cmc_id,symbol,month_end,f12,n12_f,rev12,n12_r,g_f,gw_f,g_capped_f,g_r,gw_r,g_capped_r,r_e,f_star,rev_star,pf,pf_gl,prev_gl,pf_ln,pf_gl_ln,prev_gl_ln,pf_ln_std,pf_gl_ln_std,prev_gl_ln_std
1104,REP,2021-08-31,,,,,,,,,,,0.22491580845646775,,,,,,,,,,,
1104,REP,2021-09-30,,,,,,,,,,,0.22428100861213768,,,,,,,,,,,
1104,REP,2021-10-31,,,,,,,,,,,0.2252935795356786,,,,,,,,,,,
1104,REP,2021-11-30,,,,,,,,,,,0.21032687204948947,,,,,,,,,,,
1104,REP,2021-12-31,,,,,,,,,,,0.21397239285395464,,,,,,,,,,,
1104,REP,2022-01-31,,,,,,,,,,,0.24114344233783555,,,,,,,,,,,
1104,REP,2022-02-28,,,,,,,,,,,0.2417188411160255,,,,,,,,,,,
1104,REP,2022-03-31,,,,,,,,,,,0.24220637238703868,,,,,,,,,,,
1104,REP,2022-04-30,,,,,,,,,,,0.24031018642188517,,,,,,,,,,,
1104,REP,2022-05-31,,,,,,,,,,,0.2836606279099485,,,,,,,,,,,
1104,REP,2022-06-30,,,,,,,,,,,0.2943168704808864,,,,,,,,,,,
1104,REP,2022-07-31,,,,,,,,,,,0.28955330259700063,,,,,,,,,,,
1104,REP,2022-08-31,,,,,,,,,,,0.2848069825938135,,,,,,,,,,,
1104,REP,2022-09-30,,,,,,,,,,,0.29096255248754405,,,,,,,,,,,
1104,REP,2022-10-31,,,,,,,,,,,0.2909995743606798,,,,,,,,,,,
1104,REP,2022-11-30,,,,,,,,,,,0.3063553935184182,,,,,,,,,,,
1104,REP,2022-12-31,,,,,,,,,,,0.3078555049011342,,,,,,,,,,,
1104,REP,2023-01-31,,,,,,,,,,,0.2955177329661561,,,,,,,,,,,
1104,REP,2023-02-28,,,,,,,,,,,0.28786053834172665,,,,,,,,,,,
1104,REP,2023-03-31,,,,,,,,,,,0.2870127797219029,,,,,,,,,,,
1104,REP,2023-04-30,,,,,,,,,,,0.2989936526385624,,,,,,,,,,,
1104,REP,2023-05-31,,,,,,,,,,,0.2993807780915491,,,,,,,,,,,
1104,REP,2023-06-30,,,,,,,,,,,0.2996609259091033,,,,,,,,,,,
1104,REP,2023-07-31,,,,,,,,,,,0.30557926888927894,,,,,,,,,,,
1104,REP,2023-08-31,,,,,,,,,,,0.3088251694443077,,,,,,,,,,,
1104,REP,2023-09-30,,,,,,,,,,,0.30443713524224125,,,,,,,,,,,
1104,REP,2023-10-31,,,,,,,,,,,0.3124114334365237,,,,,,,,,,,
1104,REP,2023-11-30,,,,,,,,,,,0.31361837658421343,,,,,,,,,,,
1104,REP,2023-12-31,,,,,,,,,,,0.35738078178380817,,,,,,,,,,,
1104,REP,2024-01-31,,,,,,,,,,,0.3580935203621377,,,,,,,,,,,
1104,REP,2025-10-31,,,,,,,,,,,0.3326372271770537,,,,,,,,,,,
1552,MLN,2022-08-31,,,,,,,,,,,0.32446523028681384,,,,,,,,,,,
1552,MLN,2022-09-30,,,,,,,,,,,0.32505267886954814,,,,,,,,,,,
1552,MLN,2022-10-31,,,,,,,,,,,0.3246612779764782,,,,,,,,,,,
1552,MLN,2022-11-30,,,,,,,,,,,0.3222377244006294,,,,,,,,,,,
1552,MLN,2022-12-31,,,,,,,,,,,0.3205143768321109,,,,,,,,,,,
1552,MLN,2023-01-31,,,,,,,,,,,0.28357155466325795,,,,,,,,,,,
1552,MLN,2023-02-28,,,,,,,,,,,0.27708264230172835,,,,,,,,,,,
1552,MLN,2023-03-31,,,,,,,,,,,0.24462942230629675,,,,,,,,,,,
1552,MLN,2023-04-30,,,,,,,,,,,0.2567874309680955,,,,,,,,,,,
1552,MLN,2023-05-31,,,,,,,,,,,0.2617410296811189,,,,,,,,,,,
1552,MLN,2023-06-30,,,,,,,,,,,0.29905972504424455,,,,,,,,,,,
1552,MLN,2023-07-31,,,,,,,,,,,0.29505457610772223,,,,,,,,,,,
1552,MLN,2023-08-31,,,,,,,,,,,0.30971574665983,,,,,,,,,,,
1552,MLN,2023-09-30,,,,,,,,,,,0.29725122139321997,,,,,,,,,,,
1552,MLN,2023-10-31,,,,,,,,,,,0.3122912892702876,,,,,,,,,,,
1552,MLN,2023-11-30,,,,,,,,,,,0.3115953138024019,,,,,,,,,,,
1552,MLN,2023-12-31,,,,,,,,,,,0.3734221399210281,,,,,,,,,,,
1552,MLN,2024-01-31,,,,,,,,,,,0.36898229773755287,,,,,,,,,,,
1552,MLN,2024-02-29,,,,,,,,,,,0.3752458216655794,,,,,,,,,,,
1552,MLN,2024-03-31,,,,,,,,,,,0.23919546400298397,,,,,,,,,,,
1552,MLN,2024-04-30,,,,,,,,,,,0.24446032002056273,,,,,,,,,,,
1552,MLN,2024-05-31,,,,,,,,,,,0.2429132354311607,,,,,,,,,,,
1552,MLN,2024-06-30,,,,,,,,,,,0.24389490465928185,,,,,,,,,,,
1552,MLN,2024-07-31,,,,,,,,,,,0.24118705842424595,,,,,,,,,,,
1552,MLN,2024-08-31,,,,,,,,,,,0.2313459123134914,,,,,,,,,,,
1552,MLN,2024-09-30,,,,,,,,,,,0.24142626503054246,,,,,,,,,,,
1552,MLN,2024-10-31,,,,,,,,,,,0.27147398895852937,,,,,,,,,,,
1552,MLN,2024-11-30,,,,,,,,,,,0.2640766971192588,,,,,,,,,,,
1552,MLN,2024-12-31,,,,,,,,,,,0.2647951980933081,,,,,,,,,,,
1552,MLN,2025-01-31,,,,,,,,,,,0.24957077371111563,,,,,,,,,,,
1552,MLN,2025-02-28,,,,,,,,,,,0.2543937362665679,,,,,,,,,,,
1552,MLN,2025-03-31,,,,,,,,,,,0.25162863255368145,,,,,,,,,,,
1552,MLN,2025-04-30,,,,,,,,,,,0.24048719164221707,,,,,,,,,,,
1552,MLN,2025-05-31,,,,,,,,,,,0.22080387094498719,,,,,,,,,,,
1552,MLN,2025-06-30,,,,,,,,,,,0.23923542644209483,,,,,,,,,,,
1552,MLN,2025-07-31,,,,,,,,,,,0.23587362802715223,,,,,,,,,,,
1552,MLN,2025-08-31,,,,,,,,,,,0.22680734057046803,,,,,,,,,,,
1552,MLN,2025-09-30,,,,,,,,,,,0.22363968924298244,,,,,,,,,,,
1552,MLN,2025-10-31,,,,,,,,,,,0.22537125187776522,,,,,,,,,,,
1552,MLN,2025-11-30,,,,,,,,,,,0.22154173223251436,,,,,,,,,,,
1552,MLN,2025-12-31,,,,,,,,,,,0.22605806000334538,,,,,,,,,,,
1556,TIME,2023-02-28,,,,,,,,,,,0.05,,,,,,,,,,,
1556,TIME,2023-03-31,,,,,,,,,,,0.05,,,,,,,,,,,
1556,TIME,2023-04-30,,,,,,,,,,,0.05,,,,,,,,,,,
1556,TIME,2023-05-31,,,,,,,,,,,0.05,,,,,,,,,,,
1556,TIME,2023-06-30,,,,,,,,,,,0.05,,,,,,,,,,,
1556,TIME,2023-07-31,,,,,,,,,,,0.05,,,,,,,,,,,
1556,TIME,2023-08-31,,,,,,,,,,,0.05,,,,,,,,,,,
1556,TIME,2023-09-30,,,,,,,,,,,0.05,,,,,,,,,,,
1556,TIME,2023-10-31,,,,,,,,,,,0.05,,,,,,,,,,,
1556,TIME,2023-11-30,,,,,,,,,,,0.05,,,,,,,,,,,
1556,TIME,2023-12-31,,,,,,,,,,,0.05,,,,,,,,,,,
1556,TIME,2024-01-31,,,,,,,,,,,0.05,,,,,,,,,,,
1556,TIME,2024-02-29,,,,,,,,,,,0.05,,,,,,,,,,,
1556,TIME,2024-03-31,,,,,,,,,,,0.05,,,,,,,,,,,
1556,TIME,2024-04-30,,,,,,,,,,,0.05,,,,,,,,,,,
1556,TIME,2024-05-31,,,,,,,,,,,0.09220922935731225,,,,,,,,,,,
1556,TIME,2024-06-30,,,,,,,,,,,0.09873552114443965,,,,,,,,,,,
1556,TIME,2024-07-31,,,,,,,,,,,0.11151645934900906,,,,,,,,,,,
1556,TIME,2024-08-31,,,,,,,,,,,0.11637430972523477,,,,,,,,,,,
1727,BNT,2022-04-30,39062102.0,12.0,,,,,False,,,,0.3411662107946189,,,13.648067620279932,,,2.6135979453296585,,,0.34328951083105114,,
1727,BNT,2022-05-31,30425185.0,12.0,,,0.1620567572950844,1.0,False,,,,0.39290178454930885,57998729.78343405,,11.127317710209576,5.837208869074262,,2.4094031398558777,1.764252749215881,,0.42343069056798344,1.3469717826626935,
1727,BNT,2022-06-30,28370891.0,12.0,,,-0.049339983879832294,1.0,False,,,,0.4256422778641572,25017061.21810518,,4.0077187101573974,4.54500029772674,,1.3882221792232274,1.5140277931358734,,0.2946948651677201,1.065737231867508,
1727,BNT,2022-07-31,26621537.0,12.0,,,-0.1707804576759726,1.0,False,,,,0.41765442095998884,16228280.144718755,,4.494545310967549,7.373036651270648,,1.5028645084061418,1.9978296500070458,,-0.2558976536211694,0.9624300671764999,
1727,BNT,2022-08-31,23363575.0,12.0,,,-0.34513047694142673,1.0,False,,,,0.415589363429801,8633687.40640373,,4.035133766294166,10.919453756678866,,1.395039452670348,2.3905459467834476,,-0.3002168105514662,1.1120985090325854,
1727,BNT,2022-09-30,21077702.0,12.0,,,-0.44921597877400243,1.0,False,,,,0.41857566436463767,5776092.028137796,,4.083240719399395,14.900270054304073,,1.406890967101996,2.7013793372371055,,-0.29814417242072505,0.6318423474960335,
1727,BNT,2022-10-31,18697826.0,12.0,,,-0.5,1.0,True,,,,0.4211812136931793,4406061.364370304,,5.031156607846563,21.350517628505518,,1.6156498995968627,3.061075984275603,,-0.24959544010043397,0.5829758335311044,
1727,BNT,2022-11-30,15732589.0,12.0,,,-0.5,1.0,True,,,,0.4239445121637927,3718275.351206731,,4.902625791702929,20.743755993388078,,1.589770937444128,3.0322452854111113,,-0.2505726676696493,0.4984424777247813,
1727,BNT,2022-12-31,13107540.0,12.0,,,-0.5,1.0,True,,,,0.42427611142084615,3098958.5647702813,,4.4186529832860595,18.689398232994655,,1.4858348947297353,2.9279564236775744,,-0.304152867947881,0.45798612960239266,
1727,BNT,2023-01-31,10117738.0,12.0,,,-0.5,1.0,True,,,,0.42397672502655387,2391330.870179051,,6.67425045500144,28.238801368808144,,1.8982569065956114,3.3406969672769464,,-0.4330985214999757,0.3596776720133646,
1727,BNT,2023-02-28,8648340.0,12.0,,,-0.5,1.0,True,,,,0.42726877425963355,2051182.8377072895,,8.447160868022944,35.61550822208205,,2.133830392961193,3.572781167217091,,-0.38648398326423145,0.33613675904463675,
1727,BNT,2023-03-31,7195261.0,12.0,,,-0.5,1.0,True,,,,0.41936904092373317,1692233.8560239773,,12.373493332041443,52.61123555049378,,2.5155565500963597,3.9629297005552133,,-0.034998213980131365,0.4367049459834923,
1727,BNT,2023-04-30,5669422.0,12.0,,,-0.5,1.0,True,,,,0.43655240047233945,1357739.0929810766,,13.210976721871814,55.16420824564992,,2.5810480538684604,4.010314341633062,,-0.03322912236071358,0.5505958511393277,
1727,BNT,2023-05-31,4009022.0,12.0,,,-0.5,2.0,True,,,,0.4241320068042592,947690.3195102306,,16.109349408109363,68.14751069333913,,2.77939981202266,4.221674630598517,,0.07167494717501226,0.6804744538032426,
1727,BNT,2023-06-30,2459186.0,12.0,,,-0.5,2.0,True,,,,0.4348192667908735,587883.4020446165,,23.670312484898727,99.01572467608199,,3.1642216251666224,4.595278672633568,,0.35701867896686434,0.7366950409037983,
1727,BNT,2023-07-31,2000126.0,12.0,,,-0.5,2.0,True,,,,0.422504988861591,471989.156688327,,28.051528000722016,118.87262598920574,,3.334043104664079,4.778052550018026,,0.39117600554557885,0.866804360325474,
1727,BNT,2023-08-31,2313127.0,12.0,,,-0.5,2.0,True,,,,0.4138844541604054,540791.7992021209,,26.16686951005116,111.92346566363896,,3.264494088066684,4.7178152954213965,,0.4632726477096546,0.8668991665992948,
1727,BNT,2023-09-30,2096015.0,12.0,,,-0.5,2.0,True,,,,0.408634947438272,487212.3545954558,,28.376868777747124,122.07888829209993,,3.3455743336416006,4.804667461106249,,0.476633768616333,0.8447586830561769,
1727,BNT,2023-10-31,2434235.0,12.0,,,-0.5,2.0,True,,,,0.44241675402583197,586471.0055937609,,31.155391613711203,129.31507948635937,,3.438987315768291,4.862251903002194,,0.5332379369196402,0.9003447150773013,
1727,BNT,2023-11-30,2836684.0,12.0,,,-0.5,2.0,True,,,,0.4325631165386477,676539.6530433834,,36.375678570953276,152.52070581108887,,3.593900380189224,5.027300362641184,,0.5439538645267347,0.827617728234912,
1727,BNT,2023-12-31,2861816.0,12.0,,,-0.5,2.0,True,,,,0.4682032008270656,707203.6850826043,,34.6421925176034,140.1853283759088,,3.545072376079318,4.94296532130647,,0.44081699863168594,0.8746070399500171,
1727,BNT,2024-01-31,2827982.0,12.0,,,-0.5,2.0,True,,,,0.4602224246782301,693496.5124496556,,32.53040898010928,132.654468186768,,3.4821753128043,4.887747764047876,,0.5520548247841245,0.8965460420225503,
1727,BNT,2024-02-29,2772371.0,12.0,,,-0.5,2.0,True,,,,0.3427503582427047,595135.956215685,,40.84285557921261,190.26164892641884,,3.7097319119885457,5.248400224441159,,0.520600493638507,0.8021947017238639,
1727,BNT,2024-03-31,2743324.0,12.0,,,-0.5,2.0,True,,,,0.32144055355193146,572144.0995845677,,44.3751907993348,212.77074431561243,,3.7926805474896557,5.36021526829642,,0.9180361473454739,0.9709377186641531,
1727,BNT,2024-04-30,2812928.0,12.0,,,-0.5,2.0,True,,,,0.3251307744032355,589671.1007111233,,30.449642029501057,145.254957469454,,3.416074238076986,4.978490525748236,,0.7172016750997318,0.9169681675738641,
1727,BNT,2024-05-31,2799511.0,12.0,,,-0.5,3.0,True,,,,0.33626688437280505,595811.2506536136,,38.690470874044756,181.79314118060952,,3.6555933390711552,5.202869453752311,,0.835756079901151,1.0119533116922221,
1727,BNT,2024-06-30,2781877.0,12.0,,,-0.5,3.0,True,,,,0.33448805674576754,590646.1074164112,,28.58831650825138,134.64776820573542,,3.3529981206638504,4.902662244339223,,0.6039380984821825,1.0610897001356359,
1727,BNT,2024-07-31,2762812.0,12.0,,,-0.5,3.0,True,,,,0.33763600671537697,589077.8765499908,,25.936132083407493,121.64207790876395,,3.2556370576472053,4.801082945109528,,0.6125655202846866,1.006346709546673,
1727,BNT,2024-08-31,2174262.0,12.0,,,-0.5,3.0,True,,,,0.3341467896970134,461425.6818272764,,27.617877414687392,130.1368860649823,,3.3184632954512154,4.86858686620244,,0.7622337936377711,1.007179601449485,
1727,BNT,2024-09-30,2103552.0,12.0,,,-0.5,3.0,True,,,,0.33281510529787767,445618.0359373888,,30.320708764070872,143.12972639877697,,3.4118309366246633,4.963751396636812,,0.6491864446716687,0.9140441342206973,
1727,BNT,2024-10-31,1601737.0,12.0,,,-0.5,3.0,True,,,,0.34320549775463055,344045.62925247813,,38.41865281096288,178.86167550268337,,3.648543091940694,5.186612744551019,,0.8224127765596195,0.9427149076065433,
1727,BNT,2024-11-30,959456.0,12.0,,,-0.5,3.0,True,,,,0.3721690428300912,213777.9704527229,,100.067694168752,449.1133926150117,,4.605846898653938,6.107275400657765,,0.9130166095519622,0.989574261068611,
1727,BNT,2024-12-31,948784.0,12.0,,,-0.5,3.0,True,,,,0.37633822427760966,212469.71787299673,,82.55428878727362,368.6463610760942,,4.413456122829711,5.909837813441856,,0.8679658696421233,0.947444944080663,
1727,BNT,2025-01-31,954415.0,12.0,,,-0.5,3.0,True,,,,0.37630640283595784,213722.53020015184,,82.93384888468559,370.3554759020954,,4.418043288632805,5.914463290098864,,1.231823301642328,1.0381223721232373,
1727,BNT,2025-02-28,956858.0,12.0,,,-0.5,3.0,True,,,,0.38443407410421404,216354.23141657683,,54.95933547411343,243.06564044885127,,4.006593556758635,5.493331532167192,,0.8253046912001909,1.0658246872333852,
1727,BNT,2025-03-31,890642.0,12.0,,,-0.5,3.0,True,,,,0.3837039367145514,201208.80576441967,,53.537247179343005,236.98028881565108,,3.9803776206206125,5.467976968122137,,0.8658272836282955,1.0351114312987326,
1727,BNT,2025-04-30,744457.0,12.0,,,-0.5,3.0,True,,,,0.38351914166447193,168146.8113987319,,70.9496018229627,314.12387356585754,,4.261969791510849,5.749787409914971,,0.9740644287700321,1.049141712667472,
1727,BNT,2025-05-31,791723.0,12.0,,,-0.5,3.0,True,,,,0.38391708545876857,178906.59708069742,,92.6933815971547,410.1999778417451,,4.5292970740915495,6.016644791620105,,0.8961541579637389,1.0810671273482102,
1727,BNT,2025-06-30,807643.0,12.0,,,-0.5,3.0,True,,,,0.35645803673486637,176472.7331129036,,84.85831481023389,388.3615487749845,,4.440982981106974,5.9619367324819015,,0.8356016131232349,1.0010703058885804,
1727,BNT,2025-07-31,836938.0,12.0,,,-0.5,3.0,True,,,,0.35815521352532964,183267.13251723492,,99.65763721947856,455.11304964272364,,4.601740684158388,6.120545848842928,,0.7784658035430884,0.9868745583271633,
1727,BNT,2025-08-31,903926.0,12.0,,,-0.5,3.0,True,,,,0.35098676829959774,196134.53078681842,,94.62504793110938,436.098838552525,,4.549922218294968,6.077868911585658,,0.7293378319456163,0.9604643613843105,
1727,BNT,2025-09-30,929405.0,12.0,,,-0.5,3.0,True,,,,0.35125122620266647,201731.63258577156,,81.88007698637614,377.232623243492,,4.405255701026845,5.932862034939618,,0.6816791804479132,0.9577873453870895,
1727,BNT,2025-10-31,1034818.0,12.0,,,-0.5,3.0,True,,,,0.3535306529223556,225269.67101103696,,64.19508042931652,294.89200406587247,,4.161926578932931,5.686609201400985,,0.7115841461535981,1.0591462765586168,
1727,BNT,2025-11-30,1024842.0,12.0,,,-0.5,3.0,True,,,,0.3496114452651086,221976.85301297248,,55.02602978425778,254.04894992750738,,4.0078063420808,5.537526964701175,,0.7617926910549574,1.0580996027493428,
1727,BNT,2025-12-31,947556.0,12.0,,,-0.5,3.0,True,,,,0.35298455280574975,206129.492653573,,49.19495731035259,226.14414060345504,,3.8957911245534045,5.421172586251277,,0.794121262267923,1.0043710248691644,
1727,BNT,2026-01-31,849180.0,12.0,,,-0.5,3.0,True,,,,0.38409288678784353,191930.03314886274,,43.44418796877899,192.21554299797367,,3.771477079099779,5.258617362142514,,0.6872574988574,0.9524252102627284,
1727,BNT,2026-02-28,776783.0,12.0,,,-0.5,3.0,True,,,,0.38193132639691674,175118.6264495629,,40.5377295156266,179.8153616480446,,3.7022331334275003,5.191930555807554,,0.6464871230170826,0.9565246495958482,
1727,BNT,2026-03-31,708686.0,12.0,,1.0,-0.5,3.0,True,,,False,0.38095941948719764,159582.4369173623,,43.93722605107569,195.1198238522757,,3.782761934583041,5.273613851141143,,0.655992802311242,0.934821615076153,
1727,BNT,2026-04-30,681029.0,12.0,,2.0,-0.5,3.0,True,,,False,0.3795445862681645,153096.29158026562,,48.56888106838301,216.05236915734326,,3.8829830185873035,5.375520828100476,,0.5835315100895376,0.968407590353412,
1727,BNT,2026-05-31,615557.0,12.0,,3.0,-0.4645199709259621,3.0,False,,,False,0.3741873570757843,153494.23783335072,,57.41028460211671,230.23211201708543,,4.050223461528636,5.439087982723673,,0.6066273125771483,0.8785533819464215,
1732,NMR,2022-08-31,,,,,,,,,,,0.05834237933250202,,,,,,,,,,,
1732,NMR,2022-09-30,,,,,,,,,,,0.05591390871956746,,,,,,,,,,,
1732,NMR,2022-10-31,,,,,,,,,,,0.05193419395812697,,,,,,,,,,,
1732,NMR,2022-11-30,,,,,,,,,,,0.060245815048467696,,,,,,,,,,,
1732,NMR,2022-12-31,,,,,,,,,,,0.0593635265176597,,,,,,,,,,,
1732,NMR,2023-01-31,,,,,,,,,,,0.07821997108820689,,,,,,,,,,,
1732,NMR,2023-02-28,,,,,,,,,,,0.0837063156092206,,,,,,,,,,,
1732,NMR,2023-03-31,,,,,,,,,,,0.12497362252295094,,,,,,,,,,,
1732,NMR,2023-04-30,,,,,,,,,,,0.11805155279474758,,,,,,,,,,,
1732,NMR,2023-05-31,,,,,,,,,,,0.12099581834588952,,,,,,,,,,,
1732,NMR,2023-06-30,,,,,,,,,,,0.1180732777490694,,,,,,,,,,,
1732,NMR,2023-07-31,,,,,,,,,,,0.12430167032695466,,,,,,,,,,,
1732,NMR,2023-08-31,,,,,,,,,,,0.13391151539337337,,,,,,,,,,,
1732,NMR,2023-09-30,,,,,,,,,,,0.12429643709886154,,,,,,,,,,,
1732,NMR,2023-10-31,,,,,,,,,,,0.1393503585659187,,,,,,,,,,,
1732,NMR,2023-11-30,,,,,,,,,,,0.11566364774508625,,,,,,,,,,,
1732,NMR,2023-12-31,,,,,,,,,,,0.1704190806232879,,,,,,,,,,,
1732,NMR,2024-01-31,,,,,,,,,,,0.16688598953759026,,,,,,,,,,,
1732,NMR,2024-02-29,,,,,,,,,,,0.1758642854474884,,,,,,,,,,,
1732,NMR,2024-03-31,,,,,,,,,,,0.16655109310436728,,,,,,,,,,,
1732,NMR,2024-04-30,,,,,,,,,,,0.18296282913792727,,,,,,,,,,,
1732,NMR,2024-05-31,,,,,,,,,,,0.1789159084434585,,,,,,,,,,,
1732,NMR,2024-06-30,,,,,,,,,,,0.1814407226301347,,,,,,,,,,,
1732,NMR,2024-07-31,,,,,,,,,,,0.18192774554674157,,,,,,,,,,,
1732,NMR,2024-08-31,,,,,,,,,,,0.1757295010460177,,,,,,,,,,,
1732,NMR,2024-09-30,,,,,,,,,,,0.17569477418330814,,,,,,,,,,,
1732,NMR,2024-10-31,,,,,,,,,,,0.1864630393183248,,,,,,,,,,,
1732,NMR,2024-11-30,,,,,,,,,,,0.2235636935170174,,,,,,,,,,,
1732,NMR,2024-12-31,,,,,,,,,,,0.22297661872703073,,,,,,,,,,,
1732,NMR,2025-01-31,,,,,,,,,,,0.2136752458010367,,,,,,,,,,,
1732,NMR,2025-02-28,,,,,,,,,,,0.2159281812811017,,,,,,,,,,,
1732,NMR,2025-03-31,,,,,,,,,,,0.21883889314425076,,,,,,,,,,,
1732,NMR,2025-04-30,,,,,,,,,,,0.21288527844557548,,,,,,,,,,,
1732,NMR,2025-05-31,,,,,,,,,,,0.18729184611514693,,,,,,,,,,,
1732,NMR,2025-06-30,,,,,,,,,,,0.37375654531641417,,,,,,,,,,,
1732,NMR,2025-07-31,,,,,,,,,,,0.38774889312994504,,,,,,,,,,,
1732,NMR,2025-08-31,,,,,,,,,,,0.3495306658396315,,,,,,,,,,,
1732,NMR,2025-09-30,,,,,,,,,,,0.34641081680153163,,,,,,,,,,,
1732,NMR,2025-10-31,,,,,,,,,,,0.35431160863490674,,,,,,,,,,,
1732,NMR,2025-11-30,,,,,,,,,,,0.33898024471015187,,,,,,,,,,,
1732,NMR,2025-12-31,,,,,,,,,,,0.34622043195110525,,,,,,,,,,,
1732,NMR,2026-01-31,,,,,,,,,,,0.34295875118099445,,,,,,,,,,,
1732,NMR,2026-02-28,,,,,,,,,,,0.348174265206006,,,,,,,,,,,
1732,NMR,2026-03-31,,,,,,,,,,,0.3738103476879177,,,,,,,,,,,
1732,NMR,2026-04-30,,,,,,,,,,,0.38222272617234604,,,,,,,,,,,
1732,NMR,2026-05-31,,,,,,,,,,,0.3797984921687604,,,,,,,,,,,
1934,LRC,2022-01-31,,,,,,,,,,,0.1486721738248153,,,,,,,,,,,
1934,LRC,2022-02-28,,,,,,,,,,,0.14730682689277158,,,,,,,,,,,
1934,LRC,2022-03-31,,,,,,,,,,,0.14597941561355304,,,,,,,,,,,
1934,LRC,2022-04-30,,,,,,,,,,,0.18457215098766366,,,,,,,,,,,
1934,LRC,2022-05-31,,,,,,,,,,,0.22382505951150228,,,,,,,,,,,
1934,LRC,2022-06-30,,,,,,,,,,,0.2640573805776852,,,,,,,,,,,
1934,LRC,2022-07-31,,,,,,,,,,,0.2529898464370119,,,,,,,,,,,
1934,LRC,2022-08-31,,,,,,,,,,,0.2550921359725444,,,,,,,,,,,
1934,LRC,2022-09-30,,,,,,,,,,,0.25567548415422864,,,,,,,,,,,
1934,LRC,2022-10-31,,,,,,,,,,,0.25751973329268657,,,,,,,,,,,
1934,LRC,2022-11-30,,,,,,,,,,,0.2559067309336048,,,,,,,,,,,
1934,LRC,2022-12-31,,,,,,,,,,,0.25484685717045663,,,,,,,,,,,
1934,LRC,2023-01-31,,,,,,,,,,,0.2822477467724189,,,,,,,,,,,
1934,LRC,2023-02-28,,,,,,,,,,,0.2910833272696141,,,,,,,,,,,
1934,LRC,2023-03-31,,,,,,,,,,,0.26512335504139184,,,,,,,,,,,
1934,LRC,2023-04-30,,,,,,,,,,,0.2744600826276677,,,,,,,,,,,
1934,LRC,2023-05-31,,,,,,,,,,,0.27925717955261603,,,,,,,,,,,
1934,LRC,2023-06-30,,,,,,,,,,,0.28172730369391086,,,,,,,,,,,
1934,LRC,2023-07-31,,,,,,,,,,,0.2817454541131742,,,,,,,,,,,
1934,LRC,2023-08-31,,,,,,,,,,,0.2898092431463316,,,,,,,,,,,
1934,LRC,2023-09-30,,,,,,,,,,,0.28842328055751265,,,,,,,,,,,
1934,LRC,2023-10-31,,,,,,,,,,,0.30607258383445896,,,,,,,,,,,
1934,LRC,2023-11-30,,,,,,,,,,,0.3086388379234449,,,,,,,,,,,
1934,LRC,2023-12-31,,,,,,,,,,,0.3813129439680655,,,,,,,,,,,
1934,LRC,2024-01-31,,,,,,,,,,,0.33541110599370777,,,,,,,,,,,
1934,LRC,2024-02-29,,,,,,,,,,,0.34198123554680887,,,,,,,,,,,
1934,LRC,2024-03-31,,,,,,,,,,,0.3661959119951352,,,,,,,,,,,
1934,LRC,2024-04-30,,,,,,,,,,,0.37751500084966066,,,,,,,,,,,
1934,LRC,2024-05-31,,,,,,,,,,,0.37624914236208185,,,,,,,,,,,
1934,LRC,2024-06-30,,,,,,,,,,,0.378472961524323,,,,,,,,,,,
1934,LRC,2024-07-31,,,,,,,,,,,0.3918343327022932,,,,,,,,,,,
1934,LRC,2024-08-31,,,,,,,,,,,0.3640070021119013,,,,,,,,,,,
1934,LRC,2024-09-30,,,,,,,,,,,0.35569516854210925,,,,,,,,,,,
1934,LRC,2024-10-31,,,,,,,,,,,0.3149386016296885,,,,,,,,,,,
1934,LRC,2024-11-30,,,,,,,,,,,0.47119369056369836,,,,,,,,,,,
1934,LRC,2024-12-31,,,,,,,,,,,0.4783905203051877,,,,,,,,,,,
1934,LRC,2025-01-31,,,,,,,,,,,0.46119279462302193,,,,,,,,,,,
1934,LRC,2025-02-28,,,,,,,,,,,0.46472581520686035,,,,,,,,,,,
1934,LRC,2025-03-31,,,,,,,,,,,0.46387756188450857,,,,,,,,,,,
1934,LRC,2025-04-30,,,,,,,,,,,0.4538943135584471,,,,,,,,,,,
1934,LRC,2025-05-31,,,,,,,,,,,0.45663593060030877,,,,,,,,,,,
1934,LRC,2025-06-30,,,,,,,,,,,0.5025894605831616,,,,,,,,,,,
1934,LRC,2025-07-31,,,,,,,,,,,0.5072931473774922,,,,,,,,,,,
1934,LRC,2025-08-31,,,,,,,,,,,0.4952700190185161,,,,,,,,,,,
1934,LRC,2025-09-30,,,,,,,,,,,0.49467830997583323,,,,,,,,,,,
1934,LRC,2025-10-31,,,,,,,,,,,0.4969584503246682,,,,,,,,,,,
1934,LRC,2025-11-30,,,,,,,,,,,0.505984883329315,,,,,,,,,,,
1934,LRC,2025-12-31,,,,,,,,,,,0.49910887093133466,,,,,,,,,,,
1934,LRC,2026-01-31,,,,,,,,,,,0.4384419117832032,,,,,,,,,,,
1934,LRC,2026-02-28,,,,,,,,,,,0.4360427796983313,,,,,,,,,,,
1934,LRC,2026-03-31,,,,,,,,,,,0.45326547605029005,,,,,,,,,,,
1934,LRC,2026-04-30,,,,,,,,,,,0.44474372236641946,,,,,,,,,,,
1934,LRC,2026-05-31,,,,,,,,,,,0.4421584278159888,,,,,,,,,,,
2539,REN,2022-03-31,,,,,,,,,,,0.30815974606254287,,,,,,,,,,,
2539,REN,2022-04-30,,,,,,,,,,,0.3409686387799667,,,,,,,,,,,
2539,REN,2022-05-31,,,,,,,,,,,0.3518826392462547,,,,,,,,,,,
2539,REN,2022-06-30,,,,,,,,,,,0.3307879168193292,,,,,,,,,,,
2539,REN,2022-07-31,,,,,,,,,,,0.33909325699916215,,,,,,,,,,,
2539,REN,2022-08-31,,,,,,,,,,,0.33600446038146886,,,,,,,,,,,
2539,REN,2022-09-30,,,,,,,,,,,0.3265178815961067,,,,,,,,,,,
2539,REN,2022-10-31,,,,,,,,,,,0.3256860640455628,,,,,,,,,,,
2539,REN,2022-11-30,,,,,,,,,,,0.32650216506688656,,,,,,,,,,,
2539,REN,2022-12-31,,,,,,,,,,,0.3284550406576651,,,,,,,,,,,
2539,REN,2023-01-31,,,,,,,,,,,0.31911166610629776,,,,,,,,,,,
2539,REN,2023-02-28,,,,,,,,,,,0.32065016927863227,,,,,,,,,,,
2539,REN,2023-03-31,,,,,,,,,,,0.3161848991547996,,,,,,,,,,,
2539,REN,2023-04-30,,,,,,,,,,,0.3138589781510615,,,,,,,,,,,
2539,REN,2023-05-31,,,,,,,,,,,0.31674635437148774,,,,,,,,,,,
2539,REN,2023-06-30,,,,,,,,,,,0.32355053156435126,,,,,,,,,,,
2539,REN,2023-07-31,,,,,,,,,,,0.32968454033208017,,,,,,,,,,,
2539,REN,2023-08-31,,,,,,,,,,,0.338859939362357,,,,,,,,,,,
2539,REN,2023-09-30,,,,,,,,,,,0.32879305097127326,,,,,,,,,,,
2539,REN,2023-10-31,,,,,,,,,,,0.3203399045071812,,,,,,,,,,,
2539,REN,2023-11-30,,,,,,,,,,,0.33518824498656047,,,,,,,,,,,
2539,REN,2023-12-31,,,,,,,,,,,0.38892363643513866,,,,,,,,,,,
2539,REN,2024-01-31,,,,,,,,,,,0.36643528033952766,,,,,,,,,,,
2539,REN,2024-02-29,,,,,,,,,,,0.3523431677435058,,,,,,,,,,,
2539,REN,2024-03-31,,,,,,,,,,,0.3754380740526245,,,,,,,,,,,
2539,REN,2024-04-30,,,,,,,,,,,0.3848747667993079,,,,,,,,,,,
2539,REN,2024-05-31,,,,,,,,,,,0.3901104190091459,,,,,,,,,,,
2539,REN,2024-06-30,,,,,,,,,,,0.38891817972297427,,,,,,,,,,,
2539,REN,2024-07-31,,,,,,,,,,,0.3879701870806662,,,,,,,,,,,
2539,REN,2024-08-31,,,,,,,,,,,0.36635715395340784,,,,,,,,,,,
2539,REN,2024-09-30,,,,,,,,,,,0.375375863045814,,,,,,,,,,,
2586,SNX,2021-01-31,,,,,,,,,,,0.13323861739895548,,,,,,,,,,,
2586,SNX,2021-02-28,,,,,,,,,,,0.1028354116034558,,,,,,,,,,,
2586,SNX,2021-03-31,,,,,,,,,,,0.07592162475033412,,,,,,,,,,,
2586,SNX,2021-04-30,,,,,,,,,,,0.08635559455543303,,,,,,,,,,,
2586,SNX,2021-05-31,,,,,,,,,,,0.14450565321829528,,,,,,,,,,,
2586,SNX,2021-06-30,,,,,,,,,,,0.1693194872593401,,,,,,,,,,,
2586,SNX,2021-07-31,,,,,,,,,,,0.17181702112975947,,,,,,,,,,,
2586,SNX,2021-08-31,,,,,,,,,,,0.17011153428983058,,,,,,,,,,,
2586,SNX,2021-09-30,,,,,,,,,,,0.1834435401401451,,,,,,,,,,,
2586,SNX,2021-10-31,,,,,,,,,,,0.1596957901172312,,,,,,,,,,,
2586,SNX,2021-11-30,,1.0,,1.0,,,False,,,False,0.1738525566811961,,,,,,,,,,,
2586,SNX,2021-12-31,,2.0,,2.0,,,False,,,False,0.19511840444075465,,,,,,,,,,,
2586,SNX,2022-01-31,,3.0,,3.0,,,False,,,False,0.1961503193932344,,,,,,,,,,,
2586,SNX,2022-02-28,,4.0,,4.0,,,False,,,False,0.19080692453788364,,,,,,,,,,,
2586,SNX,2022-03-31,,5.0,,5.0,,,False,,,False,0.18900393005750724,,,,,,,,,,,
2586,SNX,2022-04-30,705184.0,6.0,705184.0,6.0,,,False,,,False,0.20897704850573456,,,714.1839343475614,,,6.571140540294573,,,2.1655614204808806,,
2586,SNX,2022-05-31,815603.0,7.0,815603.0,7.0,,,False,,,False,0.2228470707743439,,,440.5228116373352,,,6.087962229818224,,,2.3331695699986255,,
2586,SNX,2022-06-30,10692431.0,8.0,10692431.0,8.0,,,False,,,False,0.25115509027467037,,,24.48982152286362,,,3.1982575831818494,,,2.1053626460143633,,
2586,SNX,2022-07-31,16044636.0,9.0,16044636.0,9.0,,,False,,,False,0.2565451758849111,,,25.536325617872095,,,3.2401019725125457,,,0.6504559783300314,,
2586,SNX,2022-08-31,21484838.0,10.0,21484838.0,10.0,,,False,,,False,0.2673203960441275,,,32.2589696108201,,,3.4737961320387973,,,0.7229460762985379,,
2586,SNX,2022-09-30,24220915.0,11.0,24220915.0,11.0,,,False,,,False,0.28273569372894863,,,23.39686171355604,,,3.1526018985641637,,,0.578731291921224,,
2586,SNX,2022-10-31,24632981.0,12.0,24632981.0,12.0,,,False,,,False,0.2786695455815319,,,30.953762147876404,,,3.4324945474097563,,,0.7155880890632699,,
2586,SNX,2022-11-30,24952147.0,12.0,24952147.0,12.0,,,False,,,False,0.32482259618130394,,,21.39059417676751,,,3.0629513009585065,,,0.47886729925973426,,
2586,SNX,2022-12-31,25300972.0,12.0,25300972.0,12.0,,,False,,,False,0.32570548792777665,,,14.20903546819033,,,2.6538780628306204,,,0.2871904348924659,,
2586,SNX,2023-01-31,26033678.0,12.0,26033678.0,12.0,,,False,,,False,0.35206382853129464,,,22.122680509455527,,,3.0966033496675203,,,0.23446634305684888,,
2586,SNX,2023-02-28,26457813.0,12.0,26457813.0,12.0,,,False,,,False,0.3452194675478326,,,26.546174879855535,,,3.2788856649867086,,,0.2795684528941605,,
2586,SNX,2023-03-31,31003487.0,12.0,31003487.0,12.0,,,False,,,False,0.32620754225668724,,,21.39193315190828,,,3.06301389544391,,,0.31386968186581565,,
2586,SNX,2023-04-30,34506681.0,12.0,34506681.0,12.0,2.0,1.0,True,2.0,1.0,True,0.3340681574824633,209493722964.6248,209493722964.6248,18.269625504182464,0.0030092745994529974,0.0030092745994529974,2.9052398723244655,-5.806056226125231,-5.806056226125231,0.17262212026678173,-1.8690097426213181,-2.246506182656788
2586,SNX,2023-05-31,37497181.0,12.0,37497181.0,12.0,2.0,1.0,True,2.0,1.0,True,0.33604066537296523,224582531944.9695,224582531944.9695,16.14291814933725,0.0026952849737316466,0.0026952849737316466,2.7814814488123707,-5.916251338567035,-5.916251338567035,0.07303277597894715,-1.8248359362590019,-2.3064798523264303
2586,SNX,2023-06-30,29903077.0,12.0,29903077.0,12.0,1.7966584025653285,1.0,False,1.7966584025653285,1.0,False,0.35784632389216525,78412580147.32951,78412580147.32951,20.290136363676247,0.007737757243589113,0.007737757243589113,3.0101348745483207,-4.861643395179758,-4.861643395179758,0.25311460392581436,-1.6969634493612742,-2.3929140294603233
2586,SNX,2023-07-31,27984607.0,12.0,27984607.0,12.0,0.7441721332911511,1.0,False,0.7441721332911511,1.0,False,0.3274174423613247,1101488186.7018917,1101488186.7018917,24.57017081220649,0.6242341791801339,0.6242341791801339,3.2015331385726786,-0.4712296938676669,-0.4712296938676669,0.3090779091834215,-0.585454806657467,-1.196874986734767
2586,SNX,2023-08-31,26465472.0,12.0,26465472.0,12.0,0.2318208775881856,1.0,False,0.2318208775881856,1.0,False,0.3338889410647169,76327895.14589629,76327895.14589629,19.636222673026715,6.808544901512249,6.808544901512249,2.9773759561715734,1.9181784264806627,1.9181784264806627,0.28550675907674455,0.051200029830498144,-0.5408223683656762
2586,SNX,2023-09-30,24900806.0,12.0,24900806.0,12.0,0.028070409396176776,1.0,False,0.028070409396176776,1.0,False,0.32763539803886677,29766347.947846025,29766347.947846025,22.653579818049717,18.950675347984387,18.950675347984387,3.120317888802577,2.9418395693094648,2.9418395693094648,0.33473746732060505,0.2977538176335838,-0.09665047748063615
2586,SNX,2023-10-31,27439912.0,12.0,27439912.0,12.0,0.11395011427971302,1.0,False,0.11395011427971302,1.0,False,0.34708800371012616,45648117.31011274,45648117.31011274,22.543871135766572,13.551530195698383,13.551530195698383,3.1154632390189163,2.606499470521482,2.606499470521482,0.32980666395177294,0.22104018374023243,-0.0916204614891634
2586,SNX,2023-11-30,30294380.0,12.0,30294380.0,12.0,0.2140991314294518,1.0,False,0.2140991314294518,1.0,False,0.33844051774689277,79578356.11743753,79578356.11743753,31.868562397746615,12.131921120691464,12.131921120691464,3.4616200190888535,2.495840088048807,2.495840088048807,0.4496881851210013,0.015687105158670576,-0.24721002762534147
2586,SNX,2023-12-31,33800076.0,12.0,33800076.0,12.0,0.33592005872343567,1.0,False,0.33592005872343567,1.0,False,0.3331147382975305,162121536.6612197,162121536.6612197,34.730077920950144,7.240736162444943,7.240736162444943,3.5476061103742587,1.979722881124285,1.979722881124285,0.4427024419391181,-0.11823414547572607,-0.4436629881041047
2586,SNX,2024-01-31,35859572.0,12.0,35859178.0,12.0,0.3774301118727825,1.0,False,0.37741497763012966,1.0,False,0.2983541903583291,242208999.03173253,242186880.18753806,25.941974313854374,3.8407660303650992,3.8411168062012937,3.255862286780545,1.3456718337789795,1.345763159263604,0.37550443123040506,-0.3127015325131313,-0.64249319099824
2586,SNX,2024-02-29,36881486.0,12.0,36875800.0,12.0,0.39397334163636266,1.0,False,0.3937584334729405,1.0,False,0.31653358363311446,252489793.65277064,252169381.77363503,34.53302266339403,5.044279903246987,5.050689274564462,3.541916044883043,1.618254908880039,1.619524723986119,0.39154598154686526,-0.10424967996039189,-0.27795847268785207
2586,SNX,2024-03-31,37356015.0,12.0,37271556.0,12.0,0.20489721043313613,1.0,False,0.20217303298819256,1.0,False,0.33701212546731046,94342149.5862285,92956054.84512006,40.877746214302846,16.186081273799985,16.427436634353413,3.710585812631579,2.784151692301481,2.7989529024915267,0.8372177965273001,0.29436465999398015,0.08780413013854077
2586,SNX,2024-04-30,35401853.0,12.0,35211144.0,12.0,2.0,2.0,True,2.0,2.0,True,0.34840500682962794,194937598278.37366,193887473743.08252,24.524901917669332,0.004453871291103665,0.004477994146642102,3.199689006163892,-5.413981607936823,-5.408580067943074,0.5395652626255216,-1.6295082519391064,-1.7289557627313268
2586,SNX,2024-05-31,33384651.0,12.0,33029088.0,12.0,2.0,2.0,True,2.0,2.0,True,0.3601348107121249,169986751693.15714,168176308942.3171,27.922323655063707,0.005483821656972526,0.005542855805291067,3.3294264998990224,-5.205953038421283,-5.195245422721719,0.5586386323145099,-1.5526902886910345,-1.6530299634805425
2586,SNX,2024-06-30,31918472.0,12.0,31434104.0,12.0,0.7277576244101032,2.0,False,0.7145980073498825,2.0,False,0.3566653756977414,991636677.5459045,915534824.8758407,20.43319431542397,0.6576968716420112,0.7123665019687986,3.01716075076432,-0.41901113519821453,-0.33916275005229574,0.3526656018511451,-0.45155651154432014,-0.5947606658150739
2586,SNX,2024-07-31,29465173.0,12.0,28798121.0,12.0,0.35515684549824567,2.0,False,0.3397295656610779,2.0,False,0.3467033183248118,148698923.74742427,134740224.8629052,18.353453158126595,3.6367961436638434,4.01355774047308,2.9098177398005527,1.2911031137503803,1.3896780650496265,0.3495514568674238,-0.06698701876985746,-0.241649572937246
2586,SNX,2024-08-31,26580716.0,12.0,25773475.0,12.0,0.11228811301540453,2.0,False,0.09526812096054416,2.0,False,0.3469830669227842,43918742.76161947,39686234.480211124,16.479191933035736,9.973617028589137,11.037296090661602,2.8020984900895805,2.2999433094135315,2.4012800915271835,0.3630685907525087,0.26784037134181854,0.03927457085407166
2586,SNX,2024-09-30,25856400.0,12.0,25022249.0,12.0,0.03321036921123155,2.0,False,0.016407586465464696,2.0,False,0.3474892744440348,31085871.558445092,28213067.014294196,20.023437287575522,16.65496181791355,18.35085861527061,2.9969034518356623,2.812708179113057,2.9096763644288353,0.3391424483569928,0.3063299203303625,0.1845358096703902
2586,SNX,2024-10-31,24257380.0,12.0,23368056.0,12.0,-0.00765323128592732,2.0,False,-0.026013793627063464,2.0,False,0.3790512037151919,24720705.00762742,22346185.459499404,18.724835196381584,18.373887098117038,20.326307754817048,2.9298507281032213,2.910930477175832,3.0119159955444257,0.31101320498154744,0.3057900677665546,0.22767308253561305
2586,SNX,2024-11-30,24514749.0,12.0,23503959.0,12.0,-0.008803487453595826,2.0,False,-0.029453047436480806,2.0,False,0.42578382772686757,24603941.288578913,22072175.428718872,35.13887113307677,35.011488438667016,39.02744470080183,3.559307957401639,3.55567624873486,3.6642651089186393,0.23369790176811936,0.267798001778727,0.2033673430162252
2586,SNX,2024-12-31,22074343.0,12.0,20942847.0,12.0,-0.06593889039178724,2.0,False,-0.09019303554044733,2.0,False,0.42816871373432064,18485095.26247602,16281947.652304513,29.44412904021046,35.16129046352593,39.91904516889124,3.3824945367507215,3.559945774746579,3.68685353254226,0.20467463127354038,0.3351575462191582,0.30278455641776597
2586,SNX,2025-01-31,19762870.0,12.0,18474795.0,12.0,-0.12872100824860877,2.0,False,-0.15759283978220928,2.0,False,0.4420419122097919,13744256.900653439,11818354.31811812,27.563416700174038,39.63344289464427,46.09205362596611,3.316489411617228,3.6796732793976634,3.830640562606053,0.4056489801849301,0.4992300766011639,0.49189834451434095
2586,SNX,2025-02-28,18832727.0,12.0,17349533.0,12.0,-0.15631634750476164,2.0,False,-0.19022022929528026,2.0,False,0.4617728620641451,12180374.410975669,10204407.29271382,16.40277082379901,25.361199462786278,30.272106562106735,2.797450273229929,3.233220425879018,3.410226713017432,0.04139866751285392,0.5065350052107388,0.5192782520234589
2586,SNX,2025-03-31,13959568.0,12.0,12465321.0,12.0,-0.3289873336525634,2.0,False,-0.3659164853483591,2.0,False,0.4590244692923766,5588437.063586881,4503339.342370462,18.529028962284396,46.28436123193306,57.43676416728277,2.9193386353777107,3.8348041336663123,4.0506845890180925,0.17728708187587477,0.5945696032373069,0.5633643327384877
2586,SNX,2025-04-30,12569748.0,12.0,11116107.0,12.0,1.6122097152247457,3.0,False,1.5073603631786505,3.0,False,0.4490370868800738,9852408002.085896,5931843124.636662,19.209857010415323,0.024508025011330512,0.040706245371541945,2.9554235332553818,-3.7087546635818534,-3.2013737493734364,0.1487431159214505,-1.3299455883662978,-1.1324069948034665
2586,SNX,2025-05-31,11620478.0,12.0,10257735.0,12.0,1.4242741246055641,3.0,False,1.3255421757329828,3.0,False,0.44547174436501746,4620597104.572758,2776725661.1433916,20.00737624079126,0.050317149533282056,0.08373001290595677,2.9961010175991114,-2.989409314989314,-2.480157788628023,0.054057849069533925,-1.1215309869301058,-1.1370196988140056
2586,SNX,2025-06-30,10943059.0,12.0,9632164.0,12.0,0.007752988646321901,3.0,False,-0.03421051954869159,3.0,False,0.49502816549822265,11423552.333321625,8884115.715230105,18.29164175059471,17.522265320197363,22.530831576233776,2.9064442205720225,2.8634723762478607,3.1148846634937546,-0.007047826943874029,0.2158447393477033,0.09030550582017266
2586,SNX,2025-07-31,10045291.0,12.0,8916475.0,12.0,-0.14451798346920353,3.0,False,-0.17784359885985934,3.0,False,0.47616997881966416,6749061.602208822,5461292.31293848,19.909299426813625,29.63296501591008,36.62039951142402,2.9911869304562053,3.388887424615117,3.600605448837975,-0.11217967288405163,0.2572793157429694,0.10838863693983417
2586,SNX,2025-08-31,9315791.0,12.0,8327160.0,12.0,-0.24311618633627796,3.0,False,-0.27089802386237594,3.0,False,0.46851537816233746,4751421.997356159,3936225.492980541,25.069925573283818,49.15290352156043,59.33252234729677,3.2216689434096653,3.8949359195494617,4.083157593226576,-0.003210990339276088,0.36859649972077235,0.2447609815267137
2586,SNX,2025-09-30,8870360.0,12.0,7908639.0,12.0,-0.2845429512266262,3.0,False,-0.3113946347707348,3.0,False,0.46459921162032847,4029086.411153138,3336914.66118524,41.71021679150326,91.82841986076639,110.876266307411,3.7307461057859306,4.519921834254978,4.708414861600925,0.3157488835133496,0.5717005429853299,0.39848885552427654
2586,SNX,2025-10-31,7520168.0,12.0,6613620.0,12.0,-0.3266562133478369,3.0,False,-0.35487962972474296,3.0,False,0.4627382758199762,3038315.587312403,2471177.0646644044,45.65002685138201,112.98887862750698,138.91998110363033,3.821004195241944,4.727289394643249,4.9338980918524715,0.5300476479189313,0.7863363506366241,0.64712682675433
2586,SNX,2025-11-30,4057114.0,12.0,3272032.0,12.0,-0.45419635678471626,3.0,False,-0.49195379999740685,3.0,False,0.47483604358107323,1155687.7427959212,833642.1284688478,46.00676413809957,161.509618876647,223.90265619398426,3.8287884321592465,5.08456470049683,5.411211386839318,0.6641568579706499,0.9242022448727678,0.7867977086259329
2586,SNX,2025-12-31,2572553.0,12.0,1908177.0,12.0,-0.5,3.0,True,-0.5,3.0,True,0.4776520436708807,641404.5435731545,475758.28281935916,54.74265647624508,219.56250007429475,296.0082677097708,4.002643231412846,5.391636930364422,5.690387385385913,0.852768093100955,0.9965274924133145,0.8120899261973952
2586,SNX,2026-01-31,1916083.0,12.0,1408680.0,12.0,-0.5,3.0,True,-0.5,3.0,True,0.45395362362223923,466998.63783554686,343331.49511069106,64.18316385069456,263.3418155361681,358.1968764644827,4.161740930987316,5.573452867171039,5.881082769500603,0.891390451091401,1.02867197870153,0.8947011324762276
2586,SNX,2026-02-28,1266420.0,12.0,959428.0,12.0,-0.5,3.0,True,-0.5,3.0,True,0.44489118499305175,305879.3345495557,231731.3357244919,87.51971777067303,362.35439423312533,478.29837355665535,4.471864113927532,5.892622722522259,6.170234750213514,1.05865552202122,1.1431344925877511,0.9704083309208122
2586,SNX,2026-03-31,906444.0,12.0,689278.0,12.0,-0.5,3.0,True,-0.5,3.0,True,0.47265542676235206,224944.853912389,171052.52946130556,109.1370599312839,439.78171285875436,578.340662157418,4.6926045228876685,6.086278496671249,6.360163075950859,1.1065039811879542,1.1343326887475598,0.9908304855357226
2586,SNX,2026-04-30,674805.0,12.0,523283.0,12.0,-0.5,3.0,True,-0.5,3.0,True,0.4708576277098834,167176.76585112777,129638.57642559805,153.69032914715538,620.367322170245,800.0010908764324,5.034939728247192,6.430311757720192,6.684613091262538,1.1234738466904077,1.248797090101033,1.1601734599688123
2586,SNX,2026-05-31,546280.0,12.0,468714.0,12.0,-0.5,3.0,True,-0.5,3.0,True,0.47364591266221645,135692.32781870564,116425.44801423594,185.57374552210993,747.0962237398016,870.7308190166684,5.2234523530298524,6.616193990411093,6.769332880885967,1.1403983080710833,1.1634095459582527,1.1484346616174783
2873,MET,2022-08-31,,,,,,,,,,,0.3052630294865454,,,,,,,,,,,
2873,MET,2022-09-30,,,,,,,,,,,0.3070297984977651,,,,,,,,,,,
2873,MET,2022-10-31,,,,,,,,,,,0.3067580147851948,,,,,,,,,,,
2873,MET,2022-11-30,,,,,,,,,,,0.307619073741783,,,,,,,,,,,
2873,MET,2022-12-31,,,,,,,,,,,0.30720787509231723,,,,,,,,,,,
2873,MET,2023-01-31,,,,,,,,,,,0.29618572006396116,,,,,,,,,,,
2873,MET,2023-02-28,,,,,,,,,,,0.29433486635361616,,,,,,,,,,,
2873,MET,2023-03-31,,,,,,,,,,,0.28695183173789374,,,,,,,,,,,
2873,MET,2023-04-30,,,,,,,,,,,0.2867226638943728,,,,,,,,,,,
2873,MET,2023-05-31,,,,,,,,,,,0.2850264253528706,,,,,,,,,,,
2873,MET,2023-06-30,,,,,,,,,,,0.2812573171156809,,,,,,,,,,,
3814,CELR,2023-04-30,,,,,,,,,,,0.5328530166205087,,,,,,,,,,,
3814,CELR,2023-05-31,,,,,,,,,,,0.5666981704561036,,,,,,,,,,,
3814,CELR,2023-06-30,,,,,,,,,,,0.5573524745182139,,,,,,,,,,,
3814,CELR,2023-07-31,,,,,,,,,,,0.5636402944736645,,,,,,,,,,,
3814,CELR,2023-08-31,,,,,,,,,,,0.5507674450987156,,,,,,,,,,,
3814,CELR,2023-09-30,,,,,,,,,,,0.5508449665025659,,,,,,,,,,,
3814,CELR,2023-10-31,,,,,,,,,,,0.5182260255575049,,,,,,,,,,,
3814,CELR,2023-11-30,,,,,,,,,,,0.5603469841420153,,,,,,,,,,,
3814,CELR,2023-12-31,,,,,,,,,,,0.6328624724450306,,,,,,,,,,,
3814,CELR,2024-01-31,,,,,,,,,,,0.6186485656047023,,,,,,,,,,,
3814,CELR,2024-02-29,,,,,,,,,,,0.5306329784340966,,,,,,,,,,,
3814,CELR,2024-03-31,,,,,,,,,,,0.384324144502711,,,,,,,,,,,
3814,CELR,2024-04-30,,,,,,,,,,,0.38789657004511785,,,,,,,,,,,
3814,CELR,2024-05-31,,,,,,,,,,,0.3933705725509917,,,,,,,,,,,
3814,CELR,2024-06-30,,,,,,,,,,,0.3938114291204258,,,,,,,,,,,
3814,CELR,2024-07-31,,,,,,,,,,,0.39880601954931183,,,,,,,,,,,
3814,CELR,2024-08-31,,,,,,,,,,,0.39098242412699946,,,,,,,,,,,
3814,CELR,2024-09-30,,,,,,,,,,,0.44281113084340734,,,,,,,,,,,
3814,CELR,2024-10-31,,,,,,,,,,,0.5084568410148533,,,,,,,,,,,
3814,CELR,2024-11-30,,,,,,,,,,,0.5487787069013306,,,,,,,,,,,
3814,CELR,2024-12-31,,,,,,,,,,,0.5499764344985053,,,,,,,,,,,
3814,CELR,2025-01-31,,,,,,,,,,,0.5448313614110203,,,,,,,,,,,
3814,CELR,2025-02-28,,,,,,,,,,,0.5474656276105891,,,,,,,,,,,
3814,CELR,2025-03-31,,,,,,,,,,,0.5450290518060076,,,,,,,,,,,
3814,CELR,2025-04-30,,,,,,,,,,,0.5301980117607409,,,,,,,,,,,
3814,CELR,2025-05-31,,,,,,,,,,,0.5156282511031424,,,,,,,,,,,
3814,CELR,2025-06-30,,,,,,,,,,,0.5848730757565488,,,,,,,,,,,
3814,CELR,2025-07-31,,,,,,,,,,,0.5770867133965564,,,,,,,,,,,
3814,CELR,2025-08-31,,,,,,,,,,,0.5785500183410753,,,,,,,,,,,
3814,CELR,2025-09-30,,,,,,,,,,,0.5795348939832328,,,,,,,,,,,
3814,CELR,2025-10-31,,,,,,,,,,,0.5835182755662557,,,,,,,,,,,
3814,CELR,2025-11-30,,,,,,,,,,,0.5778834233364829,,,,,,,,,,,
3814,CELR,2025-12-31,,,,,,,,,,,0.5759934720416361,,,,,,,,,,,
3814,CELR,2026-01-31,,,,,,,,,,,0.519356820053295,,,,,,,,,,,
3814,CELR,2026-03-31,,,,,,,,,,,0.5201583125289798,,,,,,,,,,,
3814,CELR,2026-04-30,,,,,,,,,,,0.5212933909803891,,,,,,,,,,,
3814,CELR,2026-05-31,,,,,,,,,,,0.519494949433378,,,,,,,,,,,
3928,IDEX,2021-07-31,,,,,,,,,,,0.3353782275879428,,,,,,,,,,,
3928,IDEX,2021-08-31,,,,,,,,,,,0.33394812671832225,,,,,,,,,,,
3928,IDEX,2021-09-30,,,,,,,,,,,0.05,,,,,,,,,,,
3928,IDEX,2021-10-31,,,,,,,,,,,0.05,,,,,,,,,,,
3928,IDEX,2021-11-30,,,,,,,,,,,0.05,,,,,,,,,,,
3928,IDEX,2021-12-31,,,,,,,,,,,0.05,,,,,,,,,,,
3928,IDEX,2022-01-31,,,,,,,,,,,0.11534339137837815,,,,,,,,,,,
3928,IDEX,2022-02-28,,,,,,,,,,,0.11713120836623026,,,,,,,,,,,
3928,IDEX,2022-03-31,,,,,,,,,,,0.12059378130735474,,,,,,,,,,,
3928,IDEX,2022-04-30,,,,,,,,,,,0.15736443322770552,,,,,,,,,,,
3928,IDEX,2022-05-31,,,,,,,,,,,0.19147367871785864,,,,,,,,,,,
3928,IDEX,2022-06-30,,,,,,,,,,,0.2054027755220492,,,,,,,,,,,
3928,IDEX,2022-07-31,,,,,,,,,,,0.2027051497360532,,,,,,,,,,,
3928,IDEX,2022-08-31,,,,,,,,,,,0.2144295994557021,,,,,,,,,,,
3928,IDEX,2022-09-30,,,,,,,,,,,0.21780216539902583,,,,,,,,,,,
3928,IDEX,2022-10-31,,,,,,,,,,,0.21661685401387726,,,,,,,,,,,
3928,IDEX,2022-11-30,,,,,,,,,,,0.22573274318955217,,,,,,,,,,,
3928,IDEX,2022-12-31,,,,,,,,,,,0.23143404892851013,,,,,,,,,,,
3928,IDEX,2023-01-31,,,,,,,,,,,0.2336892698330679,,,,,,,,,,,
3928,IDEX,2023-02-28,,,,,,,,,,,0.2332655812502784,,,,,,,,,,,
3928,IDEX,2023-03-31,,,,,,,,,,,0.22000970371776887,,,,,,,,,,,
3928,IDEX,2023-04-30,,,,,,,,,,,0.21741382934297393,,,,,,,,,,,
3928,IDEX,2023-05-31,,,,,,,,,,,0.22333933545431495,,,,,,,,,,,
3928,IDEX,2023-06-30,,,,,,,,,,,0.21630674959596438,,,,,,,,,,,
3928,IDEX,2023-07-31,,,,,,,,,,,0.22015370864861267,,,,,,,,,,,
3928,IDEX,2023-08-31,,,,,,,,,,,0.233718955313493,,,,,,,,,,,
3928,IDEX,2023-09-30,,,,,,,,,,,0.2341886062966362,,,,,,,,,,,
3928,IDEX,2023-10-31,,,,,,,,,,,0.21105808993418035,,,,,,,,,,,
3928,IDEX,2023-11-30,,,,,,,,,,,0.2386125984063569,,,,,,,,,,,
3928,IDEX,2023-12-31,,,,,,,,,,,0.30607568187619927,,,,,,,,,,,
3928,IDEX,2024-01-31,,,,,,,,,,,0.2976610422776646,,,,,,,,,,,
3928,IDEX,2024-02-29,,,,,,,,,,,0.3282962176780367,,,,,,,,,,,
3928,IDEX,2024-03-31,,,,,,,,,,,0.2334860633382667,,,,,,,,,,,
3928,IDEX,2024-04-30,,,,,,,,,,,0.24700685144340215,,,,,,,,,,,
3928,IDEX,2024-05-31,,,,,,,,,,,0.2031191713235013,,,,,,,,,,,
3928,IDEX,2024-06-30,,,,,,,,,,,0.20171285598217908,,,,,,,,,,,
3928,IDEX,2024-07-31,,,,,,,,,,,0.20041750569168665,,,,,,,,,,,
3928,IDEX,2024-08-31,,,,,,,,,,,0.1916414484885901,,,,,,,,,,,
3928,IDEX,2024-09-30,,,,,,,,,,,0.2697253814578562,,,,,,,,,,,
3928,IDEX,2024-10-31,,,,,,,,,,,0.32370763550470244,,,,,,,,,,,
3928,IDEX,2024-11-30,,,,,,,,,,,0.3558906014785773,,,,,,,,,,,
3928,IDEX,2024-12-31,,,,,,,,,,,0.34021686169325066,,,,,,,,,,,
3928,IDEX,2025-01-31,,,,,,,,,,,0.3117509756204489,,,,,,,,,,,
3928,IDEX,2025-02-28,,,,,,,,,,,0.3071543849424192,,,,,,,,,,,
3928,IDEX,2025-03-31,,,,,,,,,,,0.30999000708399566,,,,,,,,,,,
3928,IDEX,2025-04-30,,,,,,,,,,,0.303501235721561,,,,,,,,,,,
3928,IDEX,2025-05-31,,,,,,,,,,,0.28987699770110553,,,,,,,,,,,
3928,IDEX,2025-06-30,,,,,,,,,,,0.3282040703111518,,,,,,,,,,,
3928,IDEX,2025-07-31,,,,,,,,,,,0.3265573872594364,,,,,,,,,,,
3928,IDEX,2025-08-31,,,,,,,,,,,0.3072530818490504,,,,,,,,,,,
3928,IDEX,2025-09-30,,,,,,,,,,,0.30783801637587627,,,,,,,,,,,
3928,IDEX,2025-10-31,,,,,,,,,,,0.31322972930589493,,,,,,,,,,,
3930,TT,2024-09-30,,,,,,,,,,,0.2794435403781707,,,,,,,,,,,
3930,TT,2024-10-31,,,,,,,,,,,0.25697484517898933,,,,,,,,,,,
3930,TT,2024-11-30,,,,,,,,,,,0.2946501363295382,,,,,,,,,,,
3930,TT,2024-12-31,,,,,,,,,,,0.28369748703987535,,,,,,,,,,,
3930,TT,2025-01-31,,,,,,,,,,,0.2811937822301947,,,,,,,,,,,
3930,TT,2025-02-28,,,,,,,,,,,0.2840731854860365,,,,,,,,,,,
3930,TT,2025-03-31,,,,,,,,,,,0.28315953540353406,,,,,,,,,,,
3930,TT,2025-04-30,,,,,,,,,,,0.2881029275843536,,,,,,,,,,,
3930,TT,2025-05-31,,,,,,,,,,,0.27855007511976865,,,,,,,,,,,
3930,TT,2025-06-30,,,,,,,,,,,0.2983979059000383,,,,,,,,,,,
3930,TT,2025-07-31,,,,,,,,,,,0.2961949623799033,,,,,,,,,,,
3930,TT,2025-08-31,,,,,,,,,,,0.3083807478017693,,,,,,,,,,,
3930,TT,2025-09-30,,,,,,,,,,,0.3056113693085107,,,,,,,,,,,
3930,TT,2025-10-31,,,,,,,,,,,0.3116883188646562,,,,,,,,,,,
3930,TT,2025-11-30,,,,,,,,,,,0.31089543758705096,,,,,,,,,,,
3930,TT,2025-12-31,,,,,,,,,,,0.30885966364997625,,,,,,,,,,,
3930,TT,2026-01-31,,,,,,,,,,,0.3062211647474261,,,,,,,,,,,
3930,TT,2026-02-28,,,,,,,,,,,0.30595582191798976,,,,,,,,,,,
3930,TT,2026-03-31,,,,,,,,,,,0.3299918059327654,,,,,,,,,,,
4090,WXT,2023-07-31,,,,,,,,,,,0.1474525201340033,,,,,,,,,,,
4090,WXT,2023-08-31,,,,,,,,,,,0.14624000647230243,,,,,,,,,,,
4090,WXT,2023-09-30,,,,,,,,,,,0.14655627431750914,,,,,,,,,,,
4090,WXT,2023-10-31,,,,,,,,,,,0.14394407199382414,,,,,,,,,,,
4090,WXT,2023-11-30,,,,,,,,,,,0.14938184929203654,,,,,,,,,,,
4090,WXT,2023-12-31,,,,,,,,,,,0.1705641961256189,,,,,,,,,,,
4090,WXT,2024-01-31,,,,,,,,,,,0.1770181589698717,,,,,,,,,,,
4090,WXT,2024-02-29,,,,,,,,,,,0.1442875019709277,,,,,,,,,,,
4090,WXT,2024-03-31,,,,,,,,,,,0.16292282596727478,,,,,,,,,,,
4090,WXT,2024-04-30,,,,,,,,,,,0.17293033569279817,,,,,,,,,,,
4090,WXT,2024-05-31,,,,,,,,,,,0.12449599780935411,,,,,,,,,,,
4090,WXT,2024-06-30,,,,,,,,,,,0.11123950559739279,,,,,,,,,,,
4090,WXT,2024-07-31,,,,,,,,,,,0.11513064246345389,,,,,,,,,,,
4090,WXT,2024-08-31,,,,,,,,,,,0.0797681905373813,,,,,,,,,,,
4090,WXT,2024-09-30,,,,,,,,,,,0.06685851192011728,,,,,,,,,,,
4090,WXT,2024-10-31,,,,,,,,,,,0.05,,,,,,,,,,,
4090,WXT,2024-11-30,,,,,,,,,,,0.05,,,,,,,,,,,
4090,WXT,2024-12-31,,,,,,,,,,,0.05,,,,,,,,,,,
4090,WXT,2025-01-31,,,,,,,,,,,0.05,,,,,,,,,,,
4090,WXT,2025-02-28,,,,,,,,,,,0.05,,,,,,,,,,,
4090,WXT,2025-03-31,,,,,,,,,,,0.05,,,,,,,,,,,
4090,WXT,2025-04-30,,,,,,,,,,,0.0577001585170246,,,,,,,,,,,
4090,WXT,2025-05-31,,,,,,,,,,,0.08288307574983142,,,,,,,,,,,
4090,WXT,2025-06-30,,,,,,,,,,,0.07891165080900808,,,,,,,,,,,
4090,WXT,2025-07-31,,,,,,,,,,,0.09351002664716399,,,,,,,,,,,
4090,WXT,2025-08-31,,,,,,,,,,,0.08300375237951887,,,,,,,,,,,
4090,WXT,2025-09-30,,,,,,,,,,,0.07655523394834537,,,,,,,,,,,
4090,WXT,2025-10-31,,,,,,,,,,,0.07947734045232935,,,,,,,,,,,
4090,WXT,2025-11-30,,,,,,,,,,,0.06380945165211409,,,,,,,,,,,
4090,WXT,2025-12-31,,,,,,,,,,,0.05873512872529813,,,,,,,,,,,
4090,WXT,2026-01-31,,,,,,,,,,,0.06596191922086388,,,,,,,,,,,
4090,WXT,2026-02-28,,,,,,,,,,,0.06782368738224223,,,,,,,,,,,
4090,WXT,2026-03-31,,,,,,,,,,,0.08723737314059905,,,,,,,,,,,
4090,WXT,2026-04-30,,,,,,,,,,,0.09323759870091271,,,,,,,,,,,
4090,WXT,2026-05-31,,,,,,,,,,,0.09662668552255624,,,,,,,,,,,
4279,SXP,2022-08-31,,,,,,,,,,,0.4459110329720462,,,,,,,,,,,
4279,SXP,2022-09-30,,,,,,,,,,,0.44585256437141063,,,,,,,,,,,
4279,SXP,2022-10-31,,,,,,,,,,,0.4449425211482513,,,,,,,,,,,
4279,SXP,2022-11-30,,,,,,,,,,,0.4529586251577981,,,,,,,,,,,
4279,SXP,2022-12-31,,,,,,,,,,,0.4662669238471824,,,,,,,,,,,
4279,SXP,2023-01-31,,,,,,,,,,,0.4567673298544158,,,,,,,,,,,
4279,SXP,2023-02-28,,,,,,,,,,,0.448329214242742,,,,,,,,,,,
4279,SXP,2023-03-31,,,,,,,,,,,0.46630919309259034,,,,,,,,,,,
4279,SXP,2023-04-30,,,,,,,,,,,0.4489230010728859,,,,,,,,,,,
4279,SXP,2023-05-31,,,,,,,,,,,0.4573788464294482,,,,,,,,,,,
4279,SXP,2023-06-30,,,,,,,,,,,0.45518946291364404,,,,,,,,,,,
4279,SXP,2023-07-31,,,,,,,,,,,0.45633724205737053,,,,,,,,,,,
4279,SXP,2023-08-31,,,,,,,,,,,0.3717942256068036,,,,,,,,,,,
4279,SXP,2023-09-30,,,,,,,,,,,0.37220466555904425,,,,,,,,,,,
4279,SXP,2023-10-31,,,,,,,,,,,0.35513861668832425,,,,,,,,,,,
4279,SXP,2023-11-30,,,,,,,,,,,0.3950609685004336,,,,,,,,,,,
4279,SXP,2023-12-31,,,,,,,,,,,0.46454474744346425,,,,,,,,,,,
4279,SXP,2024-01-31,,,,,,,,,,,0.44782094227827496,,,,,,,,,,,
4279,SXP,2024-02-29,,,,,,,,,,,0.4204434868744946,,,,,,,,,,,
4279,SXP,2024-03-31,,,,,,,,,,,0.39209940032360463,,,,,,,,,,,
4279,SXP,2024-04-30,,,,,,,,,,,0.4026156423710314,,,,,,,,,,,
4279,SXP,2024-05-31,,,,,,,,,,,0.3886198247120653,,,,,,,,,,,
4279,SXP,2024-06-30,,,,,,,,,,,0.3944945979332198,,,,,,,,,,,
4279,SXP,2024-07-31,,,,,,,,,,,0.39867795940610407,,,,,,,,,,,
4279,SXP,2024-08-31,,,,,,,,,,,0.38379521161305624,,,,,,,,,,,
4279,SXP,2024-09-30,,,,,,,,,,,0.3807894449772815,,,,,,,,,,,
4279,SXP,2024-10-31,,,,,,,,,,,0.40980070237860033,,,,,,,,,,,
4279,SXP,2024-11-30,,,,,,,,,,,0.4439620871676407,,,,,,,,,,,
4279,SXP,2024-12-31,,,,,,,,,,,0.45827084600290446,,,,,,,,,,,
4279,SXP,2025-01-31,,,,,,,,,,,0.4523142561982451,,,,,,,,,,,
4279,SXP,2025-02-28,,,,,,,,,,,0.4505134180623035,,,,,,,,,,,
4279,SXP,2025-03-31,,,,,,,,,,,0.4512839507382723,,,,,,,,,,,
4279,SXP,2025-04-30,,,,,,,,,,,0.4442365732180641,,,,,,,,,,,
4279,SXP,2025-05-31,,,,,,,,,,,0.4271998940830537,,,,,,,,,,,
4279,SXP,2025-06-30,,,,,,,,,,,0.472808490634328,,,,,,,,,,,
4279,SXP,2025-07-31,,,,,,,,,,,0.4758102081008802,,,,,,,,,,,
4279,SXP,2025-08-31,,,,,,,,,,,0.47982561201527885,,,,,,,,,,,
4279,SXP,2025-09-30,,,,,,,,,,,0.48294249774115716,,,,,,,,,,,
4279,SXP,2025-10-31,,,,,,,,,,,0.4884662098606899,,,,,,,,,,,
4279,SXP,2025-11-30,,,,,,,,,,,0.49676481113236304,,,,,,,,,,,
4279,SXP,2025-12-31,,,,,,,,,,,0.4955295384552214,,,,,,,,,,,
4279,SXP,2026-01-31,,,,,,,,,,,0.5228883656185292,,,,,,,,,,,
4279,SXP,2026-02-28,,,,,,,,,,,0.5361019571201147,,,,,,,,,,,
5354,PEAK,2022-08-31,,,,,,,,,,,0.16867662309656048,,,,,,,,,,,
5354,PEAK,2022-09-30,,,,,,,,,,,0.1690340950934348,,,,,,,,,,,
5354,PEAK,2022-10-31,,,,,,,,,,,0.1911422382117713,,,,,,,,,,,
5354,PEAK,2022-11-30,,,,,,,,,,,0.20197818886263016,,,,,,,,,,,
5354,PEAK,2022-12-31,,,,,,,,,,,0.19968579833501404,,,,,,,,,,,
5354,PEAK,2023-01-31,,,,,,,,,,,0.19644347638557033,,,,,,,,,,,
5566,KEEP,2022-03-31,,,,,,,,,,,0.3475798525803375,,,,,,,,,,,
5566,KEEP,2022-04-30,,,,,,,,,,,0.3653240974582809,,,,,,,,,,,
5566,KEEP,2022-05-31,,,,,,,,,,,0.3869713884972745,,,,,,,,,,,
5566,KEEP,2022-06-30,,,,,,,,,,,0.35709909437827586,,,,,,,,,,,
5566,KEEP,2022-07-31,,,,,,,,,,,0.3503089950540066,,,,,,,,,,,
5566,KEEP,2022-08-31,,,,,,,,,,,0.34974017175144634,,,,,,,,,,,
5566,KEEP,2022-09-30,,,,,,,,,,,0.34979243228480206,,,,,,,,,,,
5566,KEEP,2022-10-31,,,,,,,,,,,0.34841308880023547,,,,,,,,,,,
5566,KEEP,2022-11-30,,,,,,,,,,,0.3531607516091994,,,,,,,,,,,
5566,KEEP,2022-12-31,,,,,,,,,,,0.35387646419224933,,,,,,,,,,,
5566,KEEP,2023-01-31,,,,,,,,,,,0.48270418425254724,,,,,,,,,,,
5566,KEEP,2023-02-28,,,,,,,,,,,0.48436101822219013,,,,,,,,,,,
5566,KEEP,2023-03-31,,,,,,,,,,,0.47631165869601166,,,,,,,,,,,
5566,KEEP,2023-04-30,,,,,,,,,,,0.47699420091940536,,,,,,,,,,,
5566,KEEP,2023-05-31,,,,,,,,,,,0.48063984053144704,,,,,,,,,,,
5566,KEEP,2023-06-30,,,,,,,,,,,0.4774655211381371,,,,,,,,,,,
5566,KEEP,2023-07-31,,,,,,,,,,,0.4743226403558942,,,,,,,,,,,
5566,KEEP,2023-08-31,,,,,,,,,,,0.4770052666467893,,,,,,,,,,,
5566,KEEP,2023-09-30,,,,,,,,,,,0.47660826465352046,,,,,,,,,,,
5566,KEEP,2023-10-31,,,,,,,,,,,0.47040790763609047,,,,,,,,,,,
5566,KEEP,2023-11-30,,,,,,,,,,,0.5209531046605433,,,,,,,,,,,
5566,KEEP,2023-12-31,,,,,,,,,,,0.6321180489937228,,,,,,,,,,,
5566,KEEP,2024-01-31,,,,,,,,,,,0.6292125299572413,,,,,,,,,,,
5566,KEEP,2024-02-29,,,,,,,,,,,0.6302934979234422,,,,,,,,,,,
5566,KEEP,2024-03-31,,,,,,,,,,,0.5848915600526662,,,,,,,,,,,
5566,KEEP,2024-04-30,,,,,,,,,,,0.5891581841054201,,,,,,,,,,,
5566,KEEP,2024-05-31,,,,,,,,,,,0.5903668173454111,,,,,,,,,,,
5566,KEEP,2024-06-30,,,,,,,,,,,0.598065021761938,,,,,,,,,,,
5566,KEEP,2024-07-31,,,,,,,,,,,0.6087567106485517,,,,,,,,,,,
5566,KEEP,2024-08-31,,,,,,,,,,,0.5943139930895338,,,,,,,,,,,
5566,KEEP,2024-09-30,,,,,,,,,,,0.5937896392280455,,,,,,,,,,,
5566,KEEP,2024-10-31,,,,,,,,,,,0.5719117228735255,,,,,,,,,,,
5566,KEEP,2024-11-30,,,,,,,,,,,0.573306005555275,,,,,,,,,,,
5566,KEEP,2024-12-31,,,,,,,,,,,0.5925117134160998,,,,,,,,,,,
5566,KEEP,2025-01-31,,,,,,,,,,,0.5872963470127417,,,,,,,,,,,
5566,KEEP,2025-02-28,,,,,,,,,,,0.5595193644119607,,,,,,,,,,,
5566,KEEP,2025-03-31,,,,,,,,,,,0.5627604204088205,,,,,,,,,,,
5566,KEEP,2025-04-30,,,,,,,,,,,0.5728747929492962,,,,,,,,,,,
5566,KEEP,2025-05-31,,,,,,,,,,,0.553206877263679,,,,,,,,,,,
5566,KEEP,2025-06-30,,,,,,,,,,,0.6349969150049608,,,,,,,,,,,
5566,KEEP,2025-07-31,,,,,,,,,,,0.6464001701555488,,,,,,,,,,,
5566,KEEP,2025-08-31,,,,,,,,,,,0.6534498427030595,,,,,,,,,,,
5566,KEEP,2025-09-30,,,,,,,,,,,0.6562126105360762,,,,,,,,,,,
5566,KEEP,2025-10-31,,,,,,,,,,,0.6324442640643736,,,,,,,,,,,
5566,KEEP,2025-11-30,,,,,,,,,,,0.6480474074395985,,,,,,,,,,,
5566,KEEP,2025-12-31,,,,,,,,,,,0.6297356288418247,,,,,,,,,,,
5601,STAKE,2022-03-31,,,,,,,,,,,0.16037709419620447,,,,,,,,,,,
5601,STAKE,2022-04-30,,,,,,,,,,,0.17710625137653757,,,,,,,,,,,
5601,STAKE,2022-05-31,,,,,,,,,,,0.19389851338887604,,,,,,,,,,,
5601,STAKE,2022-06-30,,,,,,,,,,,0.22213507571642865,,,,,,,,,,,
5601,STAKE,2022-07-31,,,,,,,,,,,0.23468027914712475,,,,,,,,,,,
5601,STAKE,2022-08-31,,,,,,,,,,,0.2511669989170867,,,,,,,,,,,
5601,STAKE,2022-09-30,,,,,,,,,,,0.2554435526015405,,,,,,,,,,,
5601,STAKE,2022-10-31,,,,,,,,,,,0.2542348773404456,,,,,,,,,,,
5601,STAKE,2022-11-30,,,,,,,,,,,0.25932837835021877,,,,,,,,,,,
5601,STAKE,2022-12-31,,,,,,,,,,,0.26409733192320733,,,,,,,,,,,
5601,STAKE,2023-01-31,,,,,,,,,,,0.24906089072212914,,,,,,,,,,,
5601,STAKE,2023-02-28,,,,,,,,,,,0.24412298014652156,,,,,,,,,,,
5631,ORN,2024-08-31,,1.0,,1.0,,,False,,,False,0.34505650489912576,,,,,,,,,,,
5631,ORN,2024-09-30,,2.0,,2.0,,,False,,,False,0.34877328880705455,,,,,,,,,,,
5631,ORN,2024-10-31,,3.0,,3.0,,,False,,,False,0.39112010852206225,,,,,,,,,,,
5692,COMP,2021-07-31,232606496.0,12.0,26274428.0,12.0,2.0,1.0,True,2.0,1.0,True,0.22578430970365734,3237707657092.3945,365720296656.38745,9.403616391734845,0.0006755836197311082,0.005980915685039826,2.2410943378142067,-7.299933618838014,-5.119181598153371,,,
5692,COMP,2021-08-31,254860320.0,12.0,29070758.0,12.0,2.0,1.0,True,2.0,1.0,True,0.2241365251989874,3598708513135.527,410488318848.15466,9.550149821575955,0.0006763410347603023,0.005929411697766592,2.256556842492718,-7.298813119842861,-5.12783027869045,-0.7071067811865478,,
5692,COMP,2021-09-30,283499975.0,12.0,32313895.0,12.0,2.0,1.0,True,2.0,1.0,True,0.2557614797330404,3073378722327.9673,350309862738.2245,6.190807680725398,0.0005710633089130134,0.005010118210765264,1.8230655597233658,-7.468010480701216,-5.296295769200594,-0.06780416454526482,-0.7071067811865478,
5692,COMP,2021-10-31,313053788.0,12.0,35518826.0,12.0,2.0,2.0,True,2.0,2.0,True,0.2237024795934297,4437201300932.549,503441219931.1795,6.649267593714642,0.00046911966946384346,0.004134699991237439,1.8945067123188044,-7.6646526632939365,-5.488340506648304,-0.2709316690043591,-0.9727120407846853,
5692,COMP,2021-11-30,336235132.0,12.0,38401993.0,12.0,2.0,2.0,True,2.0,2.0,True,0.2407868679458147,4119665476166.868,470514082918.9192,5.1354824372441525,0.00041914316226886953,0.0036698787089610367,1.6361737897452528,-7.777298020340754,-5.607596666791217,-0.3264098083168299,-0.9509708325259933,
5692,COMP,2021-12-31,352660565.0,12.0,40471200.0,12.0,2.0,2.0,True,2.0,2.0,True,0.26320869568148947,3603256390890.085,413508411542.9544,3.5812390028843115,0.00035050566297482877,0.0030542589579850036,1.2757088307283617,-7.9561336947732775,-5.79121828272705,-0.44387578144703216,-0.9565234245603679,-0.7071067811865482
5692,COMP,2022-01-31,353138207.0,12.0,40576253.0,12.0,2.0,2.0,True,2.0,2.0,True,0.28930220378637506,2954026516308.3413,339423276548.5947,2.258243861837182,0.0002699610798804008,0.002349491750969428,0.8145874589381468,-8.217232757947414,-6.053556250400358,-0.5042558585298278,-0.8662646173433642,-0.7071067811865476
5692,COMP,2022-02-28,331125706.0,12.0,37917547.0,12.0,2.0,2.0,True,2.0,2.0,True,0.28722192082941517,2813301288194.71,322154039651.28406,2.405359804732926,0.0002831109724608663,0.002472346658723755,0.8776994993252772,-8.169671608346473,-6.002587515107026,-0.20906036813029588,-0.7636109789297403,-1.1542709884507247
5692,COMP,2022-03-31,304875956.0,12.0,34705871.0,12.0,2.0,2.0,True,2.0,2.0,True,0.2843859842924193,2646055243515.3325,301216446010.3135,3.25836856514122,0.000375426111655186,0.003297954824364949,1.1812266299759264,-7.88744887934435,-5.714452752826676,-0.10246018136056026,-0.6971419512741539,-0.8266724217101462
5692,COMP,2022-04-30,268213742.0,12.0,30691725.0,12.0,2.0,2.0,True,2.0,2.0,True,0.29764981693120907,2109236619992.0613,241360154845.1826,2.612334315210686,0.0003321884113885254,0.002902981076089786,0.9602441952647468,-8.009808245835082,-5.842017112703645,-0.41800617283150293,-0.8292531157420919,-0.661019927621623
5692,COMP,2022-05-31,238540685.0,12.0,27367249.0,12.0,2.0,2.0,True,2.0,2.0,True,0.3145312531891104,1660442764275.2861,190498952328.27917,1.900634643552269,0.00027304686410288277,0.002379953717679244,0.6421878533214046,-8.205867114131264,-6.040674237841095,-0.4940262969324108,-1.2220402017099177,-0.9010369242715192
5692,COMP,2022-06-30,225188858.0,12.0,25656607.0,12.0,2.0,2.0,True,2.0,2.0,True,0.30418292510961725,1688466394815.3074,192373277742.20148,1.4933941633261936,0.00019917229458397167,0.0017481415825016994,0.40105149129938106,-8.239793055936003,-6.349202008174342,-0.692820713207556,-1.140614497455143,-0.8660618558763502
5692,COMP,2022-07-31,208532497.0,12.0,23563650.0,12.0,2.0,2.0,True,2.0,2.0,True,0.3064286116616251,1538374170804.9263,173832429244.28946,1.9742169078061464,0.0002676126453611907,0.0023683059783159467,0.6801718173485983,-8.2259699761137,-6.045580356491908,-0.6851138799148258,-1.3050876042126975,-0.9951348054334322
5692,COMP,2022-08-31,183551192.0,12.0,20603833.0,12.0,2.0,2.0,True,2.0,2.0,True,0.30848646566826265,1334147193849.3677,149759561242.68045,1.831689769931538,0.0002520028091316432,0.0022449908229920904,0.6052389123553561,-8.239793055936003,-6.099053845550355,-0.6889561992854516,-1.5030184750223998,-1.2429208393290054
5692,COMP,2022-09-30,153303363.0,12.0,17263745.0,12.0,2.0,2.0,True,2.0,2.0,True,0.3019439137979016,1168322174012.5032,131566690353.67139,2.8899909673121758,0.0003792150351875785,0.0033674582307847522,1.0612533766219394,-7.877407138613166,-5.6935970533840745,-0.47175889704891893,-1.6169629913587493,-1.149272862448221
5692,COMP,2022-10-31,121118621.0,12.0,13924699.0,12.0,2.0,3.0,True,2.0,3.0,True,0.30075109065924227,931103451749.0664,107046589503.911,3.017565140125538,0.00039252709015643857,0.003414245425692183,1.104450261204941,-7.842905003616698,-5.679798769176079,-0.5211659740391931,-1.443358724472035,-1.0576882014708666
5692,COMP,2022-11-30,93379655.0,12.0,10773867.0,12.0,2.0,3.0,True,2.0,3.0,True,0.30455986603305374,698250386236.8181,80562053843.67834,3.000887384216536,0.00040131997655201116,0.0034783352119563847,1.0989080396683162,-7.820751502334026,-5.661201487028353,-0.49362166885663455,-1.623034369429306,-1.4019772251923373
5692,COMP,2022-12-31,68671184.0,12.0,7807751.0,12.0,2.0,3.0,True,2.0,3.0,True,0.3065777926785083,506051807867.68665,57536892169.07544,3.3012587695970526,0.00044798051281319914,0.003940104163645787,1.1943038410730988,-7.710760824680186,-5.536548118548208,-0.45174581729934865,-1.8605693310044142,-1.7947701414253592
5692,COMP,2023-01-31,51944159.0,12.0,5834237.0,12.0,1.699710416007088,3.0,False,1.9343371617339562,3.0,False,0.3327782212872203,114539488673.5573,28821594938.04499,7.283286913939379,0.0033030024656258723,0.013126414909151752,1.9855822594810117,-5.712923386093027,-4.333128673712694,-0.38445204058592414,-1.75024380889443,-1.8845315955330293
5692,COMP,2023-02-28,42731803.0,12.0,4710313.0,12.0,1.5296203609317391,3.0,False,1.7323222183333602,3.0,False,0.33291511479445474,50357932271.34951,11651705423.285837,8.310133113983136,0.007051659095473572,0.030476823626250073,2.1174756272689215,-4.954492357153067,-3.490788765331314,-0.39599717603165835,-1.7774087510021321,-1.9730052114299619
5692,COMP,2023-03-31,32935338.0,12.0,3580240.0,12.0,1.1941986015570354,3.0,False,1.4121985149005454,3.0,False,0.3201309978759799,10935958224.35755,2917659458.407585,9.763281033434545,0.029403638366956766,0.11021058674224339,2.2786285153904946,-3.5266368583162717,-2.20536231843619,-0.18598090813373086,-1.5775239084221653,-1.9624784756444809
5692,COMP,2023-04-30,24454088.0,12.0,2628731.0,12.0,0.9732855723099805,3.0,False,1.166853972453354,3.0,False,0.32001430210585,3031547036.6994333,776469145.7272836,12.701584087506248,0.10245780496067985,0.40002317764261863,2.5417267169859485,-2.278304224078665,-0.9162327894463034,-0.058196890201338086,-0.9994655033698193,-1.0717228594368604
5692,COMP,2023-05-31,22097036.0,12.0,2347033.0,12.0,0.9006674747466943,3.0,False,1.082595632424613,3.0,False,0.3210616934351748,1934502791.91455,475472187.47649646,12.12887189727058,0.13854315438238707,0.5636757017814521,2.495588717581677,-1.9765734178985994,-0.5732761896995551,-0.1134519110805085,-0.8512525762927369,-0.9971010170903744
5692,COMP,2023-06-30,21605664.0,12.0,2282989.0,12.0,0.5599952148205001,3.0,False,0.4131944420418612,3.0,False,0.32806276295770553,332724048.5339375,16493162.541528558,20.02118580863733,1.3000894145433695,26.22729342379333,2.9967910033336422,0.26243304252020305,3.266800602271575,0.2441165389366797,-0.37832594363218774,-0.18891271158931594
5692,COMP,2023-07-31,21922109.0,12.0,2335762.0,12.0,0.3159824433280023,3.0,False,0.21071659929142617,3.0,False,0.32380351109563504,98107633.30169019,6245428.83051787,23.506660821511552,5.252553378497695,82.51084028644289,3.157283820202066,1.6587143161789923,4.412929682120181,0.2816627274374343,0.0038125579148281558,0.20785023182771517
5692,COMP,2023-08-31,22726129.0,12.0,2462489.0,12.0,0.18482918080200528,3.0,False,0.14803258218095738,3.0,False,0.35769442852593114,50355036.46345639,4658006.397098308,14.142557918315442,6.382789452944957,69.00067716562752,2.6491885435646307,1.8536052201345454,4.2341163185437045,0.0823132977124813,0.0323860510394379,0.15856162633471926
5692,COMP,2023-09-30,22928057.0,12.0,2539818.0,12.0,0.11103262668995417,3.0,False,0.1005040664416974,3.0,False,0.3581355079902969,37164799.70260962,3944471.0422033807,16.14434503512807,9.959920843245975,93.84235788084602,2.7815698357272725,2.298569124099662,4.541616330637033,0.12134914079851562,0.10886247406833231,0.33304201618617607
5692,COMP,2023-10-31,23287044.0,12.0,2753320.0,12.0,0.038010291799859486,3.0,False,0.07407372355843189,3.0,False,0.3347306467249345,28798967.582309507,3939480.259994043,15.567994584042033,12.588387893913367,92.02548329837214,2.7452171775531746,2.532774793305838,4.522065531067345,0.09699670324624218,0.1988384976940054,0.4521230420362184
5692,COMP,2023-11-30,24155404.0,12.0,3253207.0,12.0,-0.03613883308654031,3.0,False,0.06977150085865724,3.0,False,0.3636671480975049,22368670.689076886,4448688.732164212,16.812539275617308,18.155467712559144,91.2884004520667,2.822124993455526,2.8989717667244426,4.514023730811771,-0.006028994409313712,0.14498597598593843,0.37417260198410734
5692,COMP,2023-12-31,26302057.0,12.0,4001842.0,12.0,-0.10393533949214917,3.0,False,0.02685168298077234,3.0,False,0.348612539702226,19318849.42025694,4691769.897043555,17.57552793063094,23.928575008811205,98.52839068852052,2.866507475972798,3.1750733518317573,4.590344736987968,-0.06412768010553282,0.2822707751623101,0.4523233687257511
5692,COMP,2024-01-31,28188641.0,12.0,4806973.0,12.0,-0.1953916914750834,3.0,False,-0.05586325758431954,3.0,False,0.3153078769300552,15110949.74860449,4184053.4760160185,15.580332497025582,29.06424855657052,104.96720511265431,2.7460093814873825,3.3695088469250836,4.653647969111209,-0.02223993490504988,0.3782266258837093,0.5176967776944811
5692,COMP,2024-02-29,28994686.0,12.0,5339699.0,12.0,-0.306577770326969,3.0,False,-0.1800327440872882,3.0,False,0.3549786838634625,11359720.906783653,3072778.2443392845,25.237416858668908,64.41628128656168,238.13985881221768,3.228327689276676,4.165366416166701,5.472858143145628,0.15038885541553657,0.5317620260741451,0.6733324990190405
5692,COMP,2024-03-31,31319097.0,12.0,6285020.0,12.0,-0.36976278007305563,3.0,False,-0.23872234874076237,3.0,False,0.36612091367604804,10285744.74372559,3042603.680619999,20.519875856541024,62.481035490502336,211.2217198948531,3.0213939704081,4.134863078545544,5.35290838695563,0.15874130004878415,0.6491132548996092,0.7707659681598987
5692,COMP,2024-04-30,32210245.0,12.0,6747443.0,12.0,-0.42771200354662,3.0,False,-0.2965143120208007,3.0,False,0.3804532748218605,9041678.429961922,2784190.718394371,13.427660560020499,47.83495008867717,155.3443280870223,2.5973168002773175,3.867756545723653,5.0456441246287405,0.045061840733760815,0.6448040614689723,0.7412622042890495
5692,COMP,2024-05-31,32914073.0,12.0,7150036.0,12.0,-0.45694797954800315,3.0,False,-0.3241151328156259,3.0,False,0.3846849942935847,8500185.37011148,2732347.000187794,14.97540678931195,57.98716272721059,180.3949616334353,2.706409308194296,4.06022165375934,5.195148678377282,0.029311572561828626,0.7304148024182467,0.8642228752457575
5692,COMP,2024-06-30,33442603.0,12.0,7441141.0,12.0,-0.4650351841696617,3.0,False,-0.32812900184734684,3.0,False,0.3827146370349265,8408007.78056886,2805652.2051384384,12.415623204780685,49.38277516757677,147.99081549545824,2.5189556154272648,3.899601682572302,4.997150214375351,-0.02008996203382817,0.7759771705549151,0.8719830434365162
5692,COMP,2024-07-31,33466465.0,12.0,7627367.0,12.0,-0.4760023563894029,3.0,False,-0.3378641165354176,3.0,False,0.3804308454179377,8114486.928848311,2789613.4492891426,13.186116706985326,54.38331679251005,158.1913484725603,2.579164511477461,3.9960574302187384,5.0638053665597695,0.09807201464072877,0.7601740593314493,0.8569708203523666
5692,COMP,2024-08-31,31493343.0,12.0,7441100.0,12.0,-0.5,3.0,True,-0.3650684200137555,3.0,False,0.380506161703762,7087869.905920091,2513694.3099938803,12.034481169063575,53.47248867643552,150.77650523276353,2.487775960132402,3.979167291293192,5.0157986425919,0.12008801744659604,0.7511756954119562,0.8227264676319491
5692,COMP,2024-09-30,29996935.0,12.0,7250025.0,12.0,-0.5,3.0,True,-0.3923548093993182,3.0,False,0.37642126592404257,6718154.444518371,2250969.699066456,13.523788060442477,60.38446938859441,180.2210805285888,2.604450213356566,4.100731942549449,5.194184322397556,0.045891760260080745,0.6702232826264054,0.8555629063243992
5692,COMP,2024-10-31,28580342.0,12.0,6972586.0,12.0,-0.5,3.0,True,-0.4188185301631949,3.0,False,0.40870707719061694,6643944.561736165,2069476.6798181292,13.223890178300008,56.88537891223657,182.62747657512614,2.582025055757984,4.041038346991497,5.207448430965231,0.06351106251905256,0.6220880783910678,0.8319782251127288
5692,COMP,2024-11-30,26888435.0,12.0,6458608.0,12.0,-0.5,3.0,True,-0.44801358758401677,3.0,False,0.4328497119238057,6414715.491747834,1801626.6787833888,23.68258280769125,99.26981006030816,353.4514646989668,3.1647398753387117,4.597841497235321,5.867746176614507,-0.022420116467304012,0.5625974941118796,0.8204039311946137
5692,COMP,2024-12-31,25281074.0,12.0,5892911.0,12.0,-0.5,3.0,True,-0.47390852208954026,3.0,False,0.4306759807563067,6017585.234697624,1518517.1448167225,25.68033348859045,107.8881953389325,427.5397307733998,3.2457254650532663,4.681095462562036,6.058047221540032,0.11668131691374031,0.6272840838055015,0.8987237050628829
5692,COMP,2025-01-31,23665940.0,12.0,5230830.0,12.0,-0.5,3.0,True,-0.49483542392032964,3.0,False,0.4193705965648582,5565937.3573349295,1249967.8271214871,26.14383347554494,111.16158064317337,494.9874556588115,3.263613349147857,4.710984824305172,6.2045324201441625,0.36599150546356085,0.7479182500637092,1.0865624918717214
5692,COMP,2025-02-28,24315530.0,12.0,4686098.0,12.0,-0.5,3.0,True,-0.5,3.0,True,0.42399081049387805,5747070.0696154535,1107577.4848043548,18.585730736768575,78.63518067947574,408.02733849510037,2.9223941216078737,4.3648191906379665,6.011334178274795,0.12240166914249738,0.7865617311351392,1.1697045533099115
5692,COMP,2025-03-31,23349942.0,12.0,3605971.0,12.0,-0.5,3.0,True,-0.5,3.0,True,0.42521525496230034,5526035.21866443,853394.9567618881,15.164257334370955,64.07569174273449,414.91284477959726,2.718941167595231,4.1600650680207245,6.028068485595685,0.04724312042234269,0.6823074369768724,1.0915071350603365
5692,COMP,2025-04-30,23751407.0,12.0,3032082.0,12.0,-0.5,3.0,True,-0.5,3.0,True,0.41897713401443104,5583670.500199434,712806.058924665,15.283878044108713,65.0134365828041,509.2740211995815,2.7267985502351473,4.174593965191217,6.232986223753086,0.004324906505591904,0.65293660072801,1.09023313374245
5692,COMP,2025-05-31,24794637.0,12.0,2535309.0,12.0,-0.5,3.0,True,-0.5,3.0,True,0.40724874721317567,5754585.797758795,588419.7120663655,14.858810569129044,64.02177798040721,626.1156904814324,2.698592993631741,4.159223306421104,6.439535163100776,-0.1093461773029843,0.6268001406867701,1.0569976896289996
5692,COMP,2025-06-30,26330960.0,12.0,2194601.0,12.0,-0.5,3.0,True,-0.5,3.0,True,0.44324274250055257,6349138.250867841,529180.294014833,15.658770359123459,64.9395933249537,779.1493006043574,2.7510311663509417,4.173457504335315,6.658202684251944,-0.0923885993547708,0.5478265523038558,0.9711204244612441
5692,COMP,2025-07-31,29735574.0,12.0,1933290.0,12.0,-0.4775626784322057,3.0,False,-0.5,3.0,True,0.4413200886427223,7660099.88114858,465260.8766947358,14.23938579011545,55.27555990732565,910.0621416623773,2.6560117723369756,4.012330856177972,6.813512884720482,-0.29753346048873713,0.4237940445444681,0.9222441405384602
5692,COMP,2025-08-31,33957344.0,12.0,1958591.0,12.0,-0.43019598946451454,3.0,False,-0.5,3.0,True,0.4411598207606195,10059112.277156036,471272.7900318398,11.834511881809881,39.95070141083303,852.7303072506153,2.4710199984998487,3.687646229275505,6.748443327805031,-0.41720357062526625,0.31239316861764815,0.921007870281833
5692,COMP,2025-09-30,37998154.0,12.0,1947366.0,12.0,-0.37184000831970565,3.0,False,-0.5,3.0,True,0.4558326517444363,13466890.909304954,475502.12102750444,10.601667488771989,29.9136449985502,847.196628744059,2.361011299007568,3.3983147307651724,6.741932814987564,-0.42735020373831517,0.26522069342931187,0.9158713599618459
5692,COMP,2025-10-31,41571665.0,12.0,1901270.0,12.0,-0.2998428946772431,3.0,False,-0.48506470583830397,3.0,False,0.4572640769136171,18014973.414216857,486384.5143668791,8.107619991132268,18.709284464037363,692.9646242076271,2.092804359106131,2.9290198960505474,6.540978950567503,-0.39019508623426846,0.2749471713003688,1.053277326866031
5692,COMP,2025-11-30,43932114.0,12.0,1799578.0,12.0,-0.2222441633530584,3.0,False,-0.4492772443372395,3.0,False,0.4337096563482376,23283763.577569652,500543.41475275205,7.967523749700381,15.033229507911047,699.3003031364325,2.075373748127049,2.7102630514692936,6.550080268195259,-0.29215027070022254,0.22234970056598155,1.0809135484154258
5692,COMP,2025-12-31,45497520.0,12.0,2350043.0,12.0,-0.12822502839537375,3.0,False,-0.3298326203724983,3.0,False,0.43737277177019807,31644500.950441983,923190.549432734,5.425901904277862,7.80119998714886,267.40425425672896,1.691184135245056,2.054277566368958,5.588761574252313,-0.41589898866980585,0.11025340428706305,0.7861966720593164
5692,COMP,2026-01-31,46909774.0,12.0,2577399.0,12.0,-0.03341020172742959,3.0,False,-0.23839018980528914,3.0,False,0.4053543116728341,43583932.54753509,1282282.1161129086,4.190307066231844,4.510064741247304,153.29415812442835,1.4327740167456555,1.5063115084553025,5.032358677678916,-0.5360337647532046,0.043692900951786594,0.6965505899715604
5692,COMP,2026-02-28,45108092.0,12.0,2463596.0,12.0,0.018203096186101053,3.0,False,-0.19430022731119123,3.0,False,0.3932668546293166,50067694.3182485,1384701.9800826665,4.006746618725053,3.6098465798986137,130.52389445369946,1.3879795949965272,1.2836652727986533,4.8715563092641885,-0.5928888896338459,-0.08433295589519108,0.6334240823265637
5692,COMP,2026-03-31,42959162.0,12.0,2416391.0,12.0,0.09260845962507869,3.0,False,-0.12282746915512843,3.0,False,0.42311347720944753,60992667.30589264,1700839.5914662876,4.089392124314787,2.880294738856101,103.28831691794797,1.408396334147031,1.057892628792077,4.637524271161684,-0.5196811653472128,-0.10014781788294028,0.5668089562278119
5692,COMP,2026-04-30,41841008.0,12.0,2400826.0,12.0,0.1960524434975175,3.0,False,-0.029777117859702718,3.0,False,0.4316577412768065,86565445.90052702,2251026.540113182,5.619413890960405,2.7161177201947964,104.4509859733433,1.726227368602337,0.9992035519805748,4.64871792762622,-0.4273777327359442,-0.19492570853125715,0.6019226024478417
5692,COMP,2026-05-31,40272204.0,12.0,2391056.0,12.0,0.22149152563101016,3.0,False,0.006213602194182766,3.0,False,0.4354028015223016,91524480.5245206,2514312.6688049836,4.57823419962622,2.0144947077599333,73.33041110386438,1.5213133778510117,0.7003683985720655,4.294975408306608,-0.5439229872471514,-0.2682027082048227,0.48940622172612197
5728,BAL,2021-09-30,109377099.0,12.0,4311798.0,6.0,1.2135860148005766,1.0,False,,,False,0.44079278805195443,19340492243.431015,,1.2555157174526734,0.00710037082797204,,0.22754641841621298,-4.947608267006933,,-1.3758870659739697,0.7071067811865472,
5728,BAL,2021-10-31,109049187.0,12.0,5889501.0,7.0,0.9974677122643985,1.0,False,,,False,0.4169491955553245,8710194481.926056,,1.5694226389918513,0.019648730369521132,,0.450707805860061,-3.929742554992438,,-1.6058956657688896,1.025219142422761,
5728,BAL,2021-11-30,113295407.0,12.0,9254357.0,8.0,0.9298908657832883,1.0,False,,,False,0.41280065596447213,6836448151.061846,,1.2946456517547198,0.021455206387186468,,0.2582370297198992,-3.841787941046978,,-1.551401972820252,1.0427074686936249,
5728,BAL,2021-12-31,117036360.0,12.0,12660896.0,9.0,0.8542626537003244,1.0,False,,,False,0.396335971146738,5432180016.525538,,1.0401208689470924,0.022409412076049972,,0.03933692654167891,-3.7982742264063485,,-1.4604126816523353,1.3843372079795913,
5728,BAL,2022-01-31,110591569.0,12.0,13850176.0,10.0,0.5119959294950946,1.0,False,,,False,0.3992172357424668,995092864.5282043,,0.7649411358863942,0.08501321175730409,,-0.2679563946698722,-2.464948602131319,,-1.426492567125241,1.4389777157030819,
5728,BAL,2022-02-28,99721076.0,12.0,15073324.0,11.0,0.13719014454509226,1.0,False,,,False,0.39794880770382646,171206864.99381196,,0.9106844352712845,0.5304368594389437,,-0.09355883550502059,-0.6340543488618902,,-1.1079817874518514,1.7528567513402975,
5728,BAL,2022-03-31,90725025.0,12.0,16297175.0,12.0,-0.0963308102650815,1.0,False,,,False,0.3947599970111219,68833215.10030057,,1.1921767525330509,1.5713382778993215,,0.1757808399768055,0.45192766257358225,,-1.1205747297073354,1.765471854291694,
5728,BAL,2022-04-30,81029291.0,12.0,18681614.0,12.0,-0.3032479026787278,1.0,False,,,False,0.39105647101026264,33076155.588157114,,1.040408311192897,2.5487710499418688,,0.03961324301959931,0.9356113018000813,,-0.8419156780797664,1.9748088625154143,
5728,BAL,2022-05-31,64026251.0,12.0,20730652.0,12.0,-0.5,1.0,True,,,False,0.40058785048258344,14749355.575316817,,0.8087791013013601,3.510871609206764,,-0.21222945075244162,1.2558643283623703,,-0.9376005076337101,1.2159747672014902,
5728,BAL,2022-06-30,61791409.0,12.0,21699514.0,12.0,-0.5,1.0,True,,,False,0.38759517418367345,14023531.627552206,,2.996598560777075,13.20381000988321,,1.097477832341493,2.580505425057012,,0.0038489401594536806,1.3069785673280656,
5728,BAL,2022-07-31,60386023.0,12.0,21900834.0,12.0,-0.5,1.0,True,,,False,0.39493467507406566,13821536.297970258,,4.294284625883472,18.761645926815465,,1.457284981815867,2.931814675700477,,-0.27967745938823035,1.1695768842132814,
5728,BAL,2022-08-31,59373563.0,12.0,22140557.0,12.0,0.5460490215885374,2.0,False,,,False,0.37765412033167345,684663215.1518754,,5.213699682826437,0.4521287542995986,,1.651289715622019,-0.7937882850681577,,-0.17409057297884206,0.3287362352149299,
5728,BAL,2022-09-30,56756063.0,12.0,21793823.0,12.0,0.07174417555518242,2.0,False,2.0,1.0,True,0.37991429696733153,77151087.44918893,97535472130.05394,4.125194962509434,3.0346924835461855,0.0024004582134721105,1.4171132823084045,1.1101100959993793,-6.03209563757153,-0.293009475013657,0.2935753096443995,-1.209420019003442
5728,BAL,2022-10-31,54278806.0,12.0,21282979.0,12.0,-0.002888303401069492,2.0,False,2.0,1.0,True,0.3808416926700669,56213972.178577736,94682999445.16725,5.6582068726773525,5.4634230823304035,0.00324367325654676,1.7331070350737048,1.6980755314689406,-5.731048870198002,-0.1871973188953716,0.32968348799575775,-1.065879704563168
5728,BAL,2022-11-30,48953085.0,12.0,19130454.0,12.0,-0.08683289953311135,2.0,False,1.0671834898956245,1.0,False,0.37510199017934565,38187697.29769725,2612450248.647917,5.753903895666957,7.375970964957887,0.10781883660069536,1.7498785628117288,1.9982275498254343,-2.2273028992162787,-0.17129595190167876,0.29631907084524506,-0.7975650323900179
5728,BAL,2022-12-31,42130129.0,12.0,16300959.0,12.0,-0.18300082672025908,2.0,False,0.28750437567767717,1.0,False,0.3760198626022197,24280902.150631763,54942812.26949342,5.679588661587989,9.854732805857193,4.355106575287168,1.7368788113761877,2.287951827690931,1.4713490819423851,-0.17705727518048434,0.318506329904986,-0.30535589711426925
5728,BAL,2023-01-31,41104223.0,12.0,16193191.0,12.0,-0.2503517651265611,2.0,False,0.16916860839891124,1.0,False,0.36705226585690964,19230975.76012594,33016422.04586884,7.618325066897196,16.283382410866373,9.484532636552434,2.0305565380435406,2.7901451037895098,2.249662328219622,-0.35939814373438245,0.23137306481900888,-0.37461924163037363
5728,BAL,2023-02-28,40496438.0,12.0,16339942.0,12.0,-0.3204342565759358,2.0,False,0.08403043681672329,1.0,False,0.36593228120421584,15380989.893605333,23573761.11025681,8.277473554766438,21.79366847816485,14.219546598416638,2.1135377956007493,3.0816194908286842,2.6546175390859372,-0.39828772255796546,0.2143988374368698,-0.3991975847055164
5728,BAL,2023-03-31,39839185.0,12.0,16585893.0,12.0,-0.3700640236167885,2.0,False,0.017715831117969927,1.0,False,0.3563367414570449,12940253.396095527,18700775.95410442,8.63769274154141,26.592882578888034,18.40130270251694,2.1561355033503413,3.280643607761565,2.912421461158639,-0.264039737245159,0.25321230668825695,-0.42302286947745055
5728,BAL,2023-04-30,35622010.0,12.0,15156277.0,12.0,-0.44655134862354795,2.0,False,-0.1887062327698239,1.0,False,0.35634194585127366,9190084.516200235,8494970.564383835,8.344552991130417,32.34461550071571,34.99126310594085,2.121608989607236,3.4764475619841337,3.5550984047832244,-0.3249579597515354,0.41900474652024866,0.0025174250224741616
5728,BAL,2023-05-31,31510183.0,12.0,13608966.0,12.0,-0.5,2.0,True,-0.3435341059219942,1.0,False,0.35655588815170847,6885936.5684826495,4784263.807198565,8.227638844900444,37.6498393620622,54.188986249177695,2.1074990774025295,3.628328687624907,3.992477682061789,-0.36659851885986366,0.5338452753742134,0.12180770324095075
5728,BAL,2023-06-30,28915341.0,12.0,12602297.0,12.0,-0.5,2.0,True,-0.41923597920211486,1.0,False,0.3536358256939355,6295431.0123467315,3521661.0225710017,8.456575831964384,38.841625520801,69.43450045487134,2.1349443436907998,3.6594924942672677,4.240383868697169,-0.3370455638273456,0.4958784240676569,0.07507124437224026
5728,BAL,2023-07-31,27009461.0,12.0,11957878.0,12.0,-0.5,2.0,True,-0.4539989664320546,1.0,False,0.3534486689232727,5879076.785178788,3004875.6373198046,8.303560507923223,38.147944293786274,74.63693036558878,2.1166843996765046,3.641471871449957,4.312635429830438,-0.3630527911054154,0.5523595214355892,0.17900476331968257
5728,BAL,2023-08-31,28317514.0,12.0,12767065.0,12.0,0.044646878561482195,3.0,False,-0.42336297140130663,1.0,False,0.3547797310500804,35392471.69499702,3528073.877305967,6.3048341917873785,5.044497373119473,50.60473127902543,1.8413166711785223,1.6182980201246553,3.9240450754602887,-0.4178712790968767,-0.03617279745014211,0.06492402691005661
5728,BAL,2023-09-30,25881423.0,12.0,11678919.0,12.0,-0.19390532749468026,3.0,False,0.6457812864304073,2.0,False,0.35448579202313707,14259171.587465145,244620303.88850588,6.733193933749217,12.221231736462784,0.7123882914470769,1.907049612616209,2.5031747454283453,-0.3391321630651443,-0.42953935944597066,0.16894331720604697,-0.9779040119828143
5728,BAL,2023-10-31,24241652.0,12.0,10915688.0,12.0,-0.2370902191822838,3.0,False,0.3614017577493791,2.0,False,0.333458196982839,11519555.581742963,59414298.168147154,7.442820116245216,15.662605547263373,3.036748067712515,2.0072498249069217,2.7512760590510927,1.1107872282969014,-0.36703564781074716,0.26463867052609463,-0.5161862499544504
5728,BAL,2023-11-30,22920550.0,12.0,10426808.0,12.0,-0.26911593421894064,3.0,False,0.061457386900197974,2.0,False,0.36257729523403837,10105278.288116671,13819748.162602678,8.590882572704773,19.48563393680732,14.248288118929418,2.1507014749214566,2.9696774728679167,2.656636767493279,-0.4844990682517771,0.16766384639153292,-0.19770201389033537
5728,BAL,2023-12-31,23667008.0,12.0,10739379.0,12.0,-0.2788959507705516,3.0,False,-0.0790048060738443,2.0,False,0.3746290538941048,10234391.636171019,8595390.714944893,9.754346010198699,22.556903552746064,26.85813742669646,2.277712930330891,3.1160411633420453,3.290568844934055,-0.5022709920344408,0.2624919048263418,0.006229859012381197
5728,BAL,2024-01-31,22675427.0,12.0,10333266.0,12.0,-0.3231984279494826,3.0,False,-0.13624383827338638,2.0,False,0.3521096846089755,8432074.80337417,6828557.446667432,8.719730599799473,23.44898726423754,28.955400349149144,2.1655883429252336,3.1548273069335844,3.365756727180307,-0.47503562495185186,0.304935387456588,0.0659886362237745
5728,BAL,2024-02-29,21312926.0,12.0,9766749.0,12.0,-0.375935129648993,3.0,False,-0.1950470502735523,2.0,False,0.3531997087878091,6779904.027132317,5357961.47418225,12.932514653856993,40.65392765274175,51.443021593139996,2.55974465599808,3.705095452549949,3.9404748183508076,-0.36376787267427046,0.41683273461179665,0.295025650506184
5728,BAL,2024-03-31,21158511.0,12.0,9691454.0,12.0,-0.404901082662521,3.0,False,-0.2288509909418398,2.0,False,0.3240800021635252,5963978.157131963,4693438.149224933,13.823492266875814,49.04184849123604,62.31775169667619,2.626369483007264,3.8926739844582747,4.132246324157478,-0.23014146642487018,0.5855051135128441,0.44434461466222946
5728,BAL,2024-04-30,21947478.0,12.0,10088939.0,12.0,-0.4264028879823949,3.0,False,-0.2651214843125972,2.0,False,0.3311194217323174,5841503.538960542,4387870.5725715915,9.024883493461273,33.90795376639459,45.14112908513158,2.1999855948238483,3.5236496112438314,3.8097937840391665,-0.28111795109766363,0.5604872422202063,0.44924438836715835
5728,BAL,2024-05-31,22338523.0,12.0,10280002.0,12.0,-0.4557244894140722,3.0,False,-0.29580956960915883,2.0,False,0.32326735235173726,5374794.065599408,4039859.215571508,10.296942689997687,42.79577753171889,56.937254205195146,2.3318470249601533,3.756439441919987,4.041949858087832,-0.2889235495478456,0.6555654997147115,0.5848404980477263
5728,BAL,2024-06-30,22766504.0,12.0,10539634.0,12.0,-0.45843120166950324,3.0,False,-0.3030722437511393,2.0,False,0.32264293875623173,5427059.572750117,4048125.697859436,7.642212385425682,32.05906559700379,42.979509982519495,2.0336871405026518,3.4675800013107496,3.7607234900911934,-0.38316635602512716,0.6531782099804698,0.5321376985544907
5728,BAL,2024-07-31,23169773.0,12.0,10809366.0,12.0,-0.45258985527429973,3.0,False,-0.29746205772602463,2.0,False,0.32842958747882434,5667632.034261984,4247158.445638751,5.971985712838613,24.413997325380663,32.57932452880358,1.7870794873161808,3.1951566286949133,3.483677870264179,-0.5043509560418952,0.5152627251889981,0.38448847312545464
5728,BAL,2024-08-31,20325114.0,12.0,9478086.0,12.0,-0.45895013638673077,3.0,False,-0.3457163748589912,2.0,False,0.3242267030746811,4847331.77854552,3200989.4761822126,5.407885210012444,22.675543662785547,34.33809583263998,1.6878581125561518,3.1212869720218457,3.5362554035137266,-0.4982720384749064,0.5042498138126043,0.3793748775089279
5728,BAL,2024-09-30,21368983.0,12.0,10024937.0,12.0,-0.41974465311647347,3.0,False,0.32477182111425584,3.0,False,0.32258283499238466,5743989.8441223195,47083868.31582275,6.1246889758142435,22.78527263386208,2.7796861066421705,1.8123279756825712,3.1261143901418276,1.0223380100477926,-0.5460014093694459,0.39487365929947243,-0.3698309072090467
5728,BAL,2024-10-31,22111298.0,12.0,10453385.0,12.0,-0.4125143424269405,3.0,False,0.2107639512660564,3.0,False,0.3243827319860612,6090852.831095909,27918637.713713635,5.079531421152902,18.439951853715502,4.022941022595317,1.6252190174054955,2.9145196071551642,1.392013232804342,-0.6173229392283616,0.3067946043268749,-0.21819396739074645
5728,BAL,2024-11-30,23728824.0,12.0,11380387.0,12.0,-0.4061346719072543,3.0,False,0.0713636994768525,3.0,False,0.35247495762577685,6889271.282460965,15819419.669943979,7.527508093696123,25.927112954403082,11.291116769173072,2.0185640565901943,3.255289253375076,2.4240162899368736,-0.766414100249339,0.18282689584042894,-0.14393716119583955
5728,BAL,2024-12-31,28002413.0,12.0,13645717.0,12.0,-0.3791906962856142,3.0,False,0.025283510955584676,3.0,False,0.3585440036233283,8872242.670752494,15807442.159636796,5.485645343407212,17.313695328014187,9.717657349387705,1.7021347428513345,2.851497825781541,2.2739445759864627,-0.8764208660274679,0.1505644908577868,-0.052314128514552694
5728,BAL,2025-01-31,30035480.0,12.0,14754546.0,12.0,-0.3524039580026891,3.0,False,0.02130827996838658,3.0,False,0.353508651104834,10252626.968801357,16888076.437025674,5.123361568531657,15.009092244618333,9.111909488224878,1.633810779966426,2.7086561671089413,2.2095822928454227,-0.8563736096691166,0.2650811685933376,0.08582035459126357
5728,BAL,2025-02-28,30828618.0,12.0,15170809.0,12.0,-0.32383030846633876,3.0,False,0.002151164404889716,3.0,False,0.3575175889257821,11501432.18480722,16139503.309880842,3.4697212749515205,9.300294957461968,6.6276334344481835,1.244074266511141,2.230046115512399,1.891247792429622,-0.9656786783287066,0.2582883418067956,0.13944625575018565
5728,BAL,2025-03-31,29499658.0,12.0,14510360.0,12.0,-0.31235657489613133,3.0,False,-0.03796999087051045,3.0,False,0.3584098264424732,11396322.54277836,13363910.23798716,2.806984805779787,7.265948420718594,6.196172400673953,1.0321108843903133,1.9831988350563072,1.8239317466791405,-1.0473919303850678,0.09510649321706874,-0.03138284218617081
5728,BAL,2025-04-30,27941983.0,12.0,13705123.0,12.0,-0.298751850205464,3.0,False,-0.09810458093844687,3.0,False,0.3492172616984428,11147923.193208938,10266489.878528683,2.116881310880258,5.305908605260812,5.761449365994097,0.7499439258102598,1.6688210307765496,1.751189069095919,-1.2444179096267738,0.02266477646407129,0.0343668924373986
5728,BAL,2025-05-31,27984629.0,12.0,13659307.0,12.0,-0.24109544361825042,3.0,False,-0.12982773894562516,3.0,False,0.3418783257011907,13216896.015549656,9189571.719894888,2.3902073519667955,5.060875556497405,7.278801234343953,0.8713801203252518,1.6215395032114759,1.9849661830376297,-1.1129289935120854,0.006162345996851708,-0.03871287497996503
5728,BAL,2025-06-30,27658632.0,12.0,13448846.0,12.0,-0.23504797396001043,3.0,False,-0.14740063573208362,3.0,False,0.3508331554947129,13394134.207066104,8568672.33032755,2.268898751015083,4.68523270182551,7.32372918234661,0.8192945820674326,1.544415584003428,1.991119649387293,-1.1531482184446094,-0.11843605200812002,-0.18904536917130346
5728,BAL,2025-07-31,27765370.0,12.0,13434413.0,12.0,-0.2281687724705923,3.0,False,-0.15032531221653656,3.0,False,0.34153240955908604,13643421.950848805,8448919.584936656,3.080899485098584,6.269857697338884,10.124645320223273,1.1252215949663464,1.8357536585880547,2.3149725822776293,-1.1440692210619066,-0.1575452453148575,-0.21727259200559826
5728,BAL,2025-08-31,28009260.0,12.0,13417700.0,12.0,-0.22154022847885835,3.0,False,-0.15375422839540664,3.0,False,0.3645218326722916,14264556.769560821,8422047.261824366,3.024111055000392,5.9380122478904145,10.057306753943823,1.1066171821801238,1.781374438968342,2.3082994105328103,-1.1696893315231738,-0.20446237041848395,-0.20556309009409368
5728,BAL,2025-09-30,28494358.0,12.0,13453252.0,12.0,-0.20521644688616592,3.0,False,-0.14853927685135027,3.0,False,0.3599687232458864,15208369.518714113,8569679.253952485,2.6410231730283766,4.948213527161152,8.78145582214853,0.9711664076151516,1.599026607835412,2.1726422050805194,-1.181359275497423,-0.22643592278474126,-0.24668096239145854
5728,BAL,2025-10-31,29772261.0,12.0,13814032.0,12.0,-0.18142116648901507,3.0,False,-0.13417654406353585,3.0,False,0.3600449286353819,17102751.73482052,9213266.789239524,2.241271480247538,3.9015779750770205,7.24256889637881,0.8070433299392601,1.361381080297562,1.9799759634057403,-1.0748452176645373,-0.17085560081524362,-0.09940496301443771
5728,BAL,2025-11-30,27422987.0,12.0,12511227.0,12.0,-0.17565014873308293,3.0,False,-0.13198970585211411,3.0,False,0.37633500569650585,16166066.527393598,8445645.312982813,1.718409088447697,2.9149892469717975,5.579669563052008,0.5413989142195496,1.069866130935205,1.7191295565487212,-1.1287755608991281,-0.2625578312219115,-0.1666919914302936
5728,BAL,2025-12-31,21688423.0,12.0,9567512.0,12.0,-0.1985463791281653,3.0,False,-0.16273689580503292,3.0,False,0.37535697655239086,11919165.815521782,5865894.193923386,1.8962452260370115,3.4504569539979113,7.01113371881567,0.6398757340964267,1.2385066727066614,1.94749941675949,-0.9929199550098902,-0.10638392062928109,-0.1415610046138123
5728,BAL,2026-01-31,18549130.0,12.0,7921268.0,12.0,-0.2329699701060196,3.0,False,-0.2120703872801254,3.0,False,0.38808959679436533,9271142.100004286,4211229.656191622,1.5457137492468709,3.092568851636343,6.808378459106999,0.43548577729531834,1.1290020891066226,1.9181539800766034,-1.0576792913953001,-0.04768378137078348,-0.030518850199495066
5794,PNT,2023-02-28,,,,,,,,,,,0.3948341880363422,,,,,,,,,,,
5794,PNT,2023-03-31,,,,,,,,,,,0.38072265624510276,,,,,,,,,,,
5794,PNT,2023-10-31,,,,,,,,,,,0.35056359045290997,,,,,,,,,,,
5794,PNT,2023-11-30,,,,,,,,,,,0.38539067737124244,,,,,,,,,,,
5794,PNT,2023-12-31,,,,,,,,,,,0.4493651541175594,,,,,,,,,,,
5794,PNT,2024-01-31,,,,,,,,,,,0.4021613458900547,,,,,,,,,,,
5794,PNT,2024-02-29,,,,,,,,,,,0.40249511662565957,,,,,,,,,,,
5810,BZRX,2022-07-31,,,,,,,,,,,0.4415785920417058,,,,,,,,,,,
5810,BZRX,2022-08-31,,,,,,,,,,,0.4119512996364215,,,,,,,,,,,
5810,BZRX,2022-09-30,,,,,,,,,,,0.41613472795645146,,,,,,,,,,,
5829,SWAP,2023-11-30,,,,,,,,,,,0.6484176439169179,,,,,,,,,,,
5829,SWAP,2023-12-31,,,,,,,,,,,0.5623980275106736,,,,,,,,,,,
5829,SWAP,2024-01-31,,,,,,,,,,,0.5586430887653194,,,,,,,,,,,
5829,SWAP,2024-02-29,,,,,,,,,,,0.2949894313155452,,,,,,,,,,,
5829,SWAP,2024-03-31,,,,,,,,,,,0.2909189978661327,,,,,,,,,,,
5829,SWAP,2024-04-30,,,,,,,,,,,0.29894919332521697,,,,,,,,,,,
5829,SWAP,2024-05-31,,,,,,,,,,,0.27082300797330205,,,,,,,,,,,
5829,SWAP,2024-07-31,,,,,,,,,,,0.27536995594308344,,,,,,,,,,,
5829,SWAP,2024-08-31,,,,,,,,,,,0.2645829426522897,,,,,,,,,,,
5829,SWAP,2025-02-28,,,,,,,,,,,0.24960175058655817,,,,,,,,,,,
5864,YFI,2021-08-31,51286837.0,12.0,7399164.0,12.0,,,False,,,False,0.15569622469047803,,,27.441748229782245,,,3.31206551182612,,,0.7071067811865471,,
5864,YFI,2021-09-30,53335219.0,12.0,7249342.0,12.0,,,False,,,False,0.20202536768844553,,,20.04290582718906,,,2.997875267061723,,,0.8953610215162211,,
5864,YFI,2021-10-31,58162147.0,12.0,7701401.0,12.0,,,False,,,False,0.16634627699870583,,,21.466783170450096,,,3.0665067716223513,,,0.8127219314915888,,
5864,YFI,2021-11-30,64408678.0,12.0,8318257.0,12.0,,,False,,,False,0.192540347006874,,,16.854932634723063,,,2.824643351924733,,,0.7301451393818497,,
5864,YFI,2021-12-31,68587604.0,12.0,8728381.0,12.0,2.0,1.0,True,2.0,1.0,True,0.19167290261998265,1305338818520.1196,166115943372.70422,17.599816133996015,0.0009247631360874324,0.007266787250896005,2.867888455057492,-6.9859729223378055,-4.924441003832884,0.8652039011346222,-0.4103262342256178,0.7071067811865468
5864,YFI,2022-01-31,69497232.0,12.0,8591719.0,12.0,2.0,1.0,True,2.0,1.0,True,0.2239876756491745,982598491771.4683,121475487414.00616,13.077578124532991,0.0009249510237699152,0.0074818014750686465,2.5708991702102213,-6.985769769129373,-4.895281677079866,0.9919746419461648,-0.3727527294556738,0.7071067811865476
5864,YFI,2022-02-28,68991690.0,12.0,8318510.0,12.0,2.0,1.0,True,2.0,1.0,True,0.21754805740939165,1032413660904.886,124480837654.12764,11.434211816059184,0.0007640983714962376,0.0063372452489416095,2.4366098977759454,-7.17681401858349,-5.061311108278436,1.2337462444021503,-0.4320529924558989,0.5498616254909837
5864,YFI,2022-03-31,65774202.0,12.0,7792083.0,12.0,2.0,1.0,True,1.3030476337412984,1.0,False,0.2182669317896529,977995845433.2861,8738459792.207155,12.405311540698202,0.000834307702799413,0.09337451754123396,2.5181247309516026,-7.088908275449444,-2.3711368024369195,1.2512830236924959,-0.4613333023215763,1.1115192315508728
5864,YFI,2022-04-30,61091513.0,12.0,7224947.0,12.0,1.5685516162028916,1.0,False,0.690778159151483,1.0,False,0.24177846725652274,162607518520.42712,365440445.97667783,9.973009619646207,0.003746851636206502,1.6672107686367708,2.299882405988223,-5.586839355309054,0.5111520316711964,0.19883749262918202,-0.06974095376407362,1.468475983368279
5864,YFI,2022-05-31,52555706.0,12.0,6231740.0,12.0,0.5890310768639275,1.0,False,0.14753618379317412,1.0,False,0.2778864047953288,1226693957.7931802,13678185.132870313,5.6130154242602375,0.24048050985885952,21.566895428398297,1.7250880839092952,-1.4251162328081488,3.0711595199725186,0.06816575227000417,0.525163494526898,1.4083281517611035
5864,YFI,2022-06-30,46935888.0,12.0,5607692.0,12.0,0.20071856024557588,1.0,False,-0.08524043772539913,1.0,False,0.2925832540649348,129321720.52484028,4386976.000685922,4.206101973291563,1.5265581863107958,45.00073196300249,1.4365363217064295,0.4230156499316534,3.806678755482532,0.3430258872915105,0.8189460957457393,1.414442481677521
5864,YFI,2022-07-31,41777567.0,12.0,5082675.0,12.0,-0.061511169577263436,1.0,False,-0.2419770526427879,1.0,False,0.32112579018894255,35577883.446189515,2356483.194620508,9.548674878681508,11.212595181742298,169.28633542390972,2.256402388706108,2.417037716244518,5.131591573677961,0.1372390411219348,1.0554054513725843,1.4541886453303694
5864,YFI,2022-08-31,35019481.0,12.0,4375452.0,12.0,-0.31718384192809546,1.0,False,-0.4086558968013143,1.0,False,0.32774282097070045,12947753.225913765,1224644.7035556696,9.441760479865662,25.53690558987864,269.99304432640776,2.2451424542812224,3.240124683901383,5.59839619691249,0.11820341625078247,1.321099161237631,1.396301943340423
5864,YFI,2022-09-30,29963149.0,12.0,3848336.0,12.0,-0.4382108190087304,1.0,False,-0.46914685498352815,1.0,False,0.33010440609017533,7680176.832344691,895797.1832845638,9.91908127042482,38.69792539114149,331.779241545612,2.2944603031393864,3.6557859911347603,5.804469812645517,0.1476843777972575,0.8347271286212777,0.8937963265516907
5864,YFI,2022-10-31,25219933.0,12.0,3398395.0,12.0,-0.5,1.0,True,-0.5,1.0,True,0.32879535295974754,5313500.870854084,715996.1444785033,11.81104614203107,56.05979929274996,416.0270898929056,2.4690352073218564,4.026418965508149,6.030750378075922,0.2037583697797866,0.7623697489615634,0.81405444175297
5864,YFI,2022-11-30,18884829.0,12.0,2743886.0,12.0,-0.5,1.0,True,-0.5,1.0,True,0.33353701746637276,4004478.433970645,581833.8260978682,13.120453411019279,61.87510387560802,425.8561602224344,2.574172341685516,4.125117899685151,6.0541016371920655,0.23685015273917584,0.7120704731452827,0.6600732022099296
5864,YFI,2022-12-31,14587512.0,12.0,2283109.0,12.0,0.4379033663075096,2.0,False,0.2129485251437162,2.0,False,0.3375530431734034,115176636.76496297,5977298.661444499,12.780331727078533,1.6186723945862975,31.190217018147887,2.547907405347928,0.4816063037481667,3.4401044885354826,0.23354084358338337,-0.07516070536908855,0.11307095223205864
5864,YFI,2023-01-31,12776331.0,12.0,2103089.0,12.0,0.1568246216975031,2.0,False,0.002433861135309634,2.0,False,0.33410304236239774,26096333.420363646,2265203.021060479,20.72659318534266,10.147395451027009,116.90334710674571,3.0314175707009543,2.317217066748745,4.761347500290077,0.19815319174870463,0.12115847824155797,0.20149269467598435
5864,YFI,2023-02-28,12216581.0,12.0,2057003.0,12.0,0.006511500790921998,2.0,False,-0.11206279389191454,2.0,False,0.3323609796468839,13378836.604210315,1465721.8183352314,27.286597096081206,24.916136843597897,227.42987070852158,3.3063956327745685,3.215515659574517,5.42684193024705,0.2955703713267361,0.24758595703101022,0.3107551301645893
5864,YFI,2023-03-31,11644403.0,12.0,2015123.0,12.0,-0.1809351673494911,2.0,False,-0.2282521019919812,2.0,False,0.3183644219752019,6555992.0397833325,973705.8886814424,24.88240349492702,44.194796477073545,297.5649395485275,3.2141608666990127,3.7886070553902713,5.6956324853618865,0.41018828325708934,0.38982296701881747,0.41418127959951234
5864,YFI,2023-04-30,11558720.0,12.0,1931219.0,12.0,-0.3028783348636578,2.0,False,-0.32773307547208885,2.0,False,0.31853708250032486,4424389.406959985,684878.7649196915,23.3756779514457,61.06897277755328,394.5120364224128,3.1516960780245684,4.112003926683447,5.977649650396949,0.329113781401989,0.5756609897378289,0.5845369682323198
5864,YFI,2023-05-31,12499238.0,12.0,2005311.0,12.0,-0.38525072253001147,2.0,False,-0.3923277565923914,2.0,False,0.3231534803449589,3737411.6804682505,586774.9653547301,17.144604643098358,57.33767435091417,365.20728814741,2.841683526045528,4.048957900701997,5.900465105113715,0.11230192942970561,0.6377922504350777,0.5893895803848713
5864,YFI,2023-06-30,13461715.0,12.0,2125395.0,12.0,-0.41316191882290154,2.0,False,-0.4111817933751627,2.0,False,0.3203380575413819,3682330.8304880504,584939.2032674039,16.269103257682136,59.47592474505102,374.41503345497,2.789267803404804,4.085571604534745,5.925364897256096,0.1041790942722861,0.6055262605192475,0.5319484042193093
5864,YFI,2023-07-31,14512473.0,12.0,2262849.0,12.0,-0.42902946859693514,2.0,False,-0.41907135256867445,2.0,False,0.3202302560721921,3779368.3002758846,607722.2715353292,15.28372552612209,58.688287675235685,364.97700417807266,2.7267885711743896,4.072240178394677,5.899834349345911,0.014944370466857941,0.6715352855764615,0.6354964904487883
5864,YFI,2023-08-31,14409950.0,12.0,2199291.0,12.0,-0.46993603719643695,2.0,False,-0.45480731294746246,2.0,False,0.3240411405566466,3319185.7111223424,531223.3618942187,12.659422453754276,54.959758345607234,343.399138051842,2.538401795908772,4.00660125099044,5.838893438418996,0.0137209572852029,0.6596806203170137,0.6431840493058208
5864,YFI,2023-09-30,16523754.0,12.0,2377079.0,12.0,-0.44339472352464515,2.0,False,-0.42737208807435034,2.0,False,0.324997088173648,4140850.704286422,625995.9971691465,10.524834069354771,41.99856055491535,277.8129090909284,2.353737614062201,3.7376353451940374,5.626947898250414,-0.14815617734140094,0.5314330336301498,0.6245569569058415
5864,YFI,2023-10-31,16644650.0,12.0,2329402.0,12.0,-0.46504516287578024,2.0,False,-0.4500320851218258,2.0,False,0.31240839575224116,3832772.4410856008,562379.1507757136,11.319326681975097,49.15664411419434,335.0163863600918,2.426511590615116,3.8950120178069696,5.814179445136528,-0.10340471325484316,0.6090669899855962,0.8188963739826319
5864,YFI,2023-11-30,16990002.0,12.0,2333410.0,12.0,-0.48640058267168407,2.0,False,-0.47036172759869943,2.0,False,0.355674138404348,3871265.411909711,558969.2185337093,16.14965333849911,70.87673236670499,490.87254435972056,2.7818985843298725,4.26094220431294,6.19618451030806,-0.03469515282269659,0.5818190233387013,0.8920964749366597
5864,YFI,2023-12-31,17776734.0,12.0,2404341.0,12.0,0.3607449028196754,3.0,False,0.15713683662303568,3.0,False,0.2787324705338568,119271403.51607949,5523759.858942049,15.092853243150211,2.2495051579429743,48.57228486683448,2.714221336625758,0.8107102622251006,3.8830530980107922,-0.17744930298442224,-0.5099145083737954,0.20957520609929509
5864,YFI,2024-01-31,17486030.0,12.0,2336955.0,12.0,0.22350769143832694,3.0,False,0.03745209364874258,3.0,False,0.2725300819898294,57463619.246087626,3072980.9347458114,13.509749443094517,4.110981646366065,76.87385280637105,2.6034116057671532,1.413661843387669,4.3421658031713815,-0.13348272930190855,-0.28949007238903285,0.40844917533715513
5864,YFI,2024-02-29,17909508.0,12.0,2423874.0,12.0,0.14092514909338738,3.0,False,-0.02423206826516311,3.0,False,0.28223417854578464,37672074.21041694,2419616.9525521863,16.050649874766222,7.63056583324094,118.80361560292249,2.775749339395941,2.03216200155602,4.777471840833463,-0.1976549805727438,-0.0008974099873056397,0.5016591348743689
5864,YFI,2024-03-31,18179709.0,12.0,2419680.0,12.0,0.015551813989570507,3.0,False,-0.10572910760669174,3.0,False,0.2834708281872616,21436743.659916203,1753222.6253771628,16.74708719161975,14.202584896817505,173.65573962734928,2.8182243441411137,2.6534239830280053,5.157074831493543,-0.04126950648623579,0.26003055157356186,0.718397457511128
5864,YFI,2024-04-30,18465866.0,12.0,2447552.0,12.0,-0.08090790236206691,3.0,False,-0.16952232216023078,3.0,False,0.292270245997322,14684593.185410386,1413603.508179517,12.100955987472522,15.216943970812528,158.07447452103256,2.493284456710923,2.7224095419184846,5.063066279700863,-0.04034108685531241,0.36415869626311936,0.7453788675335543
5864,YFI,2024-05-31,18217815.0,12.0,2388242.0,12.0,-0.18027231810546063,3.0,False,-0.2395363409154253,3.0,False,0.32173896716891554,10297419.304812962,1116327.806549233,12.771175120465259,22.594292685400635,208.41808679516913,2.5471906877735107,3.1176973383414244,5.33954609495766,-0.10596354556870893,0.4981849843423124,0.8992056490707901
5864,YFI,2024-06-30,18410738.0,12.0,2379819.0,12.0,-0.221959040292672,3.0,False,-0.2705051261693119,3.0,False,0.31668111519521497,9065543.89914631,1005316.5278173352,11.520814579401021,23.397018549312435,210.98499119321343,2.4441553627853594,3.152608601823458,5.351786999160363,-0.07605528309260949,0.5636499243750503,0.9694588243024568
5864,YFI,2024-07-31,18218476.0,12.0,2331918.0,12.0,-0.2575520663514488,3.0,False,-0.29676399882199656,3.0,False,0.3229133902188954,8056174.601521611,913411.3661691621,10.241798227991936,23.161111128136596,204.27811840799615,2.3264772123963837,3.142474627725676,5.319482390889148,-0.09411017378958299,0.4991528410209198,0.9334221705569193
5864,YFI,2024-08-31,18564716.0,12.0,2372699.0,12.0,-0.28732072198014025,3.0,False,-0.31553171268514635,3.0,False,0.3190228173385584,7459127.575263594,873973.9129335927,9.335475502005565,23.234681223905227,198.30162989414015,2.233821713243876,3.1456460427916633,5.289789254827021,-0.07622609503796526,0.511261147316428,0.9048289506177828
5864,YFI,2024-09-30,16393879.0,12.0,2120479.0,12.0,-0.32512623218679637,3.0,False,-0.33618795423947234,3.0,False,0.3155687594553202,5842274.580759561,730424.0546731391,10.936937672585664,30.689901742276575,245.47224545493134,2.392145837569882,3.4239336670063363,5.503183887706852,-0.11274727792623976,0.4790137668745561,0.9463251557854216
5864,YFI,2024-10-31,16270971.0,12.0,2098224.0,12.0,-0.34598002338074785,3.0,False,-0.3517228645612158,3.0,False,0.3285107916339366,5516145.416549025,699043.2333033064,9.7349003404782,28.715030001313085,226.5901071373145,2.275717401532748,3.357420679111573,5.423142689817904,-0.15444812422596496,0.4307550966877738,0.8913465804811828
5864,YFI,2024-11-30,16400940.0,12.0,2085391.0,12.0,-0.3661670901682603,3.0,False,-0.36945165967007443,3.0,False,0.3661894877434941,5444331.276367865,685558.068860961,16.498159379959443,49.70037794644828,394.69351232452607,2.8032488219543357,3.906012537629972,5.978109545555061,-0.2570675104444893,0.36689837022870614,0.8513087742764562
5864,YFI,2024-12-31,16765626.0,12.0,2071921.0,12.0,-0.37474374165492175,3.0,False,-0.38082535238002024,3.0,False,0.3871608071903498,5541532.766640586,672758.2131863321,16.040470159736834,48.52962797246783,399.74023102386644,2.77511491371308,3.8821744974587866,5.990814913701553,-0.18609607033591175,0.4191173975216199,0.8818265766331745
5864,YFI,2025-01-31,17102402.0,12.0,2095358.0,12.0,-0.3733430397985408,3.0,False,-0.3752215279857156,3.0,False,0.38344930855493237,5655411.735929603,689090.225559231,14.11894264170275,42.696773311705016,350.4154084864275,2.6475173455290695,3.7541233509086807,5.859119332086355,-0.096085482655622,0.5171828013521422,1.0000358968022245
5864,YFI,2025-02-28,18948379.0,12.0,2282936.0,12.0,-0.34998243401356577,3.0,False,-0.3501455988820241,3.0,False,0.38796795256473277,6736733.159479936,811269.341458773,9.935776259286708,27.9463131110125,232.06454946471575,2.296142006749854,3.330285280739643,5.4470155634187565,-0.28360712391918985,0.5305547853266511,1.028592479198975
5864,YFI,2025-03-31,18095705.0,12.0,2180136.0,12.0,-0.34961082149115463,3.0,False,-0.34595142245131305,3.0,False,0.3890511660074762,6447007.987161666,785019.6563299096,8.941970918913436,25.09866098963448,206.12384232992275,2.1907560256161,3.2228144976882205,5.328477164514314,-0.2955121499108074,0.42948785114076987,0.9046521083579072
5864,YFI,2025-04-30,17524276.0,12.0,2040581.0,12.0,-0.34049250649020835,3.0,False,-0.34389543772909814,3.0,False,0.38944040243566097,6413127.00312367,739429.6668789412,10.741895113288667,29.352909218331877,254.57990551404396,2.374151527265859,3.379391662940485,5.539614757297762,-0.21843575132046178,0.45292102915926036,0.9268818041639572
5864,YFI,2025-05-31,17332368.0,12.0,1980846.0,12.0,-0.3091040042637764,3.0,False,-0.317534876132035,3.0,False,0.3677033823466117,6817477.296869933,760030.5027571992,10.151100688357511,25.807583226781727,231.49414674462437,2.317582141811076,3.250668372259188,5.444554589166143,-0.31861349873142375,0.4045961253639378,0.8122577986720491
5864,YFI,2025-06-30,17088827.0,12.0,1892740.0,12.0,-0.2859383023372707,3.0,False,-0.3037440235481741,3.0,False,0.3850020220979908,7299159.654913878,767630.6590078824,10.146984148829452,23.756167132795056,225.88995717705984,2.3171765331423257,3.1678421655218214,5.420047965544859,-0.3306278495750224,0.2929793817842744,0.6633340103053734
5864,YFI,2025-07-31,18173166.0,12.0,1872868.0,12.0,-0.24230256612505452,3.0,False,-0.2830784921102605,3.0,False,0.3433894594510126,8560885.517118612,779269.8604638806,9.686223808078044,20.562049664764313,225.89010830287776,2.270704650061193,3.023447127484029,5.420048634568703,-0.5106105122178299,0.1596743224280511,0.5692683478379604
5864,YFI,2025-08-31,19166147.0,12.0,1900962.0,12.0,-0.18202184951961908,3.0,False,-0.2426147601653661,3.0,False,0.3389461462578334,10869808.394250663,891660.2919143572,9.280649736942944,16.36406923307336,199.48661920547246,2.2279315591039732,2.7950880308742225,5.295747162428747,-0.5512699820225188,0.07039008642259592,0.552424026006848
5864,YFI,2025-09-30,19786029.0,12.0,1918513.0,12.0,-0.12918935541703358,3.0,False,-0.20707778108673935,3.0,False,0.33823310084551284,13325867.29339673,1004623.7669700009,9.228853043325714,13.702849498018372,181.76192914758457,2.2223347767983035,2.617603803762712,5.202697749184563,-0.5025840348178625,0.05189093944507428,0.5242479214094612
5864,YFI,2025-10-31,20147082.0,12.0,1906650.0,12.0,-0.07212513895479855,3.0,False,-0.17523091487084952,3.0,False,0.33963890336195335,16492012.304587696,1105467.1606871095,7.929759644919333,9.687205833701611,144.51946062982097,2.0706227255933802,2.2708060286650404,4.973414174123437,-0.4020065021625327,0.08776530021072503,0.6571135529913907
5864,YFI,2025-11-30,20072147.0,12.0,1870085.0,12.0,0.020532697871392225,3.0,False,-0.11996807445897606,3.0,False,0.3338458037918481,23188628.055216756,1297624.4594829024,7.014157991331041,6.071476499082833,108.49765450577686,1.9479306766041682,1.803601820810485,4.686728555288576,-0.36165734105096053,-0.04566278715765678,0.5996981400075331
5864,YFI,2025-12-31,19032139.0,12.0,1742913.0,12.0,0.0927029734027256,3.0,False,-0.08606280081437345,3.0,False,0.3324999923053192,29505829.461863052,1358687.717310328,6.011281914611537,3.8774559147692234,84.20445074277646,1.7936380227429136,1.3551792465053352,4.433247779029152,-0.3596661638348465,-0.07540017939112807,0.4917831561815868
5864,YFI,2026-01-31,18217885.0,12.0,1622035.0,12.0,0.12554777520285954,3.0,False,-0.08293344245332457,3.0,False,0.31621024842593004,33369544.81764755,1278356.4101893972,5.499232904892599,3.002270279592384,78.36968771072718,1.7046086106736147,1.0993687623338717,4.361437216250494,-0.3938468880812755,-0.05486037158511957,0.5399114031720926
5864,YFI,2026-02-28,15115469.0,12.0,1194582.0,12.0,0.07355421818520269,3.0,False,-0.16569083613324587,3.0,False,0.3127899252524381,22138082.804750435,705556.5458467747,6.229675860100794,4.253506194456725,133.46126954344993,1.8293243025695358,1.4477436297526487,4.893811319969179,-0.3565310166553834,-0.04063525541551492,0.6391988667715844
5864,YFI,2026-03-31,14805843.0,12.0,1131803.0,12.0,0.0833579403561111,3.0,False,-0.1749319680826117,3.0,False,0.329336354175468,22154286.409434702,653501.0645705396,6.003612306279335,4.012250252474183,136.01896930046243,1.7923613391145876,1.389352244144962,4.9127943561600596,-0.32955978692541,-0.018773706062647402,0.6345657268806213
5864,YFI,2026-04-30,14136498.0,12.0,1052083.0,12.0,0.06940948295774918,3.0,False,-0.18328068627573357,3.0,False,0.32925591455521314,19958613.3749645,591229.3920612256,6.6666220762718185,4.721905669368177,159.40122550303278,1.8971132963042856,1.5522124616251913,5.071424454551358,-0.347280497899021,-0.04792227194773013,0.7178304769545976
5864,YFI,2026-05-31,13646086.0,12.0,972719.0,12.0,0.02969401577671027,3.0,False,-0.21427864977587407,3.0,False,0.32630550900188543,16435377.121676786,494087.59493234876,6.019402822626391,4.997834121972504,166.24843333184555,1.794988055500923,1.609004642980946,5.113483255923715,-0.4194122407177531,-0.048315430955310434,0.7074102715983593
5906,NVT,2022-12-31,,,,,,,,,,,0.20668391746784595,,,,,,,,,,,
5957,YFII,2022-09-30,,,,,,,,,,,0.1843578420641561,,,,,,,,,,,
5957,YFII,2022-10-31,,,,,,,,,,,0.1861681150611681,,,,,,,,,,,
5957,YFII,2022-11-30,,,,,,,,,,,0.19280370523338852,,,,,,,,,,,
5957,YFII,2022-12-31,,,,,,,,,,,0.19115846953506788,,,,,,,,,,,
5957,YFII,2023-01-31,,,,,,,,,,,0.1837601083877304,,,,,,,,,,,
5957,YFII,2023-02-28,,,,,,,,,,,0.1838929371058417,,,,,,,,,,,
5957,YFII,2023-03-31,,,,,,,,,,,0.1731420002833703,,,,,,,,,,,
5957,YFII,2023-04-30,,,,,,,,,,,0.17322942022062143,,,,,,,,,,,
5957,YFII,2023-05-31,,,,,,,,,,,0.17669431576279168,,,,,,,,,,,
5957,YFII,2023-06-30,,,,,,,,,,,0.173892726595065,,,,,,,,,,,
5957,YFII,2023-07-31,,,,,,,,,,,0.17412158018892554,,,,,,,,,,,
5957,YFII,2023-08-31,,,,,,,,,,,0.18384828445046003,,,,,,,,,,,
5957,YFII,2023-09-30,,,,,,,,,,,0.18364476055355178,,,,,,,,,,,
5957,YFII,2023-10-31,,,,,,,,,,,0.19231500748721223,,,,,,,,,,,
5957,YFII,2023-11-30,,,,,,,,,,,0.2360487913772102,,,,,,,,,,,
5957,YFII,2023-12-31,,,,,,,,,,,0.23812284959969257,,,,,,,,,,,
5957,YFII,2024-01-31,,,,,,,,,,,0.229944434341999,,,,,,,,,,,
5957,YFII,2024-02-29,,,,,,,,,,,0.1456309775843464,,,,,,,,,,,
5957,YFII,2024-03-31,,,,,,,,,,,0.13362703221685276,,,,,,,,,,,
5957,YFII,2024-04-30,,,,,,,,,,,0.14299600682279295,,,,,,,,,,,
5957,YFII,2024-05-31,,,,,,,,,,,0.12253588989254466,,,,,,,,,,,
5957,YFII,2024-06-30,,,,,,,,,,,0.12913985288013877,,,,,,,,,,,
5957,YFII,2024-07-31,,,,,,,,,,,0.09922477408379662,,,,,,,,,,,
5957,YFII,2024-08-31,,,,,,,,,,,0.0600005850525838,,,,,,,,,,,
5957,YFII,2024-09-30,,,,,,,,,,,0.05,,,,,,,,,,,
5957,YFII,2024-10-31,,,,,,,,,,,0.05528469667820482,,,,,,,,,,,
6538,CRV,2021-09-30,75923764.0,11.0,37747201.0,11.0,,,False,,,False,0.36769445363031517,,,13.125913512976426,,,2.574588407044331,,,0.5483302090030137,,
6538,CRV,2021-10-31,88517944.0,12.0,44040972.0,12.0,,,False,,,False,0.4160945353280917,,,20.67645777094104,,,3.0289957472967233,,,0.7780385232049772,,
6538,CRV,2021-11-30,100399540.0,12.0,49987920.0,12.0,,,False,,,False,0.40454424544505807,,,21.77517130331996,,,3.080770389679836,,,0.9578432627425333,,
6538,CRV,2021-12-31,117427301.0,12.0,58500971.0,12.0,,,False,,,False,0.3856950915853956,,,19.66506706420587,,,2.9788438162113353,,,0.9564306740065633,,
6538,CRV,2022-01-31,136562434.0,12.0,68067741.0,12.0,,,False,,,False,0.4150652570949355,,,11.039731995322528,,,2.4015007647682847,,,0.8476613863164755,,
6538,CRV,2022-02-28,142975885.0,12.0,71274314.0,12.0,,,False,,,False,0.4061142859950796,,,7.7304147985146505,,,2.045162522028286,,,0.8714528998016466,,
6538,CRV,2022-03-31,148075041.0,12.0,73823783.0,12.0,,,False,,,False,0.405476120945056,,,8.337640659058065,,,2.120780281751076,,,0.8489319785543529,,
6538,CRV,2022-04-30,149240043.0,12.0,74406192.0,12.0,2.0,1.0,True,2.0,1.0,True,0.4137445180097918,539859226565.7588,269156108892.45956,6.196740919344992,0.0017130426521482422,0.003435931233618806,1.8240234956741923,-6.369484160856003,-5.673467288559002,-0.020274318403523426,-0.3150714863375969,-0.6045243183977004
6538,CRV,2022-05-31,157567604.0,12.0,78569480.0,12.0,2.0,1.0,True,2.0,1.0,True,0.4259068490716486,529164541331.59344,263862505942.92096,4.023189933982122,0.0011979721784442874,0.0024024800191642702,1.3920751038795773,-6.727125002893865,-6.031253733839417,-0.10471928770479805,-0.8410110608736935,-0.8986493277110085
6538,CRV,2022-06-30,156227009.0,12.0,77937980.0,12.0,1.9388081513711373,1.0,False,1.9375556129797942,1.0,False,0.4362072571646699,404595239354.3099,201019804617.97546,2.3477343591976294,0.000906534435376248,0.0018245939377018942,0.8534507606412631,-7.005881541313535,-6.306397816593828,-0.24026338792850066,-0.86149897480563,-0.8564501691269184
6538,CRV,2022-07-31,154480935.0,12.0,77179897.0,12.0,1.5971401537663095,1.0,False,1.6095371236905005,1.0,False,0.4594135651151221,108138196429.27911,56498601861.59521,4.451388988155972,0.006359036451923398,0.012171181414782411,1.4932161796449186,-5.057878414377488,-4.408684300705576,-0.26093139137762056,-0.6024424171471918,-0.6364315555462041
6538,CRV,2022-08-31,150147192.0,12.0,75057374.0,12.0,1.2253344188840654,1.0,False,1.238765840284806,1.0,False,0.45944363962125756,25231175271.623287,13319050691.330866,4.015136725376323,0.023893516584990372,0.045263098608350656,1.3900714004618326,-3.734148129440283,-3.0952631787173908,-0.30266208309833803,-0.3946071093654943,-0.5651942635798334
6538,CRV,2022-09-30,144893009.0,12.0,72433706.0,12.0,0.9084012879024279,1.0,False,0.9189159482314992,1.0,False,0.46242889710360313,6244095363.722865,3269525011.391168,3.3604437136474954,0.07797843768920544,0.1489221827479901,1.2120730228894543,-2.5513229303910743,-1.904331372900037,-0.39600176855230923,-0.48476067023407515,-0.47596559689350026
6538,CRV,2022-10-31,134559044.0,12.0,67269403.0,12.0,0.5201329574487179,1.0,False,0.5274277552275639,1.0,False,0.46070079728115715,1021022739.8280334,527258927.7674877,3.495268928513976,0.4606362103384289,0.8920096384809784,1.2514103193675858,-0.7751466791006434,-0.11427834098855753,-0.4430946718206599,-0.12992623073567452,-0.1681294125376869
6538,CRV,2022-11-30,127135687.0,12.0,63558703.0,12.0,0.26629750494872795,1.0,False,0.2714812498699686,1.0,False,0.4638428307876671,329457894.77401125,168063458.50403032,2.804375419915142,1.0821904749357665,2.121437930591408,1.031180847483831,0.07898720461297765,0.7520941279102534,-0.5271565448642244,-0.07884218978368965,-0.27315120817698596
6538,CRV,2022-12-31,110677749.0,12.0,55330476.0,12.0,-0.057478558584941,1.0,False,-0.054195596172241345,1.0,False,0.4664715964531159,95292431.39867404,48105097.454357915,2.520714555671511,2.9276932994401488,5.7995311860237,0.9245424151674415,1.0742148431537013,1.7577770842895397,-0.5883174928422468,0.05398980525784088,-0.24448029713606792
6538,CRV,2023-01-31,90835241.0,12.0,45409799.0,12.0,-0.33484459569606084,1.0,False,-0.3328734238440497,1.0,False,0.4941013782551101,36695034.86387158,18442789.29429747,7.899571556317993,19.554675142749883,38.90731898871501,2.066808524624824,2.973214395579071,3.6611823817367877,-0.3392031887178572,0.2740368629644211,-0.05085511696633805
6538,CRV,2023-02-28,81701470.0,12.0,40841354.0,12.0,-0.4285646841773352,1.0,False,-0.42698355539416344,1.0,False,0.4941473561364112,25466273.761079222,12787396.437819578,8.88595886455614,28.508132300977856,56.774332845940876,2.184472375261064,3.3501893904657383,4.0390843370805,-0.35702670158816613,0.2809658009439462,-0.044642605311484
6538,CRV,2023-03-31,72805984.0,12.0,36390523.0,12.0,-0.5,1.0,True,-0.5,1.0,True,0.4752682079383075,18112072.101242486,9052934.115661744,10.437649216868875,41.9567301650062,83.94221278671259,2.345419386301742,3.7366388530608576,4.4301286190866085,-0.14341833993632644,0.3758467439863235,0.03351122680612038
6538,CRV,2023-04-30,62730517.0,12.0,31350628.0,12.0,0.4174660391734828,2.0,False,0.41749321484754076,2.0,False,0.4750837881546356,293259988.7729779,146578318.92760876,11.772360819953391,2.5181965110075293,5.038168577379711,2.4657544805941125,0.9235429750740313,1.6170426385416483,-0.1064367851528252,-0.21025249027490875,-0.46310175798777725
6538,CRV,2023-05-31,44050546.0,12.0,22012504.0,12.0,0.0034969892455067875,2.0,False,0.0033868498931577395,2.0,False,0.47558806434240963,45545104.363004856,22751677.011566464,15.212374494571142,14.71318184060742,29.45336302469755,2.7221092081281677,2.688743815818898,3.3828080979649267,0.034304915790441703,0.30165264062422326,-0.027601273529755162
6538,CRV,2023-06-30,38448736.0,12.0,19310072.0,12.0,-0.1495503783350639,2.0,False,-0.14687941258312176,2.0,False,0.47052182889052546,25423230.65606133,12864300.555478029,17.13667371558122,25.91658992998329,51.2179765053723,2.841220828734439,3.254883301485884,3.936090574043562,0.13921215857404443,0.39175568834129654,-0.007436898963205716
6538,CRV,2023-07-31,106998706.0,12.0,54517815.0,12.0,0.3412184267627316,2.0,False,0.35768451045348204,2.0,False,0.4738640943847406,366419344.1625014,199576168.11618972,4.7198189375240815,1.3782419703404232,2.5304349894891307,1.5517704381676232,0.320808752488768,0.928391220565112,-0.7130518305459217,-0.36633054530462167,-0.7943322677978865
6538,CRV,2023-08-31,151111631.0,12.0,76011747.0,12.0,0.4965388026517388,2.0,False,0.5057331435019643,2.0,False,0.4754943778819538,988995694.7772013,517726179.0451868,2.5996229941080893,0.3972042271764119,0.7587664802835681,0.9553664322474719,-0.9233047044296534,-0.2760612165364788,-0.9663971784143449,-0.7766913880674235,-1.2034550288193897
6538,CRV,2023-09-30,172770703.0,12.0,86874551.0,12.0,0.5085030233097116,2.0,False,0.5170640244721993,2.0,False,0.47523547971310487,1191924313.548125,622105207.6559814,2.626690846247691,0.38074164517959996,0.7294830817761522,0.9657248205835562,-0.9656342305084195,-0.31541910282194324,-1.0225102127454533,-0.8496453540365703,-0.9715347958304826
6538,CRV,2023-10-31,189187763.0,12.0,94082609.0,12.0,0.4619444200252134,2.0,False,0.4615922395564218,2.0,False,0.4339097511299072,1201314450.1414053,596461220.0842017,2.2786208239638976,0.3588462424307007,0.7227413315321498,0.8235703581692407,-1.0248612763028584,-0.324703891886905,-1.1113308579966399,-0.8725194528217157,-0.9236579561225448
6538,CRV,2023-11-30,255266935.0,12.0,119145425.0,12.0,0.5945253217006086,2.0,False,0.5438537332982409,2.0,False,0.4816696300373927,2515857904.0646725,940383009.2471663,2.0237243708022103,0.20533350336871978,0.5493399097385281,0.7049395617181314,-1.5831197760226554,-0.5990378856410907,-1.5147784526846222,-1.2925824565557846,-1.2000982449626874
6538,CRV,2023-12-31,280622432.0,12.0,132242538.0,12.0,0.5458831112928748,2.0,False,0.5035021397996675,2.0,False,0.5031741555827962,2094916628.015918,825385480.9895731,2.2729708427073168,0.30447350372588194,0.7727863167412251,0.8210877171186706,-1.1891712112968178,-0.25775270232077857,-1.5861984840260208,-1.1799793893156354,-1.2115825517911478
6538,CRV,2024-01-31,285671826.0,12.0,138087017.0,12.0,0.44633228629869937,2.0,False,0.42431403940129053,2.0,False,0.4265796129609222,1728040282.6252825,756166803.9330114,1.743761371224544,0.2882707654645569,0.6587746148535103,0.5560444876986312,-1.2438550826547445,-0.41737381382312294,-1.7306664035902857,-1.1967534852488326,-1.260886498865786
6538,CRV,2024-02-29,290042997.0,12.0,143173470.0,12.0,0.4242944936064166,2.0,False,0.4173096770448481,2.0,False,0.4643111544929158,1433728746.9113247,686943948.1364553,2.343273524352844,0.4740436970788362,0.9893821433871123,0.851548893792975,-0.7464557736060725,-0.010674628272243233,-1.6774122523788255,-0.6947160459375223,-0.680413634801507
6538,CRV,2024-03-31,299523179.0,12.0,153600903.0,12.0,0.4222445801956476,2.0,False,0.4424432518959851,2.0,False,0.43677689328020486,1578995193.2136788,885948541.8897175,2.699435486381581,0.5120620391128737,0.9126303167245007,0.9930426720322646,-0.6693094911408065,-0.09142439087350669,-1.8380738074977723,-0.6126466489089233,-0.6851213968958465
6538,CRV,2024-04-30,307666183.0,12.0,161888372.0,12.0,1.143920813944586,3.0,False,1.1810743118373517,3.0,False,0.4456534022700165,39721350327.571945,24395974774.50081,1.5944208664806785,0.012349766008462102,0.02010780002110822,0.46651057718697986,-4.394118162770872,-3.906647478441554,-1.7041738617263202,-1.3796102314459338,-1.3740656437231382
6538,CRV,2024-05-31,313502580.0,12.0,168201349.0,12.0,0.9280013057836694,3.0,False,0.9740839257478169,3.0,False,0.4549012061463157,15257685310.653984,10021248367.678783,1.8049451336644746,0.03708655308070472,0.056465515612535044,0.5905301944610634,-3.2945008257247217,-2.8741251703059123,-1.7683789004730341,-1.0817250389313602,-1.0906984015043908
6538,CRV,2024-06-30,319166622.0,12.0,173874128.0,12.0,0.8175130098568195,3.0,False,0.8713598418847908,3.0,False,0.46285140800350194,9164283404.577478,6347694574.857858,1.1168440806951427,0.038896587632603744,0.0561557189515764,0.11050692278351153,-3.2468487537323907,-2.879626751664919,-1.8220839336677763,-1.2553483935056278,-1.2930348520902593
6538,CRV,2024-07-31,253544461.0,12.0,143277226.0,12.0,0.621405125589805,3.0,False,0.692045938489227,3.0,False,0.4745103141644482,2884604589.596114,2234811733.446824,1.2242850734208484,0.10760944504158067,0.13889791896343667,0.2023570600940209,-2.2292468559099747,-1.974016011598749,-1.7096170110660167,-1.143491881890796,-1.2474456725646277
6538,CRV,2024-08-31,208875745.0,12.0,122311955.0,12.0,0.45743331987944114,3.0,False,0.5394351711323164,3.0,False,0.4624406742251549,1196980671.1940763,1005726130.07783,1.5832565699623196,0.2762817341462353,0.32882102362343113,0.45948384607408244,-1.2863341580102685,-1.1122416773836594,-1.4478415254114785,-0.7644070242572129,-1.0135675644991409
6538,CRV,2024-09-30,187571091.0,12.0,113038806.0,12.0,0.3518527576928303,3.0,False,0.441388112300684,3.0,False,0.4661082866714049,681468894.1012677,598434615.9449311,1.7790110426389432,0.4896643780181798,0.5576065175339737,0.5760576158813773,-0.7140350653780073,-0.5841017310568348,-1.4697729524212622,-0.6900480143195105,-0.8416894497293069
6538,CRV,2024-10-31,172546901.0,12.0,107973839.0,12.0,0.24918074646495114,3.0,False,0.3484056051805722,3.0,False,0.4144072689654228,453999139.19752496,435208973.2776395,1.7780294222553383,0.6757578158391617,0.704933688261206,0.575505684904931,-0.391920527722787,-0.34965153979767594,-1.3642669385415056,-0.6186218668295728,-0.6975751697582151
6538,CRV,2024-11-30,106544837.0,12.0,85212054.0,12.0,0.0200001338866842,3.0,False,0.19457106017599912,3.0,False,0.5486954628691643,114277364.53847879,154834788.3381123,7.999432058126873,7.458154011232219,5.504565181208121,2.0793705464255914,2.009307932017026,1.7055777808985095,-0.7269440103447771,-0.16962648093591373,-0.3451201225255471
6538,CRV,2024-12-31,86099303.0,12.0,76792984.0,12.0,-0.09826930729759398,3.0,False,0.09492949873021939,3.0,False,0.5676311169380021,67037835.06780278,101620101.48302042,13.088975531503493,16.810681149036128,11.089849880092927,2.5717703134139542,2.822014467065751,2.4060302647596488,-0.3169221782813516,0.14288231282958624,-0.019117754350379414
6538,CRV,2025-01-31,84022371.0,12.0,74377674.0,12.0,-0.14947341174706963,3.0,False,0.029991763106663294,3.0,False,0.5604332528242418,57165316.76027245,81896732.32360926,11.864508897789104,17.438618813630555,12.17245352847191,2.4735514982000115,2.8586872188784898,2.499175491320207,-0.22656127587169303,0.30125932291680124,0.15836396769000793
6538,CRV,2025-02-28,81044838.0,12.0,71220859.0,12.0,-0.1723992891659658,3.0,False,-0.0002500590845718742,3.0,False,0.5759939417211153,52232626.64117986,71999447.26987496,7.15540475423819,11.10242115747761,8.054348208507726,1.9678679808337483,2.4071632068283595,2.086212095727087,-0.49643217934581496,0.30211794000985365,0.18819853237483222
6538,CRV,2025-03-31,71524063.0,12.0,62298410.0,12.0,-0.21538470143075938,3.0,False,-0.055010704993854964,3.0,False,0.5728533720988545,41265104.74476906,54386043.960146114,9.183815897600326,15.918142723813977,12.077801196970945,2.217442793383291,2.7674595105335595,2.4913691558206974,-0.2781943013509494,0.3066576679379967,0.1468841419075899
6538,CRV,2025-04-30,66845679.0,12.0,57916612.0,12.0,-0.23488040503697238,3.0,False,-0.08011961843489912,3.0,False,0.5853117299183596,36891112.76392704,47403829.56297231,14.249843157787746,25.820322840932068,20.094166448313,2.6567459001830525,3.2511618888620966,3.000429546489093,-0.039926067957963954,0.42066766233445757,0.3286753588481587
6538,CRV,2025-05-31,67640125.0,12.0,58794947.0,12.0,-0.24563912289420808,3.0,False,-0.09211945827126145,3.0,False,0.5810053105748852,36257444.87866669,46620850.0413585,13.22876128714277,24.67893339014579,19.19302342758022,2.58239334465365,3.2059499805240987,2.954546849854488,-0.17316795344498123,0.39365941055595305,0.19977928545724435
6538,CRV,2025-06-30,64736861.0,12.0,56405057.0,12.0,-0.2544699159800454,3.0,False,-0.1021792625839073,3.0,False,0.6163647156898175,34458816.475851096,43849739.87633466,10.979865805857374,20.627581535499782,16.209948986631407,2.3960632143179352,3.02662908974578,2.7856251887118746,-0.28730941446543506,0.25719258397712014,0.00845661283547054
6538,CRV,2025-07-31,61553737.0,12.0,53082341.0,12.0,-0.26414341874793934,3.0,False,-0.1172956008965339,3.0,False,0.591573008862366,31632229.17441017,39532775.61805668,20.828034591948697,40.52965589086144,32.42988491084184,3.0362998961379857,3.7020339503712965,3.479080371464389,-0.08723194374410245,0.34091723086336434,0.077605349521977
6538,CRV,2025-08-31,65039076.0,12.0,55998385.0,12.0,-0.24336623826918147,3.0,False,-0.0930276540432523,3.0,False,0.6063929126593135,35445855.976447485,44477209.51061712,16.12327887153458,29.584365534626052,23.57708973726445,2.7802641203360565,3.387246030390031,3.1602754666807336,-0.24665144661924665,0.2309443912129871,0.010603660730847035
6538,CRV,2025-09-30,67694163.0,12.0,57854272.0,12.0,-0.2240484641121706,3.0,False,-0.07217748093253407,3.0,False,0.6036498936112985,38677336.38306562,48438360.48250181,14.182645918851426,24.822866163616506,19.820702745478755,2.6520190988207903,3.2117652510955526,2.9867269846546494,-0.269474657790163,0.2142459302649145,-0.03955556112361574
6538,CRV,2025-10-31,71866792.0,12.0,59462294.0,12.0,-0.18865582580656637,3.0,False,-0.04028703431879466,3.0,False,0.6101118581491276,44956218.820127584,54055110.484210886,9.388600401690613,15.008570781698605,12.482235004153756,2.2394962301076884,2.7086214233702752,2.524306433778437,-0.3120836747956708,0.2122705846379507,0.038161290462488465
6538,CRV,2025-11-30,73939126.0,12.0,58790422.0,12.0,-0.16529000698929242,3.0,False,-0.025660033852946018,3.0,False,0.5974689692757499,48843105.29889724,55498772.52749872,7.964725145205155,12.057071565431126,10.611132269184866,2.0750224349455304,2.489651339709424,2.361903664103072,-0.29234187585953936,0.157136044472217,-0.0006939125178150675
6538,CRV,2025-12-31,72560832.0,12.0,55415134.0,12.0,-0.13127834927595472,3.0,False,0.000509754394511841,3.0,False,0.5947095141569632,52189641.58821747,56061638.66586935,7.16347559376662,9.95959606690898,9.271718798541823,1.968995281319119,2.298536515242882,2.2269687775514275,-0.2634196060333123,0.17511917197015278,-0.07035496844964374
6538,CRV,2026-01-31,73583705.0,12.0,54036974.0,12.0,-0.06780001247693623,3.0,False,0.05969401257314044,3.0,False,0.546560969479381,61937241.65382735,64990723.3637384,5.7231651913972135,6.799329254340756,6.479874008372888,1.7445220074865804,1.9168239682493724,1.8687010670228306,-0.3729696290532839,0.14311068567821178,-0.04206455939340821
6538,CRV,2026-02-28,75154994.0,12.0,53385316.0,12.0,-0.02745585273047557,3.0,False,0.09338697328247192,3.0,False,0.5333743788881324,70627949.60975021,71327927.25578547,4.904830977857334,5.21921625572709,5.167997401494417,1.5902206332711668,1.6523472480410044,1.6424852636733664,-0.48458066521123355,0.013855219714787414,-0.20446314644766622
6538,CRV,2026-03-31,75789360.0,12.0,52213297.0,12.0,0.013476589449402443,3.0,False,0.1278835781431189,3.0,False,0.5677249794705398,79613823.6784306,76147519.89383201,4.257862074545878,4.053324243055195,4.237835218376473,1.4487671738719416,1.3995373452000925,1.4440525771591974,-0.4996914277480943,-0.0162732399009438,-0.2192529551420418
6538,CRV,2026-04-30,74970636.0,12.0,49420275.0,12.0,0.06121678240322126,3.0,False,0.1638213080526265,3.0,False,0.564928240773932,90093956.60366738,80511104.09071241,4.70606109242531,3.916093891913928,4.382207859880541,1.5488512720367407,1.3650947008654926,1.4775526749822177,-0.5105170236777421,-0.09766279763865783,-0.267623999582133
6538,CRV,2026-05-31,69698268.0,12.0,42893606.0,12.0,0.1652619446428496,3.0,False,0.24903431531801123,3.0,False,0.5672442686708199,113876534.62533893,91477414.58455981,4.679234300647414,2.863930900200989,3.5651917776911377,1.5431344855710454,1.0521951217825436,1.2712178470031519,-0.5339952787881489,-0.18306168427318512,-0.3159512297815631
6758,SUSHI,2022-02-28,511026715.0,12.0,85171138.0,12.0,2.0,1.0,True,2.0,1.0,True,0.6971145923369284,409489318485.95746,68248234838.94268,0.8722347135370137,0.0010885149385967967,0.006531088187403904,-0.13669672439182337,-6.822940953362902,-5.031181705258292,-1.1479068732030442,-0.31387950797876124,0.6044093629597411
6758,SUSHI,2022-03-31,491267403.0,12.0,81877918.0,12.0,2.0,1.0,True,2.0,1.0,True,0.6939426115589302,399505452115.73047,66584256250.53065,1.1381603167102123,0.001399583059572136,0.008397496562611637,0.12941320162584116,-6.5715809013078275,-4.779821645812636,-1.1675266068221024,-0.3085667822880203,-0.28484680984072713
6758,SUSHI,2022-04-30,463522630.0,12.0,77253786.0,12.0,1.7396091785748835,1.0,False,1.7396097192546542,1.0,False,0.7059090795167874,155732577991.62518,25955480642.180523,0.6375852601433298,0.0018977095251499873,0.011386234788139236,-0.45006726949083803,-6.267107633104092,-4.475350127891284,-1.0673917206588135,-0.28298018783488454,-0.2029317373489557
6758,SUSHI,2022-05-31,385621848.0,12.0,64270326.0,12.0,0.511373394789286,1.0,False,0.5113740135524434,1.0,False,0.6974713590226286,1638602796.1831138,273101101.16271037,0.619536850042261,0.14579918060306896,0.8747930491684751,-0.47878309615939785,-1.9255250794297574,-0.13376793583469046,-1.0759829143419966,0.3962225849212833,0.5960495551161171
6758,SUSHI,2022-06-30,346688537.0,12.0,57781437.0,12.0,0.16238315818955895,1.0,False,0.16238360686387954,1.0,False,0.6662760036819143,531735263.53284734,88622673.7778142,0.3622591517765941,0.23619102203201936,1.4171440556979544,-0.5825871797763525,-1.4431143859665947,0.3486436179957154,-1.6768030407445895,0.3968203159558813,0.6379402447988741
6758,SUSHI,2022-07-31,329195897.0,12.0,54866000.0,12.0,0.03255046767011094,1.0,False,0.032550968865763474,1.0,False,0.6664863285839253,359521651.32573795,59920369.77853373,0.5592631211613373,0.5120891166104464,3.072529851037099,-0.5811352168194709,-0.6692566132088182,1.122501277964022,-1.3431645120498277,0.3709019216609915,0.5756516648785978
6758,SUSHI,2022-08-31,299746864.0,12.0,49957824.0,12.0,-0.14553449746646263,1.0,False,-0.14553415250006285,1.0,False,0.6682788668261805,211728964.14689526,35288199.353397004,0.44052767535827875,0.6236595438224574,3.7419531631937093,-0.5825871797763525,-0.4721506623567306,1.319607711256652,-1.2736035442890392,0.4078607118330836,0.43090555245411566
6758,SUSHI,2022-09-30,260271633.0,12.0,43378621.0,12.0,-0.3245220183691123,1.0,False,-0.3245217261693756,1.0,False,0.6661270967359246,118956846.08590524,19826162.532927323,0.5384529837600128,1.1781082130887646,7.068641606472739,-0.5825871797763525,0.16390994271559997,1.9556683265787274,-1.2974645881902123,0.09243504074992281,0.20991025923440806
6758,SUSHI,2022-10-31,202550459.0,12.0,33758418.0,12.0,-0.5,1.0,True,-0.5,1.0,True,0.6666506584073465,58224004.596629485,9704003.113648532,1.0071025562511529,3.503522068637529,21.021127326498565,0.007077451898462413,1.253768767834595,3.0455279951476513,-1.1041361042425282,0.2471160155738497,0.33691473093554
6758,SUSHI,2022-11-30,149355266.0,12.0,24892544.0,12.0,-0.5,1.0,True,-0.5,1.0,True,0.6579108077347621,42703839.451171055,7117306.479888103,1.2525400787707237,4.380717496242187,26.284305329423375,0.22517355248346702,1.4772125229000859,3.2689720055190317,-0.9262481626803541,0.19447426813696597,0.16985304431330966
6758,SUSHI,2022-12-31,109610563.0,12.0,18268425.0,12.0,-0.5,1.0,True,-0.5,1.0,True,0.6625860080452576,31430150.32412335,5238357.766075639,1.8733025795752805,6.533018401092423,39.19811505551793,0.6277029585059108,1.8768690724920907,3.6686286603218607,-0.7385979186941126,0.22891675396483308,0.16164003749264128
6758,SUSHI,2023-01-31,61761321.0,12.0,10293550.0,12.0,-0.5,1.0,True,-0.5,1.0,True,0.6215553351543608,17251403.87782251,2875233.002003955,4.549254731144736,16.28667346442432,97.720074013192,1.51496342419413,2.7903471945431613,4.582107003789908,-0.6466204651283463,0.23142016151685788,0.1603798232653915
6758,SUSHI,2023-02-28,44354887.0,12.0,7392478.0,12.0,-0.34965736173875017,2.0,False,-0.34965737390280005,2.0,False,0.6211766741779132,18608269.55581016,3101376.8338454487,6.393130185057327,15.23873921129691,91.43247729199935,1.8552240052652438,2.7238408179187488,4.5156007467671575,-0.5485429404060326,0.12572084375481082,0.0773908490567258
6758,SUSHI,2023-03-31,36943593.0,12.0,6157261.0,12.0,-0.47448496524730044,2.0,False,-0.4744851199622251,2.0,False,0.5950394985516247,10904123.882695582,1817351.854139354,6.865910278654603,23.261969291422588,139.5719790481928,1.9265686274660832,3.1468198077982983,4.938580447030203,-0.4103315234935015,0.21722200509023787,0.18645614411867042
6758,SUSHI,2023-04-30,30101844.0,12.0,5016967.0,12.0,-0.5,2.0,True,-0.5,2.0,True,0.594880211253243,8255354.783299525,1375890.5441509122,7.800433529857042,28.44304568510349,170.65851222419008,2.054179312901896,3.347903690801126,5.139664555293514,-0.3677736076166532,0.3873203813456483,0.3832104934459417
6758,SUSHI,2023-05-31,22605301.0,12.0,3767544.0,12.0,-0.5,2.0,True,-0.5,2.0,True,0.5962261703988473,6205348.637867357,1034223.0801751029,8.558496897417083,31.17752277334893,187.06544282585878,2.146924578638716,3.439697411254289,5.231458517267905,-0.34088169762924736,0.4872302282709537,0.4254391515784653
6758,SUSHI,2023-06-30,18971423.0,12.0,3161902.0,12.0,-0.5,2.0,True,-0.5,2.0,True,0.5884730138967988,5179147.141914696,863190.6898240773,8.370128405789448,30.660114918426988,183.96079617460904,2.1246692255771915,3.4229626215914704,5.214722670639141,-0.3439743013031373,0.43500947233991244,0.3392600613470873
6758,SUSHI,2023-07-31,16445459.0,12.0,2740909.0,12.0,-0.5,2.0,True,-0.5,2.0,True,0.5871272490367663,4485221.928593664,747536.7608213143,9.616902580595813,35.261215523792764,211.56735746670083,2.263522235762827,3.5627836495403926,5.354543422803791,-0.2720776956298765,0.530589746770708,0.4786662445455015
6758,SUSHI,2023-08-31,14417630.0,12.0,2402949.0,12.0,-0.5,2.0,True,-0.5,2.0,True,0.5852882209674669,3926949.024659139,654494.409404018,9.477690369515097,34.796945960889545,208.780748985559,2.248940654676166,3.5495296231847635,5.341284653412931,-0.16549557862729875,0.5265087306413132,0.49291248069068166
6758,SUSHI,2023-09-30,12960865.0,12.0,2160157.0,12.0,-0.5,2.0,True,-0.5,2.0,True,0.5847408192239948,3528769.574145125,588131.7564048859,10.713200535409126,39.34865763826576,236.09054322476624,2.371476675989676,3.672461860895661,5.464215389179861,-0.13698176997754757,0.5122953488420139,0.5808477724036513
6758,SUSHI,2023-10-31,12036917.0,12.0,2006169.0,12.0,-0.5,2.0,True,-0.5,2.0,True,0.5562114831565458,3208004.444151728,534671.7159983264,14.801479889180698,55.537387184121584,333.22163782419887,2.6947271682833605,4.017056436913965,5.808807847632589,0.06524868943188064,0.6458198382725019,0.8173716177727167
6758,SUSHI,2023-11-30,11392043.0,12.0,1898695.0,12.0,-0.5,2.0,True,-0.5,2.0,True,0.6127196595338023,3163171.4175848803,527201.1135062714,25.920605047196542,93.35208507578653,560.1062663160847,3.2550382140818703,4.536378205847407,6.328126527005524,0.30247378352838694,0.6701612843601659,0.9327203683991997
6758,SUSHI,2023-12-31,12279983.0,12.0,2046683.0,12.0,-0.5,2.0,True,-0.5,2.0,True,0.38480234560874016,2777819.8801919622,462974.31566891633,23.6648961868938,104.6160425821916,627.6903772770814,3.1639927765703852,4.650296910637379,6.442047015075472,0.15724188898905686,0.7765478167676223,1.0878424403027718
6758,SUSHI,2024-01-31,12261478.0,12.0,2043597.0,12.0,-0.5,2.0,True,-0.5,2.0,True,0.318222512972665,2545742.246603365,424293.97320061247,19.98165295874839,96.24092874454341,577.4406747028822,2.9948145004665023,4.566854721916445,6.358605709331871,0.17185689834277584,0.786994710960782,1.1156846100882434
6758,SUSHI,2024-02-29,11091098.0,12.0,1848536.0,12.0,-0.5,3.0,True,-0.5,3.0,True,0.3117711030343716,2281768.0018247454,380298.712987759,31.916061376986125,155.13591400312586,930.805581026413,3.463109374523084,5.044301597234425,6.836050427356028,0.3309417218407346,0.7512314377608573,1.0098703408320406
6758,SUSHI,2024-03-31,12356648.0,12.0,2059457.0,12.0,-0.5,3.0,True,-0.5,3.0,True,0.33367803891647113,2620693.2450057296,436785.53020849725,36.07819775979751,170.10979481928328,1020.6510045774718,3.5856887427216946,5.136444080455831,6.928195942471763,0.7142625883816228,0.912166825581248,1.1920189190715385
6758,SUSHI,2024-04-30,13327849.0,12.0,2221325.0,12.0,-0.5,3.0,True,-0.5,3.0,True,0.34683410780724244,2876381.0390157895,479400.47276133957,16.86550450851756,78.14712110439112,468.87917340507954,2.8252703825943515,4.358593218113338,6.1503451092530375,0.23219502082853463,0.765074195080516,1.0022908727141067
6758,SUSHI,2024-05-31,13726450.0,12.0,2287770.0,12.0,-0.5,3.0,True,-0.5,3.0,True,0.37773979468598634,3079068.639387776,513184.46219759475,22.09944950312296,98.5190731871628,591.1071183510277,3.095552698852512,4.590250165850828,6.381997250307344,0.35993507628197446,0.8610092315746839,1.1517574872883558
6758,SUSHI,2024-06-30,14052787.0,12.0,2342157.0,12.0,-0.5,3.0,True,-0.5,3.0,True,0.37613376513424684,3146192.0160045195,524371.1196668032,15.554088676430467,69.47392086595242,416.83892752880575,2.7443235414542926,4.240951442812035,6.032699882260361,0.1485296333682898,0.8730033096768494,1.1566151426242786
6758,SUSHI,2024-07-31,14126807.0,12.0,2354487.0,12.0,-0.5,3.0,True,-0.5,3.0,True,0.37883096089998347,3173019.5339037594,528840.8940054507,12.369255704133314,55.069969219811426,330.4171255412397,2.515214015162722,4.008604544345805,5.800355873055489,0.04943424623026473,0.7640109021147887,1.0772107142698684
6758,SUSHI,2024-08-31,14356807.0,12.0,2392809.0,12.0,-0.5,3.0,True,-0.5,3.0,True,0.3712377683362805,3195235.470057324,532540.9883877658,10.152900537140761,45.618933210988416,273.7127032103486,2.317759431870112,3.8203228323432037,5.6120790278681945,-0.011339766346949243,0.7054550894226354,1.001404487975662
6758,SUSHI,2024-09-30,14459227.0,12.0,2409884.0,12.0,-0.5,3.0,True,-0.5,3.0,True,0.376117122250033,3237122.4707084056,539523.2849031732,14.480117990142503,64.6782180472881,388.06724170177296,2.672776535414876,4.16942448404009,5.961178627963067,0.09694686439523947,0.689630346841587,1.0808516649905793
6758,SUSHI,2024-10-31,14540559.0,12.0,2423437.0,12.0,-0.5,3.0,True,-0.5,3.0,True,0.4078298444245926,3376895.046436021,562818.2795895104,12.272995800457664,52.84624398725385,317.0760901253302,2.5074013854379857,3.967386640486141,5.759141777015328,0.010411134161026346,0.6014742158838148,0.9838280091400601
6758,SUSHI,2024-11-30,14142034.0,12.0,2357006.0,12.0,-0.5,3.0,True,-0.5,3.0,True,0.4577900402413065,3459790.977338335,576631.9111050306,24.749982908489123,101.16654505543092,606.9991844893208,3.2088247984483647,4.616768119742723,6.4085274475484155,0.006195840205807249,0.5679513079286342,0.9718378759921315
6758,SUSHI,2024-12-31,13488195.0,12.0,2248036.0,12.0,-0.5,3.0,True,-0.5,3.0,True,0.4860920049537921,3389214.5194816324,564869.9660345518,26.398616720483457,105.05964966496157,630.3569165763743,3.273311611828118,4.654528280901577,6.44628619321385,0.13442945583877972,0.6203617442854152,0.9962976836558938
6758,SUSHI,2025-01-31,12809424.0,12.0,2134915.0,12.0,-0.5,3.0,True,-0.5,3.0,True,0.4669994648017492,3161793.955813333,526968.3744698609,26.2687998699316,106.42318892615545,638.5358435287725,3.2683819182203693,4.667423494197142,6.459177810981966,0.3695679708548671,0.7374139677528421,1.1503516167807606
6758,SUSHI,2025-02-28,12038632.0,12.0,2006444.0,12.0,-0.5,3.0,True,-0.5,3.0,True,0.4805205543380737,3009543.1234031226,501591.85384962807,17.609331275485673,70.44001374931177,422.6389590753116,2.8684289476522506,4.254761478819806,6.046518289942067,0.08741522418645295,0.759326723760652,1.1785026025721816
6758,SUSHI,2025-03-31,9376607.0,12.0,1562776.0,12.0,-0.5,3.0,True,-0.5,3.0,True,0.48204728733718233,2347366.916559469,391229.86389353214,16.738791812194314,66.8634593810369,401.1786598184553,2.817728888752639,4.202652620321068,5.994406863791877,0.11134945242560255,0.6937952585639282,1.0825163956794144
6758,SUSHI,2025-04-30,7948836.0,12.0,1324808.0,12.0,-0.5,3.0,True,-0.5,3.0,True,0.46995248353957203,1967562.9671160702,327927.6562428897,22.289832476408613,90.04958203809996,540.2966765670213,3.104130631730621,4.500360430168661,6.292118389742857,0.24267866314605588,0.7348759581795302,1.1041640761053741
6758,SUSHI,2025-05-31,7392292.0,12.0,1232041.0,12.0,-0.5,3.0,True,-0.5,3.0,True,0.4716602454202339,1832763.286412063,305458.6469466311,23.483150740176328,94.71725488960392,568.3070657408152,3.1562831742102824,4.550896189398203,6.342661881343531,0.14203668404095418,0.7225910323744168,1.033169328518235
6758,SUSHI,2025-06-30,6756087.0,12.0,1126018.0,12.0,-0.5,3.0,True,-0.5,3.0,True,0.48922807641786287,1702463.8232719947,283744.85250901664,24.527520093168413,97.33543666450008,584.0108047014812,3.199795756264875,4.5781631229334705,6.369919483858248,0.15403804045268207,0.6503887128162517,0.8994576094915545
6758,SUSHI,2025-07-31,6483061.0,12.0,1080522.0,12.0,-0.5,3.0,True,-0.5,3.0,True,0.4790093715767197,1618436.5928521848,269742.3862249374,33.217954461196946,133.06299796870118,798.3692443781484,3.5030905267684362,4.890822685013637,6.682571202684824,0.17090595612661538,0.658429331768848,0.8890755508103498
6758,SUSHI,2025-08-31,6238994.0,12.0,1039847.0,12.0,-0.5,3.0,True,-0.5,3.0,True,0.4709070232483017,1545725.96036213,257624.62709607987,33.60730112208025,135.64872133462097,813.8808483501633,3.514743338663962,4.910068612850569,6.7018139773400405,0.15842332078555893,0.6438337235296615,0.9091768861710021
6758,SUSHI,2025-09-30,6076094.0,12.0,1012687.0,12.0,-0.5,3.0,True,-0.5,3.0,True,0.4768712442751558,1513826.8152837618,252305.63188937947,31.405813980723437,126.05449709755626,756.323497277519,3.446993034396231,4.836714330090387,6.62846919110542,0.16180912283041846,0.6582642925924971,0.8870031152586508
6758,SUSHI,2025-10-31,6129991.0,12.0,1021675.0,12.0,-0.5,3.0,True,-0.5,3.0,True,0.4833053313193061,1536376.133895193,256065.15353731695,22.73444319032271,90.70821205310155,544.2440340730703,3.123881095678298,4.507647893850539,6.299397738314696,0.15883914889591216,0.723875030502757,0.9922235661657011
6758,SUSHI,2025-11-30,5700152.0,12.0,950040.0,12.0,-0.5,3.0,True,-0.5,3.0,True,0.49446465112828847,1443160.1144775033,240530.39904167593,18.79686622960917,74.24331753461122,445.4530282214952,2.9336901660271897,4.307347774098752,6.0990918052611685,0.17597293858281304,0.6944539828967831,0.964444609205051
6758,SUSHI,2025-12-31,4903395.0,12.0,817255.0,12.0,-0.5,3.0,True,-0.5,3.0,True,0.4905970946103356,1237134.1208526336,206194.69692680662,16.021315422595038,63.50066384268231,380.99349356429667,2.7739200495423657,4.151050360059471,5.942782297721819,0.17837127767292668,0.6670754881729378,0.8763976599844371
6758,SUSHI,2026-01-31,4422909.0,12.0,737171.0,12.0,-0.5,3.0,True,-0.5,3.0,True,0.5047173790037217,1129969.8235288525,188333.28580366174,15.799006995821312,61.8402091612111,371.03144000646125,2.75994708969214,4.124553786569875,5.916286802969595,0.1581626262159207,0.6777780327351113,0.9029201737376354
6758,SUSHI,2026-02-28,3967231.0,12.0,661221.0,12.0,-0.5,3.0,True,-0.5,3.0,True,0.49347461862621445,1003531.1138832042,167259.19076881738,15.157611415992402,59.92215394576955,359.524314443173,2.718502809488764,4.093046285588412,5.884781808930136,0.1196598993959389,0.6638674302446869,0.8963383056595313
6758,SUSHI,2026-03-31,3713808.0,12.0,618986.0,12.0,-0.5,3.0,True,-0.5,3.0,True,0.5299541277847317,969290.5689289469,161553.1260902699,15.090156672880248,57.81748669536902,346.89483224039805,2.7140426552891626,4.057291267905108,5.849021656892699,0.1268133721637572,0.6362115723642482,0.8650148092609845
6758,SUSHI,2026-04-30,3404522.0,12.0,567449.0,12.0,-0.5,3.0,True,-0.5,3.0,True,0.5271783270689633,886537.9392227097,147763.7880072408,17.371914581878215,66.71239070488069,400.2541229738035,2.8548547976606145,4.200390703358263,5.992099652820155,0.10162976041671137,0.6560289581882478,0.9702834166304531
6758,SUSHI,2026-05-31,3070660.0,12.0,511801.0,12.0,-0.4859478903531562,3.0,False,-0.48593946283895717,3.0,False,0.5232584959292661,830819.5514161786,138479.93673231037,19.158239621675573,70.80772229832331,424.8156192504121,2.9527328905385803,4.259968066761971,6.05165523773204,0.10731414456183322,0.5932098581029889,0.9572860572811787
6859,FARM,2022-03-31,,,,,,,,,,,0.5178134885419085,,,,,,,,,,,
6859,FARM,2022-04-30,,,,,,,,,,,0.5185303424616746,,,,,,,,,,,
6859,FARM,2022-05-31,,,,,,,,,,,0.5347638854504645,,,,,,,,,,,
6859,FARM,2022-06-30,,,,,,,,,,,0.4771091904385328,,,,,,,,,,,
6859,FARM,2022-07-31,,,,,,,,,,,0.4785043528830411,,,,,,,,,,,
6859,FARM,2022-08-31,,,,,,,,,,,0.48138089136321377,,,,,,,,,,,
6859,FARM,2022-09-30,,,,,,,,,,,0.48106731461209146,,,,,,,,,,,
6859,FARM,2022-10-31,,,,,,,,,,,0.47775389877134994,,,,,,,,,,,
6859,FARM,2022-11-30,,,,,,,,,,,0.4706607033282839,,,,,,,,,,,
6859,FARM,2022-12-31,,,,,,,,,,,0.4714946716076479,,,,,,,,,,,
6859,FARM,2023-01-31,,,,,,,,,,,0.43581612914166873,,,,,,,,,,,
6859,FARM,2023-02-28,,,,,,,,,,,0.4350121448480397,,,,,,,,,,,
6859,FARM,2023-03-31,,,,,,,,,,,0.4086518471550547,,,,,,,,,,,
6859,FARM,2023-04-30,,,,,,,,,,,0.40772760509434597,,,,,,,,,,,
6859,FARM,2023-05-31,,,,,,,,,,,0.4092546714805335,,,,,,,,,,,
6859,FARM,2023-06-30,,,,,,,,,,,0.4023445774146095,,,,,,,,,,,
6859,FARM,2023-07-31,,,,,,,,,,,0.40081381734435084,,,,,,,,,,,
6859,FARM,2023-08-31,,,,,,,,,,,0.4011536675868531,,,,,,,,,,,
6859,FARM,2023-09-30,,,,,,,,,,,0.40102967021782515,,,,,,,,,,,
6859,FARM,2023-10-31,,,,,,,,,,,0.388137877368515,,,,,,,,,,,
6859,FARM,2023-11-30,,,,,,,,,,,0.39084000660313734,,,,,,,,,,,
6859,FARM,2023-12-31,,,,,,,,,,,0.3989884761608365,,,,,,,,,,,
6859,FARM,2024-01-31,,,,,,,,,,,0.3996786280698751,,,,,,,,,,,
6859,FARM,2024-02-29,,,,,,,,,,,0.4050355476276001,,,,,,,,,,,
6859,FARM,2024-03-31,,,,,,,,,,,0.3919670618625188,,,,,,,,,,,
6859,FARM,2024-04-30,,,,,,,,,,,0.3629654882498322,,,,,,,,,,,
6859,FARM,2024-05-31,,,,,,,,,,,0.32829134550934463,,,,,,,,,,,
6859,FARM,2024-06-30,,,,,,,,,,,0.3297705660347557,,,,,,,,,,,
6859,FARM,2024-07-31,,,,,,,,,,,0.20781542224392494,,,,,,,,,,,
6859,FARM,2024-08-31,,,,,,,,,,,0.20757725180466663,,,,,,,,,,,
6859,FARM,2024-09-30,,,,,,,,,,,0.20124961930462193,,,,,,,,,,,
6859,FARM,2024-10-31,,,,,,,,,,,0.2204603165263364,,,,,,,,,,,
6859,FARM,2024-11-30,,,,,,,,,,,0.23562677497730725,,,,,,,,,,,
6859,FARM,2024-12-31,,,,,,,,,,,0.2533645252912051,,,,,,,,,,,
6859,FARM,2025-01-31,,,,,,,,,,,0.2449225540528854,,,,,,,,,,,
6859,FARM,2025-02-28,,,,,,,,,,,0.2520127118535367,,,,,,,,,,,
6859,FARM,2025-03-31,,,,,,,,,,,0.2513016514818342,,,,,,,,,,,
6859,FARM,2025-04-30,,,,,,,,,,,0.24528753322849872,,,,,,,,,,,
6859,FARM,2025-05-31,,,,,,,,,,,0.22615255415455332,,,,,,,,,,,
6859,FARM,2025-06-30,,,,,,,,,,,0.24428964167645378,,,,,,,,,,,
6859,FARM,2025-07-31,,,,,,,,,,,0.23263170248720585,,,,,,,,,,,
6859,FARM,2025-08-31,,,,,,,,,,,0.221897346177235,,,,,,,,,,,
6859,FARM,2025-09-30,,,,,,,,,,,0.2205112226139867,,,,,,,,,,,
6859,FARM,2025-10-31,,,,,,,,,,,0.22655926000980547,,,,,,,,,,,
6929,HEGIC,2022-03-31,,,,,,,,,,,0.2183950260231953,,,,,,,,,,,
6929,HEGIC,2022-04-30,,,,,,,,,,,0.26447722610421964,,,,,,,,,,,
6929,HEGIC,2022-05-31,,,,,,,,,,,0.27198916674632934,,,,,,,,,,,
6929,HEGIC,2022-06-30,,,,,,,,,,,0.24416700192205715,,,,,,,,,,,
6929,HEGIC,2022-07-31,,,,,,,,,,,0.28425133886682097,,,,,,,,,,,
6929,HEGIC,2022-08-31,,,,,,,,,,,0.280849525717678,,,,,,,,,,,
6929,HEGIC,2022-09-30,,,,,,,,,,,0.27908429240764576,,,,,,,,,,,
6929,HEGIC,2022-10-31,,1.0,,1.0,,,False,,,False,0.30531784338911633,,,,,,,,,,,
6929,HEGIC,2022-11-30,,2.0,,2.0,,,False,,,False,0.3020125968867175,,,,,,,,,,,
6929,HEGIC,2022-12-31,,3.0,,3.0,,,False,,,False,0.3009452569362506,,,,,,,,,,,
6929,HEGIC,2023-01-31,,4.0,,4.0,,,False,,,False,0.37479454021977876,,,,,,,,,,,
6929,HEGIC,2023-02-28,,5.0,,5.0,,,False,,,False,0.3744100674507206,,,,,,,,,,,
6929,HEGIC,2023-03-31,2701141.0,6.0,171945.0,6.0,,,False,,,False,0.34159000588727784,,,4.753323758720374,,,1.55884411202156,,,-0.644664442842056,,
6929,HEGIC,2023-04-30,3273511.0,7.0,47004.0,7.0,,,False,,,False,0.34045743603890094,,,2.992063318074297,,,1.095963222346296,,,-0.9762096066679337,,
6929,HEGIC,2023-05-31,3797166.0,8.0,156736.0,8.0,,,False,,,False,0.341440417650654,,,2.125251611883212,,,0.7538902009590911,,,-1.2495427148798957,,
6929,HEGIC,2023-06-30,4246329.0,9.0,325265.0,9.0,,,False,,,False,0.34250121334932315,,,2.128049456077567,,,0.755205811847293,,,-1.2674335133066839,,
6929,HEGIC,2023-07-31,4526838.0,10.0,379128.0,10.0,,,False,,,False,0.3422890954152503,,,1.8026915622618502,,,0.5892808604035125,,,-1.3093734841817402,,
6929,HEGIC,2023-08-31,4713820.0,11.0,445952.0,11.0,,,False,,,False,0.3430458387590215,,,1.4003736347691598,,,0.33673908299252414,,,-1.349413185613436,,
6929,HEGIC,2023-09-30,4966033.0,12.0,479596.0,12.0,,,False,,,False,0.34383818438531727,,,1.5174175078422456,,,0.41700988190868543,,,-1.3681634539626726,,
6929,HEGIC,2023-10-31,5232818.0,12.0,482226.0,12.0,,,False,,,False,0.34435788847184,,,1.7981031392483668,,,0.5867322977236639,,,-1.2602541424945917,,
6929,HEGIC,2023-11-30,5503536.0,12.0,456048.0,12.0,,,False,,,False,0.351756403361148,,,2.598615683428145,,,0.9549788737858316,,,-1.3365953464840006,,
6929,HEGIC,2023-12-31,5709897.0,12.0,236948.0,12.0,,,False,,,False,0.3593608290845553,,,3.5815514192441564,,,1.27579606387121,,,-1.2478335611806892,,
6929,HEGIC,2024-01-31,5403990.0,12.0,232019.0,12.0,,,False,,,False,0.359477816153081,,,3.389113000068059,,,1.2205682352582012,,,-1.2122608516928004,,
6929,HEGIC,2024-02-29,5047094.0,12.0,199622.0,12.0,,,False,,,False,0.36320172978957305,,,3.7651446905420625,,,1.3257862909362856,,,-1.312712078554003,,
6929,HEGIC,2024-03-31,4749582.0,12.0,-9663.0,12.0,0.7583613739527111,1.0,False,,,False,0.37653649970793956,154846146.22612503,,3.622519983259596,0.11111323159444081,,1.2871699116252546,-2.197205493168356,,-1.548519569023139,-1.0139307169942595,
6929,HEGIC,2024-04-30,4590390.0,12.0,-193161.0,12.0,0.40228335875456045,1.0,False,,,False,0.3757570550341439,26498440.070111208,,2.920349341923647,0.505899305023378,,1.0717032467692627,-0.681417631428266,,-1.2073550459049933,-0.4698840147998442,
6929,HEGIC,2024-05-31,4308168.0,12.0,-347081.0,12.0,0.13457457482764767,1.0,False,,,False,0.38785678592798767,7407715.922013468,,4.0805647394495965,2.373168547160862,,1.40623539536915,0.8642260019691944,,-1.0753405038274988,-0.0570508116201652,
6929,HEGIC,2024-06-30,4161155.0,12.0,-451523.0,12.0,-0.020058266799393043,1.0,False,,,False,0.38149758909166487,4059395.1685709674,,3.6438823034261065,3.735226169580041,,1.29304968014561,1.3178083708558834,,-0.9373090466317723,0.04212155902395301,
6929,HEGIC,2024-07-31,4217769.0,12.0,-360917.0,12.0,-0.06827480903889205,1.0,False,,,False,0.3660476411339211,3497546.8681293814,,3.5877516654038284,4.326548956907034,,1.2775257292605122,1.4647702165922303,,-0.891893807234456,-0.013880514477781923,
6929,HEGIC,2024-08-31,4098988.0,12.0,-383009.0,12.0,-0.13043179417118178,1.0,False,,,False,0.36455916993352266,2770733.03216161,,3.015245272745465,4.460716368764716,,1.1036811776980329,1.495309373933097,,-0.9498580147116533,0.03624053227333589,
6929,HEGIC,2024-09-30,3904528.0,12.0,-389483.0,12.0,-0.21375311038005584,1.0,False,,,False,0.37147142850368764,2044790.8347974415,,4.109503237556809,7.847096233058335,,1.413302154428667,2.0601435567452158,,-0.8441632925650551,0.09371484399989415,
6929,HEGIC,2024-10-31,3667603.0,12.0,-320516.0,12.0,-0.2991151230560666,1.0,False,,,False,0.431179091635981,1563082.7660896268,,3.2998228873346136,7.742674018045657,,1.193868796527459,2.046747108304691,,-0.9242586035775379,0.06391981122784296,
6929,HEGIC,2025-01-31,2489791.0,12.0,-168572.0,12.0,-0.5,1.0,True,,,False,0.44926631846577053,604008.6560552185,,9.870238769502352,40.68622429462567,,2.2895240445917233,3.70588956573533,,-0.36458335521498997,0.5055518136131063,
6929,HEGIC,2025-02-28,2262956.0,12.0,-101135.0,12.0,-0.5,1.0,True,,,False,0.4451576174917955,546720.387507764,,7.91336706631097,32.75458880277535,,2.068553363306892,3.489043068381193,,-0.4311563109742671,0.5698411692223905,
6929,HEGIC,2025-04-30,1724461.0,12.0,432957.0,12.0,-0.27419528334307186,2.0,False,2.0,2.0,True,0.42801284154798397,786517.890672695,1435585175.45374,11.04391110532294,24.214063296522884,0.013266223637741931,2.401879244897786,3.1869335923286704,-4.322534050057507,-0.20092066054301574,0.40451245326921803,-1.396541062395886
6929,HEGIC,2025-05-31,1603522.0,12.0,321183.0,12.0,-0.35015816046151027,2.0,False,0.4315017905962242,2.0,False,0.43895385786004626,595719.0737613423,1753497.4081507886,14.984083910727449,40.33328671011019,13.702505683219874,2.7069885651479604,3.697177100980282,2.6175787126959302,-0.10473497330534308,0.5137981435006185,0.11689370225633043
6929,HEGIC,2025-06-30,1413067.0,12.0,237837.0,12.0,-0.42313451204197083,2.0,False,-0.14489185683136863,2.0,False,0.4386925718152581,426276.2166991564,157637.20998040226,14.467324207133574,47.957867726478014,129.68574118980644,2.671892603511341,3.8703228697564107,4.865114148423127,-0.1358453483007915,0.4710049278444772,0.525385911343975
6929,HEGIC,2025-07-31,1183765.0,12.0,66551.0,12.0,-0.4886299705479301,2.0,False,-0.5,2.0,True,0.4042336262383085,283617.8030766122,15393.967718823735,20.492223384716148,85.53051519285562,1575.8105550231776,3.0200454670870376,4.4488732151084625,7.362525056988912,-0.09622073637077179,0.5403895988924469,1.0613133751367387
6929,HEGIC,2025-08-31,1284419.0,12.0,-263331.0,12.0,-0.47800437471498247,2.0,False,,,False,0.37666381793490983,308154.88357112044,,24.350759551017667,101.49629260877866,,3.192563042102379,4.620022271792865,,-0.01926327052359099,0.5651922314218223,
6929,HEGIC,2025-09-30,1340214.0,12.0,-252712.0,12.0,-0.48050392030391,2.0,False,,,False,0.39563211239387186,326086.97248919454,,19.445909880481633,79.92248345776343,,2.967636759029387,4.381057208153841,,-0.09824793998984316,0.5337556961813921,
6929,HEGIC,2025-10-31,1394672.0,12.0,-222354.0,12.0,-0.4837402985148871,2.0,False,,,False,0.37739445174735725,329000.4306947037,,17.14082161644497,72.66198380036157,,2.8414628476359844,4.285818328930143,,0.008455301311291036,0.6607914719783327,
6929,HEGIC,2025-11-30,1398612.0,12.0,-106139.0,12.0,-0.49588720646153406,2.0,False,,,False,0.3848980892090092,320507.3874223361,,12.259449853074877,53.4970935172705,,2.5062970561794393,3.9796273256462174,,-0.05712598628321811,0.5975785792756887,
6929,HEGIC,2025-12-31,1487950.0,12.0,51988.0,12.0,-0.4895184717319886,2.0,False,-0.5,2.0,True,0.3879207837938043,349029.3743453995,11803.142184004932,10.138445625807407,43.22129103664357,1278.0918787340627,2.3163346950722263,3.766333221910797,7.153123524946495,-0.07277894915961007,0.5649094360307267,1.1847806646634629
6945,AMP,2022-04-30,,,,,,,,,,,0.39457806506204324,,,,,,,,,,,
6945,AMP,2022-05-31,,,,,,,,,,,0.41691712454716956,,,,,,,,,,,
6945,AMP,2022-06-30,,,,,,,,,,,0.3938270290170467,,,,,,,,,,,
6945,AMP,2022-07-31,,,,,,,,,,,0.3697351051765234,,,,,,,,,,,
6945,AMP,2022-08-31,,,,,,,,,,,0.3814166037188133,,,,,,,,,,,
6945,AMP,2022-09-30,,,,,,,,,,,0.38347330710036176,,,,,,,,,,,
6945,AMP,2022-10-31,,,,,,,,,,,0.38065755799837964,,,,,,,,,,,
6945,AMP,2022-11-30,,,,,,,,,,,0.3877218421278562,,,,,,,,,,,
6945,AMP,2022-12-31,,,,,,,,,,,0.3885622947999525,,,,,,,,,,,
6945,AMP,2023-01-31,,,,,,,,,,,0.3906862221569753,,,,,,,,,,,
6945,AMP,2023-02-28,,,,,,,,,,,0.38976299253401925,,,,,,,,,,,
6945,AMP,2023-03-31,,,,,,,,,,,0.35571477658580686,,,,,,,,,,,
6945,AMP,2023-04-30,,,,,,,,,,,0.3550641334539898,,,,,,,,,,,
6945,AMP,2023-05-31,,,,,,,,,,,0.35935084434899844,,,,,,,,,,,
6945,AMP,2023-06-30,,,,,,,,,,,0.3499829737105768,,,,,,,,,,,
6945,AMP,2023-07-31,,,,,,,,,,,0.3475398289573211,,,,,,,,,,,
6945,AMP,2023-08-31,,,,,,,,,,,0.3475228908603057,,,,,,,,,,,
6945,AMP,2023-09-30,,,,,,,,,,,0.3458825500971928,,,,,,,,,,,
6945,AMP,2023-10-31,,,,,,,,,,,0.3267198709806943,,,,,,,,,,,
6945,AMP,2023-11-30,,,,,,,,,,,0.3334114659815701,,,,,,,,,,,
6945,AMP,2023-12-31,,,,,,,,,,,0.3411900180946237,,,,,,,,,,,
6945,AMP,2024-01-31,,,,,,,,,,,0.3328403041808788,,,,,,,,,,,
6945,AMP,2024-02-29,,,,,,,,,,,0.2558002935924717,,,,,,,,,,,
6945,AMP,2024-03-31,,,,,,,,,,,0.2853198904242648,,,,,,,,,,,
6945,AMP,2024-04-30,,,,,,,,,,,0.3016036144204789,,,,,,,,,,,
6945,AMP,2024-05-31,,,,,,,,,,,0.29792688631027187,,,,,,,,,,,
6945,AMP,2024-06-30,,,,,,,,,,,0.3193042687939541,,,,,,,,,,,
6945,AMP,2024-07-31,,,,,,,,,,,0.3127243755180439,,,,,,,,,,,
6945,AMP,2024-08-31,,,,,,,,,,,0.32041902035369624,,,,,,,,,,,
6945,AMP,2024-09-30,,,,,,,,,,,0.3219436676806532,,,,,,,,,,,
6945,AMP,2024-10-31,,,,,,,,,,,0.35547031960924147,,,,,,,,,,,
6945,AMP,2024-11-30,,,,,,,,,,,0.43408879565908615,,,,,,,,,,,
6945,AMP,2024-12-31,,,,,,,,,,,0.43745034423411705,,,,,,,,,,,
6945,AMP,2025-01-31,,,,,,,,,,,0.4282054824471319,,,,,,,,,,,
6945,AMP,2025-02-28,,,,,,,,,,,0.4380675148588399,,,,,,,,,,,
6945,AMP,2025-03-31,,,,,,,,,,,0.44010601520539405,,,,,,,,,,,
6945,AMP,2025-04-30,,,,,,,,,,,0.43746147833389826,,,,,,,,,,,
6945,AMP,2025-05-31,,,,,,,,,,,0.42891917821176406,,,,,,,,,,,
6945,AMP,2025-06-30,,,,,,,,,,,0.4847174639550027,,,,,,,,,,,
6945,AMP,2025-07-31,,,,,,,,,,,0.49857560365634557,,,,,,,,,,,
6945,AMP,2025-08-31,,,,,,,,,,,0.4907257855995922,,,,,,,,,,,
6945,AMP,2025-09-30,,,,,,,,,,,0.486888246308679,,,,,,,,,,,
6945,AMP,2025-10-31,,,,,,,,,,,0.48967167037719955,,,,,,,,,,,
6945,AMP,2025-11-30,,,,,,,,,,,0.4739600246102978,,,,,,,,,,,
6945,AMP,2025-12-31,,,,,,,,,,,0.4746241867731765,,,,,,,,,,,
6945,AMP,2026-01-31,,,,,,,,,,,0.4716738906447433,,,,,,,,,,,
6945,AMP,2026-02-28,,,,,,,,,,,0.46189923818288714,,,,,,,,,,,
6945,AMP,2026-03-31,,,,,,,,,,,0.5138465169603115,,,,,,,,,,,
6945,AMP,2026-04-30,,,,,,,,,,,0.5029879122884306,,,,,,,,,,,
6945,AMP,2026-05-31,,,,,,,,,,,0.5010331438659595,,,,,,,,,,,
6950,PERP,2022-11-30,,,,,,,,,,,0.3771803021928259,,,,,,,,,,,
6950,PERP,2022-12-31,,,,,,,,,,,0.378678318245843,,,,,,,,,,,
6950,PERP,2023-01-31,,1.0,,1.0,,,False,,,False,0.4380959894454959,,,,,,,,,,,
6950,PERP,2023-02-28,,2.0,,2.0,,,False,,,False,0.4367611750446607,,,,,,,,,,,
6950,PERP,2023-03-31,,3.0,,3.0,,,False,,,False,0.41566632134399223,,,,,,,,,,,
6950,PERP,2023-04-30,,4.0,,4.0,,,False,,,False,0.4145395059783644,,,,,,,,,,,
6950,PERP,2023-05-31,,5.0,,5.0,,,False,,,False,0.41533114110725544,,,,,,,,,,,
6950,PERP,2023-06-30,4938688.0,6.0,987734.0,6.0,,,False,,,False,0.4100016135933765,,,7.188619709187221,,,1.9724991796161964,,,-0.4465859003607223,,
6950,PERP,2023-07-31,5487617.0,7.0,1097520.0,7.0,,,False,,,False,0.40956917550859334,,,5.911025826059335,,,1.776819390985003,,,-0.5736201246932484,,
6950,PERP,2023-08-31,5965746.0,8.0,1193147.0,8.0,,,False,,,False,0.4081944149871195,,,4.666080604272023,,,1.5403194482618654,,,-0.6042302472841058,,
6950,PERP,2023-09-30,6531213.0,9.0,1306240.0,9.0,,,False,,,False,0.4111345454939992,,,6.24332180603611,,,1.8315123814492011,,,-0.4771226981618889,,
6950,PERP,2023-10-31,6941052.0,10.0,1388207.0,10.0,,,False,,,False,0.38646964355530933,,,5.571023957223561,,,1.717578871374713,,,-0.5491801466404993,,
6950,PERP,2023-11-30,7237916.0,11.0,1447578.0,11.0,,,False,,,False,0.38643519691906775,,,5.7925988366213765,,,1.7565810400396584,,,-0.7653573169953368,,
6950,PERP,2023-12-31,7591624.0,12.0,1518320.0,12.0,,,False,,,False,0.4020403465927645,,,9.871809156328105,,,2.289683135161756,,,-0.4933635297831646,,
6950,PERP,2024-01-31,7473738.0,12.0,1494745.0,12.0,,,False,,,False,0.40189214183716065,,,9.629122412803968,,,2.264792091107442,,,-0.39764520208801474,,
6950,PERP,2024-02-29,7261036.0,12.0,1452202.0,12.0,,,False,,,False,0.41914732196895593,,,11.907542256639323,,,2.477172002428074,,,-0.42726826570855864,,
6950,PERP,2024-03-31,6665912.0,12.0,1333177.0,12.0,,,False,,,False,0.3868868334030975,,,14.541297127215145,,,2.6769926790764607,,,-0.18030534445516722,,
6950,PERP,2024-04-30,5781813.0,12.0,1156358.0,12.0,,,False,,,False,0.39300429390278646,,,11.21416723343457,,,2.417177910505798,,,-0.10281898201550888,,
6950,PERP,2024-05-31,4848117.0,12.0,969621.0,12.0,,,False,,,False,0.4417161183947957,,,15.376669481826942,,,2.7328513919816118,,,0.0517772615528113,,
6950,PERP,2024-06-30,4073372.0,12.0,814670.0,12.0,-0.1752117161480944,1.0,False,-0.17521316467793957,1.0,False,0.4493415359981534,2485322.6126500173,497059.7988449172,12.189254705468207,19.977836505169375,99.89013179803277,2.500554801793729,2.9946234843328217,4.60407089997489,-0.03385739471448605,0.5187438257796504,0.7639409148212877
6950,PERP,2024-07-31,3567595.0,12.0,713512.0,12.0,-0.3498826539825939,1.0,False,-0.3498870180042277,1.0,False,0.4234672124049254,1309417.3162512742,261877.64765083915,10.95080798723826,29.836208316748895,149.18435449412857,2.3934132423291334,3.395722700128768,5.0051828196313,-0.04320174758813316,0.5765947953344095,0.8394417800451017
6950,PERP,2024-08-31,3135343.0,12.0,627064.0,12.0,-0.4744424251384487,1.0,False,-0.47444531143270696,1.0,False,0.4110667778745582,790329.007641365,158063.25746698587,11.977103806979635,47.514804870388126,237.5778481557004,2.4829968111215672,3.8610413439598683,5.47049535147422,0.1163935945023507,0.7171752025345648,0.9589783213001675
6950,PERP,2024-09-30,2600548.0,12.0,520103.0,12.0,-0.5,1.0,True,-0.5,1.0,True,0.409302879379229,604936.2452723841,120985.71377067555,16.67019777723687,71.66317083493298,358.32040112909044,2.8136225609536827,4.2719769592223695,5.881427561370093,0.20219047014311345,0.718603542884413,1.057426433975614
6950,PERP,2024-10-31,2211501.0,12.0,442293.0,12.0,-0.5,1.0,True,-0.5,1.0,True,0.4372522271697157,530002.2979751747,105998.73406267233,18.74844282293946,78.23022694387548,391.1575021910987,2.931110699524395,4.359656106675467,5.969110297778678,0.31190976222552375,0.7112637811973115,1.041620394635965
6950,PERP,2024-11-30,1922760.0,12.0,384545.0,12.0,-0.5,1.0,True,-0.5,1.0,True,0.4480301609154753,465873.92466778844,93173.08887296113,33.51293366600496,138.31494943958825,691.5873361621206,3.5119314439037135,4.92953332711375,6.538989442713381,0.2029453414379676,0.6564238649296664,1.0083708989273874
6950,PERP,2024-12-31,1578385.0,12.0,315669.0,12.0,-0.5,1.0,True,-0.5,1.0,True,0.4498440255068054,383127.72727744427,76623.60358337387,32.62840421677034,134.42040375321852,672.119051848689,3.4851832040084734,4.900972230206543,6.510435485321204,0.2707415868143989,0.6845751302426829,1.0124199745940083
6950,PERP,2025-01-31,1108801.0,12.0,221751.0,12.0,-0.5,1.0,True,-0.5,1.0,True,0.4462139578546912,268166.80625607265,53631.13620396299,38.66192418810906,159.85714563332075,799.3188889131128,3.6548552446085667,5.07428057662323,6.683759976171979,0.6594260929607162,0.8355225802167102,1.2066098500066393
6950,PERP,2025-02-28,680358.0,12.0,136062.0,12.0,-0.5,1.0,True,-0.5,1.0,True,0.4565823265114055,166250.1051041845,33247.675195537566,42.813775775665654,175.21008387288632,876.1122300391675,3.756859914718094,5.165985733198078,6.775494199213243,0.6633985639613759,0.9848193210336843,1.3607884599338138
6950,PERP,2025-03-31,387144.0,12.0,77420.0,12.0,-0.5,1.0,True,-0.5,1.0,True,0.45869279771798854,94796.73727459015,18957.19267197418,56.222234749492046,229.60812234295807,1148.1711045768811,4.029312314768274,5.436374039877873,7.045925611571967,0.8975824826829374,1.0265866680360243,1.3633683127541554
6950,PERP,2025-04-30,282869.0,12.0,56566.0,12.0,-0.5,1.0,True,-0.5,1.0,True,0.4510875605722804,68746.9915127502,13747.50263164302,81.33820414817488,334.6772849677775,1673.6171714731502,4.398615821899657,5.81316673907161,7.42274253401942,1.0603812204514995,1.0650833827444182,1.3705277298699214
6950,PERP,2025-06-30,176221.0,12.0,35234.0,12.0,-0.5,2.0,True,-0.5,2.0,True,0.43544438744553937,42153.96084270415,8428.352218701735,87.23725898592807,364.68784210155513,1823.9670835834174,4.468631521604713,5.89904176054811,7.50876912419042,0.8507840430287336,0.9851312037104584,1.182558292923563
6950,PERP,2025-07-31,134801.0,12.0,26950.0,12.0,-0.5,2.0,True,-0.5,2.0,True,0.4359640740069681,32263.16956285712,6450.192652272604,130.7953818863573,546.4853116589292,2733.4607234484347,4.873634131720578,6.303507430144563,7.913323749637874,0.9288244417349455,1.0357415389530769,1.2008351498324226
6950,PERP,2025-08-31,90275.0,12.0,18040.0,12.0,-0.5,2.0,True,-0.5,2.0,True,0.4186462719874234,21214.996892942272,4239.47431679511,194.2170048138623,826.4408521032692,4135.640128803915,5.268976115431921,6.717128350396868,8.32739740292591,1.1259053356489457,1.133789478773507,1.3216263731818947
6950,PERP,2025-09-30,60723.0,12.0,12133.0,12.0,-0.5,2.0,True,-0.5,2.0,True,0.41970652590575425,14286.46630971156,2854.564098212051,308.54959377787367,1311.4549516165202,6563.54397321437,5.731882588214187,7.178892449968632,8.789285975880404,1.4013916562599897,1.2982659434203143,1.4367739190402167
6953,FRAX,2022-12-31,2222823.38,12.0,22591.14,12.0,,,False,,,False,0.6012959794642482,,,135.65431828780348,,,4.910109872640294,,,1.429449220203959,,
6953,FRAX,2023-01-31,3097296.38,12.0,52210.14,12.0,,,False,,,False,0.8266662990110341,,,243.0092899819236,,,5.493099672988072,,,1.569486572588596,,
6953,FRAX,2023-02-28,4410541.38,12.0,104472.14,12.0,,,False,,,False,0.8221883113287718,,,193.2841620636068,,,5.2641614483701815,,,1.434357923999584,,
6953,FRAX,2023-03-31,5815751.38,12.0,195202.14,12.0,,,False,,,False,0.6884501500878677,,,110.24035470802254,,,4.702663024858344,,,1.358738193660663,,
6953,FRAX,2023-04-30,6950361.43,12.0,281190.14,12.0,,,False,,,False,0.6800033812896484,,,79.23545576250855,,,4.372423872413422,,,1.1042361598187305,,
6953,FRAX,2023-05-31,8302383.43,12.0,414855.14,12.0,2.0,1.0,True,,,False,0.67868523947542,7252158375.782758,,56.863724600544955,0.06509847419606186,,4.0406576088356,-2.731854167890796,,0.8943795487486942,-1.0378995015242498,
6953,FRAX,2023-06-30,9566613.43,12.0,557117.14,12.0,2.0,1.0,True,,,False,0.6493964196736127,9612176831.005869,,44.28006457134381,0.04407016931305831,,3.790534566090136,-3.1219721582237017,,0.7793552299796288,-1.2492738474243301,
6953,FRAX,2023-07-31,10784664.43,12.0,690011.14,12.0,2.0,1.0,True,,,False,0.6469539645551393,10965078812.2936,,37.88802432194205,0.03726463213102552,,3.634635081204484,-3.2897106023991904,,0.5774112736059716,-1.365211837468486,
6953,FRAX,2023-08-31,12210604.43,12.0,846275.14,12.0,2.0,1.0,True,,,False,0.6334315293904675,13262088691.585646,,33.69196346436236,0.031020697259728048,,3.5172593360515547,-3.473100643738846,,0.6197693434319685,-1.5195971447765164,
6953,FRAX,2023-09-30,13215844.43,12.0,957813.14,12.0,2.0,1.0,True,,,False,0.6289502642285885,14673969193.311764,,31.006733057951323,0.027925652219795868,,3.4342043763194208,-3.5782095781744347,,0.5324646916722866,-1.6168077058295784,
6953,FRAX,2023-10-31,14288603.0,12.0,1065873.0,12.0,2.0,1.0,True,2.0,1.0,True,0.5600545171192756,22530215883.00126,1680664568.3879805,30.36607360942406,0.019258083132758643,0.2581650012946988,3.4133259855308267,-3.9498244033824887,-1.3541563585770782,0.517102145331244,-1.7533522417434786,-1.2158734544444618
6953,FRAX,2023-11-30,16213803.0,12.0,1250514.0,12.0,2.0,1.0,True,2.0,1.0,True,0.562686143963659,25215029469.099773,1944747161.5093532,33.10965664691344,0.02129021704807316,0.27604279923671365,3.4998249814333056,-3.8495076052920245,-1.287199355588812,0.47691381938834027,-2.0194947849143228,-1.4119776669991297
6953,FRAX,2023-12-31,17920057.0,12.0,1406344.0,12.0,2.0,1.0,True,2.0,1.0,True,0.562355985032067,27916824556.9136,2190878004.1641665,36.48170081643867,0.023417926947770472,0.2983982480288485,3.5968107873769393,-3.7542534410510124,-1.2093262818867625,0.4793174213133636,-2.0394160817609173,-1.5381702354481526
6953,FRAX,2024-01-31,19185207.0,12.0,1557466.0,12.0,2.0,1.0,True,2.0,1.0,True,0.5612920607108461,30055099377.22775,2439890036.45639,38.58232966854839,0.02462843233165907,0.3033784187702152,3.6527943910496994,-3.7038537176102713,-1.192774345875785,0.6851574832622815,-2.0365851097660492,-1.5328463677004998
6953,FRAX,2024-02-29,20657173.0,12.0,1756680.0,12.0,2.0,1.0,True,2.0,1.0,True,0.4402842226644178,63628500052.61501,5410949188.082404,33.50925904189354,0.010878875984155167,0.1279270118918861,3.5118217899527866,-4.520932353171071,-2.0562953972941815,0.3684027624116683,-1.6371998287986096,-1.1854258819719423
6953,FRAX,2024-03-31,23390624.0,12.0,1954171.42,12.0,2.0,1.0,True,2.0,1.0,True,0.4232729821053388,79820347286.81836,6668596844.717567,25.674951245225586,0.007523810046045486,0.09005689574278627,3.245515856892686,-4.889682614267487,-2.4073136334704137,0.3793786074139368,-1.7210784357837432,-1.3044211393538692
6953,FRAX,2024-04-30,25215653.0,12.0,2068302.92,12.0,2.0,1.0,True,2.0,1.0,True,0.43686237880375345,79273575887.88103,6502380425.672336,13.14175724369226,0.004180182195084251,0.050962565825717045,2.5757947365117557,-5.477400446054642,-2.9766639191875224,0.027393804137386093,-1.6450478245973275,-1.1543207774579618
6953,FRAX,2024-05-31,26183762.0,12.0,2119690.49,12.0,2.0,2.0,True,2.0,1.0,True,0.4370158880590733,82241543818.49248,6657814041.961457,14.353699993046911,0.004569878518657302,0.05645003931750212,2.6640077482075255,-5.38826865678004,-2.8743992918853425,-0.006713585933896364,-1.5976112760770018,-1.0907648122023166
6953,FRAX,2024-06-30,26767544.0,12.0,2142681.41,12.0,2.0,2.0,True,2.0,1.0,True,0.44358007227058965,80848554033.93932,6471744055.184977,9.193084616177398,0.0030436697341049727,0.038023181210650986,2.2184515292532025,-5.794691342206353,-3.269559273390312,-0.24492620346632343,-1.9795537636117846,-1.4002120504828337
6953,FRAX,2024-07-31,27065104.0,12.0,2146182.96,12.0,2.0,2.0,True,2.0,1.0,True,0.4426203243122625,82214841452.93274,6519394560.072107,6.631304244117198,0.002183023598305207,0.027529694263617056,1.8918015034209235,-6.127044391438307,-3.592490065460772,-0.42470426899021924,-2.335418263818639,-1.7313942284168156
6953,FRAX,2024-08-31,27267523.0,12.0,2138098.34,12.0,2.0,2.0,True,1.5264813285192327,1.0,False,0.4415314010123931,83368062737.35733,1278148616.8565168,5.5438968707777825,0.0018132643421234554,0.11827132888923757,1.7126976597625243,-6.312626554129281,-2.1347738967186727,-0.4790703368925034,-2.2111375916887765,-1.3199738076020147
6953,FRAX,2024-09-30,27426312.54,12.0,2132403.99,12.0,2.0,2.0,True,1.226325679766724,1.0,False,0.4431758411922999,83037449759.75986,392204007.061471,6.5498315652042285,0.00216333387057729,0.45802114296984614,1.8794393340805227,-6.136104788593467,-0.7808399322438421,-0.4958541558887843,-2.2218948933867275,-0.8994772387728752
6953,FRAX,2024-10-31,27805045.54,12.0,2141976.72,12.0,2.0,2.0,True,2.0,2.0,True,0.4365018733564685,87603043303.26341,6748547816.143665,5.631653269054171,0.0017874764358295737,0.02320326978153067,1.7284030525170666,-6.326950466235691,-3.76346207138174,-0.5439003261536978,-2.2797360070706807,-1.6372029460268753
6953,FRAX,2024-11-30,27462014.54,12.0,2074684.77,12.0,2.0,2.0,True,2.0,2.0,True,0.4732224306253521,69761293342.94461,5270286803.733867,10.348386118194231,0.0040737136085812805,0.05392259294921945,2.3368305769436835,-5.503200261002135,-2.92020572471348,-0.5598241752928151,-2.29470559352131,-1.640469428584865
6953,FRAX,2024-12-31,27670966.54,12.0,2026892.35,12.0,2.0,2.0,True,2.0,2.0,True,0.47010998352626127,71562286123.71394,5241922073.195024,10.9500784886832,0.0042340633856625814,0.057803082769989446,2.3933466241530943,-5.464593135747942,-2.8507131696051475,-0.4317148838507516,-2.0162745006226865,-1.3402663477599956
6953,FRAX,2025-01-31,27951618.54,12.0,2006125.06,12.0,2.0,2.0,True,2.0,2.0,True,0.4542089075545696,79290920119.336,5690815422.878841,8.112435551314068,0.002859794080071073,0.03984590732797926,2.093398137630586,-5.857005656717647,-3.222735580952884,-0.5116793724727486,-1.8004234832103316,-1.2749849686750971
6953,FRAX,2025-02-28,26444264.49,12.0,1841079.7,12.0,1.4486109968927985,2.0,False,2.0,2.0,True,0.46130467238204825,10570620352.726717,5010502967.665788,5.374400509886453,0.013445007371016544,0.02836483073172148,1.681647034749073,-4.309147441026685,-3.5626052557263836,-0.6819935820329089,-1.3599079825888425,-1.22433033297333
6953,FRAX,2025-03-31,23342309.98,12.0,1619034.82,12.0,1.0034061371356726,2.0,False,1.879955699057744,2.0,False,0.45740458204089396,1560699693.6139266,3050655805.0820184,7.31257941869591,0.10936921192655318,0.055952721791889926,1.989596073175362,-2.213025855233303,-2.8832481985461196,-0.4260509106579866,-1.0368083029487853,-1.2886314784309045
6953,FRAX,2025-04-30,21282301.81,12.0,1492735.4100000001,12.0,0.7498692693613467,2.0,False,1.3040472100132838,2.0,False,0.48100280768135945,418889190.77487844,307167585.4522175,10.142590599575813,0.515309726364958,0.7027358500658585,2.316743448725645,-0.6629871486757756,-0.35277420448770286,-0.25469938182688334,-0.5638500569082099,-0.46130565071065105
6953,FRAX,2025-05-31,19922283.74,12.0,1382371.45,12.0,2.0,3.0,True,0.8254256142772012,2.0,False,0.45715403269760985,55547428150.09857,42167337.24934329,12.967756317961408,0.004650932175284632,6.126716498837694,2.5624659932297864,-5.370687611670711,1.8126589618777724,-0.18411290011961795,-1.7039169046421807,-0.08109606478536628
6953,FRAX,2025-06-30,18782189.19,12.0,1287344.84,12.0,2.0,3.0,True,0.52010710290876,2.0,False,0.4922801094808088,42812602315.668175,8885854.544600323,9.803072024459139,0.004300676516905026,20.720928131608254,2.282695808438066,-5.4489829391448135,3.0311442103845985,-0.3495619841256698,-1.8907318366398351,0.0694889039909852
6953,FRAX,2025-07-31,18536482.88,12.0,1249986.28,12.0,1.7971339784969236,3.0,False,0.345936503545643,2.0,False,0.48014911621043327,23251453948.1448,4308525.534847764,14.246515088441885,0.01135758149256018,61.29249575072916,2.6565123216091004,-4.4778697851365425,4.115657417026383,-0.2972566538662186,-1.8438430588167931,0.23885547649704109
6953,FRAX,2025-08-31,18092919.88,12.0,1213911.7,12.0,1.4652250594136813,3.0,False,0.197671615416406,2.0,False,0.482412341828079,6868068518.105319,2375633.49570693,12.747863304973134,0.033582377463190885,97.08823765739854,2.5453636736370044,-3.3937538298630376,4.575620231578609,-0.37620207437767983,-1.6076168023145627,0.3697105592373271
6953,FRAX,2025-09-30,18051532.580000002,12.0,1208665.88,12.0,1.3231716105643838,3.0,False,0.12334391161407199,2.0,False,0.47591915411409647,4112425607.4373465,1837313.2692359386,10.681392156964286,0.04688607574383578,104.94426930328608,2.3685031768126765,-3.0600345400667206,4.653429440709908,-0.4232857618250142,-1.499527324612077,0.38449906275123014
6953,FRAX,2025-10-31,17993979.580000002,12.0,1218839.41,12.0,1.2271404356757603,3.0,False,2.0,3.0,True,0.4878441327990505,2632082520.663291,2848652962.2495227,6.366739854098824,0.043525606065328175,0.04021654741522406,1.851087541726595,-3.1344058688911556,-3.213476740808035,-0.5189059796535833,-1.449360741571679,-1.4119234972775092
6953,FRAX,2025-11-30,17286248.61,12.0,1178783.75,12.0,1.093006382435059,3.0,False,2.0,3.0,True,0.49196138292554703,1430540655.604421,2691774652.934653,4.240003803108075,0.05123500654156814,0.027228787435071743,1.4445641662029158,-2.971332259052741,-3.6034805037664324,-0.6361919315358086,-1.457151354426188,-1.541269832118809
6953,FRAX,2025-12-31,15988553.9,12.0,1120978.5099999998,12.0,0.9303441468479381,3.0,False,2.0,3.0,True,0.4946452689687511,655489005.1066564,2521442847.126284,3.5364150296151053,0.08625951293350996,0.02242452664680182,1.2631135105164752,-2.450394934271426,-3.7975999795409154,-0.6508497655044796,-1.0860140866770545,-1.6053556553779447
6953,FRAX,2026-01-31,14622169.909999998,12.0,1028060.19,12.0,0.6775534006504667,3.0,False,1.7003572758968257,3.0,False,0.3134591590685825,444245933.2960069,2595474709.470124,4.637481483575038,0.15264077198007878,0.026126258121450453,1.5341714351654827,-1.8796680137734694,-3.6448144120978405,-0.4829964304706783,-0.7763226069767424,-1.3292980594472419
6953,FRAX,2026-02-28,13899838.879999999,12.0,977141.3,12.0,0.46613047710872646,3.0,False,1.1069406048846182,3.0,False,0.31532631578637504,139384649.2290166,228864461.70036313,4.029211947027602,0.4018046261682291,0.24470988838091806,1.393570810193579,-0.9117893130582534,-1.4076818991296385,-0.589894568622029,-0.6690311372428099,-0.9959279594714844
6953,FRAX,2026-03-31,13487993.649999999,12.0,946182.7,12.0,0.32367237975795704,3.0,False,0.6923758116834822,3.0,False,0.3476426229334411,58191137.44787955,25850415.0375681,2.996769239008894,0.6946144419753078,1.563626905313698,1.0975347880423834,-0.36439834710122676,0.4470080620754558,-0.6736051555002794,-0.4493235833532413,-0.46467198256585107
6953,FRAX,2026-04-30,13401197.989999998,12.0,913255.5800000001,12.0,0.24464474965050886,3.0,False,0.480917103115996,3.0,False,0.34902385682562964,39577974.46845661,8561919.73568242,3.264019781761689,1.1052050016740218,5.108874725415605,1.182959497672248,0.10003083963960369,1.6309791696752787,-0.6820169228811866,-0.43394803980110686,-0.22555382143216507
6953,FRAX,2026-05-31,13018606.12,12.0,870129.54,12.0,0.16177109503272225,3.0,False,0.2800565193353659,3.0,False,0.34985596211056225,26446823.573714234,3026976.203771976,2.8949721852036885,1.4250672676238327,12.450875088003041,1.062975503104429,0.35421901795653443,2.5217909086336325,-0.7524479097480087,-0.35196983206049787,0.01713047846383263
7064,BAKE,2022-12-31,,,,,,,,,,,0.40566894134408304,,,,,,,,,,,
7064,BAKE,2023-01-31,,,,,,,,,,,0.40072348719131334,,,,,,,,,,,
7064,BAKE,2023-02-28,,,,,,,,,,,0.4002410860737083,,,,,,,,,,,
7064,BAKE,2023-03-31,,,,,,,,,,,0.3630641803738782,,,,,,,,,,,
7064,BAKE,2023-04-30,,,,,,,,,,,0.36111486875829546,,,,,,,,,,,
7064,BAKE,2023-05-31,,,,,,,,,,,0.36486876674206214,,,,,,,,,,,
7064,BAKE,2023-06-30,,,,,,,,,,,0.3495247615905565,,,,,,,,,,,
7064,BAKE,2023-07-31,,,,,,,,,,,0.351466059604687,,,,,,,,,,,
7064,BAKE,2023-08-31,,,,,,,,,,,0.3477285658921224,,,,,,,,,,,
7064,BAKE,2023-09-30,,,,,,,,,,,0.3491126113982389,,,,,,,,,,,
7064,BAKE,2023-10-31,,,,,,,,,,,0.3330396623862761,,,,,,,,,,,
7064,BAKE,2023-11-30,,,,,,,,,,,0.338507821415429,,,,,,,,,,,
7064,BAKE,2023-12-31,,,,,,,,,,,0.3784217283318679,,,,,,,,,,,
7064,BAKE,2024-01-31,,,,,,,,,,,0.3789672237675972,,,,,,,,,,,
7064,BAKE,2024-02-29,,,,,,,,,,,0.3525044190925704,,,,,,,,,,,
7064,BAKE,2024-03-31,,,,,,,,,,,0.36064849568469304,,,,,,,,,,,
7064,BAKE,2024-04-30,,,,,,,,,,,0.4025151596548753,,,,,,,,,,,
7064,BAKE,2024-05-31,,,,,,,,,,,0.44786547538797694,,,,,,,,,,,
7064,BAKE,2024-06-30,,,,,,,,,,,0.43554257866879165,,,,,,,,,,,
7064,BAKE,2024-07-31,,,,,,,,,,,0.4437750954854656,,,,,,,,,,,
7064,BAKE,2024-08-31,,,,,,,,,,,0.4339547755191985,,,,,,,,,,,
7064,BAKE,2024-09-30,,,,,,,,,,,0.42606867808239524,,,,,,,,,,,
7064,BAKE,2024-10-31,,,,,,,,,,,0.4590191136841013,,,,,,,,,,,
7064,BAKE,2024-11-30,,,,,,,,,,,0.45851953593160805,,,,,,,,,,,
7064,BAKE,2024-12-31,,,,,,,,,,,0.4549398005736365,,,,,,,,,,,
7064,BAKE,2025-01-31,,,,,,,,,,,0.4367683262810931,,,,,,,,,,,
7064,BAKE,2025-02-28,,,,,,,,,,,0.4303722918322551,,,,,,,,,,,
7064,BAKE,2025-03-31,,,,,,,,,,,0.42374016253031377,,,,,,,,,,,
7064,BAKE,2025-04-30,,,,,,,,,,,0.3952451534196454,,,,,,,,,,,
7064,BAKE,2025-05-31,,,,,,,,,,,0.38220755421120184,,,,,,,,,,,
7064,BAKE,2025-06-30,,,,,,,,,,,0.3981258044182221,,,,,,,,,,,
7064,BAKE,2025-07-31,,,,,,,,,,,0.3839265978097031,,,,,,,,,,,
7064,BAKE,2025-08-31,,,,,,,,,,,0.380449426624069,,,,,,,,,,,
7083,UNI,2021-10-31,1291509659.0,12.0,,,2.0,2.0,True,,,,0.37449407586234035,5985882687790.289,,12.144973615749587,0.002620390600877454,,2.496915390014525,-5.94443188801672,,0.28606688007668285,-0.052507101638075315,
7083,UNI,2021-11-30,1453217726.0,12.0,,,2.0,2.0,True,,,,0.39694333144821214,5836083053430.147,,9.178469894960344,0.0022854909751625547,,2.2168605126311642,-6.081174408936848,,0.1898233790126982,-0.09173663616763067,
7083,UNI,2021-12-31,1575805705.0,12.0,,,2.0,2.0,True,,,,0.41199087010961444,5762235997940.798,,6.794443533105942,0.0018580847583463905,,1.9161051506670017,-6.288209021575854,,0.08265388795818164,-0.017487549193604377,
7083,UNI,2022-01-31,1633656663.0,12.0,,,2.0,2.0,True,,,,0.4343850865003883,5212766833191.731,,4.54235310011905,0.0014235521451790307,,1.5134451817711174,-6.554600020249363,,0.0911123973924284,-0.19996036890404353,
7083,UNI,2022-02-28,1624204830.0,12.0,,,2.0,2.0,True,,,,0.42843177448368935,5371860287092.9,,4.44723414121179,0.00134464017793845,,1.4922823616405592,-6.611628827416037,,0.3597498845813946,-0.24331327197589703,
7083,UNI,2022-03-31,1616807389.0,12.0,,,2.0,2.0,True,,,,0.42802045216601525,5360712189326.282,,4.802542641927549,0.001448461725834958,,1.569145494731525,-6.537253164414321,,0.2903465156431493,-0.2984298184079436,
7083,UNI,2022-04-30,1579080570.0,12.0,,,2.0,3.0,True,,,,0.4501115750532913,4588651824915.014,,2.962405228610847,0.0010194446463700556,,1.0860015156072176,-6.888497264303573,,-0.3601005339675071,-0.4777631188367679,
7083,UNI,2022-05-31,1416898753.0,12.0,,,2.0,3.0,True,,,,0.4501230488391427,4117089068172.4404,,2.890122385687518,0.000994637409220731,,1.0612988492164506,-6.913132300063664,,-0.2764431226287303,-0.8889397700727368,
7083,UNI,2022-06-30,1372351111.0,12.0,,,2.0,3.0,True,,,,0.41406532032867355,4954535699130.906,,2.663592816371104,0.0007377854924811034,,0.9796758942883508,-7.21185743620849,,-0.11399415467041576,-0.9080915131485409,
7083,UNI,2022-07-31,1337797329.0,12.0,,,2.0,3.0,True,,,,0.4269614911226798,4464144456043.119,,4.6610291444477525,0.0013967989614207792,,1.539236270202583,-6.573572116421038,,-0.23692173404438016,-0.9386053291252624,
7083,UNI,2022-08-31,1277448608.0,12.0,,,2.0,3.0,True,,,,0.43503677451122064,4060247809410.3066,,3.584427637642282,0.0011277444902674265,,1.2765988065333764,-6.787535667285197,,-0.3585132310150198,-1.1457558363324662,
7083,UNI,2022-09-30,1197069036.0,12.0,,,2.0,3.0,True,,,,0.43418031606864615,3824376533831.9316,,4.107025700707947,0.0012855411209856946,,1.4126990927361778,-6.656575543449685,,-0.29522673473351085,-1.357442429589818,
7083,UNI,2022-10-31,1097019687.0,12.0,,,2.0,3.0,True,,,,0.43309060071753297,3527763560878.1885,,4.845483481690347,0.0015067877086196704,,1.5780470301866254,-6.49777523945357,,-0.2695716500905092,-1.1933873672999218,
7083,UNI,2022-11-30,964158857.0,12.0,,,2.0,3.0,True,,,,0.43426298286386783,3078750350745.97,,4.638529741539284,0.0014526281848995662,,1.5343974499779425,-6.534380821910386,,-0.2779906511470708,-1.3715825659552543,
7083,UNI,2022-12-31,828175182.0,12.0,,1.0,2.0,3.0,True,,,False,0.4360846932438144,2615790786495.3125,,4.751657329655579,0.0015044034462181155,,1.558493468697523,-6.499358840611533,,-0.2673681306340712,-1.5965616861367158,
7083,UNI,2023-01-31,729386130.0,12.0,,2.0,2.0,3.0,True,,,False,0.41049153094192814,2691947971988.0024,,6.863599299624469,0.0018596994381457955,,1.926231983387315,-6.287340396709219,,-0.41751439851334815,-1.884110123406593,
7083,UNI,2023-02-28,709889595.0,12.0,,,2.0,3.0,True,,,,0.4106758757994822,2617008934204.866,,6.9677357826329285,0.0018900673467907568,,1.941290320150577,-6.271142817322811,,-0.49848013549081793,-2.1037499502658576,
7083,UNI,2023-03-31,694782522.0,12.0,,3.0,2.0,3.0,True,,,False,0.3937826280526398,2846360940799.7744,,5.037990809853568,0.0012297484519652531,,1.617007353763127,-6.70094564111031,,-0.6075998424044131,-2.431216080437585,
7083,UNI,2023-04-30,654680150.0,12.0,,4.0,2.0,3.0,True,,,False,0.39404425753773076,2677644160506.1514,,4.823564657042601,0.0011793546281408866,,1.5735132101291978,-6.7427879154270975,,-0.6729809228904124,-2.0999017224669045,
7083,UNI,2023-05-31,634044801.0,12.0,,5.0,2.0,3.0,True,,,False,0.3948240865351669,2580517314599.642,,4.57376590337614,0.0011237950141313546,,1.5203369144430514,-6.791043915911648,,-0.7495979457473413,-2.0410169322375293,
7083,UNI,2023-06-30,605320238.0,12.0,,,2.0,3.0,True,,,,0.3922995736363044,2503211515008.9326,,5.034208360884222,0.001217359453997699,,1.6162562865765007,-6.711071147865939,,-0.6868082954901372,-2.172897957458293,
7083,UNI,2023-07-31,588270620.0,12.0,,,2.0,3.0,True,,,,0.3877073107705463,2504649965594.4175,,6.406109766800205,0.0015046119082788658,,1.857252186038635,-6.499220282288278,,-0.523787047576347,-2.253150347455931,
7083,UNI,2023-08-31,570693787.0,12.0,,,1.6657651955077557,3.0,False,,,,0.3953591814443659,744761567110.4279,,4.419355708483603,0.0033864513916312448,,1.4859939181531177,-5.687972692983496,,-0.6378652743424575,-2.164919843111235,
7083,UNI,2023-09-30,548456577.0,12.0,0.0,6.0,0.9393161127892606,3.0,False,,,False,0.3950050322249391,37877445528.79206,,4.695698710056612,0.06799262213137676,,1.5466469216209808,-2.6883560777603606,,-0.6565686409646254,-1.3555091734298264,
7083,UNI,2023-10-31,543186046.0,12.0,0.0,7.0,0.7148365488452793,3.0,False,,,False,0.37331948950445304,14582430509.71479,,4.490503326952794,0.16726832643518216,,1.5019647950155306,-1.7881560108784627,,-0.6847578336684685,-1.1023804803338146,
7083,UNI,2023-11-30,543737843.0,12.0,0.0,8.0,0.5841945552140211,3.0,False,,,False,0.414975463131041,6494468769.073525,,6.438292550278211,0.5390345890277712,,1.8622633730181974,-0.617975537538845,,-0.6900459341374848,-0.9830258852851622,
7083,UNI,2023-12-31,597680583.0,12.0,0.0,8.0,0.5064550197450386,3.0,False,,,False,0.34550124345754873,6469370149.950674,,7.235295702249557,0.6684415411801535,,1.9789712303262788,-0.4028063340123779,,-0.7245754933585731,-0.9165060310938047,
7083,UNI,2024-01-31,632909867.0,12.0,0.0,8.0,0.3562305957285583,3.0,False,,,False,0.2827571749753371,4072778563.666673,,5.668679953337815,0.8809129735996701,,1.734956278172166,-0.12679643931032433,,-0.8109785525190198,-0.8153950723658504,
7083,UNI,2024-02-29,647221861.0,12.0,0.0,9.0,0.22733143660598754,3.0,False,,,False,0.3344031814078257,1825290896.6405818,,10.299601857741909,3.6520904663446654,,2.332105239900318,1.2952997341522676,,-0.5388281591896903,-0.18489132877069467,
7083,UNI,2024-03-31,720719376.0,12.0,0.0,9.0,0.17325970007139957,3.0,False,,,False,0.3363711809597621,1577971399.2019193,,10.767142302054573,4.917762188316433,,2.3764991172461567,1.5928535872601481,,-0.476126923519745,-0.018515895527441144,
7083,UNI,2024-04-30,785631165.0,12.0,0.0,9.0,0.1115232568583886,3.0,False,,,False,0.35314295489134745,1283863456.3416677,,5.361467772951956,3.280828776431228,,1.6792377758331691,1.1880960662201416,,-0.7086137351279963,-0.01179545937447713,
7083,UNI,2024-05-31,801260191.0,12.0,0.0,9.0,-0.0087026150697459,3.0,False,,,False,0.3692822260451292,816055211.7066498,,7.461555146080628,7.326277702463546,,2.0097638571120076,1.9914675700623727,,-0.5625714335916127,0.22069173571118594,
7083,UNI,2024-06-30,841454229.0,12.0,0.0,10.0,-0.032921249978658085,3.0,False,,,False,0.3627104802009846,788173831.2825688,,6.610900018105859,7.057795573698816,,1.8887198046711824,1.9541327610618457,,-0.4916304748789066,0.22299205023930657,
7083,UNI,2024-07-31,871869197.0,12.0,0.0,11.0,-0.04830681961681327,3.0,False,,,False,0.36453698673352797,773941923.8861135,,4.963462820732724,5.591492346250505,,1.6021036464852294,1.7212462186665167,,-0.6450349636153151,0.06454852407983151,
7083,UNI,2024-08-31,892419483.0,12.0,0.0,12.0,-0.0684839338285661,3.0,False,,,False,0.3592629714792785,739520218.7618754,,3.9966853888503984,4.823018786968428,,1.3854653648099822,1.5734000363660878,,-0.7320305387673431,0.05871756692814839,
7083,UNI,2024-09-30,915113447.0,12.0,0.0,12.0,-0.08237883952963487,3.0,False,,,False,0.35939439186103567,723494843.9271317,,4.852598069696319,6.137815333087015,,1.5795142459951512,1.814468869900547,,-0.719965539959442,0.02430666197348474,
7083,UNI,2024-10-31,945758658.0,12.0,0.0,12.0,-0.09864842404696039,3.0,False,,,False,0.39681212012458406,712580668.6618121,,4.830703507884357,6.411456088743377,,1.5749921108642808,1.8580864040662195,,-0.6530628743929958,0.011116882385854109,
7083,UNI,2024-11-30,1014022918.0,12.0,0.0,12.0,-0.113036609486319,3.0,False,,,False,0.42093600918617663,734633338.0388937,,7.571511694878781,10.451045419484663,,2.02439274300544,2.3467020135492116,,-0.762630642637199,-0.07418710210898231,
7083,UNI,2024-12-31,1094893850.0,12.0,0.0,12.0,-0.1142936004330879,3.0,False,,,False,0.42234991295825913,790494786.6239161,,7.247563999911279,10.038413137264047,,1.9806654123936944,2.3064190477143587,,-0.6972221885801128,0.008538873869191905,
7083,UNI,2025-01-31,1162109922.0,12.0,0.0,12.0,-0.10732068070450929,3.0,False,,,False,0.41312497701075396,855129196.0214808,,6.078847100297372,8.261077463432848,,1.8048150563359988,2.111555022540744,,-0.7281190186374812,0.12109752587325406,
7083,UNI,2025-02-28,1167919247.0,12.0,0.0,12.0,-0.10410453274208453,3.0,False,,,False,0.42777759446663405,870541960.2426848,,3.8566111074558322,5.174030140185309,,1.3497888464153411,1.6436519090629331,,-0.8971423045942108,0.11317856010068024,
7083,UNI,2025-03-31,1080639254.0,12.0,0.0,12.0,-0.12567247396998826,3.0,False,,,False,0.43020309190077166,755721751.43882,,3.4723234271835492,4.9652256149228045,,1.244823945450287,1.602458737536787,,-0.90935600897726,-0.0075966224843527054,
7083,UNI,2025-04-30,1025268471.0,12.0,0.0,12.0,-0.13407999953726413,3.0,False,,,False,0.41129474821018863,695266651.1313384,,3.2318338721701547,4.765793623574752,,1.1730497384003233,1.5614640759292544,,-0.9771497264191198,-0.00433849380424293,
7083,UNI,2025-05-31,1023262683.0,12.0,0.0,12.0,-0.10281341194968008,3.0,False,,,False,0.4149490938118789,763704348.2572687,,3.721420129602076,4.986210115310267,,1.3141053507044276,1.6066761252704698,,-0.8697655175965842,0.0025272303471866675,
7083,UNI,2025-06-30,1014787964.0,12.0,0.0,12.0,-0.09571910297198338,3.0,False,,,False,0.4709778868460308,781865970.6858742,,4.4185937340674375,5.734916094639623,,1.4858214857528178,1.7465731200714532,,-0.787143437969492,-0.06720445869637412,
7083,UNI,2025-07-31,1038371912.0,12.0,0.0,12.0,-0.080988662522398,3.0,False,,,False,0.4509366513535548,832616958.9899642,,5.663478342649605,7.06302792866671,,1.7340382516290023,1.9548738446405034,,-0.8073901130323595,-0.12572958334600126,
7083,UNI,2025-08-31,1092165977.0,12.0,0.0,12.0,-0.05089323568180337,3.0,False,,,False,0.44018265489468,958418808.7357864,,5.5388433421898196,6.311787910602607,,1.7117856959627606,1.8424189819972046,,-0.8359310864372353,-0.1879111050885211,
7083,UNI,2025-09-30,1147475571.0,12.0,0.0,12.0,-0.014004914252061296,3.0,False,,,False,0.44517350544932477,1129034006.1649973,,4.193722162817137,4.262222136018367,,1.4335886839374967,1.4497906524539215,,-0.9304891291307809,-0.2672147418661805,
7083,UNI,2025-10-31,1214989160.0,12.0,0.0,12.0,0.03463220823083524,3.0,False,,,False,0.45120851676447027,1394522015.758557,,2.9793672076502142,2.5957990049984385,,1.091710931542516,0.9538943709593434,,-0.9232636201277886,-0.2867360592459634,
7083,UNI,2025-11-30,1169231080.0,12.0,0.0,12.0,0.06639291737216757,3.0,False,,,False,0.42957085448344234,1507478796.7354262,,3.2663256962694165,2.533428350535613,,1.1836657128675458,0.9295734647111873,,-0.77848516830172,-0.3040288737818317,
7083,UNI,2025-12-31,1054262367.0,12.0,164209.0,12.0,0.08378257489460594,3.0,False,,,False,0.42799475833961276,1445663817.3553605,,3.36241394972627,2.4520683487514225,,1.2126591534410247,0.8969318923801802,,-0.6785421361199298,-0.19709302442754623,
7083,UNI,2026-01-31,963355706.0,12.0,2999289.0,12.0,0.09717623255804653,3.0,False,,,False,0.4678702442185595,1348178756.0246773,,2.602120085978241,1.8593730403496025,,0.9563265304389905,0.6202393558216766,,-0.785246269303269,-0.1708957879440395,
7083,UNI,2026-02-28,935008178.0,12.0,6179694.0,12.0,0.09616231217407445,3.0,False,,,False,0.4513808577954263,1317801680.5316205,,2.58549097589624,1.8344605583087044,,0.9499154225739193,0.6067504646140722,,-0.8274899038643161,-0.26461036168735685,
7083,UNI,2026-03-31,916627731.0,12.0,10759908.0,12.0,0.09676782745603574,3.0,False,,,False,0.48236346256127466,1270078985.9845657,,2.4441995034338424,1.7640013492602702,,0.8937176678607255,0.5675847224710815,,-0.774525789760095,-0.22051955714553786,
7083,UNI,2026-04-30,901170745.0,12.0,15255033.0,12.0,0.11239570609549299,3.0,False,,,False,0.4729906475962999,1322891236.9326148,,2.250606821218504,1.5331426871360192,,0.81119987817361,0.4273196726202586,,-0.8562671841303351,-0.3469465785868795,
7083,UNI,2026-05-31,866064011.0,12.0,19100993.0,12.0,0.10954098398021705,3.0,False,,,False,0.4743444384683592,1258083869.8911278,,2.2157003108494964,1.525286464847787,,0.7955685209531198,0.42218223822038903,,-0.8741071120561759,-0.3355229342519585,
7102,LINA,2023-05-31,,,,,,,,,,,0.5430763635095869,,,,,,,,,,,
7102,LINA,2023-06-30,,,,,,,,,,,0.524625806953359,,,,,,,,,,,
7102,LINA,2023-07-31,,,,,,,,,,,0.5244794153352393,,,,,,,,,,,
7102,LINA,2023-08-31,,,,,,,,,,,0.5258941317701266,,,,,,,,,,,
7102,LINA,2023-09-30,,,,,,,,,,,0.5252131759501049,,,,,,,,,,,
7102,LINA,2023-10-31,,,,,,,,,,,0.49049807725686195,,,,,,,,,,,
7102,LINA,2023-11-30,,,,,,,,,,,0.48819007882735055,,,,,,,,,,,
7102,LINA,2023-12-31,,,,,,,,,,,0.48397303390293944,,,,,,,,,,,
7102,LINA,2024-01-31,,,,,,,,,,,0.4848663039533986,,,,,,,,,,,
7102,LINA,2024-02-29,,,,,,,,,,,0.485244924440926,,,,,,,,,,,
7102,LINA,2024-03-31,,,,,,,,,,,0.40472809807203686,,,,,,,,,,,
7102,LINA,2024-04-30,,,,,,,,,,,0.4138808705212381,,,,,,,,,,,
7102,LINA,2024-05-31,,,,,,,,,,,0.40209888018393547,,,,,,,,,,,
7102,LINA,2024-06-30,,,,,,,,,,,0.3991832841862556,,,,,,,,,,,
7102,LINA,2024-07-31,,,,,,,,,,,0.38248452348959816,,,,,,,,,,,
7102,LINA,2024-08-31,,,,,,,,,,,0.37687221691550965,,,,,,,,,,,
7102,LINA,2024-09-30,,,,,,,,,,,0.3699990912702989,,,,,,,,,,,
7102,LINA,2024-10-31,,,,,,,,,,,0.3554999356849561,,,,,,,,,,,
7102,LINA,2024-11-30,,,,,,,,,,,0.36962800852898847,,,,,,,,,,,
7102,LINA,2024-12-31,,,,,,,,,,,0.37644346319568833,,,,,,,,,,,
7102,LINA,2025-01-31,,,,,,,,,,,0.3583828669066335,,,,,,,,,,,
7102,LINA,2025-02-28,,,,,,,,,,,0.37105542563210114,,,,,,,,,,,
7186,CAKE,2023-03-31,234243916.0,12.0,74703389.0,12.0,-0.5,1.0,True,-0.5,1.0,True,0.6655230646856604,67288355.95542724,21459119.69004458,3.125546100363028,10.880636743042803,34.11790272679372,1.1396090200371614,2.386984763892052,3.5298222531725387,-0.9118225431914602,0.012873508018444488,-0.23730554505523554
7186,CAKE,2023-04-30,192343846.0,12.0,61304204.0,12.0,-0.5,1.0,True,-0.5,1.0,True,0.663752337877833,55192706.509632915,17591126.566007547,2.770779535436313,9.656029319216264,30.29609219535446,1.0191287013429908,2.267582520163473,3.411018733747572,-1.0249970242546769,0.12103549229323278,-0.03209781148648606
7186,CAKE,2023-05-31,149199613.0,12.0,47505763.0,12.0,-0.5,1.0,True,-0.5,1.0,True,0.6724562325200714,43038375.13169306,13703593.513418192,2.2061649964888197,7.648034171436194,24.019901303112544,0.7912557124535768,2.0344486437616336,3.178882707697207,-1.225169602321665,0.13996153164312752,-0.07757634968941182
7186,CAKE,2023-06-30,128067336.0,12.0,40753207.0,12.0,-0.5,1.0,True,-0.5,1.0,True,0.6605149746987348,36675939.58801603,11670908.481690543,2.560799272528451,8.941958803166337,28.100189576326123,0.9403194255936771,2.1907546706849086,3.3357763228054167,-1.1426073440439537,0.1179112325540291,-0.17021016790378948
7186,CAKE,2023-07-31,120254493.0,12.0,38260153.0,12.0,-0.5,1.0,True,-0.5,1.0,True,0.6606339628159569,34441013.01925528,10957747.978628118,2.748852904872707,9.597914910988072,30.166957029105728,1.0111836991566043,2.2615458781110798,3.406747187265671,-1.0479786553012655,0.17059110425461654,-0.08153629637344022
7186,CAKE,2023-08-31,103155517.0,12.0,32780390.0,12.0,-0.5,1.0,True,-0.5,1.0,True,0.6632795916091564,29591743.9530534,9403558.198067412,2.516455602637004,8.772253474124208,27.60511215328215,0.9228514045739792,2.171593725957159,3.318000978516458,-0.9865284837768833,0.12503483437970198,-0.11809363644688121
7186,CAKE,2023-09-30,90369825.0,12.0,28675343.0,12.0,-0.5,2.0,True,-0.5,2.0,True,0.6610322396429232,25888339.940244984,8214656.0258042365,2.9381084715575523,10.256213763359632,32.32227223776892,1.0777659972735392,2.3278837427223813,3.4757565355680717,-0.951931861140503,0.11747048293766933,0.04675710174454073
7186,CAKE,2023-10-31,77522574.0,12.0,24833928.0,12.0,-0.5,2.0,True,-0.5,2.0,True,0.620119466108701,21633115.644260354,6930048.998698561,3.6013051123605644,12.905327492372656,40.28578183530587,1.2812963109747706,2.557640210018102,3.695998598644306,-0.8235137218340255,0.2063265491321899,0.21763959756854376
7186,CAKE,2023-11-30,63013426.0,12.0,20212032.0,12.0,-0.5,2.0,True,-0.5,2.0,True,0.6284173241624577,17681365.744851764,5671431.517445943,8.473410614924989,30.197816189999678,94.14530195925609,2.1369330976171046,3.4077696101768002,4.5448393543281975,-0.4943106943322685,0.30817579737100464,0.38366048642037065
7186,CAKE,2023-12-31,63995711.0,12.0,20551651.0,12.0,-0.5,2.0,True,-0.5,2.0,True,0.6319791143973198,17998948.201026767,5780201.454353402,13.273316966861238,47.19361082300306,146.95601240383925,2.58575577693312,3.854258519509561,4.990133306650874,-0.2730451712022056,0.5098333255148739,0.5895340119408631
7186,CAKE,2024-01-31,74111584.0,12.0,24141883.0,12.0,-0.5,2.0,True,-0.5,2.0,True,0.5831535296799281,20154649.5016621,6565386.460706799,8.315148322772634,30.57601241563654,93.86329610355956,2.11807895046206,3.420215793556068,4.541839426983424,-0.5120984581623054,0.3955377319787652,0.47848164281292815
7186,CAKE,2024-02-29,80147138.0,12.0,26471214.0,12.0,-0.5,2.0,True,-0.5,2.0,True,0.3465927185660873,17291706.39551509,5711151.6623444315,9.079053203266017,42.081453001089294,127.41040214169317,2.2059699144083593,3.7396070973268922,4.847413389268767,-0.6358293139055986,0.42545026470808356,0.5189259416455873
7186,CAKE,2024-03-31,103327440.0,12.0,34525971.0,12.0,-0.5,2.0,True,-0.5,2.0,True,0.31496980581784095,21354628.83142588,7135464.652463795,11.21585135499451,54.26950836188953,162.41482011013215,2.4173280772616983,3.9939625289203957,5.090153680399715,-0.4359327597919284,0.6121073685866613,0.7005018471014831
7186,CAKE,2024-04-30,113769207.0,12.0,38365701.0,12.0,-0.5,2.0,True,-0.5,2.0,True,0.3393281353631815,24312211.13192386,8198659.791451851,5.832398888575265,27.292762178656755,80.93364200240656,1.7634283888995308,3.306621545379029,4.393629584378246,-0.6394994137073955,0.5073086678648415,0.5871983538859066
7186,CAKE,2024-05-31,120408472.0,12.0,40930987.0,12.0,-0.5,2.0,True,-0.5,2.0,True,0.3221215135851692,25136061.774950627,8544613.187531365,6.100946226370888,29.225167388932697,85.97295123241507,1.8084438782267402,3.3750302349356627,4.454032726228232,-0.7336166533891999,0.5615895785617574,0.6846747064063082
7186,CAKE,2024-06-30,130348647.0,12.0,44530211.0,12.0,-0.5,2.0,True,-0.5,2.0,True,0.32214380188743813,27211982.650560785,9296263.191422394,4.393782260895842,21.04674180764154,61.60793440624858,1.480190419001283,3.046745764663228,4.120790667541027,-0.7972909161666918,0.5335591976115764,0.6311060819594854
7186,CAKE,2024-07-31,129626074.0,12.0,44742419.0,12.0,-0.5,2.0,True,-0.5,2.0,True,0.3209129045117222,27014754.40554877,9324555.03354332,3.3363721695984814,16.00906005864272,46.38085401310255,1.2048840399042047,2.773154815643841,3.836886745049464,-0.9471416921995438,0.3862167473997038,0.49010334193266714
7186,CAKE,2024-08-31,136855777.0,12.0,47529760.0,12.0,-0.5,2.0,True,-0.5,2.0,True,0.3082210622026367,28011925.060722303,9728490.12631828,3.442358842677426,16.818076340922932,48.42546870176338,1.2361569464742148,2.822454280639489,3.8800258881675074,-0.847450343677816,0.4182360376334634,0.48238720386957884
7186,CAKE,2024-09-30,142615063.0,12.0,49784161.0,12.0,-0.284466275618257,3.0,False,-0.2634163975618461,3.0,False,0.3084460614245362,57240503.36204158,21348670.358456347,3.8528091706438223,9.599297531033255,25.73783815911975,1.3488025369437917,2.261689921945751,3.2479622110386392,-0.8923589891599623,0.15065586214982118,0.28390030025923335
7186,CAKE,2024-10-31,148508627.0,12.0,52019848.0,12.0,-0.31570817687401487,3.0,False,-0.294770467224995,3.0,False,0.34696084739291855,56197493.80140378,20961103.250902545,3.279825616466548,8.667333116707574,23.237440952918487,1.1877902552712876,2.1595611444785097,3.145764812018771,-0.9285839081871868,0.09549454507879922,0.26451404503672254
7186,CAKE,2024-11-30,159209833.0,12.0,55933898.0,12.0,-0.35947926302740596,3.0,False,-0.3392280420248791,3.0,False,0.3834003600983247,54822583.45068464,20431746.899202745,5.493029864928387,15.952264786024772,42.803210698219154,1.7034799912523821,2.76960081200504,3.7566131160876997,-0.9709382623913011,0.045439177190258126,0.22922737880416835
7186,CAKE,2024-12-31,167954883.0,12.0,59301655.0,12.0,-0.37869291015959583,3.0,False,-0.35798124877350734,3.0,False,0.39072171205629885,55068754.74338328,20652262.64263823,4.344741879554367,13.251082532121947,35.33368845209183,1.4689663506361288,2.5840792496324294,3.564836855924352,-1.026434749870649,0.08088596034066592,0.27211877204022883
7186,CAKE,2025-01-31,171633969.0,12.0,60650397.0,12.0,-0.3905084590577098,3.0,False,-0.3700184569266092,3.0,False,0.37738132000316454,53633240.60884072,20131053.78334761,3.474128219749401,11.117702536739975,29.619831211406073,1.2453435755285467,2.4085386610681163,3.3884441103563696,-1.1477271564465465,0.1927115003102964,0.38112734397086095
7186,CAKE,2025-02-28,202686079.0,12.0,70682886.0,12.0,-0.3675097175916451,3.0,False,-0.3491204135418,3.0,False,0.36825984918115584,67156643.84371217,24724850.110041864,2.8567056207895987,8.621849276485507,23.418320376386873,1.0496690800643351,2.1542995949016155,3.1535186381078635,-1.0917145243427269,0.23954402109226997,0.45508648528410356
7186,CAKE,2025-03-31,202496353.0,12.0,70435804.0,12.0,-0.37825288125885104,3.0,False,-0.36072280025431147,3.0,False,0.3659497274358362,64840638.29241847,23754875.842318736,2.86818726420722,8.95730634395867,24.449610453797145,1.0536802149597722,2.192469550533592,3.1966142834339246,-1.0333949411806043,0.15155643018090773,0.3352492533389826
7186,CAKE,2025-04-30,202197426.0,12.0,70223011.0,12.0,-0.38502014053624967,3.0,False,-0.368007133392405,3.0,False,0.36619852831778343,63474665.96766813,23184407.837053314,3.1968279392852756,10.183438870204006,27.88039208210037,1.1621590492003209,2.3207627605819465,3.3279236489964634,-0.9840291750812539,0.18664631593832498,0.4058296688563008
7186,CAKE,2025-05-31,220514769.0,12.0,76209388.0,12.0,-0.3365721611409076,3.0,False,-0.3193341424343721,3.0,False,0.357405836428644,79207669.56712523,28810909.6473517,3.370425536904295,9.38329094598972,25.79677690844687,1.2150390084710483,2.2389305486061133,3.2502495580944744,-0.9241769549187165,0.1571568144134428,0.2725146236801228
7186,CAKE,2025-06-30,246797566.0,12.0,84841521.0,12.0,-0.3037958014265808,3.0,False,-0.2869677469099122,3.0,False,0.3695834146191537,98767450.4768267,35679290.56326876,3.0344533592162968,7.582414040046678,20.98964669342617,1.1100312960047152,2.0258316238920964,3.0440293015530124,-0.9934982079614612,0.0035663786162236414,0.07269194150065836
7186,CAKE,2025-07-31,265926882.0,12.0,91073273.0,12.0,-0.27865975325745473,3.0,False,-0.26215284183584564,3.0,False,0.36378732387753304,114071328.72184172,41034002.188191906,3.5202664696700396,8.206562477861764,22.813604234731127,1.2585366883555902,2.1049341363774405,3.1273570349813666,-1.0703452086881178,-0.08565016712725698,-0.011489023364042021
7186,CAKE,2025-08-31,276757350.0,12.0,94576926.0,12.0,-0.25450782778528414,3.0,False,-0.23799975550366415,3.0,False,0.37699836601828896,128829590.90904248,46230249.85403391,3.06637274889259,6.587315772002214,18.356837758290393,1.1204953480412585,1.8851459471769423,2.910002134970893,-1.1620353439522215,-0.17632636217219594,-0.0528966836080033
7186,CAKE,2025-09-30,307214558.0,12.0,104437633.0,12.0,-0.21091031563193452,3.0,False,-0.1948413654416037,3.0,False,0.38740896704818245,163823726.97107664,58423326.24062123,2.808503302722108,5.266716346525578,14.768298149162998,1.0326517089633487,1.6614070842049253,2.692482866422021,-1.148002693562631,-0.20939041821056759,-0.11441930085784587
7186,CAKE,2025-10-31,379297118.0,12.0,127739176.0,12.0,-0.1256173043263491,3.0,False,-0.1101779711638553,3.0,False,0.3850332230925851,261893848.98356053,92591004.23001383,2.1754490342875483,3.1506717407209726,8.911681603661412,0.7772350957782524,1.1476156811253055,2.18736295584804,-1.090717693943634,-0.2316458839951215,-0.04699295758214764
7186,CAKE,2025-11-30,395007244.0,12.0,132824009.0,12.0,-0.040137025037509266,3.0,False,-0.023569101280577986,3.0,False,0.3700499026242761,360388700.3464559,128347266.07327871,2.0354447518603425,2.2309673443526004,6.264375131197359,0.7107143462984294,0.8024352781189764,1.834878843740401,-1.0364314302347994,-0.3416114024276092,-0.13679943806902906
7186,CAKE,2025-12-31,391905201.0,12.0,131559431.0,12.0,0.026175216769045218,3.0,False,0.043446495461630485,3.0,False,0.3703349463100071,452489718.97891146,161926658.88688403,1.6135266570021793,1.3974891855184188,3.9051598617435386,0.4784222536019021,0.3346771875688166,1.3622987201601362,-1.0815352873254451,-0.3464062153225209,-0.29066436910167476
7186,CAKE,2026-01-31,391574159.0,12.0,131285345.0,12.0,0.08247992519525638,3.0,False,0.10038498452026667,3.0,False,0.39094293508470584,549294596.6387666,197043958.11939427,1.3071769861588005,0.9318437358594663,2.597677867946294,0.26786983952094967,-0.07059014374079685,0.9546179182382817,-1.145353146029453,-0.33820066951723005,-0.25547439843458225
7186,CAKE,2026-02-28,360602531.0,12.0,121150497.0,12.0,0.09958140855632736,3.0,False,0.11867007421100362,3.0,False,0.38601702449959824,542080152.9122856,196096846.38662797,1.2011407086632055,0.7990227594648193,2.2087778952707393,0.1832716958215475,-0.22436584868435494,0.7924393740098178,-1.2380585081281323,-0.4859550435607268,-0.42503512667512416
7186,CAKE,2026-03-31,345098952.0,12.0,116061505.0,12.0,0.13786771050749347,3.0,False,0.15819752123516428,3.0,False,0.4099660901926439,586129029.1066904,213175509.62583518,1.3798877588337954,0.8124453760240076,2.233829862947166,0.3220021616829006,-0.20770659654716297,0.8037175397106548,-1.0576123697697264,-0.4108553916330253,-0.376869189661732
7186,CAKE,2026-04-30,341739745.0,12.0,114821890.0,12.0,0.211171747801711,3.0,False,0.23266427978233262,3.0,False,0.40641061243849663,779290256.6706861,286115340.3959678,1.386184401603112,0.6078791565425771,1.6556760055970112,0.3265549378075832,-0.49777917245705,0.5042093880272706,-1.0834287773817708,-0.5928607167392107,-0.5345187465760622
7186,CAKE,2026-05-31,322225894.0,12.0,108234606.0,12.0,0.292600283628073,3.0,False,0.31585069520303377,3.0,False,0.38978411964256043,1075561237.9538062,401029916.8517457,1.497642313598665,0.4486765758773879,1.2033494587635962,0.4038920806146589,-0.8014529717814669,0.18510888422145966,-1.0523038177335047,-0.631639027275502,-0.605229033504841
7224,DODO,2022-04-30,,,,,,,,,,,0.5487921800254478,,,,,,,,,,,
7224,DODO,2022-05-31,,,,,,,,,,,0.5509082422430567,,,,,,,,,,,
7224,DODO,2022-06-30,,,,,,,,,,,0.4851690159705306,,,,,,,,,,,
7224,DODO,2022-07-31,,,,,,,,,,,0.5100539035377316,,,,,,,,,,,
7224,DODO,2022-08-31,,,,,,,,,,,0.5078766980377698,,,,,,,,,,,
7224,DODO,2022-09-30,,,,,,,,,,,0.5060546062860038,,,,,,,,,,,
7224,DODO,2022-10-31,,,,,,,,,,,0.505562773095455,,,,,,,,,,,
7224,DODO,2022-11-30,,,,,,,,,,,0.49086512465047943,,,,,,,,,,,
7224,DODO,2022-12-31,,1.0,,1.0,,,False,,,False,0.4904904024606091,,,,,,,,,,,
7224,DODO,2023-01-31,,2.0,,2.0,,,False,,,False,0.47916956961523305,,,,,,,,,,,
7224,DODO,2023-02-28,,3.0,,3.0,,,False,,,False,0.4807773708014454,,,,,,,,,,,
7224,DODO,2023-03-31,,4.0,,4.0,,,False,,,False,0.43626677208523945,,,,,,,,,,,
7224,DODO,2023-04-30,,5.0,,5.0,,,False,,,False,0.4348286821640836,,,,,,,,,,,
7224,DODO,2023-05-31,2004862.0,6.0,400953.0,6.0,,,False,,,False,0.43521605534858987,,,28.902061284474346,,,3.363912917297195,,,0.4529464228436797,,
7224,DODO,2023-06-30,2214696.0,7.0,442922.0,7.0,,,False,,,False,0.4234304173823897,,,20.297772716533974,,,3.010511161630897,,,0.2533683425575142,,
7224,DODO,2023-07-31,2316356.0,8.0,463255.0,8.0,,,False,,,False,0.42246064575868414,,,17.958340812297433,,,2.8880546762177532,,,0.114858668404778,,
7224,DODO,2023-08-31,2512899.0,9.0,502566.0,9.0,,,False,,,False,0.41240387876476425,,,18.082041312316935,,,2.894919253033112,,,0.23445463983091636,,
7224,DODO,2023-09-30,2628921.0,10.0,525776.0,10.0,,,False,,,False,0.41181058984213337,,,22.93681873367856,,,3.1327434243896652,,,0.3425647130302063,,
7224,DODO,2023-10-31,2852342.0,11.0,570465.0,11.0,,,False,,,False,0.3992109340080801,,,23.890237541547208,,,3.1734699044254646,,,0.3662811356598452,,
7224,DODO,2023-11-30,3030103.0,12.0,606014.0,12.0,,,False,,,False,0.40256084988753643,,,27.584521759305474,,,3.317254809590437,,,0.34681059662097163,,
7224,DODO,2023-12-31,3387303.0,12.0,677456.0,12.0,,,False,,,False,0.41301948426559587,,,36.33772870006526,,,3.5928565596406346,,,0.47637493747187876,,
7224,DODO,2024-01-31,3837374.0,12.0,767472.0,12.0,,,False,,,False,0.4130544126700708,,,25.33318767007701,,,3.2321153017363096,,,0.3569790302451608,,
7224,DODO,2024-02-29,3771182.0,12.0,754229.0,12.0,,,False,,,False,0.4019934242473082,,,35.35229403052127,,,3.565363285018372,,,0.4095774835004801,,
7224,DODO,2024-03-31,4593202.0,12.0,918632.0,12.0,,,False,,,False,0.4160295793049084,,,33.993599813613216,,,3.526172266120561,,,0.6556714559085417,,
7224,DODO,2024-04-30,5218014.0,12.0,1043588.0,12.0,,,False,,,False,0.4213625141732158,,,19.631517440775657,,,2.977136307428868,,,0.35686581201966433,,
7224,DODO,2024-05-31,5624892.0,12.0,1124956.0,12.0,1.8056255243503045,1.0,False,1.8057054068681366,1.0,False,0.41026407899804773,10923084712.429632,2185169020.145836,20.034846632474544,0.010317035115180975,0.05157214270624792,2.997473089078751,-4.57395885524645,-2.964773622310873,0.2766048052164522,-1.3969724023904957,-1.1126595582146543
7224,DODO,2024-06-30,5915862.0,12.0,1183145.0,12.0,1.671184668234376,1.0,False,1.6712265365007832,1.0,False,0.4073070789097427,7318400563.137865,1463864672.5042164,13.38725323644914,0.010821646345076473,0.05410140991407685,2.5943030032192373,-4.526206859552967,-2.9168950322109377,0.036284723876735765,-1.6189964519514373,-1.3032784446999666
7224,DODO,2024-07-31,6034827.0,12.0,1206936.0,12.0,1.6053106689990657,1.0,False,1.6053383125924165,1.0,False,0.40192596454431884,6082263212.600793,1216545610.97956,14.414849391497198,0.01430242646002543,0.07150666734040148,2.668258882995354,-4.247326073591465,-2.6379645841135364,0.16583304322190043,-1.7606100976138264,-1.4459764751202342
7224,DODO,2024-08-31,11331949.0,12.0,2266358.0,12.0,2.0,1.0,True,2.0,1.0,True,0.3871523951656243,48418268067.0247,9683517740.844578,7.0014454913752555,0.0016386381917815628,0.008193305920212467,1.9461166265052712,-6.413889752959787,-4.804437809301625,-0.2986306007801951,-2.2402844366310073,-2.1199502526805225
7224,DODO,2024-09-30,11473147.0,12.0,2294602.0,12.0,2.0,1.0,True,2.0,1.0,True,0.38135925107152563,50871950788.23787,10174268666.007,7.919103357267038,0.0017859947479569693,0.00893008037321429,2.0692779869510365,-6.327779737205743,-4.71832988377429,-0.3540020570313194,-2.2760470321115243,-2.056033704712745
7224,DODO,2024-10-31,12770800.0,12.0,2554128.0,12.0,2.0,1.0,True,2.0,1.0,True,0.3675485902209305,61929407779.072296,12385726378.296299,6.111070742262802,0.0012601971346747293,0.006301064616770981,1.8101020020628915,-6.676487114165673,-5.0670366730722645,-0.4857658448395734,-2.3775653818883677,-1.9960028538877284
7224,DODO,2024-11-30,14301902.0,12.0,2860344.0,12.0,2.0,1.0,True,2.0,1.0,True,0.3859693155079387,61570738298.40616,12313990955.008379,8.449839190309824,0.0019627630812200083,0.009813940294183707,2.1341474104554305,-6.233402063167317,-4.623951425072109,-0.6913878097846005,-2.501259324696653,-2.117566077830044
7224,DODO,2024-12-31,14726486.0,12.0,2945261.0,12.0,2.0,1.0,True,2.0,1.0,True,0.3755763830696368,67777435704.91632,13555320533.472652,7.502288653218356,0.0016300756685541733,0.008150478518509455,2.0152081277547724,-6.419128842815081,-4.80967863952542,-0.6749983921187891,-2.264988132833012,-1.8326024313900517
7224,DODO,2025-01-31,14746363.0,12.0,2949241.0,12.0,2.0,1.0,True,2.0,1.0,True,0.3569302352735465,76697875721.56767,15339410788.338251,5.09274533245174,0.0009791597307273379,0.004895851110264497,1.627817043206689,-6.928815771717564,-5.319367144719713,-0.8608689607398115,-2.058877391841709,-1.8001949175743626
7224,DODO,2025-02-28,17664138.0,12.0,3532807.0,12.0,2.0,1.0,True,2.0,1.0,True,0.3577739231886309,91360095872.9473,18271912630.020176,3.511814138798518,0.0006789963275033828,0.0033950014338493296,1.2561327526180563,-7.2948948391044715,-5.685451095630086,-0.9578609779580982,-2.0987644521777984,-1.7551637515430933
7224,DODO,2025-03-31,20401262.0,12.0,4080246.0,12.0,2.0,1.0,True,2.0,1.0,True,0.3599822417899575,103983331653.98795,20796633710.593864,2.2783090581021535,0.00044699837245052007,0.002234995367910818,0.8234335266312099,-7.712955604407624,-6.103516123441876,-1.182808962191606,-2.520392314874874,-2.1487382735885094
7224,DODO,2025-04-30,21367024.0,12.0,4273412.0,12.0,2.0,1.0,True,2.0,1.0,True,0.33565387566553223,128314277989.45955,25662898835.677464,1.6881518653815502,0.0002811127645998632,0.0014055614548542537,0.5236343597700182,-8.176754671620428,-6.567318444024126,-1.387373512594797,-2.4537722835953995,-1.9253896422863965
7224,DODO,2025-05-31,23822684.0,12.0,4764552.0,12.0,2.0,2.0,True,2.0,2.0,True,0.31799259795035906,161802508077.1884,32360604853.09649,1.2757058356594178,0.0001878261181549315,0.0009391275947353698,0.24349962202794587,-8.239793055936003,-6.970559204350115,-1.4577875964310287,-2.4056100286671187,-2.241544130372365
7224,DODO,2025-06-30,25380873.0,12.0,5076189.0,12.0,2.0,2.0,True,2.0,2.0,True,0.33176661942681884,156556540723.10257,31311396967.97133,1.0954122059619922,0.00017758771338301829,0.0008879360480342215,0.09113073623217954,-8.239793055936003,-7.026610835545004,-1.5529992178134933,-2.5979904018888735,-2.430715887278831
7224,DODO,2025-07-31,27673590.0,12.0,5534734.0,12.0,2.0,2.0,True,2.0,2.0,True,0.31480139597710394,192261411075.48965,38452393374.60333,1.085653991402422,0.0001562661132666798,0.0007813283076360413,0.082182562460278,-8.239793055936003,-7.154515128162599,-1.720875797000789,-2.8486104546957,-2.615970607183388
7224,DODO,2025-08-31,26583032.0,12.0,5316620.0,12.0,2.0,2.0,True,2.0,2.0,True,0.29882276364839033,207259216018.5326,41451949238.46349,1.2187050482658088,0.00015631090341340813,0.000781552517837938,0.19778885917549968,-8.239793055936003,-7.1542282090325156,-1.6709198801425105,-2.921543929137644,-2.6064332029949573
7224,DODO,2025-09-30,35946480.0,12.0,7189305.0,12.0,2.0,2.0,True,2.0,2.0,True,0.30142768267470454,274979609879.11127,54995990823.07766,0.8664537784961429,0.00011326644704066846,0.0005663315262349346,-0.1433465140119261,-8.239793055936003,-7.200580461945247,-1.7859971445891718,-2.9148996111647807,-2.6314847995251878
7224,DODO,2025-10-31,43171206.0,12.0,8634254.0,12.0,2.0,2.0,True,2.0,2.0,True,0.31080309088098373,308615361248.20734,61723163752.21899,0.4882243079139311,6.829612137876751e-05,0.00034148010065997327,-0.5825871797763525,-8.239793055936003,-7.200580461945247,-1.8148044243398147,-2.901223082461019,-2.419566741583146
7224,DODO,2025-11-30,41948099.0,12.0,8389638.0,12.0,2.0,2.0,True,2.0,2.0,True,0.32026683487207197,280370950340.4991,56074311712.49892,0.4157406312042551,6.220162657685821e-05,0.0003110074582010665,-0.5825871797763525,-8.239793055936003,-7.200580461945247,-1.74179421758301,-3.0145282851913118,-2.470230217573275
7224,DODO,2025-12-31,41431433.0,12.0,8286302.0,12.0,2.0,2.0,True,2.0,2.0,True,0.31996776493026047,277502059893.0983,55500515125.70903,0.3125783403543836,4.6668369130783267e-05,0.00023334141199069444,-0.5825871797763525,-8.239793055936003,-7.200580461945247,-1.663880760713622,-2.623455213465185,-2.4724015118875684
7224,DODO,2026-01-31,41251290.0,12.0,8250267.0,12.0,2.0,2.0,True,2.0,2.0,True,0.28902407872549757,345786899616.9028,69157455365.43575,0.3084404030896782,3.679597037847774e-05,0.00018397965119359104,-0.5825871797763525,-8.239793055936003,-7.200580461945247,-1.5901965545532735,-2.316615787339778,-2.1594582712124684
7224,DODO,2026-03-31,34760198.0,12.0,6952043.0,12.0,1.75095412519142,2.0,False,1.7509673752691701,2.0,False,0.31022352712938883,107455056636.70763,21492025024.69333,0.40483094012082904,0.00013095710965656908,0.0006547546645305916,-0.5825871797763525,-8.239793055936003,-7.200580461945247,-1.5055223883362252,-2.382751427898907,-2.347099205531927
7224,DODO,2026-04-30,33109813.0,12.0,6621938.0,12.0,1.5189859430500063,2.0,False,1.5189991259753515,2.0,False,0.3598652779208211,31441530500.8074,6288596299.320986,0.5568798919749296,0.0005864278485513496,0.002932003933650661,-0.5825871797763525,-7.441460917811177,-5.83206915333153,-1.5095596511847156,-2.4386629476025923,-2.2719524771456725
7224,DODO,2026-05-31,30333030.0,12.0,6066591.0,12.0,1.4733017423125867,3.0,False,1.473339593185698,3.0,False,0.35684623491250667,24669317008.753754,4934569261.53975,0.5838530679917227,0.0007178971602943311,0.003588972347600374,-0.5381059237140539,-7.239184229962398,-5.629889371610803,-1.4808742494422398,-2.1895509053630797,-2.154014635820104
7228,DDX,2022-08-31,,,,,,,,,,,0.4137998588877049,,,,,,,,,,,
7228,DDX,2022-09-30,,,,,,,,,,,0.41497373067742876,,,,,,,,,,,
7228,DDX,2022-10-31,,,,,,,,,,,0.4116658829461886,,,,,,,,,,,
7228,DDX,2022-11-30,,,,,,,,,,,0.40630901695776084,,,,,,,,,,,
7228,DDX,2022-12-31,,,,,,,,,,,0.4086116236490073,,,,,,,,,,,
7228,DDX,2023-01-31,,,,,,,,,,,0.38550427887485794,,,,,,,,,,,
7228,DDX,2023-02-28,,,,,,,,,,,0.3846974807253238,,,,,,,,,,,
7228,DDX,2023-03-31,,,,,,,,,,,0.3647712478003343,,,,,,,,,,,
7228,DDX,2023-04-30,,,,,,,,,,,0.36417591791581616,,,,,,,,,,,
7228,DDX,2023-05-31,,,,,,,,,,,0.36383348050291486,,,,,,,,,,,
7228,DDX,2023-06-30,,,,,,,,,,,0.35785872890244397,,,,,,,,,,,
7228,DDX,2023-07-31,,,,,,,,,,,0.3568567515794164,,,,,,,,,,,
7228,DDX,2023-08-31,,,,,,,,,,,0.3674879636183556,,,,,,,,,,,
7232,ALPHA,2024-11-30,,,,,,,,,,,0.5053709321052096,,,,,,,,,,,
7232,ALPHA,2024-12-31,,,,,,,,,,,0.5119569716269136,,,,,,,,,,,
7232,ALPHA,2025-01-31,,,,,,,,,,,0.5010157105893122,,,,,,,,,,,
7232,ALPHA,2025-02-28,,,,,,,,,,,0.5039800025186637,,,,,,,,,,,
7232,ALPHA,2025-03-31,,,,,,,,,,,0.5050002887531772,,,,,,,,,,,
7232,ALPHA,2025-04-30,,,,,,,,,,,0.49586151965610925,,,,,,,,,,,
7232,ALPHA,2025-05-31,,,,,,,,,,,0.4858096057767352,,,,,,,,,,,
7232,ALPHA,2025-06-30,,,,,,,,,,,0.5417307285624069,,,,,,,,,,,
7242,CORE,2022-08-31,,,,,,,,,,,0.0763246966241912,,,,,,,,,,,
7242,CORE,2022-09-30,,,,,,,,,,,0.07722732631989043,,,,,,,,,,,
7242,CORE,2022-10-31,,,,,,,,,,,0.07682687832594695,,,,,,,,,,,
7242,CORE,2022-11-30,,,,,,,,,,,0.07662113078434052,,,,,,,,,,,
7242,CORE,2022-12-31,,,,,,,,,,,0.07695951955551358,,,,,,,,,,,
7242,CORE,2023-01-31,,,,,,,,,,,0.07449557502331605,,,,,,,,,,,
7242,CORE,2023-03-31,,,,,,,,,,,0.07212945627627912,,,,,,,,,,,
7242,CORE,2023-04-30,,,,,,,,,,,0.07233404829230619,,,,,,,,,,,
7242,CORE,2023-05-31,,,,,,,,,,,0.07277667372761458,,,,,,,,,,,
7242,CORE,2023-06-30,,,,,,,,,,,0.07090883811405235,,,,,,,,,,,
7242,CORE,2023-07-31,,,,,,,,,,,0.07202629874818406,,,,,,,,,,,
7242,CORE,2023-08-31,,,,,,,,,,,0.07632032948787844,,,,,,,,,,,
7242,CORE,2023-09-30,,,,,,,,,,,0.07659964630108326,,,,,,,,,,,
7278,AAVE,2022-05-31,281998812.0,12.0,30140531.0,12.0,2.0,1.0,True,2.0,1.0,True,0.5825235009700149,395609673187.82214,42283460465.84558,5.5682217588142064,0.003969144405103218,0.03713584232791235,1.7170757496122708,-5.529204722597102,-3.293172675260654,0.064006116405033,-0.5323415966560167,-0.20469145489469298
7278,AAVE,2022-06-30,271770552.0,12.0,29090674.0,12.0,2.0,1.0,True,2.0,1.0,True,0.5786049640623908,389041692629.093,41643529695.89269,2.9170920446177377,0.0020377757197257425,0.01903728432699986,1.0705872449361689,-6.195896399439747,-3.961355889675988,-0.0230510420819844,-0.6782772254878807,-0.32987070147312664
7278,AAVE,2022-07-31,259675601.0,12.0,27900833.0,12.0,2.0,1.0,True,2.0,1.0,True,0.5886534661869353,353012013819.1245,37929359580.30607,5.270708700415728,0.0038771327770665094,0.03608482886663437,1.6621648317691347,-5.5526593735064145,-3.321882754976161,-0.1727872961518085,-0.7121789739382047,-0.39827394922933074
7278,AAVE,2022-08-31,235913101.0,12.0,25587082.0,12.0,1.1637836485098858,1.0,False,1.228526387620557,1.0,False,0.5887788485878094,16736458319.523497,2336121429.166425,5.042640823797355,0.07107985520350511,0.5092308212744363,1.6179299178330364,-2.6439513127896985,-0.6748538853120705,-0.19051024698363114,-0.12641319659786923,-0.019092392885699555
7278,AAVE,2022-09-30,204060074.0,12.0,22415917.0,12.0,0.3750820333575804,1.0,False,0.4460295034719093,1.0,False,0.590780755903731,647349652.3678769,91587583.4681539,5.146520321742854,1.6223061429876875,11.466612371779824,1.638320820629718,0.48384868201873016,2.4394395406808314,-0.18189631224106945,0.16044661719054848,0.2958706274922408
7278,AAVE,2022-10-31,157406892.0,12.0,17624551.0,12.0,-0.20739089027465984,1.0,False,-0.1503766132951394,1.0,False,0.588854929519101,93250983.79092047,12059514.817648895,7.516455027150199,12.687714130011003,98.10857588980119,2.017094620850956,2.5406341339018335,4.586074782626072,-0.03633128826962298,0.48625984438782943,0.5831463192023886
7278,AAVE,2022-11-30,131242424.0,12.0,14885318.0,12.0,-0.4283296274468077,1.0,False,-0.3819577880166729,1.0,False,0.590957802205336,43925389.05421991,5643158.817345905,7.017809082283942,20.968152928395664,163.21253839198903,1.9484510727847097,3.043004759412844,5.095053267961143,-0.07297348664546702,0.5005456733147778,0.49126783040665684
7278,AAVE,2022-12-31,112206441.0,12.0,12887751.0,12.0,-0.5,1.0,True,-0.5,1.0,True,0.5937005941945914,30746609.40085096,3531478.6078316695,6.528608621179909,23.8254543294208,207.43490741808634,1.8761938457270728,3.1707545187989834,5.3348175912669245,-0.10652648077301835,0.510900483478615,0.51576131759494
7278,AAVE,2023-01-31,97151928.0,12.0,11314393.0,12.0,-0.5,1.0,True,-0.5,1.0,True,0.5734968038379851,26233659.370323732,3055193.428008708,12.043007489032084,44.5992448084252,382.95493363917086,2.488484200135833,3.797716926336141,5.947917315518915,-0.10429961234656022,0.4661849244920561,0.47365938237062677
7278,AAVE,2023-02-28,87835025.0,12.0,10321379.0,12.0,-0.5,1.0,True,-0.5,1.0,True,0.5739206920854972,23725308.584293447,2787930.0061728917,12.44372716436734,46.068740589488705,392.04538283074925,2.521216653720084,3.830134641684405,5.9713776056167625,-0.16115026443305872,0.39992365164293686,0.45020797615532593
7278,AAVE,2023-03-31,80425392.0,12.0,9559088.0,12.0,-0.5,1.0,True,-0.5,1.0,True,0.5493917549197983,21320929.414008,2534133.007524425,13.274210006710453,50.072092194001684,421.2815744517392,2.585823055504901,3.9134638108493696,6.043301433045752,0.009779206760772737,0.42340168983760246,0.5187618819954368
7278,AAVE,2023-04-30,67012902.0,12.0,8216741.0,12.0,-0.5,1.0,True,-0.5,1.0,True,0.5491106527044121,17761331.040745296,2177793.4191995524,15.137639353877132,57.11380189950815,465.80044442670805,2.7171843147081587,4.0450458019810025,6.143757311564659,0.0532129679856094,0.5591566970402932,0.6244444439777892
7278,AAVE,2023-05-31,61625280.0,12.0,7644100.0,12.0,0.14513088357436832,2.0,False,0.24964614465019985,2.0,False,0.5498806776013483,95676000.48977825,16638843.618359886,14.937997159639915,9.621621439959378,55.32585549312081,2.703908111791592,2.2640127993271792,4.013240348865385,0.022432540652207053,0.1966920173335419,0.12689591640276
7278,AAVE,2023-06-30,61472144.0,12.0,7561617.0,12.0,-0.009243326312664557,2.0,False,0.06651602573607418,2.0,False,0.5461164010155944,60751504.9507886,9278964.039173638,16.561614905150535,16.75807006174823,109.71892681379843,2.8070876626294656,2.818879936976497,4.697921884885934,0.11619541613429214,0.2795539294377514,0.1991311986479064
7278,AAVE,2023-07-31,63203846.0,12.0,7889427.0,12.0,-0.1027061644830255,2.0,False,-0.02713756921412247,2.0,False,0.546867508347266,48454327.929792196,7419490.635475315,14.991198698118142,19.55452597019073,127.7043749258078,2.7074632754362433,2.9732067670643016,4.849718021855003,0.002971157896241466,0.36747822172088984,0.3334742233411872
7278,AAVE,2023-08-31,61978648.0,12.0,7973227.0,12.0,-0.2460336963104136,2.0,False,-0.1666727677470835,2.0,False,0.5474349522445693,32681876.000453513,5166525.99724316,13.012031270156038,24.676310070046252,156.09485102529678,2.5658744117865173,3.2058436769211545,5.050463841873565,0.030730311387444215,0.42637276915397093,0.4050882684726125
7278,AAVE,2023-09-30,58052179.0,12.0,7867454.0,12.0,-0.3745471917964862,2.0,False,-0.2875942301083869,2.0,False,0.5471619401946202,21837085.45454275,3723296.7056433307,16.96434751161182,45.09838734717335,264.50143950913844,2.8311139366425517,3.8088464886004427,5.577846693662139,0.1525585682398676,0.5523436298731758,0.6113686049109847
7278,AAVE,2023-10-31,58588656.0,12.0,8302797.0,12.0,-0.4568441947671531,2.0,False,-0.3673457816861776,2.0,False,0.5293380314823904,17330129.96897984,3146712.4088334087,20.31608253198749,68.68338395988914,378.26525468067956,3.0114128153439923,4.229507306217476,5.93559568148031,0.26437997189931933,0.7097979752906955,0.853361011404544
7278,AAVE,2023-11-30,58427058.0,12.0,8732729.0,12.0,-0.4955214207523043,2.0,False,-0.397849568235078,2.0,False,0.5289860691654314,15440857.38237061,3045409.636924037,24.652330818648334,93.28258961972338,472.96204264696803,3.2048714525559694,4.535633484006318,6.15901513716822,0.26672392754457824,0.6699224252026582,0.8806523217222628
7278,AAVE,2023-12-31,60483085.0,12.0,9842655.0,12.0,-0.5,2.0,True,-0.39122314992214147,2.0,False,0.4039626365345349,13986147.82326762,3151771.5198523263,26.50667857270009,114.62811014432256,508.66811984373,3.277396722851389,4.741693063419632,6.231795780007854,0.24162986604682274,0.8071703076719121,1.01568253031654
7278,AAVE,2024-01-31,60693124.0,12.0,10521399.0,12.0,-0.5,2.0,True,-0.393307934020955,2.0,False,0.3417238206598303,13011182.469446091,3136722.126879999,20.85922416995536,97.30180036010164,403.6097007898371,3.0377962566448975,4.577817492207845,6.000448323844312,0.20538765042652535,0.7907373476648066,0.9900663888554968
7278,AAVE,2024-02-29,60336434.0,12.0,11102793.0,12.0,-0.5,2.0,True,-0.38795723396929926,2.0,False,0.33943963735571164,12895663.090872422,3355293.573168337,25.858693576471428,120.98806764014488,465.0029346999006,3.2526468529829478,4.79569192618975,6.142043716750023,0.16909088795109273,0.6891538017541611,0.8385375631334281
7278,AAVE,2024-03-31,59900097.0,12.0,12066212.0,12.0,-0.5,2.0,True,-0.3730656584601496,2.0,False,0.35438604694361514,13053915.153226672,3876341.966155576,31.6775395809087,145.35774680201968,489.5047212513178,3.455607899186119,4.979197923156135,6.193394106972709,0.5862042023504531,0.8708679560192664,0.9955230853709747
7278,AAVE,2024-04-30,59259525.0,12.0,12982484.0,12.0,-0.5,2.0,True,-0.36101846188435127,2.0,False,0.3636150885734221,13065408.181140447,4364295.972660662,20.834909842831802,94.49891221050747,282.90172537297724,3.036629937667157,4.548588323433524,5.645099577168305,0.40570572104285174,0.8116288597740627,0.882906921488029
7278,AAVE,2024-05-31,57245218.0,12.0,13833786.0,12.0,0.06798098675333475,3.0,False,0.41382698599024503,3.0,False,0.3940314277590119,75922251.79600736,79583295.34566455,26.952154236110626,20.321867546306287,19.387007513503622,3.2940632287099696,3.011697525293521,2.9646031259106973,0.5285933356341422,0.4720675496008195,0.3238346022676471
7278,AAVE,2024-06-30,54969537.0,12.0,14842573.0,12.0,-0.04252837928841324,3.0,False,0.3070025337995108,3.0,False,0.38662240519740926,49649601.09448932,53254214.00506956,26.284463922868685,29.10083425209353,27.131088856099772,3.268978039270537,3.370766842223337,3.30068026062771,0.5410745296507666,0.6256597871292214,0.4056898089165703
7278,AAVE,2024-07-31,50687436.0,12.0,14745049.0,12.0,-0.13567834304992088,3.0,False,0.2093941801042034,3.0,False,0.3806730910856198,33869381.50334325,34863045.196419924,31.6018180795006,47.29389969020291,45.94593278824706,3.4532146530992516,3.856381316571645,3.8274653310265956,0.7628338353795016,0.7174618242131222,0.48728619469476553
7278,AAVE,2024-08-31,46331360.0,12.0,14592322.0,12.0,-0.24818276993214827,3.0,False,0.08319623408386523,3.0,False,0.3689190117993769,21846968.678392205,20924746.059669137,41.815713329093555,88.67952787533407,92.58792734604235,3.7332721858555917,4.48502906082025,4.52815875891987,1.082893283164583,0.8967791794899818,0.6766030478337554
7278,AAVE,2024-09-30,43481716.0,12.0,14390359.0,12.0,-0.3358098750106173,3.0,False,-0.024492174707269165,3.0,False,0.36559191048896345,15777769.953265859,13875209.486607086,53.78945366596449,148.23753642158434,168.56377918878897,3.985077419437967,4.998815962988392,5.127314189681174,1.0775302804509472,0.9239505996985443,0.8359211839775706
7278,AAVE,2024-10-31,40160850.0,12.0,14120851.0,12.0,-0.4130342814456821,3.0,False,-0.12032329995472457,3.0,False,0.3929285434874001,11932315.839707455,9933913.626864746,53.46758125982684,179.95697898752255,216.15886663556884,3.979075512475111,5.19271781669894,5.376013631024424,1.0576095683432458,0.9444236136749483,0.8783746324770257
7278,AAVE,2024-11-30,36549621.0,12.0,13978315.0,12.0,-0.45801811224603073,3.0,False,-0.1658612797033029,3.0,False,0.39600902918214614,9526812.673932267,8565309.86765321,86.97496862940002,333.67950527564466,371.13685190731354,4.465620360352687,5.8101809672564615,5.916570867656027,0.8219941859794384,0.9055345291088946,0.8340762160264621
7278,AAVE,2024-12-31,31277477.0,12.0,13058116.0,12.0,-0.5,3.0,True,-0.2107253166755475,3.0,False,0.4003467977961415,7203247.485811274,7019585.524320992,148.38891677658472,644.324791099666,661.1830449894678,4.999836643150329,6.468202932976395,6.494030722831439,1.2452263483355333,1.0929324475347586,1.0082970553077275
7278,AAVE,2025-01-31,27819880.0,12.0,12776459.0,12.0,-0.5,3.0,True,-0.23541715641435124,3.0,False,0.3878719445146078,6315751.103527923,6339174.226292454,179.93729681493488,792.5951993452775,789.6665758378432,5.192608439173757,6.67531262389378,6.671610800468943,1.812753432274213,1.2215918892017275,1.2035664598085563
7278,AAVE,2025-02-28,24029081.0,12.0,11892584.0,12.0,-0.5,3.0,True,-0.2624312502321917,3.0,False,0.40761417928780885,5579171.337631437,5529472.673025302,120.87877089346384,520.6159842032378,525.2952584699742,4.794788149923576,6.255012695514475,6.263960501591317,1.3363032617059323,1.254311179984076,1.2328756476522604
7278,AAVE,2025-03-31,17553143.0,12.0,10242458.0,12.0,-0.5,3.0,True,-0.30642656067658447,3.0,False,0.40757956425964853,4075404.710607748,4198870.23987492,137.26911305393313,591.2306978119814,573.8458759779705,4.921943327917809,6.3822062928664405,6.352360851515458,1.476837671636948,1.2817211283822731,1.1781229304073533
7278,AAVE,2025-04-30,13666493.0,12.0,8858644.0,12.0,-0.5,3.0,True,-0.3468764283915208,3.0,False,0.39758239659261263,3137553.754984569,3206072.3660255275,181.59801186904397,791.0009363439297,774.0960510816011,5.201795518249577,6.67329915151402,6.651695962894983,1.5677351065128597,1.2814306890997147,1.1888769284546166
7278,AAVE,2025-05-31,10789793.0,12.0,7514011.0,12.0,-0.5,3.0,True,-0.3706286405492014,3.0,False,0.40405082277892024,2495285.2262203735,2554287.31165577,347.2671403930893,1501.6081212562983,1466.922120877031,5.850094340799536,7.314291893659577,7.290921689397079,1.621592042037657,1.398430872459765,1.266417100486425
7278,AAVE,2025-06-30,7957605.0,12.0,5984318.0,12.0,-0.5,3.0,True,-0.40968073043106257,3.0,False,0.3942041460432111,1819860.4101857324,1798031.8324380233,523.6947723325922,2289.931752711947,2317.732124429083,6.260909019056113,7.736277293794994,7.748344453990123,1.8349635688334858,1.4507309804386452,1.2421130727625964
7278,AAVE,2025-07-31,6813262.0,12.0,5317949.0,12.0,-0.5,3.0,True,-0.4245039689889094,3.0,False,0.3684881543417066,1511255.077245113,1487493.6626619492,582.4892654762757,2626.063619327539,2668.012696454321,6.367310756903143,7.8732412812743595,7.889089165815166,1.7548361947768802,1.4549997960433319,1.1946963332573615
7278,AAVE,2025-08-31,5718801.0,12.0,4619350.0,12.0,-0.5,3.0,True,-0.43482010713766894,3.0,False,0.3563479479823051,1249402.8432226179,1235156.9455654619,840.5557503203058,3847.414860277385,3891.789689355515,6.734063280595761,8.255156736885318,8.266624405195174,1.9339198142717513,1.5508016250967078,1.3062068066781807
7278,AAVE,2025-09-30,5061359.0,12.0,4138849.0,12.0,-0.5,3.0,True,-0.4305691081874673,3.0,False,0.3533511544086885,1101554.9928596464,1117145.7743753963,827.0305755429873,3799.9906259178665,3746.9583136006067,6.717841665976276,8.242753878847715,8.228699673458411,1.9362873799626976,1.5889667509105863,1.2941454536177917
7278,AAVE,2025-10-31,4395628.0,12.0,3597323.0,12.0,-0.5,3.0,True,-0.4112189945305894,3.0,False,0.3584057241510988,962829.9817868074,1035460.3989300951,793.3110523010121,3621.7196599263325,3367.6809637595907,6.676215392268151,8.194704236200597,8.121979645150866,2.0504084902224387,1.7723945758526125,1.4528367014300467
7278,AAVE,2025-11-30,3401483.0,12.0,2753022.0,12.0,-0.5,3.0,True,-0.4302506282532508,3.0,False,0.35748862599729925,744206.7592475619,747400.9248120175,798.4620102945557,3649.4628951082777,3633.866194165949,6.68268739018584,8.202335283723487,8.19805242774051,2.2206648209307063,1.845827017065774,1.5065066290493232
7278,AAVE,2025-12-31,2636887.0,12.0,2106574.0,12.0,-0.5,3.0,True,-0.4532360642461726,3.0,False,0.35642948212679915,576147.871943343,532509.0188085884,848.6591548645547,3884.1040674943133,4202.404492416156,6.743657639111429,8.264647622948845,8.34341213865121,2.357200836674862,1.75948846066183,1.488054461236662
7278,AAVE,2026-01-31,1556568.0,12.0,1189593.0,12.0,-0.5,3.0,True,-0.5,3.0,True,0.32629934607360483,326827.52849632886,249774.97938190514,1268.110315609619,6039.576735868519,7902.712844306741,7.145283130905046,8.706089211630404,8.974961377521021,2.4519738216451286,1.7873329116141823,1.6170250661670722
7278,AAVE,2026-02-28,1482677.0,12.0,1135446.0,12.0,-0.5,3.0,True,-0.5,3.0,True,0.32432132758314003,310464.5986943189,237756.29265785444,1158.7205545855732,5533.668968817961,7225.921537158181,7.055071705196305,8.618606340852256,8.885430053242624,2.4420672663052585,1.8691243054896862,1.6749538289650046
7278,AAVE,2026-03-31,1468050.0,12.0,1158095.0,12.0,-0.5,3.0,True,-0.5,3.0,True,0.3479454066766099,317288.6729146476,250298.3043214392,1027.326426077715,4753.294676261874,6025.476536455338,6.934715003708864,8.466593272643378,8.703751848418763,2.216691445339055,1.7187055407501632,1.5676966820987965
7278,AAVE,2026-04-30,1494451.0,12.0,1214836.0,12.0,-0.5,3.0,True,-0.4712228434622414,3.0,False,0.341359668627355,320221.2392699699,285076.2306901208,956.2735812909962,4462.8645279492885,5013.059160962996,6.863044045010279,8.403546109687113,8.519801618702543,1.9803384389671677,1.7733315521411062,1.663389729379353
7278,AAVE,2026-05-31,1508804.0,12.0,1262554.0,12.0,-0.5,3.0,True,-0.45133422869785933,3.0,False,0.34277718258947826,323901.53125843016,315725.8970396322,837.7861488820718,3902.5906659555685,4003.6471649305095,6.730762875650165,8.269395884907812,8.294961015905534,1.826162734779027,1.5634795030631536,1.5547754352601022
7288,XVS,2024-01-31,30770557.0,6.0,8060355.0,6.0,,,False,,,False,0.6039525254926434,,,6.210313578644075,,,1.8262113904264092,,,-0.7397889870514784,,
7288,XVS,2024-02-29,40937416.0,7.0,10123568.0,7.0,,,False,,,False,0.34642402876461764,,,4.830331076863439,,,1.5749150112497756,,,-1.1211259907625566,,
7288,XVS,2024-03-31,52099309.0,8.0,11964195.0,8.0,,,False,,,False,0.343411106969643,,,5.353346909375918,,,1.6777219558452825,,,-1.1640397095401191,,
7288,XVS,2024-04-30,66815908.0,9.0,15174537.0,9.0,,,False,,,False,0.3623149474543141,,,2.2683200098038077,,,0.819039473709241,,,-1.41477348112707,,
7288,XVS,2024-05-31,72567450.0,10.0,16147134.0,10.0,,,False,,,False,0.3308612322563153,,,2.221853976369263,,,0.798341971852416,,,-1.5918181272340879,,
7288,XVS,2024-06-30,78521078.0,11.0,17172807.0,11.0,,,False,,,False,0.3307754307475264,,,1.2713128585149869,,,0.24005011338435334,,,-1.7251601132675576,,
7288,XVS,2024-07-31,81851312.0,12.0,17573281.0,12.0,,,False,,,False,0.31464179617266913,,,1.481477375823387,,,0.39303981678655336,,,-1.5645925891407286,,
7288,XVS,2024-08-31,83760073.0,12.0,17592342.0,12.0,,,False,,,False,0.31671375168613713,,,1.2818870567442475,,,0.24833325535405276,,,-1.6110671509942978,,
7288,XVS,2024-09-30,85355430.0,12.0,16966065.0,12.0,,,False,,,False,0.313078344314435,,,1.4529559329773536,,,0.3736000558263434,,,-1.6210542083146902,,
7288,XVS,2024-10-31,87436005.0,12.0,16384263.0,12.0,,,False,,,False,0.32820051716969845,,,1.2354232661140339,,,0.2114136369613461,,,-1.6233437378818132,,
7288,XVS,2024-11-30,91826449.0,12.0,17109323.0,12.0,,,False,,,False,0.34330436520751084,,,1.7803937048932177,,,0.5768345223710252,,,-1.702254904211794,,
7288,XVS,2024-12-31,89108947.0,12.0,16289484.0,12.0,,,False,,,False,0.33628988188254694,,,1.6968240202398333,,,0.528758280367945,,,-1.6313377682499761,,
7288,XVS,2025-01-31,85451886.0,12.0,15299648.0,12.0,1.7770665964870247,1.0,False,0.898135752085361,1.0,False,0.31261656813083416,284641486856.5621,1393216382.3364341,1.4490261004850593,0.00043501042141503015,0.08887493336966323,0.37089167593343236,-7.74014056988663,-2.4205251405674435,-1.8035731571455305,-2.254518450198743,-1.0740298215321575
7288,XVS,2025-02-28,79444058.0,12.0,13826896.0,12.0,1.581820602077499,1.0,False,0.7154202265284841,1.0,False,0.3012913638180566,141632505498.4608,546084914.9988468,1.556438656026641,0.0008730326589058774,0.22642962562531807,0.44240029863982827,-7.043537592852039,-1.485321085978405,-1.4854161329450446,-2.0365633002346577,-0.7048899494840638
7288,XVS,2025-03-31,72684309.0,12.0,12713295.0,12.0,0.39511080655599473,1.0,False,0.06261181801199323,1.0,False,0.30364835586077316,527434597.92492217,17963371.751560815,1.2434360981322958,0.17135450335259775,5.0312544230761835,0.21787859422539319,-1.7640207494043199,1.6156693413050822,-1.5757718232455975,-0.9156909747899911,-0.08700799953822366
7288,XVS,2025-04-30,61369042.0,12.0,10034921.0,12.0,-0.08152049658593274,1.0,False,-0.3387000209627483,1.0,False,0.2914766921095027,48693735.297971524,3338511.9286058564,1.5749442650121739,1.9849128467090011,28.95086877450604,0.4542198843575935,0.6855750072352099,3.365600213050803,-1.4312213638408537,-0.22464903894451627,0.4147058876365297
7288,XVS,2025-05-31,58310890.0,12.0,9412925.0,12.0,-0.19645943188027137,1.0,False,-0.41705289619817365,1.0,False,0.2759615763099982,30422315.303783882,2398139.1771489712,1.6590339137410008,3.179894202148008,40.339503633575625,0.5062354532784512,1.1568479264738571,3.6973312278786143,-1.3134819332554644,-0.10748662596436967,0.38248533263489903
7288,XVS,2025-06-30,54438702.0,12.0,8688082.0,12.0,-0.30669950812443003,1.0,False,-0.49407909842578446,1.0,False,0.3178840834376981,20580681.93512148,1837679.2546320795,1.7633723121619467,4.664359525085318,52.237461774064826,0.567228062153593,1.539950531215646,3.9557998960018557,-1.291563563385793,-0.11956760402932265,0.299344231039415
7288,XVS,2025-07-31,53598871.0,12.0,8678310.0,12.0,-0.3451678453242142,1.0,False,-0.5,1.0,True,0.30892587600105215,17828237.428376153,1778102.8191167663,1.8419155740483304,5.5375409735778645,55.52243334012972,0.6108061029327286,1.711550534635593,4.016787143410488,-1.4285439428342197,-0.19071850282981456,0.21381083455500016
7288,XVS,2025-08-31,52483421.0,12.0,8484819.0,12.0,-0.37340764972829,1.0,False,-0.5,1.0,True,0.29571495970218303,15746101.605150618,1705054.6628340161,1.9640511906187488,6.546390216933256,60.45561338864225,0.6750092740624332,1.8789137858105818,4.101909432776743,-1.4077266627751992,-0.17801611446184787,0.24951877277953086
7288,XVS,2025-09-30,51526192.0,12.0,8311456.0,12.0,-0.3963337540447046,1.0,False,-0.5,1.0,True,0.29679037464353764,14412204.833892845,1672900.8235666987,1.8445872458237547,6.5947270167540175,56.814220693864435,0.612255537463882,1.8862703928567894,4.039786658719787,-1.376073127181901,-0.14794637707364539,0.2283715799093212
7288,XVS,2025-10-31,50011643.0,12.0,8176589.0,12.0,-0.4280200359108356,1.0,False,-0.5,1.0,True,0.303292471091294,12779278.886476766,1661644.3617742122,1.481610468714804,5.7982750423295695,44.593040202242754,0.3931296507020424,1.7575604668233897,3.7975777975719947,-1.2952485807017353,-0.05819070186437039,0.35994958031627283
7288,XVS,2025-11-30,45252883.0,12.0,7465350.0,12.0,-0.5,1.0,True,-0.5,1.0,True,0.2834303989336471,8925405.906443786,1472420.6407726577,1.734244289332391,8.792827434539166,53.299683355019,0.5505717504033478,2.1739363248817756,3.9759303903477545,-1.1237727234570896,0.06380949242126067,0.41613267200256304
7288,XVS,2025-12-31,38778004.0,12.0,6256491.0,12.0,-0.5,1.0,True,-0.5,1.0,True,0.2839709316461537,7654732.171347623,1235023.9310266427,1.7634621719404866,8.933499125328364,55.370217077908315,0.5672790199056307,2.189808157481903,4.0140418513239995,-1.0327653763246256,0.14624510849120173,0.38497362126935014
7288,XVS,2026-01-31,33629931.0,12.0,5250804.0,12.0,0.045430844040955654,2.0,False,-0.19288425622071192,2.0,False,0.28484363058471646,45112953.93932218,2787957.0893837237,1.629186192166583,1.2144941628608,19.652174503455537,0.4880806215331408,0.19432766324088274,2.9781879939461726,-1.0301688243750338,-0.2740429542607595,0.21696595310191147
7288,XVS,2026-02-28,30577511.0,12.0,4822630.0,12.0,-0.0031417977399123,2.0,False,-0.2264918626863941,2.0,False,0.2843494250711034,33274342.35826815,2285368.6831062976,1.5995203705230197,1.4698818446291098,21.40107724671959,0.4697038158830879,0.3851820197568495,3.063441259392616,-1.084662567293704,-0.3236189458715172,0.16424998022356332
7288,XVS,2026-03-31,27498604.0,12.0,4288896.0,12.0,-0.27349377169761835,2.0,False,-0.4012700044581349,2.0,False,0.30816942332054953,11420600.44034282,1198643.3422667582,1.6335590430375952,3.9332952299451414,37.47619633890454,0.4907610965160202,1.3694775554545044,3.6237059671323357,-0.9740508969886877,-0.02365298868104112,0.3172611192002536
7288,XVS,2026-04-30,25172405.0,12.0,3916174.0,12.0,-0.38620631212397216,2.0,False,-0.4919888254489133,2.0,False,0.3027550660806077,7321400.395342875,816141.974013455,1.622813530315384,5.579549979340467,50.05271230407905,0.48416138995120195,1.7191081242772095,3.9130766961825936,-1.0095558659084536,-0.0035572797516762677,0.4002067402480985
7288,XVS,2026-05-31,23469728.0,12.0,3732810.0,12.0,-0.43130017183667213,2.0,False,-0.5,2.0,True,0.29214670763479794,5846416.192088104,746110.1476701014,1.818391031396357,7.299710027874257,57.199520791643224,0.5979520614038865,1.9878346251563916,4.046545520582184,-0.9640144908325465,0.0433603015873985,0.42323859512254064
7429,LQTY,2024-02-29,4948887.0,12.0,3756006.0,12.0,-0.5,2.0,True,-0.5,2.0,True,0.4547400226900294,1207106.530699924,916145.2609340444,31.99165136125768,131.15915083191456,172.8143715646623,3.4654749738000183,4.876411477663895,5.152218021688605,0.3327609256249464,0.7093094091928407,0.5941745286258117
7429,LQTY,2024-03-31,4579883.0,12.0,3290197.0,12.0,-0.5,2.0,True,-0.5,2.0,True,0.45650126355353227,1119036.5993502652,803918.1049106373,40.35413776379436,165.15744849754543,229.895593089801,3.6976939362686623,5.106899252227847,5.437625262772019,0.824526359148229,0.9044072209704138,0.7934203932549894
7429,LQTY,2024-04-30,4795302.0,12.0,3184694.0,12.0,-0.5,2.0,True,-0.5,2.0,True,0.49529604121860793,1214972.4044052467,806897.1102289204,19.970030175020092,78.81851908003769,118.67972313244002,2.9942326584441132,4.3671479829585005,4.776428462528427,0.3709006628914083,0.7671703764964926,0.6776495101977934
7429,LQTY,2024-05-31,5299141.0,12.0,3153773.0,12.0,-0.5,2.0,True,-0.5,2.0,True,0.49610090179545924,1343591.9513187143,799636.0200806651,20.80442266345719,82.05286508976994,137.86968864425833,3.0351655921559586,4.40736373575363,4.92630895385255,0.30862906087781633,0.8159476011262455,0.79909179810493
7429,LQTY,2024-06-30,5226173.0,12.0,3092316.0,12.0,-0.5,2.0,True,-0.5,2.0,True,0.49529079239720203,1324134.7988491373,783487.8838947673,16.237397552581683,64.08671439895959,108.30984170135069,2.787317072666987,4.160237078777765,4.6849960243134845,0.18069726239072412,0.8500608499885008,0.7861840661947691
7429,LQTY,2024-07-31,5121273.0,12.0,3001221.0,12.0,-0.5,2.0,True,-0.5,2.0,True,0.4934799075667562,1295458.0030878128,759177.6035929366,15.319588269865598,60.56220548298335,103.34313526409902,2.729132288616153,4.103671026613085,4.638054861706911,0.21213051979454586,0.7930817420490358,0.7296648919779064
7429,LQTY,2024-08-31,4882054.0,12.0,2806828.0,12.0,-0.5,2.0,True,-0.5,2.0,True,0.4721604872361327,1210974.4024652448,696222.7087456873,14.35534813711554,57.87371281467602,100.66259533599506,2.664122565254957,4.058263271375933,4.6117742842067235,0.25640913709101754,0.7739420932114583,0.7016588049862094
7429,LQTY,2024-09-30,4410681.0,12.0,2338287.0,12.0,-0.39656162611460555,3.0,False,-0.46196400060426934,3.0,False,0.47273743892735964,1478661.156020542,649913.1123732168,19.24282355603926,57.399192437970356,130.59277406336645,2.9571381889420714,4.050030234201644,4.872083886547216,0.3094288683363727,0.6558990010032061,0.7609525463360609
7429,LQTY,2024-10-31,3739213.0,12.0,1813139.0,12.0,-0.4864012918598247,3.0,False,-0.5,3.0,True,0.4691478764385533,963545.2463067019,448460.6672891455,22.316261773051956,86.60232246803885,186.07040086170477,3.1053156402000157,4.461326633546415,5.226125101356905,0.4358686861141913,0.739719635941224,0.8371188496745986
7429,LQTY,2024-11-30,3467133.0,12.0,1540458.0,12.0,-0.5,3.0,True,-0.5,3.0,True,0.5385295854502099,911241.2915268164,404867.3464394982,43.040785748913066,163.76357173844622,368.58524138420796,3.7621481719348657,5.098423751926407,5.909672004781939,0.36536347768871,0.7041982572981909,0.8321443406531968
7429,LQTY,2024-12-31,3060254.0,12.0,1335463.0,12.0,-0.5,3.0,True,-0.5,3.0,True,0.5175182192186323,790479.4055146626,344956.98668372876,55.74102616532372,215.79524665221965,494.5013577676371,4.020716431739451,5.374330025946688,6.203549896797393,0.6152883697456387,0.8079131424741355,0.9352920971013708
7429,LQTY,2025-01-31,3087996.0,12.0,1212739.0,12.0,-0.5,3.0,True,-0.5,3.0,True,0.5137809906236696,795116.873198326,312263.7599548914,46.69189243203242,181.3373378464105,461.73906662551803,3.8435705400105085,5.200359041655814,6.134999940673448,0.800964091582936,0.8659248610180238,1.0691444816591678
7429,LQTY,2025-02-28,2845590.0,12.0,1115114.0,12.0,-0.5,3.0,True,-0.5,3.0,True,0.5234024425600923,738672.2741895604,289466.78697936726,28.707108749896467,110.58850378165769,282.2039185913254,3.3571447837290904,4.705816139577694,5.6426299251880945,0.4042571510207862,0.8709452265361284,1.077507307787786
7429,LQTY,2025-03-31,2542973.0,12.0,917672.0,12.0,-0.5,3.0,True,-0.5,3.0,True,0.5281765044958467,662736.4969513541,239158.9398040573,24.115370650877725,92.53260795545988,256.41833209504017,3.18284942354081,4.527561100835758,5.54681022052123,0.3482871806179805,0.7814380192924918,0.9629670527845123
7429,LQTY,2025-04-30,2179557.0,12.0,881730.0,12.0,-0.5,3.0,True,-0.5,3.0,True,0.5257247780061974,566874.1425053357,229326.38956963716,30.341133893437526,116.65769490404399,288.3672955802495,3.4125043461105515,4.75924396203585,5.664234999466885,0.4374726837878218,0.7999923913809843,0.9562410772745007
7429,LQTY,2025-05-31,1611628.0,12.0,821893.0,12.0,-0.5,3.0,True,-0.5,3.0,True,0.5253452661640303,419031.2720104704,213696.2557404696,44.47840185243452,171.06751359321984,335.4417117522764,3.7950037197202824,5.142058294917819,5.815448205855319,0.49284910069910837,0.8671707254827135,0.9034881861621084
7429,LQTY,2025-06-30,1939393.0,12.0,810530.0,12.0,-0.5,3.0,True,-0.5,3.0,True,0.5045796664789034,495418.8268914877,207050.25838515323,67.3762738947008,263.75476034560575,631.0983380392403,4.210292936578443,5.575019733331119,6.447461695151835,0.7089245673226733,0.9030162103973103,0.9187334227636568
7429,LQTY,2025-07-31,2076406.0,12.0,793878.0,12.0,-0.5,3.0,True,-0.5,3.0,True,0.5012504891186214,528874.6826563515,202206.10772549247,44.415096596709326,174.37736403032048,456.08796935642715,3.7935794250861083,5.161221709646861,6.122685706163954,0.33154798539400987,0.7306498701136354,0.7472520150185696
7429,LQTY,2025-08-31,2196120.0,12.0,779651.0,12.0,-0.5,3.0,True,-0.5,3.0,True,0.5034583083072045,560450.6714381323,198967.236051496,32.947379230900715,129.10395537736997,363.6598663804057,3.494911720028035,4.86061793547288,5.89621899776118,0.14748592717965509,0.6304259520661657,0.7047781264173459
7429,LQTY,2025-09-30,2427516.0,12.0,809388.0,12.0,-0.5,3.0,True,-0.5,3.0,True,0.5033242588764759,619430.3825823468,206531.91101420563,26.991354078252677,105.77773665778037,317.24852379890535,3.2955165953991985,4.6613400687155995,5.759685453467534,0.07963116911135146,0.61034316488663,0.6659608051845591
7429,LQTY,2025-10-31,2583365.0,12.0,835631.0,12.0,-0.5,3.0,True,-0.5,3.0,True,0.502465879452425,658703.0784143494,213068.11546895668,21.924702504193274,85.98640410348416,265.8281787497081,3.0876139693722684,4.454189191935727,5.582850155519666,0.13952740104482775,0.7086725251374648,0.8111336368520466
7429,LQTY,2025-11-30,3063018.0,12.0,722769.0,12.0,-0.5,3.0,True,-0.4737349279641476,3.0,False,0.47490163438523,761730.7114941905,194429.6160238766,16.793349264044956,67.52823576609693,264.5601638679349,2.82098293088899,4.212545818058112,5.578068688071346,0.11450274935890141,0.6664301662601584,0.8298890390505882
7429,LQTY,2025-12-31,3219144.0,12.0,734361.0,12.0,-0.5,3.0,True,-0.4256488667150843,3.0,False,0.48133625995466034,805361.7713158235,228372.17260793404,11.240726242844659,44.93075997532758,158.44976218892782,2.4195434547309844,3.8051226375913116,5.065437585277033,-0.016131805307252837,0.5752104106222197,0.6528588822602647
7429,LQTY,2026-01-31,3050278.0,12.0,698314.0,12.0,-0.5,3.0,True,-0.4023517848238206,3.0,False,0.47649218509941604,759691.9220268162,231032.94474129405,10.020110002482879,40.232257592801666,132.29334514338873,2.304594073888162,3.694669101533638,4.885021768596415,-0.08001612125236429,0.5736686882938759,0.6621520277686247
7429,LQTY,2026-02-28,2901937.0,12.0,624967.0,12.0,-0.5,3.0,True,-0.3896864832997773,3.0,False,0.46438045061857447,714498.7301079622,212146.45883542325,9.081030859592534,36.88261201753494,124.21880428386932,2.2061877169611988,3.6077402209509075,4.822044561290829,-0.1547054741699116,0.5346196766275171,0.6205766532314952
7429,LQTY,2026-03-31,2876322.0,12.0,562835.0,12.0,-0.5,3.0,True,-0.43742461656073905,3.0,False,0.48983003164872,725198.016639314,170456.8265159535,9.188453914905535,36.44377333504716,155.04777767850422,2.2179476866219674,3.595770616291253,5.0437333125092305,-0.11882948083295711,0.5229071715496367,0.6667958939724117
7429,LQTY,2026-04-30,2966425.0,12.0,561598.0,12.0,-0.5,3.0,True,-0.4379523126967447,3.0,False,0.48873517430873786,747174.7103975328,169670.34073359938,9.792760108433708,38.87911086980545,171.21135184299104,2.2816433482100593,3.660457110755786,5.142898769003503,-0.16704451074933227,0.5125012640495376,0.7374290290049729
7429,LQTY,2026-05-31,2966711.0,12.0,564068.0,12.0,-0.5,3.0,True,-0.42716863287003937,3.0,False,0.47921163314027165,740751.1082212433,174344.5950492638,9.089385482881026,36.40302335835254,154.6682871796737,2.207107302260707,3.5946518304888624,5.041282740958044,-0.23191489710588017,0.43220530143448405,0.6881801509450258
7486,RGT,2022-09-30,,,,,,,,,,,0.4214584351094873,,,,,,,,,,,
7486,RGT,2022-10-31,,,,,,,,,,,0.3866967295685231,,,,,,,,,,,
7486,RGT,2022-11-30,,,,,,,,,,,0.4178277687774658,,,,,,,,,,,
7486,RGT,2022-12-31,,,,,,,,,,,0.41663794910752516,,,,,,,,,,,
7486,RGT,2023-01-31,,,,,,,,,,,0.36460271430978786,,,,,,,,,,,
7486,RGT,2023-04-30,,,,,,,,,,,0.4018464366903426,,,,,,,,,,,
7486,RGT,2023-05-31,,,,,,,,,,,0.4116868203468986,,,,,,,,,,,
7486,RGT,2023-06-30,,,,,,,,,,,0.394304686270599,,,,,,,,,,,
7486,RGT,2023-07-31,,,,,,,,,,,0.3587596138414426,,,,,,,,,,,
7486,RGT,2023-08-31,,,,,,,,,,,0.3706633774431904,,,,,,,,,,,
7486,RGT,2023-09-30,,,,,,,,,,,0.3673514787468083,,,,,,,,,,,
7486,RGT,2023-10-31,,,,,,,,,,,0.31573182163206026,,,,,,,,,,,
7486,RGT,2023-11-30,,,,,,,,,,,0.3142717867362792,,,,,,,,,,,
7501,WOO,2023-07-31,1094915.0,12.0,757940.0,12.0,2.0,1.0,True,2.0,1.0,True,0.32149013100366686,7255397168.615684,5022449897.919538,315.17946578042165,0.04756386408007127,0.06871043649791705,5.753142209225872,-3.0456819640328017,-2.67785417720257,1.8899570954066498,-1.2976992118163324,-1.831518703497391
7501,WOO,2023-08-31,1118641.0,12.0,816203.0,12.0,1.9716158133258244,1.0,False,2.0,1.0,True,0.3228986139716021,6691061821.534722,5355283878.039547,260.4534564193905,0.04354374876715992,0.05440494315104388,5.56242417505492,-3.133989127498521,-2.9113002625012427,1.886009627897982,-1.4207939842186799,-1.999263939444151
7501,WOO,2023-09-30,1131292.0,12.0,860404.0,12.0,1.644738072528007,1.0,False,2.0,1.0,True,0.3226727352433112,2191536771.248317,5654250785.481833,268.63344787365986,0.13867112543988158,0.053747681530540915,5.593347803043925,-1.9756501532914013,-2.923454747220194,1.8925787893538726,-1.1462286435339617,-1.6720408706177214
7501,WOO,2023-10-31,1206661.0,12.0,956605.0,12.0,1.5962987507584527,1.0,False,2.0,1.0,True,0.3211578306609738,1976653945.5314305,6353727592.288707,311.65179653951407,0.19024982562795636,0.05918699897058459,5.741886527844418,-1.659417198782384,-2.827053373193788,1.981296217269096,-1.0636116610447035,-1.6339630205289357
7501,WOO,2023-11-30,1355525.0,12.0,1157016.0,12.0,1.4802298858987215,1.0,False,2.0,1.0,True,0.3191664237435118,1450739803.1138082,7793473113.124623,280.6700693379262,0.26224916068525783,0.0488171692154279,5.637179849032531,-1.3384602321483816,-3.0196731998150605,2.0000364284392447,-1.214111315652191,-1.9453925308621085
7501,WOO,2023-12-31,1670220.0,12.0,1493948.0,12.0,1.8247053053493212,1.0,False,2.0,1.0,True,0.3435845593923623,5301183184.418263,8498738081.5772295,426.8949354310315,0.1344998718684838,0.08389580337829337,6.056537930097927,-2.006192032591375,-2.478179686089027,2.309689330717305,-1.453724091987257,-1.973650899347762
7501,WOO,2024-01-31,1962422.0,12.0,1778774.0,12.0,2.0,1.0,True,2.0,1.0,True,0.3432733347823793,11187383639.61398,10140442344.292267,320.7830908915781,0.05626979596592736,0.062079322915135425,5.77076516541234,-2.8775973715266874,-2.7793423098171766,2.3374201935392884,-1.7545051933226885,-2.0893107980622205
7501,WOO,2024-02-29,2181048.0,12.0,1988998.0,12.0,2.0,1.0,True,2.0,1.0,True,0.35048691991038383,11842847133.864813,10800037075.553976,437.76617160971165,0.08062157876941464,0.08840608845854758,6.081684913052903,-2.517988938634268,-2.4258144377447715,2.3446904473269736,-1.1370664602649232,-1.2766508264074832
7501,WOO,2024-06-30,1840172.0,12.0,1694653.0,12.0,1.729324910064479,2.0,False,2.0,2.0,True,0.3605089928238073,3750285547.7135196,8607441700.999203,223.55971747909277,0.10969520245831761,0.047794495359193744,5.409678570664309,-2.2100496459451784,-3.0408448059656346,2.1427401430505513,-0.9606459323027565,-1.3373473893307954
7501,WOO,2024-07-31,1986898.0,12.0,1845934.0,12.0,1.5176579228419156,2.0,False,2.0,2.0,True,0.36758693304378526,1787720572.3651953,8949236628.4815,171.77349706819987,0.19091150096587478,0.038136930773694726,5.1461767314578175,-1.6559453040417134,-3.2665721546831272,2.0504219267939585,-0.9681792243596163,-1.633939776261199
7501,WOO,2024-08-31,2267128.0,12.0,2119985.0,12.0,1.4540815155196438,2.0,False,2.0,2.0,True,0.37796227245521846,1500354290.7175772,9607788127.489254,126.3068316176136,0.19085742369198821,0.029804336934978623,4.838714118294353,-1.656228602501884,-3.5131013613291038,1.9374324551958053,-0.870874686182798,-1.7329956490765506
7501,WOO,2024-09-30,2370304.0,12.0,2223135.0,12.0,1.3539975163896498,2.0,False,2.0,2.0,True,0.40043252776578014,926739520.4597702,8734711737.450565,156.81576211360365,0.4010846845255034,0.042554469955457634,5.0550716265478375,-0.9135826906162636,-3.1569703776481695,1.8770562028530182,-0.7464243470762979,-1.5974165514765934
7501,WOO,2024-10-31,2465221.0,12.0,2305787.0,12.0,1.3030990879599615,2.0,False,2.0,2.0,True,0.41418737463679717,726504505.6129134,8318227114.06153,140.60909631829705,0.4771236714388345,0.04167143939228641,4.945983673715541,-0.7399795524344591,-3.177939291492897,1.7456319327015233,-0.7160376799892204,-1.4760418439295337
7501,WOO,2024-11-30,2555962.0,12.0,2391691.0,12.0,1.1625661393652953,2.0,False,2.0,2.0,True,0.42297276557670904,402671948.82021934,8176552709.84034,208.7133317066385,1.3248088085066443,0.06524306314243523,5.340961691806411,0.28126815355990953,-2.7296355504241845,1.3901868434274123,-0.658440755019268,-1.5871044272349837
7501,WOO,2024-12-31,2653700.0,12.0,2481972.0,12.0,1.1184862283265682,2.0,False,2.0,2.0,True,0.43354722446435806,328027228.1062701,7959575816.760132,145.641415898557,1.1782211726789675,0.0485564349492329,4.981147545167123,0.16400582030467709,-3.02502855030417,1.2332023164873451,-0.5496878865751194,-1.3840760795636562
7501,WOO,2025-01-31,2687167.0,12.0,2510124.0,12.0,1.0524732022440353,2.0,False,2.0,2.0,True,0.42380645257088195,263471094.94557133,8538034818.213072,113.855179929668,1.1612199142728346,0.03583352478645643,4.734927289319883,0.1494711027567586,-3.3288713772189484,1.4694888663604575,-0.3520350290765415,-1.3015721750763656
7501,WOO,2025-02-28,2689474.0,12.0,2510209.0,12.0,0.9315118067339263,2.0,False,2.0,2.0,True,0.4333765340685324,147480196.1252962,8058392837.356681,77.33977608842164,1.4103813421763847,0.025812010056320497,4.348208391016202,0.3438601232678406,-3.656915389309964,1.046778796050644,-0.20846940337793227,-1.2479132845352832
7501,WOO,2025-03-31,2784610.0,12.0,2596663.0,12.0,2.0,3.0,True,2.0,3.0,True,0.4360134716770153,8798942799.364145,8205058951.244627,51.42992066238231,0.016276077097128715,0.017454142892410603,3.9402201171525864,-4.118058911994198,-4.048178243474334,0.8397678683529761,-1.55068333664816,-1.5997746102740247
7501,WOO,2025-04-30,2882587.0,12.0,2684046.0,12.0,1.922240353246519,3.0,False,2.0,3.0,True,0.4214149606007956,7729129122.942214,9263530091.232313,49.80699896884283,0.018575573709906715,0.015498736045828555,3.9081555156985983,-3.985907802723022,-4.166996803812362,0.7505664387273093,-1.3996573376664336,-1.3598980547119828
7501,WOO,2025-05-31,3032645.0,12.0,2817319.0,12.0,1.5511986126040616,3.0,False,2.0,3.0,True,0.4037997547759615,2476776706.4889193,10838860557.705664,47.48275838156233,0.05813941540018166,0.013285377095259374,3.860366663706093,-2.8449114389383947,-4.321091315132984,0.5287492020826403,-1.0861913425598373,-1.5898424798197963
7501,WOO,2025-06-30,3086536.0,12.0,2857250.0,12.0,1.320462042903733,3.0,False,2.0,3.0,True,0.47712150816584425,691350243.5643806,7097805856.926494,42.21357187223487,0.18846266488674054,0.01835689956849008,3.7427417776838854,-1.668855355972711,-3.99774977686836,0.4521818037134426,-0.9327563746594342,-1.6777871376312015
7501,WOO,2025-07-31,3024189.0,12.0,2787340.0,12.0,1.128836298532498,3.0,False,2.0,3.0,True,0.47066411078376136,322547970.00264853,7185602092.610534,43.80867748948512,0.41074733958846693,0.018437664493625806,3.7798319139582683,-0.889776999046254,-3.9933597232337172,0.32394553277794735,-0.8855038303599414,-1.8152243126281424
7501,WOO,2025-08-31,2891959.0,12.0,2646420.0,12.0,0.9731708298064528,3.0,False,2.0,3.0,True,0.4602057853238736,167289504.28501606,7248479128.03088,44.748818425457756,0.7735796022468079,0.01785364155694608,3.8010650404718898,-0.25672670250348917,-4.025547782770955,0.31633343433082045,-0.757061359419859,-1.81261197147771
7501,WOO,2025-09-30,2918818.0,12.0,2661356.0,12.0,0.8967277099628448,3.0,False,2.0,3.0,True,0.4608195511800319,120350947.5858898,7263372054.919838,42.802790585645276,1.0380770414994178,0.01720048961652575,3.756603301061473,0.037370003087152534,-4.062817429490802,0.32977675088815667,-0.6531595765421274,-1.8331521891052804
7501,WOO,2025-10-31,2904789.0,12.0,2647020.0,12.0,0.842021350841708,3.0,False,2.0,3.0,True,0.4729446172510012,89031865.31891218,6734921059.237811,24.552794394441616,0.8010692219102109,0.010589684192127266,3.200825672383839,-0.22180791628415672,-4.547874941142357,0.1998110817506743,-0.6210805100013895,-1.7491601045551775
7501,WOO,2025-11-30,2725603.0,12.0,2472380.0,12.0,0.7085026931459393,3.0,False,1.828218268433302,3.0,False,0.4736800031499465,45909122.701484606,3571599456.838548,18.187587967868502,1.0797885346300298,0.013879536304965669,2.9007393816413067,0.07676522069606642,-4.277339731884742,0.15800167925067773,-0.556122215044079,-1.7152957239685773
7501,WOO,2025-12-31,2344288.0,12.0,2110551.0,12.0,0.5827177638905978,3.0,False,1.6133760491963116,3.0,False,0.4686202474652332,22906399.316724177,1487871665.4403398,23.14193229718828,2.368392929459738,0.036462388148950385,3.141646222911377,0.8622116363052695,-3.3114740113569274,0.38020140827409027,-0.2063133869765352,-1.4814955543179895
7501,WOO,2026-01-31,2043765.0,12.0,1831981.0,12.0,0.4742249727553345,3.0,False,1.2257354338387696,3.0,False,0.4684348856643387,12388956.602118893,294242164.92571044,18.763673175441284,3.0953808088121786,0.13032985438061845,2.931922722676561,1.129910938571694,-2.037686700752966,0.24811688025105358,-0.04746367647917432,-0.9540839811078977
7501,WOO,2026-02-28,1799931.0,12.0,1603148.0,12.0,0.3566289494525585,3.0,False,0.857894492446102,3.0,False,0.4639373745173824,6700114.0238018865,54859014.1674728,17.360441024560057,4.663740924821813,0.5695982045609715,2.854194113550068,1.5398178996541114,-0.5628240709943748,0.19232805981405895,-0.016113838071196464,-0.7767021901001118
7501,WOO,2026-03-31,1644457.0,12.0,1457926.0,12.0,0.2479869051967989,3.0,False,0.5671370379388478,3.0,False,0.4806522809990059,3875915.321396426,12781232.24969132,19.237242983848866,8.161896290885341,2.4750992914830388,2.956848138911948,2.09947653056686,0.9062805129868822,0.2470392069078297,0.15556346930660606,-0.351623671763234
7501,WOO,2026-04-30,1585591.0,12.0,1406059.0,12.0,0.18764924302793218,3.0,False,0.4109184729885038,3.0,False,0.48212430385486965,2995235.0880303606,6289495.486690101,21.96702094564104,11.628706824185972,5.537918070205957,3.089542280736444,2.453476767242914,1.7116186305270134,0.2116319045253677,0.19165605651177617,-0.20344214840765407
7501,WOO,2026-05-31,1442993.0,12.0,1279550.0,12.0,0.1355744333440414,3.0,False,0.2985937134366048,3.0,False,0.4825468156218024,2274997.0749178487,3644611.954977107,21.757616688477754,13.80049623988651,8.614384457385611,3.079963888805275,2.624704550928701,2.1534334173268777,0.16519902712349852,0.19748093545147663,-0.08097905724732105
7535,KP3R,2023-05-31,,,,,,,,,,,0.2292987608979032,,,,,,,,,,,
7535,KP3R,2023-06-30,,,,,,,,,,,0.2242324518166052,,,,,,,,,,,
7535,KP3R,2023-07-31,,,,,,,,,,,0.22366315602750314,,,,,,,,,,,
7535,KP3R,2023-08-31,,,,,,,,,,,0.2293439304581995,,,,,,,,,,,
7535,KP3R,2023-09-30,,,,,,,,,,,0.2292079563490968,,,,,,,,,,,
7535,KP3R,2023-10-31,,,,,,,,,,,0.219558135173384,,,,,,,,,,,
7535,KP3R,2023-11-30,,,,,,,,,,,0.2241517477674079,,,,,,,,,,,
7535,KP3R,2023-12-31,,,,,,,,,,,0.23156560360535888,,,,,,,,,,,
7535,KP3R,2024-01-31,,,,,,,,,,,0.21863434458063025,,,,,,,,,,,
7535,KP3R,2024-02-29,,,,,,,,,,,0.2536109381984233,,,,,,,,,,,
7535,KP3R,2024-03-31,,,,,,,,,,,0.27646788408234935,,,,,,,,,,,
7535,KP3R,2024-04-30,,,,,,,,,,,0.29090469077599906,,,,,,,,,,,
7535,KP3R,2024-05-31,,,,,,,,,,,0.2615878485763771,,,,,,,,,,,
7535,KP3R,2024-06-30,,,,,,,,,,,0.2584996717662848,,,,,,,,,,,
7535,KP3R,2024-07-31,,,,,,,,,,,0.26838171414224204,,,,,,,,,,,
7535,KP3R,2024-08-31,,,,,,,,,,,0.21951347210542166,,,,,,,,,,,
7535,KP3R,2024-09-30,,,,,,,,,,,0.22652534744870226,,,,,,,,,,,
7725,TRU,2022-10-31,,,,,,,,,,,0.46913921558779476,,,,,,,,,,,
7725,TRU,2022-11-30,,,,,,,,,,,0.45455368306662575,,,,,,,,,,,
7725,TRU,2022-12-31,,,,,,,,,,,0.44112246302637576,,,,,,,,,,,
7725,TRU,2023-01-31,,,,,,,,,,,0.4442482328982307,,,,,,,,,,,
7725,TRU,2023-02-28,,,,,,,,,,,0.47875720406317873,,,,,,,,,,,
7725,TRU,2023-03-31,,,,,,,,,,,0.4138291789707467,,,,,,,,,,,
7725,TRU,2023-04-30,,,,,,,,,,,0.4058200027228984,,,,,,,,,,,
7725,TRU,2023-06-30,,,,,,,,,,,0.3750271704070303,,,,,,,,,,,
7725,TRU,2023-07-31,,,,,,,,,,,0.37518870721837655,,,,,,,,,,,
7725,TRU,2023-08-31,,,,,,,,,,,0.3732444557738114,,,,,,,,,,,
7725,TRU,2023-09-30,,,,,,,,,,,0.3815107921115164,,,,,,,,,,,
7725,TRU,2023-10-31,,,,,,,,,,,0.344725435773919,,,,,,,,,,,
7725,TRU,2023-11-30,,,,,,,,,,,0.3647617296221605,,,,,,,,,,,
7725,TRU,2023-12-31,,,,,,,,,,,0.359868712861327,,,,,,,,,,,
7725,TRU,2024-01-31,,,,,,,,,,,0.35899148597533853,,,,,,,,,,,
7725,TRU,2024-02-29,,,,,,,,,,,0.3713457791835685,,,,,,,,,,,
7725,TRU,2024-03-31,,,,,,,,,,,0.42495049691452885,,,,,,,,,,,
7725,TRU,2024-04-30,,,,,,,,,,,0.4335588083247745,,,,,,,,,,,
7725,TRU,2024-05-31,,,,,,,,,,,0.4510105759402106,,,,,,,,,,,
7725,TRU,2024-06-30,,,,,,,,,,,0.4560016713939006,,,,,,,,,,,
7725,TRU,2024-07-31,,,,,,,,,,,0.45515550443880637,,,,,,,,,,,
7725,TRU,2024-08-31,,,,,,,,,,,0.4599077456440622,,,,,,,,,,,
7725,TRU,2024-09-30,,,,,,,,,,,0.45982648409833643,,,,,,,,,,,
7725,TRU,2024-10-31,,,,,,,,,,,0.44902857115153655,,,,,,,,,,,
7725,TRU,2024-11-30,,,,,,,,,,,0.479727933335628,,,,,,,,,,,
7725,TRU,2024-12-31,,,,,,,,,,,0.48068254647162545,,,,,,,,,,,
7725,TRU,2025-01-31,,,,,,,,,,,0.47450716613607974,,,,,,,,,,,
7725,TRU,2025-02-28,,,,,,,,,,,0.46880476695589923,,,,,,,,,,,
7725,TRU,2025-03-31,,,,,,,,,,,0.47609054583811067,,,,,,,,,,,
7725,TRU,2025-04-30,,,,,,,,,,,0.4749045474617878,,,,,,,,,,,
7725,TRU,2025-05-31,,,,,,,,,,,0.4689764628850841,,,,,,,,,,,
7725,TRU,2025-06-30,,,,,,,,,,,0.46064433544667865,,,,,,,,,,,
7725,TRU,2025-07-31,,,,,,,,,,,0.4956600766179661,,,,,,,,,,,
7725,TRU,2025-08-31,,,,,,,,,,,0.48359786022933915,,,,,,,,,,,
7725,TRU,2025-09-30,,,,,,,,,,,0.48233983570498334,,,,,,,,,,,
7725,TRU,2025-10-31,,,,,,,,,,,0.48837574737512823,,,,,,,,,,,
7725,TRU,2025-11-30,,,,,,,,,,,0.48827805387227824,,,,,,,,,,,
7725,TRU,2025-12-31,,,,,,,,,,,0.5047716435968187,,,,,,,,,,,
7726,ICHI,2023-03-31,,,,,,,,,,,0.2737281912684821,,,,,,,,,,,
7726,ICHI,2023-04-30,,,,,,,,,,,0.2662553229049084,,,,,,,,,,,
7726,ICHI,2023-05-31,,,,,,,,,,,0.2655108785825875,,,,,,,,,,,
7726,ICHI,2023-06-30,,,,,,,,,,,0.2505531630882255,,,,,,,,,,,
7726,ICHI,2023-07-31,,,,,,,,,,,0.2484565242475862,,,,,,,,,,,
7726,ICHI,2023-08-31,,,,,,,,,,,0.24570677797080348,,,,,,,,,,,
7726,ICHI,2023-09-30,,,,,,,,,,,0.2430071901673041,,,,,,,,,,,
7726,ICHI,2023-10-31,,,,,,,,,,,0.2135198603393255,,,,,,,,,,,
7726,ICHI,2023-11-30,,,,,,,,,,,0.2182907686106982,,,,,,,,,,,
7726,ICHI,2023-12-31,,,,,,,,,,,0.21973574319186606,,,,,,,,,,,
7726,ICHI,2024-01-31,,,,,,,,,,,0.21948546565955918,,,,,,,,,,,
7726,ICHI,2024-02-29,,,,,,,,,,,0.2698759950356651,,,,,,,,,,,
7726,ICHI,2024-03-31,,,,,,,,,,,0.27248899045380504,,,,,,,,,,,
7726,ICHI,2024-04-30,,,,,,,,,,,0.27574085329292775,,,,,,,,,,,
7726,ICHI,2024-05-31,,,,,,,,,,,0.27607676633055817,,,,,,,,,,,
7726,ICHI,2024-06-30,,,,,,,,,,,0.2759874127223281,,,,,,,,,,,
7726,ICHI,2024-07-31,,,,,,,,,,,0.2755198441413488,,,,,,,,,,,
7726,ICHI,2024-08-31,,,,,,,,,,,0.28135843013413975,,,,,,,,,,,
7857,MIR,2022-09-30,,,,,,,,,,,0.3840970500810451,,,,,,,,,,,
7857,MIR,2022-10-31,,,,,,,,,,,0.3817895102262151,,,,,,,,,,,
7857,MIR,2022-11-30,,,,,,,,,,,0.38427555743464226,,,,,,,,,,,
7857,MIR,2022-12-31,,,,,,,,,,,0.3821840831729141,,,,,,,,,,,
7859,BADGER,2022-05-31,,,,,,,,,,,0.455839839138991,,,,,,,,,,,
7859,BADGER,2022-06-30,,,,,,,,,,,0.44875403979662687,,,,,,,,,,,
7859,BADGER,2022-07-31,,,,,,,,,,,0.46656830396478083,,,,,,,,,,,
7859,BADGER,2022-08-31,,,,,,,,,,,0.4624170822151073,,,,,,,,,,,
7859,BADGER,2022-09-30,,,,,,,,,,,0.4608849082674987,,,,,,,,,,,
7859,BADGER,2022-10-31,,,,,,,,,,,0.4577108110604811,,,,,,,,,,,
7859,BADGER,2022-11-30,,,,,,,,,,,0.453574723870694,,,,,,,,,,,
7859,BADGER,2022-12-31,,,,,,,,,,,0.45431277632113254,,,,,,,,,,,
7859,BADGER,2023-01-31,,,,,,,,,,,0.4513901651020566,,,,,,,,,,,
7859,BADGER,2023-02-28,,,,,,,,,,,0.4501870496162254,,,,,,,,,,,
7859,BADGER,2023-03-31,,,,,,,,,,,0.41949271594502147,,,,,,,,,,,
7859,BADGER,2023-04-30,,,,,,,,,,,0.4189217001058809,,,,,,,,,,,
7859,BADGER,2023-05-31,,,,,,,,,,,0.4182209610804983,,,,,,,,,,,
7859,BADGER,2023-06-30,,,,,,,,,,,0.4128803468376287,,,,,,,,,,,
7859,BADGER,2023-07-31,,,,,,,,,,,0.41140856367103573,,,,,,,,,,,
7859,BADGER,2023-08-31,,,,,,,,,,,0.4075609614026523,,,,,,,,,,,
7859,BADGER,2023-09-30,,,,,,,,,,,0.40799300975797154,,,,,,,,,,,
7859,BADGER,2023-10-31,,,,,,,,,,,0.39458172268355984,,,,,,,,,,,
7859,BADGER,2023-11-30,,,,,,,,,,,0.4009194516364476,,,,,,,,,,,
7859,BADGER,2023-12-31,,,,,,,,,,,0.40082719866134514,,,,,,,,,,,
7859,BADGER,2024-01-31,,,,,,,,,,,0.4012205081547012,,,,,,,,,,,
7859,BADGER,2024-02-29,,,,,,,,,,,0.4148947777833763,,,,,,,,,,,
7859,BADGER,2024-03-31,,,,,,,,,,,0.4565423136025225,,,,,,,,,,,
7859,BADGER,2024-04-30,,,,,,,,,,,0.46497832867238453,,,,,,,,,,,
7859,BADGER,2024-05-31,,,,,,,,,,,0.4531292811828249,,,,,,,,,,,
7859,BADGER,2024-06-30,,,,,,,,,,,0.4549396251864481,,,,,,,,,,,
7859,BADGER,2024-07-31,,,,,,,,,,,0.454012315525099,,,,,,,,,,,
7859,BADGER,2024-08-31,,,,,,,,,,,0.4263934202414589,,,,,,,,,,,
7859,BADGER,2024-09-30,,,,,,,,,,,0.42112844764587004,,,,,,,,,,,
7859,BADGER,2024-10-31,,,,,,,,,,,0.4013653379690461,,,,,,,,,,,
7859,BADGER,2024-11-30,,,,,,,,,,,0.40380752806473796,,,,,,,,,,,
7859,BADGER,2024-12-31,,,,,,,,,,,0.38968265592275103,,,,,,,,,,,
7859,BADGER,2025-01-31,,,,,,,,,,,0.3885664641627822,,,,,,,,,,,
7859,BADGER,2025-02-28,,1.0,,1.0,,,False,,,False,0.39201892073180433,,,,,,,,,,,
7859,BADGER,2025-03-31,,2.0,,2.0,,,False,,,False,0.3987281786853339,,,,,,,,,,,
7859,BADGER,2025-04-30,,3.0,,3.0,,,False,,,False,0.3865384645155446,,,,,,,,,,,
7859,BADGER,2025-05-31,,4.0,,4.0,,,False,,,False,0.387713623252566,,,,,,,,,,,
7859,BADGER,2025-06-30,,5.0,,5.0,,,False,,,False,0.3857019771063437,,,,,,,,,,,
7859,BADGER,2025-07-31,53986.0,6.0,26528.0,6.0,,,False,,,False,0.3688106918246352,,,378.75041811449296,,,5.936877460755624,,,1.516804109702928,,
7859,BADGER,2025-08-31,87424.0,7.0,29193.0,7.0,,,False,,,False,0.37278465892098367,,,203.9562854389543,,,5.317905683817513,,,1.1528906240525214,,
7859,BADGER,2025-09-30,90279.0,8.0,32048.0,8.0,,,False,,,False,0.37529552540764344,,,204.8417520193388,,,5.32223773966917,,,1.1791539562725606,,
7859,BADGER,2025-10-31,90414.0,9.0,32183.0,9.0,,,False,,,False,0.3773219281523322,,,170.29938444301865,,,5.137557973117299,,,1.2310944961356962,,
8000,LDO,2023-03-31,374030099.0,12.0,18701506.0,12.0,0.8199898812812978,1.0,False,0.81998950524796,1.0,False,1.0276797921540022,2361868765.584416,118093324.56402373,5.762446259171285,0.9125521181388355,18.251059937189883,1.751362082322019,-0.09151007938794702,2.904223157092126,-0.5219821192199017,-0.6536878730159242,-0.4254889613835949
8000,LDO,2023-04-30,387022220.0,12.0,19351112.0,12.0,0.5982144204397428,1.0,False,0.5982140674399321,1.0,False,1.0067668113457855,1411275732.0216627,70563728.6171607,4.606432673181197,1.2632483922197537,25.264988605230204,1.5274537338475793,0.23368649245584613,3.2294195877336853,-0.7022271897224963,-0.38029299482935175,-0.07572712673902014
8000,LDO,2023-05-31,418293567.0,12.0,20914679.0,12.0,0.5598592883106195,1.0,False,0.559859045945285,1.0,False,1.0001707777274806,1397105204.4916282,69855221.11259177,4.395692258128622,1.3160711077273235,26.321436891930077,1.4806250291156215,0.27465086467083266,3.2703836981254018,-0.7755015721737542,-0.2949242303730984,-0.055152614423637523
8000,LDO,2023-06-30,444713567.0,12.0,22235680.0,12.0,0.5689896735898243,1.0,False,0.5689896128796172,1.0,False,0.947772718505259,1601498284.112231,80074907.59338044,4.06045422738759,1.1275310757530728,22.550623377191872,1.401294846022584,0.12003035365840475,3.115762709787962,-0.831761508927513,-0.41497206488601596,-0.2298661479649273
8000,LDO,2023-07-31,479076128.0,12.0,23953809.0,12.0,0.6097785218783129,1.0,False,0.6097785451515434,1.0,False,0.9466585360548262,1921734488.1202128,96086740.7499301,3.387278828465093,0.8444269672158385,16.88853647165271,1.220026893584293,-0.16909702697619994,2.8266350764823054,-0.9185874162386978,-0.5018672008187418,-0.24838140704227232
8000,LDO,2023-08-31,505141782.0,12.0,25257092.0,12.0,0.6192997369818869,1.0,False,0.6193000215354514,1.0,False,0.9428615297113805,2087683995.6853702,104384291.0476816,2.7481057506418085,0.6649392527186191,13.298773427215634,1.010911856385966,-0.40805959179419354,2.5876718074572365,-0.9320068679999595,-0.6265701354636514,-0.33864382255166603
8000,LDO,2023-09-30,525437816.0,12.0,26271893.0,12.0,2.0,2.0,True,2.0,2.0,True,0.9336940476576898,155511772339.54855,7775589268.102811,2.8885483470987636,0.009759727588957594,0.19519453543362192,1.0607540738864591,-4.629490789914114,-1.6337586000998097,-0.9626482204805343,-1.9255082252287676,-1.3256345676103192
8000,LDO,2023-10-31,544373571.0,12.0,27218680.0,12.0,1.6935973265775757,2.0,False,1.6935966264632523,2.0,False,0.8009943869018351,105289037469.43031,5264440202.246586,2.9918128621285005,0.015468503565658388,0.3093707571843241,1.0958795120760965,-4.168949350449028,-1.1732148599049017,-0.940103423004256,-1.8193402319714658,-1.164512258165433
8000,LDO,2023-11-30,571103046.0,12.0,28555151.0,12.0,1.342073104204462,2.0,False,1.3420726797237839,2.0,False,0.7976439350168608,34366470883.41556,1718320943.3902905,3.6711477168711864,0.06100724309265201,1.2201467086145317,1.3005043425695288,-2.796762682633966,0.19897110447808813,-1.0903668602904557,-1.6818415143601395,-0.9543976485326349
8000,LDO,2023-12-31,617767534.0,12.0,30888376.0,12.0,1.1524461518946207,2.0,False,1.1524457400841959,2.0,False,0.7808828062458059,20260575895.077007,1013027291.9694387,3.8088580389652282,0.11613632555525548,2.322729956774561,1.3373294169056889,-2.1529905576026547,0.8427431994091947,-1.2020443681724136,-1.5029092749525725,-0.8338835328840173
8000,LDO,2024-01-31,657939913.0,12.0,32896997.0,12.0,1.050496140062405,2.0,False,1.0504955073006035,2.0,False,0.7792810006378351,15099851632.898767,754990915.5616624,3.827506941584079,0.16677445880766475,3.3354965367752825,1.3422136621559158,-1.7911129254365554,1.2046215548743688,-1.1173633180857536,-1.3835846633651345,-0.6919964485149765
8000,LDO,2024-02-29,702725393.0,12.0,35136271.0,12.0,0.989221062469571,2.0,False,0.9892206862410589,2.0,False,0.6298654309896511,21252247846.917137,1062610860.6052027,4.269743964863609,0.1411830657787762,2.823665385849028,1.4515538640525216,-1.9576978918604733,1.0380358231803377,-1.2159937344223264,-0.9971622340404164,-0.4215134370036473
8000,LDO,2024-03-31,769794711.0,12.0,38489740.0,12.0,0.9353907989683348,2.0,False,0.9353906565788579,2.0,False,0.604214339569737,20670604793.201603,1033529768.2340622,3.4348938490091334,0.1279190011258552,2.558381189476144,1.2339860224338237,-2.056358019071547,0.939374710614357,-1.6008765712350181,-0.9769387703499144,-0.4094719373553896
8000,LDO,2024-04-30,811916687.0,12.0,40594295.0,12.0,0.8310715136073799,2.0,False,0.8310365476328494,2.0,False,0.6127126381309429,13928117904.358477,696282299.9050891,2.0562772119190913,0.11986729240226397,2.3977713948530934,0.7208971692040239,-2.1213700448028034,0.8745397204734439,-1.495341118438197,-0.8227167978672973,-0.24432379919300234
8000,LDO,2024-05-31,838209385.0,12.0,41904431.0,12.0,0.7679841955528812,2.0,False,0.7678566650088268,2.0,False,0.6150063103880539,11105188480.071707,554899040.0652751,2.6992583646465027,0.20373753204158507,4.077397022565219,0.9929770555183339,-1.5909227211674366,1.4054588001518664,-1.4264525194573676,-0.6619781668052394,-0.053895100938249084
8000,LDO,2024-06-30,887915553.0,12.0,44384856.0,12.0,0.7699283467814646,2.0,False,0.7697105265498856,2.0,False,0.618897058553294,11712307545.037615,584968038.3646871,1.9845483181495605,0.15044954297768381,3.01232067702549,0.6853913407145786,-1.8941275136130309,1.1027107707464203,-1.3919571642405542,-0.8708474079334135,-0.19844603242197972
8000,LDO,2024-07-31,923620651.0,12.0,46165548.0,12.0,0.7616824026150513,2.0,False,0.7613869479890598,2.0,False,0.6177840560858131,11833577143.761866,590790996.2258244,1.5611302081330194,0.12184752603667996,2.4406128535182265,0.4454100513364837,-2.104984802468043,0.8922491772420218,-1.5247622283706568,-1.1054931868790783,-0.39038843675728524
8000,LDO,2024-08-31,946740105.0,12.0,47317291.0,12.0,0.7420971250308692,2.0,False,0.7417343782442143,2.0,False,0.6252441456209479,10981984291.89382,548093006.0145465,1.0014922309969518,0.08633711674770858,1.7299123497765894,0.001491118726649699,-2.4494956835783914,0.5480707423571562,-1.8018833927761195,-1.0992027745400799,-0.5160477002931316
8000,LDO,2024-09-30,966977642.0,12.0,48319127.0,12.0,1.670461012749703,3.0,False,1.669912183807189,3.0,False,0.6253983043271653,372726182710.70886,18589972498.54888,1.1862083502212355,0.0030774252162153906,0.06170191771435796,0.1707619598693321,-5.783662000374635,-2.7854402672838243,-1.772619809970005,-2.1223225136972617,-1.4882872440440196
8000,LDO,2024-10-31,986822928.0,12.0,49294860.0,12.0,1.3604919005139622,3.0,False,1.35975310141444,3.0,False,0.6131182249334803,133338128437.95116,6642389917.409048,0.9439864927109898,0.006986355108194014,0.1402428231874819,-0.057643421507871676,-4.963796302484557,-1.964379907457397,-1.814796536540365,-1.8982122944366524,-1.142018003168188
8000,LDO,2024-11-30,1008917610.0,12.0,50363295.0,12.0,1.1319681211715924,3.0,False,1.1308038378469143,3.0,False,0.618679962924869,55749489158.31792,2770333665.69675,1.6254368592650432,0.02941608786043761,0.5919618606097198,0.4857766161224479,-3.526213548162851,-0.5243130708192316,-1.7613614856948172,-1.7354711725568772,-0.9695521920022727
8000,LDO,2024-12-31,1034072053.0,12.0,51565332.0,12.0,0.9793842201318519,3.0,False,0.9776179222565509,3.0,False,0.6180798365585495,31430019778.06528,1556355051.611796,1.5134075922302785,0.049792284795682214,1.0055369398535576,0.4143637919369565,-2.99989523073494,0.0055216673514347815,-1.7049359147944176,-1.3740733092807182,-0.622424458687715
8000,LDO,2025-01-31,1049638890.0,12.0,52285675.0,12.0,0.8859225966124302,3.0,False,0.8835682851211268,3.0,False,0.6197779483912151,21871440333.98546,1079332522.1728,1.9647832817584074,0.09429250709889819,1.9107299192688254,0.6753819500574535,-2.3613535506237806,0.6474853257405199,-1.5752029876388483,-0.9574897047438575,-0.3054877237793935
8000,LDO,2025-02-28,1039221354.0,12.0,51719385.0,12.0,0.8020334061690719,3.0,False,0.79923492479631,3.0,False,0.6272846715204716,15154588148.068913,745949305.1696397,1.0975551976011062,0.07526451972144828,1.529062083222089,0.0930851586442739,-2.5867464408572616,0.4246545299303886,-1.7118824633939613,-0.9336806590647675,-0.2272863164177331
8000,LDO,2025-03-31,976561424.0,12.0,48547223.0,12.0,0.6812049576674537,3.0,False,0.6779753053632755,3.0,False,0.6310831502338021,8802075221.60429,432190669.9195297,0.803751269489684,0.08917357151733057,1.8161254717062674,-0.21846542397316146,-2.417170566734781,0.5967053701416013,-1.8589286181442464,-1.0918755208797644,-0.35916480638120035
8000,LDO,2025-04-30,927517613.0,12.0,46057690.0,12.0,0.5646136093114644,3.0,False,0.5610269165583008,3.0,False,0.6298212085363291,5406574763.1449795,264951982.0053719,0.8037073171428613,0.13787892057435536,2.813538840905393,-0.21852010948381687,-1.9813793660966719,1.0344430649870888,-1.8561788817356215,-0.8954624933572256,-0.1344912426395995
8000,LDO,2025-05-31,894879157.0,12.0,44381547.0,12.0,0.49436335853174773,3.0,False,0.4903177118732853,3.0,False,0.6053137118137731,4242163425.3309603,207291013.77115554,0.834371540843934,0.17600965032056926,3.601997440754995,-0.18107648320713957,-1.737216454080299,1.2814885362468476,-1.6909828029730347,-0.8152839222886832,-0.21175046694559377
8000,LDO,2025-06-30,854484499.0,12.0,42301120.0,12.0,0.4446011792761313,3.0,False,0.43981658932036716,3.0,False,0.6277265412832137,3253686030.8089433,158425179.79582217,0.7785346625495655,0.20445912567581198,4.199116592073091,-0.250341763908576,-1.587387197922747,1.4348741679450752,-1.7405093794607718,-0.9121103793517533,-0.3273195279147946
8000,LDO,2025-07-31,837348627.0,12.0,41356158.0,12.0,0.4117440633043048,3.0,False,0.405973859469247,3.0,False,0.500797085803373,3601609610.9633703,173790142.89399558,1.0193880201802041,0.2370004668134543,4.911574067804241,0.019202467020538794,-1.4396931681719234,1.5915944745045183,-1.755704151521346,-1.0323802543138731,-0.4005101318173227
8000,LDO,2025-08-31,854974066.0,12.0,42124280.0,12.0,0.3994443452107126,3.0,False,0.3925971074727126,3.0,False,0.4957166977021403,3538496569.6813254,169591920.8941575,1.2486957768209719,0.3017107645809594,6.295125969897745,0.22209962807267772,-1.1982864537023548,1.8397756783997836,-1.6575121773638322,-1.0123504400300278,-0.3244387933826222
8000,LDO,2025-09-30,876256379.0,12.0,43084575.0,12.0,0.39930169561402207,3.0,False,0.39150546084436066,3.0,False,0.49232245422645243,3651571072.2637362,173961815.49718624,1.1119126409198652,0.266822286959556,5.600772455220366,0.10608163241850453,-1.3211724340982969,1.722904526660681,-1.6506791056300296,-1.0243821557042672,-0.3611065104980175
8000,LDO,2025-10-31,897239114.0,12.0,44009514.0,12.0,0.4006895224568121,3.0,False,0.39176103594821,3.0,False,0.4955167233547676,3733791803.79551,176662252.41805345,0.8711948782545875,0.2093502160168366,4.4246584088418635,-0.1378895863354568,-1.563746754672107,1.4871930797381965,-1.5780090487688856,-1.0026990615142262,-0.22394382088378453
8000,LDO,2025-11-30,880843688.0,12.0,43116162.0,12.0,0.3841899161505278,3.0,False,0.3744198384344428,3.0,False,0.49402562324429644,3440741002.158806,161957725.80417317,0.6529167723590503,0.16714934874812123,3.5510354005414375,-0.4263056121027346,-1.7888675623358767,1.2672392230865441,-1.656558717614198,-1.1076103193670583,-0.28339384104158627
8000,LDO,2025-12-31,846323964.0,12.0,41559351.0,12.0,0.3699228026996362,3.0,False,0.3617062834547835,3.0,False,0.49218407911542955,3134252066.761683,148954178.95025814,0.5763577871053787,0.1556305608723019,3.2747346231097256,-0.5510266529560697,-1.8602702798887727,1.1862368346924832,-1.6465584548477648,-0.929299710758706,-0.3355232006680977
8000,LDO,2026-01-31,821653558.0,12.0,41162611.0,12.0,0.3426854602286551,3.0,False,0.34355569849302237,3.0,False,0.37062791477012735,3628373044.991028,182519982.0230313,0.43514929728933177,0.09854057560938123,1.9589195901513006,-0.5825871797763525,-2.3172868805054505,0.6723930917449402,-1.5901965545532735,-0.8823050132277176,-0.3213650724673047
8000,LDO,2026-02-28,792409779.0,12.0,40230410.0,12.0,0.30841366229983813,3.0,False,0.315093442150854,3.0,False,0.38217561309263515,2893218534.07788,151435473.63642353,0.32801842990060187,0.08983939805580764,1.7164076903771461,-0.5825871797763525,-2.409731668754631,0.5402335546525465,-1.6482067929765516,-1.0679663631324356,-0.49047810766823285
8000,LDO,2026-03-31,784891198.0,12.0,40425360.0,12.0,0.28026823090473285,3.0,False,0.29298187918777896,3.0,False,0.41371808891356215,2356783057.396501,128160465.40755728,0.356073157939773,0.11858481697493492,2.180693450372813,-0.5825871797763525,-2.1321268193747014,0.7796429227203223,-1.5055223883362252,-0.8833050631710816,-0.38279507260675966
8000,LDO,2026-04-30,789329123.0,12.0,41230957.0,12.0,0.2681600730554794,3.0,False,0.2867845254781871,3.0,False,0.41439856199503927,2248609335.09613,127111862.81886643,0.3927994029688126,0.13788433740849948,2.439174451420894,-0.5825871797763525,-1.981340079977234,0.8916596424737598,-1.5095596511847156,-0.987227874271256,-0.4282782875117818
8000,LDO,2026-05-31,776409674.0,12.0,41133646.0,12.0,0.22895670723935235,3.0,False,0.2528968987935474,3.0,False,0.4228362787126128,1853484163.3937056,108254390.0370533,0.3575118626967041,0.14975885645510092,2.5641054249390924,-0.5825871797763525,-1.8987289021320288,0.9416096555840686,-1.5011113954085427,-0.8971765492496282,-0.4037401505715292
8083,LON,2022-12-31,10015115.0,12.0,10015115.0,12.0,-0.5,1.0,True,-0.5,1.0,True,0.17399046865642548,1620791.2071272335,1620791.2071272335,2.5378688479340896,15.68187700871588,15.68187700871588,0.9313246925960996,2.752505714946441,2.752505714946441,-0.5848838403497938,0.41974917026796743,-0.03306695168620379
8083,LON,2023-01-31,8937957.0,12.0,8937957.0,12.0,-0.5,1.0,True,-0.5,1.0,True,0.17167927741281186,1439460.504190186,1439460.504190186,3.0235109180423456,18.77370757712885,18.77370757712885,1.1064187117854163,2.9324573578442474,2.9324573578442474,-0.8742091538429372,0.2645385467043556,-0.21800472202752996
8083,LON,2023-02-28,8546506.0,12.0,8546506.0,12.0,-0.5,1.0,True,-0.5,1.0,True,0.17119572429313148,1375013.7301736495,1375013.7301736495,3.2720153953203086,20.337469069974883,20.337469069974883,1.1854061239006748,3.0124649517068702,3.0124649517068702,-0.93816066678543,0.19725839210665397,-0.30755466326326386
8083,LON,2023-03-31,8433679.0,12.0,8433679.0,12.0,-0.5,1.0,True,-0.5,1.0,True,0.1710002648703297,1356301.5060682104,1356301.5060682104,3.357862371410427,20.87967405473788,20.87967405473788,1.211304572529672,3.0387761524873205,3.0387761524873205,-0.8661344603624757,0.18816496335728852,-0.3850147303475784
8083,LON,2023-04-30,8348231.0,12.0,8348231.0,12.0,-0.5,1.0,True,-0.5,1.0,True,0.1708648387387267,1342175.7246384851,1342175.7246384851,3.2110615484729306,19.972558786287166,19.972558786287166,1.1666015829314371,2.9943592707312088,2.9943592707312088,-0.9313565490772971,0.30017635489113487,-0.13220052377293254
8083,LON,2023-05-31,8005422.0,12.0,8005422.0,12.0,-0.2718021521133399,2.0,False,-0.2718021521133399,2.0,False,0.17189805531934185,2923166.4016058305,2923166.4016058305,2.7902570449124844,7.64143468559523,7.64143468559523,1.0261337223824987,2.0335853716215055,2.0335853716215055,-1.071961257393866,0.1397481976072811,-0.3582492051915804
8083,LON,2023-06-30,7982748.0,12.0,7982748.0,12.0,-0.30480381822583225,2.0,False,-0.30480381822583225,2.0,False,0.1673010664671599,2555983.134886288,2555983.134886288,2.2485448654795666,7.022568647979686,7.022568647979686,0.8102832805450406,1.949129055381688,1.949129055381688,-1.2302935683232368,0.05573093478573281,-0.5461950926670516
8083,LON,2023-07-31,7770146.0,12.0,7770146.0,12.0,-0.34114750420024176,2.0,False,-0.34114750420024176,2.0,False,0.16407955092266654,2163539.797976791,2163539.797976791,2.536338457344549,9.109016685254122,9.109016685254122,0.9307214887678478,2.2092647674938,2.2092647674938,-1.0978299570324268,0.15612708448459353,-0.42594228814117424
8083,LON,2023-08-31,7656811.0,12.0,7656811.0,12.0,-0.3870509781263507,2.0,False,-0.3870509781263507,2.0,False,0.15928129705369518,1791084.6631846435,1791084.6631846435,2.611055668742004,11.16215228513467,11.16215228513467,0.9597546103407221,2.412528795449547,2.412528795449547,-0.9636802884252755,0.195233412767702,-0.3915348002422123
8083,LON,2023-09-30,7562117.0,12.0,7562117.0,12.0,-0.42312103279073643,2.0,False,-0.42312103279073643,2.0,False,0.1605849283669442,1559638.7409470985,1559638.7409470985,2.99053282225606,14.49999830121404,14.49999830121404,1.095451572950039,2.6741485322688696,2.6741485322688696,-0.9407911464915862,0.21914843474446022,-0.16855102761912888
8083,LON,2023-10-31,7614594.0,12.0,7614594.0,12.0,-0.4495482896181825,2.0,False,-0.4495482896181825,2.0,False,0.16615266765285494,1446810.2508310825,1446810.2508310825,3.3416021274225716,17.586925096254305,17.586925096254305,1.2064503708485106,2.8671557337046334,2.8671557337046334,-0.8705766947952527,0.29953504787165625,-0.017631809947355973
8083,LON,2023-11-30,7730826.0,12.0,7730826.0,12.0,-0.4702714534312207,2.0,False,-0.4702714534312207,2.0,False,0.168116483939926,1371611.8662393044,1371611.8662393044,8.302507170166237,46.79548192615972,46.79548192615972,2.116557537883717,3.845786658223989,3.845786658223989,-0.5088307331767535,0.448663664515685,0.16842774281031558
8083,LON,2023-12-31,7987961.0,12.0,7987961.0,12.0,-0.4785186148322713,2.0,False,-0.4785186148322713,2.0,False,0.16839763197032925,1377701.5408290054,1377701.5408290054,8.044286740299931,46.6410516719516,46.6410516719516,2.084962117756926,3.8424810905005313,3.8424810905005313,-0.6457038414438638,0.5058872708755264,0.19565056775431894
8083,LON,2024-01-31,8193203.0,12.0,8193203.0,12.0,-0.4672789068957468,2.0,False,-0.4672789068957468,2.0,False,0.16775731112793146,1467867.9375171799,1467867.9375171799,8.38670839842314,46.81211616782892,46.81211616782892,2.1266481191163535,3.846142061891704,3.846142061891704,-0.5054135133099266,0.5409468979750462,0.23447643990425848
8083,LON,2024-02-29,8649381.0,12.0,8649381.0,12.0,-0.4370463533669947,2.0,False,-0.4370463533669947,2.0,False,0.19262795685661258,1804509.5587923573,1804509.5587923573,8.541863581081047,40.94288789040206,40.94288789040206,2.1449792019195915,3.7121781173252675,3.7121781173252675,-0.6827326656453427,0.4186012703410469,0.23866494486980683
8083,LON,2024-03-31,9098107.0,12.0,9098107.0,12.0,-0.41055199899900485,2.0,False,-0.41055199899900485,2.0,False,0.17861195118492046,2027149.87995644,2027149.87995644,10.764462479235304,48.31227942340038,48.31227942340038,2.376250197310989,3.877685760715493,3.877685760715493,-0.47637197332325304,0.5815686313249889,0.37627171701242146
8083,LON,2024-04-30,9207921.0,12.0,9207921.0,12.0,-0.3841438468014977,2.0,False,-0.3841438468014977,2.0,False,0.17051671038158095,2218760.460264392,2218760.460264392,10.835939114812323,44.96946521127036,44.96946521127036,2.382868305418979,3.8059837085898307,3.8059837085898307,-0.13098465259822756,0.6296678098529754,0.4483441095270183
8083,LON,2024-05-31,9406607.0,12.0,9406607.0,12.0,-0.1458859802802458,3.0,False,-0.1458859802802458,3.0,False,0.14971478473914804,5957466.482729298,5957466.482729298,12.081845161625882,19.0767618415874,19.0767618415874,2.491703926010019,2.948470936815455,2.948470936815455,-0.15310613625565492,0.45648906647880816,0.3199263001955849
8083,LON,2024-06-30,9247722.0,12.0,9247722.0,12.0,-0.17580046060674404,3.0,False,-0.17580046060674404,3.0,False,0.15085935703333878,5057992.331039258,5057992.331039258,11.831071997717233,21.631204168787892,21.631204168787892,2.470729290767102,3.074136909649219,3.074136909649219,-0.05617275116573244,0.5413449275393002,0.34342190275448936
8083,LON,2024-07-31,9309657.0,12.0,9309657.0,12.0,-0.1958069836760975,3.0,False,-0.1958069836760975,3.0,False,0.16373350677008291,4633448.897921514,4633448.897921514,10.932983708991669,21.96686109195206,21.96686109195206,2.3917842483745586,3.089535003724645,3.089535003724645,-0.0444406845045054,0.4829641770585121,0.2666337132013822
8083,LON,2024-08-31,9471501.0,12.0,9471501.0,12.0,-0.22540765922796235,3.0,False,-0.22540765922796235,3.0,False,0.1574141099387928,4139033.8480647504,4139033.8480647504,10.997386853617483,25.165718475611595,25.165718475611595,2.3976576858147713,3.225482690411329,3.225482690411329,0.050423937172043166,0.5342407333432608,0.2862504774362149
8083,LON,2024-09-30,9538049.0,12.0,9538049.0,12.0,-0.2512643321707194,3.0,False,-0.2512643321707194,3.0,False,0.15178257801188114,3724699.648893522,3724699.648893522,10.582008021901824,27.09794628978365,27.09794628978365,2.359155202552133,3.299457942349194,3.299457942349194,-0.13739868979176895,0.44384679926452036,0.2990261092768221
8083,LON,2024-10-31,9569796.0,12.0,9569796.0,12.0,-0.27517784498340203,3.0,False,-0.27517784498340203,3.0,False,0.1642525877761828,3423746.7555333795,3423746.7555333795,10.955365312229178,30.621602188908568,30.621602188908568,2.39382931911209,3.421705713776005,3.421705713776005,-0.07040328517157436,0.4487473867340367,0.3404648728582677
8083,LON,2024-11-30,10022188.0,12.0,10022188.0,12.0,-0.28613766690161846,3.0,False,-0.28613766690161846,3.0,False,0.1473864133795695,3378039.1439087675,3378039.1439087675,10.146976970920829,30.104716523967436,30.104716523967436,2.3171758257487736,3.4046818546278472,3.4046818546278472,-0.5725822673782966,0.22508589754002994,0.13067674089395595
8083,LON,2024-12-31,10482965.0,12.0,10482965.0,12.0,-0.2906804330048929,3.0,False,-0.2906804330048929,3.0,False,0.1435633507077438,3456323.3864286244,3456323.3864286244,8.548140493543883,25.92635225070649,25.92635225070649,2.1457137731599114,3.255259912859697,3.255259912859697,-0.5910347873407604,0.25576865921161324,0.19431449112208668
8083,LON,2025-01-31,10505065.0,12.0,10505065.0,12.0,-0.2860820992985401,3.0,False,-0.2860820992985401,3.0,False,0.13226427536233631,3496033.818409789,3496033.818409789,9.093608167837331,27.32494874180437,27.32494874180437,2.2075717675862006,3.3078001581890906,3.3078001581890906,-0.42604822612113546,0.4095574187803212,0.36092589001549075
8083,LON,2025-02-28,10328032.0,12.0,10328032.0,12.0,-0.27668755056465555,3.0,False,-0.27668755056465555,3.0,False,0.13194109186662759,3576733.6419295724,3576733.6419295724,8.757083943362263,25.286602875169454,25.286602875169454,2.1698629663525724,3.2302747248569057,3.2302747248569057,-0.365475750889515,0.5058060586631964,0.47427991664833286
8083,LON,2025-03-31,9735612.0,12.0,9735612.0,12.0,-0.28093568171445504,3.0,False,-0.28093568171445504,3.0,False,0.1330953742606396,3313469.8510440723,3313469.8510440723,8.438944039652513,24.79524140950957,24.79524140950957,2.132857186995236,3.2106517561110657,3.2106517561110657,-0.3330844527005243,0.4262070003357638,0.33899854560845705
8083,LON,2025-04-30,9446210.0,12.0,9446210.0,12.0,-0.2699518123297713,3.0,False,-0.2699518123297713,3.0,False,0.1267493161228588,3359437.4814632516,3359437.4814632516,8.242696547975601,23.177166709629784,23.177166709629784,2.109327541354374,3.1431676004853415,3.1431676004853415,-0.3857202070718364,0.39350408489674255,0.36230300583071046
8083,LON,2025-05-31,9558000.0,12.0,9558000.0,12.0,-0.2178910691503122,3.0,False,-0.2178910691503122,3.0,False,0.11861455038231133,4346055.129416874,4346055.129416874,9.156075088031765,20.136368059175922,20.136368059175922,2.21441760302128,3.002527536329844,3.002527536329844,-0.3752758394384608,0.3439086665919202,0.2115813128371173
8083,LON,2025-06-30,9905123.0,12.0,9905123.0,12.0,-0.19918913013037765,3.0,False,-0.19918913013037765,3.0,False,0.11164124586451196,5003029.058242869,5003029.058242869,8.514165879656462,16.856560155582955,16.856560155582955,2.141731350379951,2.8247399077712085,2.8247399077712085,-0.42696871030743494,0.20602899806221325,0.0181799365349175
8083,LON,2025-07-31,10673807.0,12.0,10673807.0,12.0,-0.1709911099271122,3.0,False,-0.1709911099271122,3.0,False,0.10830705749574421,6346408.232936426,6346408.232936426,8.474788172752989,14.25345644366055,14.25345644366055,2.1370956585887204,2.6569994347522203,2.6569994347522203,-0.5844970519197236,0.06180026507819798,-0.13063441713751264
8083,LON,2025-08-31,11532413.0,12.0,11532413.0,12.0,-0.1216610304918907,3.0,False,-0.1216610304918907,3.0,False,0.10361902026001069,9393121.693657413,9393121.693657413,7.268294331367627,8.923654432316082,8.923654432316082,1.9835216465999725,2.1887055524135324,2.1887055524135324,-0.6860652028925895,-0.09402096155098018,-0.23590691905702255
8083,LON,2025-09-30,11961544.0,12.0,11961544.0,12.0,-0.07791452590342973,3.0,False,-0.07791452590342973,3.0,False,0.10414325370523866,12921554.377866913,12921554.377866913,5.696031030534429,5.272842864307966,5.272842864307966,1.739769621871245,1.6625696600489195,1.6625696600489195,-0.7643819568617458,-0.2090727436267885,-0.37645734836031036
8083,LON,2025-10-31,12249289.0,12.0,12249289.0,12.0,-0.030264018386579217,3.0,False,-0.030264018386579217,3.0,False,0.1065519394478743,18017325.15934456,18017325.15934456,5.101179157914637,3.468096245888374,3.468096245888374,1.629471720440203,1.2436058110961685,1.2436058110961685,-0.6369133680631315,-0.20434835499371437,-0.28550456342097497
8083,LON,2025-11-30,11733577.0,12.0,11733577.0,12.0,0.0036992844293155525,3.0,False,0.0036992844293155525,3.0,False,0.10518501984668643,22147202.184955824,22147202.184955824,5.043317168732523,2.6719469954061417,2.6719469954061417,1.6180640339847558,0.9828074184290427,0.9828074184290427,-0.5415656221440819,-0.288292715793781,-0.3568490916496115
8083,LON,2025-12-31,11197941.0,12.0,11197941.0,12.0,0.03791250584308625,3.0,False,0.03791250584308625,3.0,False,0.10382932597202271,27372943.480649658,27372943.480649658,5.241847483784601,2.1443765774007035,2.1443765774007035,1.6566740094349468,0.7628488702295854,0.7628488702295854,-0.43484021098070025,-0.23270031007731898,-0.4433982772904097
8083,LON,2026-01-31,10844004.0,12.0,10844004.0,12.0,0.06655634259860665,3.0,False,0.06655634259860665,3.0,False,0.11904350873370056,28496449.279914513,28496449.279914513,4.0374529910567505,1.5364074293877328,1.5364074293877328,1.3956140453990744,0.4294468530596271,0.4294468530596271,-0.5554708061784362,-0.21710185919588051,-0.3780854241797634
8083,LON,2026-02-28,10529218.0,12.0,10529218.0,12.0,0.07201905567653921,3.0,False,0.07201905567653921,3.0,False,0.13104138804881416,26305076.852662988,26305076.852662988,3.3431461345681326,1.3381718918324188,1.3381718918324188,1.2069123200835468,0.2913044226865737,0.2913044226865737,-0.6898577106712185,-0.3486206291811498,-0.5550708458270741
8083,LON,2026-03-31,10258716.0,12.0,10258716.0,12.0,0.06747729557781645,3.0,False,0.06747729557781645,3.0,False,0.1336053552355255,24439659.873002626,24439659.873002626,3.3113127760784313,1.3899464040612581,1.3899464040612581,1.197344719847516,0.3292651881699021,0.3292651881699021,-0.6241839802122312,-0.2790275609412271,-0.4936539800221614
8083,LON,2026-04-30,10129845.0,12.0,10129845.0,12.0,0.0666029507081578,3.0,False,0.0666029507081578,3.0,False,0.19443426581748247,18190874.78216929,18190874.78216929,8.87837286497201,4.944047059382117,4.944047059382117,2.1836183042877497,1.5981842385935272,1.5981842385935272,-0.21299057002133526,-0.03570183737183921,-0.23454632690382662
8083,LON,2026-05-31,9449976.0,12.0,9449976.0,12.0,0.0568552076280775,3.0,False,0.0568552076280775,3.0,False,0.21064522835694785,15350307.620588722,15350307.620588722,2.752004059808648,1.694192257242652,1.694192257242652,1.012329395291175,0.5272060828494294,0.5272060828494294,-0.7754898102511432,-0.3101074752232698,-0.5141137497992998
8104,1INCH,2022-07-31,,,,,,,,,,,0.44522104532323536,,,,,,,,,,,
8104,1INCH,2022-08-31,,,,,,,,,,,0.4447700033327267,,,,,,,,,,,
8104,1INCH,2022-09-30,,,,,,,,,,,0.44562119150056434,,,,,,,,,,,
8104,1INCH,2022-10-31,,,,,,,,,,,0.44362312274801224,,,,,,,,,,,
8104,1INCH,2022-11-30,,,,,,,,,,,0.4420878236366332,,,,,,,,,,,
8104,1INCH,2022-12-31,,,,,,,,,,,0.44437442125027854,,,,,,,,,,,
8104,1INCH,2023-01-31,,,,,,,,,,,0.41985928954082874,,,,,,,,,,,
8104,1INCH,2023-02-28,,,,,,,,,,,0.4189900868930114,,,,,,,,,,,
8104,1INCH,2023-03-31,,,,,,,,,,,0.39934513269277594,,,,,,,,,,,
8104,1INCH,2023-04-30,,,,,,,,,,,0.3984649083765387,,,,,,,,,,,
8104,1INCH,2023-05-31,,,,,,,,,,,0.4011404929418875,,,,,,,,,,,
8104,1INCH,2023-06-30,,,,,,,,,,,0.39241366175262865,,,,,,,,,,,
8104,1INCH,2023-07-31,,,,,,,,,,,0.3915184221391699,,,,,,,,,,,
8104,1INCH,2023-08-31,,,,,,,,,,,0.39444872489574817,,,,,,,,,,,
8104,1INCH,2023-09-30,,,,,,,,,,,0.3944385790497445,,,,,,,,,,,
8104,1INCH,2023-10-31,,,,,,,,,,,0.3784187417148584,,,,,,,,,,,
8104,1INCH,2023-11-30,,,,,,,,,,,0.37918514275964577,,,,,,,,,,,
8104,1INCH,2023-12-31,,,,,,,,,,,0.38150610852974204,,,,,,,,,,,
8104,1INCH,2024-01-31,,,,,,,,,,,0.3118813367816224,,,,,,,,,,,
8104,1INCH,2024-02-29,,,,,,,,,,,0.34781249082076204,,,,,,,,,,,
8104,1INCH,2024-03-31,,,,,,,,,,,0.35961127159590334,,,,,,,,,,,
8104,1INCH,2024-04-30,,,,,,,,,,,0.3695413695005229,,,,,,,,,,,
8104,1INCH,2024-05-31,,,,,,,,,,,0.3740422853066252,,,,,,,,,,,
8104,1INCH,2024-06-30,,,,,,,,,,,0.3729097578004849,,,,,,,,,,,
8104,1INCH,2024-07-31,,,,,,,,,,,0.38177237941757114,,,,,,,,,,,
8104,1INCH,2024-08-31,,,,,,,,,,,0.3804335335698571,,,,,,,,,,,
8104,1INCH,2024-09-30,,,,,,,,,,,0.3818629208113945,,,,,,,,,,,
8104,1INCH,2024-10-31,,,,,,,,,,,0.3272286943325685,,,,,,,,,,,
8104,1INCH,2024-11-30,,,,,,,,,,,0.3759016367098308,,,,,,,,,,,
8104,1INCH,2024-12-31,,,,,,,,,,,0.37291598740875387,,,,,,,,,,,
8104,1INCH,2025-01-31,,,,,,,,,,,0.3656857515752075,,,,,,,,,,,
8104,1INCH,2025-02-28,,,,,,,,,,,0.36864543984113185,,,,,,,,,,,
8104,1INCH,2025-03-31,,,,,,,,,,,0.3695438385586495,,,,,,,,,,,
8104,1INCH,2025-04-30,,,,,,,,,,,0.36294718656396796,,,,,,,,,,,
8104,1INCH,2025-05-31,,,,,,,,,,,0.3677012272105355,,,,,,,,,,,
8104,1INCH,2025-06-30,,,,,,,,,,,0.399783278011579,,,,,,,,,,,
8104,1INCH,2025-07-31,,,,,,,,,,,0.4050380519771236,,,,,,,,,,,
8104,1INCH,2025-08-31,,,,,,,,,,,0.4079860227513346,,,,,,,,,,,
8104,1INCH,2025-09-30,,,,,,,,,,,0.40690729954398286,,,,,,,,,,,
8104,1INCH,2025-10-31,,,,,,,,,,,0.41656027858900857,,,,,,,,,,,
8104,1INCH,2025-11-30,,,,,,,,,,,0.3873384070002134,,,,,,,,,,,
8104,1INCH,2025-12-31,,,,,,,,,,,0.3863573243671855,,,,,,,,,,,
8104,1INCH,2026-01-31,,,,,,,,,,,0.3988276721708085,,,,,,,,,,,
8104,1INCH,2026-02-28,,,,,,,,,,,0.3910337921783899,,,,,,,,,,,
8104,1INCH,2026-03-31,,,,,,,,,,,0.4102054910702015,,,,,,,,,,,
8104,1INCH,2026-04-30,,,,,,,,,,,0.4076586007593369,,,,,,,,,,,
8104,1INCH,2026-05-31,,,,,,,,,,,0.4039881749213543,,,,,,,,,,,
8191,NFTX,2022-11-30,,,,,,,,,,,0.493592081468293,,,,,,,,,,,
8191,NFTX,2022-12-31,,,,,,,,,,,0.4933497821443075,,,,,,,,,,,
8191,NFTX,2023-01-31,,,,,,,,,,,0.5089176388228634,,,,,,,,,,,
8191,NFTX,2023-02-28,,,,,,,,,,,0.5080985017804094,,,,,,,,,,,
8191,NFTX,2023-03-31,,,,,,,,,,,0.4744230385733712,,,,,,,,,,,
8191,NFTX,2023-04-30,,,,,,,,,,,0.47246375953844943,,,,,,,,,,,
8191,NFTX,2023-05-31,,,,,,,,,,,0.4718304071513294,,,,,,,,,,,
8191,NFTX,2023-06-30,,,,,,,,,,,0.46055161349760276,,,,,,,,,,,
8191,NFTX,2023-07-31,,,,,,,,,,,0.4590788891703451,,,,,,,,,,,
8191,NFTX,2023-08-31,,,,,,,,,,,0.45229116965877963,,,,,,,,,,,
8191,NFTX,2023-09-30,,,,,,,,,,,0.4514430752463671,,,,,,,,,,,
8191,NFTX,2023-10-31,,,,,,,,,,,0.43409814005698405,,,,,,,,,,,
8191,NFTX,2023-11-30,,,,,,,,,,,0.44150856295585117,,,,,,,,,,,
8191,NFTX,2023-12-31,,,,,,,,,,,0.4380399753662387,,,,,,,,,,,
8191,NFTX,2024-01-31,,,,,,,,,,,0.4379688013920453,,,,,,,,,,,
8191,NFTX,2024-02-29,,,,,,,,,,,0.4202064834729563,,,,,,,,,,,
8191,NFTX,2024-05-31,,,,,,,,,,,0.4543957399476501,,,,,,,,,,,
8191,NFTX,2024-06-30,,,,,,,,,,,0.4548745763699394,,,,,,,,,,,
8191,NFTX,2024-07-31,,,,,,,,,,,0.4458013429972653,,,,,,,,,,,
8191,NFTX,2024-09-30,,,,,,,,,,,0.44494790279385654,,,,,,,,,,,
8191,NFTX,2025-01-31,,,,,,,,,,,0.41220252128620977,,,,,,,,,,,
8202,ZKB,2023-12-31,,,,,,,,,,,0.30401146970600146,,,,,,,,,,,
8202,ZKB,2024-01-31,,,,,,,,,,,0.30517803038198077,,,,,,,,,,,
8290,SUPER,2023-05-31,,,,,,,,,,,0.6793051331121811,,,,,,,,,,,
8290,SUPER,2023-06-30,,,,,,,,,,,0.660382063779886,,,,,,,,,,,
8290,SUPER,2023-07-31,,,,,,,,,,,0.660879240959401,,,,,,,,,,,
8290,SUPER,2023-08-31,,,,,,,,,,,0.6589612976969175,,,,,,,,,,,
8290,SUPER,2023-09-30,,,,,,,,,,,0.6577256552702416,,,,,,,,,,,
8290,SUPER,2023-10-31,,,,,,,,,,,0.6138389053540314,,,,,,,,,,,
8290,SUPER,2023-11-30,,,,,,,,,,,0.6717167051245104,,,,,,,,,,,
8290,SUPER,2023-12-31,,,,,,,,,,,0.6815034957474494,,,,,,,,,,,
8290,SUPER,2024-01-31,,,,,,,,,,,0.6812841037211501,,,,,,,,,,,
8290,SUPER,2024-02-29,,,,,,,,,,,0.6969373279184674,,,,,,,,,,,
8290,SUPER,2024-03-31,,,,,,,,,,,0.6042028113147474,,,,,,,,,,,
8290,SUPER,2024-04-30,,,,,,,,,,,0.6060497356325191,,,,,,,,,,,
8290,SUPER,2024-05-31,,,,,,,,,,,0.5953350331249567,,,,,,,,,,,
8290,SUPER,2024-06-30,,,,,,,,,,,0.5919519498371536,,,,,,,,,,,
8290,SUPER,2024-07-31,,,,,,,,,,,0.5777731922079578,,,,,,,,,,,
8290,SUPER,2024-08-31,,,,,,,,,,,0.5772224440264018,,,,,,,,,,,
8290,SUPER,2024-09-30,,,,,,,,,,,0.5733093677668074,,,,,,,,,,,
8290,SUPER,2024-10-31,,,,,,,,,,,0.5743399451382473,,,,,,,,,,,
8290,SUPER,2024-11-30,,,,,,,,,,,0.5428474851329731,,,,,,,,,,,
8290,SUPER,2024-12-31,,,,,,,,,,,0.5363610521714485,,,,,,,,,,,
8290,SUPER,2025-01-31,,,,,,,,,,,0.5153608479949369,,,,,,,,,,,
8290,SUPER,2025-02-28,,,,,,,,,,,0.5279865144348563,,,,,,,,,,,
8290,SUPER,2025-03-31,,,,,,,,,,,0.529965277411865,,,,,,,,,,,
8290,SUPER,2025-04-30,,,,,,,,,,,0.5180227033247633,,,,,,,,,,,
8290,SUPER,2025-05-31,,,,,,,,,,,0.498435200305519,,,,,,,,,,,
8290,SUPER,2025-06-30,,,,,,,,,,,0.5069449559393168,,,,,,,,,,,
8290,SUPER,2025-07-31,,,,,,,,,,,0.5043709306618708,,,,,,,,,,,
8290,SUPER,2025-08-31,,,,,,,,,,,0.5126716879860931,,,,,,,,,,,
8290,SUPER,2025-09-30,,,,,,,,,,,0.5111875041622668,,,,,,,,,,,
8290,SUPER,2025-10-31,,,,,,,,,,,0.5259572728601009,,,,,,,,,,,
8290,SUPER,2025-11-30,,,,,,,,,,,0.5392853313144285,,,,,,,,,,,
8290,SUPER,2025-12-31,,,,,,,,,,,0.5348791808899697,,,,,,,,,,,
8290,SUPER,2026-01-31,,,,,,,,,,,0.5609710261489713,,,,,,,,,,,
8290,SUPER,2026-02-28,,,,,,,,,,,0.562767428246391,,,,,,,,,,,
8290,SUPER,2026-03-31,,,,,,,,,,,0.6067723003214188,,,,,,,,,,,
8290,SUPER,2026-04-30,,,,,,,,,,,0.602590148509816,,,,,,,,,,,
8290,SUPER,2026-05-31,,,,,,,,,,,0.609167014490205,,,,,,,,,,,
8335,MDX,2022-06-30,,,,,,,,,,,0.17850301118184136,,,,,,,,,,,
8335,MDX,2022-07-31,,,,,,,,,,,0.19034827263255916,,,,,,,,,,,
8335,MDX,2022-08-31,,,,,,,,,,,0.18532456906593853,,,,,,,,,,,
8335,MDX,2022-09-30,,,,,,,,,,,0.18492959282590046,,,,,,,,,,,
8335,MDX,2022-10-31,,,,,,,,,,,0.21664515345731142,,,,,,,,,,,
8335,MDX,2022-11-30,,,,,,,,,,,0.2158457035104059,,,,,,,,,,,
8335,MDX,2022-12-31,,,,,,,,,,,0.21592032017497445,,,,,,,,,,,
8335,MDX,2023-01-31,,,,,,,,,,,0.2401585965817356,,,,,,,,,,,
8335,MDX,2023-02-28,,,,,,,,,,,0.24010719502048844,,,,,,,,,,,
8335,MDX,2023-03-31,,,,,,,,,,,0.22674431917144688,,,,,,,,,,,
8335,MDX,2023-04-30,,,,,,,,,,,0.22719626346699853,,,,,,,,,,,
8335,MDX,2023-05-31,,,,,,,,,,,0.22707096454557907,,,,,,,,,,,
8335,MDX,2023-06-30,,,,,,,,,,,0.22851760403099514,,,,,,,,,,,
8335,MDX,2023-07-31,,,,,,,,,,,0.22585485854238443,,,,,,,,,,,
8335,MDX,2023-08-31,,,,,,,,,,,0.22479833490036827,,,,,,,,,,,
8335,MDX,2023-09-30,,,,,,,,,,,0.22494798270754987,,,,,,,,,,,
8335,MDX,2023-10-31,,,,,,,,,,,0.218552190799853,,,,,,,,,,,
8335,MDX,2023-11-30,,,,,,,,,,,0.21957980880257869,,,,,,,,,,,
8335,MDX,2023-12-31,,,,,,,,,,,0.23402762243153974,,,,,,,,,,,
8335,MDX,2024-01-31,,,,,,,,,,,0.2342403520901838,,,,,,,,,,,
8335,MDX,2024-02-29,,,,,,,,,,,0.2405749388605566,,,,,,,,,,,
8335,MDX,2024-03-31,,,,,,,,,,,0.2558476523426447,,,,,,,,,,,
8335,MDX,2024-04-30,,,,,,,,,,,0.2644600621048627,,,,,,,,,,,
8335,MDX,2024-05-31,,,,,,,,,,,0.27824119258526425,,,,,,,,,,,
8335,MDX,2024-06-30,,,,,,,,,,,0.2810181069329342,,,,,,,,,,,
8335,MDX,2024-07-31,,,,,,,,,,,0.2965174564821879,,,,,,,,,,,
8335,MDX,2024-08-31,,,,,,,,,,,0.29108876852669324,,,,,,,,,,,
8335,MDX,2024-09-30,,,,,,,,,,,0.2905377970582816,,,,,,,,,,,
8335,MDX,2024-10-31,,,,,,,,,,,0.33323496864847524,,,,,,,,,,,
8602,AUCTION,2025-01-31,,,,,,,,,,,0.4136255601997473,,,,,,,,,,,
8602,AUCTION,2025-02-28,,,,,,,,,,,0.3215224070943209,,,,,,,,,,,
8602,AUCTION,2025-03-31,,,,,,,,,,,0.30904323585698573,,,,,,,,,,,
8602,AUCTION,2025-04-30,,,,,,,,,,,0.28873996210690167,,,,,,,,,,,
8602,AUCTION,2025-05-31,,,,,,,,,,,0.28372224783020183,,,,,,,,,,,
8602,AUCTION,2025-06-30,,,,,,,,,,,0.2856058898171854,,,,,,,,,,,
8602,AUCTION,2025-07-31,,,,,,,,,,,0.28635656678967997,,,,,,,,,,,
8602,AUCTION,2025-08-31,,,,,,,,,,,0.27466282200505465,,,,,,,,,,,
8602,AUCTION,2025-09-30,,,,,,,,,,,0.2744170967361225,,,,,,,,,,,
8602,AUCTION,2025-10-31,,,,,,,,,,,0.28203499988239533,,,,,,,,,,,
8602,AUCTION,2025-11-30,,,,,,,,,,,0.2642966241330573,,,,,,,,,,,
8602,AUCTION,2025-12-31,,,,,,,,,,,0.2632410700180534,,,,,,,,,,,
8602,AUCTION,2026-01-31,,,,,,,,,,,0.2558514534206944,,,,,,,,,,,
8602,AUCTION,2026-02-28,,,,,,,,,,,0.24221274418937466,,,,,,,,,,,
8602,AUCTION,2026-03-31,,,,,,,,,,,0.24196315776369381,,,,,,,,,,,
8602,AUCTION,2026-04-30,,,,,,,,,,,0.2429895997676903,,,,,,,,,,,
8602,AUCTION,2026-05-31,,,,,,,,,,,0.24132670182452812,,,,,,,,,,,
8613,ALCX,2023-04-30,,5.0,,5.0,,,False,,,False,0.5251856707631052,,,,,,,,,,,
8613,ALCX,2023-05-31,719809.0,6.0,71979.0,6.0,,,False,,,False,0.5197178331235713,,,43.432663370581444,,,3.7712117702611767,,,0.7186229890428162,,
8613,ALCX,2023-06-30,796385.0,7.0,79636.0,7.0,,,False,,,False,0.5082721714871248,,,33.398710117075794,,,3.5085172799876845,,,0.589184789364328,,
8613,ALCX,2023-07-31,980428.0,8.0,98039.0,8.0,,,False,,,False,0.50578715360092,,,25.7170511178192,,,3.247154239523259,,,0.3373429948404884,,
8613,ALCX,2023-08-31,1011122.0,9.0,101108.0,9.0,,,False,,,False,0.4969002333831914,,,23.423753261329345,,,3.1537506041394634,,,0.3947070935222981,,
8613,ALCX,2023-09-30,1190438.0,10.0,119040.0,10.0,,,False,,,False,0.4974262948937368,,,21.116412606740074,,,3.0500505867752055,,,0.2904738269757563,,
8613,ALCX,2023-10-31,1292753.0,11.0,129271.0,11.0,,,False,,,False,0.47396930701113477,,,21.418107356545658,,,3.064236702411058,,,0.2975955232645696,,
8613,ALCX,2023-11-30,1346350.0,12.0,134629.0,12.0,,,False,,,False,0.4763194627538732,,,23.784544409414828,,,3.1690359751670476,,,0.24118683651462308,,
8613,ALCX,2023-12-31,1433078.0,12.0,143298.0,12.0,,,False,,,False,0.5093244467613793,,,46.796832165312985,,,3.845815511857249,,,0.6646108406856627,,
8613,ALCX,2024-01-31,1454508.0,12.0,145438.0,12.0,,,False,,,False,0.5097093986122395,,,32.62138662675844,,,3.484968104773725,,,0.554233526248988,,
8613,ALCX,2024-02-29,1419509.0,12.0,141938.0,12.0,,,False,,,False,0.47748617645030617,,,45.238224696408054,,,3.8119424085771416,,,0.5992028689406762,,
8613,ALCX,2024-03-31,1623141.0,12.0,162305.0,12.0,,,False,,,False,0.4781753214083075,,,47.4407829711087,,,3.859482259003288,,,0.9837992461080984,,
8613,ALCX,2024-04-30,1619095.0,12.0,161903.0,12.0,,,False,,,False,0.48079553835699795,,,31.732577361496848,,,3.4573438302035404,,,0.7510809848142659,,
8613,ALCX,2024-05-31,1603646.0,12.0,160362.0,12.0,1.2278771174019774,1.0,False,1.2278998041095321,1.0,False,0.4798903510653788,244956220.91768327,24497466.24235665,34.063082208753336,0.2229995438658202,2.2298275663011395,3.5282141646444605,-1.5005855529688628,0.8019242579536949,0.7275323506513778,-0.6397198719336129,-0.20011179155030517
8613,ALCX,2024-06-30,1663405.0,12.0,166337.0,12.0,1.0886945384456013,1.0,False,1.088716158521272,1.0,False,0.47262326558758416,148527139.66861424,14853751.880373405,23.78927014593639,0.2664239747388284,2.6640535822728815,3.169234644816781,-1.3226663490993615,0.979848865941666,0.46644682590729264,-0.7084138078279231,-0.2322159644294008
8613,ALCX,2024-07-31,1662448.0,12.0,166239.0,12.0,0.6956349675855851,1.0,False,0.695641530411367,1.0,False,0.48390006022902393,25430064.18783225,2542991.732380754,21.769654126758933,1.4231548019858606,14.23163021054737,3.080516987511562,0.35287609884513876,2.6554669670683664,0.4793773527783368,-0.3538920006499345,0.13684071529688252
8613,ALCX,2024-08-31,1782457.0,12.0,178242.0,12.0,0.7628505758948969,1.0,False,0.7628872097163428,1.0,False,0.48312525932037226,36850782.080245785,3685600.3224033993,17.77903921906751,0.8599647312855633,8.598429058264234,2.878020191452892,-0.1508639007085881,2.1515795189300024,0.42175830200588565,-0.43758172238736365,-0.03554929572286174
8613,ALCX,2024-09-30,1691816.0,12.0,169179.0,12.0,0.42117103116667987,1.0,False,0.42119455645161286,1.0,False,0.4770972353606535,7993700.97115243,799436.6790140744,20.152343068348493,4.265115315616544,42.6476009113923,3.0033205629401625,1.4504692182373446,3.752971021743425,0.3439374712093504,-0.07853077074974496,0.4322362230341481
8613,ALCX,2024-10-31,1745487.0,12.0,174549.0,12.0,0.35020920469726224,1.0,False,0.3502564380255433,1.0,False,0.4059095102561922,7246969.472309245,724851.869844767,18.9459598420792,4.563276654225173,45.62301344956659,2.9415907078521943,1.5180409300054787,3.8204122701233088,0.3193670165928223,-0.08405607396637935,0.450206099402119
8613,ALCX,2024-11-30,1825887.0,12.0,182589.0,12.0,0.35617558584320563,1.0,False,0.35623825475937587,1.0,False,0.424546028616949,7426920.935734557,742897.1174993985,28.318105074659474,6.961924109313388,69.60002765187284,3.3435013553813375,1.9404558886279364,4.242764964637319,0.09361571635012775,-0.18910280435622479,0.3653635509562392
8613,ALCX,2024-12-31,1925183.0,12.0,192520.0,12.0,0.34339024114528316,1.0,False,0.3434939775851722,1.0,False,0.42670932746445017,7368159.779847926,737153.8136324631,22.897201535133973,5.982674705776214,59.799328617449554,3.131014699386773,1.7888677431782123,4.090994433760611,0.04287968662942126,-0.12631419014229786,0.4043550800414735
8613,ALCX,2025-01-31,1936034.0,12.0,193607.0,12.0,0.3310576497344806,1.0,False,0.33119954894869297,1.0,False,0.4174734250329199,7176998.517259871,718157.9026528908,19.118155629589307,5.157225437230237,51.53936088351602,2.950638440082823,1.6403987289146449,3.9423458047498947,0.13125779109405583,0.007483944549711829,0.5198807070486254
8613,ALCX,2025-02-28,2117353.0,12.0,211740.0,12.0,0.45571767223006,1.0,False,0.4558781061345729,1.0,False,0.42224971463078487,13545728.48515796,1355597.9667925474,13.21400682272521,2.0655010927447677,20.639391378195675,2.5812773899330645,0.7253728569006656,3.027201452688078,-0.09874950821015048,-0.11405982550920298,0.42349993194138075
8613,ALCX,2025-03-31,1905813.0,12.0,190581.0,12.0,0.1741512290059828,1.0,False,0.1742152121006746,1.0,False,0.4241922170059111,3658559.0053494214,365945.38717350434,12.471882752772176,6.496841037674849,64.95252329397297,2.5234767308751884,1.8713160645642626,4.173656592153707,-0.07959964837924956,0.06492656418490023,0.5962091326054143
8613,ALCX,2025-04-30,1838534.0,12.0,183856.0,12.0,0.1355318866403763,1.0,False,0.13559353440022726,1.0,False,0.4077624788163676,3102298.682644212,310307.3572054162,12.079125766086284,7.158525236614877,71.56737633044447,2.4914788195307125,1.968303987217476,4.270639332289182,-0.1443222522589807,0.09799309799695288,0.6279239829872462
8613,ALCX,2025-05-31,1830719.0,12.0,183075.0,12.0,0.5947852423925237,2.0,False,0.5948197932578825,2.0,False,0.39256267682274143,25165053.006144647,2516967.818711082,12.713061396982381,0.9248557132758384,9.246857617568043,2.5426299214208385,-0.07811753928448058,2.224283776787764,-0.19500771215787066,-0.4095204105584339,0.020153160531533872
8613,ALCX,2025-06-30,1952218.0,12.0,195225.0,12.0,0.565678618272125,2.0,False,0.5657160257734497,2.0,False,0.4283352658206237,20332479.4836672,2033634.7534338266,9.267892623442075,0.8898544231206359,8.896851694238896,2.2265560207716892,-0.11669739916228102,2.1856974719362072,-0.38038959295457137,-0.5394021285325701,-0.14067628462012172
8613,ALCX,2025-07-31,1973570.0,12.0,197364.0,12.0,0.41879096624450507,2.0,False,0.4188436238211397,2.0,False,0.41356824797797687,10947552.799259175,1095057.8076314058,11.413159633329297,2.0575072685718356,20.569388483947012,2.434767043447211,0.7214951862830595,3.023803974683684,-0.41988306634079714,-0.4551511513800216,-0.03771985314037527
8613,ALCX,2025-08-31,2213609.0,12.0,221368.0,12.0,0.47961483154466156,2.0,False,0.4796692917542078,2.0,False,0.3949174758296667,17333854.42346647,1733891.081955476,10.863465189503136,1.3873120038504265,13.869074340903932,2.385405341834284,0.32736806473807134,2.6296614938807514,-0.4644211586384413,-0.5986932729246085,-0.12402582517406056
8613,ALCX,2025-09-30,2466808.0,12.0,246679.0,12.0,0.43950866468426586,2.0,False,0.4395263884758347,2.0,False,0.3956458090174637,15930922.478626182,1593213.8143903525,8.377291902491828,1.2971735134062456,12.970745355550187,2.125524700272087,0.2601876769618466,2.562696464337149,-0.5551047703262183,-0.5922745064003093,-0.14744050612469953
8613,ALCX,2025-10-31,2627538.0,12.0,262740.0,12.0,0.42566249802485623,2.0,False,0.4256487695835529,2.0,False,0.39737118563329793,15811350.130792364,1580950.2466118813,6.746571139132987,1.1211485351432702,11.21279564348435,1.9090343964314935,0.11435363767031813,2.417055594349174,-0.488050073470623,-0.5254833921412951,0.011056255992459338
8613,ALCX,2025-11-30,2650985.0,12.0,265086.0,12.0,0.40321638711346464,2.0,False,0.403214571725371,2.0,False,0.32032308868635456,18755614.198306195,1875455.3701627885,10.524323068610489,1.487545131556395,14.876292464170282,2.35368906097848,0.3971271985194971,2.6997688360047016,-0.14035793080374642,-0.46142200316214665,0.08656064364422277
8613,ALCX,2025-12-31,2726792.0,12.0,272670.0,12.0,0.37940276156323627,2.0,False,0.3794266576909464,2.0,False,0.32267454172970295,16909891.908631224,1691139.5006118086,6.853662425916435,1.105182219653956,11.05083990228395,1.9247831701117462,0.10001022603865019,2.402506434331671,-0.2876858585477416,-0.40872472066157883,-0.02562970518125611
8613,ALCX,2026-01-31,2802573.0,12.0,280255.0,12.0,0.3880988988821157,2.0,False,0.3881542846892718,2.0,False,0.29987332105390185,19906537.169705246,1991222.4809397582,5.451595491397855,0.7675114059699409,7.672921774116707,1.6959083165472262,-0.2646019384325912,2.037697478189396,-0.3983976983003978,-0.3851863879257091,-0.0026091805763400733
8613,ALCX,2026-02-28,2587759.0,12.0,258772.0,12.0,0.3338403671731942,2.0,False,0.3338890099302041,2.0,False,0.3091990990105248,13336601.258503938,1333975.5061410295,4.403570290312386,0.8544439793926021,8.54241970593106,1.482415641509634,-0.15730433809275263,2.145044305598905,-0.5423145818346736,-0.4680950780055615,-0.07405790079368742
8613,ALCX,2026-03-31,2697942.0,12.0,269795.0,12.0,0.2892530886192721,2.0,False,0.2892911420838158,2.0,False,0.32811464744846536,10429207.262931546,1043119.420980572,4.949798856913451,1.280468389489561,12.802244842747982,1.5993469407879966,0.24722594028445183,2.5496205338882745,-0.42513142233579604,-0.2991683884262767,0.05287873866562071
8613,ALCX,2026-04-30,2611952.0,12.0,258811.0,12.0,0.2701248994723273,2.0,False,0.26434011462958096,2.0,False,0.32419101425611563,9295928.320778472,895335.423027114,5.014364712101398,1.4089265199288734,14.628350003422165,1.6123067358425416,0.3428280810448577,2.6829614269507234,-0.48077433360086247,-0.36940653195721057,0.06290405582509935
8615,EPIC,2024-12-31,,,,,,,,,,,0.4399049634671195,,,,,,,,,,,
8615,EPIC,2025-01-31,,,,,,,,,,,0.4212699058360638,,,,,,,,,,,
8615,EPIC,2025-02-28,,,,,,,,,,,0.41034621802219023,,,,,,,,,,,
8615,EPIC,2025-03-31,,,,,,,,,,,0.4137385103149598,,,,,,,,,,,
8615,EPIC,2025-04-30,,,,,,,,,,,0.40741351849423035,,,,,,,,,,,
8615,EPIC,2025-05-31,,,,,,,,,,,0.3879881520241507,,,,,,,,,,,
8615,EPIC,2025-06-30,,,,,,,,,,,0.4029230271708848,,,,,,,,,,,
8615,EPIC,2025-07-31,,,,,,,,,,,0.39089556243881357,,,,,,,,,,,
8615,EPIC,2025-08-31,,,,,,,,,,,0.3675619877775765,,,,,,,,,,,
8615,EPIC,2025-09-30,,,,,,,,,,,0.3943588207718537,,,,,,,,,,,
8615,EPIC,2025-10-31,,,,,,,,,,,0.4120357864367399,,,,,,,,,,,
8615,EPIC,2025-11-30,,,,,,,,,,,0.4200837846110176,,,,,,,,,,,
8615,EPIC,2025-12-31,,,,,,,,,,,0.40196979292182167,,,,,,,,,,,
8615,EPIC,2026-01-31,,,,,,,,,,,0.4304631949481488,,,,,,,,,,,
8719,ILV,2022-11-30,,,,,,,,,,,0.6570546232459723,,,,,,,,,,,
8719,ILV,2022-12-31,,,,,,,,,,,0.6545937753435899,,,,,,,,,,,
8719,ILV,2023-01-31,,,,,,,,,,,0.6420746621374703,,,,,,,,,,,
8719,ILV,2023-02-28,,,,,,,,,,,0.6405197333558889,,,,,,,,,,,
8719,ILV,2023-03-31,,,,,,,,,,,0.5710190399840352,,,,,,,,,,,
8857,ANC,2022-09-30,,,,,,,,,,,0.41230556523890766,,,,,,,,,,,
8857,ANC,2022-10-31,,,,,,,,,,,0.4059581101545216,,,,,,,,,,,
8857,ANC,2022-11-30,,,,,,,,,,,0.4122489711282272,,,,,,,,,,,
8857,ANC,2022-12-31,,,,,,,,,,,0.4103813721755155,,,,,,,,,,,
8857,ANC,2023-01-31,,,,,,,,,,,0.4418627321821537,,,,,,,,,,,
8857,ANC,2023-02-28,,,,,,,,,,,0.43791181423499387,,,,,,,,,,,
8891,BTCST,2023-05-31,,,,,,,,,,,0.73230884463272,,,,,,,,,,,
8891,BTCST,2023-06-30,,,,,,,,,,,0.7187459768658558,,,,,,,,,,,
8891,BTCST,2023-07-31,,,,,,,,,,,0.7164725377554683,,,,,,,,,,,
8891,BTCST,2023-10-31,,,,,,,,,,,0.6622413886946087,,,,,,,,,,,
8911,STRK,2023-02-28,,,,,,,,,,,0.3474694633183382,,,,,,,,,,,
8911,STRK,2023-03-31,,,,,,,,,,,0.3266350576877183,,,,,,,,,,,
8911,STRK,2023-04-30,,,,,,,,,,,0.32533779104469396,,,,,,,,,,,
8911,STRK,2023-05-31,,,,,,,,,,,0.3258297929151665,,,,,,,,,,,
8911,STRK,2023-06-30,,,,,,,,,,,0.32176109620577475,,,,,,,,,,,
8911,STRK,2023-07-31,,,,,,,,,,,0.3191515070958936,,,,,,,,,,,
8911,STRK,2023-08-31,,,,,,,,,,,0.319652003643897,,,,,,,,,,,
8911,STRK,2023-09-30,,,,,,,,,,,0.3205295349171422,,,,,,,,,,,
8911,STRK,2023-10-31,,,,,,,,,,,0.3122075079196499,,,,,,,,,,,
8911,STRK,2023-11-30,,,,,,,,,,,0.3130530297068264,,,,,,,,,,,
8911,STRK,2023-12-31,,,,,,,,,,,0.31210061395645144,,,,,,,,,,,
8911,STRK,2024-01-31,,,,,,,,,,,0.31227755830049414,,,,,,,,,,,
8911,STRK,2024-02-29,,,,,,,,,,,0.28582248555509365,,,,,,,,,,,
8911,STRK,2024-03-31,,,,,,,,,,,0.28517874694921147,,,,,,,,,,,
8911,STRK,2024-04-30,,,,,,,,,,,0.28950807830529424,,,,,,,,,,,
8911,STRK,2024-05-31,,,,,,,,,,,0.28769017091652854,,,,,,,,,,,
8911,STRK,2024-06-30,,,,,,,,,,,0.2947193934779053,,,,,,,,,,,
8911,STRK,2024-07-31,,,,,,,,,,,0.2934772438098811,,,,,,,,,,,
8911,STRK,2024-08-31,,,,,,,,,,,0.2859115037680683,,,,,,,,,,,
8911,STRK,2024-09-30,,1.0,,1.0,,,False,,,False,0.2851953409658862,,,,,,,,,,,
8911,STRK,2024-10-31,,2.0,,2.0,,,False,,,False,0.30359244408998354,,,,,,,,,,,
8911,STRK,2024-11-30,,3.0,,3.0,,,False,,,False,0.32837773101737316,,,,,,,,,,,
8911,STRK,2024-12-31,,4.0,,4.0,,,False,,,False,0.3334080193991573,,,,,,,,,,,
8911,STRK,2025-01-31,,5.0,,5.0,,,False,,,False,0.33657412451638574,,,,,,,,,,,
8911,STRK,2025-02-28,720102.0,6.0,100717.0,6.0,,,False,,,False,0.32428830725681546,,,67.89614473487583,,,4.217979254379429,,,0.962349261470391,,
8911,STRK,2025-03-31,822252.0,7.0,114207.0,7.0,,,False,,,False,0.32617578257825136,,,46.864371021257185,,,3.8472577070320426,,,0.7794417563909947,,
8911,STRK,2025-04-30,908421.0,8.0,126168.0,8.0,,,False,,,False,0.32576320931805286,,,45.24042725436273,,,3.811991095375798,,,0.6898211378023281,,
8911,STRK,2025-05-31,1013529.0,9.0,140994.0,9.0,,,False,,,False,0.32003614153681936,,,35.288401209514454,,,3.563554332311641,,,0.36572727958085605,,
8911,STRK,2025-06-30,1079645.0,10.0,149600.0,10.0,,,False,,,False,0.334778573085173,,,29.804110459336652,,,3.394646318876287,,,0.2610348278287333,,
8911,STRK,2025-07-31,1119517.0,11.0,154959.0,11.0,,,False,,,False,0.34151242393623854,,,59.44149158309478,,,4.0849924940229,,,0.492701086321989,,
8938,EPS,2022-08-31,,,,,,,,,,,0.2865765749659455,,,,,,,,,,,
8938,EPS,2022-09-30,,,,,,,,,,,0.2831821086815869,,,,,,,,,,,
8938,EPS,2022-10-31,,,,,,,,,,,0.2678151327800094,,,,,,,,,,,
8938,EPS,2022-11-30,,,,,,,,,,,0.2739352409488649,,,,,,,,,,,
8938,EPS,2022-12-31,,,,,,,,,,,0.27294439063957127,,,,,,,,,,,
8938,EPS,2023-01-31,,,,,,,,,,,0.30359410224092276,,,,,,,,,,,
8938,EPS,2023-02-28,,,,,,,,,,,0.3031072670511116,,,,,,,,,,,
8938,EPS,2023-03-31,,,,,,,,,,,0.29868433406179756,,,,,,,,,,,
8938,EPS,2023-04-30,,,,,,,,,,,0.29962949649132237,,,,,,,,,,,
8938,EPS,2023-05-31,,,,,,,,,,,0.29866193141133396,,,,,,,,,,,
8938,EPS,2023-06-30,,,,,,,,,,,0.2898991469095491,,,,,,,,,,,
8938,EPS,2023-07-31,,,,,,,,,,,0.2889960775457913,,,,,,,,,,,
8938,EPS,2023-08-31,,,,,,,,,,,0.2881293895073009,,,,,,,,,,,
8938,EPS,2023-09-30,,,,,,,,,,,0.28833590188698377,,,,,,,,,,,
8938,EPS,2023-10-31,,,,,,,,,,,0.2790101491311261,,,,,,,,,,,
8938,EPS,2023-11-30,,,,,,,,,,,0.28026623905564463,,,,,,,,,,,
8938,EPS,2023-12-31,,,,,,,,,,,0.2882264624518235,,,,,,,,,,,
8938,EPS,2024-01-31,,,,,,,,,,,0.287984969722799,,,,,,,,,,,
8938,EPS,2024-02-29,,,,,,,,,,,0.3082805275373281,,,,,,,,,,,
8938,EPS,2024-03-31,,,,,,,,,,,0.3101062787155471,,,,,,,,,,,
8938,EPS,2024-04-30,,,,,,,,,,,0.30819952827357827,,,,,,,,,,,
8938,EPS,2024-05-31,,,,,,,,,,,0.2861846480144122,,,,,,,,,,,
8938,EPS,2024-06-30,,,,,,,,,,,0.27254474544315654,,,,,,,,,,,
8938,EPS,2024-07-31,,,,,,,,,,,0.2606426068816037,,,,,,,,,,,
8938,EPS,2024-08-31,,,,,,,,,,,0.24574712747190475,,,,,,,,,,,
8938,EPS,2024-09-30,,,,,,,,,,,0.23804591912398843,,,,,,,,,,,
8938,EPS,2024-10-31,,,,,,,,,,,0.2512517446648268,,,,,,,,,,,
8938,EPS,2025-02-28,,,,,,,,,,,0.2524343558820003,,,,,,,,,,,
8938,EPS,2025-04-30,,,,,,,,,,,0.23720500570851147,,,,,,,,,,,
8938,EPS,2025-06-30,,,,,,,,,,,0.22367498649566336,,,,,,,,,,,
8938,EPS,2025-07-31,,,,,,,,,,,0.2245098033542909,,,,,,,,,,,
8938,EPS,2025-08-31,,,,,,,,,,,0.21830156620286606,,,,,,,,,,,
8938,EPS,2025-09-30,,,,,,,,,,,0.21799883023002267,,,,,,,,,,,
8938,EPS,2025-10-31,,,,,,,,,,,0.2217280708340189,,,,,,,,,,,
8938,EPS,2025-11-30,,,,,,,,,,,0.2783934705649013,,,,,,,,,,,
8938,EPS,2025-12-31,,,,,,,,,,,0.28871343386388915,,,,,,,,,,,
8938,EPS,2026-01-31,,,,,,,,,,,0.32209493958309915,,,,,,,,,,,
9119,TLM,2026-01-31,,,,,,,,,,,0.44125337668847225,,,,,,,,,,,
9444,KNC,2022-07-31,344098.0,12.0,34342.0,12.0,,,False,,,False,0.3313545832658849,,,798.8800806496147,,,6.683210847705647,,,2.446798907095896,,
9444,KNC,2022-08-31,286459.0,12.0,28577.0,12.0,,,False,,,False,0.3188053401682647,,,1072.0950481918494,,,6.977370002058364,,,2.4474031956524693,,
9444,KNC,2022-09-30,192374.0,12.0,19171.0,12.0,0.09261815104477278,1.0,False,0.08969476496333773,1.0,False,0.3161547852628176,304628.0221721597,29974.211776819946,1087.493675542256,686.7572682480735,6979.516589008406,6.991630947352601,6.531980908462259,8.850734936769017,2.5070862784819217,1.4461396474804602,1.4350812650668239
9444,KNC,2022-10-31,127629.0,12.0,12696.0,12.0,-0.47003645785754034,1.0,False,-0.47249459863719456,1.0,False,0.2966570212774175,28292.94356985483,2792.3960437852284,1177.5529372327846,5311.921803223467,53821.127615679405,7.071193782190243,8.577708970269203,10.893421375671958,2.6486166356803063,1.608155910032655,1.5912740709711348
9444,KNC,2022-11-30,21567.0,12.0,2086.0,12.0,-0.5,1.0,True,-0.5,1.0,True,0.3053843113531121,4396.250273326528,425.2134311753671,5486.765301489545,26916.817719680337,278290.991256158,7.661725636502171,8.942545892030207,12.480741397971112,2.7559338976986343,1.653751572704089,1.7912479678100879
9444,KNC,2022-12-31,14937.0,12.0,1427.0,12.0,-0.5,1.0,True,-0.5,1.0,True,0.3041345114468033,3039.23492951214,290.3520281458006,5022.4766461421295,24684.085108046373,258378.5418772871,7.661725636502171,8.942545892030207,12.462181005171823,2.822505229080086,1.7687794263515682,2.0305661569565276
9444,KNC,2023-01-31,9653.0,12.0,905.0,12.0,-0.5,1.0,True,-0.5,1.0,True,0.37691209165262113,2163.1757689138785,202.8047312614794,13569.154950157132,60551.275867717784,645857.9734266073,7.661725636502171,8.942545892030207,12.480741397971112,2.7775666782854014,1.6651732547542126,1.9721106904969021
9444,KNC,2023-02-28,8319.0,12.0,777.0,12.0,-0.5,1.0,True,-0.5,1.0,True,0.375939231195657,1862.0532418854812,173.91698148155055,16611.8134016952,74215.7488197115,794595.6427685713,7.661725636502171,8.942545892030207,12.480741397971112,2.828966120970397,1.6670712120912292,2.1172232838604668
9444,KNC,2023-03-31,7422.0,12.0,694.0,12.0,-0.5,1.0,True,-0.5,1.0,True,0.3350897625887424,1577.1090981816117,147.46883779817276,16413.587718948165,77243.64039906448,826084.0043830789,7.661725636502171,8.942545892030207,12.480741397971112,3.2444046401401248,1.7759128344364998,2.4551768362342066
9444,KNC,2023-04-30,6942.0,12.0,653.0,12.0,-0.5,1.0,True,-0.5,1.0,True,0.33330292175274895,1471.5679044429994,138.42319815633513,16714.898512361146,78851.152653218,838261.4115139961,7.661725636502171,8.942545892030207,12.480741397971112,3.192835615348695,1.7663257348766919,2.146909072941281
9444,KNC,2023-05-31,6924.0,12.0,656.0,12.0,-0.5,1.0,True,-0.5,1.0,True,0.3347700635866142,1470.6564420462482,139.33429029207667,16019.774558314075,75422.72679772376,796077.6834564625,7.661725636502171,8.942545892030207,12.480741397971112,3.256362433215617,1.8471083252068787,2.2019882296036224
9444,KNC,2023-06-30,6380.0,12.0,609.0,12.0,-0.5,1.0,True,-0.5,1.0,True,0.32481942496501787,1336.8577974304956,127.60915339109272,16055.110120181856,76621.16551486528,802697.9244414461,7.661725636502171,8.942545892030207,12.480741397971112,3.3897842633929627,1.8554272988277516,2.309417554679927
9444,KNC,2023-07-31,4374.0,12.0,410.0,12.0,-0.5,1.0,True,-0.5,1.0,True,0.3187839393731412,908.8516285282658,85.19185361147437,28518.54660141096,137250.26056955793,1464225.9505640157,7.661725636502171,8.942545892030207,12.480741397971112,3.0724422378424006,2.0189473297421343,2.5282205767404426
9444,KNC,2023-08-31,3654.0,12.0,368.0,12.0,-0.5,1.0,True,-0.5,1.0,True,0.3279055079599612,768.9120108832594,77.43831965107812,23678.765403729798,112525.50039612397,1117304.8327376007,7.661725636502171,8.942545892030207,12.480741397971112,3.1857679794146594,2.097812053540377,2.6489382511191844
9444,KNC,2023-09-30,10592.0,12.0,1596.0,12.0,-0.5,2.0,True,-0.5,2.0,True,0.33243037916620055,2242.65002325262,337.92196347348766,11095.360330945057,52403.208439506016,347778.68658599484,7.661725636502171,8.942545892030207,12.480741397971112,3.195516711771756,2.0598143756459075,2.465453568960926
9444,KNC,2023-10-31,36707.0,12.0,5779.0,12.0,-0.5,2.0,True,-0.5,2.0,True,0.31209870869994627,7555.258990312843,1189.4690850523855,3475.307135214187,16884.675849745414,107247.93154812336,7.661725636502171,8.942545892030207,11.582898550339698,3.1884870937314207,2.129097549840269,2.4563776395585823
9444,KNC,2023-11-30,92738.0,12.0,14752.0,12.0,-0.483005373746496,2.0,False,-0.34781112718980944,2.0,False,0.3082167858816043,20050.471438187815,4863.102010913021,1185.8596007958572,5484.870916758145,22614.01208772076,7.0782231921082115,8.609748838568803,10.026324997018827,3.0269532636984566,1.9766381779699216,2.0713661493988265
9444,KNC,2023-12-31,164369.0,12.0,26204.0,12.0,-0.31821268682338477,2.0,False,-0.13893044492507556,2.0,False,0.3027930468988074,59037.983248595294,16897.017420229564,695.0597530640018,1935.1317620439756,6761.327973456322,6.543997817500757,7.56793069722516,8.818974595521627,2.672425859239874,1.7541077180546445,1.9036230476967058
9444,KNC,2024-01-31,213968.0,12.0,34141.0,12.0,-0.22792005005029337,2.0,False,-0.02434416391380989,2.0,False,0.30299206911823984,102336.76027697274,33673.878284048755,461.12250248885795,964.1252991153866,2930.0295849579516,6.133663739776085,6.871221264499557,7.982767799215409,2.620523147221141,1.5736942925951771,1.685334604732615
9444,KNC,2024-02-29,219714.0,12.0,35070.0,12.0,-0.21917673875591914,2.0,False,-0.013014890065137563,2.0,False,0.2838307746030436,106654.60096143678,36633.72113086613,574.4485376366704,1183.3937294832583,3445.3061851792095,6.353410515620566,7.076141631498843,8.144768057634531,2.5536540910337453,1.2585802691272523,1.3329597625798042
9444,KNC,2024-03-31,,,,,,,,,,,0.28916822179836965,,,,,,,,,,,
9444,KNC,2024-04-30,225854.0,11.0,36080.0,11.0,-0.20920909439143298,2.0,False,0.00029114705622546033,2.0,False,0.30147005419376394,114711.40236013768,39315.199723094556,466.312933926579,918.1183318499111,2678.827581211224,6.14485694078019,6.822326284110656,7.893134508089813,2.9573322304259677,1.368764835366306,1.414092801430939
9444,KNC,2024-05-31,230159.0,11.0,36799.0,11.0,-0.1957029015985975,2.0,False,0.017945033558703916,2.0,False,0.30293759447222673,122350.48392818104,43062.742791448494,533.1300821543855,1002.8949836487617,2849.439646072386,6.278765450963715,6.910646080235768,7.954877638518154,3.064452173204778,1.43273466321283,1.5328149894077223
9444,KNC,2024-06-30,230938.0,11.0,36922.0,11.0,-0.19375467434452676,2.0,False,0.020464120712065936,2.0,False,0.3054747245869681,123746.35600359931,43565.279788059765,441.69357121806615,824.2976459605069,2341.401924794126,6.090616363862344,6.714531685510794,7.7585051421149895,2.652215724634834,1.5761001584597578,1.6309715053711893
9444,KNC,2024-07-31,231009.0,11.0,36931.0,11.0,-0.1806426085042313,2.0,False,0.03700951626478077,2.0,False,0.30519621643610356,129291.91819541095,46697.69399006056,420.66556831108954,751.6133539228879,2080.992099752514,6.041838143441739,6.62222203470836,7.6406000300157,2.7316202730251375,1.563241649898847,1.6274719310321635
9444,KNC,2024-08-31,230504.0,11.0,36854.0,11.0,-0.1029678732552598,2.0,False,0.1356225255288417,2.0,False,0.3050061629170451,168936.04908699906,72113.82361034685,347.1757623118572,473.70234090605896,1109.7095939376918,5.849831171339805,6.160579151665562,7.011853632992883,2.7190557173330725,1.3790570381279632,1.4208530587268042
9444,KNC,2024-09-30,221661.0,11.0,35438.0,11.0,0.07978454706745786,3.0,False,0.26292172377975476,3.0,False,0.3015428019993253,338623.3487692404,130210.05656043247,392.695859509448,257.0565710577803,668.4994939259909,5.973035417880424,5.5492961815195745,6.505035639512528,2.562981268727254,1.0794726508323975,1.2405984455530996
9444,KNC,2024-10-31,195534.0,11.0,31255.0,11.0,-0.06709023828061711,3.0,False,0.09100439509248615,3.0,False,0.29571124832575146,163787.75262466513,50650.02000995051,397.36694354817644,474.38680056745784,1534.0319297896574,5.984860144846585,6.162023023872023,7.335654796436561,2.484864751904123,1.2157156884455067,1.4177523318264746
9444,KNC,2024-11-30,139438.0,11.0,22279.0,11.0,-0.262041693150454,3.0,False,-0.13715950388443288,3.0,False,0.3354341577230543,61440.98985573886,14599.987847630617,946.0189176549035,2146.954112387943,9035.006550459002,6.85226256637297,7.671805424752353,9.108861928035363,2.3711870878661343,1.4321361844360407,1.7280073748852813
9444,KNC,2024-12-31,67830.0,11.0,10829.0,11.0,-0.4232779205989413,3.0,False,-0.32583571124684474,3.0,False,0.3297459841093043,18196.84702768208,3907.7499057480777,1451.3130109641438,5409.869159417642,25191.62277731604,7.280223950477228,8.595980186597538,10.134266788761003,2.7123624099122927,1.6473456615869009,1.923177687819125
9444,KNC,2025-01-31,,,,,,,,,,,0.3681715065885963,,,,,,,,,,,
9444,KNC,2025-02-28,,,,,,,,,,,0.3630187373725642,,,,,,,,,,,
9444,KNC,2025-03-31,,,,,,,,,,,0.3620399862620423,,,,,,,,,,,
9444,KNC,2025-04-30,,,,,,,,,,,0.4087266520231409,,,,,,,,,,,
9444,KNC,2025-05-31,,,,,,,,,,,0.3869640287815169,,,,,,,,,,,
9444,KNC,2025-06-30,,,,,,,,,,,0.39960411875085616,,,,,,,,,,,
9444,KNC,2025-07-31,,,,,,,,,,,0.3992893717509525,,,,,,,,,,,
9444,KNC,2025-08-31,,,,,,,,,,,0.4248556871538971,,,,,,,,,,,
9444,KNC,2025-09-30,,,,,,,,,,,0.4179227831678793,,,,,,,,,,,
9444,KNC,2025-10-31,,,,,,,,,,,0.41714651713313283,,,,,,,,,,,
9444,KNC,2025-11-30,,,,,,,,,,,0.40006210880881027,,,,,,,,,,,
9444,KNC,2025-12-31,,,,,,,,,,,0.39286481621447605,,,,,,,,,,,
9444,KNC,2026-01-31,,,,,,,,,,,0.34198198937601976,,,,,,,,,,,
9444,KNC,2026-02-28,,,,,,,,,,,0.34316991268769975,,,,,,,,,,,
9444,KNC,2026-03-31,,,,,,,,,,,0.36892975951313656,,,,,,,,,,,
9444,KNC,2026-04-30,,,,,,,,,,,0.3656242565885276,,,,,,,,,,,
9444,KNC,2026-05-31,,,,,,,,,,,0.36226845657447426,,,,,,,,,,,
9481,PENDLE,2024-06-30,10214559.0,12.0,9275253.0,12.0,,,False,,,False,0.326742486822603,,,76.72689028189968,,,4.340252237307554,,,1.3425986197116861,,
9481,PENDLE,2024-07-31,11934191.0,12.0,10958312.0,12.0,,,False,,,False,0.34483166876528026,,,45.58245714348883,,,3.8195229307341885,,,1.0414308471487104,,
9481,PENDLE,2024-08-31,12639409.0,12.0,11639366.0,12.0,,,False,,,False,0.35780313799479274,,,39.97576039041237,,,3.6882732801879485,,,1.048107803743963,,
9481,PENDLE,2024-09-30,13248864.0,12.0,12222382.0,12.0,,,False,,,False,0.3581506872129782,,,51.5912025215003,,,3.943351164182428,,,1.0463513988272044,,
9481,PENDLE,2024-10-31,14439048.0,12.0,13349213.0,12.0,,,False,,,False,0.3529631724095907,,,53.26994964988548,,,3.9753723757414043,,,1.0549745291604153,,
9481,PENDLE,2024-11-30,16144199.0,12.0,14935866.0,12.0,,,False,,,False,0.2945829076864798,,,58.78513989088652,,,4.07388910002065,,,0.5677175765979804,,
9481,PENDLE,2024-12-31,19103303.0,12.0,17713557.0,12.0,2.0,1.0,True,2.0,1.0,True,0.3117027899713297,135685876387.35556,125814865915.19681,40.3986317216669,0.005687749698879735,0.006133991376540484,3.6987959161179895,-5.169440592569048,-5.09390961913709,0.4081739046229277,-1.9393696132238807,-1.9040366498574344
9481,PENDLE,2025-01-31,27773220.0,12.0,26208011.0,12.0,2.0,1.0,True,2.0,1.0,True,0.3051482903085382,206792339407.8573,195138190887.36765,22.095166922727266,0.002967488706974369,0.003144714671644281,3.095358893327973,-5.820039237056565,-5.762032117382875,0.2397993020955445,-1.7915094829449811,-1.911083283317658
9481,PENDLE,2025-02-28,29947669.0,12.0,28374504.0,12.0,2.0,1.0,True,2.0,1.0,True,0.32665610140207063,191397035568.81818,181342860151.67236,15.877130676082261,0.0024842759593635107,0.002622011441527784,2.764879751588824,-5.997774026329654,-5.943813529985854,0.020282701806466553,-1.7777774507408504,-1.8197692031878063
9481,PENDLE,2025-03-31,30497548.0,12.0,28992592.0,12.0,2.0,1.0,True,2.0,1.0,True,0.330466302776605,189818083237.3964,180451170747.36212,14.367146602305107,0.0023083298263993518,0.0024281512905243484,2.664944114076549,-6.071231034827377,-6.020625096966504,0.012202803675377577,-2.077543690529964,-2.1265987694255553
9481,PENDLE,2025-04-30,28422767.0,12.0,27273919.0,12.0,2.0,1.0,True,2.0,1.0,True,0.3338304150243505,172840459855.65912,165854249940.76047,19.569725914183394,0.003218145568330509,0.0033537021819541454,2.9739837759028256,-5.73894999578231,-5.697690414409085,0.1604672808576616,-1.840596373225627,-1.7205140427718106
9481,PENDLE,2025-05-31,30444351.0,12.0,29406005.0,12.0,2.0,1.0,True,2.0,1.0,True,0.33340158991182756,185681804278.63812,179348873787.01733,21.324970208895554,0.003496437793818067,0.0036198993860153002,3.0598786963730413,-5.656010601964438,-5.621309047449141,0.08908725555537794,-1.773697951140669,-1.9096629410062629
9481,PENDLE,2025-06-30,30025078.0,12.0,29076154.0,12.0,1.9394394804513833,1.0,False,2.0,1.0,True,0.3378880295512674,145660568667.0273,171954849133.73605,18.742088798971512,0.003863315125169011,0.00327256068035852,2.9307717326570875,-5.5562296233807,-5.722182517843796,0.006310952230631508,-1.9179107319591633,-2.1064548653220028
9481,PENDLE,2025-07-31,30431569.0,12.0,29480587.0,12.0,1.5499482118226533,1.0,False,1.690248917899034,1.0,False,0.3378509028682541,37470595511.96793,60730384578.08417,22.015330977274022,0.017879648149140556,0.011031727665602852,3.0917390732656806,-4.024092187890093,-4.506979824654897,-0.05657376036331041,-1.7226441661566012,-1.9453284487237075
9481,PENDLE,2025-08-31,33758301.0,12.0,32704776.0,12.0,1.6708765417750149,1.0,False,1.809841704436479,1.0,False,0.32602727200771187,70269372096.00499,111156870609.44368,23.07433848292586,0.01108520598160831,0.007007668168523596,3.138721111849087,-4.502143854074029,-4.9607502768510185,-0.04895778989151819,-1.9081392809761881,-2.049895264887036
9481,PENDLE,2025-09-30,36568192.0,12.0,35318734.0,12.0,1.7601001867027994,1.0,False,1.889676824042973,1.0,False,0.3260113562330923,104565127929.37996,157532503827.7029,20.74388792861016,0.007254488103454632,0.004815301338887884,3.032251645628738,-4.926134952894829,-5.335956652328336,-0.06319351703348988,-2.0094404412466673,-2.157073577904617
9481,PENDLE,2025-10-31,39625485.0,12.0,38275696.0,12.0,1.7443280886662333,1.0,False,1.867262362208169,1.0,False,0.34333243793470447,95330633182.8528,140634400730.95407,13.04121902744496,0.005420761529638992,0.0036745250540964783,2.568115035828945,-5.217518969776862,-5.6063313916497055,-0.13709866325483935,-2.0417533167447646,-2.0166591631051896
9481,PENDLE,2025-11-30,40934514.0,12.0,39626496.0,12.0,1.5355555887288062,1.0,False,1.6531100372753746,1.0,False,0.3423214467287843,46356737044.376015,69308602046.65833,10.689359025162107,0.009439053405498688,0.006313267094493669,2.369248763011214,-4.6628995786938265,-5.065101971843817,-0.13187171581455748,-1.9571850496571925,-1.9187373637859377
9481,PENDLE,2025-12-31,39250088.0,12.0,38102209.0,12.0,2.0,2.0,True,2.0,2.0,True,0.3536239601092175,208693160487.76468,202589874901.05377,7.904344497851645,0.0014866142062244635,0.001531400408211512,2.0674125447502667,-6.511254089533847,-6.481572662724289,-0.20940232205884615,-2.1644218493132605,-2.2892054176589673
9481,PENDLE,2026-01-31,31554447.0,12.0,30591475.0,12.0,2.0,2.0,True,2.0,2.0,True,0.35821565972552133,162723893117.17664,157757919452.58243,8.273171658289968,0.0016042841134917309,0.0016547844794053508,2.1130179492119265,-6.435077657111094,-6.404084502557241,-0.18022268591000673,-1.879550351852523,-1.973501364867612
9481,PENDLE,2026-02-28,29833884.0,12.0,28947021.0,12.0,2.0,2.0,True,2.0,2.0,True,0.36306575090076154,148995750006.6822,144566597642.94113,7.155584524589614,0.0014327850200373336,0.0014766819039766297,1.967893104233386,-6.548135162299413,-6.517957664926374,-0.2823218403347992,-2.170114871211836,-2.321954776231128
9481,PENDLE,2026-03-31,28965545.0,12.0,28140910.0,12.0,2.0,2.0,True,2.0,2.0,True,0.36400785773423167,143764611761.82504,139671703079.45044,6.391676906582733,0.0012877884396877994,0.0013255255071800002,1.8549966606568447,-6.654828919692066,-6.625946288980135,-0.2985457270099421,-1.993639020595362,-2.2056550094904512
9481,PENDLE,2026-04-30,29087371.0,12.0,28293664.0,12.0,1.326485409237503,2.0,False,1.4501771682299096,2.0,False,0.3692768968200112,12275577604.16961,19462842585.65497,8.285478396396382,0.01963270420339373,0.012382712492680643,2.1145043916854083,-3.930558521475884,-4.391453932923856,-0.2453854744037703,-1.505378313721554,-1.8769298372205803
9481,PENDLE,2026-05-31,25268694.0,12.0,24502862.0,12.0,0.7475873355350755,2.0,False,0.8127007003392042,2.0,False,0.36968955739759524,809392288.8166219,1072786469.8847427,9.213758978630633,0.28764748495586207,0.2170232965799648,2.2206979080025726,-1.2460195591288854,-1.5277505736927242,-0.2257317292613524,-0.7392228233759165,-1.0614376083821053
9543,BICO,2023-08-31,,,,,,,,,,,0.3481184077901553,,,,,,,,,,,
9543,BICO,2023-09-30,,,,,,,,,,,0.3553048280104959,,,,,,,,,,,
9543,BICO,2023-10-31,,,,,,,,,,,0.3180744975505458,,,,,,,,,,,
9543,BICO,2023-11-30,,,,,,,,,,,0.324066780168066,,,,,,,,,,,
9543,BICO,2023-12-31,,,,,,,,,,,0.3445704985160457,,,,,,,,,,,
9543,BICO,2024-01-31,,,,,,,,,,,0.34409833046236904,,,,,,,,,,,
9543,BICO,2024-02-29,,,,,,,,,,,0.3216658391421988,,,,,,,,,,,
9543,BICO,2024-03-31,,,,,,,,,,,0.3482805377403286,,,,,,,,,,,
9543,BICO,2024-04-30,,,,,,,,,,,0.35633572878727665,,,,,,,,,,,
9543,BICO,2024-05-31,,,,,,,,,,,0.3625532271526099,,,,,,,,,,,
9543,BICO,2024-06-30,,,,,,,,,,,0.3675068449560375,,,,,,,,,,,
9543,BICO,2024-07-31,,,,,,,,,,,0.36668243851076376,,,,,,,,,,,
9543,BICO,2024-08-31,,,,,,,,,,,0.36795895208371765,,,,,,,,,,,
9543,BICO,2024-09-30,,,,,,,,,,,0.36876392652057927,,,,,,,,,,,
9543,BICO,2024-10-31,,,,,,,,,,,0.3654739272449635,,,,,,,,,,,
9543,BICO,2024-11-30,,,,,,,,,,,0.41377333205018846,,,,,,,,,,,
9543,BICO,2024-12-31,,,,,,,,,,,0.4161588499007427,,,,,,,,,,,
9543,BICO,2025-01-31,,,,,,,,,,,0.3967476788690548,,,,,,,,,,,
9543,BICO,2025-02-28,,,,,,,,,,,0.4129951255157756,,,,,,,,,,,
9543,BICO,2025-03-31,,,,,,,,,,,0.41491941061386334,,,,,,,,,,,
9543,BICO,2025-04-30,,,,,,,,,,,0.4125329920146235,,,,,,,,,,,
9543,BICO,2025-05-31,,,,,,,,,,,0.41388491687548,,,,,,,,,,,
9543,BICO,2025-06-30,,,,,,,,,,,0.4335392094995612,,,,,,,,,,,
9543,BICO,2025-07-31,,,,,,,,,,,0.4293264101045918,,,,,,,,,,,
9543,BICO,2025-08-31,,,,,,,,,,,0.42421867263493757,,,,,,,,,,,
9543,BICO,2025-09-30,,,,,,,,,,,0.4224848017422844,,,,,,,,,,,
9543,BICO,2025-10-31,,,,,,,,,,,0.4311085913961064,,,,,,,,,,,
9543,BICO,2025-11-30,,,,,,,,,,,0.40926296635324483,,,,,,,,,,,
9543,BICO,2025-12-31,,,,,,,,,,,0.4143225404101982,,,,,,,,,,,
9543,BICO,2026-01-31,,,,,,,,,,,0.40359504670455015,,,,,,,,,,,
9543,BICO,2026-02-28,,,,,,,,,,,0.4104727444138463,,,,,,,,,,,
9640,METIS,2023-05-31,,,,,,,,,,,0.6557337564459802,,,,,,,,,,,
9640,METIS,2023-06-30,,,,,,,,,,,0.6345032714575822,,,,,,,,,,,
9640,METIS,2023-07-31,,,,,,,,,,,0.6354309519540521,,,,,,,,,,,
9640,METIS,2023-08-31,,,,,,,,,,,0.6347187920968016,,,,,,,,,,,
9640,METIS,2023-09-30,,,,,,,,,,,0.636302285075404,,,,,,,,,,,
9640,METIS,2023-10-31,,,,,,,,,,,0.5641476178100546,,,,,,,,,,,
9640,METIS,2023-11-30,,,,,,,,,,,0.5789948199213696,,,,,,,,,,,
9640,METIS,2023-12-31,,,,,,,,,,,0.7082179630489945,,,,,,,,,,,
9640,METIS,2024-01-31,,,,,,,,,,,0.7070579054129426,,,,,,,,,,,
9640,METIS,2024-02-29,,,,,,,,,,,0.6133020070462051,,,,,,,,,,,
9640,METIS,2024-03-31,,,,,,,,,,,0.5916038449275283,,,,,,,,,,,
9640,METIS,2024-04-30,,,,,,,,,,,0.6030755788918823,,,,,,,,,,,
9640,METIS,2024-05-31,,,,,,,,,,,0.604497992017011,,,,,,,,,,,
9640,METIS,2024-06-30,,,,,,,,,,,0.6130511428227918,,,,,,,,,,,
9640,METIS,2024-07-31,,,,,,,,,,,0.6121195007561874,,,,,,,,,,,
9640,METIS,2024-08-31,,,,,,,,,,,0.6169950102811163,,,,,,,,,,,
9640,METIS,2024-09-30,,1.0,,,,,False,,,,0.6174193230289019,,,,,,,,,,,
9640,METIS,2024-10-31,,2.0,,,,,False,,,,0.6131378043823906,,,,,,,,,,,
9640,METIS,2024-11-30,,3.0,,,,,False,,,,0.5959155147530197,,,,,,,,,,,
9640,METIS,2024-12-31,,4.0,,,,,False,,,,0.6008363287498456,,,,,,,,,,,
9640,METIS,2025-01-31,,5.0,,,,,False,,,,0.5841019017212395,,,,,,,,,,,
9640,METIS,2025-02-28,128926.0,6.0,,,,,False,,,,0.5865963067135007,,,1095.6729281871317,,,6.999123999783977,,,2.765407797516298,,
9640,METIS,2025-03-31,147631.0,7.0,,,,,False,,,,0.5918389715740823,,,650.4173228191321,,,6.477614191979676,,,2.486359419187351,,
9640,METIS,2025-04-30,160521.0,8.0,,,,,False,,,,0.5641871061754281,,,630.5905282130961,,,6.446656726720794,,,2.3540911045481376,,
9640,METIS,2025-05-31,171494.0,9.0,,,,,False,,,,0.5467102427704988,,,654.974241374865,,,6.484595908716715,,,1.9700872172424584,,
9640,METIS,2025-06-30,180063.0,10.0,,,,,False,,,,0.6268763411532579,,,569.1161014439746,,,6.344084458029042,,,1.8806370564509907,,
9640,METIS,2025-07-31,188983.0,11.0,,,,,False,,,,0.6027946950694555,,,524.1639605936127,,,6.261804537273661,,,1.6964906493196605,,
9640,METIS,2025-08-31,196590.0,12.0,,,,,False,,,,0.6092202625896226,,,528.993010158944,,,6.270975218460878,,,1.6785207718260287,,
9640,METIS,2025-09-30,197645.0,12.0,,,,,False,,,,0.6050714311975484,,,439.4297478829516,,,6.085477858803523,,,1.5932217255048882,,
9640,METIS,2025-10-31,187153.0,12.0,,,,,False,,,,0.6129255033400249,,,322.73153509708465,,,5.776820816926954,,,1.5714932017305954,,
9640,METIS,2025-11-30,167825.0,12.0,,,,,False,,,,0.5984393591474404,,,295.5517469162463,,,5.688843937982893,,,1.6786255721553174,,
9640,METIS,2025-12-31,140979.0,12.0,,,,,False,,,,0.6030826132423563,,,259.146263453212,,,5.5573926260606585,,,1.7061076052138335,,
9640,METIS,2026-01-31,116638.0,12.0,,,,,False,,,,0.5068756879217954,,,253.00188301265456,,,5.533396931437588,,,1.6088542578650935,,
9640,METIS,2026-02-28,100799.0,12.0,,,-0.21816390797822005,1.0,False,,,,0.49938382563874223,55903.42818793972,,234.6614810636304,423.116137890731,,5.458143969505563,6.047646699023524,,1.5868481225575386,1.1844208110155983,
9640,METIS,2026-03-31,85387.0,12.0,,,-0.42161876570638956,1.0,False,,,,0.5463290820805425,28239.344979462086,,246.64538579452798,745.7789680374706,,5.5079516200023395,6.614429266807349,,1.5102254453582495,1.2639949397016403,
9640,METIS,2026-04-30,76436.0,12.0,,,-0.5,1.0,True,,,,0.5468582071763355,20222.956262569893,,321.1375174026128,1213.792234996744,,5.7718694345150015,7.101504816113821,,1.468885739495227,1.4272167945110015,
9640,METIS,2026-05-31,67530.0,12.0,,,-0.5,1.0,True,,,,0.5443887266884494,17831.759034325365,,352.85662933495763,1336.290386894587,,5.86606182523962,7.197652685938335,,1.4327592447816877,1.3041208263845752,
9903,CVX,2022-10-31,192599353.0,12.0,117576778.0,12.0,2.0,1.0,True,1.7618470465138043,1.0,False,0.5413130732180987,335437733774.51074,93999449868.18065,1.9362708754888047,0.0011117548215448419,0.003967305323327477,0.6607638940924001,-6.80181559168623,-5.529668174611943,-0.7568706470650437,-1.2498885179751278,-1.0336922442903116
9903,CVX,2022-11-30,168884543.0,12.0,101797240.0,12.0,1.0718911302025251,1.0,False,0.6700768822198844,1.0,False,0.5423878119889173,10154468579.039938,1138432632.1452553,1.7815888832791602,0.029630583030956455,0.26429567799677317,0.5775055972015223,-3.5189482405414365,-1.330686810147396,-0.751792215932465,-0.7821444107028919,-0.6397485789806426
9903,CVX,2022-12-31,139965222.0,12.0,84802428.0,12.0,0.22483354139091594,1.0,False,0.05762864720684835,1.0,False,0.5269126529096865,287073831.88101584,101978317.2297452,1.6575868348479368,0.808170176304778,2.2750376317849,0.5053628307541512,-0.21298262839852006,0.8219965937100178,-0.8005348549224721,-0.2265363763179848,-0.44336517691426847
9903,CVX,2023-01-31,113863964.0,12.0,68191334.0,12.0,-0.21366659274819078,1.0,False,-0.3170282928940833,1.0,False,0.5753124175536057,66045557.09654897,30359428.420394454,3.8262411885793366,6.596522281049539,14.350434498267614,1.341882908388022,1.8865425830437954,2.6637802203721628,-0.743038718597136,0.020790966795188184,-0.2796319146516342
9903,CVX,2023-02-28,100549419.0,12.0,59854891.0,12.0,-0.3849072545503638,1.0,False,-0.4637087113082782,1.0,False,0.5715525207940002,37370872.03278921,17917744.755349677,4.5185367680935755,12.157496521978725,25.35677636697533,1.508188217561153,2.4979459772154606,3.233046006622342,-0.7504057128690421,0.06973119771534837,-0.25106496521232063
9903,CVX,2023-03-31,86819872.0,12.0,52978421.0,12.0,-0.5,1.0,True,-0.5,1.0,True,0.4862152591362654,21817911.479220834,13313524.577494126,4.742204912448079,18.870624894075185,30.924765346698823,1.5565021989508567,2.937606474575398,3.431557330430809,-0.6461568299516156,0.16095659517745806,-0.2668641377428504
9903,CVX,2023-04-30,71286573.0,12.0,45973754.0,12.0,-0.5,1.0,True,-0.5,1.0,True,0.48168580734620725,17840143.618600663,11505369.65840982,5.589739616479994,22.335772050945426,34.63368783895874,1.7209327058459778,3.1061895210723622,3.54482684535077,-0.5793743460022418,0.32774103344614386,4.9676057512459784e-05
9903,CVX,2023-05-31,64387164.0,12.0,42111361.0,12.0,-0.5,1.0,True,-0.5,1.0,True,0.48330754185124447,16137560.868828706,10554505.109228283,5.046518624195622,20.13507647941854,30.78600265217892,1.6186986242072805,3.0024633926283886,3.427060127336743,-0.6854376833123587,0.3791798308737137,-0.016756628166210413
9903,CVX,2023-06-30,61990624.0,12.0,40821063.0,12.0,-0.5,1.0,True,-0.5,1.0,True,0.4605292128158649,15206283.221795302,10013395.661136579,4.762062894367304,19.413241621460646,29.48083350933603,1.5606809555304348,2.9659553910398957,3.383740340643831,-0.7242839599731012,0.31740254708780075,-0.15720487949196066
9903,CVX,2023-07-31,58626839.0,12.0,38529821.0,12.0,-0.5,1.0,True,-0.5,1.0,True,0.4605178387929318,14380988.840091515,9451250.233902663,4.358499142271761,17.76825156718351,27.036108575245265,1.4721277646751094,2.8774132449331113,3.297173327180823,-0.7623953786260579,0.3409761183495868,-0.11305065794672366
9903,CVX,2023-08-31,54214582.0,12.0,35261576.0,12.0,-0.5,1.0,True,-0.5,1.0,True,0.45935200007505106,13283606.647907902,8639758.679119017,4.071063175674188,16.61529087806356,25.545966798609033,1.403904187866211,2.810323408608688,3.240479448948913,-0.6886901865685472,0.3111344162746171,-0.14150415933268182
9903,CVX,2023-09-30,50811899.0,12.0,32920736.0,12.0,-0.5,1.0,True,-0.5,1.0,True,0.46067712017402246,12465934.961376932,8076607.2894984735,4.9250833148599655,20.074935152205217,30.984895884022798,1.5943411912038017,2.999472029551405,3.4334998562026096,-0.6265244819544802,0.3146771395880386,0.035407156946269905
9903,CVX,2023-10-31,48268436.0,12.0,31033649.0,12.0,-0.04677629499974545,2.0,False,-0.14620136504942116,2.0,False,0.39662791129674424,42955059.76724088,20185987.326140564,4.767234216249522,5.356922814469886,11.399340341706496,1.5617663078559707,1.6783897084451782,2.433555488963632,-0.6471547655915313,-0.05845377041822916,-0.14071152046266466
9903,CVX,2023-11-30,46734060.0,12.0,30177427.0,12.0,-0.24280930212105012,2.0,False,-0.29637488185181393,2.0,False,0.4039112016139064,22934130.23277036,12695270.294989653,7.065116179657285,14.396951621704888,26.00823423014354,1.9551694603972187,2.6670164912346817,3.258413189041623,-0.6238391641010267,0.07058955221249072,-0.012419858522776139
9903,CVX,2023-12-31,46344097.0,12.0,30116696.0,12.0,-0.3631668255301048,2.0,False,-0.38713316262488817,2.0,False,0.39209259567923793,15918911.16726544,9647098.177976195,6.588548084975441,19.180979674485968,31.651000736816545,1.885333003295645,2.953919146069836,3.4547697669470825,-0.7942550840036002,0.20817255058469003,0.06258493225751909
9903,CVX,2024-01-31,44548655.0,12.0,28756324.0,12.0,-0.4453391508237097,2.0,False,-0.4633347840549339,2.0,False,0.3912333396541557,12001323.437301788,7337151.510156219,6.1302820203511965,22.7554752777105,37.2209594417267,1.8132407554724266,3.1248057879879227,3.616872028467218,-0.7499075858170966,0.2946861862300738,0.15406348474056628
9903,CVX,2024-02-29,41582350.0,12.0,26862526.0,12.0,-0.49564650523748477,2.0,False,-0.5,2.0,True,0.42385643294107916,9959315.325972319,6348154.344565355,11.229365302210965,46.885090288955666,73.55577273796779,2.4185322490953514,3.8476997206232944,4.2980439312274115,-0.472363672275633,0.45244090628613054,0.3833004587928104
9903,CVX,2024-03-31,39343604.0,12.0,25636546.0,12.0,-0.5,2.0,True,-0.5,2.0,True,0.4066056917516895,9124728.508666728,5945731.919982369,10.103423010961277,43.563496010889004,66.85553256308381,2.3128742784058867,3.7742195522109077,4.202534060977371,-0.5387625426618515,0.5543944381842328,0.4631404950998041
9903,CVX,2024-04-30,36411660.0,12.0,23772142.0,12.0,-0.5,2.0,True,-0.5,2.0,True,0.4183842283455463,8554470.413049635,5584971.555644939,6.271915474485683,26.696083191466442,40.89024474527331,1.8360818063127937,3.2845168576963317,3.710891519814087,-0.5798562841408331,0.5018923371573252,0.42587487327283113
9903,CVX,2024-05-31,33811126.0,12.0,22239742.0,12.0,-0.5,2.0,True,-0.5,2.0,True,0.4192113365271076,7950596.043449585,5229615.977667813,7.798348930302806,33.163671859755624,50.41879927711623,2.0539120356868996,3.5014550557337762,3.92036410705963,-0.5250623152725159,0.592739558094339,0.5553842450946224
9903,CVX,2024-06-30,31779514.0,12.0,20873297.0,12.0,-0.5,2.0,True,-0.5,2.0,True,0.4092085512049911,7391740.443181358,4855014.2591052875,10.250647596516815,44.07089254643351,67.09776355272862,2.3273408837366176,3.7857995315744604,4.20615071335852,-0.16345552030269847,0.743629752682592,0.654568219779894
9903,CVX,2024-07-31,28973708.0,12.0,18911593.0,12.0,-0.5,2.0,True,-0.5,2.0,True,0.40818039954490776,6731461.0630915975,4393730.0645307675,9.919668632484242,42.69646362365758,65.41357302182193,2.2945195167554124,3.7541160976867967,4.180729775489974,-0.11841570836851358,0.6861896477515619,0.5929176796876983
9903,CVX,2024-08-31,26809140.0,12.0,17856849.0,12.0,-0.5,2.0,True,-0.5,2.0,True,0.41290978595235706,6261099.890592882,4170350.683395053,7.668416703668752,32.83507060730295,49.29649149304391,2.037110166908314,3.4914971700077,3.8978529120464933,-0.2282899140426641,0.6108083598722365,0.48772914939381634
9903,CVX,2024-09-30,26351804.0,12.0,18186479.0,12.0,-0.5,2.0,True,-0.5,2.0,True,0.41130257388820596,6143449.702799773,4239850.8659036895,7.773807479846777,33.34508475739576,48.31628694538842,2.0507600675037247,3.506910377913271,3.87776870765636,-0.3678391007542663,0.5024564044883476,0.4688929694268181
9903,CVX,2024-10-31,26326151.0,12.0,18983751.0,12.0,-0.20864514771915377,3.0,False,-0.23601171512198105,3.0,False,0.40161674625521904,14248812.436571926,9487084.274119822,6.01918841825998,11.121071591190603,16.702925642690673,1.7949524359899447,2.4088416502937835,2.8155838922641214,-0.4965458141131175,0.16526392743847115,0.1736340267917022
9903,CVX,2024-11-30,25490330.0,12.0,19324871.0,12.0,-0.32123803952736485,3.0,False,-0.31812355505844647,3.0,False,0.49409325256228903,10684262.586831963,8168548.961332776,14.090147317797832,33.61603123850015,43.96894804443712,2.645475781341937,3.5150030733769673,3.783483658513465,-0.3594795410409732,0.2562926944732525,0.2367518853969272
9903,CVX,2024-12-31,27039107.0,12.0,21856265.0,12.0,-0.381485679569437,3.0,False,-0.3516140100922901,3.0,False,0.5572668783984687,10049549.09410827,8796158.151276235,16.19907198776639,43.58488492132532,49.79542582625887,2.7849539558917287,3.77471041413254,3.9079231289337213,-0.1797659116188861,0.3911165775435529,0.3583447696876196
9903,CVX,2025-01-31,28633658.0,12.0,24223836.0,12.0,-0.41740634048790437,3.0,False,-0.37630516433970107,3.0,False,0.5438360789550373,9563564.600296302,9049205.39021556,11.285918857864287,33.790448885745434,35.71110687146628,2.4235558298936253,3.5201781852116625,3.5754617572465777,-0.26405843166287885,0.4607697841267783,0.42797559831555737
9903,CVX,2025-02-28,28669618.0,12.0,25036336.0,12.0,-0.4402497254676365,3.0,False,-0.39239133792794345,3.0,False,0.5533574904280398,9048772.746125473,9012437.5911261,7.649076968403859,24.234901338486537,24.332608411364962,2.0345849828337297,3.187793798254868,3.1918173607227427,-0.4531785298713572,0.4952936799287274,0.46466336621928894
9903,CVX,2025-03-31,27850321.0,12.0,24871200.0,12.0,-0.46541918903197743,3.0,False,-0.41119881982344786,3.0,False,0.5498435250212665,8165794.084921397,8485713.00982766,7.460757358804568,25.44571724255272,24.48639107935603,2.0096569316905546,3.2365474476000062,3.1981174970734743,-0.4130328144697345,0.43319225935230493,0.33565074920706073
9903,CVX,2025-04-30,29221505.0,12.0,26681698.0,12.0,-0.47578550108330364,3.0,False,-0.4135197071766039,3.0,False,0.5661033177630749,8418377.026901115,9146953.490946678,9.800079937777493,34.01761218190312,31.308028972226257,2.2823905425593294,3.526878395847796,3.443874581335873,-0.276399482713632,0.49001805855387826,0.43314653994177804
9903,CVX,2025-05-31,30623594.0,12.0,28421585.0,12.0,-0.4766498188932179,3.0,False,-0.41013786814120967,3.0,False,0.5479152542696923,8681232.502871456,9712244.886500781,8.72354639013149,30.77285890029895,27.506137459822884,2.1660258513584356,3.4266330969548213,3.3144091601286902,-0.40185464211907373,0.4476315730978866,0.28829625240439066
9903,CVX,2025-06-30,32397284.0,12.0,30432432.0,12.0,-0.46663882666514445,3.0,False,-0.39328364151620754,3.0,False,0.5662094872762272,9581044.314296948,11021544.36927687,7.081783199920283,23.946297922021632,20.816551099117813,1.9575257403886364,3.175813736628,3.0357483962043745,-0.5281201169113908,0.2949995700835124,0.07063343449445568
9903,CVX,2025-07-31,34710820.0,12.0,32865112.0,12.0,-0.45554199429205766,3.0,False,-0.3766038743335949,3.0,False,0.5504003365929453,10471614.15776519,12320696.504654266,11.88525202125472,39.3966810989198,33.48405209141911,2.4752983055730073,3.6736815766878057,3.5110692685073603,-0.39746904558350027,0.3333446307271333,0.08570839650730692
9903,CVX,2025-08-31,37438333.0,12.0,35668439.0,12.0,-0.44029066343612633,3.0,False,-0.35559253082130315,3.0,False,0.5485030265053871,11773545.06086027,14126793.985796992,9.214848540831953,29.302012812020706,24.420867789470176,2.2208161548317418,3.377656210319511,3.195438004065509,-0.5551942193033598,0.22834426270717237,0.01952523945642065
9903,CVX,2025-09-30,38568738.0,12.0,36873841.0,12.0,-0.42863095902987836,3.0,False,-0.3396934416029358,3.0,False,0.5516577200785285,12557898.82378508,15262557.035135405,7.96741394147901,24.470104844643906,20.133788862445687,2.075359966056043,3.1974521620650953,3.0023994416348674,-0.5823197962010749,0.2103348696456588,-0.03556806003978658
9903,CVX,2025-10-31,39476161.0,12.0,37918820.0,12.0,-0.41039653216201144,3.0,False,-0.31423115161116855,3.0,False,0.558522449720962,13579147.242587326,16847030.257522468,5.45418941667191,15.855963242063781,12.78032129377205,1.6963840136831654,2.7635456593498153,2.5479065889911254,-0.6012834886968396,0.22788985637960502,0.044125654228236534
9903,CVX,2025-11-30,39222918.0,12.0,37841364.0,12.0,-0.3853187029694647,3.0,False,-0.2809756585465605,3.0,False,0.552876130311064,14386862.917187765,18275155.126316383,4.528558017444758,12.346212012924271,9.719384516780341,1.5104035703760068,2.513349296424635,2.2741222951485733,-0.6002833172578791,0.164141250075412,-0.023363678520363848
9903,CVX,2025-12-31,35728801.0,12.0,34617635.0,12.0,-0.36564441432058503,3.0,False,-0.2581837045477777,3.0,False,0.5485666151028531,13776942.165859336,17697648.19494674,4.445890250233647,11.529868246966698,8.975561400513884,1.4919801301796645,2.4449409072396775,2.1945054840073643,-0.5252340680585579,0.21399853881762856,-0.0786262953942369
9903,CVX,2026-01-31,33284320.0,12.0,32320876.0,12.0,-0.3363316147933618,3.0,False,-0.22031715479179625,3.0,False,0.4827762923048645,13285734.188570106,17676973.22967086,5.660116942494776,14.18010784180033,10.657545333337902,1.7334445532198097,2.6518401262795988,2.3662681233040956,-0.37876384604718744,0.3211166789826536,0.07410179323476361
9903,CVX,2026-02-28,32011857.0,12.0,31110286.0,12.0,-0.31717339494821006,3.0,False,-0.19597765282348456,3.0,False,0.46867097006923925,13332260.634783057,18064972.40060713,5.476959560567524,13.150631468323628,9.705392422397388,1.7005501222737827,2.5764697778756696,2.2726816508779324,-0.42549477860151325,0.25996951696215786,-0.040938251205929234
9903,CVX,2026-03-31,30873230.0,12.0,30039668.0,12.0,-0.29153079797482484,3.0,False,-0.17231445083266972,3.0,False,0.5035814827439978,14102580.578167707,18881109.22714613,5.5887187944058665,12.234767941133276,9.138329674876555,1.7207500649057976,2.5042817299091458,2.212477619846026,-0.3650183156636403,0.2549440937656225,-0.030107812902869836
9903,CVX,2026-04-30,28635844.0,12.0,27878550.0,12.0,-0.26215112931961604,3.0,False,-0.15357839927801697,3.0,False,0.4959936472545499,14088883.65373918,18387652.33547081,5.702032456482593,11.589457044273145,8.880008656232379,1.7408226825967974,2.450095809340862,2.183802531804547,-0.4205366527930017,0.19075731433623827,-0.07396737362358852
9903,CVX,2026-05-31,26141615.0,12.0,25502439.0,12.0,-0.2595239107674483,3.0,False,-0.1539536686661268,3.0,False,0.4923163819329663,12925853.128134642,16782316.38567796,5.945425946791197,12.02419945293432,9.261119415235436,1.782622175480479,2.4869212402151515,2.2258249285262757,-0.4250382086226393,0.1641377827546175,-0.061698066034121625
10804,FLOKI,2024-07-31,,,,,,,,,,,0.8525856619369659,,,,,,,,,,,
10804,FLOKI,2024-08-31,,,,,,,,,,,0.8595023496759707,,,,,,,,,,,
10804,FLOKI,2024-09-30,,,,,,,,,,,0.8568349544400248,,,,,,,,,,,
10804,FLOKI,2024-10-31,,,,,,,,,,,0.8383585289824459,,,,,,,,,,,
10804,FLOKI,2024-11-30,,,,,,,,,,,0.7722337595300061,,,,,,,,,,,
10804,FLOKI,2024-12-31,,,,,,,,,,,0.7845534030162191,,,,,,,,,,,
10804,FLOKI,2025-01-31,,,,,,,,,,,0.7758485064102616,,,,,,,,,,,
10804,FLOKI,2025-02-28,,,,,,,,,,,0.7742838766651218,,,,,,,,,,,
10804,FLOKI,2025-03-31,,,,,,,,,,,0.7845800883217663,,,,,,,,,,,
10804,FLOKI,2025-04-30,,,,,,,,,,,0.7911275940379074,,,,,,,,,,,
10804,FLOKI,2025-05-31,,,,,,,,,,,0.7818963389963102,,,,,,,,,,,
10804,FLOKI,2025-06-30,,,,,,,,,,,0.7848727570167826,,,,,,,,,,,
10804,FLOKI,2025-07-31,,,,,,,,,,,0.7865190914462576,,,,,,,,,,,
10804,FLOKI,2025-08-31,,,,,,,,,,,0.7861787847091826,,,,,,,,,,,
10804,FLOKI,2025-09-30,,,,,,,,,,,0.7861570357908043,,,,,,,,,,,
10804,FLOKI,2025-11-30,,,,,,,,,,,0.7755405153280722,,,,,,,,,,,
10804,FLOKI,2025-12-31,,,,,,,,,,,0.7784130377420155,,,,,,,,,,,
10804,FLOKI,2026-01-31,,,,,,,,,,,0.7695315301166807,,,,,,,,,,,
10804,FLOKI,2026-02-28,,,,,,,,,,,0.7720918618951489,,,,,,,,,,,
10804,FLOKI,2026-03-31,,,,,,,,,,,0.8442520163759407,,,,,,,,,,,
10804,FLOKI,2026-04-30,,,,,,,,,,,0.8386282636309145,,,,,,,,,,,
10804,FLOKI,2026-05-31,,,,,,,,,,,0.8437879074770906,,,,,,,,,,,
11156,ETHDYDX,2022-09-30,,,,,,,,,,,0.2923390721636228,,,,,,,,,,,
11156,ETHDYDX,2022-10-31,,,,,,,,,,,0.3145386130772072,,,,,,,,,,,
11156,ETHDYDX,2022-11-30,,,,,,,,,,,0.28913232035984177,,,,,,,,,,,
11156,ETHDYDX,2022-12-31,,,,,,,,,,,0.28613514445482213,,,,,,,,,,,
11156,ETHDYDX,2023-01-31,,,,,,,,,,,0.6195143266751435,,,,,,,,,,,
11156,ETHDYDX,2023-02-28,,,,,,,,,,,0.6162467463759621,,,,,,,,,,,
11156,ETHDYDX,2023-03-31,,,,,,,,,,,0.5566769955742287,,,,,,,,,,,
11156,ETHDYDX,2023-04-30,,,,,,,,,,,0.5551707627475931,,,,,,,,,,,
11156,ETHDYDX,2023-05-31,,,,,,,,,,,0.5562457851286398,,,,,,,,,,,
11156,ETHDYDX,2023-06-30,,,,,,,,,,,0.5468301210642333,,,,,,,,,,,
11156,ETHDYDX,2023-07-31,,,,,,,,,,,0.5437057343738656,,,,,,,,,,,
11156,ETHDYDX,2023-08-31,,,,,,,,,,,0.5322495761702892,,,,,,,,,,,
11156,ETHDYDX,2023-09-30,,,,,,,,,,,0.5284502861046896,,,,,,,,,,,
11156,ETHDYDX,2023-10-31,,,,,,,,,,,0.5016488651096193,,,,,,,,,,,
11156,ETHDYDX,2023-11-30,,1.0,,1.0,,,False,,,False,0.5093688108054996,,,,,,,,,,,
11156,ETHDYDX,2023-12-31,,2.0,,2.0,,,False,,,False,0.4987703095745167,,,,,,,,,,,
11156,ETHDYDX,2024-01-31,,3.0,,3.0,,,False,,,False,0.49836330457493694,,,,,,,,,,,
11156,ETHDYDX,2024-02-29,,4.0,,4.0,,,False,,,False,0.4544723330115768,,,,,,,,,,,
11156,ETHDYDX,2024-03-31,,5.0,,5.0,,,False,,,False,0.44811340419743867,,,,,,,,,,,
11156,ETHDYDX,2024-04-30,26735426.0,6.0,26735426.0,6.0,,,False,,,False,0.456534838323411,,,20.922496109959376,,,3.0408249489986887,,,0.40914951781508835,,
11156,ETHDYDX,2024-05-31,29090162.0,7.0,29090162.0,7.0,,,False,,,False,0.45352981237802964,,,16.92106504169189,,,2.828559297923549,,,0.13309248867954873,,
11156,ETHDYDX,2024-06-30,30596257.0,8.0,30596257.0,8.0,,,False,,,False,0.45748390573119196,,,11.195099322634874,,,2.4154761220644994,,,-0.0975130035945562,,
11156,ETHDYDX,2024-07-31,32179970.0,9.0,32179970.0,9.0,,,False,,,False,0.4569679721795764,,,8.505935006157113,,,2.1407641558613975,,,-0.23535487328484395,,
11156,ETHDYDX,2024-08-31,33435561.0,10.0,33435561.0,10.0,,,False,,,False,0.45831448574682654,,,6.26667066919332,,,1.8352452198686515,,,-0.38433746357322784,,
11156,ETHDYDX,2024-09-30,34105849.0,11.0,34105849.0,11.0,,,False,,,False,0.45857570092962446,,,6.423371909813719,,,1.8599431994194855,,,-0.5104221460186039,,
11156,ETHDYDX,2024-10-31,,,,,,,,,,,0.5571140721645762,,,,,,,,,,,
11156,ETHDYDX,2024-11-30,,,,,,,,,,,0.5660839067528207,,,,,,,,,,,
11156,ETHDYDX,2024-12-31,,,,,,,,,,,0.5678205828464226,,,,,,,,,,,
11156,ETHDYDX,2025-01-31,,,,,,,,,,,0.5659072462978741,,,,,,,,,,,
11156,ETHDYDX,2025-02-28,,,,,,,,,,,0.5700096630405649,,,,,,,,,,,
11156,ETHDYDX,2025-03-31,,,,,,,,,,,0.5704947072458258,,,,,,,,,,,
11156,ETHDYDX,2025-04-30,,,,,,,,,,,0.5603424424096619,,,,,,,,,,,
11156,ETHDYDX,2025-05-31,,,,,,,,,,,0.548852949938008,,,,,,,,,,,
11156,ETHDYDX,2025-06-30,,,,,,,,,,,0.60710687809555,,,,,,,,,,,
11156,ETHDYDX,2025-07-31,,,,,,,,,,,0.5786557236817218,,,,,,,,,,,
11156,ETHDYDX,2025-08-31,,,,,,,,,,,0.5608542458915944,,,,,,,,,,,
11156,ETHDYDX,2025-09-30,,,,,,,,,,,0.559590107564729,,,,,,,,,,,
11289,SPELL,2022-12-31,31080657.0,12.0,15540307.0,12.0,,,False,,,False,0.2506043369007873,,,1.8189615184231054,,,0.598265743964822,,,-0.7535010491164669,,
11289,SPELL,2023-01-31,13809922.0,12.0,6904950.0,12.0,,,False,,,False,0.3768457164268524,,,6.159182415226173,,,1.8179440439357666,,,-0.47783854271308407,,
11289,SPELL,2023-02-28,10628999.0,12.0,5314490.0,12.0,-0.5,1.0,True,-0.5,1.0,True,0.3782617855077985,2385751.6494307173,1192873.6923752697,8.19760439054218,36.52196107262873,73.04405271606679,2.1038419640919583,3.5979137528783887,4.2910627210024295,-0.4039275657644754,0.3423660495005478,0.019887790685439024
11289,SPELL,2023-03-31,7778999.0,12.0,3889497.0,12.0,-0.5,1.0,True,-0.5,1.0,True,0.3588526617388495,1704893.5079839744,852446.2060765332,11.176204438231217,50.99420153907549,101.98846863187364,2.4137869143993087,3.9317119309482784,4.6248597542646515,-0.09985104492369858,0.428309302281255,0.09208735089724825
11289,SPELL,2023-04-30,6028541.0,12.0,3014276.0,12.0,-0.5,1.0,True,-0.5,1.0,True,0.3561335003196322,1316714.0965315152,658358.2495394209,12.11277355841108,55.458016446358684,110.91583050973021,2.4942605617635922,4.015626274065859,4.708771629973709,-0.08833635233152631,0.551905172271752,0.27968818240254717
11289,SPELL,2023-05-31,3867432.0,12.0,1933728.0,12.0,-0.5,1.0,True,-0.5,1.0,True,0.35245043116521185,840737.9711343957,420371.594237668,16.442818110787613,75.63769344928777,151.27444813953454,2.7998887928687792,4.325954749529539,5.019095724440482,0.085039684238483,0.7062444255143618,0.37339635920673087
11289,SPELL,2023-06-30,3800987.0,12.0,1900514.0,12.0,-0.5,1.0,True,-0.5,1.0,True,0.3384298052915087,811292.1479525386,405650.4495474126,13.509873895871236,63.29514611899091,126.58892676475146,2.6034208177961413,4.1478086456253624,4.840945039571495,-0.021141603719912742,0.6215424338971233,0.2379114647741026
11289,SPELL,2023-07-31,3777167.0,12.0,1888607.0,12.0,-0.5,1.0,True,-0.5,1.0,True,0.3345879082457322,802073.109805051,401041.5450758697,13.346215752423008,62.850736545930395,125.69990898423141,2.5912328804247005,4.140762654075471,4.833897391524591,-0.06904074016195699,0.6904926189466969,0.32892407731033824
11289,SPELL,2023-08-31,3535297.0,12.0,1767677.0,12.0,-0.5,1.0,True,-0.5,1.0,True,0.33011472446543977,746181.2600006951,373096.6453834709,11.8251883440347,56.02600215001633,112.05019770181221,2.4702318618650816,4.025815907077503,4.718946964652449,-0.028485673216804307,0.6652789815035688,0.30497435838197295
11289,SPELL,2023-09-30,3270969.0,12.0,1635514.0,12.0,-0.5,1.0,True,-0.5,1.0,True,0.33941817055202445,699081.9476641208,349547.27866633306,16.116903128108273,75.41017284768151,150.81762532721086,2.779868604981367,4.322942184317505,5.016071327571716,0.12027748067057967,0.7033038168493343,0.46047839086908077
11289,SPELL,2023-10-31,3011479.0,12.0,1505773.0,12.0,-0.5,1.0,True,-0.5,1.0,True,0.3191038722047986,626021.2166383151,313017.57224311563,17.76352998626725,85.45157272268722,170.89934324187337,2.8771474783017963,4.447949814572884,5.14107474717603,0.1799542045672858,0.7755804537337209,0.6278320644572585
11289,SPELL,2023-11-30,2846916.0,12.0,1423489.0,12.0,-0.5,1.0,True,-0.5,1.0,True,0.3256020389299577,597184.0010533757,298598.5032489433,21.451491396608677,102.2642836598852,204.52411320344993,3.065794171936424,4.627560478661893,5.320685881506973,0.1676146248601412,0.6994067283131408,0.6225374374651715
11289,SPELL,2023-12-31,2702047.0,12.0,1351061.0,12.0,-0.5,1.0,True,-0.5,1.0,True,0.3311846477608135,571140.715930949,285578.2844659564,25.293828081106405,119.6642270086944,239.32181122551947,3.230560416609605,4.784689712498375,5.477809136709469,0.20677727699486467,0.8215764336985255,0.7569082677361815
11289,SPELL,2024-01-31,2415889.0,12.0,1207982.0,12.0,-0.5,1.0,True,-0.5,1.0,True,0.33086048060620743,510429.7405417365,255222.79328192974,21.62521536262779,102.35320508901975,204.70005537276782,3.0738600117338,4.628429626604975,5.321545763174133,0.23352155975484817,0.8080160853222338,0.7519517065471881
11289,SPELL,2024-02-29,2201522.0,12.0,1100797.0,12.0,-0.5,2.0,True,-0.5,2.0,True,0.5634102128992992,589982.0173446567,295000.6562491522,67.49721139237167,251.86631363401273,503.71615340901093,4.2120862843194855,5.528898445293411,6.222012921741084,0.9069233100472459,0.8722348831111074,0.8582799457531929
11289,SPELL,2024-03-31,1903008.0,12.0,951541.0,12.0,-0.5,2.0,True,-0.5,2.0,True,0.5493129928833408,504459.9662902077,252239.7913113085,72.44519334211846,273.28983805285225,546.5584227408826,4.2828303220815815,5.610532909852884,6.303641205362812,1.4005652218945441,1.036680728256434,1.0250046332722784
11289,SPELL,2024-04-30,1842215.0,12.0,921145.0,12.0,-0.5,2.0,True,-0.5,2.0,True,0.5509887385637576,488986.2989134546,244503.10322770907,47.507345091863044,178.97995083477048,357.9453290492558,3.8608843325989723,5.187273793057895,5.880380262586096,1.0823581542393717,0.9681265118209127,0.9385011545660663
11289,SPELL,2024-05-31,1813633.0,12.0,906850.0,12.0,-0.5,2.0,True,-0.5,2.0,True,0.553057707147856,482177.4047761707,241097.60878924822,57.78006173292003,217.3304382637048,434.64481969401504,4.05664376345081,5.381418952297295,6.07452919111519,1.1764960221948453,1.0559463598145569,1.0772680273806463
11289,SPELL,2024-06-30,1483369.0,12.0,741710.0,12.0,-0.5,2.0,True,-0.5,2.0,True,0.5550468694617995,394982.203264593,197497.89161252615,69.24815361895995,260.06377891611476,520.1096758396383,4.237696482169901,5.560926904457056,6.254039704412243,1.265866716275721,1.2481965504430448,1.2174528022428723
11289,SPELL,2024-07-31,1167245.0,12.0,583646.0,12.0,-0.5,2.0,True,-0.5,2.0,True,0.5543573285917298,310640.54414031643,155326.52615802092,80.65019937992494,303.04653964518576,606.0686754781921,4.390121276730902,5.713886389903414,6.406993305520027,1.4754013682122937,1.285477294818844,1.258604607280723
11289,SPELL,2024-08-31,1109499.0,12.0,554769.0,12.0,-0.5,2.0,True,-0.5,2.0,True,0.5518325892588591,294692.8738370208,147351.616293201,70.57525606551465,265.7111283686413,531.4035773698226,4.256679602408063,5.582409735097729,6.275521765274869,1.4875026319243176,1.212641059473674,1.2002080003137547
11289,SPELL,2024-09-30,1074286.0,12.0,537161.0,12.0,-0.5,2.0,True,-0.5,2.0,True,0.5525627119991233,285502.5141657575,142756.04076734916,81.89671842492194,308.16015160817756,616.2996506271726,4.405458921984506,5.730619620588409,6.4237332910804374,1.391649652640948,1.130700273939134,1.216717557491739
11289,SPELL,2024-10-31,1040164.0,12.0,520095.0,12.0,-0.5,2.0,True,-0.5,2.0,True,0.5465157435154148,275125.6150603357,137566.2460581267,76.3040407435164,288.48174030808883,576.9490591638506,4.3347258955187735,5.66463179211876,6.357753976932788,1.310679536345907,1.0765043252582962,1.1485918837171112
11289,SPELL,2024-11-30,1008872.0,12.0,504443.0,12.0,-0.5,2.0,True,-0.5,2.0,True,0.5775762197597537,273245.84301143535,136624.8174061898,146.73786025184577,541.7821435688033,1083.5492508500377,4.988647731278521,6.29486397150139,6.987997275273336,1.1614963905775397,1.0426378376288283,1.134105703337519
11289,SPELL,2024-12-31,,,,,,,,,,,0.5791830490090687,,,,,,,,,,,
11289,SPELL,2025-01-31,,,,,,,,,,,0.5758459917220387,,,,,,,,,,,
11289,SPELL,2025-02-28,,,,,,,,,,,0.5999177266357082,,,,,,,,,,,
11289,SPELL,2025-03-31,,,,,,,,,,,0.60276257966101,,,,,,,,,,,
11289,SPELL,2025-04-30,,,,,,,,,,,0.5998928490123557,,,,,,,,,,,
11289,SPELL,2025-05-31,391843.0,7.0,195915.0,7.0,-0.5,3.0,True,-0.5,3.0,True,0.5806359643558403,106366.35724294354,53181.4141869353,220.14095946402907,810.9772320419121,1622.0082767271465,5.394268066012335,6.698239979790275,7.391420337453428,1.3712329168169421,1.2477639135759344,1.2911372094121376
11289,SPELL,2025-06-30,380858.0,7.0,190424.0,7.0,-0.5,3.0,True,-0.5,3.0,True,0.6518486620126124,108485.87427599213,54241.51290804322,193.5724634846303,679.5688543770563,1359.1733958972445,5.26565193065926,6.52145855940246,7.214631996812162,1.2884457161543728,1.1428666259436162,1.109440280822137
11289,SPELL,2025-07-31,396338.0,7.0,198161.0,7.0,-0.5,3.0,True,-0.5,3.0,True,0.6576973715621255,113306.50497118826,56650.96541738524,195.00437082848924,682.1112551752839,1364.2775856685307,5.273021972817618,6.525192775294635,7.2183803262529915,1.1496882118484253,1.094951201382906,1.0248003461232067
11289,SPELL,2025-08-31,614011.0,7.0,306997.0,7.0,-0.5,3.0,True,-0.5,3.0,True,0.6927234826483456,179236.61974184215,89615.82862666357,129.7892920846762,444.6192588154478,889.2631384819131,4.865912305371488,6.097218317765681,6.790393185509313,0.9036104428387409,0.965710647780645,0.931651554892529
11289,SPELL,2025-09-30,737211.0,7.0,368593.0,7.0,-0.5,3.0,True,-0.5,3.0,True,0.6898366393270802,214842.50743658142,107417.61089236579,99.5767690799571,341.6879200773321,683.3990153044957,4.600928895216262,5.833897806074128,6.527078898802916,0.7878344531928376,0.9307453073331655,0.8612066558422176
11289,SPELL,2025-10-31,839229.0,7.0,419265.0,7.0,-0.5,3.0,True,-0.5,3.0,True,0.693214627496589,245049.32886658583,122422.61274008537,64.61510204710066,221.28959800338572,442.9481307592654,4.168448161285676,5.399472241900701,6.0934526768677975,0.7150567994022607,0.9774906992433859,0.9401759736325708
11289,SPELL,2025-11-30,983477.0,7.0,491343.0,7.0,-0.5,3.0,True,-0.5,3.0,True,0.6803601744733938,285030.5953131392,142400.67413162056,46.15636661761075,159.25913118947,318.7746494095293,3.832034906311768,5.070532631517859,5.764484424963587,0.6659274752714943,0.9200543122295788,0.8780313861667554
11289,SPELL,2025-12-31,1106951.0,8.0,553045.0,8.0,-0.5,3.0,True,-0.5,3.0,True,0.6772817553094793,320232.54514348507,159991.73218044767,38.17889370536013,131.97335875748013,264.1521783036667,3.6422828421145725,4.882600074621593,5.576525370041084,0.6549807456048307,0.8613469122177132,0.7830790079364662
11289,SPELL,2026-01-31,1194810.0,9.0,596931.0,9.0,-0.5,3.0,True,-0.5,3.0,True,0.7044403098002664,351105.09038436454,175413.25625683507,31.26644769989707,106.39966608122305,212.96830794598722,3.4425455641179608,4.66720243856825,5.3611433656532705,0.5152052810788732,0.8091965209669236,0.7733115360989546
11289,SPELL,2026-02-28,1263415.0,10.0,630981.0,10.0,-0.5,3.0,True,-0.5,3.0,True,0.6893223413567037,368082.6307756544,183829.65727765876,24.17481831615792,82.97818350881232,166.14744614780176,3.185311525950535,4.41857772395425,5.112875623919918,0.36965477509626365,0.7505636621823153,0.6960422065337347
11289,SPELL,2026-03-31,1295850.0,11.0,647016.0,11.0,-0.4497707514539675,3.0,False,-0.450028066949159,3.0,False,0.7273866074679659,442465.3139386207,220770.68897530017,21.710149146799694,63.5826038462826,127.43130395823475,3.077779853825133,4.152339908501928,4.847577426913219,0.3069188939541788,0.6595462362268669,0.6185128073718241
11289,SPELL,2026-04-30,1394006.0,12.0,695871.0,12.0,-0.38621329838562224,3.0,False,-0.38654613445362707,3.0,False,0.719646641594031,559307.4403491248,278964.1093057484,20.400235964904567,50.84511537829975,101.94161323213184,3.015546467690361,3.928784058456767,4.624400230096976,0.17694876768546047,0.583829198829759,0.5952545894081186
11289,SPELL,2026-05-31,1521617.0,12.0,759637.0,12.0,-0.2672414603652057,3.0,False,-0.2676192713436256,3.0,False,0.721709192119893,817412.0340883075,407710.2543552018,17.269519795939694,32.14730614120066,64.45164089604926,2.84894308609393,3.470328656852671,4.165915189046345,0.06009404314611182,0.4021194620041355,0.45503190197091536
11841,ARB,2024-03-31,83175282.0,12.0,23549227.0,12.0,0.7825184921497568,2.0,False,0.55969548409431,2.0,False,0.17323799285899052,11923958646.927237,969290999.978047,53.074668792217246,0.370221054480667,4.554360397392786,3.9716997671971166,-0.9936550072004622,1.5160851031560094,1.0942720305178268,-0.6978322164979074,-0.25525186888034657
11841,ARB,2024-04-30,76487013.0,12.0,23283930.0,12.0,0.636346031413894,2.0,False,0.5153286372559545,2.0,False,0.24437865227269526,2835332250.893892,442038264.73312116,35.46798940647619,0.9567981198541134,6.137117039980405,3.5686305828393636,-0.04416286082311699,1.8143550944293443,0.8424392504378276,-0.3137369281689034,-0.022255783464259722
11841,ARB,2024-05-31,67484704.0,12.0,23231164.0,12.0,0.4659247920965748,2.0,False,0.4632976825068591,2.0,False,0.24602859590867826,960097027.7972168,325626747.11970896,48.070709241545195,3.3788643129941227,9.962442007391822,3.872673036145791,1.2175396509608385,2.298822223009486,1.0201910510615912,0.030002607678299317,0.1625376532307893
11841,ARB,2024-06-30,67508953.0,12.0,26014437.0,12.0,0.40275819538446744,2.0,False,0.4849717946296219,2.0,False,0.270382193838093,592643175.1064601,359514948.41133827,38.34024200338662,4.367399649798211,7.1994491657516395,3.6465000496316575,1.4741677861847102,1.9740045183386548,0.8235353472333538,0.08656556383023836,0.04103853898719035
11841,ARB,2024-07-31,60505877.0,12.0,22124957.0,12.0,0.31438728150628736,2.0,False,0.36230869742571814,2.0,False,0.27347398092560543,322498111.2677201,153225083.42673075,36.2939191566869,6.809327966945664,14.3318271345078,3.5916502108936617,1.9182934320240161,2.6624827378647895,0.8681214717199581,0.12480454557539973,0.1389385383277906
11841,ARB,2024-08-31,59111773.0,12.0,23007213.0,12.0,0.28612333947525226,2.0,False,0.3785892909542765,2.0,False,0.2831992403346851,260723096.49598432,166791093.0698641,30.368466469288993,6.885212397430894,10.762768342424565,3.413404782863055,1.9293759810048454,2.376092802537061,0.835626359690824,0.16117903152118884,0.03172708976009818
11841,ARB,2024-09-30,57710740.0,12.0,22674620.0,12.0,0.3504921449821856,2.0,False,0.5062049229211769,2.0,False,0.28578201515736784,355522545.24681437,324422973.9802323,37.8777354743836,6.148561245907415,6.737969623212081,3.6343634849676256,1.8162181106944257,1.9077586366946027,0.8154682243263142,0.024800858689430196,-0.10975685916560486
11841,ARB,2024-10-31,55970138.0,12.0,22074226.0,12.0,0.410102955197013,2.0,False,0.6142974222248727,2.0,False,0.2784348242707978,492322455.77124256,587885813.8659229,37.401829457400595,4.252061898951584,3.5608710174806286,3.621719619197417,1.4474040179822973,1.2700051827692838,0.8033260112628479,-0.10382614667035524,-0.25177584069058695
11841,ARB,2024-11-30,51073217.0,12.0,21423072.0,12.0,0.4466981155589853,2.0,False,0.8036409657838757,2.0,False,0.4105917151538747,325106779.4136837,732700732.7478864,78.09616038298802,12.26865263560625,5.443726159722004,4.35794089280725,2.507047443044257,1.6944637822239206,0.7520983857712893,-0.02882985067395738,-0.34823235431356897
11841,ARB,2024-12-31,42937874.0,12.0,22179270.0,12.0,0.40214079447177276,2.0,False,1.0058729393558026,2.0,False,0.4197331687848732,216954851.90766552,1812052127.1449718,70.72074588988352,13.996453407265543,1.6757787652556286,4.258738965359225,2.638803969469826,0.5162779917094553,0.7684252695255219,0.0951450223555079,-0.4940588635381768
11841,ARB,2025-01-31,37618631.0,12.0,21500674.0,12.0,0.21023994200184237,3.0,False,0.343467594603752,3.0,False,0.41625146828179965,84151366.02577397,84408133.53186218,74.02402409569628,33.091351680948485,32.99068858737353,4.304389690458622,3.4992719697226438,3.4962253576317397,1.1465821833348488,0.4557285057956561,0.40812673878684574
11841,ARB,2025-02-28,30186162.0,12.0,21088171.0,12.0,0.07558422111840679,3.0,False,0.3115469962933739,3.0,False,0.4216330632207462,40382999.71557082,71173057.69820179,61.75941112830998,46.164960564456074,26.19361384259973,4.123246370831524,3.83222108099388,3.265515634590394,0.9009324888958848,0.6547643931370474,0.4830921686902356
11841,ARB,2025-03-31,20168272.0,12.0,18530200.0,12.0,-0.08325721928067997,3.0,False,0.24163618301457768,3.0,False,0.4257025073473164,16009190.031065768,46345390.38906081,75.10104612321129,94.6118025183212,32.68196282267125,4.318834488409573,4.549782230625776,3.486823330081404,1.085462154045949,0.7874320800145136,0.4127616774164878
11841,ARB,2025-04-30,19268980.0,12.0,17679647.0,12.0,-0.12298482775689112,3.0,False,0.20358561546653342,3.0,False,0.4209682911549065,13548571.987954449,38241174.12235852,80.4426977094923,114.4067976085115,40.53350266784784,4.387545101257719,4.739760496835241,3.7021288585159504,1.0533880492287797,0.7950917561373367,0.49398864491382694
11841,ARB,2025-05-31,19575091.0,12.0,18022363.0,12.0,-0.14577172864060428,3.0,False,0.18431903778241265,3.0,False,0.4205538069543844,12859199.110524643,36156815.20151408,84.47018115338805,128.58588382154653,45.73166839082704,4.436398586325575,4.8565970376723895,3.8227910205125926,0.8451303679413791,0.797355863228348,0.4133452476655001
11841,ARB,2025-06-30,16041880.0,12.0,14741840.0,12.0,-0.22383657560244707,3.0,False,0.07710462443489807,3.0,False,0.4182749464330453,8388813.070089951,19872024.187412504,106.87066623652932,204.3681732996432,86.27235892619373,4.671619376601114,5.31992313827843,4.4575092562430445,0.9622491990431125,0.8383685832687683,0.42406154027708465
11841,ARB,2025-07-31,16357550.0,12.0,15108726.0,12.0,-0.224129694228558,3.0,False,0.08217830424112549,3.0,False,0.41950467562224864,8552871.527807996,20720380.301293656,125.43574526786752,239.89854966665973,99.02431544069212,4.831793637562788,5.4802161242528005,4.5953654304893075,0.9056864081440451,0.8158496905755271,0.36036940575530124
11841,ARB,2025-08-31,15956135.0,12.0,14740347.0,12.0,-0.235683940136599,3.0,False,0.06783585302531514,3.0,False,0.39115519514450753,7927699.296886836,19579383.442897428,164.8285931444049,331.75164515952264,134.32635873047684,5.10490610451546,5.804386632234,4.900272351810157,1.0354186072954985,0.8863139534362628,0.45208258539048574
11841,ARB,2025-09-30,17073373.0,12.0,15912075.0,12.0,-0.18589153577034712,3.0,False,0.16766512271729006,3.0,False,0.39089233191260264,9828007.836944032,31112953.328022867,133.35423335471106,231.66511514524638,73.17873501720408,4.8930089963161825,5.445292859659492,4.292904873532995,0.9462917366448198,0.8245587602407731,0.29277176663042903
11841,ARB,2025-10-31,19703542.0,12.0,18634452.0,12.0,-0.11210176927195481,3.0,False,0.3005670567426426,3.0,False,0.3995552459837167,14243151.152059346,62997982.37650189,82.53498779391958,114.17639124273796,25.81402668974305,4.413222297909744,4.737744544175173,3.2509180143375813,0.8453956734300324,0.7893095703587807,0.22179464981132246
11841,ARB,2025-11-30,20265251.0,12.0,19349645.0,12.0,-0.06004974895286552,3.0,False,0.4322884131399203,3.0,False,0.3990590888265525,17270641.898219977,119467338.64337958,58.59360934792887,68.75333339834388,9.93923706609268,4.07062563513989,4.230525221165375,2.296490263808533,0.7960541457567759,0.6717449457959087,-0.017587092651254466
11841,ARB,2025-12-31,18199033.0,12.0,17585119.0,12.0,-0.05898399850764724,3.0,False,0.47209205083200523,3.0,False,0.3986329267545368,15563264.649321824,131160157.12379755,58.64239418935681,68.57397153479735,8.136883108822342,4.0714578853492425,4.227913039041457,2.096407196221432,0.8905376934098221,0.6874872548710695,-0.10362077138235253
11841,ARB,2026-01-31,16912560.0,12.0,16524999.0,12.0,-0.031527825396935105,3.0,False,0.5431312600525604,3.0,False,0.4017422615524838,15817725.991580298,170884692.3757417,48.16583604859274,51.49966515765916,4.767001542366512,3.8746499740697913,3.941575305855528,1.5617174997734045,0.74122352091887,0.6334643590055665,-0.11373562538133078
11841,ARB,2026-02-28,15521554.0,12.0,15184822.0,12.0,-0.056658028511944236,3.0,False,0.4678131595395403,3.0,False,0.403986068494704,13373621.971423157,108993721.81309868,38.08903244376722,44.20649657564473,5.4241745675725275,3.6399263783240166,3.7888717596323804,1.6908657344071618,0.6131193452783787,0.5828590170966877,-0.19190926392926055
11841,ARB,2026-03-31,15012936.0,12.0,14696794.0,12.0,-0.12860884347263146,3.0,False,0.276091166137719,3.0,False,0.40371576422056865,10326836.65652492,44249640.17758265,37.355086104737985,54.30603151939835,12.673764458067454,3.620469076464272,3.9946352984765285,2.539534066072439,0.5756330260442316,0.6208293851344044,0.05039598981734483
11841,ARB,2026-04-30,14164801.0,12.0,13892321.0,12.0,-0.21336042865965799,3.0,False,0.1603917025708621,3.0,False,0.41417741924494195,7615966.3472920405,25603317.157886088,53.69580483913414,99.86787695715203,29.706712821268255,3.98333487628685,4.603848081965125,3.3913730411878973,0.6305681878345969,0.7632779014436184,0.2571534445899731
11841,ARB,2026-05-31,13561551.0,12.0,13324980.0,12.0,-0.27770291699429894,3.0,False,0.14464496662970516,3.0,False,0.4161054195308619,6072944.648815856,23068261.044465438,47.65710756837458,106.4235444541749,28.017035768548315,3.864031780957248,4.6674268348922405,3.3328127454679066,0.5219177393547306,0.6918136719690008,0.2331406798069498
11857,GMX,2023-10-31,135844851.0,12.0,40881291.0,12.0,0.3888144093100896,1.0,False,0.39317106015708725,1.0,False,0.29463829704148514,990228749.1334475,305022781.45168716,3.0244728042719005,0.4149132791886851,1.346978266654305,1.1067367967148172,-0.8796857463982332,0.29786376266874176,-0.9332763847905268,-0.828800827549075,-0.7469388522284182
11857,GMX,2023-11-30,130513405.0,12.0,39448093.0,12.0,0.17316800608467386,1.0,False,0.1819793931331557,1.0,False,0.29406593860733116,312643725.9377054,98669047.01017888,3.4660096245569516,1.4468888397070625,4.584626400790443,1.2430039681380736,0.3694156234870176,1.5227086194638562,-1.1313427981906585,-0.6663339234803131,-0.546829436926065
11857,GMX,2023-12-31,132271148.0,12.0,40311149.0,12.0,0.1377987093533175,1.0,False,0.15585744242447075,1.0,False,0.2952096045940573,266566400.7609576,88556232.64395152,3.880090739027056,1.9253141240988911,5.79545946199791,1.3558585397089051,0.6550891357771926,1.7570747595845426,-1.188256177890712,-0.5620557242138098,-0.5200776089444741
11857,GMX,2024-01-31,131733932.0,12.0,40575170.0,12.0,0.10546284078233725,1.0,False,0.13497321894007408,1.0,False,0.3050967784504539,224517381.3320623,79143013.3077541,3.0510856088173246,1.7902021738070308,5.078546890237504,1.1154974646058164,0.582328559735626,1.625025175442813,-1.2942282321639713,-0.5733032307395656,-0.5445463130285233
11857,GMX,2024-02-29,123377673.0,12.0,38581623.0,12.0,1.041067635661368,2.0,False,1.0838608514405097,2.0,False,0.2696677932927982,29223071851.217594,11113018185.453568,3.9128033147294365,0.01651956954887651,0.04344027516394291,1.3642540773928857,-4.103209567592185,-3.1363682690316086,-1.2831294085834635,-1.5328947833596915,-1.4520686714488678
11857,GMX,2024-03-31,118488847.0,12.0,37651321.0,12.0,0.7506465912708884,2.0,False,0.8017279441194041,2.0,False,0.25862857748173745,7321726614.038226,3023215765.7116303,3.6837382535094756,0.05961461296181805,0.14437669426660607,1.3039280663329496,-2.819854551040377,-1.9353294625949802,-1.5320219650224305,-1.1774622313125236,-1.178206262540654
11857,GMX,2024-04-30,111575851.0,12.0,36051743.0,12.0,0.5440983400279635,2.0,False,0.602478915272735,2.0,False,0.3003062322613036,1814219804.059873,797663831.6030326,2.1430816956759076,0.1318010989751444,0.2997705981942548,0.762244837872094,-2.0264613187455764,-1.2047377695230381,-1.4613977136067706,-0.7994612307797149,-0.7356341556190569
11857,GMX,2024-05-31,113679940.0,12.0,37141566.0,12.0,0.4248982495355438,2.0,False,0.4870015668548131,2.0,False,0.3097983705029759,940487966.7706307,426224648.9676445,3.161461039672914,0.38213641641414514,0.8432048737041409,1.151034275072865,-0.9619776230927363,-0.17054532120208862,-1.292164149227071,-0.5070115486327678,-0.43570938148637356
11857,GMX,2024-06-30,106984194.0,12.0,35529694.0,12.0,0.308529766339265,2.0,False,0.3767622646387849,2.0,False,0.319589873555382,467534244.7932021,219905512.985442,2.592836879491384,0.59330961702828,1.2614170511688105,0.9527525965528151,-0.5220388964636413,0.23223573281009469,-1.1919182874562908,-0.48084138899945633,-0.437705572569769
11857,GMX,2024-07-31,109355166.0,12.0,36677718.0,12.0,0.25585525436856904,2.0,False,0.32788519521099624,2.0,False,0.3199638945729037,367229972.90032786,176552942.67426464,2.3600245419569155,0.7027772638259562,1.4617761201857995,0.8586720181177343,-0.35271527403774783,0.3796522170337454,-1.2104544279396097,-0.5696582031101662,-0.5436627867754815
11857,GMX,2024-08-31,110248934.0,12.0,37227929.0,12.0,0.18202831865610958,2.0,False,0.25404917908988356,2.0,False,0.31328587591645274,263610183.5957716,126282702.66821721,2.2174061197652217,0.9273794267525914,1.935868141747645,0.7963380982356023,-0.07539249106144712,0.6605558779334662,-1.1874432672214237,-0.41585859394621383,-0.4823410383952122
11857,GMX,2024-09-30,111659386.0,12.0,37835729.0,12.0,0.103654900802862,2.0,False,0.1729410726508398,2.0,False,0.3123354944719364,186638638.94897106,86846051.29097453,2.1143255674539483,1.2649272197626629,2.7184229007144793,0.748735881008569,0.23501458673989567,1.0000518962358609,-1.340743516292333,-0.42192185182256475,-0.3763769935094938
11857,GMX,2024-10-31,110855219.0,12.0,37836869.0,12.0,0.06458069911753905,2.0,False,0.13552713534315775,2.0,False,0.30943209426991547,156861791.0690296,73393239.19212021,2.034101440198043,1.4375123418177633,3.0723642000744262,0.7100541686532122,0.3629140792648694,1.1224473629700986,-1.268526340188758,-0.40735647268655567,-0.2923901116954351
11857,GMX,2024-11-30,109299636.0,12.0,37822542.0,12.0,-0.008798608580840583,2.0,False,0.06455303570377469,2.0,False,0.3242545127860829,113335033.5285478,52617326.01484262,2.855324025625795,2.753657602124794,5.931237869726008,1.049185330757602,1.0129300650988733,1.7802329382277096,-1.3956473541956822,-0.45147399961119317,-0.32421458163224615
11857,GMX,2024-12-31,110973151.0,12.0,38716844.0,12.0,-0.022967262706482194,2.0,False,0.05363338387418204,2.0,False,0.32670909579577195,108900808.65674852,51356605.84385683,2.420645034775769,2.466709019657266,5.230614495402916,0.884034047948014,0.9028848815259334,1.6545287655158138,-1.4027634867030034,-0.3571657067133148,-0.20798851836383778
11857,GMX,2025-01-31,107793927.0,12.0,37920099.0,12.0,-0.048912675202647304,2.0,False,0.02990546862246113,2.0,False,0.32345737956214704,96108870.28474845,45813204.94423979,1.934747572082046,2.169977005561939,4.552269128568385,0.6599768642675515,0.7747165709809893,1.5156258182240374,-1.5867569266381343,-0.20126472671135004,-0.08801698091054329
11857,GMX,2025-02-28,105669430.0,12.0,37284752.0,12.0,0.528067459847964,3.0,False,0.612981547650886,3.0,False,0.3130858539295966,1481524243.1989174,814048821.9725691,1.727078588994502,0.123183546203874,0.22418730319150681,0.5464313042058953,-2.0940797903417696,-1.4952734015645377,-1.4179712461194751,-0.8117648056612141,-0.707378600146286
11857,GMX,2025-03-31,95632655.0,12.0,33987105.0,12.0,0.3524106066957273,3.0,False,0.43099284170759566,3.0,False,0.32182722575189615,518152651.0651593,275973956.8522934,1.2605684510532555,0.2326563562603497,0.43682204349442244,0.23156277085465654,-1.4581927799370364,-0.828229389949292,-1.5668917482736382,-0.8331951054619152,-0.7397530364273456
11857,GMX,2025-04-30,104353598.0,12.0,36510753.0,12.0,0.30645877625083484,3.0,False,0.37518055813976003,3.0,False,0.3259145235173244,442278444.8525923,218923829.39416978,1.3870789816259574,0.32727500995687775,0.6611737189295636,0.3272000839262558,-1.116954452492393,-0.41373866136066745,-1.5114574425769647,-0.6780355031643439,-0.47566826233950893
11857,GMX,2025-05-31,99664185.0,12.0,34976629.0,12.0,0.21192105308820786,3.0,False,0.27696853807991917,3.0,False,0.3254455112289246,266973093.57337943,128275069.25972131,1.497289533098815,0.5589557323098108,1.1633292570919025,0.40365649562004835,-0.5816849998218142,0.1512859436076253,-1.3698226479661286,-0.53267720329605,-0.4897515320196121
11857,GMX,2025-06-30,98012746.0,12.0,34445586.0,12.0,0.16192130992196407,3.0,False,0.22486062213102986,3.0,False,0.32521805224396694,208238169.81007734,98176615.3768954,1.450610687456086,0.6827678949742587,1.44818943196099,0.3719846315307374,-0.38160030883008333,0.3703141085843983,-1.3987760833444138,-0.6065349121980393,-0.5919529524567064
11857,GMX,2025-07-31,95828153.0,12.0,33705476.0,12.0,0.11389519137073867,3.0,False,0.17455422616770466,3.0,False,0.324232203810903,164576168.946566,76027269.0953898,1.3430144340468255,0.7820001734809674,1.6927951536122154,0.29491666509825637,-0.24590031659418127,0.5263810997360008,-1.6032326163489383,-0.7135316100554496,-0.67033731634189
11857,GMX,2025-08-31,95369863.0,12.0,33655607.0,12.0,0.0651992226748761,3.0,False,0.1244476187414627,3.0,False,0.30907880445091307,135366323.6138566,62096196.34231599,1.577529355966447,1.1114194028506346,2.422833722819729,0.45585992443057205,0.10563793973777848,0.884937814972698,-1.5285903572322541,-0.6588119002160028,-0.5667040507360811
11857,GMX,2025-09-30,96337405.0,12.0,34062016.0,12.0,0.01669050316179388,3.0,False,0.07392398890218121,3.0,False,0.308724632480142,111625936.17714535,50225616.828959584,1.6222298386547234,1.4000457091043175,3.1115877282656776,0.48380164642818047,0.3365048854484609,1.1351331194764231,-1.445761046850865,-0.571420780971202,-0.5106516090201774
11857,GMX,2025-10-31,93675094.0,12.0,33119248.0,12.0,-0.014306884675745701,3.0,False,0.04116630140724897,3.0,False,0.3188309777944951,95345778.34409875,42054603.08938168,1.0682036176979823,1.0494861548863936,2.3793845845203956,0.06597837564124144,0.0483006680870973,0.8668418763137387,-1.4694521522729562,-0.5442674364318315,-0.38072246095619183
11857,GMX,2025-11-30,85585860.0,12.0,30251398.0,12.0,-0.08370418475243857,3.0,False,-0.032220436289317256,3.0,False,0.34077666216628727,67291007.72984082,28553370.668297023,1.0334788176810248,1.314457553647086,3.0977489288583913,0.0329306042170429,0.2734240737931669,1.1306756957338846,-1.4060926576400035,-0.4979891145329511,-0.31866172586088315
11857,GMX,2025-12-31,76087120.0,12.0,26847091.0,12.0,-0.1317652713954659,3.0,False,-0.08351482589414028,3.0,False,0.33842604151108563,50810131.962988496,21120148.80186396,1.0627948510199394,1.59151327187736,3.828808221171221,0.060902090160829134,0.46468530693072463,1.3425535853623172,-1.3106953396107859,-0.3118810668834448,-0.29569523466237796
11857,GMX,2026-01-31,69021572.0,12.0,24344604.0,12.0,-0.16642672941517245,3.0,False,-0.1202161338078358,3.0,False,0.31883091264091695,40777758.81341862,16821909.309615005,0.9560606721405275,1.6182549614963406,3.9227895778036426,-0.044933903362385445,0.4813483844028428,1.366803027706671,-1.3089695076160788,-0.20453236185921,-0.15924206116440792
11857,GMX,2026-02-28,62861932.0,12.0,22147548.0,12.0,-0.21553620839681265,3.0,False,-0.17235299472637755,3.0,False,0.3009168492896497,31258724.856068395,12719723.342418483,1.1240299251353052,2.260447060626127,5.55504949421218,0.11692037490295135,0.815562608157838,1.7147073329010782,-1.2735923138190877,-0.20899906307072702,-0.18572278781598558
11857,GMX,2026-03-31,62292358.0,12.0,21971157.0,12.0,-0.23685274216751273,3.0,False,-0.19454612637927027,3.0,False,0.30609620450740244,29014525.368335452,11746563.066819904,1.0667403243498172,2.2902242698739386,5.656954276705261,0.06460757283140175,0.8286497472136517,1.7328856337236629,-1.185062041999348,-0.15642748217841917,-0.14815770637680128
11857,GMX,2026-04-30,45250401.0,12.0,16638231.0,12.0,-0.32866873370014693,3.0,False,-0.2815585427368703,3.0,False,0.3106974912437783,15868325.842928164,6753271.056608019,1.6935260583790732,4.8292891136814164,11.347498508980769,0.5268127804493482,1.5746992753998124,2.4289973239522,-0.989564410281927,-0.041944721052921935,-0.006733949515629401
11857,GMX,2026-05-31,42120265.0,12.0,15507265.0,12.0,-0.34233257483046164,3.0,False,-0.29587900000322964,3.0,False,0.3044598031680385,14062501.489456944,5982451.819453839,1.6682279533430449,4.99670727344614,11.7453856037292,0.5117619572747486,1.6087791501871185,2.463460448881366,-1.0032274509087926,-0.048369999542882416,0.0015945535561800782
11865,BONE,2023-11-30,6752992.0,12.0,,,-0.5,1.0,True,,,,0.1356511292664999,1004253.3503337781,,21.10522796419005,141.9198009675367,,3.049520780606596,4.95526211613312,,0.15601787476677215,0.8045124640679558,
11865,BONE,2023-12-31,6329710.0,12.0,,,-0.5,2.0,True,,,,0.13808063358270947,946601.4659625685,,24.72196572103814,165.31019575908846,,3.2076921488874572,5.107823683258088,,0.1897601720776725,0.9298432127612188,
11865,BONE,2024-01-31,5555662.0,12.0,,,-0.5,2.0,True,,,,0.15382427363072593,860894.7182234323,,22.60454560735971,145.87523003652814,,3.11815101912271,4.982751667548257,,0.26807367954569933,0.928979914740388,
11865,BONE,2024-02-29,4714456.0,12.0,,,-0.5,2.0,True,,,,0.18357415514392336,778234.0125940341,,33.27221980258023,201.55944580055186,,3.504722808651665,5.306084354257872,,0.36294347191687865,0.8165983827998162,
11865,BONE,2024-03-31,2831741.0,12.0,,,-0.5,2.0,True,,,,0.19286735591866366,476283.25138871465,,69.62382871325154,413.9483170349483,,4.24310687531602,6.025741127952558,,1.3614593832319764,1.1457303249831727,
11865,BONE,2024-04-30,2593995.0,12.0,,,-0.5,2.0,True,,,,0.23115198227739536,468987.2313965534,,52.09761935588585,288.1548900993475,,3.953119253970337,5.663498148411406,,1.158076263060358,1.0848161767731799,
11865,BONE,2024-05-31,2471006.0,12.0,,,-0.5,2.0,True,,,,0.23163501365583045,447137.0029011526,,60.57742484490879,334.7680448835715,,4.103922296357996,5.813437888670548,,1.2166647481086585,1.1623920794189726,
11865,BONE,2024-06-30,,,,,,,,,,,0.24652395673801403,,,,,,,,,,,
11865,BONE,2024-07-31,,,,,,,,,,,0.2484574793456504,,,,,,,,,,,
11865,BONE,2024-08-31,,,,,,,,,,,0.24839397387949258,,,,,,,,,,,
11865,BONE,2024-09-30,1569800.0,9.0,,,-0.5,2.0,True,,,,0.24809863561970186,292343.10343360703,,65.90879476765647,353.91163605733686,,4.188271888865826,5.86904726631736,,1.2293621731068167,1.169808947916267,
11865,BONE,2024-10-31,1512227.0,9.0,,1.0,-0.5,2.0,True,,,False,0.24350894173092924,279410.85536433547,,57.451022916991604,310.93633752850553,,4.050932809479883,5.739588188744132,,1.108741029803032,1.0974833483846942,
11865,BONE,2024-11-30,1569154.0,9.0,,2.0,-0.5,2.0,True,,,False,0.29047368573050814,312847.66598051536,,83.59912487237101,419.3091892785626,,4.426033052002026,6.038608569697511,,0.7962976752301761,0.9701503290805351,
11865,BONE,2024-12-31,1570686.0,9.0,,3.0,-0.5,3.0,True,,,False,0.30011407714758226,317705.53561983176,,62.63623169232648,309.66363875263977,,4.137343891704494,5.735486672119365,,0.6903231463974129,0.9020160456986748,
11865,BONE,2025-01-31,1598750.0,9.0,,4.0,-0.5,3.0,True,,,False,0.2981603157527199,322447.50156336697,,50.15475710355246,248.6758853163161,,3.9151133674078102,5.5161503831661145,,0.854621791050389,0.9420740831452005,
11865,BONE,2025-02-28,1567864.0,9.0,,5.0,-0.5,3.0,True,,,False,0.3026063912577699,318300.6263965475,,38.17377054404464,188.03381337271915,,3.642148644798119,5.2366218050229,,0.5890294989381919,1.0022990042405489,
11865,BONE,2025-03-31,990049.0,9.0,0.0,6.0,-0.5,3.0,True,,,False,0.2911842134262898,197602.16683433807,,71.61744557329145,358.8259253848943,,4.271338697546226,5.882837383385058,,1.0546407027342868,1.1470183659932143,
11865,BONE,2025-04-30,898199.0,9.0,0.0,7.0,-0.5,3.0,True,,,False,0.28728063029095513,178207.9028965714,,74.53618160969856,375.675392041986,,4.311284666681844,5.928725451478122,,1.0052157311153722,1.0941496239340083,
11865,BONE,2025-05-31,826834.0,9.0,0.0,8.0,-0.5,3.0,True,,,False,0.2855158610184961,163605.1286030248,,76.37120663807872,385.96779213815984,,4.335605748671753,5.955753925926935,,0.7897706661003542,1.0661751331002383,
11865,BONE,2025-06-30,851386.0,10.0,0.0,9.0,-0.5,3.0,True,,,False,0.2896250405382135,169525.13029908336,,55.449015687958344,278.47502955591807,,4.015463962294515,5.629328394866154,,0.6019396345784722,0.9167793345191435,
11865,BONE,2025-07-31,889599.0,11.0,0.0,10.0,-0.5,3.0,True,,,False,0.2888768294490133,176932.35626738303,,46.60120221600448,234.30639688936157,,3.841626339425527,5.456629647272345,,0.358118204993522,0.8095500078473958,
11865,BONE,2025-08-31,948660.0,12.0,0.0,11.0,-0.5,3.0,True,,,False,0.2871665834110589,188186.80479768213,,39.35148278621559,198.37298210204312,,3.672533656141154,5.290149006656428,,0.24544671716744065,0.7468865294393259,
11865,BONE,2025-09-30,1249697.0,12.0,0.0,12.0,-0.5,3.0,True,,,False,0.2877466894486952,248123.94995612424,,24.667995825767797,124.24242151926796,,3.205506687912749,4.822234669307831,,0.030799614444134635,0.654307716136756,
11865,BONE,2025-10-31,1595169.0,12.0,0.0,12.0,-0.5,3.0,True,,,False,0.29222963604465857,318880.6319488811,,15.169977632272818,75.88632116601622,,2.719318318888215,4.329236446368068,,-0.05658498670773196,0.6731386510092187,
11865,BONE,2025-11-30,1640269.0,12.0,0.0,12.0,-0.5,3.0,True,,,False,0.27812001277687515,320850.9649159766,,13.698558778236661,70.03039967326781,,2.617290628631454,4.248929428823321,,0.003409576432851645,0.677185299162959,
11865,BONE,2025-12-31,1551315.0,12.0,0.0,12.0,-0.5,3.0,True,,,False,0.28809236999420956,308172.089343078,,11.912241019543806,59.96532072916187,,2.477566528516826,4.093766407275432,,0.015714729990427972,0.6518630769577546,
11865,BONE,2026-01-31,1453021.0,12.0,0.0,12.0,-0.5,3.0,True,,,False,0.24236479531973026,267940.4144243858,,10.342474745477373,56.0864736640512,,2.3362591775305184,4.026894672298949,,-0.06345324703778668,0.6541269776513493,
11865,BONE,2026-02-28,1392820.0,12.0,0.0,12.0,-0.5,3.0,True,,,False,0.24091382452973176,256192.73544124363,,9.775004820634605,53.14288943762331,,2.2798285990308584,3.9729843129148614,,-0.11526781478127313,0.6318922677778975,
11865,BONE,2026-03-31,1335382.0,12.0,0.0,12.0,-0.5,3.0,True,,,False,0.2777534253470058,261062.06992954813,,9.930184552602904,50.79477731790971,,2.2955790632421706,3.9277935405966944,,-0.08039008104166036,0.6044195770370054,
11865,BONE,2026-04-30,1345471.0,12.0,0.0,12.0,-0.5,3.0,True,,,False,0.2750816273483798,261928.5007414522,,9.271141668233042,47.62388291533127,,2.226906529301218,3.86333437732571,,-0.1927006188755347,0.5664310559033738,
12147,SYN,2023-08-31,5644208.0,12.0,5644208.0,12.0,-0.5,1.0,True,-0.5,1.0,True,0.46821298327695077,1394793.3415757082,1394793.3415757082,10.590577139124282,42.85611239420864,42.85611239420864,2.3599646566292023,3.757848281176691,3.757848281176691,-0.09675634493106722,0.5872042270401523,0.014734693987609454
12147,SYN,2023-09-30,5391264.0,12.0,5391264.0,12.0,-0.5,1.0,True,-0.5,1.0,True,0.46297455867079035,1325610.0639687434,1325610.0639687434,8.176957126587194,33.25573317852575,33.25573317852575,2.101320091994662,3.5042271786599635,3.5042271786599635,-0.30716211738992083,0.46289454798381546,0.05440418221363114
12147,SYN,2023-10-31,5277903.0,12.0,5277903.0,12.0,-0.5,1.0,True,-0.5,1.0,True,0.41760955848424225,1238940.552116922,1238940.552116922,9.124700183594776,38.871342447228656,38.871342447228656,2.210985042336412,3.6602572811143825,3.6602572811143825,-0.2389273628061241,0.5383721947182176,0.20749423656293284
12147,SYN,2023-11-30,5032772.0,12.0,5032772.0,12.0,-0.5,1.0,True,-0.5,1.0,True,0.4239846999635152,1189507.496705178,1189507.496705178,11.878126657772766,50.25601219099247,50.25601219099247,2.474698612760656,3.9171301853741123,3.9171301853741123,-0.2536121091456486,0.47154610712513256,0.19039384518416355
12147,SYN,2023-12-31,5130015.0,12.0,5130015.0,12.0,-0.5,1.0,True,-0.5,1.0,True,0.42367287369770035,1212088.6059016315,1212088.6059016315,12.579466664257488,53.24103565154553,53.24103565154553,2.5320658548455572,3.9748294458460816,3.9748294458460816,-0.3129977836283344,0.5502308913058361,0.24107358467733156
12147,SYN,2024-01-31,5003077.0,12.0,5003077.0,12.0,-0.31166655802367804,2.0,False,-0.31166655802367804,2.0,False,0.3934290418381345,1997095.0861552623,1997095.0861552623,26.71821371668422,66.93385881008324,66.93385881008324,3.285345494513255,4.203704949866903,4.203704949866903,0.39850475083149445,0.6630171368801614,0.3598861502335417
12147,SYN,2024-02-29,5017652.0,12.0,5017652.0,12.0,-0.37036172030494696,2.0,False,-0.37036172030494696,2.0,False,0.4175879051728465,1728229.0931905892,1728229.0931905892,41.43008374228317,120.28598718116213,120.28598718116213,3.7240072773830235,4.789872133911441,4.789872133911441,0.5315785992711289,0.6877006042772915,0.5047204549233807
12147,SYN,2024-03-31,6570052.0,12.0,6570052.0,12.0,-0.32975914310389054,2.0,False,-0.32975914310389054,2.0,False,0.4142891395178957,2533803.0662898193,2533803.0662898193,35.34397469338708,91.64554053613122,91.64554053613122,3.5651279306687647,4.517928315558321,4.517928315558321,0.694021449598814,0.7497208724642694,0.5474811349896884
12147,SYN,2024-04-30,6393009.0,12.0,6393009.0,12.0,-0.3778488497252239,2.0,False,-0.3778488497252239,2.0,False,0.4244964884949094,2168622.0058435276,2168622.0058435276,25.18626469111836,74.24807846311215,74.24807846311215,3.2262987939828243,4.30741189806325,4.30741189806325,0.5614099476951271,0.7525331920399928,0.5668260647626678
12147,SYN,2024-05-31,6295259.0,12.0,6295259.0,12.0,-0.4061620670699566,2.0,False,-0.4061620670699566,2.0,False,0.4169501152870178,1954438.2688984233,1954438.2688984233,20.99471600915165,67.62412352043698,67.62412352043698,3.0442707874503228,4.213964776201869,4.213964776201869,0.31636500511468735,0.7682957745812019,0.6265140897048543
12147,SYN,2024-06-30,6253317.0,12.0,6253317.0,12.0,-0.4212977605538487,2.0,False,-0.4212977605538487,2.0,False,0.4239116571686971,1870212.4900474034,1870212.4900474034,15.823129264482294,52.90684547843901,52.90684547843901,2.761472747107654,3.9685327346215433,3.9685327346215433,0.16136061677269273,0.7955703111543222,0.5892563316202536
12147,SYN,2024-07-31,6057660.0,12.0,6057660.0,12.0,-0.43606157275382673,2.0,False,-0.43606157275382673,2.0,False,0.42610388091020146,1738788.6812718734,1738788.6812718734,13.164020367630801,45.8613289119484,45.8613289119484,2.5774873783019263,3.825622254592742,3.825622254592742,0.09679646527542456,0.7080558617120353,0.4867350865837889
12147,SYN,2024-08-31,5699013.0,12.0,5699013.0,12.0,-0.46014890124266794,2.0,False,-0.46014890124266794,2.0,False,0.40552338904749924,1491142.1278581596,1491142.1278581596,14.96949356158346,57.21207711663246,57.21207711663246,2.7060143676377364,4.046765014501842,4.046765014501842,0.28879273415983875,0.7706325205919325,0.5323513109288013
12147,SYN,2024-09-30,5583323.0,12.0,5583323.0,12.0,-0.46630411076643596,2.0,False,-0.46630411076643596,2.0,False,0.4047905269446307,1432862.0805049785,1432862.0805049785,15.490644471305774,60.361197869779105,60.361197869779105,2.7402362591995537,4.1003464791265065,4.1003464791265065,0.14735442503953297,0.6701143812342119,0.5342705993222868
12147,SYN,2024-10-31,5497453.0,12.0,5497453.0,12.0,-0.45762436097672843,2.0,False,-0.45762436097672843,2.0,False,0.4056208088511094,1449519.991735905,1449519.991735905,18.562495388284965,70.40016456593011,70.40016456593011,2.921143168120327,4.254195600745499,4.254195600745499,0.3048171708105908,0.6817471756448304,0.5696019658580733
12147,SYN,2024-11-30,5426994.0,12.0,5426994.0,12.0,-0.4248107852251134,2.0,False,-0.4248107852251134,2.0,False,0.40029316947639804,1569150.2776049084,1569150.2776049084,25.393731015350077,87.82563902564463,87.82563902564463,3.2345023331424985,4.4753534742500385,4.4753534742500385,0.022863380227415075,0.5279490474812618,0.43049486636663215
12147,SYN,2024-12-31,5167374.0,12.0,5167374.0,12.0,-0.4042160439820014,2.0,False,-0.4042160439820014,2.0,False,0.39953245782499847,1586195.844025002,1586195.844025002,24.17726898527996,78.7626519235621,78.7626519235621,3.1854128936167894,4.366438924148232,4.366438924148232,0.07787793108688044,0.5452972393237157,0.4735810382001119
12147,SYN,2025-01-31,4973730.0,12.0,4973730.0,12.0,-0.22193791466395252,3.0,False,-0.22193791466395252,3.0,False,0.3950404329202071,2579126.4943072633,2579126.4943072633,18.284017231239307,35.25990881961674,35.25990881961674,2.9060273028908057,3.5627465910224423,3.5627465910224423,0.09779907720988985,0.47103463487975294,0.4247904264817299
12147,SYN,2025-02-28,4267743.0,12.0,4267743.0,12.0,-0.3039720876583982,3.0,False,-0.3039720876583982,3.0,False,0.4022848708720942,1754430.4750717063,1754430.4750717063,13.73496062315576,33.41100310763404,33.41100310763404,2.6199444526451123,3.508885280091371,3.508885280091371,-0.07368106198778791,0.5747513456500605,0.5439485617777596
12147,SYN,2025-03-31,1940000.0,12.0,1940000.0,12.0,-0.49000618812366903,3.0,False,-0.49000618812366903,3.0,False,0.4135877414249824,467597.7249856464,467597.7249856464,15.538798661694928,64.4683833836307,64.4683833836307,2.743340035753986,4.166174923525439,4.166174923525439,0.0630762819161344,0.6839555460174167,0.594210841104095
12147,SYN,2025-04-30,1606129.0,12.0,1606118.0,12.0,-0.5,3.0,True,-0.5,3.0,True,0.4360871946239453,384458.56579000334,384455.93272365315,33.08113025901258,138.2010114733648,138.2019579860907,3.4989630370147404,4.928709230216807,4.92871607900521,0.4920870534156461,0.8426176357751813,0.7829602323014927
12147,SYN,2025-05-31,1309102.0,12.0,1309080.0,12.0,-0.5,3.0,True,-0.5,3.0,True,0.4257840240576967,310001.090995566,309995.88129914674,23.445777762538917,99.00905336147423,99.01071727748695,3.1546904259106467,4.595211294049167,4.595228099603556,0.14116187911405587,0.7334291158217089,0.6033451044066704
12147,SYN,2025-06-30,1057667.0,12.0,1057633.0,12.0,-0.5,3.0,True,-0.5,3.0,True,0.43091149656211464,251815.63026084795,251807.53533926213,16.45333056640822,69.10669032797902,69.1089119185224,2.8005279227609505,4.235651547041612,4.23568369378203,-0.06520882706964966,0.5635880221175271,0.36891908238678217
12147,SYN,2025-07-31,883943.0,12.0,883898.0,12.0,-0.5,3.0,True,-0.5,3.0,True,0.4324595129276893,210794.70306300925,210783.9718714756,24.55594822401727,102.97250464825143,102.97774706616522,3.200954115077006,4.634462007430827,4.634512916986617,0.003822785063043002,0.5899582780341734,0.37028578149089325
12147,SYN,2025-08-31,785295.0,12.0,785250.0,12.0,-0.5,3.0,True,-0.5,3.0,True,0.4222748335796455,185268.11386555983,185257.49739006473,28.66729583480059,121.51191920119516,121.51888263496025,3.3557569550701523,4.800012358390431,4.8000696633387285,0.07074027850505983,0.6139937054312314,0.42665876105353545
12147,SYN,2025-09-30,737976.0,12.0,737912.0,12.0,-0.5,3.0,True,-0.5,3.0,True,0.4301228036407991,175556.69676947,175541.47184536236,28.364301695866004,119.23312692420512,119.24346815747299,3.3451313719620406,4.781080626459259,4.781167353907467,0.1065478357504646,0.643062347931073,0.4169990764991866
12147,SYN,2026-01-31,288796.0,12.0,288693.0,12.0,-0.5,3.0,True,-0.5,3.0,True,0.41388004554691726,67518.02061633929,67493.9401023312,75.92184983364223,324.7418443906587,324.8577059112783,4.329704519569145,5.783030541734694,5.783387258489791,0.9792461493304131,1.079427437241537,0.8718922848264425
12220,OSMO,2026-04-30,6424647.0,12.0,2254522.0,12.0,-0.25591838655225896,3.0,False,1.2631720888446432,3.0,False,0.37374035195581357,2971090.4278618777,715346943.8802283,3.646087003803888,7.88425074883538,0.032746099121728676,1.2936545387813827,2.064867193558353,-3.4189714347820397,-0.630132213459908,0.0883540267893226,-1.6102711220723265
12220,OSMO,2026-05-31,5899542.0,12.0,2030027.0,12.0,-0.17441055015404539,3.0,False,1.131152082071465,3.0,False,0.34248135028342186,3434329.2397258957,445420245.8786464,6.554690533134599,11.259745178163612,0.08681615273447946,1.8801809052903051,2.421233991741755,-2.4439625832176377,-0.38065299043807604,0.14824166337163616,-1.305464503419828
12387,RBN,2023-10-31,,,,,,,,,,,0.2548519585797466,,,,,,,,,,,
12387,RBN,2023-11-30,,,,,,,,,,,0.27937334088138466,,,,,,,,,,,
12387,RBN,2023-12-31,,,,,,,,,,,0.272251990208947,,,,,,,,,,,
12387,RBN,2024-01-31,,,,,,,,,,,0.2529731051384802,,,,,,,,,,,
12387,RBN,2024-02-29,,,,,,,,,,,0.3461437894575143,,,,,,,,,,,
12387,RBN,2024-03-31,,,,,,,,,,,0.4085816014480484,,,,,,,,,,,
12387,RBN,2024-04-30,,,,,,,,,,,0.43934380875759016,,,,,,,,,,,
12387,RBN,2024-05-31,,,,,,,,,,,0.4297675397531032,,,,,,,,,,,
12387,RBN,2024-06-30,,1.0,,,,,False,,,,0.457191934352706,,,,,,,,,,,
12387,RBN,2024-07-31,,2.0,,,,,False,,,,0.4598471906219165,,,,,,,,,,,
12387,RBN,2024-08-31,,3.0,,,,,False,,,,0.4712719635990138,,,,,,,,,,,
12387,RBN,2024-09-30,,4.0,,,,,False,,,,0.47123606998598033,,,,,,,,,,,
12387,RBN,2024-10-31,,5.0,,,,,False,,,,0.46254192260769417,,,,,,,,,,,
12387,RBN,2024-11-30,78873.0,6.0,,,,,False,,,,0.4777914257642151,,,660.4976989064722,,,6.492993640090258,,,2.13798209842043,,
12387,RBN,2024-12-31,94273.0,7.0,,,,,False,,,,0.4864166968213123,,,383.9069257034878,,,5.950400142228209,,,1.8567917538413727,,
12387,RBN,2025-01-31,108998.0,8.0,,,,,False,,,,0.4817904074327601,,,244.09295964909788,,,5.497549134906357,,,2.041461421632109,,
12387,RBN,2025-02-28,119571.0,9.0,,,,,False,,,,0.4843341529513951,,,148.82540764325782,,,5.002773858113531,,,1.4711435669964434,,
12387,RBN,2025-04-30,,,,,,,,,,,0.4721791356925999,,,,,,,,,,,
12573,CPOOL,2025-12-31,,2.0,,2.0,,,False,,,False,0.5456551165733405,,,,,,,,,,,
12573,CPOOL,2026-01-31,,3.0,,3.0,,,False,,,False,0.5386919537273993,,,,,,,,,,,
12573,CPOOL,2026-02-28,,4.0,,4.0,,,False,,,False,0.4567260132454104,,,,,,,,,,,
12573,CPOOL,2026-03-31,,5.0,,5.0,,,False,,,False,0.4697721808712894,,,,,,,,,,,
12573,CPOOL,2026-04-30,22307.0,6.0,0.0,6.0,,,False,,,False,0.5016226538577762,,,1159.0222741895975,,,7.055332061610297,,,2.070467208662007,,
12573,CPOOL,2026-05-31,30175.0,7.0,0.0,7.0,,,False,,,False,0.4815760774214193,,,991.9913373341257,,,6.899714374720661,,,1.9030287329677165,,
13663,GNS,2024-03-31,22324992.0,12.0,16349045.0,12.0,0.8358720732632048,1.0,False,1.0423033830889152,1.0,False,0.36486027675956784,1119489278.844932,2121142752.460086,6.910530874054924,0.13781065115532848,0.07273322189187842,1.9330464617540009,-1.981874629083908,-2.6209570264447724,-0.9126849116145179,-0.9573765765230026,-1.361552238636715
13663,GNS,2024-04-30,21574142.0,12.0,16052809.0,12.0,0.4923712068744637,1.0,False,0.6918528406718969,1.0,False,0.39042660650010363,182483095.5697079,355692376.1503109,4.957420134065183,0.5860931150476126,0.30068703491351967,1.6008854711590357,-0.5342766026296403,-1.2016853062673076,-0.7729352333575485,-0.4338299214754951,-0.7349128921910798
13663,GNS,2024-05-31,20881590.0,12.0,15702514.0,12.0,0.2943561381560462,1.0,False,0.4793896544472942,1.0,False,0.3877754556081378,70581301.49379337,125988131.72485471,5.066072958471192,1.4988057203533574,0.839663680860924,1.6225659530689895,0.4046686045523146,-0.17475384724569293,-0.8915420154927104,-0.17028176922177451,-0.43672896977407827
13663,GNS,2024-06-30,20153283.0,12.0,15392808.0,12.0,0.11095772163207118,1.0,False,0.28914221853984334,1.0,False,0.36938124635993597,32230395.390221458,53132840.17090757,4.9206816736556505,3.076843740867759,1.8664142553477592,1.5934470724628629,1.1239043121020025,0.6240190795804834,-0.7125526332177721,-0.012994232379411939,-0.3300196547655391
13663,GNS,2024-07-31,20847071.0,12.0,16138919.0,12.0,0.05941495104993111,1.0,False,0.24277092411212542,1.0,False,0.3624581453458184,27416870.34094679,45826573.71367949,5.291471718992628,4.023496673709767,2.407155448922482,1.6660964149266875,1.3921513438881046,0.878445738735748,-0.5963650449944841,-0.03608699119006574,-0.3945158764990379
13663,GNS,2024-08-31,21231200.0,12.0,16574290.0,12.0,0.058230172937833835,1.0,False,0.23925465975974114,1.0,False,0.3707331404544334,27618256.281035908,45507197.99077501,3.862101674770629,2.9689438841833584,1.801847986641854,1.3512115106330078,1.0882062950248161,0.5888127974934224,-0.7585097769148352,-0.08093698585252529,-0.5038391656234741
13663,GNS,2024-09-30,21246141.0,12.0,16648453.0,12.0,0.0675732822439814,1.0,False,0.25274655402488055,1.0,False,0.3678556181230904,28705810.391129762,48861550.35641439,3.3874737111163205,2.5071838460414946,1.4729525276048168,1.2200844256196381,0.9191601495713799,0.38726890858695706,-0.9885403198648012,-0.22863657539686938,-0.5563693580126265
13663,GNS,2024-10-31,20719218.0,12.0,16262412.0,12.0,0.02242254301775759,1.0,False,0.1894785816993898,1.0,False,0.35670702336106086,23770911.13745616,36840130.80762523,2.7232904851686155,2.3736763354697628,1.5316028472910712,1.001840886359811,0.8644399496853693,0.4263147996497466,-1.060899809094751,-0.26698789431659325,-0.48399579291564887
13663,GNS,2024-11-30,20820079.0,12.0,16407782.0,12.0,0.03419784228999734,1.0,False,0.19041036547201062,1.0,False,0.4130005623588332,24223983.99890064,34069093.371966384,4.112446276063449,3.5345736834528365,2.5131709674830995,1.4140180524349633,1.2625926933355658,0.9215452894677938,-1.1588308505015505,-0.3808514028928331,-0.5646712412648087
13663,GNS,2024-12-31,20678217.0,12.0,16346151.0,12.0,-0.006865609406043416,1.0,False,0.13419295104135442,1.0,False,0.42277531077001007,20897496.42285388,27018989.2761128,2.8237049422937144,2.7940755370517225,2.161042478089407,1.0380498319817404,1.0275012959209018,0.7705907340133761,-1.3036741302231278,-0.32469567879531286,-0.4301438321169094
13663,GNS,2025-01-31,18945559.0,12.0,15032712.0,12.0,0.713228315430235,2.0,False,0.9102826330434801,2.0,False,0.4193173539073807,408107897.0541684,803419224.0228468,2.5701091508906804,0.11931196359127633,0.060606160642796156,0.943948369168943,-2.1260136733363337,-2.8033587303017606,-1.3737760000848473,-0.9007403698658469,-1.169930319061653
13663,GNS,2025-02-28,17094463.0,12.0,13599148.0,12.0,0.3674569997429378,2.0,False,0.5099963296729315,2.0,False,0.368579534441671,85440409.17434962,136232959.17581123,2.8239991686580814,0.5650107457016846,0.3543544058112754,1.0381540252464203,-0.5709105290755191,-1.037457720301614,-1.099179909924252,-0.4348395963517694,-0.5928983780823667
13663,GNS,2025-03-31,14230888.0,12.0,11401850.0,12.0,0.08178648683192602,2.0,False,0.19344276334439559,2.0,False,0.3684235202769037,20304092.16770199,25729091.48164646,2.880921998317839,2.0192027280103457,1.5934522337892438,1.0581103812193269,0.702702744399079,0.4659028787681425,-1.0305200726672175,-0.2503021963608517,-0.3941010645676982
13663,GNS,2025-04-30,13513815.0,12.0,10901891.0,12.0,-0.03314655530966548,2.0,False,0.07190597315821678,2.0,False,0.3717554001623145,12626625.83669641,14927917.385519864,3.3539454769806065,3.5896049571911015,3.0362305421094913,1.2101374071509978,1.2780421566657294,1.110616792786577,-0.9537221261559111,-0.07562701625463653,-0.11654548006213358
13663,GNS,2025-05-31,13481258.0,12.0,10912273.0,12.0,-0.08586503291552039,2.0,False,0.013944783590271292,2.0,False,0.36338142440000015,10538006.412153348,12089337.727626963,2.4626599947694867,3.1504777523647403,2.746201281141886,0.9012420644487088,1.1475541087545795,1.0102186044198203,-1.0965275471241411,-0.10975960202476268,-0.2784759641808872
13663,GNS,2025-06-30,13002076.0,12.0,10537094.0,12.0,-0.15339229961047496,2.0,False,-0.06059705625241962,2.0,False,0.34971773563478736,8122328.372637662,8975674.744694043,3.919079205957585,6.273590939457741,5.677140397272399,1.36585672977049,1.836348908321551,1.736447654774524,-0.8530187596336094,-0.0444531096132375,-0.25235295006041775
13663,GNS,2025-07-31,11860325.0,12.0,9630845.0,12.0,-0.22364774106653829,2.0,False,-0.1388267767798832,2.0,False,0.34973588460847693,5943165.614089451,6306293.14878947,4.388135997014526,8.757070296915334,8.252822671077636,1.478904534871301,2.169861408019039,2.1105552837781847,-0.948480523825509,-0.06830882309846513,-0.2690531511205357
13663,GNS,2025-08-31,11558816.0,12.0,9422283.0,12.0,-0.2409690679726152,2.0,False,-0.16065426941098881,2.0,False,0.3268493169181099,5399740.462474786,5694252.77791564,5.260071658238027,11.259837554585456,10.677467758402521,1.6601446498959915,2.4212421958388677,2.368135704145926,-0.864411789773757,-0.03097231717908381,-0.19038118788168146
13663,GNS,2025-09-30,11699009.0,12.0,9553578.0,12.0,-0.23328606603868285,2.0,False,-0.15213307666131926,2.0,False,0.3266655940758397,5597642.629816515,5938375.236589627,4.3024378555087655,8.99204585255698,8.476099469666455,1.4591818051895444,2.196340392399564,2.137250375786279,-0.9166045253752196,-0.06321955382509066,-0.25568561034471887
13663,GNS,2025-10-31,12202002.0,12.0,9933802.0,12.0,-0.22403153119427088,2.0,False,-0.1475997211317427,2.0,False,0.3293978127123622,6022443.355841475,6274916.601679936,3.3517218959061035,6.790884506638205,6.517651129632676,1.2094742125627924,1.91558119916009,1.874514054839403,-0.8605562864948543,-0.013253003320842862,-0.12605788883000654
13663,GNS,2025-11-30,12012890.0,12.0,9703902.0,12.0,-0.22752509912764785,2.0,False,-0.1609330552707885,2.0,False,0.30432798347467865,5758589.587808413,5802949.701210246,3.2745272714725915,6.8309323514702776,6.778713919577222,1.186173514080011,1.9214611725342692,1.9137873965813872,-0.7771174210148918,-0.010823117180774652,-0.11642109982014445
13663,GNS,2025-12-31,11788922.0,12.0,9506643.0,12.0,-0.2475381025576342,2.0,False,-0.1878255718240398,2.0,False,0.3093732581828208,5320472.4379966585,5206704.539809429,2.516862958396452,5.576779402018143,5.698633535735641,0.9230132682650601,1.7186114416704894,1.7402264155278429,-0.8375171318281928,0.02111341181533473,-0.19437212057920225
13663,GNS,2026-01-31,11376927.0,12.0,9170994.0,12.0,0.20795107573940008,3.0,False,0.3057442106574926,3.0,False,0.3112180188056719,30951428.709979907,40624312.971526176,2.0537427393816756,0.7549015407870818,0.5751551106624798,0.7196638550650639,-0.2811679477907115,-0.553115516888968,-0.9090359832980934,-0.38919833911707546,-0.6074830205553948
13663,GNS,2026-02-28,11019894.0,12.0,8771057.0,12.0,0.06426497711892964,3.0,False,0.13718382072320434,3.0,False,0.3057353081616482,15642229.826194681,17263431.401282135,1.7771707056522115,1.252010296089408,1.134434536272903,0.575022608516018,0.22475049635767685,0.12613432086060022,-1.0282601104742546,-0.36634541380513275,-0.5979295866046405
13663,GNS,2026-03-31,10898188.0,12.0,8590718.0,12.0,-0.035871029227976914,3.0,False,0.02380939420705097,3.0,False,0.30570335382329494,10263006.697022533,10275565.232511396,1.6319339841977023,1.7329349856641276,1.730817036429715,0.48976580486450616,0.5498164945445336,0.5485935724156634,-0.9745437185173933,-0.22488169871323388,-0.4396670637574355
13663,GNS,2026-04-30,10499030.0,12.0,8199211.0,12.0,-0.10112872561839914,3.0,False,-0.04750829305215298,3.0,False,0.29199314981531405,7740852.827507374,7416958.820546825,1.144039033191411,1.5516765914945536,1.6194373490888643,0.1345650122980969,0.43933601827755636,0.48207877353909384,-1.173417826548406,-0.34375233691013424,-0.540587052418208
14519,VVS,2023-04-30,1845128.0,7.0,615039.0,7.0,,,False,,,False,0.3789943736795162,,,68.74473357980987,,,4.230400131137069,,,1.014055711207839,,
14519,VVS,2023-05-31,1956466.0,8.0,652154.0,8.0,,,False,,,False,0.37795126919776306,,,53.70042775325623,,,3.983420967093079,,,0.8570447162828932,,
14519,VVS,2023-06-30,2088159.0,9.0,696054.0,9.0,,,False,,,False,0.36510796867596174,,,46.092522546435326,,,3.830650736118558,,,0.8064064431713331,,
14519,VVS,2023-07-31,2179546.0,10.0,726515.0,10.0,,,False,,,False,0.3618268892605057,,,43.21740456977444,,,3.7662432976738685,,,0.6589506804631318,,
14519,VVS,2023-08-31,2270199.0,11.0,756732.0,11.0,,,False,,,False,0.3587940398121241,,,34.87677767020893,,,3.551821211464948,,,0.6411679310277052,,
14519,VVS,2023-09-30,2337414.0,12.0,779137.0,12.0,,,False,,,False,0.35779214051797886,,,32.855390483359855,,,3.4921158253304863,,,0.5689449816068045,,
14519,VVS,2023-10-31,2167250.0,12.0,722415.0,12.0,,,False,,,False,0.34914879660920756,,,41.21135628738914,,,3.71871385641772,,,0.7091294094151912,,
14519,VVS,2023-11-30,2076306.0,12.0,692099.0,12.0,,,False,,,False,0.36704789627527545,,,64.84592180933177,,,4.172014022267384,,,0.9559294200127866,,
14519,VVS,2023-12-31,2422065.0,12.0,807355.0,12.0,,,False,,,False,0.36933185665085977,,,66.91992932947826,,,4.20349682007321,,,0.9307744357066615,,
14519,VVS,2024-01-31,2509257.0,12.0,836422.0,12.0,,,False,,,False,0.36881189483344734,,,53.61841539387138,,,3.9818925798510127,,,0.9418922182067448,,
14519,VVS,2024-02-29,2592291.0,12.0,864102.0,12.0,,,False,,,False,0.3529380974475268,,,67.5832161819574,,,4.213359670890014,,,0.9079025755088386,,
14519,VVS,2024-03-31,3196573.0,12.0,1065532.0,12.0,0.882616131764218,1.0,False,0.8826485268783957,1.0,False,0.36256716239255904,202356343.82437423,67462851.18034115,71.48150190465962,1.1291755655863986,3.3869875789428208,4.269438701607416,0.12148777846877924,1.2199409065548685,1.3873818102741033,-0.40495296755979887,-0.3344447859301568
14519,VVS,2024-04-30,4286127.0,12.0,1428713.0,12.0,1.3229429069419574,1.0,False,1.322963259240471,1.0,False,0.3577018012098146,1915224818.6126754,638462706.3950119,45.20888341157886,0.10117403134457159,0.3034962165986491,3.8112936031819835,-2.290913162325129,-1.1923861344625934,1.0416478008213936,-0.8642600943330084,-0.7327156003741762
14519,VVS,2024-05-31,5793293.0,12.0,1931100.0,12.0,1.9611007806933523,1.0,False,1.961110412571264,1.0,False,0.3510432748020953,27612974827.176632,9204626357.722084,28.370431387369397,0.005952209879308853,0.01785604490350024,3.3453474544636803,-5.123992720092382,-4.02541317802944,0.5721653731177725,-1.5324959769861668,-1.3696178512803203
14519,VVS,2024-06-30,6302716.0,12.0,2100904.0,12.0,2.0,1.0,True,2.0,1.0,True,0.3525439747542014,33754472591.466736,11251483723.096968,21.043490695506733,0.003929291004118699,0.01178788049349946,3.046591281689487,-5.5392962754527675,-4.440683352137425,0.37468543539425553,-1.9069596089813965,-1.7221082523559244
14519,VVS,2024-07-31,6494081.0,12.0,2164693.0,12.0,1.9795567517271944,1.0,False,1.9795572011589573,1.0,False,0.35205877692213006,32652975708.77869,10884337807.740026,18.667624310568087,0.0037126498188588095,0.011137936592172874,2.9267907031029807,-5.596009420419406,-4.497398286758422,0.3624603020823207,-2.1730305087045396,-2.0019756602481
14519,VVS,2024-08-31,6681116.0,12.0,2227040.0,12.0,1.942964911886579,1.0,False,1.942970562894129,1.0,False,0.3489515680134423,30426781955.00449,10142455510.319597,16.517837816544667,0.003626988574891681,0.010880756677634584,2.8044408767511877,-5.619352568702412,-4.520759492395953,0.36487932463155637,-2.0115907712338834,-2.0349448067011866
14519,VVS,2024-09-30,6757722.0,12.0,2252574.0,12.0,1.891110432298258,1.0,False,1.8911141429556033,1.0,False,0.348885569597533,25918483341.37785,8639601792.497997,16.716405745800973,0.00435846578603547,0.01307523489883713,2.8163906171913604,-5.435635167483693,-4.3370353036982925,0.20425882967439346,-2.0239977327537444,-1.9440362856861093
14519,VVS,2024-10-31,6883711.0,12.0,2294569.0,12.0,2.0,1.0,True,2.0,1.0,True,0.34374588921923255,39117071767.27325,13039016345.683367,14.248573035838278,0.0025074233450971956,0.007522274406349238,2.6566567638646212,-5.988499608845834,-4.889886739095636,0.11661671032096137,-2.1850093568580475,-1.947243557790718
14519,VVS,2024-11-30,7827183.0,12.0,2609059.0,12.0,2.0,1.0,True,2.0,1.0,True,0.45775553493191257,21747198132.31648,7249060487.266427,30.191130128022202,0.01086629638682892,0.0325989141494879,3.4075481768711224,-4.5220893546898395,-3.4234762994621257,0.1351891373640088,-2.017176672345374,-1.7813993248867208
14519,VVS,2024-12-31,8390762.0,12.0,2796919.0,12.0,2.0,1.0,True,2.0,1.0,True,0.4610057574445091,22875249365.857674,7625078578.215575,20.461877075582926,0.007505524327561141,0.022516586400169465,3.018563499989917,-4.892115952571429,-3.7935030680097057,-0.029468203254284214,-1.8671099606990356,-1.5772125795306706
14519,VVS,2025-01-31,8496728.0,12.0,2832242.0,12.0,2.0,1.0,True,2.0,1.0,True,0.4578090861310262,23600089004.130474,7866694483.009989,18.35411581639374,0.006608022950468588,0.0198240735176899,2.909853844521499,-5.0194707696356256,-3.9208582455827607,0.10066901439701285,-1.5984621822745735,-1.4498659422100608
14519,VVS,2025-02-28,8575968.0,12.0,2858654.0,12.0,2.0,1.0,True,2.0,1.0,True,0.4657470374319779,22745242274.827785,7581742120.528616,10.172498213547149,0.0038354842786609998,0.0115064608862422,2.3196878252777817,-5.563459573475423,-4.464846585177592,-0.26834201081958664,-1.6703014989795166,-1.4499424995681682
14519,VVS,2025-03-31,8573960.0,12.0,2857982.0,12.0,1.2471357083130963,2.0,False,1.2471451230654398,2.0,False,0.4583824267165441,1582659138.4518373,527572245.07817584,13.83464415815306,0.07494834657971282,0.22483685738369574,2.6271758924999506,-2.5909561149875655,-1.4923802180688055,-0.0123061345124382,-1.1387534761718927,-0.9171422020489096
14519,VVS,2025-04-30,7624364.0,12.0,2541452.0,12.0,1.032771491553241,2.0,False,1.0327764844480294,2.0,False,0.4536801656355399,589382447.2329843,196464831.72425938,13.903470784839167,0.17985795577158648,0.5395628377691478,2.6321385057186197,-1.715587874224838,-0.6169960269809892,-0.05547010780871184,-0.8286085154268484,-0.5235536492165311
14519,VVS,2025-05-31,6296458.0,12.0,2098814.0,12.0,0.7939568918186579,2.0,False,0.7939564463705544,2.0,False,0.4371944334565088,182046369.95130053,60681845.4682634,19.60387742184743,0.6780414839187998,2.034133765565306,2.97572737431644,-0.3885468071925677,0.7100700602453295,0.04286777997536041,-0.48544166441914033,-0.35230486486149315
14519,VVS,2025-06-30,5834229.0,12.0,1944739.0,12.0,0.6715137506759743,2.0,False,0.6715108309615989,2.0,False,0.47781572093320857,82004337.00501917,27334367.039562363,15.874223474668101,1.12937752234642,3.3881836303121577,2.764696628600842,0.12166661576212304,1.2202939755312296,-0.08488458941427095,-0.4789949406023968,-0.3806608971104797
14519,VVS,2025-07-31,5960379.0,12.0,1982637.0,12.0,0.6536893072762469,2.0,False,0.6519591761607153,2.0,False,0.4791049500155413,77021709.02381851,25423833.663906895,25.437807417856273,1.9685225770898889,5.9636550153599215,3.236236548352639,0.6772833005204865,1.7856835507223785,0.023334173318200813,-0.46695964882317015,-0.35134579514701
14519,VVS,2025-08-31,6875394.0,12.0,2273782.0,12.0,0.7402707926477328,2.0,False,0.7334182408996195,2.0,False,0.4333783768531798,157951792.70999473,50608537.92848892,41.0317948502911,1.786049726202767,5.574351041746161,3.7143472503252752,0.5800063242855145,1.7181759055026335,0.2685074539668447,-0.5301943922909588,-0.3552915710147483
14519,VVS,2025-09-30,7374799.0,12.0,2432150.0,12.0,0.7762630170283293,2.0,False,0.7668035516528673,2.0,False,0.4332218502980209,200139197.98346052,63192522.58941194,25.532943036986907,0.9408467939987905,2.9797880359942805,3.2399695022039148,-0.0609749645555712,1.091852169126556,0.04949614293794011,-0.6800324010757386,-0.5216634648285607
14519,VVS,2025-10-31,7781047.0,12.0,2558779.0,12.0,0.8948049625537593,2.0,False,0.8820147005825303,2.0,False,0.4403603950768512,350062276.79471195,108696577.66746813,17.77236232034511,0.3950370996322199,1.2722349634474512,2.8776445720110817,-0.9287755953719712,0.24077516755074135,0.027721573804271628,-0.8221269168435825,-0.5389455556364992
14519,VVS,2025-11-30,6681693.0,12.0,2188020.0,12.0,0.7938973125781827,2.0,False,0.7780400242222754,2.0,False,0.4250173976104319,204143297.14110515,62128097.30272721,13.73739955644963,0.44963066502784754,1.477416667168775,2.6201220080705894,-0.7993287775954072,0.39029506746809867,0.004953802317506924,-0.8150989133101234,-0.5098669416773
14519,VVS,2025-12-31,5770654.0,12.0,1882887.0,12.0,0.5435461567183262,2.0,False,0.5271435381437126,2.0,False,0.4241312367847139,55052615.958228596,16643867.196244469,13.759637581600414,1.442294907639983,4.770652560045005,2.6217394936118503,0.36623553087931876,1.5624831005841753,0.09484548129837375,-0.33802553500321425,-0.23965936378880964
14519,VVS,2026-01-31,5490457.0,12.0,1788319.0,12.0,0.47921627036351633,2.0,False,0.4622100740708335,2.0,False,0.4369090907306576,37348867.351109914,11266618.815088224,12.483099091713216,1.8350735551222463,6.083273066628,2.5243756567703253,0.6070845652384542,1.8055428844556465,0.03494370180941022,-0.1740816111928151,-0.056810020562578896
14519,VVS,2026-02-28,5312420.0,12.0,1727649.0,12.0,0.45503563388150425,2.0,False,0.4371928002238652,2.0,False,0.4226892090229909,33834091.83873505,10143311.64171532,12.270920667631094,1.926704126827066,6.426725972318926,2.5072322899446715,0.6558108368169906,1.8604652285296357,0.006516023949701852,-0.2515444979759982,-0.14790117363783434
14519,VVS,2026-03-31,4573947.0,12.0,1480150.0,12.0,0.39141311414874425,3.0,False,0.37774706264647717,3.0,False,0.45691025118288603,20017174.775051765,6113235.412546812,12.750075557555496,2.913406637131362,9.539657139092338,2.54553719766966,1.069323062169527,2.255457545515866,0.043377409355314776,-0.09734161971964134,-0.019528454211193102
14519,VVS,2026-04-30,4361471.0,12.0,1408688.0,12.0,0.3320959152880223,3.0,False,0.31816786460830526,3.0,False,0.4497178452605811,15116531.046902444,4608936.507398169,12.5620091162463,3.6244319739925213,11.887522940335144,2.5306771097321565,1.287697579198758,2.475489357655989,-0.050318014031894814,-0.1182368655573737,0.006014358033113478
14519,VVS,2026-05-31,4146577.0,12.0,1336546.0,12.0,0.28451489059477586,3.0,False,0.27021698595935173,3.0,False,0.4458282084548535,11912138.158687536,3624518.782684924,12.545405065616958,4.367015174587459,14.352384749468923,2.5293544683060314,1.474079749328497,2.6639161130304747,-0.08530566180566522,-0.0809668551979323,0.054984568974550854
14803,AURORA,2024-02-29,,,,,,,,,,,0.49305759381811715,,,,,,,,,,,
14803,AURORA,2024-03-31,,,,,,,,,,,0.503897998075934,,,,,,,,,,,
14803,AURORA,2024-04-30,,,,,,,,,,,0.5077949481419596,,,,,,,,,,,
14803,AURORA,2024-05-31,,,,,,,,,,,0.5002519249778931,,,,,,,,,,,
14803,AURORA,2024-06-30,,,,,,,,,,,0.49644060768250275,,,,,,,,,,,
14803,AURORA,2024-07-31,,,,,,,,,,,0.4958913911841786,,,,,,,,,,,
14803,AURORA,2024-08-31,,,,,,,,,,,0.49540833873305323,,,,,,,,,,,
14803,AURORA,2024-09-30,,,,,,,,,,,0.49771779549760103,,,,,,,,,,,
14803,AURORA,2024-10-31,,,,,,,,,,,0.4927210225298067,,,,,,,,,,,
14803,AURORA,2024-11-30,,,,,,,,,,,0.5473872932023033,,,,,,,,,,,
14803,AURORA,2024-12-31,,,,,,,,,,,0.5462944683502772,,,,,,,,,,,
14803,AURORA,2025-01-31,,,,,,,,,,,0.5416853042012688,,,,,,,,,,,
14803,AURORA,2025-02-28,,,,,,,,,,,0.5486657913848976,,,,,,,,,,,
14803,AURORA,2025-03-31,,,,,,,,,,,0.5496359448985421,,,,,,,,,,,
14803,AURORA,2025-04-30,,,,,,,,,,,0.5593323883362442,,,,,,,,,,,
14803,AURORA,2025-05-31,,,,,,,,,,,0.5444577228255804,,,,,,,,,,,
14803,AURORA,2025-06-30,,,,,,,,,,,0.5647758136782269,,,,,,,,,,,
14803,AURORA,2025-07-31,,,,,,,,,,,0.55681384665599,,,,,,,,,,,
14803,AURORA,2025-08-31,,,,,,,,,,,0.5549073688936922,,,,,,,,,,,
14803,AURORA,2025-09-30,,,,,,,,,,,0.5508479795921425,,,,,,,,,,,
14803,AURORA,2025-10-31,,,,,,,,,,,0.533716664714519,,,,,,,,,,,
14803,AURORA,2025-11-30,,,,,,,,,,,0.5207202652300917,,,,,,,,,,,
14803,AURORA,2025-12-31,,,,,,,,,,,0.507112926596247,,,,,,,,,,,
14803,AURORA,2026-01-31,,,,,,,,,,,0.5253630864436855,,,,,,,,,,,
14803,AURORA,2026-02-28,,,,,,,,,,,0.5222001436679287,,,,,,,,,,,
14803,AURORA,2026-03-31,,,,,,,,,,,0.566401180763504,,,,,,,,,,,
14803,AURORA,2026-04-30,,,,,,,,,,,0.5598575850794675,,,,,,,,,,,
14803,AURORA,2026-05-31,,,,,,,,,,,0.5459537824470619,,,,,,,,,,,
17751,T,2023-04-30,,,,,,,,,,,0.8306452510489342,,,,,,,,,,,
17751,T,2023-05-31,,,,,,,,,,,0.8280254797005226,,,,,,,,,,,
17751,T,2023-06-30,,,,,,,,,,,0.7905537152527234,,,,,,,,,,,
17751,T,2023-07-31,,,,,,,,,,,0.7817641252032426,,,,,,,,,,,
17751,T,2023-08-31,,,,,,,,,,,0.7808325512105755,,,,,,,,,,,
17751,T,2023-09-30,,,,,,,,,,,0.7769724305973241,,,,,,,,,,,
17751,T,2023-10-31,,,,,,,,,,,0.7102637263512328,,,,,,,,,,,
17751,T,2023-11-30,,,,,,,,,,,0.7048118666814708,,,,,,,,,,,
17751,T,2023-12-31,,,,,,,,,,,0.69136657518814,,,,,,,,,,,
17751,T,2024-01-31,,,,,,,,,,,0.6895341928855696,,,,,,,,,,,
17751,T,2024-02-29,,,,,,,,,,,0.590667849711995,,,,,,,,,,,
17751,T,2024-03-31,,,,,,,,,,,0.6066710269897588,,,,,,,,,,,
17751,T,2024-04-30,,,,,,,,,,,0.6085220336733732,,,,,,,,,,,
17751,T,2024-05-31,,,,,,,,,,,0.6040146402675218,,,,,,,,,,,
17751,T,2024-06-30,,,,,,,,,,,0.6096309572171815,,,,,,,,,,,
17751,T,2024-07-31,,,,,,,,,,,0.6088655146306593,,,,,,,,,,,
17751,T,2024-08-31,,,,,,,,,,,0.599472039506715,,,,,,,,,,,
17751,T,2024-09-30,,1.0,,1.0,,,False,,,False,0.5990040002870807,,,,,,,,,,,
17751,T,2024-10-31,,2.0,,2.0,,,False,,,False,0.5907544683085618,,,,,,,,,,,
17751,T,2024-11-30,,3.0,,3.0,,,False,,,False,0.5877977253857393,,,,,,,,,,,
17751,T,2024-12-31,,4.0,,4.0,,,False,,,False,0.5898470501437241,,,,,,,,,,,
17751,T,2025-01-31,,5.0,,5.0,,,False,,,False,0.5860286077636411,,,,,,,,,,,
17751,T,2025-02-28,1054874.0,6.0,1054675.0,6.0,,,False,,,False,0.5746906899971664,,,187.35519324857424,,,5.233006244356848,,,1.6204067328119456,,
17751,T,2025-03-31,1175829.0,7.0,1175630.0,7.0,,,False,,,False,0.5764937815820035,,,131.490536809661,,,4.878934885603696,,,1.4489281961512408,,
17751,T,2025-04-30,1395301.0,8.0,1395102.0,8.0,,,False,,,False,0.5750718080493028,,,128.0935979267855,,,4.852761230501451,,,1.3472565472783133,,
17751,T,2025-05-31,1675344.0,9.0,1675145.0,9.0,,,False,,,False,0.5612766883403223,,,90.69577593000326,,,4.507510784151287,,,0.8841882034039774,,
17751,T,2025-06-30,1759255.0,10.0,1759056.0,10.0,,,False,,,False,0.6272159146103983,,,97.62769278370448,,,4.58116119071112,,,0.9125765927525308,,
17751,T,2025-07-31,1819647.0,11.0,1819448.0,11.0,,,False,,,False,0.6320608242712835,,,94.34800984068649,,,4.546990178223639,,,0.7481884592875554,,
17751,T,2025-08-31,1900940.0,12.0,1900739.0,12.0,,,False,,,False,0.6404221574778919,,,85.89877590997745,,,4.453169578713791,,,0.6759775026181642,,
17751,T,2025-09-30,1985755.0,12.0,1985554.0,12.0,,,False,,,False,0.6426606373941913,,,75.20304865732847,,,4.320191770790007,,,0.6355308832708075,,
17751,T,2025-10-31,2195803.0,12.0,2195602.0,12.0,,,False,,,False,0.6421764291414949,,,61.140214153991224,,,4.113169819138779,,,0.6856218395943379,,
17751,T,2025-11-30,2014759.0,12.0,2014314.0,12.0,,,False,,,False,0.6216848314798494,,,62.08040161092661,,,4.1284303451022115,,,0.8275806618234712,,
17751,T,2025-12-31,1890642.0,12.0,1890197.0,12.0,,,False,,,False,0.6255077377322225,,,50.58466877013406,,,3.9236485416505316,,,0.809411079904271,,
17751,T,2026-01-31,1718093.0,12.0,1717847.0,12.0,,,False,,,False,0.39047025430391546,,,50.18853421503198,,,3.9157865985189573,,,0.7627406062270157,,
17751,T,2026-02-28,1621402.0,12.0,1621156.0,12.0,0.5370575063941285,1.0,False,0.5371142769099486,1.0,False,0.37875306477250686,17812536.014198806,17814779.731721763,46.16193351137115,4.2019312275097604,4.201402007004798,3.8321555084840218,1.4355442356800596,1.4354182807783813,0.7160657895191379,-0.043884224250368635,-0.2581933920876394
17751,T,2026-03-31,1559010.0,12.0,1558764.0,12.0,0.3258815695139343,1.0,False,0.32589675323018286,1.0,False,0.3859975650586764,6104568.182429877,6104028.611071929,43.16753133767203,11.024303606673186,11.025278110373366,3.7650886232594063,2.4001022544103194,2.4001906464454446,0.647241811292123,0.22936778855089685,0.01609709342364428
17751,T,2026-04-30,1490185.0,12.0,1489939.0,12.0,0.0680025313534498,1.0,False,0.06797854207075904,1.0,False,0.3815426165219721,1994809.0571731038,1994300.2726394534,43.54760793374563,32.531430462177525,32.53972985866448,3.7738547748955003,3.4822067131482526,3.4824617999329672,0.5323811861285805,0.4651179026539196,0.28213035822885224
17751,T,2026-05-31,1260665.0,12.0,1260419.0,12.0,-0.24751871854377372,1.0,False,-0.24757617997248005,1.0,False,0.3804882972969273,600565.0631392832,600346.1231795115,42.97965611175661,90.21994700940758,90.25284928162387,3.760726890059894,4.502250544631458,4.502615167702159,0.4749182537018358,0.651841499435594,0.5447096725048889
17799,AXL,2024-03-31,,,,,,,,,,,0.3969971238722054,,,,,,,,,,,
17799,AXL,2024-04-30,,,,,,,,,,,0.47282272162235267,,,,,,,,,,,
17799,AXL,2024-05-31,,,,,,,,,,,0.46574525258502664,,,,,,,,,,,
17799,AXL,2024-06-30,,,,,,,,,,,0.49756514636634047,,,,,,,,,,,
17799,AXL,2024-07-31,,,,,,,,,,,0.49715291161305364,,,,,,,,,,,
17799,AXL,2024-08-31,,,,,,,,,,,0.49215343451303467,,,,,,,,,,,
17799,AXL,2024-09-30,,,,,,,,,,,0.49194223693698547,,,,,,,,,,,
17799,AXL,2024-10-31,,,,,,,,,,,0.491220649962422,,,,,,,,,,,
17799,AXL,2024-11-30,,,,,,,,,,,0.46862352541753105,,,,,,,,,,,
17799,AXL,2024-12-31,,1.0,,1.0,,,False,,,False,0.4853650198824058,,,,,,,,,,,
17799,AXL,2025-01-31,,2.0,,2.0,,,False,,,False,0.48157140026552325,,,,,,,,,,,
17799,AXL,2025-02-28,,3.0,,3.0,,,False,,,False,0.47102130292265704,,,,,,,,,,,
17799,AXL,2025-03-31,,4.0,,4.0,,,False,,,False,0.4717501783972998,,,,,,,,,,,
17799,AXL,2025-04-30,,5.0,,5.0,,,False,,,False,0.4665976274075901,,,,,,,,,,,
17799,AXL,2025-05-31,125087.0,6.0,0.0,6.0,,,False,,,False,0.4598260244684624,,,2464.711604427722,,,7.661725636502171,,,2.6166167948918524,,
17799,AXL,2025-06-30,148887.0,7.0,0.0,7.0,,,False,,,False,0.457408176529685,,,2194.771247132519,,,7.661725636502171,,,2.60418319930807,,
17799,AXL,2025-07-31,164963.0,8.0,0.0,8.0,,,False,,,False,0.4568530095264492,,,2090.55618261213,,,7.645185425638612,,,2.4615082263895145,,
17799,AXL,2025-08-31,176198.0,9.0,0.0,9.0,,,False,,,False,0.45342991870747307,,,1770.304008467986,,,7.47890656701607,,,2.3447104989784187,,
17799,AXL,2025-09-30,189491.0,10.0,0.0,10.0,,,False,,,False,0.4532312761876235,,,1572.9060637647224,,,7.3606801833887125,,,2.2850357020287304,,
17799,AXL,2025-10-31,199753.0,11.0,0.0,11.0,,,False,,,False,0.4679179185502419,,,880.1504907130172,,,6.780092905025221,,,2.1057218425083297,,
17799,AXL,2025-11-30,207693.0,12.0,0.0,12.0,,,False,,,False,0.4624488649834278,,,623.8286234673045,,,6.43587568876912,,,2.086054456563607,,
17799,AXL,2025-12-31,206520.0,12.0,0.0,12.0,,,False,,,False,0.4735686499504603,,,365.8436866806817,,,5.90220615660244,,,1.8953619062191065,,
17799,AXL,2026-01-31,171468.0,12.0,0.0,12.0,,,False,,,False,0.46141835679655274,,,423.38685716426113,,,6.048286317038678,,,1.8781743341374666,,
17799,AXL,2026-02-28,155579.0,12.0,0.0,12.0,,,False,,,False,0.4508226423406201,,,398.9687108720385,,,5.988882994947872,,,1.8710802545118002,,
17799,AXL,2026-03-31,141015.0,12.0,0.0,12.0,,,False,,,False,0.4865713425640752,,,384.16342319894756,,,5.951068043300973,,,1.729635818983298,,
17799,AXL,2026-04-30,129821.0,12.0,0.0,12.0,,,False,,,False,0.4933966493502158,,,546.9295622184667,,,6.30432002304886,,,1.718454679444682,,
17799,AXL,2026-05-31,108370.0,12.0,0.0,12.0,-0.1336429844828,1.0,False,,,False,0.4933214003878309,75436.39258892745,,594.7048668339004,854.3378627605462,,6.3880652603580605,6.750326739391482,,1.6702493843723516,1.1958692735387626,
18037,MAV,2024-08-31,3476777.0,12.0,,,1.0065672110389627,1.0,False,,,,0.21009316775562223,1108598496.2424948,,13.558047812041533,0.042520632093204,,2.6069803054844507,-3.157765859833278,,0.21223648729424813,-1.3030659868711563,
18037,MAV,2024-09-30,3139669.0,12.0,,,0.5052127080193147,1.0,False,,,,0.21110652599496374,69875563.70749658,,26.96409202398956,1.2115583667453795,,3.2945060558317403,0.19190743736973837,,0.5615184153371486,-0.4341005134036629,
18037,MAV,2024-10-31,2654680.0,12.0,,,0.025467097659412685,1.0,False,,,,0.19619932209293173,3779830.4609345426,,24.47986942312304,17.192892758504513,,3.1978511236071476,2.844496086709068,,0.5017141144940018,0.28719620951378694,
18037,MAV,2024-11-30,2170837.0,12.0,,,-0.3004947172268768,1.0,False,,,,0.36727071561531305,875490.902285436,,58.02190014996117,143.86909941272677,,4.060820528070145,4.968903854299919,,0.5592346381615241,0.667560689386317,
18037,MAV,2024-12-31,1755363.0,12.0,,,-0.5,1.0,True,,,,0.3853288967780513,397321.7459952419,,51.800383933966685,228.85351295261967,,3.9473975610906082,5.433082117441173,,0.5681171024888094,0.8232215756394534,
18037,MAV,2025-01-31,1446287.0,12.0,,,-0.5,1.0,True,,,,0.3786876108984467,324794.55668741936,,44.81432968066387,199.55501438170757,,3.802527947220363,5.296089959626573,,0.7701818148765819,0.8890092017796469,
18037,MAV,2025-02-28,1155038.0,12.0,,,-0.5,1.0,True,,,,0.39251013715370886,263636.048324165,,35.572944614753375,155.8516108214984,,3.571585366193063,5.048904341876958,,0.5432822497054934,0.9558462258877994,
18037,MAV,2025-03-31,737064.0,12.0,,,-0.5,1.0,True,,,,0.3958100594598327,168873.14353290113,,44.87293627045353,195.85249144605277,,3.8038348573487943,5.277361781225988,,0.7512633594636431,0.9836937484179858,
18037,MAV,2025-04-30,502236.0,12.0,,,-0.5,1.0,True,,,,0.3914061090961991,114488.59395591161,,77.34813555715763,339.3090688548783,,4.348316472748707,5.826911399564083,,1.0286080439455867,1.0685405484450698,
18037,MAV,2025-05-31,364948.0,12.0,,,-0.5,1.0,True,,,,0.38541769706906737,82613.63389356821,,89.10613761306413,393.6288137561791,,4.489828216650507,5.975408368180043,,0.8744761872784955,1.0709819926784099,
18037,MAV,2025-06-30,268307.0,12.0,,,-0.5,1.0,True,,,,0.38505000515187626,60710.6559227108,,110.57939282491068,488.69880747861544,,4.705733750072779,6.191746364082044,,0.9809821619655467,1.0593096068528487,
18037,MAV,2025-07-31,235347.0,12.0,,,-0.5,2.0,True,,,,0.38397948728795284,53185.56071638915,,133.90897387825717,592.549459868998,,4.897160269706531,6.38443434609746,,0.941834531169604,1.057356208031966,
18037,MAV,2025-08-31,216937.0,12.0,,,-0.5,2.0,True,,,,0.3307069964433018,45824.952662665644,,230.74694480214637,1092.3644664302285,,5.441321633001251,6.996099861086458,,1.2209561127173438,1.209428205248056,
18037,MAV,2025-09-30,206237.0,12.0,,,-0.5,2.0,True,,,,0.3308278582239521,43571.882497137594,,195.0945498959296,923.4330118633288,,5.2734843123128385,6.828098259773181,,1.1527045828686018,1.202411209350146,
18037,MAV,2025-10-31,197861.0,12.0,,,-0.5,2.0,True,,,,0.3487865320048276,42810.22673048889,,122.31765958344424,565.3297422413226,,4.806621427881874,6.3374091754960915,,1.0548753200596208,1.2442197958086552,
18037,MAV,2025-11-30,175724.0,12.0,,,-0.5,2.0,True,,,,0.3275673919080294,36960.50938524207,,126.49029783787854,601.3818929167281,,4.840165608292448,6.39923016188156,,1.2157589473788606,1.3128223257976355,
18037,MAV,2025-12-31,146976.0,12.0,,,-0.5,2.0,True,,,,0.32606576683685673,30850.155138191527,,146.42257318382934,697.5849560517985,,4.9864967780555345,6.5476243070695155,,1.3927657984371113,1.303513209692563,
18037,MAV,2026-01-31,120342.0,12.0,,,-0.5,2.0,True,,,,0.3300437346960542,25397.658182352217,,145.93331427548347,691.4774102575832,,4.983149765827795,6.538830482830911,,1.321039801488829,1.2624668409123583,
18037,MAV,2026-02-28,103720.0,12.0,,,-0.5,2.0,True,,,,0.33930801811215494,22164.127026626462,,113.347390186879,530.4242885839702,,4.7304573523115785,6.27367723077939,,1.197142620070209,1.2446177477675864,
18876,APE,2026-03-31,89935.0,12.0,,,0.1764513512806425,1.0,False,,,,0.4382684008065982,171217.31101254423,,719.6957117829919,378.03323423565064,,6.57882850015641,5.934982113013075,,2.040473217787757,1.0971890722357902,
18876,APE,2026-04-30,100244.0,12.0,,,0.23616095100686874,1.0,False,,,,0.46927927672089503,229622.18421286848,,1203.0084667170083,525.1861058240967,,7.092580753952413,6.263752687059845,,2.0879263247988167,1.2045215723757141,
18876,APE,2026-05-31,103466.0,12.0,,,0.1734564260763054,1.0,False,,,,0.46894618891129053,188367.8425343093,,1346.0239822087585,739.3391327813567,,7.204910327437297,6.60575672337017,,2.0418803659971694,1.1608837582784453,
18934,STG,2024-02-29,22916706.0,12.0,22517255.0,12.0,2.0,1.0,True,2.0,1.0,True,0.18254969926325412,477372178309.5187,469051314307.6017,6.023304819067821,0.00028915448356410447,0.00029428401856356,1.7956360819571113,-8.148549467465724,-7.200580461945247,-0.9513860813023147,-2.5430129206488377,-2.4554203012341573
18934,STG,2024-03-31,25350295.0,12.0,25350295.0,12.0,2.0,1.0,True,2.0,1.0,True,0.19130064121844936,484210297616.0684,484210297616.0684,6.19423789294256,0.0003242924792375614,0.0003242924792375614,1.8236194878109886,-8.033864735676737,-7.200580461945247,-1.0204105481536492,-2.546861205557321,-2.5862047660519987
18934,STG,2024-04-30,25723427.0,12.0,25723427.0,12.0,2.0,1.0,True,2.0,1.0,True,0.2404338873372006,316100571192.99994,316100571192.99994,3.951201515142094,0.0003215383109035579,0.0003215383109035579,1.3740197137079861,-8.042393858388877,-7.200580461945247,-0.959175388984408,-2.2735503749716597,-2.1523857072811174
18934,STG,2024-05-31,24281790.0,12.0,24278825.0,12.0,2.0,1.0,True,2.0,1.0,True,0.2513480313038538,272775331003.75687,272742022962.7753,5.952453423271364,0.0005298727838649959,0.0005299374934546963,1.7838034746143512,-7.5428736106734275,-7.200580461945247,-0.7545516012027215,-2.128487252731574,-2.138857091014504
18934,STG,2024-06-30,21678980.0,12.0,21627886.0,12.0,1.0362403973786116,1.0,False,1.1568404653646174,1.0,False,0.29595861598823575,4193136555.969776,7176980344.03746,3.594585493447661,0.018584404772078608,0.01085790169196752,1.279428683676305,-3.985432503075449,-4.52286219751228,-0.947500234677548,-1.4652853495668554,-1.7446960026042002
18934,STG,2024-07-31,18033880.0,12.0,17931996.0,12.0,0.24224290467172271,1.0,False,0.2902388287863773,1.0,False,0.29488924000129974,60874286.93195113,77531271.06079306,4.0399534057064255,1.1968277345990725,0.9396987038555558,1.3962331586655665,0.1796745019326924,-0.062195982911344996,-0.8016104663266879,-0.40685615562982985,-0.67578217278545
18934,STG,2024-08-31,15203746.0,12.0,15038520.0,12.0,-0.13419683513019154,1.0,False,-0.11231532246135267,1.0,False,0.2975006981312194,9953581.26231635,10647528.694265382,3.881423813434128,5.928738634125627,5.542336017332082,1.3562020485463027,1.7798114811301238,1.7124160756623583,-0.7546519441230132,0.11812949983488091,-0.1671465385435049
18934,STG,2024-09-30,13810400.0,12.0,13556350.0,12.0,-0.2682060917826322,1.0,False,-0.2570947917310582,1.0,False,0.2980512618122728,5779102.194973042,5878023.403937348,4.8085982344828215,11.49117333748955,11.297788473080633,1.570405614302021,2.441579204792266,2.4246069962176793,-0.7267717330284132,0.2014783064511565,0.042056686894236084
18934,STG,2024-10-31,13003066.0,12.0,12682939.0,12.0,-0.32745867354607316,1.0,False,-0.32013840875707533,1.0,False,0.29089582430838834,4478454.1662957035,4470019.875606565,4.172191200145829,12.11384007196141,12.136697162393205,1.4284413654617933,2.4943486065532845,2.4962336862098304,-0.7573439161632236,0.1891958731241949,0.0857350877060306
18934,STG,2024-11-30,12253632.0,12.0,11830070.0,12.0,-0.37523421135430435,1.0,False,-0.37482977027164566,1.0,False,0.3582811331720749,3927349.6917466843,3796164.419174199,6.895909537773152,21.515766207103667,22.25929344744874,1.9309284152030106,3.068785978350086,3.102759604438378,-0.8232992559910954,0.13007031920831813,0.0461300307437032
18934,STG,2024-12-31,11477275.0,12.0,10916717.0,12.0,-0.43522664426326396,1.0,False,-0.4469449846204975,1.0,False,0.35631707945708346,3064978.6840224066,2812919.5651870756,6.569985125406481,24.60230031069554,26.80685468700373,1.8825115684766778,3.202839947131523,3.2886576267158785,-0.760371568306242,0.24211012346479083,0.2027081559899105
18934,STG,2025-01-31,10528489.0,12.0,9848396.0,12.0,-0.5,1.0,True,-0.5,1.0,True,0.354476088721727,2294717.3184599928,2146488.9083563765,6.510889648887363,29.8728865194293,31.935795140453298,1.8734761056987759,3.39695126362967,3.4637274854182643,-0.6766226760150649,0.43105511817451625,0.3999859637934991
18934,STG,2025-02-28,8773935.0,12.0,7952573.0,12.0,0.9575178594777358,2.0,False,0.9599715974527769,2.0,False,0.3498293020356325,845656691.7180455,775209285.8914003,5.907943681180063,0.06129664005498991,0.06686699293433945,1.7762978319866058,-2.7920302490431568,-2.705049812757355,-0.6206300272647952,-0.9844804252732735,-1.009892205226377
18934,STG,2025-03-31,5325360.0,12.0,4383989.0,12.0,0.24431833635628863,2.0,False,0.24674292154929534,2.0,False,0.3541882962603174,15515506.898713917,12915927.22509059,7.580361011397419,2.60179390716532,3.1254551541011972,2.0255608253535913,0.9562011714058558,1.1395799218949167,-0.4027122981610058,-0.18192201142992115,-0.21416752610170914
18934,STG,2025-04-30,2982042.0,12.0,1903924.0,12.0,-0.26694539174619114,2.0,False,-0.37857855387885886,2.0,False,0.35485611544295736,1315162.8731625741,601965.2866253625,14.485009163793954,32.843769070934606,71.75647276767492,2.673114263861359,3.4917620487334853,4.273278063360696,-0.0295864727734806,0.4811853172255455,0.6285456414341036
18934,STG,2025-05-31,2305611.0,12.0,1154922.0,12.0,-0.45450551459198396,2.0,False,-0.5,2.0,True,0.35041791390061994,576343.2014004227,250412.22514281457,15.855441484749715,63.42831876609079,145.9852060986498,2.7635127527461116,4.14991042995149,4.983505288482859,-0.07368949184973543,0.6245225034543416,0.6988514081042488
18934,STG,2025-06-30,2087492.0,12.0,908612.0,12.0,-0.5,2.0,True,-0.5,2.0,True,0.3513627776701996,453164.76821248303,197246.7182509349,15.037741122842487,69.27097271005367,159.14669998245165,2.7105631159414845,4.238025954234949,5.069826418247347,-0.11461050791460999,0.5641897541432114,0.5762742652071335
18934,STG,2025-07-31,1971891.0,12.0,738301.0,12.0,-0.5,2.0,True,-0.5,2.0,True,0.351487772644852,428138.25093774556,160300.39125164042,16.553376129248996,76.24045115657567,203.62678564920157,2.806590076743788,4.333892176912064,5.316288836186161,-0.21426279326653902,0.5096794567636053,0.5429851496285105
18934,STG,2025-08-31,1996868.0,12.0,617048.0,12.0,-0.5,2.0,True,-0.5,2.0,True,0.3382631637284587,426121.9077310128,131675.03857120546,54.07196364880986,253.38892919729918,820.0079155403673,3.9903158195240045,5.534925577892784,6.709313993309717,0.4207076812703557,0.8132538372456263,0.9110798200288271
18934,STG,2025-09-30,2170200.0,12.0,590952.0,12.0,-0.5,2.0,True,-0.5,2.0,True,0.33747163419426485,462621.5555183549,125973.24369951287,53.28393121604326,249.95979142279526,917.9472094954418,3.975634807595118,5.521300070618203,6.822139882970706,0.4486042142621271,0.8453277786495531,0.9362782285796527
18934,STG,2025-10-31,2217452.0,12.0,512841.0,12.0,-0.5,2.0,True,-0.5,2.0,True,0.3412185118166052,475052.5798762165,109867.7401433261,41.18993427187345,192.2665111193244,831.3332194862893,3.7181939127165253,5.258882488283532,6.723030700626741,0.47530258110894985,0.9375099962499608,1.0992864675584852
18934,STG,2025-11-30,2084042.0,12.0,413144.0,12.0,-0.5,2.0,True,-0.5,2.0,True,0.3273047145582175,438184.35916689364,86866.40618742189,37.75281120770717,179.55557410702966,905.740753280121,3.631059942000685,5.190484765063669,6.808753120813465,0.5563163303407989,0.9555126164255245,1.1477164829094884
18934,STG,2025-12-31,1884518.0,12.0,255777.0,12.0,-0.5,2.0,True,-0.5,2.0,True,0.32669409470273353,395900.9562014882,53733.82417909939,37.17102225863442,176.93683086015722,1303.6381012324089,3.6155294861810328,5.175792781078502,7.172914174238348,0.6402969028078502,0.9392076009297836,1.189823126868245
18934,STG,2026-01-31,1767079.0,12.0,165880.0,12.0,-0.5,2.0,True,-0.5,2.0,True,0.2863536637042266,350101.09135193605,32864.84024396145,56.35196288009215,284.42747730280587,3029.9362320036466,4.031617073598576,5.650478308250928,8.016296852738604,0.8233273521485499,1.0473259769835301,1.3932068695398405
18934,STG,2026-02-28,1680621.0,12.0,142166.0,12.0,-0.0979534570488626,3.0,False,-0.5,3.0,True,0.26733400429710436,1254932.567339123,27335.11311902435,62.19793644217053,83.296235082191,3824.0616633346503,4.130321823023901,4.422403351058833,8.2490683993903,0.8757458642752514,0.7515825114106133,1.5098291552999348
18934,STG,2026-03-31,1764476.0,12.0,341937.0,12.0,-0.1994718739137148,3.0,False,-0.5,3.0,True,0.29740764255314445,923181.4513180522,68887.19882824928,99.88701565158826,190.91397642058044,2558.504988252998,4.604039703749651,5.2518229413601745,7.8471783779219635,1.0626508558344592,0.9294718956924068,1.3568541120168525
18934,STG,2026-04-30,1763414.0,12.0,477622.0,12.0,-0.3176020267025643,3.0,False,-0.5,3.0,True,0.28779545216755537,624362.5432508729,94837.62032788694,80.64911787832243,227.780774313907,1499.592493596816,4.390107866858859,5.428383650234171,7.312948679245612,0.821229830892712,0.9824598350562157,1.3324656718015597
18934,STG,2026-05-31,1780823.0,12.0,570567.0,12.0,-0.38745431734435576,3.0,False,-0.5,3.0,True,0.25855353104998274,486615.74058826774,108140.75554666216,141.22289829852906,516.820489844107,2325.607807577815,4.9503394811641686,6.247695599213616,7.751736706470633,1.016143160116604,1.0742340278014217,1.4100913008432798
21159,ONDO,2025-01-31,,,,,,,,,,,0.8101052996893108,,,,,,,,,,,
21159,ONDO,2025-02-28,,,,,,,,,,,0.8007290396203205,,,,,,,,,,,
21159,ONDO,2025-03-31,,,,,,,,,,,0.8108267929683857,,,,,,,,,,,
21159,ONDO,2025-04-30,,1.0,,1.0,,,False,,,False,0.7946217294743761,,,,,,,,,,,
21159,ONDO,2025-05-31,,2.0,,2.0,,,False,,,False,0.779521624437486,,,,,,,,,,,
21159,ONDO,2025-06-30,,3.0,,3.0,,,False,,,False,0.7812417599373326,,,,,,,,,,,
21159,ONDO,2025-07-31,,4.0,,4.0,,,False,,,False,0.7787565785461198,,,,,,,,,,,
21159,ONDO,2025-08-31,,5.0,,5.0,,,False,,,False,0.7652497594847977,,,,,,,,,,,
21159,ONDO,2025-09-30,24804908.0,6.0,17867330.0,6.0,,,False,,,False,0.7639405850555272,,,112.54748173411816,,,4.723375192461094,,,0.8542631744823186,,
21159,ONDO,2025-10-31,29644441.0,7.0,21115172.0,7.0,,,False,,,False,0.7711017506347427,,,73.26397517390133,,,4.294069017056598,,,0.7819481839309036,,
21159,ONDO,2025-11-30,33910405.0,8.0,21115172.0,8.0,,,False,,,False,0.7492065645692969,,,47.098193165313866,,,3.8522346386159256,,,0.6769443489041977,,
21159,ONDO,2025-12-31,38127164.0,9.0,21115172.0,9.0,,,False,,,False,0.7579445015355322,,,29.712782394081152,,,3.3915773368592763,,,0.517378560792899,,
21159,ONDO,2026-01-31,43175988.0,10.0,21115172.0,10.0,,,False,,,False,0.753329655194218,,,32.387083608185236,,,3.4777596892462688,,,0.5336245204934693,,
21159,ONDO,2026-02-28,47196262.0,11.0,21115172.0,11.0,,,False,,,False,0.7272649374400039,,,26.957431758376707,,,3.2942590203186635,,,0.4280005478977288,,
21159,ONDO,2026-03-31,51388122.0,12.0,21115172.0,12.0,,,False,,,False,0.7261993570677198,,,25.801211053505558,,,3.2504214308842765,,,0.392402868219416,,
21159,ONDO,2026-04-30,54645751.0,12.0,21115172.0,12.0,,,False,,,False,0.7106413032488815,,,23.388565025833298,,,3.1522472288138617,,,0.241022814702325,,
21159,ONDO,2026-05-31,54487593.0,12.0,21115172.0,12.0,,,False,,,False,0.6933608416193681,,,32.465789084867154,,,3.480186891374825,,,0.3472840678590461,,
22461,HFT,2023-11-30,,,,,,,,,,,0.3473733454586283,,,,,,,,,,,
22461,HFT,2023-12-31,,,,,,,,,,,0.34868787846121285,,,,,,,,,,,
22461,HFT,2024-01-31,,,,,,,,,,,0.35548907099970783,,,,,,,,,,,
22461,HFT,2024-02-29,,,,,,,,,,,0.3573126204000228,,,,,,,,,,,
22461,HFT,2024-03-31,,,,,,,,,,,0.35546787360750975,,,,,,,,,,,
22461,HFT,2024-04-30,,,,,,,,,,,0.38227605170868756,,,,,,,,,,,
22461,HFT,2024-05-31,,,,,,,,,,,0.3816066516388957,,,,,,,,,,,
22461,HFT,2024-06-30,,,,,,,,,,,0.39132534284189835,,,,,,,,,,,
22461,HFT,2024-07-31,,,,,,,,,,,0.3928958356188207,,,,,,,,,,,
22461,HFT,2024-08-31,,,,,,,,,,,0.39265089652382495,,,,,,,,,,,
22461,HFT,2024-09-30,,,,,,,,,,,0.3920696412180255,,,,,,,,,,,
22461,HFT,2024-10-31,,,,,,,,,,,0.3866602094042745,,,,,,,,,,,
22461,HFT,2024-11-30,,,,,,,,,,,0.4830095616326444,,,,,,,,,,,
22461,HFT,2024-12-31,,,,,,,,,,,0.48503858590275334,,,,,,,,,,,
22461,HFT,2025-01-31,,,,,,,,,,,0.4822163219049905,,,,,,,,,,,
22461,HFT,2025-02-28,,,,,,,,,,,0.48457624848638436,,,,,,,,,,,
22461,HFT,2025-03-31,,,,,,,,,,,0.49075971708758487,,,,,,,,,,,
22461,HFT,2025-04-30,,,,,,,,,,,0.49096492912098544,,,,,,,,,,,
22461,HFT,2025-05-31,,,,,,,,,,,0.4878236835657418,,,,,,,,,,,
22461,HFT,2025-06-30,,,,,,,,,,,0.46062667829746806,,,,,,,,,,,
22461,HFT,2025-07-31,,,,,,,,,,,0.4581447333077163,,,,,,,,,,,
22461,HFT,2025-08-31,,,,,,,,,,,0.438079336375868,,,,,,,,,,,
22461,HFT,2025-09-30,,,,,,,,,,,0.43807647150725704,,,,,,,,,,,
22461,HFT,2025-10-31,,,,,,,,,,,0.44864237633547527,,,,,,,,,,,
22461,HFT,2025-11-30,,,,,,,,,,,0.43949586100270066,,,,,,,,,,,
22461,HFT,2025-12-31,,,,,,,,,,,0.42981972129939766,,,,,,,,,,,
22461,HFT,2026-01-31,,,,,,,,,,,0.38005297421476336,,,,,,,,,,,
28480,BLAST,2025-07-31,1630064.0,12.0,1394239.0,12.0,-0.5,1.0,True,,,False,0.6111577543405738,452129.9461368532,,77.87229143033278,280.7529559647262,,4.355070195511833,5.637475122377822,,0.6420556065061307,0.8578518003078249,
28480,BLAST,2025-08-31,1199833.0,12.0,970553.0,12.0,-0.5,1.0,True,,,False,0.5824763920149175,326133.9763947722,,93.19289313890816,342.85268216944957,,4.534671464909695,5.837300856856983,,0.72092684464178,0.8952381264718018,
28480,BLAST,2025-09-30,1024184.0,12.0,797054.0,12.0,-0.5,1.0,True,-0.5,1.0,True,0.5786855141137701,277619.28480537096,216052.54664324,90.66624936349731,334.48296649566055,429.7978588118141,4.50718517500881,5.812585955986679,6.063315002371464,0.736977256181413,0.9249218308339181,0.7432124548056217
28480,BLAST,2025-10-31,867862.0,12.0,645683.0,12.0,-0.5,1.0,True,-0.5,1.0,True,0.5839520700784288,236152.02401162108,175695.38396645497,75.51788513212296,277.52928691099976,373.0268909002623,4.324369517368362,5.625926466035719,5.921650510611586,0.7980827851905905,1.041889411409868,0.8967571653213166
28480,BLAST,2025-11-30,631965.0,12.0,452508.0,12.0,-0.5,1.0,True,-0.5,1.0,True,0.5400978317253993,166304.19309881702,119079.34428450864,73.42803161546867,279.03052313477565,389.6892973226296,4.296305764832519,5.631321177754171,5.9653497480789675,0.9191394140563003,1.0858255267487051,0.929905376368621
28480,BLAST,2025-12-31,406300.0,12.0,305985.0,12.0,-0.5,1.0,True,-0.5,1.0,True,0.5390958045569407,106833.52058713873,80456.44793712933,89.92918414766116,342.01089057429624,454.13672186655083,4.499022517803222,5.834842580340094,6.118398302190738,1.125210751402972,1.1142258402515084,0.9211428854709993
28480,BLAST,2026-01-31,246974.0,12.0,199080.0,12.0,-0.5,1.0,True,-0.5,1.0,True,0.5094986827828842,63359.30285273572,51072.461117051294,133.76318668120985,521.4077140998513,646.846236598838,4.896070972925289,6.256532296364739,6.472108610303913,1.275492024039832,1.1940999505508991,1.0326871895682155
28480,BLAST,2026-02-28,142739.0,12.0,108680.0,12.0,-0.5,1.0,True,-0.5,1.0,True,0.4664276327633013,35213.49403806196,26811.190579004848,209.29161655158651,848.3701169405763,1114.2390699482971,5.34372857395116,6.743316999227869,7.015927002443393,1.5255740683654317,1.3696932197310223,1.1898506186909403
28480,BLAST,2026-03-31,96999.0,12.0,68767.0,12.0,-0.5,1.0,True,-0.5,1.0,True,0.4653520833893731,23904.85538628424,16947.23853182618,277.10721708740795,1124.4210649223912,1586.0473610366462,5.6244044965943925,7.025023573224012,7.369000263688812,1.567887422706253,1.364796803505029,1.2391522381736422
28480,BLAST,2026-04-30,59658.0,12.0,45870.0,12.0,-0.5,1.0,True,-0.5,1.0,True,0.4717152191400257,14791.714197715659,11373.092129290579,502.5627195223989,2026.9379411006664,2636.21241966827,6.2197204471144385,7.61428152985143,7.877098476468341,1.678801372751446,1.5635255190266297,1.4871578748653758
28480,BLAST,2026-05-31,45230.0,12.0,34081.0,12.0,-0.5,1.0,True,-0.5,1.0,True,0.4664538276729439,11158.451864897856,8407.941587609637,610.9793807245751,2476.5619572285977,3286.7256631392697,6.41506321183387,7.814626569776561,8.097647109012682,1.6825323442789224,1.4534266770877924,1.5022222057168744
29270,AERO,2025-04-30,278371355.0,12.0,262965564.0,12.0,2.0,1.0,True,2.0,1.0,True,0.6139019969301642,333062460913.83966,314629922613.3946,1.746606015254804,0.001459801509253267,0.0015453237221656787,0.5576744849711848,-6.529454805070535,-6.47252186167072,-1.365870989708184,-2.039430394216396,-1.9030565228603984
29270,AERO,2025-05-31,275705066.0,12.0,257617293.0,12.0,2.0,1.0,True,2.0,1.0,True,0.5847269712980063,382423588672.735,357334491971.99536,1.5414125400975207,0.001111268391094185,0.0011892925414379541,0.43269922985319925,-6.802253221357081,-6.73439665163899,-1.35387114639895,-2.0540329127224366,-2.1834541546353785
29270,AERO,2025-06-30,272786172.0,12.0,251973352.0,12.0,2.0,1.0,True,2.0,1.0,True,0.5598838466190809,430514362805.27924,397667324134.70844,2.493695106745983,0.0015800763019189715,0.0017105894827655922,0.9137655890813237,-6.450282140755521,-6.370917241108684,-1.1012720826244362,-2.1444851939375513,-2.26772044158262
29270,AERO,2025-07-31,270032379.0,12.0,246983754.0,12.0,1.7703403753233884,1.0,False,1.550557507480002,1.0,False,0.5523534443241004,209769625505.29752,89290312844.32253,2.5442959727373027,0.0032752229630167427,0.007694477402002497,0.9338539801955188,-5.721369331901825,-4.867252427967339,-1.249896611199303,-2.175967802316528,-2.036588420214638
29270,AERO,2025-08-31,274539426.0,12.0,247585056.0,12.0,1.4337259162885538,1.0,False,1.2097527917440223,1.0,False,0.46397259391920365,102211790479.2883,38136523313.93055,3.71522645821909,0.009979045807892046,0.026745388689558496,1.3124396341097422,-4.607267803661392,-3.6213932059372644,-1.0561755931332943,-1.9366419823778749,-1.710068266082779
29270,AERO,2025-09-30,292668186.0,12.0,261362446.0,12.0,1.2676003491043009,1.0,False,1.0405421386160185,1.0,False,0.45981703623569814,58218733980.56931,20264218625.542824,3.108715311559965,0.015627651252745133,0.04489795969126878,1.1342095577491262,-4.158713417578036,-3.1033629264408247,-1.0929062293693506,-1.7997420219355442,-1.5890407600150267
29270,AERO,2025-10-31,285245232.0,12.0,249237641.0,12.0,0.8080986004436352,1.0,False,0.595565179227217,1.0,False,0.4475317528046327,8397957704.400732,2778222034.125348,3.3770309854074725,0.1147043151216349,0.3467260625938444,1.2169969167855217,-2.165397634616058,-1.0592202557855708,-0.8565505495670989,-1.173795635182554,-0.8674876999024275
29270,AERO,2025-11-30,266050542.0,12.0,228122739.0,12.0,0.39088235682211425,1.0,False,0.20998862257306494,1.0,False,0.4820192834086009,1095997982.5496953,466839021.8142389,2.25424670364723,0.547212282190369,1.2846902878348168,0.8128158611132256,-0.6029184674023582,0.2505176681566998,-0.9807455691805577,-0.757039283021134,-0.545964817258128
29270,AERO,2025-12-31,231449322.0,12.0,194206389.0,12.0,-0.006947355724538529,1.0,False,-0.14760500423497336,1.0,False,0.5022439698105945,231080793.5912321,130462310.09541838,1.5844288587736153,1.5869557111227668,2.8108883312902906,0.4602240009229061,0.4618175338598132,1.0335005655181968,-1.0915235774742371,-0.31264263694113625,-0.37443889531020663
29270,AERO,2026-01-31,201820511.0,12.0,168113865.0,12.0,2.0,2.0,True,2.0,2.0,True,0.48400967498408,482051847009.5327,401542929059.1839,1.7635509374460785,0.000738345374212119,0.0008863828139218385,0.5673293545672028,-7.211098856098153,-7.028361630785302,-0.9887166689760524,-2.0674869337110606,-2.1192505580667076
29270,AERO,2026-02-28,188801848.0,12.0,155356970.0,12.0,2.0,2.0,True,2.0,2.0,True,0.46102555326819206,514660242997.29456,423491913763.0656,1.7481667920777106,0.0006413107005007934,0.0007793705386808476,0.5585676914900177,-7.351996506308876,-7.157023965773016,-1.0370723815212777,-2.3842009511179403,-2.487781258293376
29270,AERO,2026-03-31,182497017.0,12.0,148167195.0,12.0,2.0,2.0,True,1.7937419964556676,2.0,False,0.45953300983861006,501819133254.19116,206504338012.2725,1.6613752400926345,0.0006041938326831071,0.0014682307807816887,0.5076457172737633,-7.411615496473419,-6.523697153528682,-0.9656904283755059,-2.1794318975271083,-2.18048674167714
29270,AERO,2026-04-30,180063479.0,12.0,142524452.0,12.0,1.056476951211378,2.0,False,0.8325000119246355,2.0,False,0.4796353067928345,13564173869.667458,4069245018.6931944,2.3166491241675407,0.030753358437312417,0.10251137471536986,0.8401217985781401,-3.4817560732198296,-2.277781513727827,-0.8427109722073914,-1.3860755301856815,-1.2973521351806192
29270,AERO,2026-05-31,175377646.0,12.0,136244688.0,12.0,0.6931629457618027,2.0,False,0.4960314857469963,2.0,False,0.4800906321143793,2691659339.1946144,878139947.1986382,2.217407868868157,0.14447733656382164,0.4428494267964412,0.7963388870411485,-1.9346326241191678,-0.814525461078876,-0.873756627102489,-0.9058651435242397,-0.8714749055527283
29587,W,2025-04-30,,,,,,,,,,,0.5651147854289419,,,,,,,,,,,
29587,W,2025-05-31,,1.0,,1.0,,,False,,,False,0.5528216911475355,,,,,,,,,,,
29587,W,2025-06-30,,2.0,,2.0,,,False,,,False,0.5474427990683983,,,,,,,,,,,
29587,W,2025-07-31,,3.0,,3.0,,,False,,,False,0.5505997311175743,,,,,,,,,,,
29587,W,2025-08-31,,4.0,,4.0,,,False,,,False,0.4962011496256247,,,,,,,,,,,
29587,W,2025-09-30,,5.0,,5.0,,,False,,,False,0.49788936102003634,,,,,,,,,,,
29587,W,2025-10-31,648079.0,6.0,0.0,6.0,,,False,,,False,0.5132686398503085,,,490.2802431393136,,,6.1949771523921395,,,1.7941557210792687,,
29587,W,2025-11-30,721893.0,7.0,0.0,7.0,,,False,,,False,0.4997784961717295,,,295.2878583356566,,,5.68795067153362,,,1.6781383873033702,,
29587,W,2025-12-31,785985.0,8.0,0.0,8.0,,,False,,,False,0.5010164781297534,,,216.40067121055435,,,5.377131648679875,,,1.6071695930681826,,
29587,W,2026-01-31,839143.0,9.0,0.0,9.0,,,False,,,False,0.5005507947681304,,,147.18187354488407,,,4.99166905703344,,,1.3254959356051155,,
29587,W,2026-02-28,866796.0,10.0,0.0,10.0,,,False,,,False,0.4729824548674205,,,119.94852932049906,,,4.787062728439377,,,1.2274570796550657,,
29587,W,2026-03-31,888837.0,11.0,0.0,11.0,,,False,,,False,0.47122639580905834,,,90.3223862048495,,,4.503385338943809,,,1.0128115571132785,,
29587,W,2026-04-30,907468.0,12.0,0.0,12.0,,,False,,,False,0.4554265454440782,,,79.03679991118258,,,4.369913565666332,,,0.8117644073394831,,
29587,W,2026-05-31,821393.0,12.0,0.0,12.0,,,False,,,False,0.44783536134923885,,,86.08444691894175,,,4.455328755382818,,,0.7909335954745346,,
29676,AEVO,2025-03-31,,,,,,,,,,,0.6099746217579496,,,,,,,,,,,
29676,AEVO,2025-04-30,,,,,,,,,,,0.6088023654091195,,,,,,,,,,,
29676,AEVO,2025-05-31,,,,,,,,,,,0.5949792507192821,,,,,,,,,,,
29676,AEVO,2025-06-30,,,,,,,,,,,0.590939382557656,,,,,,,,,,,
29676,AEVO,2025-07-31,,,,,,,,,,,0.5997733145433193,,,,,,,,,,,
29676,AEVO,2025-08-31,,,,,,,,,,,0.5649401747729379,,,,,,,,,,,
29676,AEVO,2025-09-30,,,,,,,,,,,0.5717808817061705,,,,,,,,,,,
29676,AEVO,2025-10-31,,,,,,,,,,,0.5888469511609237,,,,,,,,,,,
29676,AEVO,2025-11-30,,,,,,,,,,,0.5287020576962035,,,,,,,,,,,
29676,AEVO,2025-12-31,,,,,,,,,,,0.5241512091917978,,,,,,,,,,,
29676,AEVO,2026-01-31,,,,,,,,,,,0.5131787932393603,,,,,,,,,,,
29676,AEVO,2026-02-28,,,,,,,,,,,0.4890914074537184,,,,,,,,,,,
29676,AEVO,2026-03-31,,,,,,,,,,,0.4894245385868423,,,,,,,,,,,
29676,AEVO,2026-04-30,,,,,,,,,,,0.5074645275045468,,,,,,,,,,,
29676,AEVO,2026-05-31,,,,,,,,,,,0.5022604833280455,,,,,,,,,,,
30171,ENA,2025-05-31,292819221.0,12.0,13628992.0,12.0,-0.09874554168405603,1.0,False,-0.5,1.0,True,0.9802491147385948,240039153.3776536,4517571.339772581,6.074528663024338,7.410202569121998,393.7378332886496,1.8041043998831945,2.002857776197767,5.975685290078059,-0.6006372551491228,0.09942082513513323,0.942902429562713
30171,ENA,2025-06-30,291063448.0,12.0,10060335.0,12.0,-0.15610055671363,1.0,False,-0.5,1.0,True,0.9766873520787314,212032624.7589287,3330639.46040998,5.570208663223721,7.646389990411581,486.77863781683465,1.7174325152166343,2.0342336397819416,6.18780947727628,-0.6599606588111376,0.005695652000929585,0.8541878341873052
30171,ENA,2025-07-31,321202398.0,12.0,13267410.0,12.0,-0.10235302173789351,1.0,False,-0.5,1.0,True,1.0162276522679161,262204093.15749592,4450153.023130625,11.277380145338862,13.814893208645076,813.9768513605349,2.422798962475272,2.625747228243807,6.7019319274661475,-0.42650148386003145,0.05345315220838789,0.893979779373228
30171,ENA,2025-08-31,366825883.0,12.0,16288993.0,12.0,-0.00017010354748525636,1.0,False,-0.5,1.0,True,0.9522975602438706,367183534.1607191,5347154.5570231965,11.596945856204803,11.585649976187339,795.5745169583778,2.450741775187674,2.4497672612899994,6.679064516500001,-0.4283872724735801,-0.023238195447465457,0.9034048025574731
30171,ENA,2025-09-30,414398429.0,12.0,19131577.0,12.0,0.11202581395237932,1.0,False,-0.5,1.0,True,0.9457798486927617,523107116.4261872,6265684.52407622,9.290529055808133,7.3598322875215425,614.4549139861721,2.2289955001609587,1.9960371454596273,6.420735556072168,-0.4989705050844198,-0.11795254258445773,0.8341500051248409
30171,ENA,2025-10-31,448792892.0,12.0,19169215.0,12.0,0.15915671924370223,1.0,False,-0.5,1.0,True,0.9553966000327271,624182145.1383997,6299550.667192997,6.246479141140607,4.491277843182421,445.01196778520693,1.8320179675966675,1.5021372588546904,6.098101175703947,-0.5290602665997618,-0.1308275701473328,0.9413507683647913
30171,ENA,2025-11-30,432076224.0,12.0,17523378.0,12.0,0.003105407744912858,1.0,False,-0.5,1.0,True,0.8997870804443852,435673313.8292951,5641270.618115513,4.448602005465297,4.411872601757291,340.72734437306065,1.4925898907455772,1.4842992255793608,5.831082580833043,-0.6099988448929414,-0.1400498415399474,0.8952305324975038
30171,ENA,2025-12-31,384663055.0,12.0,12779064.0,12.0,-0.06941047082041962,1.0,False,-0.5,1.0,True,0.9028750108948553,333004333.29336005,4118865.01868966,3.99127183067746,4.610434947017092,372.74705744357215,1.3841099346660861,1.528322201151738,5.920900059431454,-0.5844396868727264,-0.02942008030434179,0.8708222815363621
30171,ENA,2026-01-31,366242284.0,12.0,12765091.0,12.0,-0.12158634185416772,1.0,False,-0.5,1.0,True,0.8969071567205047,283825707.96610683,4104838.5473380494,3.0112322971327106,3.885626154372692,268.6684461369699,1.102349396019812,1.357284143129455,5.593478077155182,-0.7088669723212064,0.007601498192065865,0.8275544279531915
30171,ENA,2026-02-28,357872064.0,12.0,12737207.0,12.0,0.11930320973099029,1.0,False,-0.5,1.0,True,0.8632752922900057,465217137.29359573,4040860.2217787453,2.3929636860113246,1.8408067647118247,211.928848410637,0.8725326337218016,0.6102039346083123,5.3562505976342365,-0.868931505098885,-0.2636906261401136,0.7591937381660094
30171,ENA,2026-03-31,361078601.0,12.0,12694677.0,12.0,0.230810329521973,1.0,False,-0.4962978237607778,1.0,False,0.8607923339436052,604902123.1157365,4064066.2308055838,2.1373786788715,1.2758455850658132,189.8988991183763,0.7595801617952679,0.24360916276100741,5.246491820636488,-0.8409443623416837,-0.30005631577847786,0.7167041930640673
30171,ENA,2026-04-30,371285190.0,12.0,12967381.0,12.0,0.10027641769827467,2.0,False,-0.5,2.0,True,0.8474144034880167,463971341.1346727,4086561.191066509,2.4219050423898456,1.9380883992243485,220.042581472026,0.8845544380823165,0.661702126063159,5.393821079769134,-0.8218846138954436,-0.2846419293668029,0.8062329623597061
30171,ENA,2026-05-31,365501491.0,12.0,12862958.0,12.0,0.060641214697167545,2.0,False,-0.5,2.0,True,0.8457427063332416,418413863.78858656,4050762.000099858,2.1729053568048347,1.8981210147361234,196.06191321397694,0.7760651461632582,0.6408644572364154,5.278430493094532,-0.8829803471533402,-0.2826024855925526,0.7513428567570248
30494,EIGEN,2025-10-31,116968552.0,12.0,,3.0,,,False,,,False,0.5066319442013401,,,3.4219557304185764,,,1.2302122386296224,,,-0.8495135717522404,,
30494,EIGEN,2025-11-30,107770803.0,12.0,,4.0,,,False,,,False,0.5094084373010165,,,2.563284066920306,,,0.941289274997762,,,-0.9106765531849041,,
30494,EIGEN,2025-12-31,86547925.0,12.0,,5.0,,,False,,,False,0.5232019148663628,,,2.1533454873052778,,,0.7670226733698889,,,-0.9231341055991947,,
30494,EIGEN,2026-01-31,72853940.0,12.0,0.0,6.0,,,False,,,False,0.5153609596021739,,,2.1247082677574842,,,0.7536345071906435,,,-0.8912671597850533,,
30494,EIGEN,2026-02-28,67647290.0,12.0,0.0,7.0,-0.24032102702919167,1.0,False,,,False,0.5048651080879066,35454421.85096719,,1.7476473764978084,3.3345236707748294,,0.5582705271908432,1.204329841812915,,-1.037231524976434,-0.10546173829525395,
30494,EIGEN,2026-03-31,63357781.0,12.0,0.0,8.0,-0.33458552074387293,1.0,False,,,False,0.5029749134596928,25768442.443444192,,1.8003149366300024,4.426498021227971,,0.5879616143920103,1.4876087570402823,,-0.9259217805254366,0.005348497961826231,
30494,EIGEN,2026-04-30,59589709.0,12.0,0.0,9.0,-0.40151011416187554,1.0,False,,,False,0.5064063778507512,20232804.52392206,,2.236446308544446,6.586787539152975,,0.8048881366919965,1.8850657545692109,,-0.8592256081883096,0.04055836025828418,
30494,EIGEN,2026-05-31,54537076.0,12.0,0.0,10.0,-0.4846454572255381,1.0,False,,,False,0.4894424518251236,14391123.46977229,,3.0094375664756696,11.404663828010058,,1.1017532063097435,2.434022379458884,,-0.7348056462538117,0.15133641528455374,
33038,SKY,2026-05-31,409780512.0,12.0,248182095.0,12.0,1.4841230776647278,3.0,False,1.1106001823439398,3.0,False,0.14384787318883974,2028446279261.5461,248028145992.4939,3.857451878717295,0.0007792706279860616,0.006373101728236812,1.350006830444328,-7.157152168077766,-5.055669000399092,-0.6218604357759663,-2.169699389593191,-2.0010749092093802
33824,SYRUP,2026-04-30,96383766.0,12.0,12002570.0,12.0,2.0,2.0,True,2.0,2.0,True,0.8041162938037881,48034913510.50328,5981737752.95065,2.94245739110363,0.005904145629138894,0.04741182852912718,1.0792450795389141,-5.132100525806109,-3.048883534384787,-0.7306296917435215,-1.8247778762882974,-1.5087914921556809
33824,SYRUP,2026-05-31,100006777.0,12.0,12421704.0,12.0,2.0,2.0,True,2.0,2.0,True,0.824006211441058,45840326701.07821,5693763829.066204,1.8738314081621008,0.004088012744622421,0.032912471503475885,0.6279852161417797,-5.499696308516508,-3.4139036199868706,-0.9503506380086049,-1.7685999855546994,-1.5638017628224834
34104,MORPHO,2025-12-31,161510386.0,12.0,0.0,12.0,2.0,1.0,True,,,False,0.3779388963800928,732076685394.2693,,2.537550505964312,0.0005598331020363889,,0.9311992479981275,-7.487871850733342,,-0.8330241762588715,-2.423773906239714,
34104,MORPHO,2026-01-31,166231252.0,12.0,0.0,12.0,1.726180495077406,1.0,False,,,False,0.32564545049126986,422831076143.8338,,2.586474690044351,0.0010168432507693165,,0.9502958250063838,-6.891052302831868,,-0.7884007139131336,-1.989978155168691,
34104,MORPHO,2026-02-28,173925960.0,12.0,0.0,12.0,1.4524688635467955,1.0,False,,,False,0.11514897330854476,1112422802660.4949,,3.9609935402678422,0.000619296550194088,,1.376494887804782,-7.386926320528124,,-0.5990394130615508,-2.393503534273325,
34104,MORPHO,2026-03-31,178173813.0,12.0,0.0,12.0,1.3117973631594007,1.0,False,,,False,0.10578901364232701,735112707362.2725,,3.48925151363329,0.0008457114677432543,,1.2496872472055596,-7.075332311207428,,-0.5982664269908562,-2.0968735879967437,
34104,MORPHO,2026-04-30,187101067.0,12.0,0.0,12.0,1.4619465240895027,1.0,False,,,False,0.17813875471347748,582469369207.4763,,4.95689681501501,0.0015922565754146196,,1.600779902807056,-6.4426030390842595,,-0.4861771626400073,-2.173141835247006,
34104,MORPHO,2026-05-31,196037198.0,12.0,0.0,12.0,1.5346487388086918,1.0,False,,,False,0.1737293813709202,849240757506.282,,5.337191812327215,0.0012320276892379715,,1.67469963680851,-6.699093939092548,,-0.47413853450147037,-2.058850656216043,
