cmc_id,symbol,month_end,fees_usd,revenue_usd,n_days_fees,n_days_rev,dl_fees_slug,source_notes
1552,MLN,2026-01-31 00:00:00,7403,7403,27,27,enzyme-finance,protocol_fees
1552,MLN,2026-02-28 00:00:00,7206,7206,28,28,enzyme-finance,protocol_fees
1552,MLN,2026-03-31 00:00:00,7430,7430,31,31,enzyme-finance,protocol_fees
1552,MLN,2026-04-30 00:00:00,19563,19563,30,30,enzyme-finance,protocol_fees
1552,MLN,2026-05-31 00:00:00,10551,10551,31,31,enzyme-finance,protocol_fees
1552,MLN,2026-06-30 00:00:00,6394,6394,30,30,enzyme-finance,protocol_fees
1552,MLN,2026-07-31 00:00:00,8549,8549,31,31,enzyme-finance,protocol_fees
1727,BNT,2020-12-31 00:00:00,396106.0,,18,,bancor,protocol_fees
1727,BNT,2021-01-31 00:00:00,840667.0,,31,,bancor,protocol_fees
1727,BNT,2021-02-28 00:00:00,3052813.0,,28,,bancor,protocol_fees
1727,BNT,2021-03-31 00:00:00,5226088.0,,31,,bancor,protocol_fees
1727,BNT,2021-04-30 00:00:00,6307283.0,,30,,bancor,protocol_fees
1727,BNT,2021-05-31 00:00:00,10359228.0,,31,,bancor,protocol_fees
1727,BNT,2021-06-30 00:00:00,3661177.0,,30,,bancor,protocol_fees
1727,BNT,2021-07-31 00:00:00,2260967.0,,30,,bancor,protocol_fees
1727,BNT,2021-08-31 00:00:00,3572358.0,,31,,bancor,protocol_fees
1727,BNT,2021-09-30 00:00:00,2591856.0,,30,,bancor,protocol_fees
1727,BNT,2021-10-31 00:00:00,2566013.0,,31,,bancor,protocol_fees
1727,BNT,2021-11-30 00:00:00,3273948.0,,30,,bancor,protocol_fees
1727,BNT,2021-12-31 00:00:00,2726996.0,,31,,bancor,protocol_fees
1727,BNT,2022-01-31 00:00:00,3138576.0,,31,,bancor,protocol_fees
1727,BNT,2022-02-28 00:00:00,1621903.0,,28,,bancor,protocol_fees
1727,BNT,2022-03-31 00:00:00,1633609.0,,31,,bancor,protocol_fees
1727,BNT,2022-04-30 00:00:00,1655471.0,,30,,bancor,protocol_fees
1727,BNT,2022-05-31 00:00:00,1722311.0,,31,,bancor,protocol_fees
1727,BNT,2022-06-30 00:00:00,1606883.0,,30,,bancor,protocol_fees
1727,BNT,2022-07-31 00:00:00,511613.0,,31,,bancor,protocol_fees
1727,BNT,2022-08-31 00:00:00,314396.0,,31,,bancor,protocol_fees
1727,BNT,2022-09-30 00:00:00,305983.0,,30,,bancor,protocol_fees
1727,BNT,2022-10-31 00:00:00,186137.0,,31,,bancor,protocol_fees
1727,BNT,2022-11-30 00:00:00,308711.0,,30,,bancor,protocol_fees
1727,BNT,2022-12-31 00:00:00,101947.0,,31,,bancor,protocol_fees
1727,BNT,2023-01-31 00:00:00,148774.0,,31,,bancor,protocol_fees
1727,BNT,2023-02-28 00:00:00,152505.0,,28,,bancor,protocol_fees
1727,BNT,2023-03-31 00:00:00,180530.0,,31,,bancor,protocol_fees
1727,BNT,2023-04-30 00:00:00,129632.0,,30,,bancor,protocol_fees
1727,BNT,2023-05-31 00:00:00,61911.0,,31,,bancor,protocol_fees
1727,BNT,2023-06-30 00:00:00,57047.0,,30,,bancor,protocol_fees
1727,BNT,2023-07-31 00:00:00,52553.0,,31,,bancor,protocol_fees
1727,BNT,2023-08-31 00:00:00,627397.0,,31,,bancor,protocol_fees
1727,BNT,2023-09-30 00:00:00,88871.0,,30,,bancor,protocol_fees
1727,BNT,2023-10-31 00:00:00,524357.0,,31,,bancor,protocol_fees
1727,BNT,2023-11-30 00:00:00,711160.0,,30,,bancor,protocol_fees
1727,BNT,2023-12-31 00:00:00,127079.0,,31,,bancor,protocol_fees
1727,BNT,2024-01-31 00:00:00,114940.0,,31,,bancor,protocol_fees
1727,BNT,2024-02-29 00:00:00,96894.0,,29,,bancor,protocol_fees
1727,BNT,2024-03-31 00:00:00,151483.0,,31,,bancor,protocol_fees
1727,BNT,2024-04-30 00:00:00,199236.0,,30,,bancor,protocol_fees
1727,BNT,2024-05-31 00:00:00,48494.0,,31,,bancor,protocol_fees
1727,BNT,2024-06-30 00:00:00,39413.0,,30,,bancor,protocol_fees
1727,BNT,2024-07-31 00:00:00,33488.0,,31,,bancor,protocol_fees
1727,BNT,2024-08-31 00:00:00,38847.0,,31,,bancor,protocol_fees
1727,BNT,2024-09-30 00:00:00,18161.0,,30,,bancor,protocol_fees
1727,BNT,2024-10-31 00:00:00,22542.0,,31,,bancor,protocol_fees
1727,BNT,2024-11-30 00:00:00,68879.0,,30,,bancor,protocol_fees
1727,BNT,2024-12-31 00:00:00,116407.0,,31,,bancor,protocol_fees
1727,BNT,2025-01-31 00:00:00,120571.0,,31,,bancor,protocol_fees
1727,BNT,2025-02-28 00:00:00,99337.0,,28,,bancor,protocol_fees
1727,BNT,2025-03-31 00:00:00,85267.0,,31,,bancor,protocol_fees
1727,BNT,2025-04-30 00:00:00,53051.0,,30,,bancor,protocol_fees
1727,BNT,2025-05-31 00:00:00,95760.0,,31,,bancor,protocol_fees
1727,BNT,2025-06-30 00:00:00,55333.0,,30,,bancor,protocol_fees
1727,BNT,2025-07-31 00:00:00,62783.0,,31,,bancor,protocol_fees
1727,BNT,2025-08-31 00:00:00,105835.0,,31,,bancor,protocol_fees
1727,BNT,2025-09-30 00:00:00,43640.0,,30,,bancor,protocol_fees
1727,BNT,2025-10-31 00:00:00,127955.0,,31,,bancor,protocol_fees
1727,BNT,2025-11-30 00:00:00,58903.0,,30,,bancor,protocol_fees
1727,BNT,2025-12-31 00:00:00,39121.0,,31,,bancor,protocol_fees
1727,BNT,2026-01-31 00:00:00,22195.0,,31,,bancor,protocol_fees
1727,BNT,2026-02-28 00:00:00,26940.0,,9,,bancor,protocol_fees
1727,BNT,2026-03-31 00:00:00,17170.0,1602.0,27,27.0,bancor,protocol_fees
1727,BNT,2026-04-30 00:00:00,25394.0,2603.0,30,30.0,bancor,protocol_fees
1727,BNT,2026-05-31 00:00:00,30288.0,2538.0,31,31.0,bancor,protocol_fees
1727,BNT,2026-06-30 00:00:00,27680.0,2644.0,30,30.0,bancor,protocol_fees
1727,BNT,2026-07-31 00:00:00,17948.58,1235.88,31,31.0,bancor,protocol_fees
2586,SNX,2021-11-30 00:00:00,32859,32859,19,19,synthetix,protocol_fees
2586,SNX,2021-12-31 00:00:00,70718,70718,31,31,synthetix,protocol_fees
2586,SNX,2022-01-31 00:00:00,182471,182471,31,31,synthetix,protocol_fees
2586,SNX,2022-02-28 00:00:00,133777,133777,28,28,synthetix,protocol_fees
2586,SNX,2022-03-31 00:00:00,212932,212932,31,31,synthetix,protocol_fees
2586,SNX,2022-04-30 00:00:00,72427,72427,30,30,synthetix,protocol_fees
2586,SNX,2022-05-31 00:00:00,110419,110419,31,31,synthetix,protocol_fees
2586,SNX,2022-06-30 00:00:00,9876828,9876828,30,30,synthetix,protocol_fees
2586,SNX,2022-07-31 00:00:00,5352205,5352205,31,31,synthetix,protocol_fees
2586,SNX,2022-08-31 00:00:00,5440202,5440202,31,31,synthetix,protocol_fees
2586,SNX,2022-09-30 00:00:00,2736077,2736077,30,30,synthetix,protocol_fees
2586,SNX,2022-10-31 00:00:00,412066,412066,31,31,synthetix,protocol_fees
2586,SNX,2022-11-30 00:00:00,352025,352025,30,30,synthetix,protocol_fees
2586,SNX,2022-12-31 00:00:00,419543,419543,31,31,synthetix,protocol_fees
2586,SNX,2023-01-31 00:00:00,915177,915177,31,31,synthetix,protocol_fees
2586,SNX,2023-02-28 00:00:00,557912,557912,28,28,synthetix,protocol_fees
2586,SNX,2023-03-31 00:00:00,4758606,4758606,31,31,synthetix,protocol_fees
2586,SNX,2023-04-30 00:00:00,3575621,3575621,30,30,synthetix,protocol_fees
2586,SNX,2023-05-31 00:00:00,3100919,3100919,31,31,synthetix,protocol_fees
2586,SNX,2023-06-30 00:00:00,2282724,2282724,30,30,synthetix,protocol_fees
2586,SNX,2023-07-31 00:00:00,3433735,3433735,31,31,synthetix,protocol_fees
2586,SNX,2023-08-31 00:00:00,3921067,3921067,31,31,synthetix,protocol_fees
2586,SNX,2023-09-30 00:00:00,1171411,1171411,30,30,synthetix,protocol_fees
2586,SNX,2023-10-31 00:00:00,2951172,2951172,31,31,synthetix,protocol_fees
2586,SNX,2023-11-30 00:00:00,3206493,3206493,30,30,synthetix,protocol_fees
2586,SNX,2023-12-31 00:00:00,3925239,3925239,31,31,synthetix,protocol_fees
2586,SNX,2024-01-31 00:00:00,2974673,2974279,31,31,synthetix,protocol_fees
2586,SNX,2024-02-29 00:00:00,1579826,1574534,29,29,synthetix,protocol_fees
2586,SNX,2024-03-31 00:00:00,5233135,5154362,31,31,synthetix,protocol_fees
2586,SNX,2024-04-30 00:00:00,1621459,1515209,30,30,synthetix,protocol_fees
2586,SNX,2024-05-31 00:00:00,1083717,918863,31,31,synthetix,protocol_fees
2586,SNX,2024-06-30 00:00:00,816545,687740,30,30,synthetix,protocol_fees
2586,SNX,2024-07-31 00:00:00,980436,797752,31,31,synthetix,protocol_fees
2586,SNX,2024-08-31 00:00:00,1036610,896421,31,31,synthetix,protocol_fees
2586,SNX,2024-09-30 00:00:00,447095,420185,30,30,synthetix,protocol_fees
2586,SNX,2024-10-31 00:00:00,1352152,1296979,31,31,synthetix,protocol_fees
2586,SNX,2024-11-30 00:00:00,3463862,3342396,30,30,synthetix,protocol_fees
2586,SNX,2024-12-31 00:00:00,1484833,1364127,31,31,synthetix,protocol_fees
2586,SNX,2025-01-31 00:00:00,663200,506227,31,31,synthetix,protocol_fees
2586,SNX,2025-02-28 00:00:00,649683,449272,28,28,synthetix,protocol_fees
2586,SNX,2025-03-31 00:00:00,359976,270150,31,31,synthetix,protocol_fees
2586,SNX,2025-04-30 00:00:00,231639,165995,30,30,synthetix,protocol_fees
2586,SNX,2025-05-31 00:00:00,134447,60491,31,31,synthetix,protocol_fees
2586,SNX,2025-06-30 00:00:00,139126,62169,30,30,synthetix,protocol_fees
2586,SNX,2025-07-31 00:00:00,82668,82063,31,31,synthetix,protocol_fees
2586,SNX,2025-08-31 00:00:00,307110,307106,31,31,synthetix,protocol_fees
2586,SNX,2025-09-30 00:00:00,1664,1664,30,30,synthetix,protocol_fees
2586,SNX,2025-10-31 00:00:00,1960,1960,31,31,synthetix,protocol_fees
2586,SNX,2025-11-30 00:00:00,808,808,30,30,synthetix,protocol_fees
2586,SNX,2025-12-31 00:00:00,272,272,31,31,synthetix,protocol_fees
2586,SNX,2026-01-31 00:00:00,6730,6730,31,31,synthetix,protocol_fees
2586,SNX,2026-02-28 00:00:00,20,20,28,28,synthetix,protocol_fees
2586,SNX,2026-03-31 00:00:00,0,0,31,31,synthetix,protocol_fees
2586,SNX,2026-04-30 00:00:00,0,0,30,30,synthetix,protocol_fees
2586,SNX,2026-05-31 00:00:00,5922,5922,31,31,synthetix,protocol_fees
2586,SNX,2026-06-30 00:00:00,0,0,30,30,synthetix,protocol_fees
2586,SNX,2026-07-31 00:00:00,0,0,31,31,synthetix,protocol_fees
5631,ORN,2024-08-31 00:00:00,840267,168055,31,31,dedust,protocol_fees
5631,ORN,2024-09-30 00:00:00,441046,88207,30,30,dedust,protocol_fees
5631,ORN,2024-10-31 00:00:00,375967,75194,31,31,dedust,protocol_fees
5631,ORN,2024-11-30 00:00:00,629652,125932,30,30,dedust,protocol_fees
5631,ORN,2024-12-31 00:00:00,535507,107102,31,31,dedust,protocol_fees
5631,ORN,2025-01-31 00:00:00,328694,65739,31,31,dedust,protocol_fees
5631,ORN,2025-02-28 00:00:00,141356,28274,28,28,dedust,protocol_fees
5631,ORN,2025-03-31 00:00:00,99911,19982,31,31,dedust,protocol_fees
5631,ORN,2025-04-30 00:00:00,59542,11908,30,30,dedust,protocol_fees
5631,ORN,2025-05-31 00:00:00,47448,9489,31,31,dedust,protocol_fees
5631,ORN,2025-06-30 00:00:00,63219,12647,30,30,dedust,protocol_fees
5631,ORN,2025-07-31 00:00:00,38520,7703,31,31,dedust,protocol_fees
5631,ORN,2025-08-31 00:00:00,120226,24045,31,31,dedust,protocol_fees
5631,ORN,2025-09-30 00:00:00,44549,8908,30,30,dedust,protocol_fees
5631,ORN,2025-10-31 00:00:00,59531,11904,31,31,dedust,protocol_fees
5631,ORN,2025-11-30 00:00:00,75206,15041,30,30,dedust,protocol_fees
5631,ORN,2025-12-31 00:00:00,40116,8019,31,31,dedust,protocol_fees
5631,ORN,2026-01-31 00:00:00,24366,4872,31,31,dedust,protocol_fees
5631,ORN,2026-02-28 00:00:00,20007,4001,28,28,dedust,protocol_fees
5631,ORN,2026-03-31 00:00:00,2155,432,3,3,dedust,protocol_fees
5631,ORN,2026-04-30 00:00:00,0,0,21,21,dedust,protocol_fees
5631,ORN,2026-05-31 00:00:00,310309,73962,31,31,dedust,protocol_fees
5631,ORN,2026-06-30 00:00:00,95219,29960,30,30,dedust,protocol_fees
5631,ORN,2026-07-31 00:00:00,150216,52123,31,31,dedust,protocol_fees
5692,COMP,2019-05-31 00:00:00,15971,1596,24,24,compound-finance,protocol_fees
5692,COMP,2019-06-30 00:00:00,97052,9708,30,30,compound-finance,protocol_fees
5692,COMP,2019-07-31 00:00:00,340932,34095,31,31,compound-finance,protocol_fees
5692,COMP,2019-08-31 00:00:00,617529,61755,31,31,compound-finance,protocol_fees
5692,COMP,2019-09-30 00:00:00,488223,42529,30,30,compound-finance,protocol_fees
5692,COMP,2019-10-31 00:00:00,435373,30143,31,31,compound-finance,protocol_fees
5692,COMP,2019-11-30 00:00:00,273335,20536,30,30,compound-finance,protocol_fees
5692,COMP,2019-12-31 00:00:00,152307,13419,31,31,compound-finance,protocol_fees
5692,COMP,2020-01-31 00:00:00,219164,17135,31,31,compound-finance,protocol_fees
5692,COMP,2020-02-29 00:00:00,273408,13878,29,29,compound-finance,protocol_fees
5692,COMP,2020-03-31 00:00:00,204406,10284,31,31,compound-finance,protocol_fees
5692,COMP,2020-04-30 00:00:00,64897,3301,30,30,compound-finance,protocol_fees
5692,COMP,2020-05-31 00:00:00,51593,3056,31,31,compound-finance,protocol_fees
5692,COMP,2020-06-30 00:00:00,2569954,558775,30,30,compound-finance,protocol_fees
5692,COMP,2020-07-31 00:00:00,4268858,541326,31,31,compound-finance,protocol_fees
5692,COMP,2020-08-31 00:00:00,4661865,373083,31,31,compound-finance,protocol_fees
5692,COMP,2020-09-30 00:00:00,3542936,320646,30,30,compound-finance,protocol_fees
5692,COMP,2020-10-31 00:00:00,4538651,346614,31,31,compound-finance,protocol_fees
5692,COMP,2020-11-30 00:00:00,6427545,455771,30,30,compound-finance,protocol_fees
5692,COMP,2020-12-31 00:00:00,9733817,1052172,31,31,compound-finance,protocol_fees
5692,COMP,2021-01-31 00:00:00,17777436,2032815,31,31,compound-finance,protocol_fees
5692,COMP,2021-02-28 00:00:00,33119163,3987773,28,28,compound-finance,protocol_fees
5692,COMP,2021-03-31 00:00:00,38354744,4570159,31,31,compound-finance,protocol_fees
5692,COMP,2021-04-30 00:00:00,46803668,5138687,30,30,compound-finance,protocol_fees
5692,COMP,2021-05-31 00:00:00,33722894,3779593,31,31,compound-finance,protocol_fees
5692,COMP,2021-06-30 00:00:00,15484523,1936123,30,30,compound-finance,protocol_fees
5692,COMP,2021-07-31 00:00:00,18439254,2280992,31,31,compound-finance,protocol_fees
5692,COMP,2021-08-31 00:00:00,26915689,3169413,31,31,compound-finance,protocol_fees
5692,COMP,2021-09-30 00:00:00,32182591,3563783,30,30,compound-finance,protocol_fees
5692,COMP,2021-10-31 00:00:00,34092464,3551545,31,31,compound-finance,protocol_fees
5692,COMP,2021-11-30 00:00:00,29608889,3338938,30,30,compound-finance,protocol_fees
5692,COMP,2021-12-31 00:00:00,26159250,3121379,31,31,compound-finance,protocol_fees
5692,COMP,2022-01-31 00:00:00,18255078,2137868,31,31,compound-finance,protocol_fees
5692,COMP,2022-02-28 00:00:00,11106662,1329067,28,28,compound-finance,protocol_fees
5692,COMP,2022-03-31 00:00:00,12104994,1358483,31,31,compound-finance,protocol_fees
5692,COMP,2022-04-30 00:00:00,10141454,1124541,30,30,compound-finance,protocol_fees
5692,COMP,2022-05-31 00:00:00,4049837,455117,31,31,compound-finance,protocol_fees
5692,COMP,2022-06-30 00:00:00,2132696,225481,30,30,compound-finance,protocol_fees
5692,COMP,2022-07-31 00:00:00,1782893,188035,31,31,compound-finance,protocol_fees
5692,COMP,2022-08-31 00:00:00,1934384,209596,31,31,compound-finance,protocol_fees
5692,COMP,2022-09-30 00:00:00,1934762,223695,30,30,compound-finance,protocol_fees
5692,COMP,2022-10-31 00:00:00,1907722,212499,31,31,compound-finance,protocol_fees
5692,COMP,2022-11-30 00:00:00,1869923,188106,30,30,compound-finance,protocol_fees
5692,COMP,2022-12-31 00:00:00,1450779,155263,31,31,compound-finance,protocol_fees
5692,COMP,2023-01-31 00:00:00,1528053,164354,31,31,compound-finance,protocol_fees
5692,COMP,2023-02-28 00:00:00,1894306,205143,28,28,compound-finance,protocol_fees
5692,COMP,2023-03-31 00:00:00,2308529,228410,31,31,compound-finance,protocol_fees
5692,COMP,2023-04-30 00:00:00,1660204,173032,30,30,compound-finance,protocol_fees
5692,COMP,2023-05-31 00:00:00,1692785,173419,31,31,compound-finance,protocol_fees
5692,COMP,2023-06-30 00:00:00,1641324,161437,30,30,compound-finance,protocol_fees
5692,COMP,2023-07-31 00:00:00,2099338,240808,31,31,compound-finance,protocol_fees
5692,COMP,2023-08-31 00:00:00,2738404,336323,31,31,compound-finance,protocol_fees
5692,COMP,2023-09-30 00:00:00,2136690,301024,30,30,compound-finance,protocol_fees
5692,COMP,2023-10-31 00:00:00,2266709,426001,31,31,compound-finance,protocol_fees
5692,COMP,2023-11-30 00:00:00,2738283,687993,30,30,compound-finance,protocol_fees
5692,COMP,2023-12-31 00:00:00,3597432,903898,31,31,compound-finance,protocol_fees
5692,COMP,2024-01-31 00:00:00,3414637,969485,31,31,compound-finance,protocol_fees
5692,COMP,2024-02-29 00:00:00,2700351,737869,29,29,compound-finance,protocol_fees
5692,COMP,2024-03-31 00:00:00,4632940,1173731,31,31,compound-finance,protocol_fees
5692,COMP,2024-04-30 00:00:00,2551352,635455,30,30,compound-finance,protocol_fees
5692,COMP,2024-05-31 00:00:00,2396613,576012,31,31,compound-finance,protocol_fees
5692,COMP,2024-06-30 00:00:00,2169854,452542,30,30,compound-finance,protocol_fees
5692,COMP,2024-07-31 00:00:00,2123200,427034,31,31,compound-finance,protocol_fees
5692,COMP,2024-08-31 00:00:00,765282,150056,31,31,compound-finance,protocol_fees
5692,COMP,2024-09-30 00:00:00,640282,109949,30,30,compound-finance,protocol_fees
5692,COMP,2024-10-31 00:00:00,850116,148562,31,31,compound-finance,protocol_fees
5692,COMP,2024-11-30 00:00:00,1046376,174015,30,30,compound-finance,protocol_fees
5692,COMP,2024-12-31 00:00:00,1990071,338201,31,31,compound-finance,protocol_fees
5692,COMP,2025-01-31 00:00:00,1799503,307404,31,31,compound-finance,protocol_fees
5692,COMP,2025-02-28 00:00:00,3349941,193137,28,28,compound-finance,protocol_fees
5692,COMP,2025-03-31 00:00:00,3667352,93604,31,31,compound-finance,protocol_fees
5692,COMP,2025-04-30 00:00:00,2952817,61566,30,30,compound-finance,protocol_fees
5692,COMP,2025-05-31 00:00:00,3439843,79239,31,31,compound-finance,protocol_fees
5692,COMP,2025-06-30 00:00:00,3706177,111834,30,30,compound-finance,protocol_fees
5692,COMP,2025-07-31 00:00:00,5527814,165723,31,31,compound-finance,protocol_fees
5692,COMP,2025-08-31 00:00:00,4987052,175357,31,31,compound-finance,protocol_fees
5692,COMP,2025-09-30 00:00:00,4681092,98724,30,30,compound-finance,protocol_fees
5692,COMP,2025-10-31 00:00:00,4423627,102466,31,31,compound-finance,protocol_fees
5692,COMP,2025-11-30 00:00:00,3406825,72323,30,30,compound-finance,protocol_fees
5692,COMP,2025-12-31 00:00:00,3555477,888666,31,31,compound-finance,protocol_fees
5692,COMP,2026-01-31 00:00:00,3211757,534760,31,31,compound-finance,protocol_fees
5692,COMP,2026-02-28 00:00:00,1548259,79334,28,28,compound-finance,protocol_fees
5692,COMP,2026-03-31 00:00:00,1518422,46399,31,31,compound-finance,protocol_fees
5692,COMP,2026-04-30 00:00:00,1834663,46001,30,30,compound-finance,protocol_fees
5692,COMP,2026-05-31 00:00:00,1871039,69469,31,31,compound-finance,protocol_fees
5692,COMP,2026-06-30 00:00:00,1631443,116504,30,30,compound-finance,protocol_fees
5692,COMP,2026-07-31 00:00:00,1847450,155693,31,31,compound-finance,protocol_fees
5728,BAL,2020-03-31 00:00:00,29,,9,,balancer,protocol_fees
5728,BAL,2020-04-30 00:00:00,4329,,30,,balancer,protocol_fees
5728,BAL,2020-05-31 00:00:00,30148,,31,,balancer,protocol_fees
5728,BAL,2020-06-30 00:00:00,1134754,,30,,balancer,protocol_fees
5728,BAL,2020-07-31 00:00:00,6419985,,31,,balancer,protocol_fees
5728,BAL,2020-08-31 00:00:00,17250469,,31,,balancer,protocol_fees
5728,BAL,2020-09-30 00:00:00,24572009,,30,,balancer,protocol_fees
5728,BAL,2020-10-31 00:00:00,5181994,,31,,balancer,protocol_fees
5728,BAL,2020-11-30 00:00:00,4111886,,30,,balancer,protocol_fees
5728,BAL,2020-12-31 00:00:00,4411863,,31,,balancer,protocol_fees
5728,BAL,2021-01-31 00:00:00,10025303,,31,,balancer,protocol_fees
5728,BAL,2021-02-28 00:00:00,14547998,,28,,balancer,protocol_fees
5728,BAL,2021-03-31 00:00:00,12705542,,31,,balancer,protocol_fees
5728,BAL,2021-04-30 00:00:00,15903775,25.0,30,7.0,balancer,protocol_fees
5728,BAL,2021-05-31 00:00:00,22281724,62108.0,31,31.0,balancer,protocol_fees
5728,BAL,2021-06-30 00:00:00,5916904,526776.0,30,30.0,balancer,protocol_fees
5728,BAL,2021-07-31 00:00:00,4338841,876784.0,31,31.0,balancer,protocol_fees
5728,BAL,2021-08-31 00:00:00,4330069,1159116.0,31,31.0,balancer,protocol_fees
5728,BAL,2021-09-30 00:00:00,5621200,1686989.0,30,30.0,balancer,protocol_fees
5728,BAL,2021-10-31 00:00:00,4854082,1577703.0,31,31.0,balancer,protocol_fees
5728,BAL,2021-11-30 00:00:00,8358106,3364856.0,30,30.0,balancer,protocol_fees
5728,BAL,2021-12-31 00:00:00,8152816,3406539.0,31,31.0,balancer,protocol_fees
5728,BAL,2022-01-31 00:00:00,3580512,1189280.0,31,31.0,balancer,protocol_fees
5728,BAL,2022-02-28 00:00:00,3677505,1223148.0,28,28.0,balancer,protocol_fees
5728,BAL,2022-03-31 00:00:00,3709491,1223851.0,31,31.0,balancer,protocol_fees
5728,BAL,2022-04-30 00:00:00,6208041,2384464.0,30,30.0,balancer,protocol_fees
5728,BAL,2022-05-31 00:00:00,5278684,2111146.0,31,31.0,balancer,protocol_fees
5728,BAL,2022-06-30 00:00:00,3682062,1495638.0,30,30.0,balancer,protocol_fees
5728,BAL,2022-07-31 00:00:00,2933455,1078104.0,31,31.0,balancer,protocol_fees
5728,BAL,2022-08-31 00:00:00,3317609,1398839.0,31,31.0,balancer,protocol_fees
5728,BAL,2022-09-30 00:00:00,3003700,1340255.0,30,30.0,balancer,protocol_fees
5728,BAL,2022-10-31 00:00:00,2376825,1066859.0,31,31.0,balancer,protocol_fees
5728,BAL,2022-11-30 00:00:00,3032385,1212331.0,30,30.0,balancer,protocol_fees
5728,BAL,2022-12-31 00:00:00,1329860,577044.0,31,31.0,balancer,protocol_fees
5728,BAL,2023-01-31 00:00:00,2554606,1081512.0,31,31.0,balancer,protocol_fees
5728,BAL,2023-02-28 00:00:00,3069720,1369899.0,28,28.0,balancer,protocol_fees
5728,BAL,2023-03-31 00:00:00,3052238,1469802.0,31,31.0,balancer,protocol_fees
5728,BAL,2023-04-30 00:00:00,1990866,954848.0,30,30.0,balancer,protocol_fees
5728,BAL,2023-05-31 00:00:00,1166857,563835.0,31,31.0,balancer,protocol_fees
5728,BAL,2023-06-30 00:00:00,1087220,488969.0,30,30.0,balancer,protocol_fees
5728,BAL,2023-07-31 00:00:00,1027575,433685.0,31,31.0,balancer,protocol_fees
5728,BAL,2023-08-31 00:00:00,4625662,2208026.0,31,31.0,balancer,protocol_fees
5728,BAL,2023-09-30 00:00:00,567609,252109.0,30,30.0,balancer,protocol_fees
5728,BAL,2023-10-31 00:00:00,737054,303628.0,31,31.0,balancer,protocol_fees
5728,BAL,2023-11-30 00:00:00,1711283,723451.0,30,30.0,balancer,protocol_fees
5728,BAL,2023-12-31 00:00:00,2076318,889615.0,31,31.0,balancer,protocol_fees
5728,BAL,2024-01-31 00:00:00,1563025,675399.0,31,31.0,balancer,protocol_fees
5728,BAL,2024-02-29 00:00:00,1707219,803382.0,29,29.0,balancer,protocol_fees
5728,BAL,2024-03-31 00:00:00,2897823,1394507.0,31,31.0,balancer,protocol_fees
5728,BAL,2024-04-30 00:00:00,2779833,1352333.0,30,30.0,balancer,protocol_fees
5728,BAL,2024-05-31 00:00:00,1557902,754898.0,31,31.0,balancer,protocol_fees
5728,BAL,2024-06-30 00:00:00,1515201,748601.0,30,30.0,balancer,protocol_fees
5728,BAL,2024-07-31 00:00:00,1430844,703417.0,31,31.0,balancer,protocol_fees
5728,BAL,2024-08-31 00:00:00,1781003,876746.0,31,31.0,balancer,protocol_fees
5728,BAL,2024-09-30 00:00:00,1611478,798960.0,30,30.0,balancer,protocol_fees
5728,BAL,2024-10-31 00:00:00,1479369,732076.0,31,31.0,balancer,protocol_fees
5728,BAL,2024-11-30 00:00:00,3328809,1650453.0,30,30.0,balancer,protocol_fees
5728,BAL,2024-12-31 00:00:00,6349907,3154945.0,31,31.0,balancer,protocol_fees
5728,BAL,2025-01-31 00:00:00,3596092,1784228.0,31,31.0,balancer,protocol_fees
5728,BAL,2025-02-28 00:00:00,2500357,1219645.0,28,28.0,balancer,protocol_fees
5728,BAL,2025-03-31 00:00:00,1568863,734058.0,31,31.0,balancer,protocol_fees
5728,BAL,2025-04-30 00:00:00,1222158,547096.0,30,30.0,balancer,protocol_fees
5728,BAL,2025-05-31 00:00:00,1600548,709082.0,31,31.0,balancer,protocol_fees
5728,BAL,2025-06-30 00:00:00,1189204,538140.0,30,30.0,balancer,protocol_fees
5728,BAL,2025-07-31 00:00:00,1537582,688984.0,31,31.0,balancer,protocol_fees
5728,BAL,2025-08-31 00:00:00,2024893,860033.0,31,31.0,balancer,protocol_fees
5728,BAL,2025-09-30 00:00:00,2096576,834512.0,30,30.0,balancer,protocol_fees
5728,BAL,2025-10-31 00:00:00,2757272,1092856.0,31,31.0,balancer,protocol_fees
5728,BAL,2025-11-30 00:00:00,979535,347648.0,30,30.0,balancer,protocol_fees
5728,BAL,2025-12-31 00:00:00,615343,211230.0,31,31.0,balancer,protocol_fees
5728,BAL,2026-01-31 00:00:00,456799,137984.0,31,31.0,balancer,protocol_fees
5728,BAL,2026-02-28 00:00:00,530586,197316.0,28,28.0,balancer,protocol_fees
5728,BAL,2026-03-31 00:00:00,314244,97237.0,31,31.0,balancer,protocol_fees
5728,BAL,2026-04-30 00:00:00,558474,204413.0,30,30.0,balancer,protocol_fees
5728,BAL,2026-05-31 00:00:00,316703,90007.0,31,31.0,balancer,protocol_fees
5728,BAL,2026-06-30 00:00:00,250517,53303.0,30,30.0,balancer,protocol_fees
5728,BAL,2026-07-31 00:00:00,269660,107475.0,31,31.0,balancer,protocol_fees
5864,YFI,2020-07-31 00:00:00,20353,4478,4,4,yearn,protocol_fees
5864,YFI,2020-08-31 00:00:00,764997,168302,30,30,yearn,protocol_fees
5864,YFI,2020-09-30 00:00:00,3826945,841930,30,30,yearn,protocol_fees
5864,YFI,2020-10-31 00:00:00,820602,180531,31,31,yearn,protocol_fees
5864,YFI,2020-11-30 00:00:00,733921,161461,30,30,yearn,protocol_fees
5864,YFI,2020-12-31 00:00:00,888585,195120,31,31,yearn,protocol_fees
5864,YFI,2021-01-31 00:00:00,2491689,541067,29,29,yearn,protocol_fees
5864,YFI,2021-02-28 00:00:00,2511933,516089,26,26,yearn,protocol_fees
5864,YFI,2021-03-31 00:00:00,5298215,774401,30,30,yearn,protocol_fees
5864,YFI,2021-04-30 00:00:00,6427181,889770,28,28,yearn,protocol_fees
5864,YFI,2021-05-31 00:00:00,9289637,1157390,31,31,yearn,protocol_fees
5864,YFI,2021-06-30 00:00:00,6015775,699697,30,30,yearn,protocol_fees
5864,YFI,2021-07-31 00:00:00,5446305,579415,31,31,yearn,protocol_fees
5864,YFI,2021-08-31 00:00:00,7536049,862293,31,31,yearn,protocol_fees
5864,YFI,2021-09-30 00:00:00,5875327,692108,30,30,yearn,protocol_fees
5864,YFI,2021-10-31 00:00:00,5647530,632590,31,31,yearn,protocol_fees
5864,YFI,2021-11-30 00:00:00,6980452,778317,30,30,yearn,protocol_fees
5864,YFI,2021-12-31 00:00:00,5067511,605244,31,31,yearn,protocol_fees
5864,YFI,2022-01-31 00:00:00,3401317,404405,31,31,yearn,protocol_fees
5864,YFI,2022-02-28 00:00:00,2006391,242880,28,28,yearn,protocol_fees
5864,YFI,2022-03-31 00:00:00,2080727,247974,28,28,yearn,protocol_fees
5864,YFI,2022-04-30 00:00:00,1744492,322634,27,27,yearn,protocol_fees
5864,YFI,2022-05-31 00:00:00,753830,164183,28,28,yearn,protocol_fees
5864,YFI,2022-06-30 00:00:00,395957,75649,30,30,yearn,protocol_fees
5864,YFI,2022-07-31 00:00:00,287984,54398,29,29,yearn,protocol_fees
5864,YFI,2022-08-31 00:00:00,777963,155070,31,31,yearn,protocol_fees
5864,YFI,2022-09-30 00:00:00,818995,164992,30,30,yearn,protocol_fees
5864,YFI,2022-10-31 00:00:00,904314,182649,31,31,yearn,protocol_fees
5864,YFI,2022-11-30 00:00:00,645348,123808,30,30,yearn,protocol_fees
5864,YFI,2022-12-31 00:00:00,770194,144467,31,31,yearn,protocol_fees
5864,YFI,2023-01-31 00:00:00,1590136,224385,31,31,yearn,protocol_fees
5864,YFI,2023-02-28 00:00:00,1446641,196794,28,28,yearn,protocol_fees
5864,YFI,2023-03-31 00:00:00,1508549,206094,30,30,yearn,protocol_fees
5864,YFI,2023-04-30 00:00:00,1658809,238730,30,30,yearn,protocol_fees
5864,YFI,2023-05-31 00:00:00,1694348,238275,31,31,yearn,protocol_fees
5864,YFI,2023-06-30 00:00:00,1358434,195733,30,30,yearn,protocol_fees
5864,YFI,2023-07-31 00:00:00,1338742,191852,31,31,yearn,protocol_fees
5864,YFI,2023-08-31 00:00:00,675440,91512,31,31,yearn,protocol_fees
5864,YFI,2023-09-30 00:00:00,2932799,342780,30,30,yearn,protocol_fees
5864,YFI,2023-10-31 00:00:00,1025210,134972,31,31,yearn,protocol_fees
5864,YFI,2023-11-30 00:00:00,990700,127816,30,30,yearn,protocol_fees
5864,YFI,2023-12-31 00:00:00,1556926,215398,30,30,yearn,protocol_fees
5864,YFI,2024-01-31 00:00:00,1299432,156999,31,31,yearn,protocol_fees
5864,YFI,2024-02-29 00:00:00,1870119,283713,29,29,yearn,protocol_fees
5864,YFI,2024-03-31 00:00:00,1778750,201900,31,31,yearn,protocol_fees
5864,YFI,2024-04-30 00:00:00,1944966,266602,30,30,yearn,protocol_fees
5864,YFI,2024-05-31 00:00:00,1446297,178965,29,29,yearn,protocol_fees
5864,YFI,2024-06-30 00:00:00,1551357,187310,30,30,yearn,protocol_fees
5864,YFI,2024-07-31 00:00:00,1146480,143951,31,31,yearn,protocol_fees
5864,YFI,2024-08-31 00:00:00,1021680,132293,31,31,yearn,protocol_fees
5864,YFI,2024-09-30 00:00:00,761962,90560,30,30,yearn,protocol_fees
5864,YFI,2024-10-31 00:00:00,902302,112717,31,31,yearn,protocol_fees
5864,YFI,2024-11-30 00:00:00,1120669,114983,30,30,yearn,protocol_fees
5864,YFI,2024-12-31 00:00:00,1921612,201928,31,31,yearn,protocol_fees
5864,YFI,2025-01-31 00:00:00,1636208,180436,31,31,yearn,protocol_fees
5864,YFI,2025-02-28 00:00:00,3716096,471291,28,28,yearn,protocol_fees
5864,YFI,2025-03-31 00:00:00,926076,99100,31,31,yearn,protocol_fees
5864,YFI,2025-04-30 00:00:00,1373537,127047,30,30,yearn,protocol_fees
5864,YFI,2025-05-31 00:00:00,1254389,119230,31,31,yearn,protocol_fees
5864,YFI,2025-06-30 00:00:00,1307816,99204,30,30,yearn,protocol_fees
5864,YFI,2025-07-31 00:00:00,2230819,124079,31,31,yearn,protocol_fees
5864,YFI,2025-08-31 00:00:00,2014661,160387,31,31,yearn,protocol_fees
5864,YFI,2025-09-30 00:00:00,1381844,108111,30,30,yearn,protocol_fees
5864,YFI,2025-10-31 00:00:00,1263355,100854,31,31,yearn,protocol_fees
5864,YFI,2025-11-30 00:00:00,1045734,78418,30,30,yearn,protocol_fees
5864,YFI,2025-12-31 00:00:00,881604,74756,31,31,yearn,protocol_fees
5864,YFI,2026-01-31 00:00:00,821954,59558,31,31,yearn,protocol_fees
5864,YFI,2026-02-28 00:00:00,613680,43838,28,28,yearn,protocol_fees
5864,YFI,2026-03-31 00:00:00,616450,36321,31,31,yearn,protocol_fees
5864,YFI,2026-04-30 00:00:00,704192,47327,30,30,yearn,protocol_fees
5864,YFI,2026-05-31 00:00:00,763977,39866,31,31,yearn,protocol_fees
5864,YFI,2026-06-30 00:00:00,802686,45819,30,30,yearn,protocol_fees
5864,YFI,2026-07-31 00:00:00,703131,39590,31,31,yearn,protocol_fees
6538,CRV,2020-11-30 00:00:00,1456812.0,720647,30,30,curve-finance,protocol_fees
6538,CRV,2020-12-31 00:00:00,1522801.0,761285,31,31,curve-finance,protocol_fees
6538,CRV,2021-01-31 00:00:00,3928201.0,1964099,31,31,curve-finance,protocol_fees
6538,CRV,2021-02-28 00:00:00,5399928.0,2699962,28,28,curve-finance,protocol_fees
6538,CRV,2021-03-31 00:00:00,7937429.0,3968712,31,31,curve-finance,protocol_fees
6538,CRV,2021-04-30 00:00:00,10976313.0,5488157,30,30,curve-finance,protocol_fees
6538,CRV,2021-05-31 00:00:00,12522582.0,6261290,31,31,curve-finance,protocol_fees
6538,CRV,2021-06-30 00:00:00,9415923.0,4667424,30,30,curve-finance,protocol_fees
6538,CRV,2021-07-31 00:00:00,6321181.0,3044511,31,31,curve-finance,protocol_fees
6538,CRV,2021-08-31 00:00:00,7990573.0,3950141,31,31,curve-finance,protocol_fees
6538,CRV,2021-09-30 00:00:00,8452021.0,4220973,30,30,curve-finance,protocol_fees
6538,CRV,2021-10-31 00:00:00,12594180.0,6293771,31,31,curve-finance,protocol_fees
6538,CRV,2021-11-30 00:00:00,13338408.0,6667595,30,30,curve-finance,protocol_fees
6538,CRV,2021-12-31 00:00:00,18550562.0,9274336,31,31,curve-finance,protocol_fees
6538,CRV,2022-01-31 00:00:00,23063334.0,11530869,31,31,curve-finance,protocol_fees
6538,CRV,2022-02-28 00:00:00,11813379.0,5906535,28,28,curve-finance,protocol_fees
6538,CRV,2022-03-31 00:00:00,13036585.0,6518181,31,31,curve-finance,protocol_fees
6538,CRV,2022-04-30 00:00:00,12141315.0,6070566,30,30,curve-finance,protocol_fees
6538,CRV,2022-05-31 00:00:00,20850143.0,10424578,31,31,curve-finance,protocol_fees
6538,CRV,2022-06-30 00:00:00,8075328.0,4035924,30,30,curve-finance,protocol_fees
6538,CRV,2022-07-31 00:00:00,4575107.0,2286428,31,31,curve-finance,protocol_fees
6538,CRV,2022-08-31 00:00:00,3656830.0,1827618,31,31,curve-finance,protocol_fees
6538,CRV,2022-09-30 00:00:00,3197838.0,1597305,30,30,curve-finance,protocol_fees
6538,CRV,2022-10-31 00:00:00,2260215.0,1129468,31,31,curve-finance,protocol_fees
6538,CRV,2022-11-30 00:00:00,5915051.0,2956895,30,30,curve-finance,protocol_fees
6538,CRV,2022-12-31 00:00:00,2092624.0,1046109,31,31,curve-finance,protocol_fees
6538,CRV,2023-01-31 00:00:00,3220826.0,1610192,31,31,curve-finance,protocol_fees
6538,CRV,2023-02-28 00:00:00,2679608.0,1338090,27,27,curve-finance,protocol_fees
6538,CRV,2023-03-31 00:00:00,4141099.0,2067350,30,30,curve-finance,protocol_fees
6538,CRV,2023-04-30 00:00:00,2065848.0,1030671,30,30,curve-finance,protocol_fees
6538,CRV,2023-05-31 00:00:00,2170172.0,1086454,31,31,curve-finance,protocol_fees
6538,CRV,2023-06-30 00:00:00,2473518.0,1333492,30,30,curve-finance,protocol_fees
6538,CRV,2023-07-31 00:00:00,73125077.0,37494171,31,31,curve-finance,protocol_fees
6538,CRV,2023-08-31 00:00:00,47769755.0,23321550,31,31,curve-finance,protocol_fees
6538,CRV,2023-09-30 00:00:00,24856910.0,12460109,30,30,curve-finance,protocol_fees
6538,CRV,2023-10-31 00:00:00,18677275.0,8337526,31,31,curve-finance,protocol_fees
6538,CRV,2023-11-30 00:00:00,71994223.0,28019711,30,30,curve-finance,protocol_fees
6538,CRV,2023-12-31 00:00:00,27448121.0,14143222,31,31,curve-finance,protocol_fees
6538,CRV,2024-01-31 00:00:00,8270220.0,7454671,31,31,curve-finance,protocol_fees
6538,CRV,2024-02-29 00:00:00,7050779.0,6424543,29,29,curve-finance,protocol_fees
6538,CRV,2024-03-31 00:00:00,13621281.0,12494783,31,31,curve-finance,protocol_fees
6538,CRV,2024-04-30 00:00:00,10208852.0,9318140,30,30,curve-finance,protocol_fees
6538,CRV,2024-05-31 00:00:00,8006569.0,7399431,31,31,curve-finance,protocol_fees
6538,CRV,2024-06-30 00:00:00,8137560.0,7006271,30,30,curve-finance,protocol_fees
6538,CRV,2024-07-31 00:00:00,7502916.0,6897269,31,31,curve-finance,protocol_fees
6538,CRV,2024-08-31 00:00:00,3101039.0,2356279,31,31,curve-finance,protocol_fees
6538,CRV,2024-09-30 00:00:00,3552256.0,3186960,30,30,curve-finance,protocol_fees
6538,CRV,2024-10-31 00:00:00,3653085.0,3272559,31,31,curve-finance,protocol_fees
6538,CRV,2024-11-30 00:00:00,5992159.0,5257926,30,30,curve-finance,protocol_fees
6538,CRV,2024-12-31 00:00:00,7002587.0,5724152,31,31,curve-finance,protocol_fees
6538,CRV,2025-01-31 00:00:00,6193288.0,5039361,31,31,curve-finance,protocol_fees
6538,CRV,2025-02-28 00:00:00,4073246.0,3267728,28,28,curve-finance,protocol_fees
6538,CRV,2025-03-31 00:00:00,4100506.0,3572334,31,31,curve-finance,protocol_fees
6538,CRV,2025-04-30 00:00:00,5530468.0,4936342,30,30,curve-finance,protocol_fees
6538,CRV,2025-05-31 00:00:00,8801015.0,8277766,31,31,curve-finance,protocol_fees
6538,CRV,2025-06-30 00:00:00,5234296.0,4616381,30,30,curve-finance,protocol_fees
6538,CRV,2025-07-31 00:00:00,4319792.0,3574553,31,31,curve-finance,protocol_fees
6538,CRV,2025-08-31 00:00:00,6586378.0,5272323,31,31,curve-finance,protocol_fees
6538,CRV,2025-09-30 00:00:00,6207343.0,5042847,30,30,curve-finance,protocol_fees
6538,CRV,2025-10-31 00:00:00,7825714.0,4880581,31,31,curve-finance,protocol_fees
6538,CRV,2025-11-30 00:00:00,8064493.0,4586054,30,30,curve-finance,protocol_fees
6538,CRV,2025-12-31 00:00:00,5624293.0,2348864,31,31,curve-finance,protocol_fees
6538,CRV,2026-01-31 00:00:00,7216161.0,3661201,31,31,curve-finance,protocol_fees
6538,CRV,2026-02-28 00:00:00,5644535.0,2616070,28,28,curve-finance,protocol_fees
6538,CRV,2026-03-31 00:00:00,4734872.0,2400315,31,31,curve-finance,protocol_fees
6538,CRV,2026-04-30 00:00:00,4711744.0,2143320,30,30,curve-finance,protocol_fees
6538,CRV,2026-05-31 00:00:00,3528647.0,1751097,31,31,curve-finance,protocol_fees
6538,CRV,2026-06-30 00:00:00,3803357.0,1369343,30,30,curve-finance,protocol_fees
6538,CRV,2026-07-31 00:00:00,2158154.21,797972,31,31,curve-finance,protocol_fees
6758,SUSHI,2020-09-30 00:00:00,6751672,1125276,22,22,sushiswap,protocol_fees
6758,SUSHI,2020-10-31 00:00:00,2593138,432189,31,31,sushiswap,protocol_fees
6758,SUSHI,2020-11-30 00:00:00,5991441,998573,30,30,sushiswap,protocol_fees
6758,SUSHI,2020-12-31 00:00:00,9224404,1537399,31,31,sushiswap,protocol_fees
6758,SUSHI,2021-01-31 00:00:00,37143596,6190599,31,31,sushiswap,protocol_fees
6758,SUSHI,2021-02-28 00:00:00,43167138,7194522,28,28,sushiswap,protocol_fees
6758,SUSHI,2021-03-31 00:00:00,28901726,4816958,31,31,sushiswap,protocol_fees
6758,SUSHI,2021-04-30 00:00:00,35419861,5903313,30,30,sushiswap,protocol_fees
6758,SUSHI,2021-05-31 00:00:00,85953667,14325606,31,31,sushiswap,protocol_fees
6758,SUSHI,2021-06-30 00:00:00,43110033,7185004,30,30,sushiswap,protocol_fees
6758,SUSHI,2021-07-31 00:00:00,20561539,3426921,31,31,sushiswap,protocol_fees
6758,SUSHI,2021-08-31 00:00:00,31982213,5330370,31,31,sushiswap,protocol_fees
6758,SUSHI,2021-09-30 00:00:00,41265999,6877667,30,30,sushiswap,protocol_fees
6758,SUSHI,2021-10-31 00:00:00,59035404,9839241,31,31,sushiswap,protocol_fees
6758,SUSHI,2021-11-30 00:00:00,55134970,9189171,30,30,sushiswap,protocol_fees
6758,SUSHI,2021-12-31 00:00:00,40468275,6744712,31,31,sushiswap,protocol_fees
6758,SUSHI,2022-01-31 00:00:00,49210277,8201713,31,31,sushiswap,protocol_fees
6758,SUSHI,2022-02-28 00:00:00,19982751,3330462,28,28,sushiswap,protocol_fees
6758,SUSHI,2022-03-31 00:00:00,9142414,1523738,31,31,sushiswap,protocol_fees
6758,SUSHI,2022-04-30 00:00:00,7675088,1279181,30,30,sushiswap,protocol_fees
6758,SUSHI,2022-05-31 00:00:00,8052885,1342146,31,31,sushiswap,protocol_fees
6758,SUSHI,2022-06-30 00:00:00,4176722,696115,30,30,sushiswap,protocol_fees
6758,SUSHI,2022-07-31 00:00:00,3068899,511484,31,31,sushiswap,protocol_fees
6758,SUSHI,2022-08-31 00:00:00,2533180,422194,31,31,sushiswap,protocol_fees
6758,SUSHI,2022-09-30 00:00:00,1790768,298464,30,30,sushiswap,protocol_fees
6758,SUSHI,2022-10-31 00:00:00,1314230,219038,31,31,sushiswap,protocol_fees
6758,SUSHI,2022-11-30 00:00:00,1939777,323297,30,30,sushiswap,protocol_fees
6758,SUSHI,2022-12-31 00:00:00,723572,120593,31,31,sushiswap,protocol_fees
6758,SUSHI,2023-01-31 00:00:00,1361035,226838,31,31,sushiswap,protocol_fees
6758,SUSHI,2023-02-28 00:00:00,2576317,429390,28,28,sushiswap,protocol_fees
6758,SUSHI,2023-03-31 00:00:00,1731120,288521,31,31,sushiswap,protocol_fees
6758,SUSHI,2023-04-30 00:00:00,833339,138887,30,30,sushiswap,protocol_fees
6758,SUSHI,2023-05-31 00:00:00,556342,92723,31,31,sushiswap,protocol_fees
6758,SUSHI,2023-06-30 00:00:00,542844,90473,30,30,sushiswap,protocol_fees
6758,SUSHI,2023-07-31 00:00:00,542935,90491,31,31,sushiswap,protocol_fees
6758,SUSHI,2023-08-31 00:00:00,505351,84234,31,31,sushiswap,protocol_fees
6758,SUSHI,2023-09-30 00:00:00,334003,55672,30,30,sushiswap,protocol_fees
6758,SUSHI,2023-10-31 00:00:00,390282,65050,31,31,sushiswap,protocol_fees
6758,SUSHI,2023-11-30 00:00:00,1294903,215823,30,30,sushiswap,protocol_fees
6758,SUSHI,2023-12-31 00:00:00,1611512,268581,31,31,sushiswap,protocol_fees
6758,SUSHI,2024-01-31 00:00:00,1342530,223752,31,31,sushiswap,protocol_fees
6758,SUSHI,2024-02-29 00:00:00,1405937,234329,29,29,sushiswap,protocol_fees
6758,SUSHI,2024-03-31 00:00:00,2996670,499442,31,31,sushiswap,protocol_fees
6758,SUSHI,2024-04-30 00:00:00,1804540,300755,30,30,sushiswap,protocol_fees
6758,SUSHI,2024-05-31 00:00:00,954943,159168,31,31,sushiswap,protocol_fees
6758,SUSHI,2024-06-30 00:00:00,869181,144860,30,30,sushiswap,protocol_fees
6758,SUSHI,2024-07-31 00:00:00,616955,102821,31,31,sushiswap,protocol_fees
6758,SUSHI,2024-08-31 00:00:00,735351,122556,31,31,sushiswap,protocol_fees
6758,SUSHI,2024-09-30 00:00:00,436423,72747,30,30,sushiswap,protocol_fees
6758,SUSHI,2024-10-31 00:00:00,471614,78603,31,31,sushiswap,protocol_fees
6758,SUSHI,2024-11-30 00:00:00,896378,149392,30,30,sushiswap,protocol_fees
6758,SUSHI,2024-12-31 00:00:00,957673,159611,31,31,sushiswap,protocol_fees
6758,SUSHI,2025-01-31 00:00:00,663759,110631,31,31,sushiswap,protocol_fees
6758,SUSHI,2025-02-28 00:00:00,635145,105858,28,28,sushiswap,protocol_fees
6758,SUSHI,2025-03-31 00:00:00,334645,55774,31,31,sushiswap,protocol_fees
6758,SUSHI,2025-04-30 00:00:00,376769,62787,30,30,sushiswap,protocol_fees
6758,SUSHI,2025-05-31 00:00:00,398399,66401,31,31,sushiswap,protocol_fees
6758,SUSHI,2025-06-30 00:00:00,232976,38837,30,30,sushiswap,protocol_fees
6758,SUSHI,2025-07-31 00:00:00,343929,57325,31,31,sushiswap,protocol_fees
6758,SUSHI,2025-08-31 00:00:00,491284,81881,31,31,sushiswap,protocol_fees
6758,SUSHI,2025-09-30 00:00:00,273523,45587,30,30,sushiswap,protocol_fees
6758,SUSHI,2025-10-31 00:00:00,525511,87591,31,31,sushiswap,protocol_fees
6758,SUSHI,2025-11-30 00:00:00,466539,77757,30,30,sushiswap,protocol_fees
6758,SUSHI,2025-12-31 00:00:00,160916,26826,31,31,sushiswap,protocol_fees
6758,SUSHI,2026-01-31 00:00:00,183273,30547,31,31,sushiswap,protocol_fees
6758,SUSHI,2026-02-28 00:00:00,179467,29908,28,28,sushiswap,protocol_fees
6758,SUSHI,2026-03-31 00:00:00,81222,13539,31,31,sushiswap,protocol_fees
6758,SUSHI,2026-04-30 00:00:00,67483,11250,30,30,sushiswap,protocol_fees
6758,SUSHI,2026-05-31 00:00:00,64537,10753,31,31,sushiswap,protocol_fees
6758,SUSHI,2026-06-30 00:00:00,78423,13072,29,29,sushiswap,protocol_fees
6758,SUSHI,2026-07-31 00:00:00,59640,9944,31,31,sushiswap,protocol_fees
6929,HEGIC,2022-10-31 00:00:00,23441.0,-56926.0,7,6,hegic,protocol_fees
6929,HEGIC,2022-11-30 00:00:00,298076.0,55089.0,30,30,hegic,protocol_fees
6929,HEGIC,2022-12-31 00:00:00,237600.0,80254.0,31,31,hegic,protocol_fees
6929,HEGIC,2023-01-31 00:00:00,767548.0,-48942.0,31,31,hegic,protocol_fees
6929,HEGIC,2023-02-28 00:00:00,719867.0,43976.0,28,28,hegic,protocol_fees
6929,HEGIC,2023-03-31 00:00:00,654609.0,98494.0,31,31,hegic,protocol_fees
6929,HEGIC,2023-04-30 00:00:00,572370.0,-124941.0,30,30,hegic,protocol_fees
6929,HEGIC,2023-05-31 00:00:00,523655.0,109732.0,31,31,hegic,protocol_fees
6929,HEGIC,2023-06-30 00:00:00,449163.0,168529.0,30,30,hegic,protocol_fees
6929,HEGIC,2023-07-31 00:00:00,280509.0,53863.0,31,31,hegic,protocol_fees
6929,HEGIC,2023-08-31 00:00:00,186982.0,66824.0,31,31,hegic,protocol_fees
6929,HEGIC,2023-09-30 00:00:00,252213.0,33644.0,30,30,hegic,protocol_fees
6929,HEGIC,2023-10-31 00:00:00,290226.0,-54296.0,31,31,hegic,protocol_fees
6929,HEGIC,2023-11-30 00:00:00,568794.0,28911.0,30,30,hegic,protocol_fees
6929,HEGIC,2023-12-31 00:00:00,443961.0,-138846.0,31,31,hegic,protocol_fees
6929,HEGIC,2024-01-31 00:00:00,461641.0,-53871.0,31,31,hegic,protocol_fees
6929,HEGIC,2024-02-29 00:00:00,362971.0,11579.0,29,29,hegic,protocol_fees
6929,HEGIC,2024-03-31 00:00:00,357097.0,-110791.0,31,31,hegic,protocol_fees
6929,HEGIC,2024-04-30 00:00:00,413178.0,-308439.0,30,30,hegic,protocol_fees
6929,HEGIC,2024-05-31 00:00:00,241433.0,-44188.0,31,31,hegic,protocol_fees
6929,HEGIC,2024-06-30 00:00:00,302150.0,64087.0,30,30,hegic,protocol_fees
6929,HEGIC,2024-07-31 00:00:00,337123.0,144469.0,31,31,hegic,protocol_fees
6929,HEGIC,2024-08-31 00:00:00,68201.0,44732.0,31,31,hegic,protocol_fees
6929,HEGIC,2024-09-30 00:00:00,57753.0,27170.0,30,30,hegic,protocol_fees
6929,HEGIC,2024-10-31 00:00:00,53301.0,14671.0,31,31,hegic,protocol_fees
6929,HEGIC,2024-11-30 00:00:00,87712.0,-45933.0,30,30,hegic,protocol_fees
6929,HEGIC,2024-12-31 00:00:00,68951.0,-20786.0,31,31,hegic,protocol_fees
6929,HEGIC,2025-01-31 00:00:00,139921.0,54857.0,31,31,hegic,protocol_fees
6929,HEGIC,2025-02-28 00:00:00,136136.0,79016.0,28,28,hegic,protocol_fees
6929,HEGIC,2025-03-31 00:00:00,146122.0,89902.0,31,31,hegic,protocol_fees
6929,HEGIC,2025-04-30 00:00:00,85658.0,24960.0,30,30,hegic,protocol_fees
6929,HEGIC,2025-05-31 00:00:00,120494.0,-155962.0,31,31,hegic,protocol_fees
6929,HEGIC,2025-06-30 00:00:00,111695.0,-19259.0,30,30,hegic,protocol_fees
6929,HEGIC,2025-07-31 00:00:00,107821.0,-26817.0,31,31,hegic,protocol_fees
6929,HEGIC,2025-08-31 00:00:00,168855.0,-285150.0,31,31,hegic,protocol_fees
6929,HEGIC,2025-09-30 00:00:00,113548.0,37789.0,30,30,hegic,protocol_fees
6929,HEGIC,2025-10-31 00:00:00,107759.0,45029.0,31,31,hegic,protocol_fees
6929,HEGIC,2025-11-30 00:00:00,91652.0,70282.0,30,30,hegic,protocol_fees
6929,HEGIC,2025-12-31 00:00:00,158289.0,137341.0,31,31,hegic,protocol_fees
6929,HEGIC,2026-01-31 00:00:00,160694.0,-57389.0,31,31,hegic,protocol_fees
6929,HEGIC,2026-02-28 00:00:00,145535.0,19498.0,28,28,hegic,protocol_fees
6929,HEGIC,2026-03-31 00:00:00,193869.0,-68767.0,31,31,hegic,protocol_fees
6929,HEGIC,2026-04-30 00:00:00,112402.0,22573.0,30,30,hegic,protocol_fees
6929,HEGIC,2026-05-31 00:00:00,64022.0,54070.0,30,30,hegic,protocol_fees
6929,HEGIC,2026-06-30 00:00:00,65977.0,1508.0,29,29,hegic,protocol_fees
6929,HEGIC,2026-07-31 00:00:00,33299.92,11957.039999999999,31,31,hegic,protocol_fees
6950,PERP,2023-01-31 00:00:00,591858,118371,31,31,perpetual-protocol,protocol_fees
6950,PERP,2023-02-28 00:00:00,645420,129086,28,28,perpetual-protocol,protocol_fees
6950,PERP,2023-03-31 00:00:00,891353,178270,31,31,perpetual-protocol,protocol_fees
6950,PERP,2023-04-30 00:00:00,992348,198468,30,30,perpetual-protocol,protocol_fees
6950,PERP,2023-05-31 00:00:00,1005264,201049,31,31,perpetual-protocol,protocol_fees
6950,PERP,2023-06-30 00:00:00,812445,162490,30,30,perpetual-protocol,protocol_fees
6950,PERP,2023-07-31 00:00:00,548929,109786,31,31,perpetual-protocol,protocol_fees
6950,PERP,2023-08-31 00:00:00,478129,95627,31,31,perpetual-protocol,protocol_fees
6950,PERP,2023-09-30 00:00:00,565467,113093,30,30,perpetual-protocol,protocol_fees
6950,PERP,2023-10-31 00:00:00,409839,81967,31,31,perpetual-protocol,protocol_fees
6950,PERP,2023-11-30 00:00:00,296864,59371,30,30,perpetual-protocol,protocol_fees
6950,PERP,2023-12-31 00:00:00,353708,70742,31,31,perpetual-protocol,protocol_fees
6950,PERP,2024-01-31 00:00:00,473972,94796,31,31,perpetual-protocol,protocol_fees
6950,PERP,2024-02-29 00:00:00,432718,86543,29,28,perpetual-protocol,protocol_fees
6950,PERP,2024-03-31 00:00:00,296229,59245,31,31,perpetual-protocol,protocol_fees
6950,PERP,2024-04-30 00:00:00,108249,21649,30,30,perpetual-protocol,protocol_fees
6950,PERP,2024-05-31 00:00:00,71568,14312,31,31,perpetual-protocol,protocol_fees
6950,PERP,2024-06-30 00:00:00,37700,7539,30,30,perpetual-protocol,protocol_fees
6950,PERP,2024-07-31 00:00:00,43152,8628,31,31,perpetual-protocol,protocol_fees
6950,PERP,2024-08-31 00:00:00,45877,9179,31,31,perpetual-protocol,protocol_fees
6950,PERP,2024-09-30 00:00:00,30672,6132,30,30,perpetual-protocol,protocol_fees
6950,PERP,2024-10-31 00:00:00,20792,4157,31,31,perpetual-protocol,protocol_fees
6950,PERP,2024-11-30 00:00:00,8123,1623,30,30,perpetual-protocol,protocol_fees
6950,PERP,2024-12-31 00:00:00,9333,1866,31,31,perpetual-protocol,protocol_fees
6950,PERP,2025-01-31 00:00:00,4388,878,31,31,perpetual-protocol,protocol_fees
6950,PERP,2025-02-28 00:00:00,4275,854,28,28,perpetual-protocol,protocol_fees
6950,PERP,2025-03-31 00:00:00,3015,603,31,31,perpetual-protocol,protocol_fees
6950,PERP,2025-04-30 00:00:00,3974,795,30,30,perpetual-protocol,protocol_fees
6950,PERP,2025-05-31 00:00:00,1680,334,31,31,perpetual-protocol,protocol_fees
6950,PERP,2025-06-30 00:00:00,940,185,30,30,perpetual-protocol,protocol_fees
6950,PERP,2025-07-31 00:00:00,1732,344,31,31,perpetual-protocol,protocol_fees
6950,PERP,2025-08-31 00:00:00,1351,269,31,31,perpetual-protocol,protocol_fees
6950,PERP,2025-09-30 00:00:00,1120,225,30,30,perpetual-protocol,protocol_fees
6950,PERP,2025-10-31 00:00:00,1389,277,31,31,perpetual-protocol,protocol_fees
6950,PERP,2025-11-30 00:00:00,1150,233,30,30,perpetual-protocol,protocol_fees
6950,PERP,2025-12-31 00:00:00,575,113,31,31,perpetual-protocol,protocol_fees
6950,PERP,2026-01-31 00:00:00,0,0,31,31,perpetual-protocol,protocol_fees
6950,PERP,2026-02-28 00:00:00,0,0,28,28,perpetual-protocol,protocol_fees
6950,PERP,2026-03-31 00:00:00,0,0,31,31,perpetual-protocol,protocol_fees
6950,PERP,2026-04-30 00:00:00,0,0,30,30,perpetual-protocol,protocol_fees
6950,PERP,2026-05-31 00:00:00,0,0,31,31,perpetual-protocol,protocol_fees
6950,PERP,2026-06-30 00:00:00,0,0,30,30,perpetual-protocol,protocol_fees
6950,PERP,2026-07-31 00:00:00,0,0,31,31,perpetual-protocol,protocol_fees
6953,FRAX,2021-12-31 00:00:00,2838.08,0.0,8,8,frax-finance,protocol_fees
6953,FRAX,2022-01-31 00:00:00,14985.0,0.0,31,31,frax-finance,protocol_fees
6953,FRAX,2022-02-28 00:00:00,15607.0,0.0,28,28,frax-finance,protocol_fees
6953,FRAX,2022-03-31 00:00:00,8655.0,0.0,31,31,frax-finance,protocol_fees
6953,FRAX,2022-04-30 00:00:00,7531.95,0.0,30,30,frax-finance,protocol_fees
6953,FRAX,2022-05-31 00:00:00,152893.0,0.0,31,31,frax-finance,protocol_fees
6953,FRAX,2022-06-30 00:00:00,343188.0,0.0,30,30,frax-finance,protocol_fees
6953,FRAX,2022-07-31 00:00:00,301310.0,0.0,31,31,frax-finance,protocol_fees
6953,FRAX,2022-08-31 00:00:00,360636.0,0.0,31,31,frax-finance,protocol_fees
6953,FRAX,2022-09-30 00:00:00,232050.0,0.0,30,30,frax-finance,protocol_fees
6953,FRAX,2022-10-31 00:00:00,189168.43,426.14,31,31,frax-finance,protocol_fees
6953,FRAX,2022-11-30 00:00:00,256475.0,3191.0,30,30,frax-finance,protocol_fees
6953,FRAX,2022-12-31 00:00:00,340324.0,18974.0,31,31,frax-finance,protocol_fees
6953,FRAX,2023-01-31 00:00:00,889458.0,29619.0,31,31,frax-finance,protocol_fees
6953,FRAX,2023-02-28 00:00:00,1328852.0,52262.0,28,28,frax-finance,protocol_fees
6953,FRAX,2023-03-31 00:00:00,1413865.0,90730.0,31,31,frax-finance,protocol_fees
6953,FRAX,2023-04-30 00:00:00,1142142.0,85988.0,30,30,frax-finance,protocol_fees
6953,FRAX,2023-05-31 00:00:00,1504915.0,133665.0,31,31,frax-finance,protocol_fees
6953,FRAX,2023-06-30 00:00:00,1607418.0,142262.0,30,30,frax-finance,protocol_fees
6953,FRAX,2023-07-31 00:00:00,1519361.0,132894.0,31,31,frax-finance,protocol_fees
6953,FRAX,2023-08-31 00:00:00,1786576.0,156264.0,31,31,frax-finance,protocol_fees
6953,FRAX,2023-09-30 00:00:00,1237290.0,111538.0,30,30,frax-finance,protocol_fees
6953,FRAX,2023-10-31 00:00:00,1261927.0,108486.0,31,31,frax-finance,protocol_fees
6953,FRAX,2023-11-30 00:00:00,2181675.0,187832.0,30,30,frax-finance,protocol_fees
6953,FRAX,2023-12-31 00:00:00,2046578.0,174804.0,31,31,frax-finance,protocol_fees
6953,FRAX,2024-01-31 00:00:00,2154608.0,180741.0,31,31,frax-finance,protocol_fees
6953,FRAX,2024-02-29 00:00:00,2800818.0,251476.0,29,29,frax-finance,protocol_fees
6953,FRAX,2024-03-31 00:00:00,4147316.0,288221.42,31,31,frax-finance,protocol_fees
6953,FRAX,2024-04-30 00:00:00,2967171.0,200119.5,30,30,frax-finance,protocol_fees
6953,FRAX,2024-05-31 00:00:00,2473024.0,185052.57,31,31,frax-finance,protocol_fees
6953,FRAX,2024-06-30 00:00:00,2191200.0,165252.92,30,30,frax-finance,protocol_fees
6953,FRAX,2024-07-31 00:00:00,1816921.0,136395.55,31,31,frax-finance,protocol_fees
6953,FRAX,2024-08-31 00:00:00,1988995.0,148179.38,31,31,frax-finance,protocol_fees
6953,FRAX,2024-09-30 00:00:00,1396079.54,105843.65,30,30,frax-finance,protocol_fees
6953,FRAX,2024-10-31 00:00:00,1640660.0,118058.73000000001,31,31,frax-finance,protocol_fees
6953,FRAX,2024-11-30 00:00:00,1838644.0,120540.05,30,30,frax-finance,protocol_fees
6953,FRAX,2024-12-31 00:00:00,2255530.0,127011.58,31,31,frax-finance,protocol_fees
6953,FRAX,2025-01-31 00:00:00,2435260.0,159973.71,31,31,frax-finance,protocol_fees
6953,FRAX,2025-02-28 00:00:00,1293463.95,86430.64,28,28,frax-finance,protocol_fees
6953,FRAX,2025-03-31 00:00:00,1045361.49,66176.54,31,31,frax-finance,protocol_fees
6953,FRAX,2025-04-30 00:00:00,907162.83,73820.09,30,30,frax-finance,protocol_fees
6953,FRAX,2025-05-31 00:00:00,1113005.93,74688.61,31,31,frax-finance,protocol_fees
6953,FRAX,2025-06-30 00:00:00,1051105.45,70226.31,30,30,frax-finance,protocol_fees
6953,FRAX,2025-07-31 00:00:00,1571214.69,99036.99,31,31,frax-finance,protocol_fees
6953,FRAX,2025-08-31 00:00:00,1545432.0,112104.8,31,31,frax-finance,protocol_fees
6953,FRAX,2025-09-30 00:00:00,1354692.24,100597.83,30,30,frax-finance,protocol_fees
6953,FRAX,2025-10-31 00:00:00,1583107.0,128232.26,31,31,frax-finance,protocol_fees
6953,FRAX,2025-11-30 00:00:00,1130913.03,80484.39,30,30,frax-finance,protocol_fees
6953,FRAX,2025-12-31 00:00:00,957835.29,69206.34,31,31,frax-finance,protocol_fees
6953,FRAX,2026-01-31 00:00:00,1068876.01,67055.39,31,31,frax-finance,protocol_fees
6953,FRAX,2026-02-28 00:00:00,571132.92,35511.75,28,28,frax-finance,protocol_fees
6953,FRAX,2026-03-31 00:00:00,633516.26,35217.94,31,31,frax-finance,protocol_fees
6953,FRAX,2026-04-30 00:00:00,820367.17,40892.97,30,30,frax-finance,protocol_fees
6953,FRAX,2026-05-31 00:00:00,730414.06,31562.57,31,31,frax-finance,protocol_fees
6953,FRAX,2026-06-30 00:00:00,613703.83,24139.99,30,30,frax-finance,protocol_fees
6953,FRAX,2026-07-31 00:00:00,614647.22,26796.82,31,31,frax-finance,protocol_fees
7083,UNI,2018-11-30 00:00:00,455.0,,27,,uniswap,protocol_fees
7083,UNI,2018-12-31 00:00:00,2016.0,,31,,uniswap,protocol_fees
7083,UNI,2019-01-31 00:00:00,2906.0,,31,,uniswap,protocol_fees
7083,UNI,2019-02-28 00:00:00,38669.0,,28,,uniswap,protocol_fees
7083,UNI,2019-03-31 00:00:00,49682.0,,31,,uniswap,protocol_fees
7083,UNI,2019-04-30 00:00:00,106690.0,,30,,uniswap,protocol_fees
7083,UNI,2019-05-31 00:00:00,139854.0,,31,,uniswap,protocol_fees
7083,UNI,2019-06-30 00:00:00,126375.0,,30,,uniswap,protocol_fees
7083,UNI,2019-07-31 00:00:00,127458.0,,31,,uniswap,protocol_fees
7083,UNI,2019-08-31 00:00:00,80952.0,,31,,uniswap,protocol_fees
7083,UNI,2019-09-30 00:00:00,72923.0,,30,,uniswap,protocol_fees
7083,UNI,2019-10-31 00:00:00,83065.0,,31,,uniswap,protocol_fees
7083,UNI,2019-11-30 00:00:00,159137.0,,30,,uniswap,protocol_fees
7083,UNI,2019-12-31 00:00:00,182400.0,,31,,uniswap,protocol_fees
7083,UNI,2020-01-31 00:00:00,189905.0,,31,,uniswap,protocol_fees
7083,UNI,2020-02-29 00:00:00,434046.0,,29,,uniswap,protocol_fees
7083,UNI,2020-03-31 00:00:00,659751.0,,31,,uniswap,protocol_fees
7083,UNI,2020-04-30 00:00:00,506983.0,,30,,uniswap,protocol_fees
7083,UNI,2020-05-31 00:00:00,834151.0,,31,,uniswap,protocol_fees
7083,UNI,2020-06-30 00:00:00,1810840.0,,30,,uniswap,protocol_fees
7083,UNI,2020-07-31 00:00:00,5127533.0,,31,,uniswap,protocol_fees
7083,UNI,2020-08-31 00:00:00,20064988.0,,31,,uniswap,protocol_fees
7083,UNI,2020-09-30 00:00:00,45143494.0,,30,,uniswap,protocol_fees
7083,UNI,2020-10-31 00:00:00,32602820.0,,31,,uniswap,protocol_fees
7083,UNI,2020-11-30 00:00:00,29204638.0,,30,,uniswap,protocol_fees
7083,UNI,2020-12-31 00:00:00,38244685.0,,31,,uniswap,protocol_fees
7083,UNI,2021-01-31 00:00:00,79078214.0,,31,,uniswap,protocol_fees
7083,UNI,2021-02-28 00:00:00,96802147.0,,28,,uniswap,protocol_fees
7083,UNI,2021-03-31 00:00:00,96835167.0,0.0,31,3.0,uniswap,protocol_fees
7083,UNI,2021-04-30 00:00:00,126339590.0,,30,,uniswap,protocol_fees
7083,UNI,2021-05-31 00:00:00,251294706.0,,31,,uniswap,protocol_fees
7083,UNI,2021-06-30 00:00:00,109609049.0,,30,,uniswap,protocol_fees
7083,UNI,2021-07-31 00:00:00,86267868.0,,31,,uniswap,protocol_fees
7083,UNI,2021-08-31 00:00:00,112651142.0,,31,,uniswap,protocol_fees
7083,UNI,2021-09-30 00:00:00,125432554.0,,30,,uniswap,protocol_fees
7083,UNI,2021-10-31 00:00:00,139749899.0,,31,,uniswap,protocol_fees
7083,UNI,2021-11-30 00:00:00,190912705.0,,30,,uniswap,protocol_fees
7083,UNI,2021-12-31 00:00:00,160832664.0,,31,,uniswap,protocol_fees
7083,UNI,2022-01-31 00:00:00,136929172.0,,31,,uniswap,protocol_fees
7083,UNI,2022-02-28 00:00:00,87350314.0,,28,,uniswap,protocol_fees
7083,UNI,2022-03-31 00:00:00,89437726.0,,31,,uniswap,protocol_fees
7083,UNI,2022-04-30 00:00:00,88612771.0,,30,,uniswap,protocol_fees
7083,UNI,2022-05-31 00:00:00,89112889.0,,31,,uniswap,protocol_fees
7083,UNI,2022-06-30 00:00:00,65061407.0,,30,,uniswap,protocol_fees
7083,UNI,2022-07-31 00:00:00,51714086.0,,31,,uniswap,protocol_fees
7083,UNI,2022-08-31 00:00:00,52302421.0,,31,,uniswap,protocol_fees
7083,UNI,2022-09-30 00:00:00,45052982.0,,30,,uniswap,protocol_fees
7083,UNI,2022-10-31 00:00:00,39700550.0,,31,,uniswap,protocol_fees
7083,UNI,2022-11-30 00:00:00,58051875.0,,30,,uniswap,protocol_fees
7083,UNI,2022-12-31 00:00:00,24848989.0,0.0,31,2.0,uniswap,protocol_fees
7083,UNI,2023-01-31 00:00:00,38140120.0,0.0,31,5.0,uniswap,protocol_fees
7083,UNI,2023-02-28 00:00:00,67853779.0,,28,,uniswap,protocol_fees
7083,UNI,2023-03-31 00:00:00,74330653.0,0.0,31,1.0,uniswap,protocol_fees
7083,UNI,2023-04-30 00:00:00,48510399.0,0.0,30,1.0,uniswap,protocol_fees
7083,UNI,2023-05-31 00:00:00,68477540.0,0.0,31,1.0,uniswap,protocol_fees
7083,UNI,2023-06-30 00:00:00,36336844.0,,30,,uniswap,protocol_fees
7083,UNI,2023-07-31 00:00:00,34664468.0,,31,,uniswap,protocol_fees
7083,UNI,2023-08-31 00:00:00,34725588.0,,31,,uniswap,protocol_fees
7083,UNI,2023-09-30 00:00:00,22815772.0,0.0,30,1.0,uniswap,protocol_fees
7083,UNI,2023-10-31 00:00:00,34430019.0,0.0,31,31.0,uniswap,protocol_fees
7083,UNI,2023-11-30 00:00:00,58603672.0,0.0,30,30.0,uniswap,protocol_fees
7083,UNI,2023-12-31 00:00:00,78791729.0,0.0,31,31.0,uniswap,protocol_fees
7083,UNI,2024-01-31 00:00:00,73369404.0,0.0,31,31.0,uniswap,protocol_fees
7083,UNI,2024-02-29 00:00:00,82165773.0,0.0,29,29.0,uniswap,protocol_fees
7083,UNI,2024-03-31 00:00:00,147828168.0,0.0,31,31.0,uniswap,protocol_fees
7083,UNI,2024-04-30 00:00:00,113422188.0,0.0,30,30.0,uniswap,protocol_fees
7083,UNI,2024-05-31 00:00:00,84106566.0,0.0,31,31.0,uniswap,protocol_fees
7083,UNI,2024-06-30 00:00:00,76530882.0,0.0,30,30.0,uniswap,protocol_fees
7083,UNI,2024-07-31 00:00:00,65079436.0,0.0,31,31.0,uniswap,protocol_fees
7083,UNI,2024-08-31 00:00:00,55275874.0,0.0,31,31.0,uniswap,protocol_fees
7083,UNI,2024-09-30 00:00:00,45509736.0,0.0,30,30.0,uniswap,protocol_fees
7083,UNI,2024-10-31 00:00:00,65075230.0,0.0,31,31.0,uniswap,protocol_fees
7083,UNI,2024-11-30 00:00:00,126867932.0,0.0,30,30.0,uniswap,protocol_fees
7083,UNI,2024-12-31 00:00:00,159662661.0,0.0,31,31.0,uniswap,protocol_fees
7083,UNI,2025-01-31 00:00:00,140585476.0,0.0,31,31.0,uniswap,protocol_fees
7083,UNI,2025-02-28 00:00:00,87975098.0,0.0,28,28.0,uniswap,protocol_fees
7083,UNI,2025-03-31 00:00:00,60548175.0,0.0,31,31.0,uniswap,protocol_fees
7083,UNI,2025-04-30 00:00:00,58051405.0,0.0,30,30.0,uniswap,protocol_fees
7083,UNI,2025-05-31 00:00:00,82100778.0,0.0,31,31.0,uniswap,protocol_fees
7083,UNI,2025-06-30 00:00:00,68056163.0,0.0,30,30.0,uniswap,protocol_fees
7083,UNI,2025-07-31 00:00:00,88663384.0,0.0,31,31.0,uniswap,protocol_fees
7083,UNI,2025-08-31 00:00:00,109069939.0,0.0,31,31.0,uniswap,protocol_fees
7083,UNI,2025-09-30 00:00:00,100819330.0,0.0,30,30.0,uniswap,protocol_fees
7083,UNI,2025-10-31 00:00:00,132588819.0,0.0,31,31.0,uniswap,protocol_fees
7083,UNI,2025-11-30 00:00:00,81109852.0,0.0,30,30.0,uniswap,protocol_fees
7083,UNI,2025-12-31 00:00:00,44693948.0,164209.0,31,31.0,uniswap,protocol_fees
7083,UNI,2026-01-31 00:00:00,49678815.0,2835080.0,31,31.0,uniswap,protocol_fees
7083,UNI,2026-02-28 00:00:00,59627570.0,3180405.0,28,28.0,uniswap,protocol_fees
7083,UNI,2026-03-31 00:00:00,42167728.0,4580214.0,31,31.0,uniswap,protocol_fees
7083,UNI,2026-04-30 00:00:00,42594419.0,4495125.0,30,30.0,uniswap,protocol_fees
7083,UNI,2026-05-31 00:00:00,46994044.0,3845960.0,31,31.0,uniswap,protocol_fees
7083,UNI,2026-06-30 00:00:00,44150653.0,5109459.0,30,30.0,uniswap,protocol_fees
7083,UNI,2026-07-31 00:00:00,96491850.46,4376712.0,31,31.0,uniswap,protocol_fees
7186,CAKE,2021-04-30 00:00:00,19715642.0,6309004.0,7,7,pancakeswap,protocol_fees
7186,CAKE,2021-05-31 00:00:00,161515039.0,51684814.0,31,31,pancakeswap,protocol_fees
7186,CAKE,2021-06-30 00:00:00,48024421.0,15367815.0,30,30,pancakeswap,protocol_fees
7186,CAKE,2021-07-31 00:00:00,41145561.0,13166578.0,31,31,pancakeswap,protocol_fees
7186,CAKE,2021-08-31 00:00:00,60758955.0,19442868.0,31,31,pancakeswap,protocol_fees
7186,CAKE,2021-09-30 00:00:00,58132020.0,18602245.0,30,30,pancakeswap,protocol_fees
7186,CAKE,2021-10-31 00:00:00,74184769.0,23739125.0,31,31,pancakeswap,protocol_fees
7186,CAKE,2021-11-30 00:00:00,142380834.0,45561865.0,30,30,pancakeswap,protocol_fees
7186,CAKE,2021-12-31 00:00:00,94425957.0,30216305.0,31,31,pancakeswap,protocol_fees
7186,CAKE,2022-01-31 00:00:00,57770897.0,18486688.0,31,31,pancakeswap,protocol_fees
7186,CAKE,2022-02-28 00:00:00,43000930.0,13760297.0,28,28,pancakeswap,protocol_fees
7186,CAKE,2022-03-31 00:00:00,41456522.0,13266085.0,31,31,pancakeswap,protocol_fees
7186,CAKE,2022-04-30 00:00:00,46550663.0,14896214.0,30,30,pancakeswap,protocol_fees
7186,CAKE,2022-05-31 00:00:00,47359126.0,15154918.0,31,31,pancakeswap,protocol_fees
7186,CAKE,2022-06-30 00:00:00,24193352.0,7741871.0,30,30,pancakeswap,protocol_fees
7186,CAKE,2022-07-31 00:00:00,18289066.0,5852503.0,31,31,pancakeswap,protocol_fees
7186,CAKE,2022-08-31 00:00:00,20245771.0,6478646.0,31,31,pancakeswap,protocol_fees
7186,CAKE,2022-09-30 00:00:00,15405061.0,4929619.0,30,30,pancakeswap,protocol_fees
7186,CAKE,2022-10-31 00:00:00,16302941.0,4962022.0,31,31,pancakeswap,protocol_fees
7186,CAKE,2022-11-30 00:00:00,21660001.0,6931199.0,30,30,pancakeswap,protocol_fees
7186,CAKE,2022-12-31 00:00:00,10439703.0,3340704.0,31,31,pancakeswap,protocol_fees
7186,CAKE,2023-01-31 00:00:00,3809546.0,1219053.0,31,31,pancakeswap,protocol_fees
7186,CAKE,2023-02-28 00:00:00,5523795.0,1767614.0,28,28,pancakeswap,protocol_fees
7186,CAKE,2023-03-31 00:00:00,4464891.0,1429026.0,31,31,pancakeswap,protocol_fees
7186,CAKE,2023-04-30 00:00:00,4650593.0,1497029.0,30,30,pancakeswap,protocol_fees
7186,CAKE,2023-05-31 00:00:00,4214893.0,1356477.0,31,31,pancakeswap,protocol_fees
7186,CAKE,2023-06-30 00:00:00,3061075.0,989315.0,30,30,pancakeswap,protocol_fees
7186,CAKE,2023-07-31 00:00:00,10476223.0,3359449.0,31,31,pancakeswap,protocol_fees
7186,CAKE,2023-08-31 00:00:00,3146795.0,998883.0,31,31,pancakeswap,protocol_fees
7186,CAKE,2023-09-30 00:00:00,2619369.0,824572.0,30,30,pancakeswap,protocol_fees
7186,CAKE,2023-10-31 00:00:00,3455690.0,1120607.0,31,31,pancakeswap,protocol_fees
7186,CAKE,2023-11-30 00:00:00,7150853.0,2309303.0,30,30,pancakeswap,protocol_fees
7186,CAKE,2023-12-31 00:00:00,11421988.0,3680323.0,31,31,pancakeswap,protocol_fees
7186,CAKE,2024-01-31 00:00:00,13925419.0,4809285.0,31,31,pancakeswap,protocol_fees
7186,CAKE,2024-02-29 00:00:00,11559349.0,4096945.0,29,29,pancakeswap,protocol_fees
7186,CAKE,2024-03-31 00:00:00,27645193.0,9483783.0,31,31,pancakeswap,protocol_fees
7186,CAKE,2024-04-30 00:00:00,15092360.0,5336759.0,30,30,pancakeswap,protocol_fees
7186,CAKE,2024-05-31 00:00:00,10854158.0,3921763.0,31,31,pancakeswap,protocol_fees
7186,CAKE,2024-06-30 00:00:00,13001250.0,4588539.0,30,30,pancakeswap,protocol_fees
7186,CAKE,2024-07-31 00:00:00,9753650.0,3571657.0,31,31,pancakeswap,protocol_fees
7186,CAKE,2024-08-31 00:00:00,10376498.0,3786224.0,31,31,pancakeswap,protocol_fees
7186,CAKE,2024-09-30 00:00:00,8378655.0,3078973.0,30,30,pancakeswap,protocol_fees
7186,CAKE,2024-10-31 00:00:00,9349254.0,3356294.0,31,31,pancakeswap,protocol_fees
7186,CAKE,2024-11-30 00:00:00,17852059.0,6223353.0,30,30,pancakeswap,protocol_fees
7186,CAKE,2024-12-31 00:00:00,20167038.0,7048080.0,31,31,pancakeswap,protocol_fees
7186,CAKE,2025-01-31 00:00:00,17604505.0,6158027.0,31,31,pancakeswap,protocol_fees
7186,CAKE,2025-02-28 00:00:00,42611459.0,14129434.0,28,28,pancakeswap,protocol_fees
7186,CAKE,2025-03-31 00:00:00,27455467.0,9236701.0,31,31,pancakeswap,protocol_fees
7186,CAKE,2025-04-30 00:00:00,14793433.0,5123966.0,30,30,pancakeswap,protocol_fees
7186,CAKE,2025-05-31 00:00:00,29171501.0,9908140.0,31,31,pancakeswap,protocol_fees
7186,CAKE,2025-06-30 00:00:00,39284047.0,13220672.0,30,30,pancakeswap,protocol_fees
7186,CAKE,2025-07-31 00:00:00,28882966.0,9803409.0,31,31,pancakeswap,protocol_fees
7186,CAKE,2025-08-31 00:00:00,21206966.0,7289877.0,31,31,pancakeswap,protocol_fees
7186,CAKE,2025-09-30 00:00:00,38835863.0,12939680.0,30,30,pancakeswap,protocol_fees
7186,CAKE,2025-10-31 00:00:00,81431814.0,26657837.0,31,31,pancakeswap,protocol_fees
7186,CAKE,2025-11-30 00:00:00,33562185.0,11308186.0,30,30,pancakeswap,protocol_fees
7186,CAKE,2025-12-31 00:00:00,17064995.0,5783502.0,31,31,pancakeswap,protocol_fees
7186,CAKE,2026-01-31 00:00:00,17273463.0,5883941.0,31,31,pancakeswap,protocol_fees
7186,CAKE,2026-02-28 00:00:00,11639831.0,3994586.0,28,28,pancakeswap,protocol_fees
7186,CAKE,2026-03-31 00:00:00,11951888.0,4147709.0,31,31,pancakeswap,protocol_fees
7186,CAKE,2026-04-30 00:00:00,11434226.0,3884351.0,30,30,pancakeswap,protocol_fees
7186,CAKE,2026-05-31 00:00:00,9657650.0,3320856.0,31,31,pancakeswap,protocol_fees
7186,CAKE,2026-06-30 00:00:00,10047848.0,3423987.0,30,30,pancakeswap,protocol_fees
7186,CAKE,2026-07-31 00:00:00,6613303.14,2284272.77,31,31,pancakeswap,protocol_fees
7224,DODO,2022-12-31 00:00:00,236244,47244,30,30,dodo-amm,protocol_fees
7224,DODO,2023-01-31 00:00:00,376011,75198,31,31,dodo-amm,protocol_fees
7224,DODO,2023-02-28 00:00:00,436711,87340,28,28,dodo-amm,protocol_fees
7224,DODO,2023-03-31 00:00:00,539143,107823,31,31,dodo-amm,protocol_fees
7224,DODO,2023-04-30 00:00:00,285656,57133,30,30,dodo-amm,protocol_fees
7224,DODO,2023-05-31 00:00:00,131097,26215,31,31,dodo-amm,protocol_fees
7224,DODO,2023-06-30 00:00:00,209834,41969,30,30,dodo-amm,protocol_fees
7224,DODO,2023-07-31 00:00:00,101660,20333,31,31,dodo-amm,protocol_fees
7224,DODO,2023-08-31 00:00:00,196543,39311,31,31,dodo-amm,protocol_fees
7224,DODO,2023-09-30 00:00:00,116022,23210,30,30,dodo-amm,protocol_fees
7224,DODO,2023-10-31 00:00:00,223421,44689,31,31,dodo-amm,protocol_fees
7224,DODO,2023-11-30 00:00:00,177761,35549,30,30,dodo-amm,protocol_fees
7224,DODO,2023-12-31 00:00:00,593444,118686,31,31,dodo-amm,protocol_fees
7224,DODO,2024-01-31 00:00:00,826082,165214,31,31,dodo-amm,protocol_fees
7224,DODO,2024-02-29 00:00:00,370519,74097,29,29,dodo-amm,protocol_fees
7224,DODO,2024-03-31 00:00:00,1361163,272226,31,31,dodo-amm,protocol_fees
7224,DODO,2024-04-30 00:00:00,910468,182089,30,30,dodo-amm,protocol_fees
7224,DODO,2024-05-31 00:00:00,537975,107583,31,31,dodo-amm,protocol_fees
7224,DODO,2024-06-30 00:00:00,500804,100158,30,30,dodo-amm,protocol_fees
7224,DODO,2024-07-31 00:00:00,220625,44124,31,31,dodo-amm,protocol_fees
7224,DODO,2024-08-31 00:00:00,5493665,1098733,31,31,dodo-amm,protocol_fees
7224,DODO,2024-09-30 00:00:00,257220,51454,30,30,dodo-amm,protocol_fees
7224,DODO,2024-10-31 00:00:00,1521074,304215,31,31,dodo-amm,protocol_fees
7224,DODO,2024-11-30 00:00:00,1708863,341765,30,30,dodo-amm,protocol_fees
7224,DODO,2024-12-31 00:00:00,1018028,203603,31,31,dodo-amm,protocol_fees
7224,DODO,2025-01-31 00:00:00,845959,169194,31,31,dodo-amm,protocol_fees
7224,DODO,2025-02-28 00:00:00,3288294,657663,28,28,dodo-amm,protocol_fees
7224,DODO,2025-03-31 00:00:00,4098287,819665,30,30,dodo-amm,protocol_fees
7224,DODO,2025-04-30 00:00:00,1876230,375255,30,30,dodo-amm,protocol_fees
7224,DODO,2025-05-31 00:00:00,2993635,598723,31,31,dodo-amm,protocol_fees
7224,DODO,2025-06-30 00:00:00,2058993,411795,30,30,dodo-amm,protocol_fees
7224,DODO,2025-07-31 00:00:00,2513342,502669,31,31,dodo-amm,protocol_fees
7224,DODO,2025-08-31 00:00:00,4403107,880619,31,31,dodo-amm,protocol_fees
7224,DODO,2025-09-30 00:00:00,9620668,1924139,30,30,dodo-amm,protocol_fees
7224,DODO,2025-10-31 00:00:00,8745800,1749164,31,31,dodo-amm,protocol_fees
7224,DODO,2025-11-30 00:00:00,485756,97149,30,30,dodo-amm,protocol_fees
7224,DODO,2025-12-31 00:00:00,501362,100267,31,31,dodo-amm,protocol_fees
7224,DODO,2026-01-31 00:00:00,665816,133159,31,31,dodo-amm,protocol_fees
7224,DODO,2026-02-28 00:00:00,509771,101956,28,28,dodo-amm,protocol_fees
7224,DODO,2026-03-31 00:00:00,385718,77148,31,31,dodo-amm,protocol_fees
7224,DODO,2026-04-30 00:00:00,225845,45150,30,30,dodo-amm,protocol_fees
7224,DODO,2026-05-31 00:00:00,216852,43376,31,31,dodo-amm,protocol_fees
7224,DODO,2026-06-30 00:00:00,263906,52780,28,28,dodo-amm,protocol_fees
7224,DODO,2026-07-31 00:00:00,287292,57444,31,31,dodo-amm,protocol_fees
7278,AAVE,2020-12-31 00:00:00,177122,14773,28,28,aave-v2,protocol_fees
7278,AAVE,2021-01-31 00:00:00,1262890,115345,31,31,aave-v2,protocol_fees
7278,AAVE,2021-02-28 00:00:00,4957148,501029,28,28,aave-v2,protocol_fees
7278,AAVE,2021-03-31 00:00:00,5197591,563847,31,31,aave-v2,protocol_fees
7278,AAVE,2021-04-30 00:00:00,7942539,841308,30,30,aave-v2,protocol_fees
7278,AAVE,2021-05-31 00:00:00,27457385,2858693,31,31,aave-v2,protocol_fees
7278,AAVE,2021-06-30 00:00:00,15629836,1752835,30,30,aave-v2,protocol_fees
7278,AAVE,2021-07-31 00:00:00,15876299,1687880,31,31,aave-v2,protocol_fees
7278,AAVE,2021-08-31 00:00:00,30527235,3145905,31,31,aave-v2,protocol_fees
7278,AAVE,2021-09-30 00:00:00,39370428,4020086,30,30,aave-v2,protocol_fees
7278,AAVE,2021-10-31 00:00:00,50194869,5242256,31,31,aave-v2,protocol_fees
7278,AAVE,2021-11-30 00:00:00,30983754,3340673,30,30,aave-v2,protocol_fees
7278,AAVE,2021-12-31 00:00:00,23056501,2488182,31,31,aave-v2,protocol_fees
7278,AAVE,2022-01-31 00:00:00,19438852,2142218,31,31,aave-v2,protocol_fees
7278,AAVE,2022-02-28 00:00:00,13770603,1555469,28,28,aave-v2,protocol_fees
7278,AAVE,2022-03-31 00:00:00,14557388,1623679,31,31,aave-v2,protocol_fees
7278,AAVE,2022-04-30 00:00:00,18121469,1938760,30,30,aave-v2,protocol_fees
7278,AAVE,2022-05-31 00:00:00,10471578,1202588,31,31,aave-v2,protocol_fees
7278,AAVE,2022-06-30 00:00:00,5401576,702978,30,30,aave-v2,protocol_fees
7278,AAVE,2022-07-31 00:00:00,3781348,498039,31,31,aave-v2,protocol_fees
7278,AAVE,2022-08-31 00:00:00,6764735,832154,31,31,aave-v2,protocol_fees
7278,AAVE,2022-09-30 00:00:00,7517401,848921,30,30,aave-v2,protocol_fees
7278,AAVE,2022-10-31 00:00:00,3541687,450890,31,31,aave-v2,protocol_fees
7278,AAVE,2022-11-30 00:00:00,4819286,601440,30,30,aave-v2,protocol_fees
7278,AAVE,2022-12-31 00:00:00,4020518,490615,31,31,aave-v2,protocol_fees
7278,AAVE,2023-01-31 00:00:00,4384339,568860,31,31,aave-v2,protocol_fees
7278,AAVE,2023-02-28 00:00:00,4453700,562455,28,28,aave-v2,protocol_fees
7278,AAVE,2023-03-31 00:00:00,7147755,861388,31,31,aave-v2,protocol_fees
7278,AAVE,2023-04-30 00:00:00,4708979,596413,30,30,aave-v2,protocol_fees
7278,AAVE,2023-05-31 00:00:00,5083956,629947,31,31,aave-v2,protocol_fees
7278,AAVE,2023-06-30 00:00:00,5248440,620495,30,30,aave-v2,protocol_fees
7278,AAVE,2023-07-31 00:00:00,5513050,825849,31,31,aave-v2,protocol_fees
7278,AAVE,2023-08-31 00:00:00,5539537,915954,31,31,aave-v2,protocol_fees
7278,AAVE,2023-09-30 00:00:00,3590932,743148,30,30,aave-v2,protocol_fees
7278,AAVE,2023-10-31 00:00:00,4078164,886233,31,31,aave-v2,protocol_fees
7278,AAVE,2023-11-30 00:00:00,4657688,1031372,30,30,aave-v2,protocol_fees
7278,AAVE,2023-12-31 00:00:00,6076545,1600541,31,31,aave-v2,protocol_fees
7278,AAVE,2024-01-31 00:00:00,4594378,1247604,31,31,aave-v2,protocol_fees
7278,AAVE,2024-02-29 00:00:00,4097010,1143849,29,29,aave-v2,protocol_fees
7278,AAVE,2024-03-31 00:00:00,6711418,1824807,31,31,aave-v2,protocol_fees
7278,AAVE,2024-04-30 00:00:00,4068407,1512685,30,30,aave-v2,protocol_fees
7278,AAVE,2024-05-31 00:00:00,3069649,1481249,31,31,aave-v2,protocol_fees
7278,AAVE,2024-06-30 00:00:00,2972759,1629282,30,30,aave-v2,protocol_fees
7278,AAVE,2024-07-31 00:00:00,1230949,728325,31,31,aave-v2,protocol_fees
7278,AAVE,2024-08-31 00:00:00,1183461,763227,31,31,aave-v2,protocol_fees
7278,AAVE,2024-09-30 00:00:00,741288,541185,30,30,aave-v2,protocol_fees
7278,AAVE,2024-10-31 00:00:00,757298,616725,31,31,aave-v2,protocol_fees
7278,AAVE,2024-11-30 00:00:00,1046459,888836,30,30,aave-v2,protocol_fees
7278,AAVE,2024-12-31 00:00:00,804401,680342,31,31,aave-v2,protocol_fees
7278,AAVE,2025-01-31 00:00:00,1136781,965947,31,31,aave-v2,protocol_fees
7278,AAVE,2025-02-28 00:00:00,306211,259974,28,28,aave-v2,protocol_fees
7278,AAVE,2025-03-31 00:00:00,235480,174681,31,31,aave-v2,protocol_fees
7278,AAVE,2025-04-30 00:00:00,181757,128871,30,30,aave-v2,protocol_fees
7278,AAVE,2025-05-31 00:00:00,192949,136616,31,31,aave-v2,protocol_fees
7278,AAVE,2025-06-30 00:00:00,140571,99589,30,30,aave-v2,protocol_fees
7278,AAVE,2025-07-31 00:00:00,86606,61956,31,31,aave-v2,protocol_fees
7278,AAVE,2025-08-31 00:00:00,89000,64628,31,31,aave-v2,protocol_fees
7278,AAVE,2025-09-30 00:00:00,83846,60684,30,30,aave-v2,protocol_fees
7278,AAVE,2025-10-31 00:00:00,91567,75199,31,31,aave-v2,protocol_fees
7278,AAVE,2025-11-30 00:00:00,52314,44535,30,30,aave-v2,protocol_fees
7278,AAVE,2025-12-31 00:00:00,39805,33894,31,31,aave-v2,protocol_fees
7278,AAVE,2026-01-31 00:00:00,56462,48966,31,31,aave-v2,protocol_fees
7278,AAVE,2026-02-28 00:00:00,232320,205827,28,28,aave-v2,protocol_fees
7278,AAVE,2026-03-31 00:00:00,220853,197330,31,31,aave-v2,protocol_fees
7278,AAVE,2026-04-30 00:00:00,208158,185612,30,30,aave-v2,protocol_fees
7278,AAVE,2026-05-31 00:00:00,207302,184334,31,31,aave-v2,protocol_fees
7278,AAVE,2026-06-30 00:00:00,171965,152594,30,30,aave-v2,protocol_fees
7278,AAVE,2026-07-31 00:00:00,139875,124230,31,31,aave-v2,protocol_fees
7288,XVS,2023-08-31 00:00:00,1919836,557287.0,19,19,venus,protocol_fees
7288,XVS,2023-09-30 00:00:00,2209908,1226480.0,30,30,venus,protocol_fees
7288,XVS,2023-10-31 00:00:00,2598009,1318797.0,31,31,venus,protocol_fees
7288,XVS,2023-11-30 00:00:00,2465800,373261.0,30,30,venus,protocol_fees
7288,XVS,2023-12-31 00:00:00,10903665,2307945.0,31,31,venus,protocol_fees
7288,XVS,2024-01-31 00:00:00,10673339,2276585.0,31,31,venus,protocol_fees
7288,XVS,2024-02-29 00:00:00,10166859,2063213.0,29,29,venus,protocol_fees
7288,XVS,2024-03-31 00:00:00,11161893,1840627.0,31,31,venus,protocol_fees
7288,XVS,2024-04-30 00:00:00,14716599,3210342.0,30,30,venus,protocol_fees
7288,XVS,2024-05-31 00:00:00,5751542,972597.0,31,31,venus,protocol_fees
7288,XVS,2024-06-30 00:00:00,5953628,1025673.0,30,30,venus,protocol_fees
7288,XVS,2024-07-31 00:00:00,3330234,400474.0,31,31,venus,protocol_fees
7288,XVS,2024-08-31 00:00:00,3828597,576348.0,31,31,venus,protocol_fees
7288,XVS,2024-09-30 00:00:00,3805265,600203.0,30,30,venus,protocol_fees
7288,XVS,2024-10-31 00:00:00,4678584,736995.0,31,31,venus,protocol_fees
7288,XVS,2024-11-30 00:00:00,6856244,1098321.0,30,30,venus,protocol_fees
7288,XVS,2024-12-31 00:00:00,8186163,1488106.0,31,31,venus,protocol_fees
7288,XVS,2025-01-31 00:00:00,7016278,1286749.0,31,31,venus,protocol_fees
7288,XVS,2025-02-28 00:00:00,4159031,590461.0,28,28,venus,protocol_fees
7288,XVS,2025-03-31 00:00:00,4402144,727026.0,31,31,venus,protocol_fees
7288,XVS,2025-04-30 00:00:00,3401332,531968.0,30,30,venus,protocol_fees
7288,XVS,2025-05-31 00:00:00,2693390,350601.0,31,31,venus,protocol_fees
7288,XVS,2025-06-30 00:00:00,2081440,300830.0,30,30,venus,protocol_fees
7288,XVS,2025-07-31 00:00:00,2490403,390702.0,31,31,venus,protocol_fees
7288,XVS,2025-08-31 00:00:00,2713147,382857.0,31,31,venus,protocol_fees
7288,XVS,2025-09-30 00:00:00,2848036,426840.0,30,30,venus,protocol_fees
7288,XVS,2025-10-31 00:00:00,3164035,602128.0,31,31,venus,protocol_fees
7288,XVS,2025-11-30 00:00:00,2097484,387082.0,30,30,venus,protocol_fees
7288,XVS,2025-12-31 00:00:00,1711284,279247.0,31,31,venus,protocol_fees
7288,XVS,2026-01-31 00:00:00,1868205,281062.0,31,31,venus,protocol_fees
7288,XVS,2026-02-28 00:00:00,1106611,162287.0,28,28,venus,protocol_fees
7288,XVS,2026-03-31 00:00:00,1323237,193292.0,31,31,venus,protocol_fees
7288,XVS,2026-04-30 00:00:00,1075133,159246.0,30,30,venus,protocol_fees
7288,XVS,2026-05-31 00:00:00,990713,167237.0,31,31,venus,protocol_fees
7288,XVS,2026-06-30 00:00:00,1042613,352993.0,30,30,venus,protocol_fees
7288,XVS,2026-07-31 00:00:00,865306,201077.97,31,31,venus,protocol_fees
7429,LQTY,2021-04-30 00:00:00,9002254.0,8803951.0,26,26,liquity,protocol_fees
7429,LQTY,2021-05-31 00:00:00,6213995.0,3344448.0,30,30,liquity,protocol_fees
7429,LQTY,2021-06-30 00:00:00,934842.0,641494.0,30,30,liquity,protocol_fees
7429,LQTY,2021-07-31 00:00:00,599826.0,480385.0,31,31,liquity,protocol_fees
7429,LQTY,2021-08-31 00:00:00,909792.0,867469.0,31,31,liquity,protocol_fees
7429,LQTY,2021-09-30 00:00:00,2412041.0,875126.0,30,30,liquity,protocol_fees
7429,LQTY,2021-10-31 00:00:00,7527209.0,7232778.0,31,31,liquity,protocol_fees
7429,LQTY,2021-11-30 00:00:00,2623610.0,2516241.0,30,30,liquity,protocol_fees
7429,LQTY,2021-12-31 00:00:00,1415491.0,1141587.0,31,31,liquity,protocol_fees
7429,LQTY,2022-01-31 00:00:00,3200331.0,997150.0,31,31,liquity,protocol_fees
7429,LQTY,2022-02-28 00:00:00,921222.0,606718.0,28,28,liquity,protocol_fees
7429,LQTY,2022-03-31 00:00:00,470648.0,342444.0,31,31,liquity,protocol_fees
7429,LQTY,2022-04-30 00:00:00,239079.0,177680.0,30,30,liquity,protocol_fees
7429,LQTY,2022-05-31 00:00:00,2123736.0,263927.0,31,31,liquity,protocol_fees
7429,LQTY,2022-06-30 00:00:00,27804264.0,510928.0,30,30,liquity,protocol_fees
7429,LQTY,2022-07-31 00:00:00,669767.0,195612.0,31,31,liquity,protocol_fees
7429,LQTY,2022-08-31 00:00:00,6279494.0,252786.0,31,31,liquity,protocol_fees
7429,LQTY,2022-09-30 00:00:00,180729.0,116942.0,30,30,liquity,protocol_fees
7429,LQTY,2022-10-31 00:00:00,1018156.0,189383.0,31,31,liquity,protocol_fees
7429,LQTY,2022-11-30 00:00:00,797305.0,163749.0,30,30,liquity,protocol_fees
7429,LQTY,2022-12-31 00:00:00,93157.0,58622.0,31,31,liquity,protocol_fees
7429,LQTY,2023-01-31 00:00:00,561894.0,392460.0,31,31,liquity,protocol_fees
7429,LQTY,2023-02-28 00:00:00,108175.0,84615.0,28,28,liquity,protocol_fees
7429,LQTY,2023-03-31 00:00:00,793865.0,754401.0,31,31,liquity,protocol_fees
7429,LQTY,2023-04-30 00:00:00,200478.0,179625.0,30,30,liquity,protocol_fees
7429,LQTY,2023-05-31 00:00:00,119484.0,101774.0,31,31,liquity,protocol_fees
7429,LQTY,2023-06-30 00:00:00,149061.0,122135.0,30,30,liquity,protocol_fees
7429,LQTY,2023-07-31 00:00:00,178232.0,160753.0,31,31,liquity,protocol_fees
7429,LQTY,2023-08-31 00:00:00,341898.0,258899.0,31,31,liquity,protocol_fees
7429,LQTY,2023-09-30 00:00:00,500410.0,494315.0,30,30,liquity,protocol_fees
7429,LQTY,2023-10-31 00:00:00,854233.0,565974.0,31,31,liquity,protocol_fees
7429,LQTY,2023-11-30 00:00:00,442552.0,437509.0,30,30,liquity,protocol_fees
7429,LQTY,2023-12-31 00:00:00,487436.0,257781.0,31,31,liquity,protocol_fees
7429,LQTY,2024-01-31 00:00:00,308923.0,207408.0,31,31,liquity,protocol_fees
7429,LQTY,2024-02-29 00:00:00,572315.0,215432.0,29,29,liquity,protocol_fees
7429,LQTY,2024-03-31 00:00:00,424861.0,288592.0,31,31,liquity,protocol_fees
7429,LQTY,2024-04-30 00:00:00,415897.0,74122.0,30,30,liquity,protocol_fees
7429,LQTY,2024-05-31 00:00:00,623323.0,70853.0,31,31,liquity,protocol_fees
7429,LQTY,2024-06-30 00:00:00,76093.0,60678.0,30,30,liquity,protocol_fees
7429,LQTY,2024-07-31 00:00:00,73332.0,69658.0,31,31,liquity,protocol_fees
7429,LQTY,2024-08-31 00:00:00,102679.0,64506.0,31,31,liquity,protocol_fees
7429,LQTY,2024-09-30 00:00:00,29037.0,25774.0,30,30,liquity,protocol_fees
7429,LQTY,2024-10-31 00:00:00,182765.0,40826.0,31,31,liquity,protocol_fees
7429,LQTY,2024-11-30 00:00:00,170472.0,164828.0,30,30,liquity,protocol_fees
7429,LQTY,2024-12-31 00:00:00,80557.0,52786.0,31,31,liquity,protocol_fees
7429,LQTY,2025-01-31 00:00:00,336665.0,84684.0,31,31,liquity,protocol_fees
7429,LQTY,2025-02-28 00:00:00,329909.0,117807.0,28,28,liquity,protocol_fees
7429,LQTY,2025-03-31 00:00:00,122244.0,91150.0,31,31,liquity,protocol_fees
7429,LQTY,2025-04-30 00:00:00,52481.0,38180.0,30,30,liquity,protocol_fees
7429,LQTY,2025-05-31 00:00:00,55394.0,11016.0,31,31,liquity,protocol_fees
7429,LQTY,2025-06-30 00:00:00,403858.0,49315.0,30,30,liquity,protocol_fees
7429,LQTY,2025-07-31 00:00:00,210345.0,53006.0,31,31,liquity,protocol_fees
7429,LQTY,2025-08-31 00:00:00,222393.0,50279.0,31,31,liquity,protocol_fees
7429,LQTY,2025-09-30 00:00:00,260433.0,55511.0,30,30,liquity,protocol_fees
7429,LQTY,2025-10-31 00:00:00,338614.0,67069.0,31,31,liquity,protocol_fees
7429,LQTY,2025-11-30 00:00:00,650125.0,51966.0,30,30,liquity,protocol_fees
7429,LQTY,2025-12-31 00:00:00,236683.0,64378.0,31,31,liquity,protocol_fees
7429,LQTY,2026-01-31 00:00:00,167799.0,48637.0,31,31,liquity,protocol_fees
7429,LQTY,2026-02-28 00:00:00,181568.0,44460.0,28,28,liquity,protocol_fees
7429,LQTY,2026-03-31 00:00:00,96629.0,29018.0,31,31,liquity,protocol_fees
7429,LQTY,2026-04-30 00:00:00,142584.0,36943.0,30,30,liquity,protocol_fees
7429,LQTY,2026-05-31 00:00:00,55680.0,13486.0,31,31,liquity,protocol_fees
7429,LQTY,2026-06-30 00:00:00,200711.0,42934.0,30,30,liquity,protocol_fees
7429,LQTY,2026-07-31 00:00:00,191361.22,45566.54,31,31,liquity,protocol_fees
7501,WOO,2021-10-31 00:00:00,54,11,6,5,woofi-swap,protocol_fees
7501,WOO,2021-11-30 00:00:00,810,160,30,28,woofi-swap,protocol_fees
7501,WOO,2021-12-31 00:00:00,8475,1692,31,30,woofi-swap,protocol_fees
7501,WOO,2022-01-31 00:00:00,22405,4478,30,30,woofi-swap,protocol_fees
7501,WOO,2022-02-28 00:00:00,15061,3013,28,28,woofi-swap,protocol_fees
7501,WOO,2022-03-31 00:00:00,26127,5226,31,31,woofi-swap,protocol_fees
7501,WOO,2022-04-30 00:00:00,42582,8517,30,30,woofi-swap,protocol_fees
7501,WOO,2022-05-31 00:00:00,67123,13426,31,31,woofi-swap,protocol_fees
7501,WOO,2022-06-30 00:00:00,64392,12874,30,30,woofi-swap,protocol_fees
7501,WOO,2022-07-31 00:00:00,66431,13284,31,31,woofi-swap,protocol_fees
7501,WOO,2022-08-31 00:00:00,62982,12592,31,31,woofi-swap,protocol_fees
7501,WOO,2022-09-30 00:00:00,51310,10267,30,30,woofi-swap,protocol_fees
7501,WOO,2022-10-31 00:00:00,37064,7408,31,31,woofi-swap,protocol_fees
7501,WOO,2022-11-30 00:00:00,82580,16512,25,25,woofi-swap,protocol_fees
7501,WOO,2022-12-31 00:00:00,53233,10650,31,31,woofi-swap,protocol_fees
7501,WOO,2023-01-31 00:00:00,68996,52381,31,30,woofi-swap,protocol_fees
7501,WOO,2023-02-28 00:00:00,98076,86846,28,28,woofi-swap,protocol_fees
7501,WOO,2023-03-31 00:00:00,151274,134047,29,29,woofi-swap,protocol_fees
7501,WOO,2023-04-30 00:00:00,143052,130321,30,30,woofi-swap,protocol_fees
7501,WOO,2023-05-31 00:00:00,106021,97120,31,31,woofi-swap,protocol_fees
7501,WOO,2023-06-30 00:00:00,129357,110164,30,30,woofi-swap,protocol_fees
7501,WOO,2023-07-31 00:00:00,110970,89632,31,31,woofi-swap,protocol_fees
7501,WOO,2023-08-31 00:00:00,86708,70855,31,31,woofi-swap,protocol_fees
7501,WOO,2023-09-30 00:00:00,63961,54468,30,30,woofi-swap,protocol_fees
7501,WOO,2023-10-31 00:00:00,112433,103609,31,31,woofi-swap,protocol_fees
7501,WOO,2023-11-30 00:00:00,231444,216923,27,27,woofi-swap,protocol_fees
7501,WOO,2023-12-31 00:00:00,367928,347582,31,31,woofi-swap,protocol_fees
7501,WOO,2024-01-31 00:00:00,361198,337207,31,31,woofi-swap,protocol_fees
7501,WOO,2024-02-29 00:00:00,316702,297070,29,29,woofi-swap,protocol_fees
7501,WOO,2024-03-31 00:00:00,107244,101660,26,26,woofi-swap,protocol_fees
7501,WOO,2024-04-30 00:00:00,0,0,30,30,woofi-swap,protocol_fees
7501,WOO,2024-05-31 00:00:00,0,0,31,31,woofi-swap,protocol_fees
7501,WOO,2024-06-30 00:00:00,81584,75647,30,30,woofi-swap,protocol_fees
7501,WOO,2024-07-31 00:00:00,257696,240913,30,30,woofi-swap,protocol_fees
7501,WOO,2024-08-31 00:00:00,366938,344906,31,31,woofi-swap,protocol_fees
7501,WOO,2024-09-30 00:00:00,167137,157618,30,30,woofi-swap,protocol_fees
7501,WOO,2024-10-31 00:00:00,207350,186261,31,31,woofi-swap,protocol_fees
7501,WOO,2024-11-30 00:00:00,322185,302827,30,30,woofi-swap,protocol_fees
7501,WOO,2024-12-31 00:00:00,465666,437863,31,31,woofi-swap,protocol_fees
7501,WOO,2025-01-31 00:00:00,394665,365359,31,31,woofi-swap,protocol_fees
7501,WOO,2025-02-28 00:00:00,319009,297155,28,28,woofi-swap,protocol_fees
7501,WOO,2025-03-31 00:00:00,202380,188114,31,31,woofi-swap,protocol_fees
7501,WOO,2025-04-30 00:00:00,97977,87383,30,30,woofi-swap,protocol_fees
7501,WOO,2025-05-31 00:00:00,150058,133273,31,31,woofi-swap,protocol_fees
7501,WOO,2025-06-30 00:00:00,135475,115578,30,30,woofi-swap,protocol_fees
7501,WOO,2025-07-31 00:00:00,195349,171003,31,31,woofi-swap,protocol_fees
7501,WOO,2025-08-31 00:00:00,234708,203986,31,31,woofi-swap,protocol_fees
7501,WOO,2025-09-30 00:00:00,193996,172554,30,30,woofi-swap,protocol_fees
7501,WOO,2025-10-31 00:00:00,193321,171925,31,31,woofi-swap,protocol_fees
7501,WOO,2025-11-30 00:00:00,142999,128187,30,30,woofi-swap,protocol_fees
7501,WOO,2025-12-31 00:00:00,84351,76034,31,31,woofi-swap,protocol_fees
7501,WOO,2026-01-31 00:00:00,94142,86789,31,31,woofi-swap,protocol_fees
7501,WOO,2026-02-28 00:00:00,75175,68322,28,28,woofi-swap,protocol_fees
7501,WOO,2026-03-31 00:00:00,46906,42892,31,31,woofi-swap,protocol_fees
7501,WOO,2026-04-30 00:00:00,39111,35516,30,30,woofi-swap,protocol_fees
7501,WOO,2026-05-31 00:00:00,7460,6764,31,31,woofi-swap,protocol_fees
7501,WOO,2026-06-30 00:00:00,18480,17654,30,30,woofi-swap,protocol_fees
7501,WOO,2026-07-31 00:00:00,17322,15737,31,31,woofi-swap,protocol_fees
7859,BADGER,2025-02-28 00:00:00,408,408,1,1,badger-dao,protocol_fees
7859,BADGER,2025-03-31 00:00:00,22048,5782,31,31,badger-dao,protocol_fees
7859,BADGER,2025-04-30 00:00:00,15181,3989,30,30,badger-dao,protocol_fees
7859,BADGER,2025-05-31 00:00:00,5977,5977,31,31,badger-dao,protocol_fees
7859,BADGER,2025-06-30 00:00:00,5879,5879,30,30,badger-dao,protocol_fees
7859,BADGER,2025-07-31 00:00:00,4493,4493,31,31,badger-dao,protocol_fees
7859,BADGER,2025-08-31 00:00:00,33438,2665,31,31,badger-dao,protocol_fees
7859,BADGER,2025-09-30 00:00:00,2855,2855,30,30,badger-dao,protocol_fees
7859,BADGER,2025-10-31 00:00:00,135,135,31,31,badger-dao,protocol_fees
7859,BADGER,2025-11-30 00:00:00,11356,31,30,30,badger-dao,protocol_fees
7859,BADGER,2025-12-31 00:00:00,5823,66,31,31,badger-dao,protocol_fees
7859,BADGER,2026-01-31 00:00:00,5528,0,31,31,badger-dao,protocol_fees
7859,BADGER,2026-02-28 00:00:00,7317,0,28,28,badger-dao,protocol_fees
7859,BADGER,2026-03-31 00:00:00,94,94,31,31,badger-dao,protocol_fees
7859,BADGER,2026-04-30 00:00:00,4033,0,30,30,badger-dao,protocol_fees
7859,BADGER,2026-05-31 00:00:00,0,0,31,31,badger-dao,protocol_fees
7859,BADGER,2026-06-30 00:00:00,1725,0,30,30,badger-dao,protocol_fees
7859,BADGER,2026-07-31 00:00:00,0,0,31,31,badger-dao,protocol_fees
8000,LDO,2021-04-30 00:00:00,155000,7750,1,1,lido,protocol_fees
8000,LDO,2021-05-31 00:00:00,6332338,316618,31,31,lido,protocol_fees
8000,LDO,2021-06-30 00:00:00,6146611,307330,30,30,lido,protocol_fees
8000,LDO,2021-07-31 00:00:00,7014582,350728,31,31,lido,protocol_fees
8000,LDO,2021-08-31 00:00:00,12652322,632618,31,31,lido,protocol_fees
8000,LDO,2021-09-30 00:00:00,18475056,923754,30,30,lido,protocol_fees
8000,LDO,2021-10-31 00:00:00,24253528,1212676,31,31,lido,protocol_fees
8000,LDO,2021-11-30 00:00:00,29085630,1454281,30,30,lido,protocol_fees
8000,LDO,2021-12-31 00:00:00,29224945,1461248,31,31,lido,protocol_fees
8000,LDO,2022-01-31 00:00:00,23143405,1157173,31,31,lido,protocol_fees
8000,LDO,2022-02-28 00:00:00,21107009,1055349,28,28,lido,protocol_fees
8000,LDO,2022-03-31 00:00:00,27921760,1396087,31,31,lido,protocol_fees
8000,LDO,2022-04-30 00:00:00,36801948,1840098,30,30,lido,protocol_fees
8000,LDO,2022-05-31 00:00:00,32334294,1616715,31,31,lido,protocol_fees
8000,LDO,2022-06-30 00:00:00,21424969,1071247,30,30,lido,protocol_fees
8000,LDO,2022-07-31 00:00:00,21178886,1058943,31,31,lido,protocol_fees
8000,LDO,2022-08-31 00:00:00,26999329,1349966,31,31,lido,protocol_fees
8000,LDO,2022-09-30 00:00:00,26338032,1316902,30,30,lido,protocol_fees
8000,LDO,2022-10-31 00:00:00,30939321,1546967,31,31,lido,protocol_fees
8000,LDO,2022-11-30 00:00:00,34718930,1735948,30,30,lido,protocol_fees
8000,LDO,2022-12-31 00:00:00,26283421,1314173,31,31,lido,protocol_fees
8000,LDO,2023-01-31 00:00:00,33394339,1669717,31,31,lido,protocol_fees
8000,LDO,2023-02-28 00:00:00,35429569,1771477,28,28,lido,protocol_fees
8000,LDO,2023-03-31 00:00:00,48187061,2409353,31,31,lido,protocol_fees
8000,LDO,2023-04-30 00:00:00,49794069,2489704,30,30,lido,protocol_fees
8000,LDO,2023-05-31 00:00:00,63605641,3180282,31,31,lido,protocol_fees
8000,LDO,2023-06-30 00:00:00,47844969,2392248,30,30,lido,protocol_fees
8000,LDO,2023-07-31 00:00:00,55541447,2777072,31,31,lido,protocol_fees
8000,LDO,2023-08-31 00:00:00,53064983,2653249,31,31,lido,protocol_fees
8000,LDO,2023-09-30 00:00:00,46634066,2331703,30,30,lido,protocol_fees
8000,LDO,2023-10-31 00:00:00,49875076,2493754,31,31,lido,protocol_fees
8000,LDO,2023-11-30 00:00:00,61448405,3072419,30,30,lido,protocol_fees
8000,LDO,2023-12-31 00:00:00,72947909,3647398,31,31,lido,protocol_fees
8000,LDO,2024-01-31 00:00:00,73566718,3678338,31,31,lido,protocol_fees
8000,LDO,2024-02-29 00:00:00,80215049,4010751,29,29,lido,protocol_fees
8000,LDO,2024-03-31 00:00:00,115256379,5762822,31,31,lido,protocol_fees
8000,LDO,2024-04-30 00:00:00,91916045,4594259,30,30,lido,protocol_fees
8000,LDO,2024-05-31 00:00:00,89898339,4490418,31,31,lido,protocol_fees
8000,LDO,2024-06-30 00:00:00,97551137,4872673,30,30,lido,protocol_fees
8000,LDO,2024-07-31 00:00:00,91246545,4557764,31,31,lido,protocol_fees
8000,LDO,2024-08-31 00:00:00,76184437,3804992,31,31,lido,protocol_fees
8000,LDO,2024-09-30 00:00:00,66871603,3333539,30,30,lido,protocol_fees
8000,LDO,2024-10-31 00:00:00,69720362,3469487,31,31,lido,protocol_fees
8000,LDO,2024-11-30 00:00:00,83543087,4140854,30,30,lido,protocol_fees
8000,LDO,2024-12-31 00:00:00,98102352,4849435,31,31,lido,protocol_fees
8000,LDO,2025-01-31 00:00:00,89133555,4398681,31,31,lido,protocol_fees
8000,LDO,2025-02-28 00:00:00,69797513,3444461,28,28,lido,protocol_fees
8000,LDO,2025-03-31 00:00:00,52596449,2590660,31,31,lido,protocol_fees
8000,LDO,2025-04-30 00:00:00,42872234,2104726,30,30,lido,protocol_fees
8000,LDO,2025-05-31 00:00:00,57259883,2814275,31,31,lido,protocol_fees
8000,LDO,2025-06-30 00:00:00,57156479,2792246,30,30,lido,protocol_fees
8000,LDO,2025-07-31 00:00:00,74110673,3612802,31,31,lido,protocol_fees
8000,LDO,2025-08-31 00:00:00,93809876,4573114,31,31,lido,protocol_fees
8000,LDO,2025-09-30 00:00:00,88153916,4293834,30,30,lido,protocol_fees
8000,LDO,2025-10-31 00:00:00,90703097,4394426,31,31,lido,protocol_fees
8000,LDO,2025-11-30 00:00:00,67147661,3247502,30,30,lido,protocol_fees
8000,LDO,2025-12-31 00:00:00,63582628,3292624,31,31,lido,protocol_fees
8000,LDO,2026-01-31 00:00:00,64463149,4001941,31,31,lido,protocol_fees
8000,LDO,2026-02-28 00:00:00,40553734,2512260,28,28,lido,protocol_fees
8000,LDO,2026-03-31 00:00:00,45077868,2785610,31,31,lido,protocol_fees
8000,LDO,2026-04-30 00:00:00,47310159,2910323,30,30,lido,protocol_fees
8000,LDO,2026-05-31 00:00:00,44340434,2716964,31,31,lido,protocol_fees
8000,LDO,2026-06-30 00:00:00,33577694,2060561,30,30,lido,protocol_fees
8000,LDO,2026-07-31 00:00:00,35183655,2184758,31,31,lido,protocol_fees
8083,LON,2020-12-31 00:00:00,173228,173228,9,9,tokenlon-amm,protocol_fees
8083,LON,2021-01-31 00:00:00,2180621,2180621,31,31,tokenlon-amm,protocol_fees
8083,LON,2021-02-28 00:00:00,2551728,2551728,28,28,tokenlon-amm,protocol_fees
8083,LON,2021-03-31 00:00:00,2076012,2076012,31,31,tokenlon-amm,protocol_fees
8083,LON,2021-04-30 00:00:00,2770549,2770549,30,30,tokenlon-amm,protocol_fees
8083,LON,2021-05-31 00:00:00,5344681,5344681,31,31,tokenlon-amm,protocol_fees
8083,LON,2021-06-30 00:00:00,1420428,1420428,30,30,tokenlon-amm,protocol_fees
8083,LON,2021-07-31 00:00:00,1382743,1382743,31,31,tokenlon-amm,protocol_fees
8083,LON,2021-08-31 00:00:00,2479777,2479777,31,31,tokenlon-amm,protocol_fees
8083,LON,2021-09-30 00:00:00,2343668,2343668,30,30,tokenlon-amm,protocol_fees
8083,LON,2021-10-31 00:00:00,2407480,2407480,31,31,tokenlon-amm,protocol_fees
8083,LON,2021-11-30 00:00:00,2418929,2418929,30,30,tokenlon-amm,protocol_fees
8083,LON,2021-12-31 00:00:00,1997061,1997061,31,31,tokenlon-amm,protocol_fees
8083,LON,2022-01-31 00:00:00,1677419,1677419,31,31,tokenlon-amm,protocol_fees
8083,LON,2022-02-28 00:00:00,973529,973529,28,28,tokenlon-amm,protocol_fees
8083,LON,2022-03-31 00:00:00,969186,969186,31,31,tokenlon-amm,protocol_fees
8083,LON,2022-04-30 00:00:00,862546,862546,30,30,tokenlon-amm,protocol_fees
8083,LON,2022-05-31 00:00:00,1045845,1045845,31,31,tokenlon-amm,protocol_fees
8083,LON,2022-06-30 00:00:00,729053,729053,30,30,tokenlon-amm,protocol_fees
8083,LON,2022-07-31 00:00:00,829993,829993,31,31,tokenlon-amm,protocol_fees
8083,LON,2022-08-31 00:00:00,764279,764279,31,31,tokenlon-amm,protocol_fees
8083,LON,2022-09-30 00:00:00,581840,581840,30,30,tokenlon-amm,protocol_fees
8083,LON,2022-10-31 00:00:00,582619,582619,31,31,tokenlon-amm,protocol_fees
8083,LON,2022-11-30 00:00:00,590947,590947,30,30,tokenlon-amm,protocol_fees
8083,LON,2022-12-31 00:00:00,407859,407859,31,31,tokenlon-amm,protocol_fees
8083,LON,2023-01-31 00:00:00,600261,600261,31,31,tokenlon-amm,protocol_fees
8083,LON,2023-02-28 00:00:00,582078,582078,28,28,tokenlon-amm,protocol_fees
8083,LON,2023-03-31 00:00:00,856359,856359,31,31,tokenlon-amm,protocol_fees
8083,LON,2023-04-30 00:00:00,777098,777098,30,30,tokenlon-amm,protocol_fees
8083,LON,2023-05-31 00:00:00,703036,703036,31,31,tokenlon-amm,protocol_fees
8083,LON,2023-06-30 00:00:00,706379,706379,30,30,tokenlon-amm,protocol_fees
8083,LON,2023-07-31 00:00:00,617391,617391,31,31,tokenlon-amm,protocol_fees
8083,LON,2023-08-31 00:00:00,650944,650944,31,31,tokenlon-amm,protocol_fees
8083,LON,2023-09-30 00:00:00,487146,487146,30,30,tokenlon-amm,protocol_fees
8083,LON,2023-10-31 00:00:00,635096,635096,31,31,tokenlon-amm,protocol_fees
8083,LON,2023-11-30 00:00:00,707179,707179,30,30,tokenlon-amm,protocol_fees
8083,LON,2023-12-31 00:00:00,664994,664994,31,31,tokenlon-amm,protocol_fees
8083,LON,2024-01-31 00:00:00,805503,805503,31,31,tokenlon-amm,protocol_fees
8083,LON,2024-02-29 00:00:00,1038256,1038256,29,29,tokenlon-amm,protocol_fees
8083,LON,2024-03-31 00:00:00,1305085,1305085,31,31,tokenlon-amm,protocol_fees
8083,LON,2024-04-30 00:00:00,886912,886912,30,30,tokenlon-amm,protocol_fees
8083,LON,2024-05-31 00:00:00,901722,901722,31,31,tokenlon-amm,protocol_fees
8083,LON,2024-06-30 00:00:00,547494,547494,30,30,tokenlon-amm,protocol_fees
8083,LON,2024-07-31 00:00:00,679326,679326,31,31,tokenlon-amm,protocol_fees
8083,LON,2024-08-31 00:00:00,812788,812788,31,31,tokenlon-amm,protocol_fees
8083,LON,2024-09-30 00:00:00,553694,553694,30,30,tokenlon-amm,protocol_fees
8083,LON,2024-10-31 00:00:00,666843,666843,31,31,tokenlon-amm,protocol_fees
8083,LON,2024-11-30 00:00:00,1159571,1159571,30,30,tokenlon-amm,protocol_fees
8083,LON,2024-12-31 00:00:00,1125771,1125771,31,31,tokenlon-amm,protocol_fees
8083,LON,2025-01-31 00:00:00,827603,827603,31,31,tokenlon-amm,protocol_fees
8083,LON,2025-02-28 00:00:00,861223,861223,28,28,tokenlon-amm,protocol_fees
8083,LON,2025-03-31 00:00:00,712665,712665,31,31,tokenlon-amm,protocol_fees
8083,LON,2025-04-30 00:00:00,597510,597510,30,30,tokenlon-amm,protocol_fees
8083,LON,2025-05-31 00:00:00,1013512,1013512,31,31,tokenlon-amm,protocol_fees
8083,LON,2025-06-30 00:00:00,894617,894617,30,30,tokenlon-amm,protocol_fees
8083,LON,2025-07-31 00:00:00,1448010,1448010,31,31,tokenlon-amm,protocol_fees
8083,LON,2025-08-31 00:00:00,1671394,1671394,31,31,tokenlon-amm,protocol_fees
8083,LON,2025-09-30 00:00:00,982825,982825,30,30,tokenlon-amm,protocol_fees
8083,LON,2025-10-31 00:00:00,954588,954588,31,31,tokenlon-amm,protocol_fees
8083,LON,2025-11-30 00:00:00,643859,643859,30,30,tokenlon-amm,protocol_fees
8083,LON,2025-12-31 00:00:00,590135,590135,31,31,tokenlon-amm,protocol_fees
8083,LON,2026-01-31 00:00:00,473666,473666,31,31,tokenlon-amm,protocol_fees
8083,LON,2026-02-28 00:00:00,546437,546437,28,28,tokenlon-amm,protocol_fees
8083,LON,2026-03-31 00:00:00,442163,442163,31,31,tokenlon-amm,protocol_fees
8083,LON,2026-04-30 00:00:00,468639,468639,30,30,tokenlon-amm,protocol_fees
8083,LON,2026-05-31 00:00:00,333643,333643,31,31,tokenlon-amm,protocol_fees
8083,LON,2026-06-30 00:00:00,313049,313049,30,30,tokenlon-amm,protocol_fees
8083,LON,2026-07-31 00:00:00,242177,242177,31,31,tokenlon-amm,protocol_fees
8104,1INCH,2026-07-31 00:00:00,9322.74,1648.51,12,12,1inch,protocol_fees
8613,ALCX,2022-12-31 00:00:00,19349,1934,23,23,alchemix,protocol_fees
8613,ALCX,2023-01-31 00:00:00,97014,9702,31,31,alchemix,protocol_fees
8613,ALCX,2023-02-28 00:00:00,83536,8356,28,28,alchemix,protocol_fees
8613,ALCX,2023-03-31 00:00:00,129447,12942,31,31,alchemix,protocol_fees
8613,ALCX,2023-04-30 00:00:00,185399,18539,30,30,alchemix,protocol_fees
8613,ALCX,2023-05-31 00:00:00,205064,20506,31,31,alchemix,protocol_fees
8613,ALCX,2023-06-30 00:00:00,76576,7657,30,30,alchemix,protocol_fees
8613,ALCX,2023-07-31 00:00:00,184043,18403,31,31,alchemix,protocol_fees
8613,ALCX,2023-08-31 00:00:00,30694,3069,31,31,alchemix,protocol_fees
8613,ALCX,2023-09-30 00:00:00,179316,17932,30,30,alchemix,protocol_fees
8613,ALCX,2023-10-31 00:00:00,102315,10231,31,31,alchemix,protocol_fees
8613,ALCX,2023-11-30 00:00:00,53597,5358,30,30,alchemix,protocol_fees
8613,ALCX,2023-12-31 00:00:00,106077,10603,31,31,alchemix,protocol_fees
8613,ALCX,2024-01-31 00:00:00,118444,11842,31,31,alchemix,protocol_fees
8613,ALCX,2024-02-29 00:00:00,48537,4856,29,29,alchemix,protocol_fees
8613,ALCX,2024-03-31 00:00:00,333079,33309,31,31,alchemix,protocol_fees
8613,ALCX,2024-04-30 00:00:00,181353,18137,30,30,alchemix,protocol_fees
8613,ALCX,2024-05-31 00:00:00,189615,18965,31,31,alchemix,protocol_fees
8613,ALCX,2024-06-30 00:00:00,136335,13632,30,30,alchemix,protocol_fees
8613,ALCX,2024-07-31 00:00:00,183086,18305,31,31,alchemix,protocol_fees
8613,ALCX,2024-08-31 00:00:00,150703,15072,31,31,alchemix,protocol_fees
8613,ALCX,2024-09-30 00:00:00,88675,8869,30,30,alchemix,protocol_fees
8613,ALCX,2024-10-31 00:00:00,155986,15601,31,31,alchemix,protocol_fees
8613,ALCX,2024-11-30 00:00:00,133997,13398,30,30,alchemix,protocol_fees
8613,ALCX,2024-12-31 00:00:00,205373,20534,31,31,alchemix,protocol_fees
8613,ALCX,2025-01-31 00:00:00,129295,12929,31,31,alchemix,protocol_fees
8613,ALCX,2025-02-28 00:00:00,229856,22989,28,28,alchemix,protocol_fees
8613,ALCX,2025-03-31 00:00:00,121539,12150,31,31,alchemix,protocol_fees
8613,ALCX,2025-04-30 00:00:00,114074,11412,30,30,alchemix,protocol_fees
8613,ALCX,2025-05-31 00:00:00,181800,18184,31,31,alchemix,protocol_fees
8613,ALCX,2025-06-30 00:00:00,257834,25782,30,30,alchemix,protocol_fees
8613,ALCX,2025-07-31 00:00:00,204438,20444,31,31,alchemix,protocol_fees
8613,ALCX,2025-08-31 00:00:00,390742,39076,31,31,alchemix,protocol_fees
8613,ALCX,2025-09-30 00:00:00,341874,34180,30,30,alchemix,protocol_fees
8613,ALCX,2025-10-31 00:00:00,316716,31662,31,31,alchemix,protocol_fees
8613,ALCX,2025-11-30 00:00:00,157444,15744,30,30,alchemix,protocol_fees
8613,ALCX,2025-12-31 00:00:00,281180,28118,31,31,alchemix,protocol_fees
8613,ALCX,2026-01-31 00:00:00,205076,20514,31,31,alchemix,protocol_fees
8613,ALCX,2026-02-28 00:00:00,15042,1506,28,28,alchemix,protocol_fees
8613,ALCX,2026-03-31 00:00:00,231722,23173,31,31,alchemix,protocol_fees
8613,ALCX,2026-04-30 00:00:00,28084,428,30,30,alchemix,protocol_fees
8613,ALCX,2026-05-31 00:00:00,82196,11,31,31,alchemix,protocol_fees
8613,ALCX,2026-06-30 00:00:00,77590,33767,30,30,alchemix,protocol_fees
8613,ALCX,2026-07-31 00:00:00,144339,95085,31,31,alchemix,protocol_fees
8719,ILV,2024-07-31 00:00:00,211676.0,211676.0,8,8,illuvium,protocol_fees
8719,ILV,2024-08-31 00:00:00,404303.0,404303.0,31,31,illuvium,protocol_fees
8719,ILV,2024-09-30 00:00:00,181162.0,181162.0,30,30,illuvium,protocol_fees
8719,ILV,2024-10-31 00:00:00,95088.0,95088.0,31,31,illuvium,protocol_fees
8719,ILV,2024-11-30 00:00:00,46532.0,46532.0,30,30,illuvium,protocol_fees
8719,ILV,2024-12-31 00:00:00,22065.0,22065.0,31,31,illuvium,protocol_fees
8719,ILV,2025-01-31 00:00:00,10642.0,10642.0,31,31,illuvium,protocol_fees
8719,ILV,2025-02-28 00:00:00,7052.0,7052.0,28,28,illuvium,protocol_fees
8719,ILV,2025-03-31 00:00:00,0.0,0.0,31,31,illuvium,protocol_fees
8719,ILV,2025-04-30 00:00:00,0.0,0.0,30,30,illuvium,protocol_fees
8719,ILV,2025-05-31 00:00:00,0.0,0.0,31,31,illuvium,protocol_fees
8719,ILV,2025-06-30 00:00:00,0.0,0.0,30,30,illuvium,protocol_fees
8719,ILV,2025-07-31 00:00:00,0.0,0.0,31,31,illuvium,protocol_fees
8719,ILV,2025-08-31 00:00:00,0.0,0.0,31,31,illuvium,protocol_fees
8719,ILV,2025-09-30 00:00:00,0.0,0.0,30,30,illuvium,protocol_fees
8719,ILV,2025-10-31 00:00:00,0.0,0.0,31,31,illuvium,protocol_fees
8719,ILV,2025-11-30 00:00:00,0.0,0.0,30,30,illuvium,protocol_fees
8719,ILV,2025-12-31 00:00:00,0.0,0.0,31,31,illuvium,protocol_fees
8719,ILV,2026-01-31 00:00:00,0.0,0.0,31,31,illuvium,protocol_fees
8719,ILV,2026-02-28 00:00:00,0.0,0.0,28,28,illuvium,protocol_fees
8719,ILV,2026-03-31 00:00:00,45511.0,45511.0,31,31,illuvium,protocol_fees
8719,ILV,2026-04-30 00:00:00,34318.0,34318.0,30,30,illuvium,protocol_fees
8719,ILV,2026-05-31 00:00:00,14715.0,14715.0,31,31,illuvium,protocol_fees
8719,ILV,2026-06-30 00:00:00,16176.0,16176.0,30,30,illuvium,protocol_fees
8719,ILV,2026-07-31 00:00:00,10237.46,10237.46,31,31,illuvium,protocol_fees
8911,STRK,2024-09-30 00:00:00,106028,15186,30,30,strike,protocol_fees
8911,STRK,2024-10-31 00:00:00,85609,12522,31,31,strike,protocol_fees
8911,STRK,2024-11-30 00:00:00,100336,13868,30,30,strike,protocol_fees
8911,STRK,2024-12-31 00:00:00,157486,21158,31,31,strike,protocol_fees
8911,STRK,2025-01-31 00:00:00,172602,24530,31,31,strike,protocol_fees
8911,STRK,2025-02-28 00:00:00,98041,13453,28,28,strike,protocol_fees
8911,STRK,2025-03-31 00:00:00,102150,13490,31,31,strike,protocol_fees
8911,STRK,2025-04-30 00:00:00,86169,11961,30,30,strike,protocol_fees
8911,STRK,2025-05-31 00:00:00,105108,14826,31,31,strike,protocol_fees
8911,STRK,2025-06-30 00:00:00,66116,8606,30,30,strike,protocol_fees
8911,STRK,2025-07-31 00:00:00,39872,5359,31,31,strike,protocol_fees
8911,STRK,2025-08-31 00:00:00,9628,1180,31,31,strike,protocol_fees
8911,STRK,2025-09-30 00:00:00,5192,827,30,30,strike,protocol_fees
8911,STRK,2025-10-31 00:00:00,15493,2788,31,31,strike,protocol_fees
8911,STRK,2025-11-30 00:00:00,5707,756,30,30,strike,protocol_fees
8911,STRK,2025-12-31 00:00:00,2994,347,31,31,strike,protocol_fees
8911,STRK,2026-01-31 00:00:00,0,0,31,31,strike,protocol_fees
8911,STRK,2026-02-28 00:00:00,0,0,28,28,strike,protocol_fees
8911,STRK,2026-03-31 00:00:00,0,0,31,31,strike,protocol_fees
8911,STRK,2026-04-30 00:00:00,9262,1155,30,30,strike,protocol_fees
8911,STRK,2026-05-31 00:00:00,48939,9788,31,31,strike,protocol_fees
8911,STRK,2026-06-30 00:00:00,0,0,30,30,strike,protocol_fees
8911,STRK,2026-07-31 00:00:00,0,0,31,31,strike,protocol_fees
9444,KNC,2021-04-30 00:00:00,1052,106,24,24,kyberswap-classic,protocol_fees
9444,KNC,2021-05-31 00:00:00,5864,586,31,31,kyberswap-classic,protocol_fees
9444,KNC,2021-06-30 00:00:00,1069,105,29,27,kyberswap-classic,protocol_fees
9444,KNC,2021-07-31 00:00:00,13180,1313,31,9,kyberswap-classic,protocol_fees
9444,KNC,2021-08-31 00:00:00,58907,5889,31,20,kyberswap-classic,protocol_fees
9444,KNC,2021-09-30 00:00:00,95995,9594,30,24,kyberswap-classic,protocol_fees
9444,KNC,2021-10-31 00:00:00,64759,6475,31,31,kyberswap-classic,protocol_fees
9444,KNC,2021-11-30 00:00:00,106139,10614,30,30,kyberswap-classic,protocol_fees
9444,KNC,2021-12-31 00:00:00,6643,660,31,31,kyberswap-classic,protocol_fees
9444,KNC,2022-01-31 00:00:00,5334,524,31,28,kyberswap-classic,protocol_fees
9444,KNC,2022-02-28 00:00:00,1431,135,28,25,kyberswap-classic,protocol_fees
9444,KNC,2022-03-31 00:00:00,963,85,31,19,kyberswap-classic,protocol_fees
9444,KNC,2022-04-30 00:00:00,880,79,30,22,kyberswap-classic,protocol_fees
9444,KNC,2022-05-31 00:00:00,491,40,31,17,kyberswap-classic,protocol_fees
9444,KNC,2022-06-30 00:00:00,550,48,29,24,kyberswap-classic,protocol_fees
9444,KNC,2022-07-31 00:00:00,2006,199,31,24,kyberswap-classic,protocol_fees
9444,KNC,2022-08-31 00:00:00,1268,124,31,31,kyberswap-classic,protocol_fees
9444,KNC,2022-09-30 00:00:00,1910,188,30,30,kyberswap-classic,protocol_fees
9444,KNC,2022-10-31 00:00:00,14,0,31,31,kyberswap-classic,protocol_fees
9444,KNC,2022-11-30 00:00:00,77,4,30,30,kyberswap-classic,protocol_fees
9444,KNC,2022-12-31 00:00:00,13,1,31,31,kyberswap-classic,protocol_fees
9444,KNC,2023-01-31 00:00:00,50,2,31,31,kyberswap-classic,protocol_fees
9444,KNC,2023-02-28 00:00:00,97,7,27,27,kyberswap-classic,protocol_fees
9444,KNC,2023-03-31 00:00:00,66,2,31,31,kyberswap-classic,protocol_fees
9444,KNC,2023-04-30 00:00:00,400,38,30,30,kyberswap-classic,protocol_fees
9444,KNC,2023-05-31 00:00:00,473,43,31,29,kyberswap-classic,protocol_fees
9444,KNC,2023-06-30 00:00:00,6,1,30,30,kyberswap-classic,protocol_fees
9444,KNC,2023-07-31 00:00:00,0,0,31,31,kyberswap-classic,protocol_fees
9444,KNC,2023-08-31 00:00:00,548,82,31,31,kyberswap-classic,protocol_fees
9444,KNC,2023-09-30 00:00:00,8848,1416,30,30,kyberswap-classic,protocol_fees
9444,KNC,2023-10-31 00:00:00,26129,4183,31,31,kyberswap-classic,protocol_fees
9444,KNC,2023-11-30 00:00:00,56108,8977,30,30,kyberswap-classic,protocol_fees
9444,KNC,2023-12-31 00:00:00,71644,11453,31,31,kyberswap-classic,protocol_fees
9444,KNC,2024-01-31 00:00:00,49649,7939,31,31,kyberswap-classic,protocol_fees
9444,KNC,2024-02-29 00:00:00,5843,936,7,7,kyberswap-classic,protocol_fees
9444,KNC,2024-04-30 00:00:00,6606,1050,14,14,kyberswap-classic,protocol_fees
9444,KNC,2024-05-31 00:00:00,4778,762,6,6,kyberswap-classic,protocol_fees
9444,KNC,2024-06-30 00:00:00,785,124,8,8,kyberswap-classic,protocol_fees
9444,KNC,2024-07-31 00:00:00,71,9,12,12,kyberswap-classic,protocol_fees
9444,KNC,2024-08-31 00:00:00,43,5,12,12,kyberswap-classic,protocol_fees
9444,KNC,2024-09-30 00:00:00,5,0,10,10,kyberswap-classic,protocol_fees
9444,KNC,2024-10-31 00:00:00,2,0,31,31,kyberswap-classic,protocol_fees
9444,KNC,2024-11-30 00:00:00,12,1,27,27,kyberswap-classic,protocol_fees
9444,KNC,2024-12-31 00:00:00,36,3,31,31,kyberswap-classic,protocol_fees
9481,PENDLE,2023-07-31 00:00:00,29808,9765,25,25,pendle,protocol_fees
9481,PENDLE,2023-08-31 00:00:00,31531,31531,31,31,pendle,protocol_fees
9481,PENDLE,2023-09-30 00:00:00,19833,19833,30,30,pendle,protocol_fees
9481,PENDLE,2023-10-31 00:00:00,29886,29886,31,31,pendle,protocol_fees
9481,PENDLE,2023-11-30 00:00:00,35534,35534,30,30,pendle,protocol_fees
9481,PENDLE,2023-12-31 00:00:00,44456,40503,31,31,pendle,protocol_fees
9481,PENDLE,2024-01-31 00:00:00,158706,135449,31,31,pendle,protocol_fees
9481,PENDLE,2024-02-29 00:00:00,460232,381763,29,29,pendle,protocol_fees
9481,PENDLE,2024-03-31 00:00:00,920543,781646,31,31,pendle,protocol_fees
9481,PENDLE,2024-04-30 00:00:00,3643547,3247055,30,30,pendle,protocol_fees
9481,PENDLE,2024-05-31 00:00:00,2899724,2744043,31,31,pendle,protocol_fees
9481,PENDLE,2024-06-30 00:00:00,1940759,1818245,30,30,pendle,protocol_fees
9481,PENDLE,2024-07-31 00:00:00,1749440,1692824,31,31,pendle,protocol_fees
9481,PENDLE,2024-08-31 00:00:00,736749,712585,31,31,pendle,protocol_fees
9481,PENDLE,2024-09-30 00:00:00,629288,602849,30,30,pendle,protocol_fees
9481,PENDLE,2024-10-31 00:00:00,1220070,1156717,31,31,pendle,protocol_fees
9481,PENDLE,2024-11-30 00:00:00,1740685,1622187,30,30,pendle,protocol_fees
9481,PENDLE,2024-12-31 00:00:00,3003560,2818194,31,31,pendle,protocol_fees
9481,PENDLE,2025-01-31 00:00:00,8828623,8629903,31,31,pendle,protocol_fees
9481,PENDLE,2025-02-28 00:00:00,2634681,2548256,28,28,pendle,protocol_fees
9481,PENDLE,2025-03-31 00:00:00,1470422,1399734,31,31,pendle,protocol_fees
9481,PENDLE,2025-04-30 00:00:00,1568766,1528382,30,30,pendle,protocol_fees
9481,PENDLE,2025-05-31 00:00:00,4921308,4876129,30,30,pendle,protocol_fees
9481,PENDLE,2025-06-30 00:00:00,1521486,1488394,30,30,pendle,protocol_fees
9481,PENDLE,2025-07-31 00:00:00,2155931,2097257,31,31,pendle,protocol_fees
9481,PENDLE,2025-08-31 00:00:00,4063481,3936774,31,31,pendle,protocol_fees
9481,PENDLE,2025-09-30 00:00:00,3439179,3216807,30,30,pendle,protocol_fees
9481,PENDLE,2025-10-31 00:00:00,4277363,4113679,31,31,pendle,protocol_fees
9481,PENDLE,2025-11-30 00:00:00,3049714,2972987,30,30,pendle,protocol_fees
9481,PENDLE,2025-12-31 00:00:00,1319134,1293907,31,31,pendle,protocol_fees
9481,PENDLE,2026-01-31 00:00:00,1132982,1119169,31,31,pendle,protocol_fees
9481,PENDLE,2026-02-28 00:00:00,914118,903802,28,28,pendle,protocol_fees
9481,PENDLE,2026-03-31 00:00:00,602083,593623,31,31,pendle,protocol_fees
9481,PENDLE,2026-04-30 00:00:00,1690592,1681136,30,30,pendle,protocol_fees
9481,PENDLE,2026-05-31 00:00:00,1102631,1085327,31,31,pendle,protocol_fees
9481,PENDLE,2026-06-30 00:00:00,1053839,1035016,30,30,pendle,protocol_fees
9481,PENDLE,2026-07-31 00:00:00,588278,579563,31,31,pendle,protocol_fees
9640,METIS,2024-09-30 00:00:00,4947,,8,,metis,chain_level_sequencer_fees;revenue_http_400
9640,METIS,2024-10-31 00:00:00,17788,,31,,metis,chain_level_sequencer_fees;revenue_http_400
9640,METIS,2024-11-30 00:00:00,26979,,30,,metis,chain_level_sequencer_fees;revenue_http_400
9640,METIS,2024-12-31 00:00:00,30556,,31,,metis,chain_level_sequencer_fees;revenue_http_400
9640,METIS,2025-01-31 00:00:00,28447,,31,,metis,chain_level_sequencer_fees;revenue_http_400
9640,METIS,2025-02-28 00:00:00,20209,,28,,metis,chain_level_sequencer_fees;revenue_http_400
9640,METIS,2025-03-31 00:00:00,18705,,31,,metis,chain_level_sequencer_fees;revenue_http_400
9640,METIS,2025-04-30 00:00:00,12890,,30,,metis,chain_level_sequencer_fees;revenue_http_400
9640,METIS,2025-05-31 00:00:00,10973,,31,,metis,chain_level_sequencer_fees;revenue_http_400
9640,METIS,2025-06-30 00:00:00,8569,,30,,metis,chain_level_sequencer_fees;revenue_http_400
9640,METIS,2025-07-31 00:00:00,8920,,31,,metis,chain_level_sequencer_fees;revenue_http_400
9640,METIS,2025-08-31 00:00:00,7607,,31,,metis,chain_level_sequencer_fees;revenue_http_400
9640,METIS,2025-09-30 00:00:00,6002,,30,,metis,chain_level_sequencer_fees;revenue_http_400
9640,METIS,2025-10-31 00:00:00,7296,,31,,metis,chain_level_sequencer_fees;revenue_http_400
9640,METIS,2025-11-30 00:00:00,7651,,30,,metis,chain_level_sequencer_fees;revenue_http_400
9640,METIS,2025-12-31 00:00:00,3710,,31,,metis,chain_level_sequencer_fees;revenue_http_400
9640,METIS,2026-01-31 00:00:00,4106,,31,,metis,chain_level_sequencer_fees;revenue_http_400
9640,METIS,2026-02-28 00:00:00,4370,,28,,metis,chain_level_sequencer_fees;revenue_http_400
9640,METIS,2026-03-31 00:00:00,3293,,31,,metis,chain_level_sequencer_fees;revenue_http_400
9640,METIS,2026-04-30 00:00:00,3939,,30,,metis,chain_level_sequencer_fees;revenue_http_400
9640,METIS,2026-05-31 00:00:00,2067,,31,,metis,chain_level_sequencer_fees;revenue_http_400
9640,METIS,2026-06-30 00:00:00,1856,,30,,metis,chain_level_sequencer_fees;revenue_http_400
9640,METIS,2026-07-31 00:00:00,1305,,31,,metis,chain_level_sequencer_fees;revenue_http_400
9903,CVX,2021-05-31 00:00:00,610165,610165,14,14,convex-finance,protocol_fees
9903,CVX,2021-06-30 00:00:00,5980352,5980352,30,30,convex-finance,protocol_fees
9903,CVX,2021-07-31 00:00:00,5717821,5717526,31,31,convex-finance,protocol_fees
9903,CVX,2021-08-31 00:00:00,9058587,7418741,31,31,convex-finance,protocol_fees
9903,CVX,2021-09-30 00:00:00,12541254,8983824,30,30,convex-finance,protocol_fees
9903,CVX,2021-10-31 00:00:00,19213716,13861184,31,31,convex-finance,protocol_fees
9903,CVX,2021-11-30 00:00:00,28390372,18381833,30,30,convex-finance,protocol_fees
9903,CVX,2021-12-31 00:00:00,32760585,19228042,31,31,convex-finance,protocol_fees
9903,CVX,2022-01-31 00:00:00,30530819,19663368,31,31,convex-finance,protocol_fees
9903,CVX,2022-02-28 00:00:00,18666667,11763884,28,28,convex-finance,protocol_fees
9903,CVX,2022-03-31 00:00:00,18831106,10231315,31,31,convex-finance,protocol_fees
9903,CVX,2022-04-30 00:00:00,20548781,10427281,30,30,convex-finance,protocol_fees
9903,CVX,2022-05-31 00:00:00,11398195,6825740,31,31,convex-finance,protocol_fees
9903,CVX,2022-06-30 00:00:00,5864973,3760764,30,30,convex-finance,protocol_fees
9903,CVX,2022-07-31 00:00:00,7260921,5111215,31,31,convex-finance,protocol_fees
9903,CVX,2022-08-31 00:00:00,7507836,5053035,31,31,convex-finance,protocol_fees
9903,CVX,2022-09-30 00:00:00,5794975,3772406,30,30,convex-finance,protocol_fees
9903,CVX,2022-10-31 00:00:00,5044123,3357895,31,31,convex-finance,protocol_fees
9903,CVX,2022-11-30 00:00:00,4675562,2602295,30,30,convex-finance,protocol_fees
9903,CVX,2022-12-31 00:00:00,3841264,2233230,31,31,convex-finance,protocol_fees
9903,CVX,2023-01-31 00:00:00,4429561,3052274,31,31,convex-finance,protocol_fees
9903,CVX,2023-02-28 00:00:00,5352122,3427441,28,28,convex-finance,protocol_fees
9903,CVX,2023-03-31 00:00:00,5101559,3354845,31,31,convex-finance,protocol_fees
9903,CVX,2023-04-30 00:00:00,5015482,3422614,30,30,convex-finance,protocol_fees
9903,CVX,2023-05-31 00:00:00,4498786,2963347,31,31,convex-finance,protocol_fees
9903,CVX,2023-06-30 00:00:00,3468433,2470466,30,30,convex-finance,protocol_fees
9903,CVX,2023-07-31 00:00:00,3897136,2819973,31,31,convex-finance,protocol_fees
9903,CVX,2023-08-31 00:00:00,3095579,1784790,31,31,convex-finance,protocol_fees
9903,CVX,2023-09-30 00:00:00,2392292,1431566,30,30,convex-finance,protocol_fees
9903,CVX,2023-10-31 00:00:00,2500660,1470808,31,31,convex-finance,protocol_fees
9903,CVX,2023-11-30 00:00:00,3141186,1746073,30,30,convex-finance,protocol_fees
9903,CVX,2023-12-31 00:00:00,3451301,2172499,31,31,convex-finance,protocol_fees
9903,CVX,2024-01-31 00:00:00,2634119,1691902,31,31,convex-finance,protocol_fees
9903,CVX,2024-02-29 00:00:00,2385817,1533643,29,29,convex-finance,protocol_fees
9903,CVX,2024-03-31 00:00:00,2862813,2128865,31,31,convex-finance,protocol_fees
9903,CVX,2024-04-30 00:00:00,2083538,1558210,30,30,convex-finance,protocol_fees
9903,CVX,2024-05-31 00:00:00,1898252,1430947,31,31,convex-finance,protocol_fees
9903,CVX,2024-06-30 00:00:00,1436821,1104021,30,30,convex-finance,protocol_fees
9903,CVX,2024-07-31 00:00:00,1091330,858269,31,31,convex-finance,protocol_fees
9903,CVX,2024-08-31 00:00:00,931011,730046,31,31,convex-finance,protocol_fees
9903,CVX,2024-09-30 00:00:00,1934956,1761196,30,30,convex-finance,protocol_fees
9903,CVX,2024-10-31 00:00:00,2475007,2268080,31,31,convex-finance,protocol_fees
9903,CVX,2024-11-30 00:00:00,2305365,2087193,30,30,convex-finance,protocol_fees
9903,CVX,2024-12-31 00:00:00,5000078,4703893,31,31,convex-finance,protocol_fees
9903,CVX,2025-01-31 00:00:00,4228670,4059473,31,31,convex-finance,protocol_fees
9903,CVX,2025-02-28 00:00:00,2421777,2346143,28,28,convex-finance,protocol_fees
9903,CVX,2025-03-31 00:00:00,2043516,1963729,31,31,convex-finance,protocol_fees
9903,CVX,2025-04-30 00:00:00,3454722,3368708,30,30,convex-finance,protocol_fees
9903,CVX,2025-05-31 00:00:00,3300341,3170834,31,31,convex-finance,protocol_fees
9903,CVX,2025-06-30 00:00:00,3210511,3114868,30,30,convex-finance,protocol_fees
9903,CVX,2025-07-31 00:00:00,3404866,3290949,31,31,convex-finance,protocol_fees
9903,CVX,2025-08-31 00:00:00,3658524,3533373,31,31,convex-finance,protocol_fees
9903,CVX,2025-09-30 00:00:00,3065361,2966598,30,30,convex-finance,protocol_fees
9903,CVX,2025-10-31 00:00:00,3382430,3313059,31,31,convex-finance,protocol_fees
9903,CVX,2025-11-30 00:00:00,2052122,2009737,30,30,convex-finance,protocol_fees
9903,CVX,2025-12-31 00:00:00,1505961,1480164,31,31,convex-finance,protocol_fees
9903,CVX,2026-01-31 00:00:00,1784189,1762714,31,31,convex-finance,protocol_fees
9903,CVX,2026-02-28 00:00:00,1149314,1135553,28,28,convex-finance,protocol_fees
9903,CVX,2026-03-31 00:00:00,904889,893111,31,31,convex-finance,protocol_fees
9903,CVX,2026-04-30 00:00:00,1217336,1207590,30,30,convex-finance,protocol_fees
9903,CVX,2026-05-31 00:00:00,806112,794723,31,31,convex-finance,protocol_fees
9903,CVX,2026-06-30 00:00:00,715912,710243,30,30,convex-finance,protocol_fees
9903,CVX,2026-07-31 00:00:00,672151,666324,31,31,convex-finance,protocol_fees
11156,ETHDYDX,2023-11-30 00:00:00,2652172,2652172,12,12,dydx-v3,protocol_fees
11156,ETHDYDX,2023-12-31 00:00:00,7241900,7241900,31,31,dydx-v3,protocol_fees
11156,ETHDYDX,2024-01-31 00:00:00,5110097,5110097,31,31,dydx-v3,protocol_fees
11156,ETHDYDX,2024-02-29 00:00:00,3295645,3295645,29,29,dydx-v3,protocol_fees
11156,ETHDYDX,2024-03-31 00:00:00,4934333,4934333,31,31,dydx-v3,protocol_fees
11156,ETHDYDX,2024-04-30 00:00:00,3501279,3501279,30,30,dydx-v3,protocol_fees
11156,ETHDYDX,2024-05-31 00:00:00,2354736,2354736,31,31,dydx-v3,protocol_fees
11156,ETHDYDX,2024-06-30 00:00:00,1506095,1506095,30,30,dydx-v3,protocol_fees
11156,ETHDYDX,2024-07-31 00:00:00,1583713,1583713,31,31,dydx-v3,protocol_fees
11156,ETHDYDX,2024-08-31 00:00:00,1255591,1255591,31,31,dydx-v3,protocol_fees
11156,ETHDYDX,2024-09-30 00:00:00,670288,670288,30,30,dydx-v3,protocol_fees
11289,SPELL,2021-09-30 00:00:00,2302421,1151209,29,29,abracadabra-spell,protocol_fees
11289,SPELL,2021-10-31 00:00:00,8455168,4227587,31,31,abracadabra-spell,protocol_fees
11289,SPELL,2021-11-30 00:00:00,12383214,6191608,30,30,abracadabra-spell,protocol_fees
11289,SPELL,2021-12-31 00:00:00,17912761,8956378,31,31,abracadabra-spell,protocol_fees
11289,SPELL,2022-01-31 00:00:00,17599123,8799559,31,31,abracadabra-spell,protocol_fees
11289,SPELL,2022-02-28 00:00:00,3457884,1728938,28,28,abracadabra-spell,protocol_fees
11289,SPELL,2022-03-31 00:00:00,3216932,1608458,31,31,abracadabra-spell,protocol_fees
11289,SPELL,2022-04-30 00:00:00,2059380,1029683,30,30,abracadabra-spell,protocol_fees
11289,SPELL,2022-05-31 00:00:00,2444590,1222295,31,31,abracadabra-spell,protocol_fees
11289,SPELL,2022-06-30 00:00:00,549834,274917,30,30,abracadabra-spell,protocol_fees
11289,SPELL,2022-07-31 00:00:00,414817,207409,31,31,abracadabra-spell,protocol_fees
11289,SPELL,2022-08-31 00:00:00,335751,167873,31,31,abracadabra-spell,protocol_fees
11289,SPELL,2022-09-30 00:00:00,312830,156418,30,30,abracadabra-spell,protocol_fees
11289,SPELL,2022-10-31 00:00:00,302496,151245,31,31,abracadabra-spell,protocol_fees
11289,SPELL,2022-11-30 00:00:00,200908,100460,30,30,abracadabra-spell,protocol_fees
11289,SPELL,2022-12-31 00:00:00,186112,93052,31,31,abracadabra-spell,protocol_fees
11289,SPELL,2023-01-31 00:00:00,328388,164202,31,31,abracadabra-spell,protocol_fees
11289,SPELL,2023-02-28 00:00:00,276961,138478,28,28,abracadabra-spell,protocol_fees
11289,SPELL,2023-03-31 00:00:00,366932,183465,31,31,abracadabra-spell,protocol_fees
11289,SPELL,2023-04-30 00:00:00,308922,154462,30,30,abracadabra-spell,protocol_fees
11289,SPELL,2023-05-31 00:00:00,283481,141747,31,31,abracadabra-spell,protocol_fees
11289,SPELL,2023-06-30 00:00:00,483389,241703,30,30,abracadabra-spell,protocol_fees
11289,SPELL,2023-07-31 00:00:00,390997,195502,31,31,abracadabra-spell,protocol_fees
11289,SPELL,2023-08-31 00:00:00,93881,46943,31,31,abracadabra-spell,protocol_fees
11289,SPELL,2023-09-30 00:00:00,48502,24255,30,30,abracadabra-spell,protocol_fees
11289,SPELL,2023-10-31 00:00:00,43006,21504,31,31,abracadabra-spell,protocol_fees
11289,SPELL,2023-11-30 00:00:00,36345,18176,30,30,abracadabra-spell,protocol_fees
11289,SPELL,2023-12-31 00:00:00,41243,20624,31,31,abracadabra-spell,protocol_fees
11289,SPELL,2024-01-31 00:00:00,42230,21123,31,31,abracadabra-spell,protocol_fees
11289,SPELL,2024-02-29 00:00:00,62594,31293,29,29,abracadabra-spell,protocol_fees
11289,SPELL,2024-03-31 00:00:00,68418,34209,31,31,abracadabra-spell,protocol_fees
11289,SPELL,2024-04-30 00:00:00,248129,124066,30,30,abracadabra-spell,protocol_fees
11289,SPELL,2024-05-31 00:00:00,254899,127452,31,31,abracadabra-spell,protocol_fees
11289,SPELL,2024-06-30 00:00:00,153125,76563,30,30,abracadabra-spell,protocol_fees
11289,SPELL,2024-07-31 00:00:00,74873,37438,31,31,abracadabra-spell,protocol_fees
11289,SPELL,2024-08-31 00:00:00,36135,18066,31,31,abracadabra-spell,protocol_fees
11289,SPELL,2024-09-30 00:00:00,13289,6647,30,30,abracadabra-spell,protocol_fees
11289,SPELL,2024-10-31 00:00:00,8884,4438,31,31,abracadabra-spell,protocol_fees
11289,SPELL,2024-11-30 00:00:00,5053,2524,17,17,abracadabra-spell,protocol_fees
11289,SPELL,2025-05-31 00:00:00,100484,50239,18,18,abracadabra-spell,protocol_fees
11289,SPELL,2025-06-30 00:00:00,142140,71072,30,30,abracadabra-spell,protocol_fees
11289,SPELL,2025-07-31 00:00:00,90353,45175,31,31,abracadabra-spell,protocol_fees
11289,SPELL,2025-08-31 00:00:00,253808,126902,31,31,abracadabra-spell,protocol_fees
11289,SPELL,2025-09-30 00:00:00,136489,68243,30,30,abracadabra-spell,protocol_fees
11289,SPELL,2025-10-31 00:00:00,110902,55110,31,31,abracadabra-spell,protocol_fees
11289,SPELL,2025-11-30 00:00:00,149301,74602,30,30,abracadabra-spell,protocol_fees
11289,SPELL,2025-12-31 00:00:00,123474,61702,31,31,abracadabra-spell,protocol_fees
11289,SPELL,2026-01-31 00:00:00,87859,43886,31,31,abracadabra-spell,protocol_fees
11289,SPELL,2026-02-28 00:00:00,68605,34050,28,28,abracadabra-spell,protocol_fees
11289,SPELL,2026-03-31 00:00:00,32435,16035,31,31,abracadabra-spell,protocol_fees
11289,SPELL,2026-04-30 00:00:00,98156,48855,30,30,abracadabra-spell,protocol_fees
11289,SPELL,2026-05-31 00:00:00,228095,114005,31,31,abracadabra-spell,protocol_fees
11841,ARB,2021-08-31 00:00:00,39292,-46738,22,22,arbitrum,chain_level_sequencer_fees
11841,ARB,2021-09-30 00:00:00,4559461,2276791,30,30,arbitrum,chain_level_sequencer_fees
11841,ARB,2021-10-31 00:00:00,4207527,1733147,31,31,arbitrum,chain_level_sequencer_fees
11841,ARB,2021-11-30 00:00:00,4737825,2147227,29,29,arbitrum,chain_level_sequencer_fees
11841,ARB,2021-12-31 00:00:00,3318688,1349499,31,31,arbitrum,chain_level_sequencer_fees
11841,ARB,2022-01-31 00:00:00,4359316,1406947,31,31,arbitrum,chain_level_sequencer_fees
11841,ARB,2022-02-28 00:00:00,3036988,480452,27,27,arbitrum,chain_level_sequencer_fees
11841,ARB,2022-03-31 00:00:00,1918284,333158,31,31,arbitrum,chain_level_sequencer_fees
11841,ARB,2022-04-30 00:00:00,2387828,459626,29,28,arbitrum,chain_level_sequencer_fees
11841,ARB,2022-05-31 00:00:00,2838574,709288,31,28,arbitrum,chain_level_sequencer_fees
11841,ARB,2022-06-30 00:00:00,2904244,947778,30,29,arbitrum,chain_level_sequencer_fees
11841,ARB,2022-07-31 00:00:00,714773,124338,31,27,arbitrum,chain_level_sequencer_fees
11841,ARB,2022-08-31 00:00:00,752723,137569,31,26,arbitrum,chain_level_sequencer_fees
11841,ARB,2022-09-30 00:00:00,465856,165720,30,30,arbitrum,chain_level_sequencer_fees
11841,ARB,2022-10-31 00:00:00,713367,209080,31,31,arbitrum,chain_level_sequencer_fees
11841,ARB,2022-11-30 00:00:00,992031,261936,30,28,arbitrum,chain_level_sequencer_fees
11841,ARB,2022-12-31 00:00:00,756250,276504,31,31,arbitrum,chain_level_sequencer_fees
11841,ARB,2023-01-31 00:00:00,1137720,391654,31,31,arbitrum,chain_level_sequencer_fees
11841,ARB,2023-02-28 00:00:00,2907959,785075,28,28,arbitrum,chain_level_sequencer_fees
11841,ARB,2023-03-31 00:00:00,6118241,2604006,31,31,arbitrum,chain_level_sequencer_fees
11841,ARB,2023-04-30 00:00:00,8797600,2278264,30,30,arbitrum,chain_level_sequencer_fees
11841,ARB,2023-05-31 00:00:00,9727573,703009,31,31,arbitrum,chain_level_sequencer_fees
11841,ARB,2023-06-30 00:00:00,4262740,1224527,30,30,arbitrum,chain_level_sequencer_fees
11841,ARB,2023-07-31 00:00:00,7682108,4480539,31,31,arbitrum,chain_level_sequencer_fees
11841,ARB,2023-08-31 00:00:00,3384619,1043252,31,31,arbitrum,chain_level_sequencer_fees
11841,ARB,2023-09-30 00:00:00,1925877,771026,30,30,arbitrum,chain_level_sequencer_fees
11841,ARB,2023-10-31 00:00:00,2372068,1095212,31,31,arbitrum,chain_level_sequencer_fees
11841,ARB,2023-11-30 00:00:00,5899324,1478659,30,30,arbitrum,chain_level_sequencer_fees
11841,ARB,2023-12-31 00:00:00,11360610,2152256,31,31,arbitrum,chain_level_sequencer_fees
11841,ARB,2024-01-31 00:00:00,7333377,2453834,31,31,arbitrum,chain_level_sequencer_fees
11841,ARB,2024-02-29 00:00:00,9457790,2379045,29,29,arbitrum,chain_level_sequencer_fees
11841,ARB,2024-03-31 00:00:00,10971596,3489604,30,30,arbitrum,chain_level_sequencer_fees
11841,ARB,2024-04-30 00:00:00,2109331,2012967,28,28,arbitrum,chain_level_sequencer_fees
11841,ARB,2024-05-31 00:00:00,725264,650243,29,29,arbitrum,chain_level_sequencer_fees
11841,ARB,2024-06-30 00:00:00,4286989,4007800,28,28,arbitrum,chain_level_sequencer_fees
11841,ARB,2024-07-31 00:00:00,679032,591059,27,27,arbitrum,chain_level_sequencer_fees
11841,ARB,2024-08-31 00:00:00,1990515,1925508,25,25,arbitrum,chain_level_sequencer_fees
11841,ARB,2024-09-30 00:00:00,524844,438433,27,27,arbitrum,chain_level_sequencer_fees
11841,ARB,2024-10-31 00:00:00,631466,494818,28,28,arbitrum,chain_level_sequencer_fees
11841,ARB,2024-11-30 00:00:00,1002403,827505,22,22,arbitrum,chain_level_sequencer_fees
11841,ARB,2024-12-31 00:00:00,3225267,2908454,30,30,arbitrum,chain_level_sequencer_fees
11841,ARB,2025-01-31 00:00:00,2014134,1775238,31,31,arbitrum,chain_level_sequencer_fees
11841,ARB,2025-02-28 00:00:00,2025321,1966542,28,28,arbitrum,chain_level_sequencer_fees
11841,ARB,2025-03-31 00:00:00,953706,931633,31,31,arbitrum,chain_level_sequencer_fees
11841,ARB,2025-04-30 00:00:00,1210039,1162414,30,30,arbitrum,chain_level_sequencer_fees
11841,ARB,2025-05-31 00:00:00,1031375,992959,31,31,arbitrum,chain_level_sequencer_fees
11841,ARB,2025-06-30 00:00:00,753778,727277,30,30,arbitrum,chain_level_sequencer_fees
11841,ARB,2025-07-31 00:00:00,994702,957945,31,31,arbitrum,chain_level_sequencer_fees
11841,ARB,2025-08-31 00:00:00,1589100,1557129,31,31,arbitrum,chain_level_sequencer_fees
11841,ARB,2025-09-30 00:00:00,1642082,1610161,30,30,arbitrum,chain_level_sequencer_fees
11841,ARB,2025-10-31 00:00:00,3261635,3217195,31,31,arbitrum,chain_level_sequencer_fees
11841,ARB,2025-11-30 00:00:00,1564112,1542698,30,30,arbitrum,chain_level_sequencer_fees
11841,ARB,2025-12-31 00:00:00,1159049,1143928,31,31,arbitrum,chain_level_sequencer_fees
11841,ARB,2026-01-31 00:00:00,727661,715118,31,31,arbitrum,chain_level_sequencer_fees
11841,ARB,2026-02-28 00:00:00,634315,626365,28,28,arbitrum,chain_level_sequencer_fees
11841,ARB,2026-03-31 00:00:00,445088,443605,31,31,arbitrum,chain_level_sequencer_fees
11841,ARB,2026-04-30 00:00:00,361904,357941,30,30,arbitrum,chain_level_sequencer_fees
11841,ARB,2026-05-31 00:00:00,428125,425618,31,31,arbitrum,chain_level_sequencer_fees
11841,ARB,2026-06-30 00:00:00,428575,425761,30,30,arbitrum,chain_level_sequencer_fees
11841,ARB,2026-07-31 00:00:00,403039,401720,31,31,arbitrum,chain_level_sequencer_fees
11857,GMX,2021-09-30 00:00:00,1020263,306079,28,28,gmx,protocol_fees
11857,GMX,2021-10-31 00:00:00,2299548,689864,31,31,gmx,protocol_fees
11857,GMX,2021-11-30 00:00:00,4076837,1223049,30,30,gmx,protocol_fees
11857,GMX,2021-12-31 00:00:00,3540062,1062019,31,31,gmx,protocol_fees
11857,GMX,2022-01-31 00:00:00,10715822,3214746,31,31,gmx,protocol_fees
11857,GMX,2022-02-28 00:00:00,7963153,2388949,28,28,gmx,protocol_fees
11857,GMX,2022-03-31 00:00:00,9045976,2713793,31,31,gmx,protocol_fees
11857,GMX,2022-04-30 00:00:00,8135585,2440677,30,30,gmx,protocol_fees
11857,GMX,2022-05-31 00:00:00,9193484,2758042,31,31,gmx,protocol_fees
11857,GMX,2022-06-30 00:00:00,6490908,1947269,30,30,gmx,protocol_fees
11857,GMX,2022-07-31 00:00:00,6854577,2056371,31,31,gmx,protocol_fees
11857,GMX,2022-08-31 00:00:00,9571349,2871403,31,31,gmx,protocol_fees
11857,GMX,2022-09-30 00:00:00,13782997,4134896,30,30,gmx,protocol_fees
11857,GMX,2022-10-31 00:00:00,8442788,2532843,31,31,gmx,protocol_fees
11857,GMX,2022-11-30 00:00:00,17511990,5253595,30,30,gmx,protocol_fees
11857,GMX,2022-12-31 00:00:00,8543171,2562953,31,31,gmx,protocol_fees
11857,GMX,2023-01-31 00:00:00,13630336,4089101,31,31,gmx,protocol_fees
11857,GMX,2023-02-28 00:00:00,19014238,5704271,28,28,gmx,protocol_fees
11857,GMX,2023-03-31 00:00:00,18983942,5695181,31,31,gmx,protocol_fees
11857,GMX,2023-04-30 00:00:00,17538964,5261691,30,30,gmx,protocol_fees
11857,GMX,2023-05-31 00:00:00,7706453,2311936,31,31,gmx,protocol_fees
11857,GMX,2023-06-30 00:00:00,13668910,4100675,30,30,gmx,protocol_fees
11857,GMX,2023-07-31 00:00:00,5729888,1718954,31,31,gmx,protocol_fees
11857,GMX,2023-08-31 00:00:00,5268339,1606358,31,31,gmx,protocol_fees
11857,GMX,2023-09-30 00:00:00,2316331,722612,30,30,gmx,protocol_fees
11857,GMX,2023-10-31 00:00:00,5932289,1853964,31,31,gmx,protocol_fees
11857,GMX,2023-11-30 00:00:00,12180544,3820397,30,30,gmx,protocol_fees
11857,GMX,2023-12-31 00:00:00,10300914,3426009,31,31,gmx,protocol_fees
11857,GMX,2024-01-31 00:00:00,13093120,4353122,31,31,gmx,protocol_fees
11857,GMX,2024-02-29 00:00:00,10657979,3710724,29,29,gmx,protocol_fees
11857,GMX,2024-03-31 00:00:00,14095116,4764879,31,31,gmx,protocol_fees
11857,GMX,2024-04-30 00:00:00,10625968,3662113,30,30,gmx,protocol_fees
11857,GMX,2024-05-31 00:00:00,9810542,3401759,31,31,gmx,protocol_fees
11857,GMX,2024-06-30 00:00:00,6973164,2488803,30,30,gmx,protocol_fees
11857,GMX,2024-07-31 00:00:00,8100860,2866978,31,31,gmx,protocol_fees
11857,GMX,2024-08-31 00:00:00,6162107,2156569,31,31,gmx,protocol_fees
11857,GMX,2024-09-30 00:00:00,3726783,1330412,30,30,gmx,protocol_fees
11857,GMX,2024-10-31 00:00:00,5128122,1855104,31,31,gmx,protocol_fees
11857,GMX,2024-11-30 00:00:00,10624961,3806070,30,30,gmx,protocol_fees
11857,GMX,2024-12-31 00:00:00,11974429,4320311,31,31,gmx,protocol_fees
11857,GMX,2025-01-31 00:00:00,9913896,3556377,31,31,gmx,protocol_fees
11857,GMX,2025-02-28 00:00:00,8533482,3075377,28,28,gmx,protocol_fees
11857,GMX,2025-03-31 00:00:00,4058341,1467232,31,31,gmx,protocol_fees
11857,GMX,2025-04-30 00:00:00,19346911,6185761,30,30,gmx,protocol_fees
11857,GMX,2025-05-31 00:00:00,5121129,1867635,31,31,gmx,protocol_fees
11857,GMX,2025-06-30 00:00:00,5321725,1957760,30,30,gmx,protocol_fees
11857,GMX,2025-07-31 00:00:00,5916267,2126868,31,31,gmx,protocol_fees
11857,GMX,2025-08-31 00:00:00,5703817,2106700,31,31,gmx,protocol_fees
11857,GMX,2025-09-30 00:00:00,4694325,1736821,30,30,gmx,protocol_fees
11857,GMX,2025-10-31 00:00:00,2465811,912336,31,31,gmx,protocol_fees
11857,GMX,2025-11-30 00:00:00,2535727,938220,30,30,gmx,protocol_fees
11857,GMX,2025-12-31 00:00:00,2475689,916004,31,31,gmx,protocol_fees
11857,GMX,2026-01-31 00:00:00,2848348,1053890,31,31,gmx,protocol_fees
11857,GMX,2026-02-28 00:00:00,2373842,878321,28,28,gmx,protocol_fees
11857,GMX,2026-03-31 00:00:00,3488767,1290841,31,31,gmx,protocol_fees
11857,GMX,2026-04-30 00:00:00,2304954,852835,30,30,gmx,protocol_fees
11857,GMX,2026-05-31 00:00:00,1990993,736669,31,31,gmx,protocol_fees
11857,GMX,2026-06-30 00:00:00,2017228,746373,30,30,gmx,protocol_fees
11857,GMX,2026-07-31 00:00:00,1752697,648499,31,31,gmx,protocol_fees
11865,BONE,2021-07-31 00:00:00,4806684.0,,25,,shibaswap,protocol_fees
11865,BONE,2021-08-31 00:00:00,2765820.0,,31,,shibaswap,protocol_fees
11865,BONE,2021-09-30 00:00:00,1992268.0,,30,,shibaswap,protocol_fees
11865,BONE,2021-10-31 00:00:00,11880855.0,,31,,shibaswap,protocol_fees
11865,BONE,2021-11-30 00:00:00,5817703.0,,30,,shibaswap,protocol_fees
11865,BONE,2021-12-31 00:00:00,2673983.0,,31,,shibaswap,protocol_fees
11865,BONE,2022-01-31 00:00:00,1842220.0,,31,,shibaswap,protocol_fees
11865,BONE,2022-02-28 00:00:00,1447095.0,,28,,shibaswap,protocol_fees
11865,BONE,2022-03-31 00:00:00,1052674.0,,31,,shibaswap,protocol_fees
11865,BONE,2022-04-30 00:00:00,1548998.0,,30,,shibaswap,protocol_fees
11865,BONE,2022-05-31 00:00:00,768744.0,,31,,shibaswap,protocol_fees
11865,BONE,2022-06-30 00:00:00,575476.0,,30,,shibaswap,protocol_fees
11865,BONE,2022-07-31 00:00:00,533141.0,,31,,shibaswap,protocol_fees
11865,BONE,2022-08-31 00:00:00,1587714.0,,31,,shibaswap,protocol_fees
11865,BONE,2022-09-30 00:00:00,1220290.0,,30,,shibaswap,protocol_fees
11865,BONE,2022-10-31 00:00:00,1135526.0,,31,,shibaswap,protocol_fees
11865,BONE,2022-11-30 00:00:00,1141227.0,,29,,shibaswap,protocol_fees
11865,BONE,2022-12-31 00:00:00,573487.0,,31,,shibaswap,protocol_fees
11865,BONE,2023-01-31 00:00:00,866316.0,,31,,shibaswap,protocol_fees
11865,BONE,2023-02-28 00:00:00,944752.0,,27,,shibaswap,protocol_fees
11865,BONE,2023-03-31 00:00:00,2530150.0,,31,,shibaswap,protocol_fees
11865,BONE,2023-04-30 00:00:00,365963.0,,30,,shibaswap,protocol_fees
11865,BONE,2023-05-31 00:00:00,240872.0,,31,,shibaswap,protocol_fees
11865,BONE,2023-06-30 00:00:00,188173.0,,30,,shibaswap,protocol_fees
11865,BONE,2023-07-31 00:00:00,208057.0,,31,,shibaswap,protocol_fees
11865,BONE,2023-08-31 00:00:00,437280.0,,31,,shibaswap,protocol_fees
11865,BONE,2023-09-30 00:00:00,131092.0,,30,,shibaswap,protocol_fees
11865,BONE,2023-10-31 00:00:00,116188.0,,31,,shibaswap,protocol_fees
11865,BONE,2023-11-30 00:00:00,150662.0,,30,,shibaswap,protocol_fees
11865,BONE,2023-12-31 00:00:00,150205.0,,31,,shibaswap,protocol_fees
11865,BONE,2024-01-31 00:00:00,92268.0,,31,,shibaswap,protocol_fees
11865,BONE,2024-02-29 00:00:00,103546.0,,29,,shibaswap,protocol_fees
11865,BONE,2024-03-31 00:00:00,647435.0,,29,,shibaswap,protocol_fees
11865,BONE,2024-04-30 00:00:00,128217.0,,30,,shibaswap,protocol_fees
11865,BONE,2024-05-31 00:00:00,117883.0,,28,,shibaswap,protocol_fees
11865,BONE,2024-09-30 00:00:00,63396.0,,7,,shibaswap,protocol_fees
11865,BONE,2024-10-31 00:00:00,58615.0,0.0,31,3.0,shibaswap,protocol_fees
11865,BONE,2024-11-30 00:00:00,207589.0,0.0,30,2.0,shibaswap,protocol_fees
11865,BONE,2024-12-31 00:00:00,151737.0,0.0,31,4.0,shibaswap,protocol_fees
11865,BONE,2025-01-31 00:00:00,120332.0,0.0,31,16.0,shibaswap,protocol_fees
11865,BONE,2025-02-28 00:00:00,72660.0,0.0,28,10.0,shibaswap,protocol_fees
11865,BONE,2025-03-31 00:00:00,69620.0,0.0,31,17.0,shibaswap,protocol_fees
11865,BONE,2025-04-30 00:00:00,36367.0,0.0,30,16.0,shibaswap,protocol_fees
11865,BONE,2025-05-31 00:00:00,46518.0,0.0,31,14.0,shibaswap,protocol_fees
11865,BONE,2025-06-30 00:00:00,24552.0,0.0,30,10.0,shibaswap,protocol_fees
11865,BONE,2025-07-31 00:00:00,38213.0,0.0,31,13.0,shibaswap,protocol_fees
11865,BONE,2025-08-31 00:00:00,59061.0,0.0,31,31.0,shibaswap,protocol_fees
11865,BONE,2025-09-30 00:00:00,364433.0,0.0,30,30.0,shibaswap,protocol_fees
11865,BONE,2025-10-31 00:00:00,404087.0,0.0,31,31.0,shibaswap,protocol_fees
11865,BONE,2025-11-30 00:00:00,252689.0,0.0,30,30.0,shibaswap,protocol_fees
11865,BONE,2025-12-31 00:00:00,62783.0,0.0,31,31.0,shibaswap,protocol_fees
11865,BONE,2026-01-31 00:00:00,22038.0,0.0,31,31.0,shibaswap,protocol_fees
11865,BONE,2026-02-28 00:00:00,12459.0,0.0,28,27.0,shibaswap,protocol_fees
11865,BONE,2026-03-31 00:00:00,12182.0,0.0,31,31.0,shibaswap,protocol_fees
11865,BONE,2026-04-30 00:00:00,46456.0,0.0,30,30.0,shibaswap,protocol_fees
11865,BONE,2026-05-31 00:00:00,6386.0,0.0,31,31.0,shibaswap,protocol_fees
11865,BONE,2026-06-30 00:00:00,6774.0,0.0,30,30.0,shibaswap,protocol_fees
11865,BONE,2026-07-31 00:00:00,42086.35,0.0,31,31.0,shibaswap,protocol_fees
12147,SYN,2021-08-31 00:00:00,4721.0,4721.0,11,11,synapse,protocol_fees
12147,SYN,2021-09-30 00:00:00,398906.0,398906.0,30,30,synapse,protocol_fees
12147,SYN,2021-10-31 00:00:00,1219552.0,1219552.0,31,31,synapse,protocol_fees
12147,SYN,2021-11-30 00:00:00,2787226.0,2787226.0,30,30,synapse,protocol_fees
12147,SYN,2021-12-31 00:00:00,2156911.0,2156911.0,31,31,synapse,protocol_fees
12147,SYN,2022-01-31 00:00:00,3992089.0,3992089.0,31,31,synapse,protocol_fees
12147,SYN,2022-02-28 00:00:00,2097231.0,2097231.0,28,28,synapse,protocol_fees
12147,SYN,2022-03-31 00:00:00,1968739.0,1968739.0,31,31,synapse,protocol_fees
12147,SYN,2022-04-30 00:00:00,1890953.0,1890953.0,30,30,synapse,protocol_fees
12147,SYN,2022-05-31 00:00:00,1335296.0,1335296.0,31,31,synapse,protocol_fees
12147,SYN,2022-06-30 00:00:00,820775.0,820775.0,30,30,synapse,protocol_fees
12147,SYN,2022-07-31 00:00:00,375256.0,375256.0,31,31,synapse,protocol_fees
12147,SYN,2022-08-31 00:00:00,511789.0,511789.0,31,31,synapse,protocol_fees
12147,SYN,2022-09-30 00:00:00,446393.0,446393.0,30,30,synapse,protocol_fees
12147,SYN,2022-10-31 00:00:00,305271.0,305271.0,31,31,synapse,protocol_fees
12147,SYN,2022-11-30 00:00:00,502848.0,502848.0,30,30,synapse,protocol_fees
12147,SYN,2022-12-31 00:00:00,311044.0,311044.0,31,31,synapse,protocol_fees
12147,SYN,2023-01-31 00:00:00,380028.0,380028.0,31,31,synapse,protocol_fees
12147,SYN,2023-02-28 00:00:00,743771.0,743771.0,28,28,synapse,protocol_fees
12147,SYN,2023-03-31 00:00:00,806777.0,806777.0,31,31,synapse,protocol_fees
12147,SYN,2023-04-30 00:00:00,539736.0,539736.0,30,30,synapse,protocol_fees
12147,SYN,2023-05-31 00:00:00,424519.0,424519.0,31,31,synapse,protocol_fees
12147,SYN,2023-06-30 00:00:00,317158.0,317158.0,30,30,synapse,protocol_fees
12147,SYN,2023-07-31 00:00:00,391954.0,391954.0,31,31,synapse,protocol_fees
12147,SYN,2023-08-31 00:00:00,474709.0,474709.0,31,31,synapse,protocol_fees
12147,SYN,2023-09-30 00:00:00,193449.0,193449.0,30,30,synapse,protocol_fees
12147,SYN,2023-10-31 00:00:00,191910.0,191910.0,31,31,synapse,protocol_fees
12147,SYN,2023-11-30 00:00:00,257717.0,257717.0,30,30,synapse,protocol_fees
12147,SYN,2023-12-31 00:00:00,408287.0,408287.0,31,31,synapse,protocol_fees
12147,SYN,2024-01-31 00:00:00,253090.0,253090.0,31,31,synapse,protocol_fees
12147,SYN,2024-02-29 00:00:00,758346.0,758346.0,27,27,synapse,protocol_fees
12147,SYN,2024-03-31 00:00:00,2359177.0,2359177.0,31,31,synapse,protocol_fees
12147,SYN,2024-04-30 00:00:00,362693.0,362693.0,30,30,synapse,protocol_fees
12147,SYN,2024-05-31 00:00:00,326769.0,326769.0,31,31,synapse,protocol_fees
12147,SYN,2024-06-30 00:00:00,275216.0,275216.0,30,30,synapse,protocol_fees
12147,SYN,2024-07-31 00:00:00,196297.0,196297.0,31,31,synapse,protocol_fees
12147,SYN,2024-08-31 00:00:00,116062.0,116062.0,31,31,synapse,protocol_fees
12147,SYN,2024-09-30 00:00:00,77759.0,77759.0,30,30,synapse,protocol_fees
12147,SYN,2024-10-31 00:00:00,106040.0,106040.0,25,25,synapse,protocol_fees
12147,SYN,2024-11-30 00:00:00,187258.0,187258.0,30,30,synapse,protocol_fees
12147,SYN,2024-12-31 00:00:00,148667.0,148667.0,31,31,synapse,protocol_fees
12147,SYN,2025-01-31 00:00:00,59446.0,59446.0,24,24,synapse,protocol_fees
12147,SYN,2025-02-28 00:00:00,52359.0,52359.0,28,28,synapse,protocol_fees
12147,SYN,2025-03-31 00:00:00,31434.0,31434.0,31,31,synapse,protocol_fees
12147,SYN,2025-04-30 00:00:00,28822.0,28811.0,30,30,synapse,protocol_fees
12147,SYN,2025-05-31 00:00:00,29742.0,29731.0,31,31,synapse,protocol_fees
12147,SYN,2025-06-30 00:00:00,23781.0,23769.0,30,30,synapse,protocol_fees
12147,SYN,2025-07-31 00:00:00,22573.0,22562.0,27,27,synapse,protocol_fees
12147,SYN,2025-08-31 00:00:00,17414.0,17414.0,26,26,synapse,protocol_fees
12147,SYN,2025-09-30 00:00:00,30440.0,30421.0,30,30,synapse,protocol_fees
12147,SYN,2025-10-31 00:00:00,26072.0,26060.0,31,31,synapse,protocol_fees
12147,SYN,2025-11-30 00:00:00,15253.0,15247.0,30,30,synapse,protocol_fees
12147,SYN,2025-12-31 00:00:00,5293.0,5282.0,31,31,synapse,protocol_fees
12147,SYN,2026-01-31 00:00:00,5613.0,5603.0,31,31,synapse,protocol_fees
12147,SYN,2026-02-28 00:00:00,4481.0,4474.0,28,28,synapse,protocol_fees
12147,SYN,2026-03-31 00:00:00,1955.0,1941.0,31,31,synapse,protocol_fees
12147,SYN,2026-04-30 00:00:00,1205.0,1202.0,30,30,synapse,protocol_fees
12147,SYN,2026-05-31 00:00:00,657.0,657.0,31,31,synapse,protocol_fees
12147,SYN,2026-06-30 00:00:00,1363.0,1333.0,30,30,synapse,protocol_fees
12147,SYN,2026-07-31 00:00:00,816.98,810.78,31,31,synapse,protocol_fees
12220,OSMO,2022-04-30 00:00:00,2081303,19303,15,15,osmosis-dex,protocol_fees
12220,OSMO,2022-05-31 00:00:00,5649363,29475,31,31,osmosis-dex,protocol_fees
12220,OSMO,2022-06-30 00:00:00,961776,6740,27,27,osmosis-dex,protocol_fees
12220,OSMO,2022-07-31 00:00:00,854236,6845,31,31,osmosis-dex,protocol_fees
12220,OSMO,2022-08-31 00:00:00,953727,12503,31,31,osmosis-dex,protocol_fees
12220,OSMO,2022-09-30 00:00:00,1244531,13087,30,30,osmosis-dex,protocol_fees
12220,OSMO,2022-10-31 00:00:00,1074914,14572,31,31,osmosis-dex,protocol_fees
12220,OSMO,2022-11-30 00:00:00,1071838,13281,30,30,osmosis-dex,protocol_fees
12220,OSMO,2022-12-31 00:00:00,567270,8251,31,31,osmosis-dex,protocol_fees
12220,OSMO,2023-01-31 00:00:00,849662,8476,31,31,osmosis-dex,protocol_fees
12220,OSMO,2023-02-28 00:00:00,889906,11953,28,28,osmosis-dex,protocol_fees
12220,OSMO,2023-03-31 00:00:00,871760,36154,31,31,osmosis-dex,protocol_fees
12220,OSMO,2023-04-30 00:00:00,606095,33155,30,30,osmosis-dex,protocol_fees
12220,OSMO,2023-05-31 00:00:00,538258,44712,31,31,osmosis-dex,protocol_fees
12220,OSMO,2023-06-30 00:00:00,509253,48937,30,30,osmosis-dex,protocol_fees
12220,OSMO,2023-07-31 00:00:00,424411,30897,31,31,osmosis-dex,protocol_fees
12220,OSMO,2023-08-31 00:00:00,521795,29741,31,31,osmosis-dex,protocol_fees
12220,OSMO,2023-09-30 00:00:00,490786,41940,30,30,osmosis-dex,protocol_fees
12220,OSMO,2023-10-31 00:00:00,747624,204017,31,31,osmosis-dex,protocol_fees
12220,OSMO,2023-11-30 00:00:00,2035755,831337,30,30,osmosis-dex,protocol_fees
12220,OSMO,2023-12-31 00:00:00,4344660,1800661,31,31,osmosis-dex,protocol_fees
12220,OSMO,2024-01-31 00:00:00,4549687,2184203,31,31,osmosis-dex,protocol_fees
12220,OSMO,2024-02-29 00:00:00,3763831,1787216,29,29,osmosis-dex,protocol_fees
12220,OSMO,2024-03-31 00:00:00,4417221,2041521,31,31,osmosis-dex,protocol_fees
12220,OSMO,2024-04-30 00:00:00,2859867,1354361,30,30,osmosis-dex,protocol_fees
12220,OSMO,2024-05-31 00:00:00,1715320,836465,31,31,osmosis-dex,protocol_fees
12220,OSMO,2024-06-30 00:00:00,1348361,702093,30,30,osmosis-dex,protocol_fees
12220,OSMO,2024-07-31 00:00:00,1288802,695615,31,31,osmosis-dex,protocol_fees
12220,OSMO,2024-08-31 00:00:00,1265326,672128,31,31,osmosis-dex,protocol_fees
12220,OSMO,2024-09-30 00:00:00,1042088,591730,30,30,osmosis-dex,protocol_fees
12220,OSMO,2024-10-31 00:00:00,1151923,671881,31,31,osmosis-dex,protocol_fees
12220,OSMO,2024-11-30 00:00:00,2132001,1131692,30,30,osmosis-dex,protocol_fees
12220,OSMO,2024-12-31 00:00:00,1965503,1040482,31,31,osmosis-dex,protocol_fees
12220,OSMO,2025-01-31 00:00:00,1338380,709572,31,31,osmosis-dex,protocol_fees
12220,OSMO,2025-02-28 00:00:00,1328307,631425,28,28,osmosis-dex,protocol_fees
12220,OSMO,2025-03-31 00:00:00,932008,388099,31,31,osmosis-dex,protocol_fees
12220,OSMO,2025-04-30 00:00:00,843682,353205,30,30,osmosis-dex,protocol_fees
12220,OSMO,2025-05-31 00:00:00,784235,323546,31,31,osmosis-dex,protocol_fees
12220,OSMO,2025-06-30 00:00:00,460709,204518,30,30,osmosis-dex,protocol_fees
12220,OSMO,2025-07-31 00:00:00,498332,227186,31,31,osmosis-dex,protocol_fees
12220,OSMO,2025-08-31 00:00:00,497590,219693,31,31,osmosis-dex,protocol_fees
12220,OSMO,2025-09-30 00:00:00,436270,178629,30,30,osmosis-dex,protocol_fees
12220,OSMO,2025-10-31 00:00:00,2035128,519101,31,31,osmosis-dex,protocol_fees
12220,OSMO,2025-11-30 00:00:00,916096,304460,30,30,osmosis-dex,protocol_fees
12220,OSMO,2025-12-31 00:00:00,217265,77907,30,30,osmosis-dex,protocol_fees
12220,OSMO,2026-01-31 00:00:00,213804,73245,31,31,osmosis-dex,protocol_fees
12220,OSMO,2026-02-28 00:00:00,152565,53906,28,28,osmosis-dex,protocol_fees
12220,OSMO,2026-03-31 00:00:00,113877,39183,31,31,osmosis-dex,protocol_fees
12220,OSMO,2026-04-30 00:00:00,98776,33148,29,29,osmosis-dex,protocol_fees
12220,OSMO,2026-05-31 00:00:00,259130,99051,31,31,osmosis-dex,protocol_fees
12220,OSMO,2026-06-30 00:00:00,149423,64556,27,27,osmosis-dex,protocol_fees
12220,OSMO,2026-07-31 00:00:00,75916,29186,31,31,osmosis-dex,protocol_fees
12387,RBN,2024-06-30 00:00:00,16482,,23,,ribbon,protocol_fees;revenue_http_400
12387,RBN,2024-07-31 00:00:00,13541,,31,,ribbon,protocol_fees;revenue_http_400
12387,RBN,2024-08-31 00:00:00,15787,,31,,ribbon,protocol_fees;revenue_http_400
12387,RBN,2024-09-30 00:00:00,11378,,30,,ribbon,protocol_fees;revenue_http_400
12387,RBN,2024-10-31 00:00:00,10438,,31,,ribbon,protocol_fees;revenue_http_400
12387,RBN,2024-11-30 00:00:00,11247,,27,,ribbon,protocol_fees;revenue_http_400
12387,RBN,2024-12-31 00:00:00,15400,,31,,ribbon,protocol_fees;revenue_http_400
12387,RBN,2025-01-31 00:00:00,14725,,31,,ribbon,protocol_fees;revenue_http_400
12387,RBN,2025-02-28 00:00:00,10573,,28,,ribbon,protocol_fees;revenue_http_400
12387,RBN,2025-03-31 00:00:00,8965,,31,,ribbon,protocol_fees;revenue_http_400
12573,CPOOL,2025-11-30 00:00:00,-4018,0,17,17,clearpool-lending,protocol_fees
12573,CPOOL,2025-12-31 00:00:00,15719,0,31,31,clearpool-lending,protocol_fees
12573,CPOOL,2026-01-31 00:00:00,19597,0,31,31,clearpool-lending,protocol_fees
12573,CPOOL,2026-02-28 00:00:00,-12987,0,28,28,clearpool-lending,protocol_fees
12573,CPOOL,2026-03-31 00:00:00,1392,0,31,31,clearpool-lending,protocol_fees
12573,CPOOL,2026-04-30 00:00:00,2604,0,30,30,clearpool-lending,protocol_fees
12573,CPOOL,2026-05-31 00:00:00,7868,0,31,31,clearpool-lending,protocol_fees
12573,CPOOL,2026-06-30 00:00:00,7100,0,30,30,clearpool-lending,protocol_fees
12573,CPOOL,2026-07-31 00:00:00,5366,0,31,31,clearpool-lending,protocol_fees
13663,GNS,2022-08-31 00:00:00,689417,328993,31,31,gains-network,protocol_fees
13663,GNS,2022-09-30 00:00:00,800791,516693,30,30,gains-network,protocol_fees
13663,GNS,2022-10-31 00:00:00,859414,572276,31,31,gains-network,protocol_fees
13663,GNS,2022-11-30 00:00:00,1283729,777748,30,30,gains-network,protocol_fees
13663,GNS,2022-12-31 00:00:00,622781,378973,31,31,gains-network,protocol_fees
13663,GNS,2023-01-31 00:00:00,2198581,1544794,31,31,gains-network,protocol_fees
13663,GNS,2023-02-28 00:00:00,2687011,1844829,28,28,gains-network,protocol_fees
13663,GNS,2023-03-31 00:00:00,3018705,2040893,31,31,gains-network,protocol_fees
13663,GNS,2023-04-30 00:00:00,2295855,1483102,30,30,gains-network,protocol_fees
13663,GNS,2023-05-31 00:00:00,1676517,1125883,31,31,gains-network,protocol_fees
13663,GNS,2023-06-30 00:00:00,2007658,1326165,30,30,gains-network,protocol_fees
13663,GNS,2023-07-31 00:00:00,1537450,1045889,31,31,gains-network,protocol_fees
13663,GNS,2023-08-31 00:00:00,1074440,717157,31,31,gains-network,protocol_fees
13663,GNS,2023-09-30 00:00:00,639201,431853,30,30,gains-network,protocol_fees
13663,GNS,2023-10-31 00:00:00,1222901,954597,31,31,gains-network,protocol_fees
13663,GNS,2023-11-30 00:00:00,1150521,889164,30,30,gains-network,protocol_fees
13663,GNS,2023-12-31 00:00:00,1312327,1007817,31,31,gains-network,protocol_fees
13663,GNS,2024-01-31 00:00:00,2854707,2232864,31,31,gains-network,protocol_fees
13663,GNS,2024-02-29 00:00:00,2948980,2328825,29,29,gains-network,protocol_fees
13663,GNS,2024-03-31 00:00:00,3604435,2805729,31,31,gains-network,protocol_fees
13663,GNS,2024-04-30 00:00:00,1545005,1186866,30,30,gains-network,protocol_fees
13663,GNS,2024-05-31 00:00:00,983965,775588,31,31,gains-network,protocol_fees
13663,GNS,2024-06-30 00:00:00,1279351,1016459,30,30,gains-network,protocol_fees
13663,GNS,2024-07-31 00:00:00,2231238,1792000,31,31,gains-network,protocol_fees
13663,GNS,2024-08-31 00:00:00,1458569,1152528,31,31,gains-network,protocol_fees
13663,GNS,2024-09-30 00:00:00,654142,506016,30,30,gains-network,protocol_fees
13663,GNS,2024-10-31 00:00:00,695978,568556,31,31,gains-network,protocol_fees
13663,GNS,2024-11-30 00:00:00,1251382,1034534,30,30,gains-network,protocol_fees
13663,GNS,2024-12-31 00:00:00,1170465,946186,31,31,gains-network,protocol_fees
13663,GNS,2025-01-31 00:00:00,1122049,919425,31,31,gains-network,protocol_fees
13663,GNS,2025-02-28 00:00:00,1097884,895261,28,28,gains-network,protocol_fees
13663,GNS,2025-03-31 00:00:00,740860,608431,31,31,gains-network,protocol_fees
13663,GNS,2025-04-30 00:00:00,827932,686907,30,30,gains-network,protocol_fees
13663,GNS,2025-05-31 00:00:00,951408,785970,31,31,gains-network,protocol_fees
13663,GNS,2025-06-30 00:00:00,800169,641280,30,30,gains-network,protocol_fees
13663,GNS,2025-07-31 00:00:00,1089487,885751,31,31,gains-network,protocol_fees
13663,GNS,2025-08-31 00:00:00,1157060,943966,31,31,gains-network,protocol_fees
13663,GNS,2025-09-30 00:00:00,794335,637311,30,30,gains-network,protocol_fees
13663,GNS,2025-10-31 00:00:00,1198971,948780,31,31,gains-network,protocol_fees
13663,GNS,2025-11-30 00:00:00,1062270,804634,30,30,gains-network,protocol_fees
13663,GNS,2025-12-31 00:00:00,946497,748927,31,31,gains-network,protocol_fees
13663,GNS,2026-01-31 00:00:00,710054,583776,31,31,gains-network,protocol_fees
13663,GNS,2026-02-28 00:00:00,740851,495324,28,28,gains-network,protocol_fees
13663,GNS,2026-03-31 00:00:00,619154,428092,31,31,gains-network,protocol_fees
13663,GNS,2026-04-30 00:00:00,428774,295400,30,30,gains-network,protocol_fees
13663,GNS,2026-05-31 00:00:00,358088,239289,31,31,gains-network,protocol_fees
13663,GNS,2026-06-30 00:00:00,526741,384783,30,30,gains-network,protocol_fees
13663,GNS,2026-07-31 00:00:00,454638,343024,31,31,gains-network,protocol_fees
14519,VVS,2022-10-31 00:00:00,267319,89106,22,22,vvs-finance,protocol_fees
14519,VVS,2022-11-30 00:00:00,582760,194255,30,30,vvs-finance,protocol_fees
14519,VVS,2022-12-31 00:00:00,144293,48095,31,31,vvs-finance,protocol_fees
14519,VVS,2023-01-31 00:00:00,260695,86895,31,31,vvs-finance,protocol_fees
14519,VVS,2023-02-28 00:00:00,194096,64698,28,28,vvs-finance,protocol_fees
14519,VVS,2023-03-31 00:00:00,248779,82926,31,31,vvs-finance,protocol_fees
14519,VVS,2023-04-30 00:00:00,147186,49064,30,30,vvs-finance,protocol_fees
14519,VVS,2023-05-31 00:00:00,111338,37115,31,31,vvs-finance,protocol_fees
14519,VVS,2023-06-30 00:00:00,131693,43900,30,30,vvs-finance,protocol_fees
14519,VVS,2023-07-31 00:00:00,91387,30461,31,31,vvs-finance,protocol_fees
14519,VVS,2023-08-31 00:00:00,90653,30217,31,31,vvs-finance,protocol_fees
14519,VVS,2023-09-30 00:00:00,67215,22405,30,30,vvs-finance,protocol_fees
14519,VVS,2023-10-31 00:00:00,97155,32384,31,31,vvs-finance,protocol_fees
14519,VVS,2023-11-30 00:00:00,491816,163939,30,30,vvs-finance,protocol_fees
14519,VVS,2023-12-31 00:00:00,490052,163351,31,31,vvs-finance,protocol_fees
14519,VVS,2024-01-31 00:00:00,347887,115962,31,31,vvs-finance,protocol_fees
14519,VVS,2024-02-29 00:00:00,277130,92378,29,29,vvs-finance,protocol_fees
14519,VVS,2024-03-31 00:00:00,853061,284356,28,28,vvs-finance,protocol_fees
14519,VVS,2024-04-30 00:00:00,1236740,412245,30,30,vvs-finance,protocol_fees
14519,VVS,2024-05-31 00:00:00,1618504,539502,31,31,vvs-finance,protocol_fees
14519,VVS,2024-06-30 00:00:00,641116,213704,30,30,vvs-finance,protocol_fees
14519,VVS,2024-07-31 00:00:00,282752,94250,31,31,vvs-finance,protocol_fees
14519,VVS,2024-08-31 00:00:00,277688,92564,31,31,vvs-finance,protocol_fees
14519,VVS,2024-09-30 00:00:00,143821,47939,30,30,vvs-finance,protocol_fees
14519,VVS,2024-10-31 00:00:00,223144,74379,31,31,vvs-finance,protocol_fees
14519,VVS,2024-11-30 00:00:00,1435288,478429,30,30,vvs-finance,protocol_fees
14519,VVS,2024-12-31 00:00:00,1053631,351211,31,31,vvs-finance,protocol_fees
14519,VVS,2025-01-31 00:00:00,453853,151285,31,31,vvs-finance,protocol_fees
14519,VVS,2025-02-28 00:00:00,356370,118790,28,28,vvs-finance,protocol_fees
14519,VVS,2025-03-31 00:00:00,851053,283684,31,31,vvs-finance,protocol_fees
14519,VVS,2025-04-30 00:00:00,287144,95715,30,30,vvs-finance,protocol_fees
14519,VVS,2025-05-31 00:00:00,290598,96864,31,31,vvs-finance,protocol_fees
14519,VVS,2025-06-30 00:00:00,178887,59629,30,30,vvs-finance,protocol_fees
14519,VVS,2025-07-31 00:00:00,408902,132148,31,31,vvs-finance,protocol_fees
14519,VVS,2025-08-31 00:00:00,1192703,383709,31,31,vvs-finance,protocol_fees
14519,VVS,2025-09-30 00:00:00,643226,206307,30,30,vvs-finance,protocol_fees
14519,VVS,2025-10-31 00:00:00,629392,201008,31,31,vvs-finance,protocol_fees
14519,VVS,2025-11-30 00:00:00,335934,107670,30,30,vvs-finance,protocol_fees
14519,VVS,2025-12-31 00:00:00,142592,46078,31,31,vvs-finance,protocol_fees
14519,VVS,2026-01-31 00:00:00,173656,56717,31,31,vvs-finance,protocol_fees
14519,VVS,2026-02-28 00:00:00,178333,58120,28,28,vvs-finance,protocol_fees
14519,VVS,2026-03-31 00:00:00,112580,36185,31,31,vvs-finance,protocol_fees
14519,VVS,2026-04-30 00:00:00,74668,24253,30,30,vvs-finance,protocol_fees
14519,VVS,2026-05-31 00:00:00,75704,24722,31,31,vvs-finance,protocol_fees
14519,VVS,2026-06-30 00:00:00,63123,20675,30,30,vvs-finance,protocol_fees
14519,VVS,2026-07-31 00:00:00,61952,20193,31,31,vvs-finance,protocol_fees
17751,T,2024-09-30 00:00:00,7744.0,7744.0,8,8,threshold-network,protocol_fees
17751,T,2024-10-31 00:00:00,81133.0,81133.0,31,31,threshold-network,protocol_fees
17751,T,2024-11-30 00:00:00,275373.0,275373.0,30,30,threshold-network,protocol_fees
17751,T,2024-12-31 00:00:00,244647.0,244647.0,31,31,threshold-network,protocol_fees
17751,T,2025-01-31 00:00:00,247453.0,247254.0,31,31,threshold-network,protocol_fees
17751,T,2025-02-28 00:00:00,198524.0,198524.0,28,28,threshold-network,protocol_fees
17751,T,2025-03-31 00:00:00,120955.0,120955.0,31,31,threshold-network,protocol_fees
17751,T,2025-04-30 00:00:00,219472.0,219472.0,30,30,threshold-network,protocol_fees
17751,T,2025-05-31 00:00:00,280043.0,280043.0,31,31,threshold-network,protocol_fees
17751,T,2025-06-30 00:00:00,83911.0,83911.0,30,30,threshold-network,protocol_fees
17751,T,2025-07-31 00:00:00,60392.0,60392.0,31,31,threshold-network,protocol_fees
17751,T,2025-08-31 00:00:00,81293.0,81291.0,31,31,threshold-network,protocol_fees
17751,T,2025-09-30 00:00:00,92559.0,92559.0,30,30,threshold-network,protocol_fees
17751,T,2025-10-31 00:00:00,291181.0,291181.0,31,31,threshold-network,protocol_fees
17751,T,2025-11-30 00:00:00,94329.0,94085.0,30,30,threshold-network,protocol_fees
17751,T,2025-12-31 00:00:00,120530.0,120530.0,31,31,threshold-network,protocol_fees
17751,T,2026-01-31 00:00:00,74904.0,74904.0,31,31,threshold-network,protocol_fees
17751,T,2026-02-28 00:00:00,101833.0,101833.0,28,28,threshold-network,protocol_fees
17751,T,2026-03-31 00:00:00,58563.0,58563.0,31,31,threshold-network,protocol_fees
17751,T,2026-04-30 00:00:00,150647.0,150647.0,30,30,threshold-network,protocol_fees
17751,T,2026-05-31 00:00:00,50523.0,50523.0,31,31,threshold-network,protocol_fees
17751,T,2026-06-30 00:00:00,70630.0,70630.0,30,30,threshold-network,protocol_fees
17751,T,2026-07-31 00:00:00,51218.45,51218.45,31,31,threshold-network,protocol_fees
17799,AXL,2024-12-31 00:00:00,7906.0,0,6,6,axelar,protocol_fees
17799,AXL,2025-01-31 00:00:00,42535.0,0,31,31,axelar,protocol_fees
17799,AXL,2025-02-28 00:00:00,18312.0,0,28,28,axelar,protocol_fees
17799,AXL,2025-03-31 00:00:00,17444.0,0,31,31,axelar,protocol_fees
17799,AXL,2025-04-30 00:00:00,14805.0,0,30,30,axelar,protocol_fees
17799,AXL,2025-05-31 00:00:00,24085.0,0,31,31,axelar,protocol_fees
17799,AXL,2025-06-30 00:00:00,23800.0,0,30,30,axelar,protocol_fees
17799,AXL,2025-07-31 00:00:00,16076.0,0,31,31,axelar,protocol_fees
17799,AXL,2025-08-31 00:00:00,11235.0,0,31,31,axelar,protocol_fees
17799,AXL,2025-09-30 00:00:00,13293.0,0,30,30,axelar,protocol_fees
17799,AXL,2025-10-31 00:00:00,10262.0,0,31,31,axelar,protocol_fees
17799,AXL,2025-11-30 00:00:00,7940.0,0,30,30,axelar,protocol_fees
17799,AXL,2025-12-31 00:00:00,6733.0,0,31,31,axelar,protocol_fees
17799,AXL,2026-01-31 00:00:00,7483.0,0,31,31,axelar,protocol_fees
17799,AXL,2026-02-28 00:00:00,2423.0,0,28,28,axelar,protocol_fees
17799,AXL,2026-03-31 00:00:00,2880.0,0,31,31,axelar,protocol_fees
17799,AXL,2026-04-30 00:00:00,3611.0,0,30,30,axelar,protocol_fees
17799,AXL,2026-05-31 00:00:00,2634.0,0,31,31,axelar,protocol_fees
17799,AXL,2026-06-30 00:00:00,4437.0,0,30,30,axelar,protocol_fees
17799,AXL,2026-07-31 00:00:00,4170.5599999999995,0,31,31,axelar,protocol_fees
18037,MAV,2023-02-28 00:00:00,1811.0,,8,,maverick-v1,protocol_fees;revenue_http_400
18037,MAV,2023-03-31 00:00:00,31861.0,,27,,maverick-v1,protocol_fees;revenue_http_400
18037,MAV,2023-04-30 00:00:00,106629.0,,30,,maverick-v1,protocol_fees;revenue_http_400
18037,MAV,2023-05-31 00:00:00,178678.0,,31,,maverick-v1,protocol_fees;revenue_http_400
18037,MAV,2023-06-30 00:00:00,495827.0,,30,,maverick-v1,protocol_fees;revenue_http_400
18037,MAV,2023-07-31 00:00:00,475803.0,,31,,maverick-v1,protocol_fees;revenue_http_400
18037,MAV,2023-08-31 00:00:00,442090.0,,31,,maverick-v1,protocol_fees;revenue_http_400
18037,MAV,2023-09-30 00:00:00,353165.0,,30,,maverick-v1,protocol_fees;revenue_http_400
18037,MAV,2023-10-31 00:00:00,502888.0,,31,,maverick-v1,protocol_fees;revenue_http_400
18037,MAV,2023-11-30 00:00:00,514637.0,,30,,maverick-v1,protocol_fees;revenue_http_400
18037,MAV,2023-12-31 00:00:00,448436.0,,31,,maverick-v1,protocol_fees;revenue_http_400
18037,MAV,2024-01-31 00:00:00,342223.0,,31,,maverick-v1,protocol_fees;revenue_http_400
18037,MAV,2024-02-29 00:00:00,314072.0,,29,,maverick-v1,protocol_fees;revenue_http_400
18037,MAV,2024-03-31 00:00:00,432364.0,,31,,maverick-v1,protocol_fees;revenue_http_400
18037,MAV,2024-04-30 00:00:00,255790.0,,30,,maverick-v1,protocol_fees;revenue_http_400
18037,MAV,2024-05-31 00:00:00,146867.0,,31,,maverick-v1,protocol_fees;revenue_http_400
18037,MAV,2024-06-30 00:00:00,102470.0,,30,,maverick-v1,protocol_fees;revenue_http_400
18037,MAV,2024-07-31 00:00:00,39385.0,,31,,maverick-v1,protocol_fees;revenue_http_400
18037,MAV,2024-08-31 00:00:00,24480.0,,31,,maverick-v1,protocol_fees;revenue_http_400
18037,MAV,2024-09-30 00:00:00,16057.0,,28,,maverick-v1,protocol_fees;revenue_http_400
18037,MAV,2024-10-31 00:00:00,17899.0,,31,,maverick-v1,protocol_fees;revenue_http_400
18037,MAV,2024-11-30 00:00:00,30794.0,,28,,maverick-v1,protocol_fees;revenue_http_400
18037,MAV,2024-12-31 00:00:00,32962.0,,30,,maverick-v1,protocol_fees;revenue_http_400
18037,MAV,2025-01-31 00:00:00,33147.0,,31,,maverick-v1,protocol_fees;revenue_http_400
18037,MAV,2025-02-28 00:00:00,22823.0,,28,,maverick-v1,protocol_fees;revenue_http_400
18037,MAV,2025-03-31 00:00:00,14390.0,,31,,maverick-v1,protocol_fees;revenue_http_400
18037,MAV,2025-04-30 00:00:00,20962.0,,30,,maverick-v1,protocol_fees;revenue_http_400
18037,MAV,2025-05-31 00:00:00,9579.0,,31,,maverick-v1,protocol_fees;revenue_http_400
18037,MAV,2025-06-30 00:00:00,5829.0,,30,,maverick-v1,protocol_fees;revenue_http_400
18037,MAV,2025-07-31 00:00:00,6425.0,,31,,maverick-v1,protocol_fees;revenue_http_400
18037,MAV,2025-08-31 00:00:00,6070.0,,31,,maverick-v1,protocol_fees;revenue_http_400
18037,MAV,2025-09-30 00:00:00,5357.0,,30,,maverick-v1,protocol_fees;revenue_http_400
18037,MAV,2025-10-31 00:00:00,9523.0,,31,,maverick-v1,protocol_fees;revenue_http_400
18037,MAV,2025-11-30 00:00:00,8657.0,,30,,maverick-v1,protocol_fees;revenue_http_400
18037,MAV,2025-12-31 00:00:00,4214.0,,31,,maverick-v1,protocol_fees;revenue_http_400
18037,MAV,2026-01-31 00:00:00,6513.0,,31,,maverick-v1,protocol_fees;revenue_http_400
18037,MAV,2026-02-28 00:00:00,6201.0,,28,,maverick-v1,protocol_fees;revenue_http_400
18037,MAV,2026-03-31 00:00:00,3292.0,,31,,maverick-v1,protocol_fees;revenue_http_400
18037,MAV,2026-04-30 00:00:00,3909.0,,30,,maverick-v1,protocol_fees;revenue_http_400
18037,MAV,2026-05-31 00:00:00,6288.0,,31,,maverick-v1,protocol_fees;revenue_http_400
18037,MAV,2026-06-30 00:00:00,9168.0,,30,,maverick-v1,protocol_fees;revenue_http_400
18037,MAV,2026-07-31 00:00:00,7063.08,,31,,maverick-v1,protocol_fees;revenue_http_400
18876,APE,2024-09-30 00:00:00,27,,8,,apechain,chain_level_sequencer_fees;revenue_http_400
18876,APE,2024-10-31 00:00:00,19969,,31,,apechain,chain_level_sequencer_fees;revenue_http_400
18876,APE,2024-11-30 00:00:00,16896,,30,,apechain,chain_level_sequencer_fees;revenue_http_400
18876,APE,2024-12-31 00:00:00,15057,,31,,apechain,chain_level_sequencer_fees;revenue_http_400
18876,APE,2025-01-31 00:00:00,11402,,31,,apechain,chain_level_sequencer_fees;revenue_http_400
18876,APE,2025-02-28 00:00:00,6733,,28,,apechain,chain_level_sequencer_fees;revenue_http_400
18876,APE,2025-03-31 00:00:00,6362,,31,,apechain,chain_level_sequencer_fees;revenue_http_400
18876,APE,2025-04-30 00:00:00,4647,,30,,apechain,chain_level_sequencer_fees;revenue_http_400
18876,APE,2025-05-31 00:00:00,7079,,31,,apechain,chain_level_sequencer_fees;revenue_http_400
18876,APE,2025-06-30 00:00:00,9917,,30,,apechain,chain_level_sequencer_fees;revenue_http_400
18876,APE,2025-07-31 00:00:00,4725,,31,,apechain,chain_level_sequencer_fees;revenue_http_400
18876,APE,2025-08-31 00:00:00,13855,,31,,apechain,chain_level_sequencer_fees;revenue_http_400
18876,APE,2025-09-30 00:00:00,3996,,30,,apechain,chain_level_sequencer_fees;revenue_http_400
18876,APE,2025-10-31 00:00:00,3543,,31,,apechain,chain_level_sequencer_fees;revenue_http_400
18876,APE,2025-11-30 00:00:00,19482,,30,,apechain,chain_level_sequencer_fees;revenue_http_400
18876,APE,2025-12-31 00:00:00,8219,,31,,apechain,chain_level_sequencer_fees;revenue_http_400
18876,APE,2026-01-31 00:00:00,6634,,31,,apechain,chain_level_sequencer_fees;revenue_http_400
18876,APE,2026-02-28 00:00:00,3695,,28,,apechain,chain_level_sequencer_fees;revenue_http_400
18876,APE,2026-03-31 00:00:00,4143,,31,,apechain,chain_level_sequencer_fees;revenue_http_400
18876,APE,2026-04-30 00:00:00,14956,,30,,apechain,chain_level_sequencer_fees;revenue_http_400
18876,APE,2026-05-31 00:00:00,10301,,31,,apechain,chain_level_sequencer_fees;revenue_http_400
18876,APE,2026-06-30 00:00:00,12489,,30,,apechain,chain_level_sequencer_fees;revenue_http_400
18876,APE,2026-07-31 00:00:00,18688,,31,,apechain,chain_level_sequencer_fees;revenue_http_400
18934,STG,2022-09-30 00:00:00,236553.0,241787.0,30,30,stargate-finance,protocol_fees
18934,STG,2022-10-31 00:00:00,496474.0,551294.0,29,29,stargate-finance,protocol_fees
18934,STG,2022-11-30 00:00:00,688593.0,699748.0,30,30,stargate-finance,protocol_fees
18934,STG,2022-12-31 00:00:00,371550.0,264325.0,31,31,stargate-finance,protocol_fees
18934,STG,2023-01-31 00:00:00,181999.0,105611.0,31,31,stargate-finance,protocol_fees
18934,STG,2023-02-28 00:00:00,314554.0,207415.0,28,28,stargate-finance,protocol_fees
18934,STG,2023-03-31 00:00:00,1149703.0,750252.0,31,31,stargate-finance,protocol_fees
18934,STG,2023-04-30 00:00:00,2109911.0,2109911.0,30,30,stargate-finance,protocol_fees
18934,STG,2023-05-31 00:00:00,2198943.0,2198943.0,31,31,stargate-finance,protocol_fees
18934,STG,2023-06-30 00:00:00,2898292.0,2898292.0,30,30,stargate-finance,protocol_fees
18934,STG,2023-07-31 00:00:00,3870621.0,3870621.0,31,31,stargate-finance,protocol_fees
18934,STG,2023-08-31 00:00:00,3043087.0,3043087.0,31,31,stargate-finance,protocol_fees
18934,STG,2023-09-30 00:00:00,1548253.0,1548253.0,30,30,stargate-finance,protocol_fees
18934,STG,2023-10-31 00:00:00,958720.0,958720.0,31,31,stargate-finance,protocol_fees
18934,STG,2023-11-30 00:00:00,967528.0,967528.0,30,30,stargate-finance,protocol_fees
18934,STG,2023-12-31 00:00:00,1080302.0,1080302.0,31,31,stargate-finance,protocol_fees
18934,STG,2024-01-31 00:00:00,1171481.0,1171481.0,31,31,stargate-finance,protocol_fees
18934,STG,2024-02-29 00:00:00,1919865.0,1919865.0,29,29,stargate-finance,protocol_fees
18934,STG,2024-03-31 00:00:00,3583292.0,3583292.0,31,31,stargate-finance,protocol_fees
18934,STG,2024-04-30 00:00:00,2483043.0,2483043.0,30,30,stargate-finance,protocol_fees
18934,STG,2024-05-31 00:00:00,757306.0,754341.0,31,31,stargate-finance,protocol_fees
18934,STG,2024-06-30 00:00:00,295482.0,247353.0,30,30,stargate-finance,protocol_fees
18934,STG,2024-07-31 00:00:00,225521.0,174731.0,31,31,stargate-finance,protocol_fees
18934,STG,2024-08-31 00:00:00,212953.0,149611.0,31,31,stargate-finance,protocol_fees
18934,STG,2024-09-30 00:00:00,154907.0,66083.0,30,30,stargate-finance,protocol_fees
18934,STG,2024-10-31 00:00:00,151386.0,85309.0,31,31,stargate-finance,protocol_fees
18934,STG,2024-11-30 00:00:00,218094.0,114659.0,30,30,stargate-finance,protocol_fees
18934,STG,2024-12-31 00:00:00,303945.0,166949.0,31,31,stargate-finance,protocol_fees
18934,STG,2025-01-31 00:00:00,222695.0,103160.0,31,31,stargate-finance,protocol_fees
18934,STG,2025-02-28 00:00:00,165311.0,24042.0,28,28,stargate-finance,protocol_fees
18934,STG,2025-03-31 00:00:00,134717.0,14708.0,31,31,stargate-finance,protocol_fees
18934,STG,2025-04-30 00:00:00,139725.0,2978.0,30,30,stargate-finance,protocol_fees
18934,STG,2025-05-31 00:00:00,80875.0,5339.0,31,31,stargate-finance,protocol_fees
18934,STG,2025-06-30 00:00:00,77363.0,1043.0,30,30,stargate-finance,protocol_fees
18934,STG,2025-07-31 00:00:00,109920.0,4420.0,31,31,stargate-finance,protocol_fees
18934,STG,2025-08-31 00:00:00,237930.0,28358.0,31,31,stargate-finance,protocol_fees
18934,STG,2025-09-30 00:00:00,328239.0,39987.0,30,30,stargate-finance,protocol_fees
18934,STG,2025-10-31 00:00:00,198638.0,7198.0,31,31,stargate-finance,protocol_fees
18934,STG,2025-11-30 00:00:00,84684.0,14962.0,30,30,stargate-finance,protocol_fees
18934,STG,2025-12-31 00:00:00,104421.0,9582.0,31,31,stargate-finance,protocol_fees
18934,STG,2026-01-31 00:00:00,105256.0,13263.0,31,31,stargate-finance,protocol_fees
18934,STG,2026-02-28 00:00:00,78853.0,328.0,28,28,stargate-finance,protocol_fees
18934,STG,2026-03-31 00:00:00,218572.0,214479.0,31,31,stargate-finance,protocol_fees
18934,STG,2026-04-30 00:00:00,138663.0,138663.0,30,30,stargate-finance,protocol_fees
18934,STG,2026-05-31 00:00:00,98284.0,98284.0,31,31,stargate-finance,protocol_fees
18934,STG,2026-06-30 00:00:00,128876.0,128876.0,30,30,stargate-finance,protocol_fees
18934,STG,2026-07-31 00:00:00,113778.48,113778.48,31,31,stargate-finance,protocol_fees
21159,ONDO,2025-04-30 00:00:00,2163229,0,20,20,ondo-finance,protocol_fees
21159,ONDO,2025-05-31 00:00:00,4338882,0,31,31,ondo-finance,protocol_fees
21159,ONDO,2025-06-30 00:00:00,4622717,4187250,30,30,ondo-finance,protocol_fees
21159,ONDO,2025-07-31 00:00:00,4606500,4606500,31,31,ondo-finance,protocol_fees
21159,ONDO,2025-08-31 00:00:00,4546012,4546012,31,31,ondo-finance,protocol_fees
21159,ONDO,2025-09-30 00:00:00,4527568,4527568,30,30,ondo-finance,protocol_fees
21159,ONDO,2025-10-31 00:00:00,4839533,3247842,31,31,ondo-finance,protocol_fees
21159,ONDO,2025-11-30 00:00:00,4265964,0,30,30,ondo-finance,protocol_fees
21159,ONDO,2025-12-31 00:00:00,4216759,0,31,31,ondo-finance,protocol_fees
21159,ONDO,2026-01-31 00:00:00,5048824,0,31,31,ondo-finance,protocol_fees
21159,ONDO,2026-02-28 00:00:00,4020274,0,28,28,ondo-finance,protocol_fees
21159,ONDO,2026-03-31 00:00:00,4191860,0,31,31,ondo-finance,protocol_fees
21159,ONDO,2026-04-30 00:00:00,5420858,0,30,30,ondo-finance,protocol_fees
21159,ONDO,2026-05-31 00:00:00,4180724,0,31,31,ondo-finance,protocol_fees
21159,ONDO,2026-06-30 00:00:00,5701901,0,30,30,ondo-finance,protocol_fees
21159,ONDO,2026-07-31 00:00:00,6278519,0,29,29,ondo-finance,protocol_fees
28480,BLAST,2024-02-29 00:00:00,459026.0,,4,,blast,chain_level_sequencer_fees
28480,BLAST,2024-03-31 00:00:00,3055041.0,,31,,blast,chain_level_sequencer_fees
28480,BLAST,2024-04-30 00:00:00,1428139.0,427052.0,30,14.0,blast,chain_level_sequencer_fees
28480,BLAST,2024-05-31 00:00:00,3011709.0,1872896.0,31,31.0,blast,chain_level_sequencer_fees
28480,BLAST,2024-06-30 00:00:00,3661075.0,3541259.0,30,30.0,blast,chain_level_sequencer_fees
28480,BLAST,2024-07-31 00:00:00,577117.0,571648.0,31,31.0,blast,chain_level_sequencer_fees
28480,BLAST,2024-08-31 00:00:00,442011.0,434051.0,31,31.0,blast,chain_level_sequencer_fees
28480,BLAST,2024-09-30 00:00:00,183657.0,180031.0,30,30.0,blast,chain_level_sequencer_fees
28480,BLAST,2024-10-31 00:00:00,156322.0,149557.0,31,31.0,blast,chain_level_sequencer_fees
28480,BLAST,2024-11-30 00:00:00,235897.0,190736.0,30,30.0,blast,chain_level_sequencer_fees
28480,BLAST,2024-12-31 00:00:00,225665.0,146030.0,31,31.0,blast,chain_level_sequencer_fees
28480,BLAST,2025-01-31 00:00:00,159326.0,106480.0,31,31.0,blast,chain_level_sequencer_fees
28480,BLAST,2025-02-28 00:00:00,104235.0,90235.0,28,28.0,blast,chain_level_sequencer_fees
28480,BLAST,2025-03-31 00:00:00,45740.0,39733.0,31,31.0,blast,chain_level_sequencer_fees
28480,BLAST,2025-04-30 00:00:00,37341.0,22618.0,30,30.0,blast,chain_level_sequencer_fees
28480,BLAST,2025-05-31 00:00:00,14428.0,11571.0,31,30.0,blast,chain_level_sequencer_fees
28480,BLAST,2025-06-30 00:00:00,9875.0,8896.0,30,30.0,blast,chain_level_sequencer_fees
28480,BLAST,2025-07-31 00:00:00,15567.0,14301.0,31,31.0,blast,chain_level_sequencer_fees
28480,BLAST,2025-08-31 00:00:00,11780.0,10365.0,31,31.0,blast,chain_level_sequencer_fees
28480,BLAST,2025-09-30 00:00:00,8008.0,6532.0,30,30.0,blast,chain_level_sequencer_fees
28480,BLAST,2025-10-31 00:00:00,0.0,-1814.0,31,31.0,blast,chain_level_sequencer_fees
28480,BLAST,2025-11-30 00:00:00,0.0,-2439.0,30,30.0,blast,chain_level_sequencer_fees
28480,BLAST,2025-12-31 00:00:00,0.0,-493.0,31,31.0,blast,chain_level_sequencer_fees
28480,BLAST,2026-01-31 00:00:00,0.0,-425.0,31,31.0,blast,chain_level_sequencer_fees
28480,BLAST,2026-02-28 00:00:00,0.0,-165.0,28,28.0,blast,chain_level_sequencer_fees
28480,BLAST,2026-03-31 00:00:00,0.0,-180.0,31,31.0,blast,chain_level_sequencer_fees
28480,BLAST,2026-04-30 00:00:00,0.0,-279.0,30,30.0,blast,chain_level_sequencer_fees
28480,BLAST,2026-05-31 00:00:00,0.0,-218.0,31,31.0,blast,chain_level_sequencer_fees
28480,BLAST,2026-06-30 00:00:00,1091.0,911.0,30,30.0,blast,chain_level_sequencer_fees
28480,BLAST,2026-07-31 00:00:00,988.58,814.22,31,31.0,blast,chain_level_sequencer_fees
29270,AERO,2023-08-31 00:00:00,285882,281305,3,3,aerodrome,protocol_fees
29270,AERO,2023-09-30 00:00:00,791852,780248,30,30,aerodrome,protocol_fees
29270,AERO,2023-10-31 00:00:00,495986,489646,31,31,aerodrome,protocol_fees
29270,AERO,2023-11-30 00:00:00,530608,529178,30,30,aerodrome,protocol_fees
29270,AERO,2023-12-31 00:00:00,939801,934501,31,31,aerodrome,protocol_fees
29270,AERO,2024-01-31 00:00:00,1106290,1102171,31,31,aerodrome,protocol_fees
29270,AERO,2024-02-29 00:00:00,2173544,2165292,29,29,aerodrome,protocol_fees
29270,AERO,2024-03-31 00:00:00,12739508,12701298,31,31,aerodrome,protocol_fees
29270,AERO,2024-04-30 00:00:00,23513812,23458905,30,30,aerodrome,protocol_fees
29270,AERO,2024-05-31 00:00:00,18598104,18432335,31,31,aerodrome,protocol_fees
29270,AERO,2024-06-30 00:00:00,17586758,17408883,30,30,aerodrome,protocol_fees
29270,AERO,2024-07-31 00:00:00,18710491,18551441,31,31,aerodrome,protocol_fees
29270,AERO,2024-08-31 00:00:00,15619468,15488072,31,31,aerodrome,protocol_fees
29270,AERO,2024-09-30 00:00:00,17050783,16823085,30,30,aerodrome,protocol_fees
29270,AERO,2024-10-31 00:00:00,29190610,28611332,31,31,aerodrome,protocol_fees
29270,AERO,2024-11-30 00:00:00,34052675,32855647,30,30,aerodrome,protocol_fees
29270,AERO,2024-12-31 00:00:00,42726489,40237683,31,31,aerodrome,protocol_fees
29270,AERO,2025-01-31 00:00:00,39195792,34006162,31,31,aerodrome,protocol_fees
29270,AERO,2025-02-28 00:00:00,20752858,18446439,28,28,aerodrome,protocol_fees
29270,AERO,2025-03-31 00:00:00,13334007,11900661,31,31,aerodrome,protocol_fees
29270,AERO,2025-04-30 00:00:00,11553320,10203824,30,30,aerodrome,protocol_fees
29270,AERO,2025-05-31 00:00:00,15931815,13084064,31,31,aerodrome,protocol_fees
29270,AERO,2025-06-30 00:00:00,14667864,11764942,30,30,aerodrome,protocol_fees
29270,AERO,2025-07-31 00:00:00,15956698,13561843,31,31,aerodrome,protocol_fees
29270,AERO,2025-08-31 00:00:00,20126515,16089374,31,31,aerodrome,protocol_fees
29270,AERO,2025-09-30 00:00:00,35179543,30600475,30,30,aerodrome,protocol_fees
29270,AERO,2025-10-31 00:00:00,21767656,16486527,31,31,aerodrome,protocol_fees
29270,AERO,2025-11-30 00:00:00,14857985,11740745,30,30,aerodrome,protocol_fees
29270,AERO,2025-12-31 00:00:00,8125269,6321333,31,31,aerodrome,protocol_fees
29270,AERO,2026-01-31 00:00:00,9566981,7913638,31,31,aerodrome,protocol_fees
29270,AERO,2026-02-28 00:00:00,7734195,5689544,28,28,aerodrome,protocol_fees
29270,AERO,2026-03-31 00:00:00,7029176,4710886,31,31,aerodrome,protocol_fees
29270,AERO,2026-04-30 00:00:00,9119782,4561081,30,30,aerodrome,protocol_fees
29270,AERO,2026-05-31 00:00:00,11245982,6804300,31,31,aerodrome,protocol_fees
29270,AERO,2026-06-30 00:00:00,8933335,4739161,30,30,aerodrome,protocol_fees
29270,AERO,2026-07-31 00:00:00,6397958,4543247,31,31,aerodrome,protocol_fees
29587,W,2025-05-31 00:00:00,100305,0,27,27,portal,protocol_fees
29587,W,2025-06-30 00:00:00,175183,0,30,30,portal,protocol_fees
29587,W,2025-07-31 00:00:00,95891,0,31,31,portal,protocol_fees
29587,W,2025-08-31 00:00:00,86664,0,31,31,portal,protocol_fees
29587,W,2025-09-30 00:00:00,92365,0,30,30,portal,protocol_fees
29587,W,2025-10-31 00:00:00,97671,0,31,31,portal,protocol_fees
29587,W,2025-11-30 00:00:00,73814,0,30,30,portal,protocol_fees
29587,W,2025-12-31 00:00:00,64092,0,31,31,portal,protocol_fees
29587,W,2026-01-31 00:00:00,53158,0,31,31,portal,protocol_fees
29587,W,2026-02-28 00:00:00,27653,0,28,28,portal,protocol_fees
29587,W,2026-03-31 00:00:00,22041,0,31,31,portal,protocol_fees
29587,W,2026-04-30 00:00:00,18631,0,30,30,portal,protocol_fees
29587,W,2026-05-31 00:00:00,14230,0,31,31,portal,protocol_fees
29587,W,2026-06-30 00:00:00,15519,0,30,30,portal,protocol_fees
29587,W,2026-07-31 00:00:00,12794,0,31,31,portal,protocol_fees
30171,ENA,2023-11-30 00:00:00,107006.0,107006.0,4,4,ethena,protocol_fees
30171,ENA,2023-12-31 00:00:00,85085542.0,85085542.0,31,31,ethena,protocol_fees
30171,ENA,2024-01-31 00:00:00,44054322.0,44054322.0,31,31,ethena,protocol_fees
30171,ENA,2024-02-29 00:00:00,123692393.0,123692393.0,29,29,ethena,protocol_fees
30171,ENA,2024-03-31 00:00:00,40930981.0,40930472.0,31,31,ethena,protocol_fees
30171,ENA,2024-04-30 00:00:00,12822864.0,7181784.0,30,30,ethena,protocol_fees
30171,ENA,2024-05-31 00:00:00,18208720.0,5262871.0,31,31,ethena,protocol_fees
30171,ENA,2024-06-30 00:00:00,20001170.0,4089782.0,30,30,ethena,protocol_fees
30171,ENA,2024-07-31 00:00:00,12924083.0,31395.0,31,31,ethena,protocol_fees
30171,ENA,2024-08-31 00:00:00,9061211.0,1060151.0,31,31,ethena,protocol_fees
30171,ENA,2024-09-30 00:00:00,5763515.0,21177.0,30,30,ethena,protocol_fees
30171,ENA,2024-10-31 00:00:00,14520078.0,334257.0,31,31,ethena,protocol_fees
30171,ENA,2024-11-30 00:00:00,43673726.0,1696732.0,30,30,ethena,protocol_fees
30171,ENA,2024-12-31 00:00:00,67701099.0,4784786.0,31,31,ethena,protocol_fees
30171,ENA,2025-01-31 00:00:00,47636168.0,404232.0,31,31,ethena,protocol_fees
30171,ENA,2025-02-28 00:00:00,26483927.0,210513.0,28,28,ethena,protocol_fees
30171,ENA,2025-03-31 00:00:00,14570006.0,125064.0,31,31,ethena,protocol_fees
30171,ENA,2025-04-30 00:00:00,10015490.0,56794.0,30,30,ethena,protocol_fees
30171,ENA,2025-05-31 00:00:00,20468748.0,814109.0,31,31,ethena,protocol_fees
30171,ENA,2025-06-30 00:00:00,18245397.0,521125.0,30,30,ethena,protocol_fees
30171,ENA,2025-07-31 00:00:00,43063033.0,3238470.0,31,31,ethena,protocol_fees
30171,ENA,2025-08-31 00:00:00,54684696.0,4081734.0,31,31,ethena,protocol_fees
30171,ENA,2025-09-30 00:00:00,53336061.0,2863761.0,30,30,ethena,protocol_fees
30171,ENA,2025-10-31 00:00:00,48914541.0,371895.0,31,31,ethena,protocol_fees
30171,ENA,2025-11-30 00:00:00,26957058.0,50895.0,30,30,ethena,protocol_fees
30171,ENA,2025-12-31 00:00:00,20287930.0,40472.0,31,31,ethena,protocol_fees
30171,ENA,2026-01-31 00:00:00,29215397.0,390259.0,31,31,ethena,protocol_fees
30171,ENA,2026-02-28 00:00:00,18113707.0,182629.0,28,28,ethena,protocol_fees
30171,ENA,2026-03-31 00:00:00,17776543.0,82534.0,31,31,ethena,protocol_fees
30171,ENA,2026-04-30 00:00:00,20222079.0,329498.0,30,30,ethena,protocol_fees
30171,ENA,2026-05-31 00:00:00,14685049.0,709686.0,31,31,ethena,protocol_fees
30171,ENA,2026-06-30 00:00:00,16696107.0,66760.0,30,30,ethena,protocol_fees
30171,ENA,2026-07-31 00:00:00,17514779.44,41978.03,31,31,ethena,protocol_fees
30494,EIGEN,2024-09-30 00:00:00,801.0,0.0,6,6.0,eigencloud,protocol_fees
30494,EIGEN,2024-10-31 00:00:00,22756792.0,,31,,eigencloud,protocol_fees
30494,EIGEN,2024-11-30 00:00:00,15060621.0,,30,,eigencloud,protocol_fees
30494,EIGEN,2024-12-31 00:00:00,25461620.0,,31,,eigencloud,protocol_fees
30494,EIGEN,2025-01-31 00:00:00,18986095.0,,31,,eigencloud,protocol_fees
30494,EIGEN,2025-02-28 00:00:00,6781277.0,,28,,eigencloud,protocol_fees
30494,EIGEN,2025-03-31 00:00:00,6168307.0,,31,,eigencloud,protocol_fees
30494,EIGEN,2025-04-30 00:00:00,4351264.0,,30,,eigencloud,protocol_fees
30494,EIGEN,2025-05-31 00:00:00,6257605.0,,31,,eigencloud,protocol_fees
30494,EIGEN,2025-06-30 00:00:00,6074507.0,,30,,eigencloud,protocol_fees
30494,EIGEN,2025-07-31 00:00:00,7187696.0,,31,,eigencloud,protocol_fees
30494,EIGEN,2025-08-31 00:00:00,5635011.0,0.0,31,25.0,eigencloud,protocol_fees
30494,EIGEN,2025-09-30 00:00:00,8893811.0,0.0,30,30.0,eigencloud,protocol_fees
30494,EIGEN,2025-10-31 00:00:00,6110738.0,0.0,31,31.0,eigencloud,protocol_fees
30494,EIGEN,2025-11-30 00:00:00,5862872.0,0.0,30,30.0,eigencloud,protocol_fees
30494,EIGEN,2025-12-31 00:00:00,4238742.0,0.0,31,31.0,eigencloud,protocol_fees
30494,EIGEN,2026-01-31 00:00:00,5292110.0,0.0,31,31.0,eigencloud,protocol_fees
30494,EIGEN,2026-02-28 00:00:00,1574627.0,0.0,28,28.0,eigencloud,protocol_fees
30494,EIGEN,2026-03-31 00:00:00,1878798.0,0.0,31,31.0,eigencloud,protocol_fees
30494,EIGEN,2026-04-30 00:00:00,583192.0,0.0,30,30.0,eigencloud,protocol_fees
30494,EIGEN,2026-05-31 00:00:00,1204972.0,0.0,31,31.0,eigencloud,protocol_fees
30494,EIGEN,2026-06-30 00:00:00,710005.0,0.0,30,30.0,eigencloud,protocol_fees
30494,EIGEN,2026-07-31 00:00:00,555366.0,0.0,31,31.0,eigencloud,protocol_fees
33038,SKY,2019-11-30 00:00:00,22727,20976,13,13,sky-lending,protocol_fees
33038,SKY,2019-12-31 00:00:00,204542,146013,31,31,sky-lending,protocol_fees
33038,SKY,2020-01-31 00:00:00,456173,255013,31,31,sky-lending,protocol_fees
33038,SKY,2020-02-29 00:00:00,739691,335489,29,29,sky-lending,protocol_fees
33038,SKY,2020-03-31 00:00:00,335118,141676,31,31,sky-lending,protocol_fees
33038,SKY,2020-04-30 00:00:00,20070,20070,30,30,sky-lending,protocol_fees
33038,SKY,2020-05-31 00:00:00,2969,2969,31,31,sky-lending,protocol_fees
33038,SKY,2020-06-30 00:00:00,10787,10787,30,30,sky-lending,protocol_fees
33038,SKY,2020-07-31 00:00:00,34558,34558,31,31,sky-lending,protocol_fees
33038,SKY,2020-08-31 00:00:00,4384,4384,31,31,sky-lending,protocol_fees
33038,SKY,2020-09-30 00:00:00,212758,212758,30,30,sky-lending,protocol_fees
33038,SKY,2020-10-31 00:00:00,884915,884915,31,31,sky-lending,protocol_fees
33038,SKY,2020-11-30 00:00:00,1005686,1005686,30,30,sky-lending,protocol_fees
33038,SKY,2020-12-31 00:00:00,1269490,1269490,31,31,sky-lending,protocol_fees
33038,SKY,2021-01-31 00:00:00,2497131,2497131,31,31,sky-lending,protocol_fees
33038,SKY,2021-02-28 00:00:00,4756747,4756735,28,28,sky-lending,protocol_fees
33038,SKY,2021-03-31 00:00:00,8000119,7999957,31,31,sky-lending,protocol_fees
33038,SKY,2021-04-30 00:00:00,9906911,9906236,30,30,sky-lending,protocol_fees
33038,SKY,2021-05-31 00:00:00,12777191,12776507,31,31,sky-lending,protocol_fees
33038,SKY,2021-06-30 00:00:00,7766366,7765790,30,30,sky-lending,protocol_fees
33038,SKY,2021-07-31 00:00:00,4219224,4218686,31,31,sky-lending,protocol_fees
33038,SKY,2021-08-31 00:00:00,3256024,3255330,31,31,sky-lending,protocol_fees
33038,SKY,2021-09-30 00:00:00,3782377,3781591,30,30,sky-lending,protocol_fees
33038,SKY,2021-10-31 00:00:00,5189669,5189024,31,31,sky-lending,protocol_fees
33038,SKY,2021-11-30 00:00:00,9932017,9931467,30,30,sky-lending,protocol_fees
33038,SKY,2021-12-31 00:00:00,11898382,11897816,31,31,sky-lending,protocol_fees
33038,SKY,2022-01-31 00:00:00,10103623,10102694,31,31,sky-lending,protocol_fees
33038,SKY,2022-02-28 00:00:00,6587896,6587035,28,28,sky-lending,protocol_fees
33038,SKY,2022-03-31 00:00:00,5743906,5743027,31,31,sky-lending,protocol_fees
33038,SKY,2022-04-30 00:00:00,5540781,5540449,30,30,sky-lending,protocol_fees
33038,SKY,2022-05-31 00:00:00,3910892,3910883,31,31,sky-lending,protocol_fees
33038,SKY,2022-06-30 00:00:00,2215948,2215934,30,30,sky-lending,protocol_fees
33038,SKY,2022-07-31 00:00:00,1251581,1251571,31,31,sky-lending,protocol_fees
33038,SKY,2022-08-31 00:00:00,1370517,1370504,31,31,sky-lending,protocol_fees
33038,SKY,2022-09-30 00:00:00,977320,977311,30,30,sky-lending,protocol_fees
33038,SKY,2022-10-31 00:00:00,849895,849886,31,31,sky-lending,protocol_fees
33038,SKY,2022-11-30 00:00:00,1522477,1522471,30,30,sky-lending,protocol_fees
33038,SKY,2022-12-31 00:00:00,2540695,2539671,31,31,sky-lending,protocol_fees
33038,SKY,2023-01-31 00:00:00,2716605,2689659,31,31,sky-lending,protocol_fees
33038,SKY,2023-02-28 00:00:00,2618749,2575037,28,28,sky-lending,protocol_fees
33038,SKY,2023-03-31 00:00:00,2979747,2887382,31,31,sky-lending,protocol_fees
33038,SKY,2023-04-30 00:00:00,2993964,2908485,30,30,sky-lending,protocol_fees
33038,SKY,2023-05-31 00:00:00,4694534,4608965,31,31,sky-lending,protocol_fees
33038,SKY,2023-06-30 00:00:00,7987680,7735045,30,30,sky-lending,protocol_fees
33038,SKY,2023-07-31 00:00:00,10714217,9935759,31,31,sky-lending,protocol_fees
33038,SKY,2023-08-31 00:00:00,13125344,7401039,31,31,sky-lending,protocol_fees
33038,SKY,2023-09-30 00:00:00,14204610,7975459,30,30,sky-lending,protocol_fees
33038,SKY,2023-10-31 00:00:00,17158011,10011634,31,31,sky-lending,protocol_fees
33038,SKY,2023-11-30 00:00:00,16770887,10233075,30,30,sky-lending,protocol_fees
33038,SKY,2023-12-31 00:00:00,18013193,11376563,31,31,sky-lending,protocol_fees
33038,SKY,2024-01-31 00:00:00,18428655,12368812,31,31,sky-lending,protocol_fees
33038,SKY,2024-02-29 00:00:00,18087699,13408729,29,29,sky-lending,protocol_fees
33038,SKY,2024-03-31 00:00:00,31132726,16687281,31,31,sky-lending,protocol_fees
33038,SKY,2024-04-30 00:00:00,32362604,14595248,30,30,sky-lending,protocol_fees
33038,SKY,2024-05-31 00:00:00,27494606,11689763,31,31,sky-lending,protocol_fees
33038,SKY,2024-06-30 00:00:00,25648260,13228980,30,30,sky-lending,protocol_fees
33038,SKY,2024-07-31 00:00:00,24033719,11378631,31,31,sky-lending,protocol_fees
33038,SKY,2024-08-31 00:00:00,21066268,10019465,31,31,sky-lending,protocol_fees
33038,SKY,2024-09-30 00:00:00,22005544,11735836,30,30,sky-lending,protocol_fees
33038,SKY,2024-10-31 00:00:00,25367365,14145613,31,31,sky-lending,protocol_fees
33038,SKY,2024-11-30 00:00:00,28558051,18908208,30,30,sky-lending,protocol_fees
33038,SKY,2024-12-31 00:00:00,43545284,28358813,31,31,sky-lending,protocol_fees
33038,SKY,2025-01-31 00:00:00,42497539,18444763,31,31,sky-lending,protocol_fees
33038,SKY,2025-02-28 00:00:00,36825612,9007346,28,28,sky-lending,protocol_fees
33038,SKY,2025-03-31 00:00:00,34339312,13498111,31,31,sky-lending,protocol_fees
33038,SKY,2025-04-30 00:00:00,28224291,15647294,30,30,sky-lending,protocol_fees
33038,SKY,2025-05-31 00:00:00,28219600,17270837,31,31,sky-lending,protocol_fees
33038,SKY,2025-06-30 00:00:00,27977497,17917394,30,30,sky-lending,protocol_fees
33038,SKY,2025-07-31 00:00:00,30710320,22325605,31,31,sky-lending,protocol_fees
33038,SKY,2025-08-31 00:00:00,37224831,29243107,31,31,sky-lending,protocol_fees
33038,SKY,2025-09-30 00:00:00,36494022,28189626,30,30,sky-lending,protocol_fees
33038,SKY,2025-10-31 00:00:00,35832638,25157211,31,31,sky-lending,protocol_fees
33038,SKY,2025-11-30 00:00:00,36001112,22533505,30,30,sky-lending,protocol_fees
33038,SKY,2025-12-31 00:00:00,36351057,20630407,31,31,sky-lending,protocol_fees
33038,SKY,2026-01-31 00:00:00,34894703,19784108,31,31,sky-lending,protocol_fees
33038,SKY,2026-02-28 00:00:00,32026064,17028099,28,28,sky-lending,protocol_fees
33038,SKY,2026-03-31 00:00:00,35455229,15478326,31,31,sky-lending,protocol_fees
33038,SKY,2026-04-30 00:00:00,33455461,14813892,30,30,sky-lending,protocol_fees
33038,SKY,2026-05-31 00:00:00,33357578,15080815,31,31,sky-lending,protocol_fees
33038,SKY,2026-06-30 00:00:00,30559490,12675481,30,30,sky-lending,protocol_fees
33038,SKY,2026-07-31 00:00:00,29448176,14242520,31,31,sky-lending,protocol_fees
33824,SYRUP,2023-06-30 00:00:00,4328,204,11,11,maple,protocol_fees
33824,SYRUP,2023-07-31 00:00:00,38963,1829,31,31,maple,protocol_fees
33824,SYRUP,2023-08-31 00:00:00,48710,2270,31,31,maple,protocol_fees
33824,SYRUP,2023-09-30 00:00:00,162558,16316,30,30,maple,protocol_fees
33824,SYRUP,2023-10-31 00:00:00,299765,36532,31,31,maple,protocol_fees
33824,SYRUP,2023-11-30 00:00:00,576959,83523,30,30,maple,protocol_fees
33824,SYRUP,2023-12-31 00:00:00,499508,75432,31,31,maple,protocol_fees
33824,SYRUP,2024-01-31 00:00:00,522458,77788,31,31,maple,protocol_fees
33824,SYRUP,2024-02-29 00:00:00,730741,111748,29,29,maple,protocol_fees
33824,SYRUP,2024-03-31 00:00:00,760168,103377,31,31,maple,protocol_fees
33824,SYRUP,2024-04-30 00:00:00,652354,81496,30,30,maple,protocol_fees
33824,SYRUP,2024-05-31 00:00:00,761688,86498,31,31,maple,protocol_fees
33824,SYRUP,2024-06-30 00:00:00,1020348,123883,30,30,maple,protocol_fees
33824,SYRUP,2024-07-31 00:00:00,1120193,129021,31,31,maple,protocol_fees
33824,SYRUP,2024-08-31 00:00:00,1229245,133017,31,31,maple,protocol_fees
33824,SYRUP,2024-09-30 00:00:00,1133533,118407,30,30,maple,protocol_fees
33824,SYRUP,2024-10-31 00:00:00,2062106,244439,31,31,maple,protocol_fees
33824,SYRUP,2024-11-30 00:00:00,2061481,236057,30,30,maple,protocol_fees
33824,SYRUP,2024-12-31 00:00:00,1620549,172603,31,31,maple,protocol_fees
33824,SYRUP,2025-01-31 00:00:00,2322144,258386,31,31,maple,protocol_fees
33824,SYRUP,2025-02-28 00:00:00,2152944,249030,28,28,maple,protocol_fees
33824,SYRUP,2025-03-31 00:00:00,1504452,193381,31,31,maple,protocol_fees
33824,SYRUP,2025-04-30 00:00:00,1625833,192834,30,30,maple,protocol_fees
33824,SYRUP,2025-05-31 00:00:00,3170059,379711,31,31,maple,protocol_fees
33824,SYRUP,2025-06-30 00:00:00,3834495,495740,30,30,maple,protocol_fees
33824,SYRUP,2025-07-31 00:00:00,6407185,735464,31,31,maple,protocol_fees
33824,SYRUP,2025-08-31 00:00:00,6514629,725561,31,31,maple,protocol_fees
33824,SYRUP,2025-09-30 00:00:00,7288745,826788,30,30,maple,protocol_fees
33824,SYRUP,2025-10-31 00:00:00,11153244,1297524,31,31,maple,protocol_fees
33824,SYRUP,2025-11-30 00:00:00,9994096,1199464,30,30,maple,protocol_fees
33824,SYRUP,2025-12-31 00:00:00,9787215,1262155,31,31,maple,protocol_fees
33824,SYRUP,2026-01-31 00:00:00,8913605,1150216,31,31,maple,protocol_fees
33824,SYRUP,2026-02-28 00:00:00,9467149,1269294,28,28,maple,protocol_fees
33824,SYRUP,2026-03-31 00:00:00,9729116,1338696,31,31,maple,protocol_fees
33824,SYRUP,2026-04-30 00:00:00,10124228,1321957,30,30,maple,protocol_fees
33824,SYRUP,2026-05-31 00:00:00,6793070,798845,31,31,maple,protocol_fees
33824,SYRUP,2026-06-30 00:00:00,8755247,1043694,30,30,maple,protocol_fees
33824,SYRUP,2026-07-31 00:00:00,8748363,1024386,31,31,maple,protocol_fees
34104,MORPHO,2024-02-29 00:00:00,98602,0,15,15,morpho-blue,protocol_fees
34104,MORPHO,2024-03-31 00:00:00,940461,0,31,31,morpho-blue,protocol_fees
34104,MORPHO,2024-04-30 00:00:00,6698319,0,30,30,morpho-blue,protocol_fees
34104,MORPHO,2024-05-31 00:00:00,5002338,0,31,31,morpho-blue,protocol_fees
34104,MORPHO,2024-06-30 00:00:00,5594876,0,30,30,morpho-blue,protocol_fees
34104,MORPHO,2024-07-31 00:00:00,4567405,0,31,31,morpho-blue,protocol_fees
34104,MORPHO,2024-08-31 00:00:00,4036182,0,31,31,morpho-blue,protocol_fees
34104,MORPHO,2024-09-30 00:00:00,2735512,0,30,30,morpho-blue,protocol_fees
34104,MORPHO,2024-10-31 00:00:00,2638407,0,31,31,morpho-blue,protocol_fees
34104,MORPHO,2024-11-30 00:00:00,5933055,0,30,30,morpho-blue,protocol_fees
34104,MORPHO,2024-12-31 00:00:00,11805155,0,31,31,morpho-blue,protocol_fees
34104,MORPHO,2025-01-31 00:00:00,10925567,0,31,31,morpho-blue,protocol_fees
34104,MORPHO,2025-02-28 00:00:00,10041446,0,28,28,morpho-blue,protocol_fees
34104,MORPHO,2025-03-31 00:00:00,7093291,0,31,31,morpho-blue,protocol_fees
34104,MORPHO,2025-04-30 00:00:00,5623976,0,30,30,morpho-blue,protocol_fees
34104,MORPHO,2025-05-31 00:00:00,6348073,0,31,31,morpho-blue,protocol_fees
34104,MORPHO,2025-06-30 00:00:00,8119317,0,30,30,morpho-blue,protocol_fees
34104,MORPHO,2025-07-31 00:00:00,12155427,0,31,31,morpho-blue,protocol_fees
34104,MORPHO,2025-08-31 00:00:00,19058274,0,31,31,morpho-blue,protocol_fees
34104,MORPHO,2025-09-30 00:00:00,22810859,0,30,30,morpho-blue,protocol_fees
34104,MORPHO,2025-10-31 00:00:00,24149110,0,31,31,morpho-blue,protocol_fees
34104,MORPHO,2025-11-30 00:00:00,22933674,0,30,30,morpho-blue,protocol_fees
34104,MORPHO,2025-12-31 00:00:00,12251372,0,31,31,morpho-blue,protocol_fees
34104,MORPHO,2026-01-31 00:00:00,15646433,0,31,31,morpho-blue,protocol_fees
34104,MORPHO,2026-02-28 00:00:00,17736154,0,28,28,morpho-blue,protocol_fees
34104,MORPHO,2026-03-31 00:00:00,11341144,0,31,31,morpho-blue,protocol_fees
34104,MORPHO,2026-04-30 00:00:00,14551230,0,30,30,morpho-blue,protocol_fees
34104,MORPHO,2026-05-31 00:00:00,15284204,0,31,31,morpho-blue,protocol_fees
34104,MORPHO,2026-06-30 00:00:00,21196899,0,30,30,morpho-blue,protocol_fees
34104,MORPHO,2026-07-31 00:00:00,26039039,0,31,31,morpho-blue,protocol_fees
