cmc_id,track,month_end,ma_dist,vol12,ivol,amihud,skew36,ma_dist_std,vol12_std,ivol_std,amihud_std,skew36_std
1027,coin,2020-12-31,1.0058299545789828,0.29940334692928305,0.16173686869660034,-24.627841253200828,0.40218904236034203,,,,,
1027,coin,2021-01-31,1.7059069682160026,0.34112099017207403,0.13685809843510707,-24.637013658709005,0.5228051265752308,,,,,
1027,coin,2021-02-28,1.3335819921090728,0.3439120362510246,0.15141139831512068,-24.676759060971644,0.4779558426334543,,,,,
1027,coin,2021-03-31,1.473543854665885,0.28664634781839204,0.15124152418324277,-24.785484809011695,0.5169543573711979,,,,,
1027,coin,2021-04-30,1.6918035339844062,0.2787654432123699,0.1574844619269938,-24.808789147086035,0.4658419670519191,,,,,
1027,coin,2021-05-31,1.1425090233740405,0.2880973512726104,0.1635814562671697,-24.851956825070836,0.4503928742140134,,,,,
1027,coin,2021-06-30,0.5674351559953217,0.3030924282552738,0.16353674905058432,-24.836708183346943,0.4534823550267826,,,,,
1027,coin,2021-07-31,0.5198222604961107,0.29151280017151326,0.16191698401446736,-25.04820288033751,0.412911909037587,,,,,
1027,coin,2021-08-31,0.7399480085279488,0.2941817499995561,0.15960259314970862,-25.09531405712469,0.3500705822579944,0.7071067811865475,-0.7071067811865475,-0.7071067811865475,-0.7071067811865476,-0.7071067811865477
1027,coin,2021-09-30,0.3569043593408274,0.28875731104799507,0.15722481231469784,-25.14600677979927,0.3517450232488273,0.7071067811865476,-0.7071067811865476,-0.7071067811865479,-0.7071067811865476,-0.7071067811865478
1027,coin,2021-10-31,0.670344698926779,0.2901912174305818,0.156808588956815,-25.028696355413295,0.2334248295822586,0.7071067811865476,-0.7071067811865476,-0.7071067811865476,-0.7071067811865466,-0.7071067811865476
1027,coin,2021-11-30,0.5977070021154001,0.2731733725066711,0.15694734646090291,-25.206068425300494,0.34517579971296103,0.18729967287418378,-0.6980858146166316,-0.9701041515489316,-0.8042137603419425,-1.154439294179272
1027,coin,2021-12-31,0.17825889969936948,0.29844403189348384,0.1535973176172365,-25.205249898611395,0.389156117127737,-0.21520583227197443,-0.4714211267494797,-1.0680875888239671,-0.8056477941741005,-1.1168552312209956
1027,coin,2022-01-31,-0.1605630629791429,0.25597580082810306,0.15258421927222326,-25.29336378212969,0.36477740522977836,0.136971101835618,-1.0317302828610218,-1.1478280953489954,-0.8448049114220388,-0.8517664789867777
1027,coin,2022-02-28,-0.09259237194313097,0.25594934325439145,0.15184935382139822,-25.27995483591199,0.4228709834661248,-0.53294111459051,-0.8695215960639426,-0.5985173813086084,-1.088641027524167,-0.7557896065536266
1027,coin,2022-03-31,0.002411609641461032,0.24257356004333702,0.15080818783887845,-25.318107338674814,0.3983280134555113,-0.3028127329822906,-0.7405976349312191,-0.7416420815738499,-1.3544934190924554,-0.9948774550564825
1027,coin,2022-04-30,-0.1774840698762663,0.22000248812510423,0.1498832947090593,-25.33925003144757,0.4454477289072539,0.4106720172312489,-0.7569947411045045,-0.7387889822953556,-1.3820298390368586,-0.8957352260876064
1027,coin,2022-05-31,-0.40417989915799124,0.2373696689662625,0.1501246919686227,-25.219980819971212,0.4864361909617197,0.012590985694673897,-0.6917943953644944,-0.7660259491191002,-1.3649136440725587,-0.9344146815227944
1027,coin,2022-06-30,-0.6469732428101405,0.26764473832806673,0.14963164121212233,-25.072382014096195,0.40023514283278117,-0.18377360432487455,-0.653249033460104,-0.7589052703937743,-1.3173438355148457,-0.9267395647267024
1027,coin,2022-07-31,-0.4184144677747784,0.31806651458663404,0.15283125895798844,-24.873368814043843,0.30677076786565366,0.19370288677571004,-0.48228438061842316,-0.7507861489476944,-1.26868577446939,-0.9311633381633452
1027,coin,2022-08-31,-0.40649779812429077,0.29970019568416567,0.1511488118623705,-24.92367465246183,0.30387613999172175,0.28032657501088704,-0.06717070801257821,-0.7523745882377123,-1.2499216758792167,-0.9364532751323467
1027,coin,2022-09-30,-0.41945655735931575,0.3003518543499703,0.15081723927873936,-24.906751503067007,0.33408113578580867,0.43247450016446465,0.05190233071699627,-0.5877600494422226,-1.4258607218250945,-0.9157429406496259
1027,coin,2022-10-31,-0.24260669918567412,0.2738726292991168,0.14899030397474913,-24.991981368590086,0.2884444634553461,0.7507104451960669,0.04072907682918217,-0.5871400316008178,-1.450843052095179,-0.9787984671246123
1027,coin,2022-11-30,-0.3311622751467439,0.27312656061662993,0.14901211055303148,-24.90586247253992,0.2882975208581496,0.8754265785810859,0.5783504410438618,-0.7403072045274627,-1.4699141282119643,-1.0683639027026246
1027,coin,2022-12-31,-0.32193540697,0.26974772908793787,0.14789383806865206,-24.848446773587774,0.2824189061980308,0.9400604402198042,0.5856629526299173,-0.7389508760562186,-1.4930615336275381,-1.0759943558098832
1027,coin,2023-01-31,-0.005600257991348667,0.2814913359046725,0.15009428039660253,-24.705236397908248,0.2919750108673815,1.2270423592718043,0.004822904090735336,-0.6871976732562735,-1.6582363037769166,-1.0528433808300435
1027,coin,2023-02-28,0.08283915227940253,0.2800778881817307,0.14467528532385235,-24.71660137554212,0.3510224783206976,1.1033618871177202,-0.288473919740371,-0.8577020109208723,-1.7868601132655768,-1.226697831469216
1027,coin,2023-03-31,0.23861924633804787,0.2805586600982224,0.14384284645323778,-24.6824390533934,0.3807522968129144,2.08871970551163,-0.20857520164843235,-0.8413503447816435,-1.840139899514372,-0.9187811436803597
1027,coin,2023-04-30,0.20937932962458183,0.2763646541027327,0.14214725421477928,-24.717195384701867,0.4681955475036267,1.3433778585637535,-0.15207133932404018,-0.9162614795860419,-1.922864723786638,-0.9076445966039685
1027,coin,2023-05-31,0.19277574600315361,0.26070566612652185,0.14225661176758977,-24.789704228665926,0.500320558915186,1.358617556389247,-0.1129166145087145,-0.9057523213920651,-1.9436493208897336,-0.9059464653126115
1027,coin,2023-06-30,0.20134668446310688,0.2130464347139078,0.14253670148082495,-24.919914374042555,0.48831265624112447,1.637521137718825,-0.2961480555120578,-0.8957762244245502,-1.968276660458373,-0.9246584575471677
1027,coin,2023-07-31,0.11682229376160413,0.14208768349438552,0.13937357489961905,-25.111320187806626,0.5988325698327773,0.42794313487763475,-0.806195943640818,-0.8993434995245794,-2.005257947665681,-0.7387433354996593
1027,coin,2023-08-31,-0.014171630916227196,0.1446980936656538,0.13761947107150546,-25.024578282319542,0.6997254693583738,0.34834454805168596,-0.7560091858278007,-0.8423659328779207,-2.0009037901934574,-0.7065772605528094
1027,coin,2023-09-30,-0.020904837253868158,0.1357973272490183,0.13730515451447625,-25.05758193587335,0.6836516964228583,0.37963184909981307,-0.8461946970686675,-0.8499018457868921,-2.0559418815581534,-0.6995420642253438
1027,coin,2023-10-31,0.0269373331722067,0.1282597411356817,0.13834318976504384,-25.03324337040564,0.6793641045950666,0.19130389413539547,-0.8682194314916554,-0.929938347125354,-2.087412177571024,-0.8070064114210745
1027,coin,2023-11-30,0.13062704024843064,0.11572445141729547,0.13799329882455033,-25.04494534983652,0.7121503135002735,-0.3866601454685861,-1.1578486785406887,-0.9609964132513581,-2.1803252162281757,-0.7280119285738937
1027,coin,2023-12-31,0.21163344612346524,0.11046042437799171,0.13586933733538417,-25.103497851066084,0.7463415705964541,-0.8651260560357663,-1.0035902985008431,-1.2314424868594878,-2.087091223116064,-0.9789248158412082
1027,coin,2024-01-31,0.1832640725518997,0.07295136439866673,0.10936483658370849,-25.502228289818515,0.37846755322877446,-0.6358622479196286,-1.0714271803423256,-1.2421163111513862,-2.209063918731158,-1.0670483688706365
1027,coin,2024-02-29,0.6101575827151424,0.14358881196749512,0.09358965997339515,-25.369002210052198,0.3662571691564352,-0.35252672854461453,-0.9341404506525843,-1.42287881306557,-2.189736262856979,-1.0930046157949174
1027,coin,2024-03-31,0.619185496000761,0.14238422141403378,0.09621642824795085,-25.422393398554572,0.4236208194233859,-0.39494930951870943,-0.8906364585796834,-1.0695569168018222,-2.327049778911184,-0.8407913780962877
1027,coin,2024-04-30,0.27595708633071236,0.15853317713265846,0.08497071026223957,-25.378248110080644,0.5027180350374129,0.26171751261320014,-0.8967809638389197,-1.0648472504406117,-2.4274689420025175,-0.7061881961430745
1027,coin,2024-05-31,0.4738312559197204,0.1672773290415894,0.07336624159633094,-25.247207099430828,0.40664276319184745,0.7931511122876221,-0.8434727826049161,-1.1209441620992047,-2.3833481495286555,-0.8650616999351591
1027,coin,2024-06-30,0.2575067091502341,0.17321583921079325,0.07333356058373337,-25.188148168865737,0.40120711457625824,1.355317914093,-0.8475086266444953,-1.1329089201167506,-2.393804881513594,-0.8837017185022761
1027,coin,2024-07-31,0.11967204330666492,0.1742989377539733,0.07412179713114919,-25.22829486374313,0.46681937452469036,1.0140931584578285,-0.7594768073564829,-1.094502725991962,-2.229553594166503,-0.8101468849207536
1027,coin,2024-08-31,-0.1496233109664511,0.18651124238261077,0.07561481973605574,-25.112909959229626,0.5744360919431922,0.42671247603883417,-0.7549745945068809,-0.9480766885523512,-2.1082111480284262,-0.5577947671648608
1027,coin,2024-09-30,-0.13538891027742184,0.18625781971385183,0.07602646152677099,-25.132679330347433,0.526852137503112,0.3109029987800535,-0.7638598590193009,-0.9472132720603093,-2.118905311058333,-0.5813501874989008
1027,coin,2024-10-31,-0.1708272461886139,0.18745736732506713,0.07687450712822123,-25.2164277446959,0.5740475676719506,0.27427536776526257,-0.7276456996690349,-1.0292726679640785,-2.1369123252913846,-0.7051084807802559
1027,coin,2024-11-30,0.1666281886903318,0.22454580764764728,0.07520897558950582,-25.220983880024658,0.6099278141472005,-0.34014660328845303,-0.8435185132439272,-1.1467991475626642,-2.1247375914863413,-0.8418053936478935
1027,coin,2024-12-31,0.049456072760095005,0.2293478515292786,0.07535230219204285,-25.310162229083016,0.6153201801573306,-0.10014166982852304,-0.6950504309639549,-1.1500025824616895,-2.077680807447835,-0.8548966229120052
1027,coin,2025-01-31,0.05022713069437379,0.2295928534728405,0.07670992964525511,-25.307728749805957,0.6368722947391713,-0.04155176413445598,-0.6886743558618834,-1.154870280507311,-2.0604148770687205,-0.8760543224494249
1027,coin,2025-02-28,-0.2693955757807762,0.21284034658147272,0.07766715359067454,-25.36922328931611,0.6132374289594785,-0.1501218737166413,-0.7494720641915529,-1.1382641605394905,-2.1255606225145542,-0.9246498977150583
1027,coin,2025-03-31,-0.3645155177411046,0.21542272886551223,0.07952830212148732,-25.343280308035823,0.6973496861651067,-0.2316343350087481,-0.7357171594054471,-1.1257270860898803,-2.026152643498356,-0.929767544599697
1027,coin,2025-04-30,-0.33699457814103173,0.21101380450189602,0.08110605199983024,-25.417324852707416,0.6707559588763254,-0.43899224664743947,-0.7780258818794323,-1.1450720615634786,-2.044740012262961,-0.9823446150058508
1027,coin,2025-05-31,-0.04030401609703871,0.23384944690046208,0.09531284269666584,-25.304923767385645,0.61331331022814,0.718976874162227,-0.5783726246619055,-1.048901458559069,-2.0749891039207093,-1.0084905677368003
1027,coin,2025-06-30,-0.05551275451453652,0.23261576123562044,0.09518461310350604,-25.384191336663868,0.9707080744317313,0.8616546563297595,-0.5872306044273323,-1.0407393915657066,-2.0078195867549433,-0.872192328796191
1027,coin,2025-07-31,0.34819304794559325,0.27104483403518076,0.09907132022227116,-25.290222156293098,0.8556100707167761,1.4198749564879019,-0.3880511031610646,-1.0457810305755295,-2.132280509127983,-1.0236058964693693
1027,coin,2025-08-31,0.49860992719538677,0.26039852398267355,0.10454373166995033,-25.528125567478053,0.7507622064494165,1.2673554487398115,-0.48312690625384797,-1.0431779611015695,-2.0497476467465643,-1.100860930786064
1027,coin,2025-09-30,0.3943400468814233,0.26299420229416864,0.10446210893713677,-25.533490530492582,0.7565955965810508,1.4735117493052243,-0.42187936456130476,-1.0290799271683164,-2.1908449326115935,-1.0462256269381318
1027,coin,2025-10-31,0.2718149645226464,0.2645798542276808,0.10317945964818521,-25.531338265869778,0.8593825192692658,1.684127089763759,-0.47301611890171363,-1.0509042807646698,-2.159789521963097,-0.9409697730877775
1027,coin,2025-11-30,-0.0007168778762710604,0.24227386517449997,0.1032080919925181,-25.492759928733054,0.8277167179859439,1.2377579229151041,0.5213319018564092,-1.08055117629855,-2.1415331336583607,-0.9961078186433985
1027,coin,2025-12-31,-0.03264721470474541,0.23999949477268856,0.10331767371069756,-25.53613142805368,0.8136224236723717,1.2390232464284856,0.4898964283755648,-1.1161589844809734,-2.1013882012163725,-1.006967869069302
1027,coin,2026-01-31,-0.2186541065382761,0.24624536092024432,0.10257693070229837,-25.50228059274341,0.9418350717431156,0.9497100840652741,0.5327735330658924,-1.1040335743849914,-2.0692518803993414,-0.8869957207624242
1027,coin,2026-02-28,-0.3754727672208883,0.23368118882713426,0.10262823333899311,-25.501669281643043,0.9401417762154015,0.4210613557781332,0.5646587981466682,-1.1128863076164228,-2.122503576151163,-0.9204927386274389
1027,coin,2026-03-31,-0.3219418076439181,0.22566698936625865,0.10300553683554119,-25.588649300829356,0.9741692184945675,0.6079293193499239,0.43103716453227175,-1.0931664965263108,-2.1248363981329494,-0.9214394270164475
1027,coin,2026-04-30,-0.26768903398313815,0.22536605323167277,0.10295730523165904,-25.538582590719365,0.953330976547781,0.7547697282600241,0.25619919329567,-1.0983076425373035,-2.0242812130403136,-0.8930855968349053
1027,coin,2026-05-31,-0.31164037278684453,0.19590389818660323,0.10279740800717176,-25.733573148602915,0.9754347584071316,0.349205620969967,-0.08255927810688854,-1.11206733703769,-2.1177746495709258,-0.8851406276003866
1659,coin,2021-11-30,0.8586707105863209,0.28759530470138606,0.1882277725972418,-15.385166158704815,0.7970959313866016,0.8931070355460313,-0.44751666144550517,-0.057325515356145634,1.1196932309034142,0.5559490796043028
1659,coin,2021-12-31,0.8248481220259725,0.28766095814495424,0.19312363468437577,-15.51584731383226,0.7673698346627275,1.0900818407532509,-0.6771539342045481,0.15405474595117344,1.1192027939054903,0.30450677288441763
1659,coin,2022-01-31,-0.06492567689949924,0.3335185930062439,0.19694192759713083,-16.404569752310532,0.5662561702498677,0.9244541189244493,0.06681117187825496,0.46497370782913156,1.1041124352682363,-0.24929851304132716
1659,coin,2022-02-28,0.0998367150842363,0.33441444051170555,0.1973587918332088,-16.456584358117922,0.5373987064285544,0.1776075203806817,-0.42006427113421074,-0.4543919902563441,1.2568856459463518,-0.378138630487287
1659,coin,2022-03-31,0.23729098285007622,0.33084879100961084,0.1975696855348886,-16.77082101629458,0.5322793457626821,0.6148408141751627,-0.2209671505059493,-0.5649452793410823,1.243561260813732,-0.634346085508134
1659,coin,2022-04-30,-0.12411170434662966,0.3384381939744308,0.1923689152341541,-17.18966600273899,0.511405881187656,0.8548398581332868,-0.1381546613590859,-0.5725843364091108,1.1842542429799763,-0.7272182036492304
1659,coin,2022-05-31,-0.42233400731129345,0.3534086808720177,0.19315384779543,-17.303215343812536,0.5433047521037473,-0.05111703733254175,-0.09161049815697518,-0.5894779446395455,1.242634822407859,-0.8403117849416957
1659,coin,2022-06-30,-0.6761011240462029,0.38500843243378197,0.1858096504842212,-17.068913924179192,0.4232462554024956,-0.2992081555257066,-0.022257126735881705,-0.6060791695789636,1.2762651486541752,-0.8926766680197938
1659,coin,2022-07-31,-0.510702419867822,0.40607549042819824,0.1852484797033374,-16.855500986025096,0.30628369438456615,-0.19373199752137596,0.0064435574273057385,-0.6098506693675928,1.3338944618972797,-0.9318335147382082
1659,coin,2022-08-31,-0.4813468697351637,0.38234153130179016,0.1846286524914316,-16.875023098184627,0.2941034305570103,-0.032902598197690223,0.6807265365404302,-0.602508525055131,1.3170747364550683,-0.9492368907520451
1659,coin,2022-09-30,-0.5465456362726913,0.3871199707698358,0.18761076078009598,-16.742894378217056,0.31245098004822514,-0.08876190507632187,1.0510548695369095,-0.41642404780443565,1.1620548305108536,-0.9432772782711588
1659,coin,2022-10-31,-0.43292349702554145,0.2980876723769007,0.18776833694483747,-16.88615503162529,0.32287990862008925,-0.06278454629516925,0.3510461762785804,-0.40274585340470365,1.130270114469173,-0.9368607360705038
1659,coin,2022-11-30,-0.5527978625059091,0.3032483786085036,0.18867120486701686,-16.76971517431789,0.3154665884581804,-0.33038574760235734,1.0921169476992594,-0.5430523252686315,1.2809168605199297,-1.0426518960040154
1659,coin,2022-12-31,-0.533594980466317,0.2949580482459868,0.1867771508082014,-16.693422001312783,0.31089200230023695,-0.16506966360318556,1.0226641874432578,-0.5425679950878584,1.2075054963017897,-1.0493856163599038
1659,coin,2023-01-31,-0.22820137086384074,0.2994229254076611,0.18358878679244203,-16.696629976270508,0.27592520044588514,-0.14686744281929673,0.28827188853558366,-0.5058879015520017,1.1045260495336775,-1.0680780517815334
1659,coin,2023-03-31,-0.036388512234866166,0.27958045594958486,0.1834682075311291,-16.67231316244386,0.3325216942761571,0.022257554269374633,-0.21903101634622482,-0.6153796059819648,1.2192684868477255,-0.9697498404391093
1659,coin,2023-04-30,-0.0817923652464384,0.2724496000459166,0.1689756714652108,-16.74249712197509,0.20986393791373942,-0.3436081449994042,-0.1961262464170695,-0.769167413843814,1.0650594918839664,-1.1415727225755619
1659,coin,2023-05-31,0.016720359891449377,0.2580220078770744,0.16770378484369197,-16.723711907450312,0.26944174793321957,0.41906229180715215,-0.1428435931304617,-0.7641402881919989,1.0286173857683183,-1.1113395301531626
1659,coin,2023-06-30,0.07475214666639318,0.21526448999455886,0.16785994888411943,-16.87745917955798,0.26788384059960435,0.9690383262952149,-0.2730964537492935,-0.7545451110717276,0.9871887332710004,-1.1195896148899411
1659,coin,2023-07-31,0.049283498719177254,0.16344500544342394,0.16755884568041515,-17.07553015335668,0.3521635642998545,0.209197072503299,-0.6085626698095599,-0.7427405572892306,0.9031216068832627,-0.950096548529854
1659,coin,2023-08-31,-0.04985498010665246,0.16595779459456408,0.15921447791265847,-17.067458268428748,0.47219601340437717,0.22495235787823906,-0.5594465120263751,-0.722995761148007,0.892437326491075,-0.9049884748425457
1659,coin,2023-09-30,-0.0504207613973241,0.15305142162258906,0.15838978931593173,-17.28621012513145,0.46468570865335823,0.25683320281231004,-0.6863862257985421,-0.7323258845657864,0.8172555537137753,-0.8863334022801734
1659,coin,2023-11-30,0.6131486791068947,0.2451353629372489,0.18595739725117713,-17.319051645002254,0.547429545690916,0.9698537753799698,0.003429153327603322,-0.6610868437762639,0.8059651648331689,-0.8722700987037403
1659,coin,2024-01-31,0.5702319958889575,0.22355497906735763,0.18340750944280387,-17.763685464583663,0.6644643337223911,0.1812802721122833,-0.2923125720789569,-0.737386551306243,0.7041860939346252,-0.842153888618489
1659,coin,2024-02-29,1.3539800122508692,0.30247258317068815,0.17508505503501928,-17.658664753921443,0.7222532642170473,1.3163958568063585,-0.03310007923638592,-0.7428270005415986,0.6008170667071664,-0.7235517927122326
1659,coin,2024-03-31,0.8803637380675231,0.3091941975423344,0.18411250754769956,-17.716030435628745,0.828224389159803,0.009720367060057772,-0.17395454378342734,-0.6029405101324267,0.5715143272433277,-0.4468455109671428
1659,coin,2024-04-30,0.5054941011562393,0.313384095926957,0.18304321111100685,-17.772047597152067,0.9611252114602591,0.8740747902213859,-0.2105592671525523,-0.5187105745213698,0.54352519869196,-0.25138044540616683
1659,coin,2024-05-31,0.46749488857991994,0.31315280128352563,0.18211496140606287,-17.98040133365516,0.9218870729567248,0.7743291016696513,-0.18912203702487762,-0.5007136512923145,0.5035904891203781,-0.3376023190532498
1659,coin,2024-06-30,0.14561770140188268,0.32268469252709503,0.18066026823215234,-17.932410740463997,0.9365296262744454,0.8917091651878598,-0.17720524833745782,-0.5002666071441411,0.4987906020118971,-0.3431632282865794
1659,coin,2024-07-31,-0.22320012317931304,0.34176362965223583,0.18668438319104147,-17.48428339153147,0.939124410372112,-0.3336722448153826,-0.012410880824708568,-0.4049266943631947,0.7513646271814984,-0.32260383424868794
1659,coin,2024-08-31,-0.4279512733780846,0.35126753076634953,0.18695375207134143,-17.255156518274813,1.0880356169227103,-0.7710340174827041,-0.02324392546535822,-0.26566617616709287,0.8712772242173649,-0.11068818874445763
1659,coin,2024-09-30,-0.3599374466349692,0.3506881845811572,0.18695360145767748,-17.195624193171042,1.0336651001212693,-0.8262219506586649,-0.020522930523631702,-0.24191413787446975,0.9508584765481947,-0.14739356933690922
1659,coin,2024-10-31,-0.24191411932879014,0.351735749936604,0.17744891358550782,-17.122876474088095,0.9467042434400598,-0.045602914538983734,0.023173175316632415,-0.382109340119623,0.8625397108986721,-0.382704226619885
1659,coin,2024-11-30,0.04056846497165911,0.3042522487135377,0.17957230693116336,-17.05510167849291,0.8374684624325761,-0.7588084480477332,-0.4830616538750315,-0.45209284704499114,0.9134531881233402,-0.6407586954334371
1659,coin,2024-12-31,0.039578337761343896,0.3058956987123228,0.1687297607330031,-17.0475496972296,0.8977864760765834,-0.13079396387238929,-0.3071523197152427,-0.5168670290440895,0.9345751409861518,-0.6046161850680492
1659,coin,2025-01-31,-0.09520609537167857,0.31301591395117734,0.17202905218196338,-17.00143004350741,1.0581255981987907,-0.346767765835604,-0.27070687794354714,-0.5047467537646819,0.9436943202090367,-0.5006938534304146
1659,coin,2025-02-28,-0.33585815352003734,0.21522714413630203,0.17048416368831357,-17.014125608264663,1.123464442030804,-0.35298582339678103,-0.7376266461564974,-0.48038739288443727,0.9493122676634166,-0.46444264466516166
1659,coin,2025-03-31,-0.4183906042487512,0.2197686956616117,0.17048589150632942,-16.983022518721885,1.2268928808254422,-0.4076834436785837,-0.7034635537329235,-0.47209338460437,0.9449935348402285,-0.44315473018170215
1659,coin,2025-05-31,-0.27863389483307255,0.2248085362975594,0.17278659993849718,-16.9309924358633,1.212324486002499,-0.2608117238933049,-0.6466074794674922,-0.4613839548942591,0.9561810460911759,-0.4654623086270707
1659,coin,2025-07-31,-0.2602536390112712,0.21696466605220427,0.17107667528300233,-17.17474763546787,1.598106068569623,-0.3717561143066366,-0.7818994566917492,-0.4737001951214012,0.8847977751468415,-0.3024708232815132
1659,coin,2025-09-30,-0.029138349224580917,0.20547346131197156,0.16975499915134143,-17.458189343905243,1.5435810479955472,0.12031269256285758,-0.8278154420706398,-0.48181868902173425,0.8507989120072775,-0.2696078679135444
1659,coin,2025-10-31,-0.04846360082818957,0.19981663331463373,0.16974826476281013,-17.505540318124115,1.5789574676920528,0.6102856788912393,-0.925711918444866,-0.48559438930059073,0.7618813600296964,-0.22720851171709874
1659,coin,2025-11-30,0.013936744548428193,0.14980285456553039,0.17341601445376656,-17.89111003656349,1.64870808337353,1.294697167143186,-0.6027800866542563,-0.48462724325506135,0.5680556226597512,-0.19238060767746568
1659,coin,2025-12-31,0.017064509116021087,0.15017627599304456,0.17353192136070486,-17.92148733571847,1.6407817843446926,1.4178465287803685,-0.6542235617384836,-0.49392331041883136,0.5729308266450516,-0.18933384310891405
1659,coin,2026-02-28,0.0010297837798747267,0.11980440590418769,0.17821665306066134,-18.10714892554055,1.805796626281352,2.038296324084991,-0.937484105503281,-0.4284195573576888,0.5053876196451691,-0.10254167878986206
1659,coin,2026-03-31,-0.02954883445825751,0.10217534142044876,0.17805855536150006,-18.19352258686129,1.8435946744170137,1.7371205171874913,-1.125106741931761,-0.4146456945746797,0.4644982197271066,-0.08269990125461166
1659,coin,2026-05-31,-0.09230781078842432,0.09058260267972448,0.1772520764546034,-18.234150367381805,1.8728089763461389,1.3955952404552383,-1.2262300451174855,-0.4341611686739691,0.412531566983769,0.01679713860296433
1839,coin,2024-07-31,0.3088129645000086,0.19935154999992002,0.11019727790133205,-22.825861717452025,0.6489184630346888,1.7575702173868408,-0.6477162161094056,-0.8734986806925216,-1.3047800750353022,-0.6221727190779657
1839,coin,2024-08-31,0.13136694316272135,0.1971841488814664,0.10837281509650487,-22.95579292402108,0.7521657341321499,1.6359157795114245,-0.7075731078040761,-0.7472987582294697,-1.2902795124442727,-0.40307481837566284
1839,coin,2024-09-30,0.12333604171404011,0.1949164445902969,0.1068935808716124,-22.956603511706177,0.7055977650961023,1.6210990157488254,-0.7247169937349788,-0.7509533435857455,-1.2772784568032194,-0.4282999425706985
1839,coin,2024-10-31,0.0841206872108371,0.19603112902713046,0.10653164506343239,-23.090199966849294,0.7919139333902944,1.4214957111333089,-0.6884601293389414,-0.8384387097378925,-1.3489370565331347,-0.5166212008965012
1839,coin,2024-11-30,0.15455768088604716,0.19421045269548765,0.10894775238932548,-23.046564865391858,0.8160765264750978,-0.3802344355908695,-0.980704249147716,-0.9222131697745202,-1.3157252106775488,-0.6596598373835655
1839,coin,2024-12-31,0.17446452721637518,0.17522255687657093,0.11023237189741274,-23.412787999276397,0.7747264407443524,0.2877808553705874,-0.9693246312084246,-0.913502118846408,-1.3859653496423474,-0.7136540418637072
1839,coin,2025-01-31,0.12166199742788475,0.1749179873661648,0.10990980790237989,-23.4456014445873,0.9089637252873812,0.10836627726657931,-0.962607196027394,-0.9284307019050668,-1.3869459877465085,-0.6336055009260115
1839,coin,2025-02-28,-0.028683956833753133,0.16575307950513493,0.10992008917973393,-23.580517985440686,0.9465886368603784,0.5846030107900235,-0.9831610762818185,-0.9096588974482077,-1.4672749079288763,-0.6239785499448205
1839,coin,2025-03-31,-0.0014553191107423702,0.07172892965280797,0.1104043224089664,-24.249719191930286,0.9789242627283216,0.9547475068709295,-1.802141123240828,-0.9038477732789597,-1.6375127220057828,-0.6710203856302226
1839,coin,2025-04-30,-0.01326875477737155,0.07019560077977531,0.11144638500330994,-24.311604856698153,0.9682962824594821,0.6996932001687518,-1.8264122484139607,-0.9234776783910515,-1.6466797702489682,-0.7084377732996526
1839,coin,2025-05-31,0.06906668570874697,0.07504724161295037,0.1114577524550157,-24.171227188725343,0.9175701387673313,1.1686064680635748,-1.7769073626474092,-0.9264675220131625,-1.6646170704804755,-0.7326692431842162
1839,coin,2025-06-30,0.045599558313893285,0.07455569666364859,0.1106608845861395,-24.20086331393542,1.3050887973712033,1.2571297975833504,-1.7618197447476616,-0.9248674845110592,-1.5829133825985566,-0.5596228462165399
1839,coin,2025-07-31,0.20561800374170702,0.09028142085030798,0.11004468473502076,-24.028946298825506,1.354170967020639,1.0000487258724053,-1.7044925144351464,-0.9585979101964726,-1.6633777985987868,-0.5393881370681347
1839,coin,2025-08-31,0.26486060531011346,0.08552088261130453,0.11081485182828145,-24.03889511242482,1.292204890220943,0.734309777437317,-1.671255218851464,-0.9940493488757983,-1.5166342960626074,-0.5775815275996741
1839,coin,2025-09-30,0.4132212466705485,0.09360781740160146,0.11324534358848992,-23.98421707397441,1.180577350537098,1.5338454569506381,-1.6172750338913773,-0.9554620515548737,-1.6072954198730653,-0.6278293795451979
1839,coin,2025-10-31,0.4473033011167673,0.09310260795039627,0.11382573964435273,-23.963582518463262,1.2330700792125053,2.272510651284575,-1.6716444146002492,-0.9604948558280724,-1.5890716510302691,-0.5703013601194817
1839,coin,2025-11-30,0.13613471262555077,0.11441936737270854,0.11482436861083209,-23.817656324614738,1.1116574729999757,1.7695190061985506,-1.032914913632199,-0.981952371391203,-1.5444467174499028,-0.718137890178619
1839,coin,2025-12-31,0.07906662807079035,0.11440047901138867,0.11255075772421545,-23.86208873358744,1.2121841225882235,1.6408808871188358,-1.109916477724817,-1.0343357869518734,-1.5134520906147126,-0.6129958946564097
1839,coin,2026-01-31,-0.045331325734819905,0.11856391939128828,0.11273380082693796,-23.846247058844085,1.3801309567553581,1.6311531317881942,-1.090660781241827,-1.0142880095510665,-1.4884400405695049,-0.4834574260440611
1839,coin,2026-02-28,-0.24661868598948355,0.1290084476146019,0.11431285095393069,-23.749556064552657,1.221030816194517,0.9745431991881606,-0.8160740552250614,-1.007079991300226,-1.499831289715389,-0.6550826991293953
1839,coin,2026-03-31,-0.2430295003380244,0.12892128250034468,0.11402716261182044,-23.78330946015045,1.2500959533990348,0.9126804282429822,-0.7880755829307099,-0.9935249030580189,-1.4927134978393926,-0.6552513861645259
1839,coin,2026-04-30,-0.2415576159410725,0.1288578145594108,0.11440851689034656,-23.789366228455748,1.2901786844977512,0.875583576514101,-0.9107860604555055,-0.9936382472849343,-1.43240821567908,-0.5566694394383099
1839,coin,2026-05-31,-0.11807530075230266,0.1330843661483249,0.11694809655447135,-23.818107489916375,1.1794149908384748,1.2726639539525648,-0.7647087146828204,-0.9832259997133389,-1.4714962885338638,-0.6801230646807546
1958,coin,2021-08-31,0.34784627880851815,0.3845908787287708,0.2243874555711148,-22.576931702612043,0.7941192116374308,-0.7071067811865475,0.7071067811865475,0.7071067811865475,0.7071067811865476,0.7071067811865475
1958,coin,2021-09-30,0.248924774635096,0.37872967235627153,0.2240270149561001,-22.625739127668385,0.7774451762031896,-0.7071067811865476,0.7071067811865476,0.7071067811865472,0.7071067811865476,0.7071067811865475
1958,coin,2021-10-31,0.28397925449404315,0.3749653793021444,0.22535447517524992,-22.60423405889394,0.7403002489092273,-0.7071067811865476,0.7071067811865476,0.7071067811865476,0.7071067811865486,0.7071067811865476
1958,coin,2021-11-30,0.1289879492813637,0.37928997616617965,0.22540174119083453,-22.711243199284183,0.8083361827892472,-1.0804067084202151,1.1456024760621386,1.027429666905078,-0.3154794705614715,0.5984902145749691
1958,coin,2021-12-31,-0.1485162894347294,0.38335289295668035,0.21770271550684964,-22.728130259324754,0.9025026799331938,-0.8748760084812766,1.14857506095403,0.9140328428727946,-0.31355499973138906,0.8123484583365777
1958,coin,2022-01-31,-0.30610460393097794,0.39691337612987937,0.2029344107530333,-22.622975685888917,1.0178479339756463,-1.061425220760067,0.9649191109827653,0.6828543875198628,-0.25930752384619665,1.1010649920281048
1958,coin,2022-02-28,-0.21018895320578868,0.3830760472297129,0.20084922396079055,-22.751493073429728,0.9959532615067281,-0.9671690766115355,-0.14132485263155262,-0.44333802173230846,-0.41649714308930086,1.1339282370409132
1958,coin,2022-03-31,-0.05139126802449501,0.24896251691714974,0.20136076718296195,-22.745295344743848,0.9314475473745886,-0.51301595714362,-0.7029891606290691,-0.5506199895787092,-0.5724550048826831,0.4400191778195819
1958,coin,2022-04-30,-0.18842731176992822,0.21347989072835813,0.19983321736940787,-22.771294505901515,0.9494947245577466,0.3196017400167694,-0.7910760569053725,-0.5433838286174212,-0.5733869236044852,0.39205856344928214
1958,coin,2022-05-31,0.061010579007925836,0.20286155556227822,0.22005468341937112,-22.752435674834263,0.9592440476108837,1.6450790949849607,-0.8702793173569668,-0.4791042048581924,-0.5521772331545186,-0.15203883195860027
1958,coin,2022-06-30,-0.15841344366514676,0.21271175379087606,0.21857560386654332,-22.6288455023517,0.9555049826555236,1.752401591255357,-0.948589674527112,-0.46766655385878325,-0.5254898318748723,-0.10478455750827487
1958,coin,2022-07-31,-0.07948084371434994,0.2117538966533388,0.21812870131209308,-22.595104728064356,0.9615236216045984,1.616583191778623,-1.0726553746442902,-0.4669022705047798,-0.5291668386902553,-0.03027252406946904
1958,coin,2022-08-31,-0.10798862780040641,0.1801282146232922,0.21412606469161966,-22.63571790290906,1.0148702850002365,1.529530855083028,-1.1492872359320523,-0.4704690362924869,-0.5202122670333514,-0.0064066060518535375
1958,coin,2022-09-30,-0.09641086208396654,0.18013997219526665,0.21417287511023766,-22.59313553992831,1.011643628134262,1.7573969748060843,-1.3323619844144694,-0.2927325315084367,-0.6924521575186243,-0.053232533866311285
1958,coin,2022-10-31,-0.045339230195477476,0.17476980924877206,0.21019391307599192,-22.562920021060656,1.1289587808240298,1.5939155633417725,-1.2292789742196017,-0.29610956052032017,-0.6773645730523595,0.04483468819830312
1958,coin,2022-11-30,-0.17062772579896957,0.17770793790088785,0.20954207845034195,-22.29113514834427,1.148439910028821,1.7488176286752155,-1.0491373976968688,-0.4392455762765511,-0.5858749525626724,-0.2543504371802067
1958,coin,2022-12-31,-0.16332131106478465,0.16767678176077688,0.20888187503119962,-22.353679317915386,1.1418497482976073,1.7682262036671657,-1.1836573697705084,-0.4309265448081309,-0.6669099367575215,-0.27283718348775154
1958,coin,2023-01-31,-0.027399736488930126,0.16021329496106182,0.21053302788209677,-22.254882835579963,1.2436002125707701,1.0924944371980396,-1.9122485041744324,-0.3600354998782461,-0.8129276173604483,-0.14954942056750062
1958,coin,2023-02-28,0.06832520305720458,0.162351594887093,0.21023377645187924,-22.084193482961116,1.2024165623809506,1.0041160798070032,-1.4922680092883334,-0.5015077687770622,-0.7323677234024791,-0.28717597641214715
1958,coin,2023-03-31,0.04584174237862371,0.1534703585267706,0.21147718609622235,-22.044811203016412,1.2911679227040616,0.6401517901541325,-1.5669948457882306,-0.4556533749215791,-0.832717435073055,0.043319587387821545
1958,coin,2023-04-30,0.06895978916428835,0.14596810056341783,0.2113985759824213,-22.040197786789285,1.410001948392686,0.5298173251876694,-1.6193839148488705,-0.536572346912296,-0.9198592576763664,-0.05480662320308058
1958,coin,2023-05-31,0.18307676384601312,0.11054951180007344,0.2124135263862352,-21.963089295306364,1.383140502196838,1.306856971563701,-1.7873921262012484,-0.5153331855423551,-0.9020597526887907,-0.12057732259321757
1958,coin,2023-06-30,0.17395837471915865,0.0842048113483847,0.21257329820894974,-22.0363961471265,1.3873766830234386,1.492897091401951,-1.6351614778548687,-0.505172824559299,-0.9086327922920109,-0.12959184724088946
1958,coin,2023-07-31,0.17067019200470357,0.0829077641099833,0.21249537269980995,-22.04862010951451,1.456829282542497,0.6023468342686664,-1.353826458408422,-0.49306432037082465,-0.8967802185023697,-0.003586676442464597
1958,coin,2023-08-31,0.12899133579218147,0.07825332418443474,0.20190984413099383,-22.080921355211597,1.6690921374219823,0.8433987516133525,-1.3703433946212655,-0.48698966793196397,-0.9305411959701111,0.13873402846720895
1958,coin,2023-09-30,0.24285195053121833,0.08520920121385807,0.20258299383191472,-21.76064923091702,1.6063771259696686,1.4769709102699475,-1.3147449965548468,-0.4858877295141787,-0.8370144099564122,0.08759898630028441
1958,coin,2023-10-31,0.28497381741943917,0.0870068779572069,0.20128620087432783,-21.702695135949543,1.5741999870787695,1.0369905989360362,-1.2153357375902296,-0.5601896953554453,-0.811094913170657,-0.017759909351183385
1958,coin,2023-11-30,0.2979591856182717,0.06687769505588874,0.20043970839798408,-21.78143958968569,1.66826218369442,0.08376100525254274,-1.5961784503886132,-0.5705319528574335,-0.9188820444202892,0.10932601410292214
1958,coin,2023-12-31,0.2876696945744317,0.06455839544782366,0.1864196057906263,-21.739833414739447,1.6794869412045277,-0.7567194232755274,-1.2303856331452405,-0.9151787403493012,-0.8020189665563365,-0.19101054424949357
1958,coin,2024-01-31,0.2713989054789767,0.059318140754072234,0.185868796513812,-21.831711107515655,1.7406502251116134,-0.4497519397070967,-1.1419556581786103,-0.7206085936192754,-0.8272618832156071,0.004108318532737998
1958,coin,2024-02-29,0.47042008478964425,0.08198779396224297,0.1860141398248515,-21.823378548265996,1.8493990168289023,-0.6660572931631922,-1.2834838966366564,-0.6516274436226651,-0.9064912724692183,0.4462003088022687
1958,coin,2024-03-31,0.22528454102963136,0.09361381128573872,0.13956647269486674,-21.72950822330773,0.14853087695293787,-1.0052596125166482,-1.1001735122224554,-0.8394233075449608,-0.9380593474175878,-1.108635149211867
1958,coin,2024-04-30,0.14103051020930057,0.09657653869855509,0.1272738336906004,-21.752300453211372,-0.06556052638567374,-0.0982386839658311,-1.1713417470636662,-0.8292737001566964,-1.0111679616756488,-1.2700046187604028
1958,coin,2024-05-31,0.03665562820674251,0.09948862772917831,0.11898440116496649,-21.844447036381556,0.5104276402942673,-0.5054674597522427,-1.147551230913972,-0.8607684610810392,-1.0315080397606764,-0.7588163596492506
1958,coin,2024-06-30,0.10306182436028921,0.10124242883796317,0.12054196562802527,-21.712712176500478,0.41577171998324997,0.7153801645930287,-1.1702783478993586,-0.8546367620179124,-1.008276456043529,-0.8689952011314517
1958,coin,2024-07-31,0.1017845820948482,0.10106436851467475,0.11858553362376774,-21.708932442397753,0.37047037099618035,0.9437809437897301,-1.0861788166143493,-0.8221109123776859,-0.8748381980231539,-0.9096044039904391
1958,coin,2024-08-31,0.2823285011041672,0.11071769264375632,0.11792393963738605,-21.583368761441868,0.051826174836175375,2.285558291583211,-1.091595827016497,-0.6887586981167098,-0.7698862645623377,-1.0127452110843855
1958,coin,2024-09-30,0.2162513375066455,0.10902212062467043,0.1182911428830039,-21.857690111832046,0.06332755802820528,2.091626692054914,-1.113017676539801,-0.678485139470225,-0.8522587861134588,-0.9782412968043266
1958,coin,2024-10-31,0.25273432240747584,0.10852657354631105,0.11847341172277051,-21.898490506239625,0.08651587757318012,2.1802270720333654,-1.0883914584511125,-0.7615973569143847,-0.9072921903106227,-1.126896955659606
1958,coin,2024-11-30,0.42938292641793074,0.11896067577867857,0.1182506083951596,-21.86152026645895,0.005339755919962772,0.5324983619010332,-1.3210067126991918,-0.8602876582277076,-0.8748185841738187,-1.3759975645958744
1958,coin,2024-12-31,0.6411309004974466,0.12868579187055787,0.1199105674178089,-21.808502613582405,0.029365466269989322,1.7359260927154467,-1.2051447608887815,-0.847880182110982,-0.8010997060686632,-1.3740842373889433
1958,coin,2025-01-31,0.5104099076426114,0.13052996866940716,0.11581800366151383,-21.842727005294144,0.1580587470642435,0.924218926863493,-1.185000717891693,-0.8881338867289225,-0.8072401505953963,-1.3027042177781283
1958,coin,2025-02-28,0.30030734455015695,0.12528407151519264,0.1163463259320389,-21.974110194645668,0.20591536925685758,1.5887842670599552,-1.1840043845611192,-0.8641104375447353,-0.8760789752124231,-1.2920404148772
1958,coin,2025-03-31,0.24329450200790026,0.1131742588219334,0.11403471455277214,-22.153751623436087,0.28686762163169527,1.754523259415163,-1.4945544879290573,-0.8777592778510551,-0.8926282713118057,-1.3069715851857255
1958,coin,2025-04-30,0.20853639319465866,0.11000576948149418,0.11157054738187144,-22.149217292705448,0.3095626596806282,1.479879011113281,-1.5300270012432116,-0.9225708430676752,-0.868218206600287,-1.314848507710953
1958,coin,2025-05-31,0.21949755441009766,0.10219381871667275,0.09244698684096153,-22.183798136439624,-0.007522381776016586,1.7870369004157725,-1.5720228296064072,-1.0706345013099303,-0.9452135573566459,-1.5713036481211222
1958,coin,2025-06-30,0.21555625071362838,0.1019160843644644,0.08835471390857219,-22.369669343796147,0.3867332334158145,1.9218722513320678,-1.5584969487247697,-1.0918753157187586,-0.9253732382082634,-1.418075214302484
1958,coin,2025-07-31,0.3150614052886518,0.10398166672899281,0.08942508270436146,-22.348006532980843,0.3272931051658597,1.3223155783482583,-1.6047180595188066,-1.1224201585067837,-1.0384572407571193,-1.5367236704650384
1958,coin,2025-08-31,0.28946721748084125,0.09449021357934338,0.08812088227048433,-22.637293137181118,0.3080549924908311,0.7904230871882792,-1.610317091000374,-1.1718362836050444,-1.0148901081083563,-1.5287170523110374
1958,coin,2025-09-30,0.20399890345293814,0.09529195905266993,0.08816449022526339,-22.636997798797186,0.308199328541922,0.8652883827412889,-1.605389688811827,-1.1656806346242161,-1.0998516575895145,-1.488714753279206
1958,coin,2025-10-31,0.05289810124772343,0.10859008294491096,0.09104837859418828,-22.66378070277528,0.26827259601449743,0.9501348131797206,-1.5633867526633956,-1.1539228057655087,-1.115898373808204,-1.5273039212620885
1958,coin,2025-11-30,-0.008705155607574233,0.09835897544652848,0.08844870021999915,-22.84368617104476,0.40907870918024547,1.206718055534752,-1.228151009631432,-1.2058287017696092,-1.1972775351621041,-1.4059425299535344
1958,coin,2025-12-31,-0.01726848209251275,0.0733540069189457,0.08845294174518878,-23.15325565350278,0.40326983062240446,1.2943437067296948,-1.6327444266967936,-1.2478896064541116,-1.2645046978460652,-1.412594956993469
1958,coin,2026-01-31,-0.02581836493464118,0.07324213643711341,0.08842139856445573,-23.14808518103177,0.5123193699598114,1.7078710993636748,-1.6669147516884883,-1.2291111043372158,-1.2435774357667964,-1.2824501153378016
1958,coin,2026-02-28,-0.052387792294398605,0.0679092998650853,0.08775159452560073,-23.19319599457881,0.6123664647692381,1.808845629209536,-1.6220298335253474,-1.2475969506073714,-1.3021100503154182,-1.2302052797927259
1958,coin,2026-03-31,0.03610311167332747,0.073034381335279,0.0859941144758244,-23.079215411830567,0.5169649449792982,1.9906614928306352,-1.4923180328924888,-1.246959164277051,-1.2461815364464492,-1.3625069077674228
1958,coin,2026-04-30,0.06355571885887645,0.0731652909212591,0.08602541446687396,-23.0867724433294,0.5033568601657339,2.2862194659050665,-1.5842244603689386,-1.2530729913626133,-1.1946753093895637,-1.3424832313993653
1958,coin,2026-05-31,0.1333850523266764,0.0730374287552551,0.08486865203554803,-23.0963877454631,0.54307867932523,2.4723285216597533,-1.4167508929950325,-1.2753077962015489,-1.2279879533892977,-1.3196954302413448
2010,coin,2022-11-30,-0.47429073227843,0.15279510826098627,0.46861699200902346,-22.257255049380415,2.91820748606084,0.09673368050724797,-1.474057880864462,0.849331272917623,-0.5744200928219394,1.4205055586090938
2010,coin,2022-12-31,-0.5395224838992237,0.15596265058733574,0.4686749402933732,-21.811918951688767,2.911671726027762,-0.19601871247450112,-1.386712704193946,0.8811764376081298,-0.48750396019592024,1.3811006850610952
2010,coin,2023-01-31,-0.15043345687280696,0.25334943006287464,0.4687932832664837,-21.58186917931404,2.931801341462684,0.3331216189679253,-0.44002302715650304,1.0379581708046108,-0.5807552898788876,1.4529111707523374
2010,coin,2023-02-28,-0.16027752006713236,0.25350042782497495,0.4694799788831753,-21.513407826524016,2.9329661088553163,-0.5590602454349115,-0.5602381008531311,0.9070360066332782,-0.5037218768935637,1.622502691330042
2010,coin,2023-03-31,0.004607310845212265,0.24896688599789127,0.47014570467180294,-21.495544476389462,2.9769510787853637,0.3303081968898612,-0.5462529107725017,1.0194503126345942,-0.6229290681148241,1.8248061532633577
2010,coin,2023-04-30,0.01639499078774964,0.23311180353877517,0.47028769087639716,-21.564873421667127,3.108502917826726,0.22526821995743454,-0.6387824512144027,0.882857361918147,-0.741766854170038,1.483244215296373
2010,coin,2023-05-31,-0.00605088511538987,0.22901275222510764,0.465856479996421,-21.518470237286103,3.245098549903764,0.2975389257813613,-0.4663420765561961,0.8950620616481402,-0.738220466625582,1.5358469650947757
2010,coin,2023-06-30,-0.20447212662089564,0.2260162289362927,0.46896126342487104,-21.489924653904286,3.2379261390019067,-0.5054062308983633,-0.1613567660579636,0.9247369023029245,-0.7078138199978947,1.506899035877459
2010,coin,2023-07-31,-0.1164604432161076,0.22334058978682692,0.46781773537306154,-21.45024222600911,3.437171952905892,-0.32761787419465027,-0.05430963892541632,0.9255572541415992,-0.6802103486052526,1.693228800547957
2010,coin,2023-08-31,-0.2329345986627127,0.2250813020168595,0.4652047261582737,-21.356138648742025,3.431988795496444,-0.4081326978208806,-0.012803135324814278,0.968418775065577,-0.6669981550671855,1.6760227506210237
2010,coin,2023-09-30,-0.22176312548472288,0.22515699411885515,0.4653963245297968,-21.356245726363955,3.4391343418062066,-0.456023025553422,-0.018540028762773775,0.9796595882126967,-0.6875001233679386,1.6510526357142157
2010,coin,2023-10-31,-0.11475530812656476,0.23032431627795888,0.4624046235114506,-21.296459770951106,3.419403149081792,-0.2730784325112768,-0.009411688774935709,0.9737087156171537,-0.6554192786329205,1.6097118647768633
2010,coin,2023-11-30,0.1404584139227727,0.23392850577107716,0.4623662015871809,-21.25757855363776,3.686653614330533,-0.35902118759332924,-0.09713636034612537,1.0672401388386463,-0.7163939915515474,1.8769808050660064
2010,coin,2023-12-31,0.6796109966228503,0.2654926377563084,0.4571181127061562,-21.282340583041872,3.5113289712945397,-0.19791967104771072,-0.2375983906640962,0.7784250047548665,-0.6272359711896692,1.355730750591767
2010,coin,2024-01-31,0.3699331473787648,0.22675141021376466,0.4528754999322471,-21.425212939149688,3.8855738171436953,-0.24168167372462362,-0.27577654001922,1.099507078729464,-0.6742316783197865,1.6907758242929667
2010,coin,2024-02-29,0.6831380133352973,0.2350045989389473,0.23214549346720095,-21.462390148714615,1.909418902214383,-0.18877973179615723,-0.41571547859725094,-0.2666767278804836,-0.7758410400982403,0.5084889586061088
2010,coin,2024-03-31,0.5592532286724952,0.23541718587184593,0.2245403865815119,-21.494662476771868,1.8961059391407067,-0.4878083893733096,-0.49092989033754036,-0.3883198832021827,-0.8497277369462504,0.5929068655937049
2010,coin,2024-04-30,0.01915772129198623,0.26035349985347384,0.22565088249545204,-21.364612877036908,1.8969448205880857,-0.4233700763586893,-0.44556430229978256,-0.28144108697721915,-0.8597365715516855,0.6770910825576935
2010,coin,2024-05-31,0.0021011323590480746,0.2587820489104199,0.20273005694726032,-21.404475278539397,2.032582609366336,-0.6081106704226035,-0.43301185486953625,-0.3831388305475694,-0.8567171469572707,0.7994248520964029
2010,coin,2024-06-30,-0.14778892165545576,0.24987563930853837,0.20269511996688813,-21.374826333805956,2.0434461335056944,-0.3240123804176685,-0.5037224675500614,-0.3703811399299874,-0.8735738056003652,0.7745386514934145
2010,coin,2024-07-31,-0.17924585979860053,0.2503921109854166,0.20092062025525936,-21.430655207529377,2.03453139018067,-0.16089637876005025,-0.4200224643632374,-0.31771327644432834,-0.7677203711730637,0.808144347813605
2010,coin,2024-08-31,-0.27886702742016056,0.24639889516245186,0.1444977089337655,-21.4154767469592,1.3284166329001423,-0.1294702619470065,-0.48899608366635217,-0.5258846778509089,-0.7062252819796052,0.0985720000673913
2010,coin,2024-09-30,-0.2202521990238665,0.2458778068416825,0.14333869656269324,-21.375982114983366,1.2651005597381848,-0.1188489136142789,-0.49433702396193646,-0.5192272884631413,-0.665951681101635,0.05077213830263851
2010,coin,2024-10-31,-0.24603690268669032,0.2470171781049259,0.1319043201915198,-21.409623148292408,1.2686508078668217,-0.06415470617901155,-0.45543319420605316,-0.675173864827444,-0.7261190386007285,-0.10417187034433802
2010,coin,2024-11-30,1.1095079386949571,0.6609914104856954,0.2907923672594438,-21.436091750386378,3.8680895861387823,2.7912879570796414,1.1302217413776123,0.288256044282235,-0.7165340335257254,2.036988665538986
2010,coin,2024-12-31,0.591174238985368,0.6587243559077574,0.29068001059490106,-21.639284241860278,3.851578413614946,1.5809020635921978,1.4807695455889467,0.31000318291245615,-0.739408679793472,2.0126034623987827
2010,coin,2025-01-31,0.6841808336954782,0.6524950708120296,0.2886507019371072,-21.676994286354685,3.8392635593841096,1.288906341812766,1.4301567224253193,0.2906705372847543,-0.7473001938396461,1.9774570380727177
2010,coin,2025-02-28,0.0939521982882443,0.6640565863747889,0.28627903133647226,-21.65453266681844,3.760139216423692,0.9589257597395934,1.4898653164518891,0.34035390398861365,-0.7584669119980554,1.913747502118935
2010,coin,2025-03-31,0.10226221047185202,0.6634722324690747,0.2872541551055248,-21.64723176889548,3.8095761544740356,1.293668143849609,2.589483581651594,0.36701935869242014,-0.712616533875365,1.9301488817107126
2010,coin,2025-04-30,0.08405523441271212,0.6506772582890886,0.2884013637055046,-21.816402766085268,3.886628164053238,1.0420242782562492,2.4952524204312025,0.3689349444468592,-0.7484046629451615,1.9780924391824535
2010,coin,2025-05-31,0.04142381491001679,0.6508281406953168,0.2871934300479572,-21.82749688042522,3.8984225103538344,1.0549649482937622,2.568708668120717,0.40621324990247976,-0.8162407142695431,1.9695959890348727
2010,coin,2025-06-30,-0.16045051290574508,0.6524506061226546,0.2795451227248027,-21.936739722888213,3.938236422808495,0.4512172559607537,2.5326811257607464,0.3395804005339401,-0.7699180488156361,1.9017678212943818
2010,coin,2025-07-31,0.030514139923262462,0.6525872697960404,0.2730286439566512,-21.863873961791775,3.858936018294191,0.484438188813894,2.3905989219979538,0.33630577409882667,-0.8584719714427447,1.8933171351379479
2010,coin,2025-08-31,0.060466910497966264,0.6476974805929842,0.27335062532642834,-22.09233161786525,3.848880158983182,0.26820714500010906,2.148203503852902,0.2792729264752896,-0.8198052838821969,1.893327303341044
2010,coin,2025-09-30,0.093883080243093,0.649234064579776,0.27287423251510884,-22.190481516531545,3.8477881716921734,0.5134200714646208,2.3038973204520534,0.3824891880264855,-0.9316667849644296,2.0042437890864786
2010,coin,2025-10-31,-0.14738200704652038,0.6564194916277633,0.27101015837062514,-22.19672771627335,3.800745306256634,0.27862851420275603,2.2659483032614482,0.3743331696560691,-0.9458747674459541,1.9766287586434248
2010,coin,2025-11-30,-0.3716130826813837,0.1944426537242812,0.26997337301887664,-22.234596478760803,3.7480678304341906,-0.20342494481532314,-0.06012208963878188,0.3349503608560798,-0.9801690646046902,1.862832912774895
2010,coin,2025-12-31,-0.47321022712110605,0.19314064121474567,0.2703072680682948,-22.234873450528955,3.758259104887316,-0.34577240956557215,-0.10696651862026259,0.36369569294007537,-0.9419621114191552,1.9037592037591644
2010,coin,2026-01-31,-0.5067405592999195,0.18579909931856098,0.2698301538236937,-22.266941633137236,4.094105790378727,-0.18294258552346943,-0.23578401202995802,0.3738070197278249,-0.9345386423301855,2.015294704011498
2010,coin,2026-02-28,-0.49256848653383456,0.16796667690397754,0.2738765688064604,-22.366156498363285,4.0956701434868,-0.08191343525205458,-0.3021780163336161,0.43779820326817553,-1.0081937844839237,2.061143385932527
2010,coin,2026-03-31,-0.5268388594957203,0.16686815621935958,0.27429090922557686,-22.27526697328659,4.127838719506956,-0.18336174655066154,-0.30989914517584555,0.45534801387240265,-0.9646864920188108,2.1209229097088795
2010,coin,2026-04-30,-0.4849098127988638,0.16626758278543832,0.27544389987060447,-22.26847179057172,4.124142054105271,-0.24951094901626342,-0.45842418475824437,0.47829997664875457,-0.9177912883279359,2.273663213879522
2010,coin,2026-05-31,-0.44956752248412324,0.1648501985605997,0.27502359228438145,-22.21363049116537,4.123749720341596,-0.30881586190252625,-0.4197675159932955,0.4560437715048235,-0.9301455415904258,2.2791849205454144
2634,coin,2023-04-30,0.31473366148272564,0.2780764300953398,0.5405933522846685,-16.877287200329896,3.1173169435295756,1.9537781357547284,-0.13280924709645245,1.268327197305948,1.0145569492321835,1.4912256176427847
2634,coin,2023-05-31,0.17109993290757264,0.25891079718879606,0.5329927788738661,-16.895716784117376,3.1696293645480442,1.2429401848652146,-0.13293220492124844,1.2686716471659427,0.9652346861647451,1.4687085074108366
2634,coin,2023-06-30,-0.003324585438803651,0.22530278363735726,0.5338274250721352,-16.90648286296025,3.1761428748766014,0.5567539237227929,-0.16877139501425759,1.2865040991583896,0.9765230236313883,1.4522624261161192
2634,coin,2023-07-31,0.7278669346534825,0.329074676374952,0.5465935800065151,-16.857196546968378,3.18463318261348,2.407007301569873,0.9241170448053939,1.3632514364192085,0.9821427104920434,1.4768462015234856
2634,coin,2023-08-31,0.5735779193420112,0.3255636123596553,0.5463897945543226,-16.918734137517497,3.193242425941924,2.3807687998447995,0.9162349380126071,1.417183419023602,0.9465158928891564,1.467830115113839
2634,coin,2023-09-30,0.314333742324308,0.3291265007043604,0.5468459416377234,-17.01349190188782,3.2134471665587787,1.7743651989845268,0.9444318633806609,1.4338537022077096,0.9180837367756675,1.4585277149458868
2634,coin,2023-10-31,0.22614049048824336,0.32818800528143777,0.5497151611715432,-17.037440327820082,3.2270474347395925,0.844170724916863,0.8140482994712231,1.486600504811576,0.976702420866406,1.440053855225038
2634,coin,2023-11-30,0.0723685457070602,0.3167493722610584,0.5513519660940157,-17.20136576012868,3.3307611267282327,-0.5504423522935731,0.6460624560543708,1.6236496867733896,0.8514543003832398,1.565299408073694
2634,coin,2023-12-31,0.20523246675310558,0.318203677927071,0.5253214136938202,-17.20956157980045,3.4069679462576072,-0.8742520799262786,0.02283929092878628,1.205133549612924,0.9287501871324232,1.2676120676785607
2634,coin,2024-01-31,-0.10062300589877071,0.3343731030963101,0.5262624001884573,-17.27902183789869,3.412726966922359,-1.235333647743178,0.28098056886746675,1.5997666062668519,0.8866424488926135,1.3189511959322784
2634,coin,2024-02-29,-0.15930212571141456,0.33467021845037864,0.3269790856957092,-17.339621927735852,1.7883226263938075,-2.078971959178756,0.14949483924672086,0.524677878528746,0.7162862048546598,0.3828152178334923
2634,coin,2024-03-31,0.005564187582591584,0.29720944960339196,0.3269855313305444,-17.640287627037125,1.7837604436278989,-1.3456944192738585,-0.22544578130165221,0.15553355945821493,0.6000031730632305,0.48352067387849373
2634,coin,2024-04-30,-0.30272838319006146,0.3125161880528092,0.25798337674612787,-17.545244824389762,1.1800091928381424,-1.2820956234795111,-0.2144054000563959,-0.10139101400649356,0.6321147261208955,-0.03421514703617193
2634,coin,2024-05-31,-0.22944297579337258,0.31061729773114155,0.2559115565157776,-17.559317063989532,1.2082690967704681,-1.2959062839753175,-0.2004954955948811,-0.07982685868648931,0.670877807291218,-0.0444309397411007
2634,coin,2024-06-30,-0.3394295463035699,0.31406957586388695,0.2451424110279063,-17.665182917018576,1.3725376129580766,-1.11806956280269,-0.21584033301049857,-0.12017359155132722,0.6053245005712389,0.09709305403623575
2634,coin,2024-07-31,-0.3028452448306882,0.16159933002407603,0.2449446090136554,-17.97220415466732,1.3768039544974113,-0.6467420999784423,-0.8161302075913787,-0.04801542632269575,0.5635482869520472,0.12919659971607367
2634,coin,2024-10-31,-0.21462707816517013,0.16748138281994046,0.22490774361371674,-17.82857003924139,1.475101331951667,0.07718391615157477,-0.8189440553896191,-0.07672733033660765,0.6010112507513728,0.07443898400678722
2634,coin,2024-11-30,0.6775245762960189,0.4059492274171979,0.26755797463536307,-17.719232998363754,2.0404262460284115,1.3566112334429163,-0.02315687001291509,0.1335936859888928,0.6663570872142287,0.42213135215050307
2634,coin,2024-12-31,0.7767853822435153,0.4046129328743698,0.2662458872018855,-17.863325619709258,2.016500555711481,2.1568850537904822,0.19308681290972846,0.14433030555603488,0.6371721264304924,0.3866250841319423
2634,coin,2025-01-31,1.3722090992344262,0.41147143601494834,0.27474271857226046,-17.86126903516708,1.9023584353541443,2.732848980957673,0.2225764661123036,0.1958112167790515,0.6327194426665084,0.25156525317682876
2634,coin,2025-02-28,0.6069808127196388,0.4232277642825743,0.2729966750129271,-17.840585205787225,1.8684028406298079,2.5248447259099724,0.29465792787373113,0.2462100220020639,0.6451556547475858,0.2074662220312245
2634,coin,2025-03-31,0.286312050304238,0.4280524349044463,0.27342019814552987,-17.9369555334173,1.8855469726558323,1.8950928904942144,0.8423148446585399,0.26760664827312197,0.6059759468148864,0.1621018845484686
2634,coin,2025-04-30,0.3395710780641745,0.41045265174464673,0.26950005430196017,-18.164651881233524,1.8679784067202894,1.9407853643313566,0.7067890275570039,0.2308868881533022,0.5662291017016335,0.11978304137230893
2634,coin,2025-05-31,0.002508488606066006,0.421326058743119,0.27529729009113085,-18.16821870194659,1.9306971640942225,0.8949816797063953,0.8365776995255579,0.3159995995064452,0.508333651827847,0.1857720598667284
2634,coin,2025-06-30,-0.07986184750861358,0.41358124029848053,0.27521283455286166,-18.423650059765706,2.103577141455909,0.7664193608265404,0.7575751632769646,0.30714426157395847,0.4915526211483598,0.18678109227131734
2634,coin,2025-07-31,0.3779295500720834,0.44013494498130046,0.28707608459207823,-18.335606853008496,1.9110536264295146,1.5074370096449843,0.8433774274495146,0.4479123562471871,0.4532268143417126,0.0014735221343124116
2634,coin,2025-08-31,0.03390419941821121,0.4458993926223651,0.28920638429188594,-18.439782041478324,1.8940353218925419,0.2076331161861487,0.7771761966124082,0.403488603115516,0.4877310591999749,0.004059851153189952
2634,coin,2025-09-30,-0.0550132532807035,0.4507629792069142,0.28721138899233956,-18.655072431399546,1.9584593836622213,0.037631034929300956,0.9032447467966557,0.5026580146703951,0.39998079492550886,0.13980488899853075
2634,coin,2025-10-31,-0.21269819288441794,0.45661546086887356,0.2868835093565923,-18.663657480226675,1.9500996706518015,0.05963407392184474,0.8693153967884754,0.509131478076914,0.34028624730927287,0.14093510905942155
2634,coin,2025-11-30,-0.25242017319140675,0.2966708355615168,0.28694590136503917,-18.993622362620275,1.9807988829979002,0.2597202070800957,1.1826017003371663,0.47901296079015304,0.17506791015501455,0.1327268458504219
2634,coin,2025-12-31,-0.2492530812074355,0.29441823302738884,0.2851760470965362,-19.034743990751515,2.0081733756680498,0.45984744950099876,1.1830531323980282,0.4954621798108903,0.18194689892017699,0.17382696990969154
2634,coin,2026-01-31,-0.4617298814632401,0.25677602482738743,0.2809770616759294,-19.079935627907844,1.9839090999891285,-0.005976734047299069,0.6666680202723269,0.4723005053266775,0.1832230355311943,0.07244010948030201
2634,coin,2026-02-28,-0.4444361404267848,0.2496835763264302,0.2817583844982263,-19.129234065272932,1.9820895550247437,0.12483499984901748,0.7757454850597417,0.509169463476369,0.1421553326665594,0.064036245306031
2634,coin,2026-03-31,-0.4693219834041801,0.24811421684107218,0.2737020407028251,-19.118284981290333,2.2608336818707566,0.038762436195828504,0.7138993405012202,0.4500243167027359,0.14070129591409647,0.31981286721476215
2634,coin,2026-04-30,-0.45175832900307955,0.24201307254180407,0.2743013961683805,-19.166053136833952,2.255157368890294,-0.0962411063213904,0.45749626721499614,0.46785696195740956,0.1319575405024478,0.40707296792038006
2634,coin,2026-05-31,-0.2939176646455678,0.24235570253334462,0.2757184095307265,-19.069839254794644,2.2008745179362093,0.43375694184649355,0.42185505187820155,0.4623700490506752,0.13057002826090774,0.34653103983941813
3635,coin,2025-07-31,0.24543640538539901,0.5414658131707881,0.23711263395266835,-18.20234140183416,2.414875678505937,1.1172979230551858,1.5813373319162907,0.050953927810066565,0.502770719353109,0.49080107871165146
3635,coin,2025-08-31,1.1920615182785559,0.6055014977290162,0.30484683652413963,-18.295701811519496,2.061272576446563,2.848713486074075,1.8615216757734656,0.5260175442542514,0.5393087676063747,0.16568695107811227
3635,coin,2025-09-30,0.4669437682764759,0.6242619265835715,0.31133652673113216,-18.301882763943794,2.0119457702527614,1.705512456333447,2.1276636424412203,0.7048661372711033,0.5330132544186721,0.19258664959856273
3635,coin,2025-10-31,0.07477512387456353,0.6320793738025362,0.31207291005791615,-18.381692042254603,2.0045877441873476,1.0234848758589454,2.0958105469157644,0.7230427440518856,0.44293151887167825,0.19498295519641495
3635,coin,2025-11-30,-0.20306432024172394,0.4699071719795016,0.3111963250597568,-18.47240983349907,2.078532647870044,0.4515011117423065,3.2885270203988703,0.6848502418192799,0.3608527895683268,0.2284054236888193
3635,coin,2025-12-31,-0.3275310382966301,0.4653275726237969,0.31144934463065077,-18.481297235353043,2.0789449670484434,0.17826555801482644,3.3600046443355516,0.7282950242567182,0.37632147124722,0.243783575535168
3635,coin,2026-01-31,-0.40159335725757483,0.46652511691256954,0.3095317682826103,-18.49454321306299,2.2261739647566037,0.23045852359284688,3.3335698770214255,0.7246083759242175,0.3885346059363502,0.29549296884198883
3635,coin,2026-02-28,-0.41930762197136917,0.44373123176475027,0.3115341229852977,-18.577118161975292,2.2299346836405323,0.23277243251666505,3.335418327098268,0.7787941365922348,0.3383682648735306,0.2982233299292154
3635,coin,2026-03-31,-0.44947563156875314,0.4366982986453554,0.3060879369134433,-18.581140777709496,2.2296413285229466,0.11540697918052491,3.0902865264963957,0.7428107322304546,0.3287773269153872,0.2897214321456336
3635,coin,2026-04-30,-0.4600729107977325,0.43490188730713336,0.30777417354436626,-18.58443180596003,2.244370926262898,-0.13468205972155672,2.7899230687143612,0.7738136999680644,0.32875764360009896,0.39630034428350985
3635,coin,2026-05-31,-0.4368586182587143,0.43240118128694716,0.3074386716912994,-18.583489387832117,2.245180217271147,-0.24818434720478522,2.4855351215829384,0.7511815074745218,0.294664536291225,0.3910620534225908
4066,coin,2025-09-30,-0.16169577863849416,0.2647498573530088,0.129504279225546,-19.86029243668225,0.9558274533201796,-0.3032663851339397,-0.4094893341848605,-0.8191855715508513,-0.05397750653926506,-0.8496184370225498
4066,coin,2025-10-31,-0.28275206840252964,0.27148302931193613,0.1291682565577592,-19.77441763441951,0.9683368165065854,-0.1752450614990751,-0.42476283069127874,-0.8302044509429451,-0.06406925983311494,-0.8328957541154371
4066,coin,2025-11-30,-0.22176762683656503,0.118683074438387,0.13813113397235807,-19.89133626957425,0.9459913876547426,0.37882610270963674,-0.9810837051652084,-0.7841248500252427,-0.14491992711417315,-0.8803202788610003
4066,coin,2025-12-31,0.11267123134370616,0.1778031484488439,0.15846569323918605,-19.946210510459085,0.9172409742327541,1.761763548139843,-0.30232727622956995,-0.6274395827500109,-0.1381668486634021,-0.904542560613622
4066,coin,2026-01-31,0.1592275776172669,0.17741406163493328,0.16251510400475347,-20.00417102091146,1.0187628396998798,2.435405416992267,-0.34239745357132256,-0.5744230593215839,-0.14092913171526697,-0.8161684523364487
4066,coin,2026-02-28,-0.07785904358397167,0.16878115178824946,0.16250297334498365,-20.02099560472992,1.0383127876808296,1.6994360165454634,-0.29143431918827245,-0.5707097564278688,-0.17476208529075432,-0.8277316539210386
4066,coin,2026-03-31,0.1158985436011375,0.17412106111811593,0.1634488900348808,-20.136989264728445,0.9192188495315752,2.2988231370002317,-0.21850378403113435,-0.5467251502495237,-0.21598850380040457,-0.9744503505988015
4066,coin,2026-04-30,0.07468397731490706,0.17412910176076032,0.1636852957543976,-20.15431030154799,0.9482118019898357,2.3376689404905933,-0.3633620756315687,-0.5432255925007586,-0.20243375771641792,-0.8981982129910531
4066,coin,2026-05-31,-0.10914595409417072,0.18233333867849558,0.16378325452532333,-20.08002638474544,0.9550100072581235,1.3152639927553853,-0.22992028545783558,-0.5567941432993025,-0.21026724006840855,-0.9056692477215497
4256,coin,2023-02-28,0.13998295093200874,0.3230683471992494,0.19543836501487652,-18.829252500272688,0.5817572217612894,1.4941089087074875,0.15111913142893932,-0.5818946152912287,0.5714995478406463,-0.9720797430399334
4256,coin,2023-03-31,-0.009672519949341818,0.3255706649122542,0.20190712763047317,-18.726300249217257,0.6435064117773069,0.22300675195529635,0.2725484801179721,-0.5102283522349856,0.43476329875147873,-0.6411102438087002
4256,coin,2023-04-30,-0.015715240300319344,0.314539608968894,0.19780315890699757,-18.760355084859686,0.62881877778145,0.03922846619377858,0.2774997637827819,-0.6111129042033981,0.30901751105232056,-0.7621947567409888
4256,coin,2023-05-31,-0.13948938077794393,0.29586984462326293,0.19398064847867105,-18.70874237589589,0.6777588391377546,-0.41458266201329286,0.2792188663558668,-0.6179110754483316,0.297146323299783,-0.7480948545911905
4256,coin,2023-06-30,-0.21245701555623198,0.26537536145557455,0.19124342951503945,-18.71129623733653,0.7056790925149323,-0.5475704592868766,0.24769122137363944,-0.624132334583221,0.3132848281898926,-0.7324354450203676
4256,coin,2023-07-31,-0.22254520650551035,0.250459350387075,0.18792891816970833,-18.709492329904457,0.6986876663112198,-0.6712074249542234,0.1966379963849404,-0.6295604033648572,0.31174450932285686,-0.6531845704956707
4256,coin,2023-08-31,-0.3001499775215244,0.2448807896779482,0.18466800217497856,-18.553747128970336,0.7395233819158723,-0.6405619119752577,0.1702587171243688,-0.5822969605097738,0.3519979886442096,-0.6718725137602598
4256,coin,2023-09-30,-0.3762912339919534,0.24441226434368263,0.18259932085052977,-18.323257552272004,0.775040874763322,-1.0989248857773541,0.15980345492862907,-0.5973243079344215,0.43384293616316344,-0.6215815230479781
4256,coin,2023-10-31,-0.27351136391028774,0.22211484170856655,0.17954035703109888,-18.2598777606687,0.6932349198323811,-0.793384256994015,-0.078489136204683,-0.6879321770214822,0.5082456112478682,-0.7947723329479109
4256,coin,2023-11-30,0.03236167049058092,0.24115333179122742,0.1871879534393674,-18.197653525647965,0.6111145058333398,-0.662913750030668,-0.032303880628894686,-0.653392430898273,0.46635910174263645,-0.8164964647101742
4256,coin,2023-12-31,0.3676890847373038,0.24183524772755502,0.1864428963417852,-18.248368709339392,0.5202615269051347,-0.642633933528111,-0.35448615822980994,-0.91503302486266,0.5318787847208338,-1.169818644988527
4256,coin,2024-01-31,0.1098126185513717,0.23937580148222562,0.18491086949544386,-18.255782478437734,0.5675089212795595,-0.7909663343369425,-0.21046703413964274,-0.7271385344663627,0.5189313677905388,-0.9183950863387198
4256,coin,2024-02-29,0.3983060612089542,0.21882514422327137,0.18354554143892032,-18.23596155506599,0.48536336855896295,-0.8278603228855779,-0.5074702360273239,-0.6722270714357067,0.39187971218194956,-0.9693961767517281
4256,coin,2024-03-31,0.44323611273331065,0.20873808368847274,0.1813218777027052,-18.252862858942805,0.4524944209738612,-0.6675653569261817,-0.6055539103249213,-0.6177552058616294,0.36959765128036415,-0.8126783389371088
4256,coin,2024-04-30,-0.05613838425302131,0.23514516034618463,0.15722960805839284,-18.13337047941339,0.48261078743417135,-0.6242445115389439,-0.5572750344157286,-0.6624588754481796,0.40239190036875927,-0.7261375610882359
4256,coin,2024-05-31,0.08284643282160453,0.23288310411351154,0.157423016757237,-18.139402187716318,0.41492043701106585,-0.3682589034470262,-0.5491862437310608,-0.6415401131499944,0.4404230227035352,-0.8565877845030416
4256,coin,2024-06-30,-0.16590707011496586,0.24082519780723963,0.15742115422229394,-18.00005498885125,0.416770721661295,-0.3990843853342089,-0.5443097964743888,-0.6372506548314323,0.4718233296564328,-0.8679864655618221
4256,coin,2024-07-31,-0.2962788239895956,0.24553939688380017,0.15786436783741073,-17.956556468185667,0.464274593069775,-0.6209307460745707,-0.4416705939804364,-0.5814826221779883,0.5695715830076482,-0.8127737688615465
4256,coin,2024-08-31,-0.2642030818444031,0.23958351859855662,0.1595351594565786,-18.066014123978725,0.4598708576844616,-0.06636596857177486,-0.5192651562570965,-0.4337182262691859,0.5638177415680463,-0.6575278615391121
4256,coin,2024-09-30,-0.29356001632545414,0.2354315529054228,0.15798277024137666,-18.24178938584265,0.438904391441928,-0.490083344239989,-0.5415611867346183,-0.4261170496797167,0.546239890836795,-0.6566551012850852
4846,coin,2024-04-30,-0.16501258181431333,0.21825076038075514,0.16345250590213323,-18.59697704873018,0.563745999222845,-0.9146983508514616,-0.632142551502763,-0.6278054026239663,0.22130642954972443,-0.6456394252014387
4846,coin,2024-05-31,-0.1314217145425559,0.19330281271693964,0.16399444507201733,-18.719893220122483,0.549257684569475,-1.0047367350665797,-0.7267307807774778,-0.604061048131683,0.20980697971869225,-0.7190657583813503
4846,coin,2024-06-30,-0.3953109240468282,0.21242720939186396,0.1556257716609282,-18.296331855941872,0.6345317211297391,-1.3496123760244763,-0.6716625335136469,-0.6478336215615204,0.35370864647278377,-0.6481036859134719
4846,coin,2024-07-31,-0.4329243580106632,0.2121342292602286,0.152948107509026,-18.283136340892465,0.7472418151688652,-1.158058402579518,-0.5906922308327814,-0.6116004029288469,0.44386052269084636,-0.5206771528369863
4846,coin,2024-08-31,-0.5439022874473366,0.21166938057261045,0.149095917702879,-18.15970700472333,0.8416414062007403,-1.2700134204803681,-0.6432399744192357,-0.4977016700173528,0.5282914488638505,-0.3251830765714841
4846,coin,2024-09-30,-0.42558950146877983,0.2211925862786461,0.14983947732448127,-18.112240028447562,0.7266295966020164,-1.1586872196131364,-0.6059309868371848,-0.4778938957003158,0.5963448629159754,-0.41029151905502825
4846,coin,2024-10-31,-0.43133336718894566,0.21995214623543474,0.14754372193700688,-18.071082410032666,0.8021601648068721,-0.8979558309682827,-0.5791313732157332,-0.5745394426555941,0.5111367074204648,-0.5077566646822838
4846,coin,2024-11-30,0.08287603056292037,0.34163939093338436,0.16143134972688264,-17.98792914464901,1.2559297366887254,-0.6182991486838794,-0.3139855831694823,-0.5728501772798572,0.5663862409525249,-0.2710214280318825
4846,coin,2024-12-31,-0.15347404275502685,0.3500016323436725,0.16316966966143973,-17.92717258438048,1.2444018383357067,-0.7298683806495483,-0.08365017066654608,-0.5545666129977731,0.613895783944516,-0.29749619984172704
4846,coin,2025-01-31,-0.025884296433011822,0.3452167142287271,0.1602736503517304,-17.966905746199053,1.20394149871043,-0.20128435138407264,-0.1093739419209649,-0.5849244043006971,0.5945141930839614,-0.37076365619048973
4846,coin,2025-02-28,-0.016129797211836494,0.3405696638359185,0.16761424206754236,-17.978000065234205,1.2278812836616537,0.6229221144487505,-0.11556528179612287,-0.5007290819488681,0.5945837473742703,-0.3702622374581407
4846,coin,2025-03-31,0.024813750206069463,0.32954766240429856,0.16265669806368438,-18.022491648954404,1.3620190053082453,1.0405876704529307,0.11126137873401686,-0.5283550415389037,0.5755773264382718,-0.31898336059560123
4846,coin,2025-04-30,0.030446936550127424,0.3091637806556392,0.1568348701755231,-18.126404783513195,1.3488053186898872,0.8534604251460834,-0.04730290604651931,-0.5919772504387969,0.5799980929741398,-0.35815238307283503
4846,coin,2025-05-31,-0.007867412194899726,0.309302511224539,0.157853700722284,-18.126956784013515,1.3691570920261236,0.8523257216987079,-0.008902455679481442,-0.5746266835591685,0.5232695151660333,-0.32328710311349035
4846,coin,2025-06-30,-0.07369915536824656,0.2929973185342157,0.15629488034577554,-18.44458797137756,1.46610566239782,0.7905231665504736,-0.13851813761529327,-0.5832026254313865,0.48403429286146527,-0.40910891184396125
4846,coin,2025-07-31,-0.12348467527172691,0.29176872572881707,0.15523465462877478,-18.49037309888107,1.5122417145697562,0.030973541732251662,-0.23712570986612938,-0.5995646728884806,0.3956895898254319,-0.3858649390545029
4846,coin,2025-08-31,-0.14360326412287905,0.2803193141331478,0.15321736611455744,-18.88065939780276,1.4980414089328937,-0.19715772684741453,-0.34778396245903764,-0.6618636102560874,0.3299061880571112,-0.37865001759148953
4846,coin,2025-09-30,-0.22384690211425462,0.28195454227899264,0.15452617619500472,-18.77547467036853,1.4979951747827733,-0.5018664611619621,-0.2880722210812683,-0.6094611395130253,0.3546300741812946,-0.31459319595747687
4846,coin,2025-10-31,-0.6644901028369117,0.3331866776264907,0.17047653606746052,-17.975284421111173,1.116305191936119,-1.4551499749973684,0.0065465145617987774,-0.47940982625368894,0.5908780932366906,-0.6861228647575652
4846,coin,2025-11-30,-0.6394766231182971,0.1771395335241361,0.17789854377191075,-18.09043915586847,1.1578656539695231,-1.244256154102409,-0.2704652526206892,-0.4465795926822127,0.4970052654166582,-0.6729013944245735
4846,coin,2025-12-31,-0.756379925287934,0.19087579670412252,0.18156157745717857,-17.79265716395572,1.1276996060013447,-1.3643919825128905,-0.13581489339806832,-0.42276483986764846,0.6181769308004094,-0.6965075112959171
4846,coin,2026-01-31,-0.7706885872334149,0.18710226083159714,0.17578044091363984,-17.663502903428643,1.1630869361075162,-1.2206916209455283,-0.21921467280560178,-0.45721124712047406,0.6800009569074923,-0.6832894960362329
4846,coin,2026-02-28,-0.7844729127998807,0.185613480043873,0.17594579798826845,-17.588379539203974,1.1729282250055646,-1.335764290461915,-0.0693999255911161,-0.4489825589051832,0.6897497469165459,-0.7005344925791053
4846,coin,2026-03-31,-0.7244731417864136,0.19286032831454772,0.17712651787612926,-17.54403253675935,1.156029365076922,-0.9466047531187155,0.017633614282029197,-0.4230718289853036,0.6919111006325958,-0.7459979419984748
4846,coin,2026-04-30,-0.6529538540510404,0.19541860598090052,0.17685824451644633,-17.50833281482105,1.1001819104145603,-1.026431943780521,-0.10592770705969926,-0.42281872013559296,0.6928715114343866,-0.7464228002191096
4846,coin,2026-05-31,-0.5671420723668674,0.19702321016891644,0.15790880309017624,-17.50935939228764,1.2270163062810286,-0.8697393626905345,-0.07040480937218997,-0.610280740535996,0.6570761357438851,-0.6322796753117096
5426,coin,2023-02-28,-0.24164311814840422,0.5180184895016766,0.5022567616931065,-21.313662193847556,1.4172638870570613,-1.1154349677981932,2.1445551132520886,1.085119747000277,-0.4237075864945176,-0.050089812891820504
5426,coin,2023-03-31,-0.19930339198129587,0.511639368800487,0.5041364559103002,-21.307672754162155,1.46772172862351,-1.2019167549107828,2.2613970161045818,1.2132886767726772,-0.551172852249111,0.2298965099683228
5426,coin,2023-04-30,-0.09984221738406329,0.505966078947473,0.4955874363668353,-21.31120785141776,1.507672177112968,-0.44818509550294144,2.431563341875808,1.0215700705991737,-0.6467245748185406,0.033637116237185224
5426,coin,2023-05-31,-0.10265850955784561,0.4871022464576457,0.487411850137207,-21.303590665009526,1.5576829974417747,-0.21802725000202686,2.4117586570171015,1.0150164386191267,-0.6590387152447011,0.03469815674072208
5426,coin,2023-06-30,-0.13904766967610216,0.48050030394285154,0.48348241217519,-21.321423815837786,1.6063952135170463,-0.1599322027491504,2.483422019750635,1.0057232770955464,-0.6458926300531304,0.06409215684169978
5426,coin,2023-07-31,0.1295599665318783,0.4801932902319788,0.4767539483684804,-21.25066317739126,1.6201690759820102,0.4691981759330748,2.3225164539012813,0.9752086219928476,-0.6079770495732908,0.13636763230639737
5426,coin,2023-08-31,0.0011420267155293207,0.47599218891106376,0.4694629119211058,-21.229154953282517,1.6667865556951509,0.40129881937484363,2.3070655673785168,0.9919566405317036,-0.6208247724136431,0.13672350517849097
5426,coin,2023-09-30,0.046701118318320134,0.4761645090066458,0.46826287202026745,-21.200540233549727,1.6748777971241606,0.6609010306063132,2.30630683732224,0.9956445497617946,-0.6299333727984684,0.14603423532202175
5426,coin,2023-10-31,0.6534537571404797,0.5234218779378046,0.4312185618805838,-21.136539579123706,1.5749996891335878,2.2446437992844586,2.4568157459053026,0.7905111844090306,-0.5941354036108067,-0.017054571018402655
5426,coin,2023-11-30,1.208423065662923,0.4900211865225121,0.4249700222587186,-21.313099059236553,1.544844174327357,2.6433496915386567,2.2009291548983967,0.8334095778500051,-0.7378543375200133,0.001239727054001927
5426,coin,2023-12-31,1.9181546808801304,0.48393517431488947,0.41928681589730427,-21.411246808036935,1.4821102184398627,1.5679006195650835,0.8416948199855591,0.5417364958758275,-0.676483991191304,-0.35766832517481784
5426,coin,2024-01-31,1.2900294578927736,0.33747310731358343,0.3877357294836021,-21.88211211822734,1.6804961109976817,1.701243753690205,0.2970177574613062,0.6554661030953213,-0.8462358358589108,-0.043194060904302466
5426,coin,2024-02-29,1.3873194512709905,0.32982763444464336,0.36249771606485626,-21.936568921049048,1.6449061901488025,1.3911999236833705,0.12203222517292944,0.8210689683890084,-0.9474575431988085,0.23397760983064722
5426,coin,2024-03-31,1.8629070091975408,0.34175600972323883,0.3594724034719111,-21.89117884034627,1.6110301722431561,1.5320733188468791,-0.03405606501919816,0.3279975380941307,-0.9988678831460756,0.3153403076389065
5426,coin,2024-04-30,0.5545910581442388,0.3845720894844752,0.33414260637721793,-21.919282300807936,1.8261233203008482,1.0050553161416613,0.1049102573623838,0.3227171524145176,-1.0763913396247946,0.6068256746275604
5426,coin,2024-05-31,0.727891107918758,0.37335136288118953,0.33213360690266586,-21.985089693326938,1.774198672093679,1.5478291439556153,0.08090947038952064,0.354893120812318,-1.0873822069897137,0.5349153194324556
5426,coin,2024-06-30,0.3497017761445531,0.3752929025967602,0.3286761593697249,-21.98770616962264,1.7879577545066334,1.7373254099552697,0.058719896961939896,0.37222000665124,-1.1179064406386336,0.5165608911079721
5426,coin,2024-07-31,0.39040380891012316,0.37577943487060855,0.32470256516169116,-22.18997185649975,1.7662940095660198,2.0782883393820164,0.13933483198277805,0.4405943046417279,-1.0600056864532401,0.5312528033173525
5426,coin,2024-08-31,0.015823642181824082,0.3802702886138872,0.2396106901379212,-22.28509061374733,1.1823765698049455,1.1386909142817536,0.10556577043164278,0.05707491118627812,-1.0359638547037822,-0.02856104766157059
5426,coin,2024-09-30,0.07023172155189528,0.37894969833617,0.2298886856979796,-22.368786086823587,1.2310292298757555,1.3521760988645943,0.10723830655835462,0.03107656358725596,-1.049932090494539,0.02159869528926166
5426,coin,2024-10-31,0.12816438142397124,0.33531389543720536,0.2272191259612535,-22.594893244134028,1.3275998927145487,1.6196844994268869,-0.051881363962420095,-0.06185434281777911,-1.1653774906127767,-0.05317201720982919
5426,coin,2024-11-30,0.45527294628636006,0.324758905776825,0.24026196895232818,-22.778489822242086,1.2214343140568362,0.6184827124867982,-0.3903242903402951,-0.04810525829731185,-1.2159854514892119,-0.3015003375186641
5426,coin,2024-12-31,0.11514130794802191,0.29044493085039036,0.24086423817894423,-23.033365437432106,1.2204251734834637,0.10369080224887225,-0.3854474500362095,-0.027767164774473916,-1.24764131901893,-0.3187408235860502
5426,coin,2025-01-31,0.3420598586444157,0.28950056011611347,0.24098917022108343,-22.9972422005454,1.211231897786679,0.5709081310341779,-0.3885238589850328,-0.0344046655135518,-1.2247895115184837,-0.3642674991416967
5426,coin,2025-02-28,-0.15268839225816755,0.31280888323204953,0.2391426461619808,-22.992953326778903,1.1868439888298803,0.20610385526912295,-0.25333903247176537,0.006256385819077214,-1.2510372636649223,-0.40727646885574237
5426,coin,2025-03-31,-0.2691326641552614,0.26348798733642137,0.2395268427781063,-23.18130841274761,1.257168173205348,0.08005085094060153,-0.3790006988333111,0.02404435210408177,-1.257810961191437,-0.4153338736758163
5426,coin,2025-04-30,-0.13520494585065224,0.24103268373755776,0.23958388844186537,-23.230004980203002,1.2190257899557986,0.27079023292116167,-0.5545364259890753,0.012390462293657537,-1.2573027940218353,-0.47762358753207934
5426,coin,2025-05-31,-0.07427900970813117,0.2265232608384402,0.24082652231980248,-23.342910775435655,1.2924350643643203,0.5793036131523184,-0.6336658649313399,0.054592638602201995,-1.3647856188805298,-0.3928387756055763
5426,coin,2025-06-30,-0.09587455031136549,0.22285377378417345,0.23342263763137727,-23.427847422832176,1.3051843848241202,0.7037897391155281,-0.659774700113133,-0.005741811723178901,-1.3053409413713937,-0.5595334938147725
5426,coin,2025-07-31,-0.004042547518666395,0.220015484137165,0.2315684095952067,-23.47321013713641,1.3479726131726841,0.38268262624463895,-0.7596813363622847,0.006905196994328449,-1.4567725654832349,-0.5454081699958745
5426,coin,2025-08-31,0.13889160637147535,0.21004275400547034,0.23305796673700277,-23.784094748093832,1.3265389050003498,0.4470480687787305,-0.825246776715249,-0.036383981606037286,-1.4254210956320994,-0.5443992844901857
5426,coin,2025-09-30,0.20335575745432521,0.208806217957851,0.23214439939258003,-23.873123057190462,1.3294442646192683,0.8632332494294758,-0.8042954710650473,0.04110655308701438,-1.5654507351341074,-0.4809236279844756
5426,coin,2025-10-31,0.08049933730996206,0.21224200359957543,0.2297234424023538,-23.914725440065638,1.3336886038890172,1.0426772230735348,-0.8388584102891556,0.02372166502198533,-1.5712859673807482,-0.47049576620910644
5426,coin,2025-11-30,-0.1828633232468303,0.19298286557600527,0.22484109913432943,-23.965064191373532,1.5547447509739474,0.529995661977492,-0.0778678171630747,-0.04813179308915806,-1.59698987637306,-0.28436803929549287
5426,coin,2025-12-31,-0.2272851309760764,0.18557102232834854,0.2232468579065723,-24.06235642702987,1.6110241250397361,0.5388706791334705,-0.20338426453424524,-0.05335165882510767,-1.583787577965738,-0.21874882157315195
5426,coin,2026-01-31,-0.33757356008175854,0.17257766618975998,0.18349687817241103,-24.159341960471096,0.8411322467554503,0.4821614186182971,-0.4038908877715881,-0.38902921744048574,-1.598250151375136,-0.9797126447821629
5426,coin,2026-02-28,-0.448035776630886,0.15094797154439063,0.1821269928262344,-24.174635944024576,0.8327845364475972,0.10937306598699692,-0.526670900914934,-0.39301072672457465,-1.6508977036245132,-1.0219338245782914
5426,coin,2026-03-31,-0.4287977892788962,0.14592286476977087,0.176487072155275,-24.30372453840043,0.8292124381077157,0.1952626516667231,-0.5738351133207795,-0.4288527720018526,-1.6749319816990118,-1.0612800314172415
5426,coin,2026-04-30,-0.3997824596967644,0.1310963696254409,0.17873937551192495,-24.504044673705494,0.8509664010681298,0.14405985159595175,-0.883717275575506,-0.4056243087880516,-1.6742301438664204,-0.9953190285123229
5426,coin,2026-05-31,-0.3635589881072898,0.1278054045407985,0.1786872388036345,-24.570794515559335,0.8396148078859137,0.10151280402400789,-0.8220322981199885,-0.4210940846441951,-1.7254529883579448,-1.021651283166472
5567,coin,2022-03-31,-0.2204851464627272,0.36152393289471824,0.39629363260863115,-19.1791135247626,1.2097987870774645,-1.1736512237987147,-0.04039850556338181,0.18596920597490227,0.5115306038056322,1.1892043627450342
5567,coin,2022-04-30,-0.43421692760861597,0.36839489801595804,0.3852719711753468,-19.1694671136452,1.2778181888604037,-1.7258733274615543,0.01837253611929194,0.1820564975206388,0.5608197144715348,1.2308948662875545
5567,coin,2022-05-31,-0.6324559210244063,0.36989936374954435,0.3753167980059306,-19.523957048322643,1.318891764327357,-0.788495684871481,-0.006316404778398593,0.15793400736849875,0.5111881673966557,0.44308598238784286
5567,coin,2022-06-30,-0.7591929016927599,0.38714244311019846,0.36601771616336576,-19.159433627938572,1.3445888495726654,-0.6285030322582595,-0.010783872796984763,0.15517045601507606,0.5988099974199913,0.47116862723978387
5567,coin,2022-07-31,-0.6689776488840615,0.3927186925830745,0.35929141012904653,-19.220316276490394,1.3186518086878731,-0.8581886644022063,-0.0677288801828367,0.14680962732341277,0.5662812173741998,0.46110907336851525
5567,coin,2022-08-31,-0.6780780624789449,0.22436733435120995,0.35125993016750634,-19.021204500491386,1.387721920895001,-0.8561853393361963,-0.7489268654384252,0.14338432028656417,0.6325824432072259,0.48131811638026395
5567,coin,2022-09-30,-0.6261579803963995,0.22194585870742808,0.34352822089597174,-18.9754919112294,1.4359108561364557,-0.4152797492422912,-0.8509586836430358,0.3096351363046006,0.45432883905485866,0.4868429625512359
5567,coin,2022-10-31,-0.5652893861656495,0.21114273522978136,0.33842962665399956,-18.96309740686743,1.4874314589754083,-0.6285726904944179,-0.7631579414112867,0.313666573272965,0.4689157888174995,0.4814060957882522
5567,coin,2022-11-30,-0.5837146115986592,0.2113580069724264,0.331633000948082,-18.868279989338383,1.5484150606280869,-0.49858886690172394,-0.4751920123200214,0.16800556226995883,0.5713922030346481,0.12417428449532983
5567,coin,2022-12-31,-0.6209193650133924,0.21103270252845605,0.3258787900146253,-18.53693817940976,1.6058605815546676,-0.6210131608268881,-0.4321162729218382,0.15997452843004753,0.5970182018136377,0.16079122558253586
5567,coin,2023-01-31,-0.25940175621599637,0.2833610455917101,0.3198933013763074,-18.335112418795426,1.4353628252179256,-0.33943842645539635,0.03437785859765026,0.23194474865633077,0.5392919288334964,0.03247393221706676
5567,coin,2023-02-28,-0.09808829507519845,0.28326478646284003,0.31411676665574806,-18.344130998579036,1.4635376276134697,-0.13381279928065057,-0.2558867278104545,0.06291222214431187,0.7658299679615743,0.0009737208840491927
5567,coin,2023-03-31,-0.08540826155130532,0.26549483894750553,0.31274865912945277,-18.355996903277987,1.5102326314893448,-0.3460864413744701,-0.36958916055666147,0.12186538978234657,0.5761979250592371,0.2748207946163965
5567,coin,2023-04-30,-0.17659901763293806,0.25878703043750717,0.3084730687949774,-18.208951987036496,1.5600394739071708,-0.8928974421323201,-0.34986696774954124,-0.0043351413263469415,0.515614753268022,0.08105749820559319
5567,coin,2023-05-31,-0.2527100620155015,0.24383086071142207,0.30369662002357445,-18.00680527083534,1.609482234023146,-1.0188077838100436,-0.30109703614318145,-0.007348096270676144,0.5558056679227373,0.08077949228034272
5567,coin,2023-06-30,-0.28510526512008416,0.21672364967653535,0.30001502750564907,-18.07460505005839,1.653682171868114,-0.9311897445946874,-0.2579318326550298,-0.017498689192981847,0.5472580024244805,0.10590929173745578
5567,coin,2023-07-31,-0.14217942739335376,0.21237611075987134,0.29710898765338417,-18.085904845690017,1.6402417067918136,-0.4109170582192737,-0.15577113728752548,-0.02293433091807286,0.5374384462956678,0.15356644902216263
5567,coin,2023-08-31,-0.2418880582304027,0.2102183943602648,0.21867834007018724,-18.081675252933234,1.5572896818421453,-0.4390935524141796,-0.15022241884216175,-0.3942988781286761,0.5236511705220941,0.04123957053357404
5567,coin,2023-09-30,-0.1955032994093946,0.21109200666307149,0.21479439295960093,-18.07877247854768,1.6048574423866804,-0.34677111536003785,-0.14881079783803944,-0.41779231293180724,0.5242328832528182,0.086302603547977
5567,coin,2023-10-31,-0.13668704746761107,0.21287880321616431,0.20082668759997857,-18.061349027763384,1.5782804186291268,-0.34495733920148436,-0.15620445866840343,-0.5628890325918863,0.584324872513383,-0.014160963006836511
5567,coin,2023-11-30,-0.014982653109710697,0.20839452321232216,0.19786754544505838,-18.084071895483877,1.568120548263176,-0.7960129291449807,-0.3262673320433755,-0.5866151548592768,0.5102618193547162,0.021624570786186896
5567,coin,2023-12-31,0.42115700964900293,0.23026375714349323,0.20016845780188453,-18.168651774714842,1.4231860188634162,-0.5664034800478549,-0.411659231850135,-0.8291601378735369,0.5623342665333623,-0.4074217925880965
5567,coin,2024-01-31,0.2194432198129419,0.17747697190986336,0.1742376849598471,-18.34186731457271,1.4756781258915528,-0.5594643922251575,-0.5306869867637801,-0.7998948742825435,0.4865238906176074,-0.20425333656199826
5567,coin,2024-02-29,0.8030346955507508,0.24841749969298715,0.17573323879331998,-18.308810089443305,1.442589137732183,0.0802337758805532,-0.3396500315999442,-0.7374181238885353,0.36551410609568913,0.02401292985189298
5567,coin,2024-03-31,0.8809555130918212,0.2467536186093339,0.17335572027300644,-18.27968031367944,1.46008389400177,0.010637263528136771,-0.44222407243721973,-0.6600453715257009,0.3595109071064929,0.16837012022691983
5567,coin,2024-04-30,0.09911278584258532,0.2757217957434252,0.1745769377937909,-18.312978319965787,1.472481848817448,-0.21006650222095224,-0.37745971394541983,-0.565856740132239,0.33223678928577477,0.2559610056497482
5567,coin,2024-05-31,0.13303290659128808,0.2675880916472947,0.17491726434870705,-18.597805443953156,1.471676861385057,-0.21918131821326944,-0.39351076162935833,-0.54176453750346,0.2583097097613662,0.2252215218387277
5567,coin,2024-06-30,-0.18157684357245685,0.2808994977735694,0.17506786622643136,-18.520780429956844,1.4591169568454678,-0.46401162183802364,-0.36459383522408095,-0.5332312831086897,0.2642292602786152,0.18451599405102334
5567,coin,2024-07-31,-0.28486412492818824,0.2836017769886256,0.17111226682169067,-18.50481703151032,1.460290311806959,-0.5760617307753391,-0.2718729671691037,-0.5003239181292224,0.3585285197160304,0.21537648399184534
5567,coin,2024-08-31,-0.39251455084185316,0.2831515094624406,0.12696897727756862,-18.410461309316272,0.9239296299083338,-0.6185369065496173,-0.3257670177862173,-0.6333205091461769,0.4332108968410239,-0.25354826314820056
5567,coin,2024-09-30,-0.14769693654015226,0.30430030233871835,0.1393364977015538,-18.33278285320348,0.8407670492585287,0.2485745420075169,-0.2302276643989106,-0.5446741483872268,0.5110469324680569,-0.31256177136946656
5567,coin,2024-10-31,-0.16738510891581604,0.3060310390836225,0.13318548107301678,-18.364848653490593,0.898356959542316,0.289764373113786,-0.18571590088839995,-0.6669300146395153,0.4022675932772473,-0.4245319222424136
5567,coin,2024-11-30,0.2041088875570496,0.3312277637343036,0.13211691479336904,-18.38430987520301,0.7857714570153395,-0.21566799848501592,-0.36107013983659014,-0.7679850238071109,0.4189091832307989,-0.6864363021601043
5567,coin,2024-12-31,-0.11390130073077664,0.3289757686778967,0.13109659697765302,-18.474549429755477,0.7917285006040019,-0.6070674222514191,-0.19019650872128807,-0.7720345430608371,0.41434156883889595,-0.6985892959191551
5567,coin,2025-01-31,-0.16579823178295527,0.32914205487913617,0.13514053904096715,-18.488052561404228,0.8216797681705582,-0.494917196401122,-0.1899114430414088,-0.7563446453659245,0.4060328976180617,-0.7113804330443694
5567,coin,2025-02-28,-0.36404872903071883,0.2847813982244077,0.13024406631449562,-18.44520094019449,0.8127474179753673,-0.4390320118893288,-0.3924364082483669,-0.7656047809748702,0.4226428126870749,-0.744698735489584
5567,coin,2025-03-31,-0.42019017267846337,0.27771648453595615,0.12661041813127072,-18.4436763060849,0.9411082408176186,-0.41356394315576306,-0.2734038639936421,-0.7873885486530754,0.42589280522558154,-0.7057706402602782
5567,coin,2025-04-30,-0.3315483832227538,0.26264138973333573,0.12659314696513993,-18.61690882548431,0.8729309316004411,-0.41983559479455085,-0.39366040168520994,-0.8128514247633688,0.4034161749835498,-0.7962283011428578
5567,coin,2025-05-31,-0.37502337221308635,0.26109462143957296,0.13066387286090952,-18.622776252388896,0.9246595703394198,-0.6570747162228111,-0.3727439429412586,-0.7808190815905024,0.3437942946472389,-0.7262423819830173
5567,coin,2025-06-30,-0.4824059527771367,0.2572070652028506,0.13171935668884757,-18.620150551284844,1.0526132112575448,-0.8080297091101557,-0.40448565449678076,-0.7672012581893001,0.42099375973160286,-0.7956297625896032
5567,coin,2025-07-31,-0.3321645464636708,0.2652858629874054,0.13149882127791876,-18.524377569491183,1.0490471357061544,-0.5835048490480972,-0.4299918246823287,-0.7881453050109797,0.38304779671983247,-0.8357338373313409
5567,coin,2025-08-31,-0.301486179112861,0.2616402263549466,0.13177439748191414,-18.765285032389407,1.0283993079464435,-0.5571964372456233,-0.474690712051158,-0.8298500726942206,0.37120779743519017,-0.8325374662195574
5567,coin,2025-09-30,-0.3438390037885196,0.22945099962253585,0.1342671978543147,-18.757409626566997,1.0434830965933715,-0.8852938102197039,-0.6586008651385938,-0.7792645213810685,0.36143445559222864,-0.7631175631851368
5567,coin,2025-10-31,-0.28897351489859835,0.22950941530354474,0.1344672116111911,-18.739516610716596,1.0360189994169782,-0.19610454947538739,-0.718158966420168,-0.7852051197851968,0.3126708732207753,-0.76576039823301
5567,coin,2025-11-30,-0.4280299108654809,0.15892721331334525,0.1331895873258618,-18.418988216550577,1.007825608406745,-0.42264251883535053,-0.4918609890003592,-0.8260686337132346,0.3798947889607324,-0.8197863343123916
5567,coin,2025-12-31,-0.5831628905590429,0.1630854845448906,0.13794237854668087,-18.26535092029837,0.9577995085687576,-0.7412947263976059,-0.48979298619930645,-0.8093163239968295,0.45216340585957854,-0.8644510869594463
5567,coin,2026-01-31,-0.6088200644175781,0.16301235853184817,0.13739441335275202,-18.243169082638904,1.047960209084343,-0.584282609927449,-0.5255111365157471,-0.7963881473769129,0.4766977186925647,-0.7892864827479383
5567,coin,2026-02-28,-0.6399762867146086,0.1569183376748315,0.1374819161622913,-18.154980469194232,1.098977674217743,-0.7150912143132505,-0.44791610222078687,-0.7972799342532165,0.48838907391189157,-0.7704098376867574
5567,coin,2026-03-31,-0.5771962565116124,0.16209946765488217,0.1338483003964712,-18.166525194846862,1.0528652058711645,-0.37783676705756974,-0.3699903802907302,-0.8143308537129772,0.4739511046388502,-0.8455209745695086
5567,coin,2026-04-30,-0.5025391110567736,0.15829531677876538,0.13323798637980205,-17.90125794989972,0.9848096873884984,-0.33101679615890156,-0.5548254557457241,-0.8215281472249959,0.559919532219747,-0.8616472147681775
5567,coin,2026-05-31,-0.4843634407568136,0.15830486723771126,0.13323550979979606,-17.735590023422812,0.9779273592153435,-0.4748198849680267,-0.49084244968415025,-0.834929886978779,0.5807458915323147,-0.8826353508049838
5805,coin,2022-02-28,0.4098944897364851,0.6575528668562893,0.8132981586657855,-20.25084677511803,,1.3225026708213636,1.430910719829706,1.4962473932972606,0.24825252466711792,
5805,coin,2022-03-31,0.43176627871034623,0.6580255113843398,0.7893590371323657,-20.296600133742935,,1.3746390997494626,1.7049524516296188,1.6712381445187399,0.171856559355773,
5805,coin,2022-04-30,-0.20991743601598922,0.684078028970847,0.7663139177108913,-20.282454191860094,,0.14075971208024904,1.667852923249671,1.6727006498012493,0.21034280518983278,
5805,coin,2022-05-31,-0.6408797551712099,0.6920635895354811,0.745471668474897,-20.580276152784837,1.9477464305332433,-0.8180573584756118,1.6600006156568352,1.6766740912483395,0.16326788742256262,1.483679316035248
5805,coin,2022-06-30,-0.7623252977028957,0.6932337811812929,0.7263890660884447,-21.106758912098588,2.007884532973505,-0.6409167991465162,1.6348797075200823,1.6774805378164448,-0.03224147868444868,1.4530321630149876
5805,coin,2022-07-31,-0.6451995032356174,0.6959611546740353,0.7121153975182637,-21.280110898508326,2.0243961166281323,-0.7583654166307496,1.6162250780182446,1.680729461496654,-0.1023230661118376,1.4321603036025075
5805,coin,2022-08-31,-0.6935110563474922,0.44907493040625357,0.6949770438510343,-21.56750943953067,2.098267986313142,-0.9207694925600275,1.2846582728426252,1.6819678292987656,-0.17952323674973197,1.4107786555559816
5805,coin,2022-09-30,-0.6699161005795848,0.39800961609449514,0.6795226092011288,-21.61800058043511,2.173221007991052,-0.5947469816700602,1.1764513541203956,1.8742566434581636,-0.3833376190466738,1.4254097902358602
5805,coin,2022-10-31,-0.5519405672431378,0.40073708662764645,0.6658886281134824,-21.589848834978802,2.2330084796232157,-0.5715141572538384,1.6665040256885415,1.8707732350166681,-0.36751253009078705,1.3894184192085612
5805,coin,2022-11-30,-0.6483581680133681,0.2907041458110964,0.6518705976348584,-21.387944219868533,2.2843974666732647,-0.8502832769103222,0.8781588570974679,1.760791014415614,-0.2805061454694764,0.820686392782424
5805,coin,2022-12-31,-0.637465818825153,0.2908024393485369,0.63879308304609,-21.113512359276466,2.3501275925813148,-0.7074065325834056,0.950629945901055,1.7403699739856193,-0.2562239985008695,0.8563252450139074
5805,coin,2023-01-31,-0.11271340023299259,0.3892720673626956,0.6265731172110109,-20.93917273856723,2.2282435535396377,0.5659324746016872,1.7085390676471168,1.892039294853465,-0.35904161865830936,0.7850857502096736
5805,coin,2023-02-28,-0.07009610371799135,0.38279176514980506,0.6176133385467637,-20.880104510370174,2.289622810754805,0.05759669148656223,0.7618127626005949,1.7118783523569905,-0.2500326483961832,0.9125669515990277
5805,coin,2023-03-31,0.012313743587033077,0.3785304823189556,0.6109142466331708,-20.86749460883308,2.3461553690127657,0.38821584162216244,0.8386246289511737,1.822208207111215,-0.3830500627140958,1.1581996097598406
5805,coin,2023-04-30,-0.020474242751052585,0.36301829809135666,0.6008340819179192,-20.90436617748283,2.404555705669962,0.011655832360445106,0.8230156402656783,1.5986133175164357,-0.494290959220089,0.8457958891539191
5805,coin,2023-05-31,-0.14749124983264295,0.33160997124783076,0.5912669465155709,-20.82550623211003,2.459115464393905,-0.45728625866479683,0.6777770678899875,1.592963989506051,-0.48286765205870075,0.8366252645017647
5805,coin,2023-06-30,-0.18418231499028526,0.31417751085012,0.583776825371477,-20.87087797059309,2.5153631333834054,-0.3982658237516816,0.7548777296737335,1.565078537232398,-0.48032470064490307,0.8679170473912092
5805,coin,2023-07-31,-0.17329487438158797,0.2894018550158694,0.5745074900363152,-20.92846288479928,2.5690179818873697,-0.5116944188964659,0.5569984713237977,1.5183466446205762,-0.49136365631302936,0.9493691057181689
5805,coin,2023-08-31,-0.31506853835741877,0.29096787439143806,0.5656309395778759,-20.824464638871635,2.6164267771647176,-0.6921499477830276,0.5963701017242048,1.5235422084713899,-0.47367264649811897,0.9648328534390817
5805,coin,2023-09-30,-0.3485718755952152,0.29041851242346817,0.5585042970657942,-20.774709619638212,2.6690437886531813,-0.983600707868045,0.5859161221785835,1.4988651362980026,-0.4724971494974971,0.9941184409923359
5805,coin,2023-10-31,-0.2043129240392476,0.29643590558357924,0.5511057574505888,-20.724355676861567,2.6442265366073108,-0.5665938449226149,0.5468748063172917,1.4947693402433706,-0.4361801981816938,0.9260050065049897
5805,coin,2023-11-30,0.48659583493745506,0.37684238798124825,0.5505241998024535,-20.671348288997102,2.4959465558374343,0.6140755449052566,1.185311319896964,1.6184738356624135,-0.48979835520619863,0.8341904896535224
5805,coin,2023-12-31,1.331414134627309,0.4183122549748963,0.5454230185745015,-20.722604820440196,2.3876342096227448,0.7313710929381935,0.5174613972168639,1.3308976467128364,-0.4133915425494439,0.4069234505489955
5805,coin,2024-01-31,0.8344450753729276,0.3718214840211661,0.37343537155031864,-20.88696000620484,1.5866414607128716,0.7392069853475549,0.47471151416085455,0.5579842599006357,-0.4716011057259879,-0.11699696441468144
5805,coin,2024-02-29,1.0013135308691652,0.36650729216496497,0.38295043431992715,-20.934535956698817,1.7307549772411257,0.5251141845911833,0.3300449892548625,0.9917400610303241,-0.584798134202748,0.32307149931301077
5805,coin,2024-03-31,1.212803297186976,0.36979485010520297,0.37707621255547685,-20.861204907255377,1.7008404431034212,0.5248023578350359,0.08640993036081906,0.42145137817105655,-0.6114678233390577,0.40278487728073986
5805,coin,2024-04-30,0.237816469969945,0.39932735438035133,0.3766959256371792,-20.814494588050092,1.6966800948345786,0.15996623725253292,0.17029819946013344,0.55968396909438,-0.6448594840372757,0.4783988409077068
5805,coin,2024-05-31,0.2543035220271186,0.38877372929757786,0.37809617351434877,-20.91428827781408,1.72785500446087,0.14104981880489048,0.15008927702922187,0.6170330909879364,-0.6619768665410449,0.4874729667967647
5805,coin,2024-06-30,-0.04309245777653259,0.39537064426169616,0.37725181292524806,-20.87307711164497,1.7526610696215266,0.10979427861416953,0.14875991378272016,0.6585514752377084,-0.6735448563437227,0.48092028877856435
5805,coin,2024-07-31,-0.20449736791400375,0.40021262260809626,0.3780283893665378,-20.842564685992734,1.7805405933273817,-0.2601552639801925,0.24833214854142405,0.7672766555513425,-0.5413454803634092,0.5459590257403404
5805,coin,2024-08-31,-0.3190267693883371,0.3930188700900816,0.2933031295872075,-20.90253772803736,0.996449010746851,-0.30229224399412064,0.16218593433809556,0.38616271854429635,-0.511730016375664,-0.1904175734592477
5805,coin,2024-09-30,-0.1868544227225366,0.3883130869573668,0.2620002537530096,-20.940091316766868,1.0744484656412467,0.05027908563281536,0.14956718263673938,0.23524897045422574,-0.4973649994432873,-0.11247297202841469
5805,coin,2024-10-31,-0.2363599643862102,0.39400594272678663,0.2483166477430104,-20.98191767180392,1.083935867629527,-0.020610205418402146,0.2163651101995082,0.07390129210462314,-0.5676123436469458,-0.26397816501686416
5805,coin,2024-11-30,0.3229676266783157,0.3780621496435187,0.19791227790119795,-21.12168692429784,1.0494481575203682,0.17907837663257686,-0.14927074910289798,-0.33001075920434925,-0.5995568570110066,-0.4534610934135215
5805,coin,2024-12-31,0.06830245501036969,0.31961657228434537,0.1956692407166039,-21.22473226078168,1.0564391689121262,-0.041658135853217884,-0.23762324555927028,-0.33420685779175624,-0.5882777068566357,-0.4640413058642189
5805,coin,2025-01-31,0.09415146283524178,0.31588015842683886,0.19706323230111844,-21.24580674469617,1.067738935642838,0.05063080924351529,-0.25635639700015556,-0.3340012723225135,-0.5913541454913376,-0.4921278271887201
5805,coin,2025-02-28,-0.2642805221472292,0.3283993314054899,0.19654511416188236,-21.21148819484521,1.1256384620029491,-0.13450917829880876,-0.17596532493020803,-0.29567023983744445,-0.5954161030166981,-0.46248175327010593
5805,coin,2025-03-31,-0.34546588865154326,0.3138281673770492,0.19665516997045773,-21.253343765980595,1.19225029084342,-0.16938533571976788,-0.005400900976711903,-0.28403736351369047,-0.5726329515449433,-0.474988824887977
5805,coin,2025-04-30,-0.24867649885248133,0.29625234277502355,0.19643907258773535,-21.311669607609215,1.185427483284849,-0.12833889643985172,-0.14342808793781883,-0.3027230486617891,-0.5667002495849988,-0.5085531971933529
5805,coin,2025-05-31,-0.2391330171559165,0.29436786058482045,0.19713882761460932,-21.36130860344798,1.3306464537405545,-0.09842121806785037,-0.12161938904304946,-0.27671032446367816,-0.6474913021338715,-0.3581985800794803
5805,coin,2025-06-30,-0.3306956142489643,0.29204933778237385,0.193347345310602,-21.400941005572495,1.3854971208220819,-0.21465323614919404,-0.14556285127754215,-0.305788276544597,-0.5775249044011667,-0.48445945810254315
5805,coin,2025-07-31,-0.14553651261414202,0.2986203696656449,0.1934555558202176,-21.40469514041916,1.4419417302730768,-0.033960260682517895,-0.18722740547573635,-0.295900520868559,-0.6877637217886814,-0.45414245767748984
5805,coin,2025-08-31,-0.10565145241788076,0.2955234604767245,0.19398020769646784,-21.54664237061963,1.422817905872383,-0.11061181182924905,-0.24448615607268898,-0.3425232393595483,-0.6244599482800455,-0.45135006686153123
5805,coin,2025-09-30,0.21560964710920616,0.29972300969717125,0.19877675861466101,-21.596754382215348,1.317114630130847,0.9023897969060067,-0.16267637527114115,-0.23856886557260643,-0.7080334564050467,-0.49309083271333
5805,coin,2025-10-31,-0.20667796604855693,0.3233959644862216,0.20356124436382453,-21.508757318704593,1.2844702342465881,0.07981890543597378,-0.0618907041349454,-0.1984507069795284,-0.6954295043909284,-0.519316484155985
5805,coin,2025-12-31,-0.38053056841438737,0.21420974725414677,0.2042325757935418,-21.60991512096715,1.308852306837971,-0.012384638967594546,0.16140045509783243,-0.22185541758336372,-0.7224721481193636,-0.5174409140464364
5805,coin,2026-01-31,-0.46804271420819643,0.21659174351932647,0.20063674008801347,-21.575374974835164,1.4584472625072997,-0.030796529607619857,0.15573596632534928,-0.23758230811557193,-0.6919891438139212,-0.4113517331720012
5805,coin,2026-02-28,-0.48579555930478535,0.19881515399140304,0.20142126631021182,-21.626974603817242,1.4562440285393774,-0.052820897303768925,0.10474269002879408,-0.21829760639728782,-0.745500668605689,-0.4328314216016115
5805,coin,2026-03-31,-0.46437963252024494,0.19590266783481683,0.1996663650414985,-21.73577623949786,1.4735211103683228,0.05784928036297816,0.05597076650740868,-0.21929914302432746,-0.7757888453597817,-0.4397119067035056
5805,coin,2026-04-30,-0.4227924069422958,0.19094222017707357,0.200378715168316,-21.78827729478996,1.4606688765867073,0.03767755460843635,-0.16005651818542316,-0.20783068982400715,-0.7553104416664503,-0.3863976699035363
5805,coin,2026-05-31,-0.37739253710416243,0.19077293399310968,0.2002630886749241,-21.77602760079758,1.4477680536963755,0.035515845163550816,-0.13827577614686384,-0.22464701127143924,-0.782498269769376,-0.41040530677172
6836,coin,2023-01-31,-0.42686027070517085,0.30506893092617177,0.17680685544693342,-17.80003560120281,,-1.3730042138469416,0.37751966716252255,-0.5425993075789002,0.7238796098787347,
6836,coin,2023-02-28,-0.2656802530356809,0.2825399777931631,0.16960342195469064,-17.805861847149544,,-1.279799939784991,-0.2632981596001783,-0.7222617562338204,0.9814503228010176,
6836,coin,2023-03-31,-0.20377421929895345,0.26914851515577626,0.16800505539967012,-17.75271675666749,,-1.2355114268743004,-0.3305357978689027,-0.7035610084037383,0.8066163186017536,
6836,coin,2023-04-30,-0.23923888511554015,0.26680108475778264,0.16178983773488276,-17.617481339820003,,-1.2558193248895375,-0.2596872631031766,-0.8085656940060397,0.7372243253739195,
6836,coin,2023-05-31,-0.30677042630885365,0.24897664233422317,0.15623346669730562,-17.366765289087688,,-1.3073118790202736,-0.24371353857993694,-0.8279719393268286,0.7916563175290922,
6836,coin,2023-06-30,-0.3082751324241102,0.2039555054160671,0.1512061826501809,-17.408631773218122,,-1.0535382937918027,-0.3906274328546096,-0.8474253767532447,0.791991846164111,
6836,coin,2023-07-31,-0.34901221725827214,0.17183069918864197,0.14672256718683616,-17.266841576200793,0.2060682283641856,-1.080811425218682,-0.5309643589273118,-0.8585110440341313,0.8338805953130083,-1.0752753021070158
6836,coin,2023-08-31,-0.4133988427564196,0.15473972405671707,0.1435903288028058,-17.129383532652454,0.2434118337017822,-1.0321738495604447,-0.6631664066375751,-0.8093609740000216,0.8699202709700794,-1.1044938387293695
6836,coin,2023-09-30,-0.24924768760085592,0.17421691417072463,0.15595167710765379,-17.12020208257024,0.1462869004101948,-0.5703703522799077,-0.4903501467923985,-0.7459217276597063,0.8786313177020698,-1.1579469986776676
6836,coin,2023-10-31,-0.3152310051470977,0.17169672698536548,0.16187442499170218,-17.108347484617187,0.15830275118148313,-0.9301158747183451,-0.5027251381388097,-0.7917078693296361,0.9495297087424909,-1.2665832551703682
6836,coin,2023-11-30,-0.0344197356585948,0.1927157784345057,0.17178086175295018,-17.115441305834118,0.14269488183807907,-0.8506564330521242,-0.46696164080103886,-0.7497297829201248,0.8846666873459599,-1.2267262050709906
6836,coin,2023-12-31,0.5709363596035368,0.26595952442005355,0.20297431674472183,-17.04511781662877,0.5187349003425925,-0.35285960700867847,-0.2352915706909272,-0.8116055038714141,0.9915751572852075,-1.1711076733584949
6836,coin,2024-01-31,0.2626097460794654,0.25815405198306385,0.19968706311551068,-17.07145700295241,0.5826769605106219,-0.4683116068721272,-0.11332189379877475,-0.6264130424048544,0.964782257858246,-0.9064676503255367
6836,coin,2024-02-29,0.5766315064743086,0.2708608303689006,0.19675361579442174,-17.05211475184587,0.4635654292946977,-0.42774955541130383,-0.2123724194504965,-0.5620101088868645,0.8203418459362875,-0.9920180827509962
6836,coin,2024-03-31,0.5686150930727418,0.2676303404556025,0.19330672805298924,-17.06952090628666,0.4177121555880138,-0.47330311278884707,-0.3525293830983474,-0.5541308912224213,0.8146834233595,-0.846544401233767
6836,coin,2024-04-30,-0.11407679816460137,0.29967058211750214,0.19122807161903452,-17.03554174951281,0.4450817926555857,-0.778812215744731,-0.2713306903196102,-0.4731315133979061,0.8312055660717256,-0.7633718771734651
6836,coin,2024-05-31,-0.0665529199221585,0.29205717185272073,0.18764297710915437,-17.2086843026064,0.3950099168452605,-0.8120457063361439,-0.28375028832975346,-0.4691855191977413,0.8101763243343689,-0.8769703301045347
6836,coin,2024-06-30,-0.31433704122186945,0.303571053327677,0.18462129324761342,-17.171088261732848,0.4561104867337688,-1.0140995203300018,-0.2629216811784824,-0.47691815937722976,0.8023018557218101,-0.8282633888127088
6836,coin,2024-07-31,-0.41576269399548027,0.305860062317712,0.18196032752516417,-17.227693284536194,0.4961120796181427,-1.0905991589222808,-0.17257796734618844,-0.43386699924865424,0.8501343834124259,-0.7799091069600026
6836,coin,2024-08-31,-0.49559198439651686,0.30453918416863646,0.1795616889084793,-17.2995547323269,0.5314951454261584,-1.0621166084651064,-0.23077812433921138,-0.31097307380611633,0.8544423917794817,-0.5951763820955408
6836,coin,2024-09-30,-0.42584184132871317,0.2990212751823921,0.1774863552322066,-17.28634109462945,0.4739031114347656,-1.1599650812065478,-0.25409245260269236,-0.3021089699967785,0.9157724837954775,-0.6266875840976189
6836,coin,2024-10-31,-0.4519906635957426,0.29953108528710437,0.17585245627083304,-17.243308666342212,0.5046632779531202,-0.9909099897287321,-0.21542332751008028,-0.39238201947135587,0.8179078092523236,-0.7651363606810753
6836,coin,2024-11-30,0.1355295537366028,0.41538190480737286,0.19523649603426627,-17.195742513513412,1.2330617724888744,-0.44342948774312557,0.019500576763459457,-0.3478224033697017,0.8611264856740024,-0.29122673522385445
6836,coin,2024-12-31,-0.02934144937382377,0.3814180158435043,0.19250397609981137,-17.293862450918787,1.2780538350605168,-0.3446638015401269,0.07554902657161382,-0.355668585238397,0.8447782329724847,-0.2676787079983231
6836,coin,2025-01-31,-0.2219424594220183,0.3871038887463842,0.1973440784347432,-17.308676366223803,1.3140825814680204,-0.612745268720793,0.10048981265582455,-0.33208576288426994,0.8325736470261431,-0.2726217350646088
6836,coin,2025-02-28,-0.4339296976821264,0.3844835600168081,0.17512701974190079,-17.247693371706855,1.4174768259890194,-0.6523299276534995,0.10237463386960316,-0.44747933939285695,0.8633538251359659,-0.19925356584791165
6836,coin,2025-03-31,-0.598999345231144,0.3923217314254391,0.17747349585830757,-17.096293590623524,1.4924379092153655,-0.9978636165386048,0.5771393211252973,-0.4218795022006123,0.9047382076866757,-0.19913759442677884
6836,coin,2025-04-30,-0.5116368160044976,0.3813720861972965,0.17623724391107265,-17.167794459849613,1.4059147324683474,-1.0532854549811665,0.49028528269232996,-0.4502696086829565,0.9250987141185913,-0.30557914200294467
6836,coin,2025-05-31,-0.5135321556257879,0.37935493066527654,0.17804566408548975,-17.16485188450406,1.4600523513884673,-1.2264927322853934,0.519807193079141,-0.4215021633140533,0.8715293153861855,-0.24088681335419918
6836,coin,2025-06-30,-0.5688315047120104,0.375974105635769,0.1781975938988568,-17.183124532172865,1.676818174988878,-1.1460613138006732,0.47810588624607187,-0.4192155054125184,0.9369971496005816,-0.21214091543955327
6836,coin,2025-07-31,-0.500938401649419,0.37587733135612494,0.1783709675102878,-17.24820929833593,1.7877483096779152,-1.0804760535441154,0.3754100325247668,-0.4157472166531681,0.8574870384552055,-0.11828441444346716
6836,coin,2025-08-31,-0.4452988908749106,0.37460013665158126,0.17959943750142376,-17.366996467339746,1.7977939421858626,-0.8851492324227523,0.2927651305565844,-0.45518369946597165,0.8717658538510064,-0.08895300735280257
6836,coin,2025-09-30,-0.44859464973546215,0.376139677327289,0.18162254842399625,-17.297878520366577,1.79361034904152,-1.2200340061478006,0.3766122671283974,-0.38234921099109687,0.9111816046617705,-0.022872435740305404
6836,coin,2025-10-31,-0.5595908231071944,0.3869861174224782,0.18395974263761825,-16.94753529437295,1.785847625877814,-1.1034399240263393,0.38260533421373766,-0.3649088970325776,0.9650146859013508,-0.021989888423553535
6836,coin,2025-11-30,-0.6081647326846309,0.1739144827521171,0.18387863361819096,-16.865060044026343,1.7792372142824,-1.1225882603234378,-0.3096701689777999,-0.3958206678170635,0.9337885309936093,-0.06459629866020106
6836,coin,2025-12-31,-0.6016738293916054,0.17384333857356915,0.18209458157377909,-16.78727662446924,1.7858137815113804,-0.8078823758902789,-0.35276521084052126,-0.41804138007322056,0.9712739730767116,-0.04597199365817536
6836,coin,2026-01-31,-0.6681303613924825,0.17076358989766238,0.1809271659923447,-16.706485434606318,1.9879789430544543,-0.8174694382518906,-0.4269563675006485,-0.4117350577466649,1.0156506073751255,0.07618720724351073
6836,coin,2026-02-28,-0.7185258000699968,0.16616916552926717,0.18113523681751648,-16.687451138562885,1.9992051924253211,-1.052494027133934,-0.3258888982750058,-0.40199125594897567,1.0099249169170883,0.080208688342111
6836,coin,2026-03-31,-0.7291732189525862,0.1520572658975393,0.17843794558451598,-16.630842678453607,2.008701173638022,-0.9647559614305153,-0.4965342505209579,-0.4112157971044756,1.0116560089008422,0.0765792478817556
6836,coin,2026-04-30,-0.5021709982579378,0.25816531098961876,0.2022019374854667,-16.369234126891442,1.7368305330337328,-0.32931489373066947,0.6528104118206643,-0.19116559070307643,1.0783022501696897,-0.11058981641508199
6892,coin,2023-10-31,-0.1670499737662371,0.1706312181609805,0.2905727052858696,-18.605879241415362,1.807758183135953,-0.44446855043387484,-0.5116907094649942,-0.03569040551219011,0.3756525267771449,0.18823874680043012
6892,coin,2023-11-30,0.20491020586898423,0.20790197244137934,0.28906955979043525,-18.445890541984788,1.7126086779998424,-0.17782775302424006,-0.3306872707073369,-0.016347855883029387,0.37040802573363446,0.1481635219973606
6892,coin,2023-12-31,0.784246791156499,0.24222800032378433,0.2883621248064494,-18.5142239950078,1.5890271945475454,-0.04873800595149062,-0.3525456240405741,-0.2773834530467914,0.4303100169856875,-0.26739148942758734
6892,coin,2024-01-31,0.35805511813844615,0.24568213735195718,0.2183063191213436,-18.619306722327014,1.0783333124793715,-0.26676396649645256,-0.17784259540002875,-0.4994903875433358,0.3820791164000938,-0.5167066975368554
6892,coin,2024-02-29,0.4684270806746058,0.24610025340913397,0.20730097168468345,-18.621488682662772,0.8123896540752482,-0.6705290184677938,-0.3527912884851151,-0.47399595195095345,0.2523483342528207,-0.630008228168571
6892,coin,2024-03-31,0.38978596147766376,0.24152671973698048,0.20381260152901967,-18.68493820013717,0.8345006043295818,-0.7503810434494866,-0.4646809061304481,-0.498358063021623,0.20708284615561773,-0.4407346182012724
6892,coin,2024-04-30,-0.12081542555331481,0.26944393713997516,0.20353961359588751,-18.548566470154352,0.9272777546872079,-0.796789479785152,-0.4052800382674167,-0.40457218685389235,0.24021567931929722,-0.28496213102296497
6892,coin,2024-05-31,-0.12420419326339194,0.2659735222074197,0.2042565888038526,-18.624034674834515,0.9775149895424561,-0.9832972801128629,-0.4007532041081099,-0.3744325061436246,0.2478894257281711,-0.2806556126346
6892,coin,2024-06-30,-0.33729350889537324,0.27653788342598357,0.2051620269333586,-18.51854240270152,0.9730788480518077,-1.1092189558453391,-0.3841537954913372,-0.3558398410925296,0.26512147938034497,-0.3062578848228385
6892,coin,2024-07-31,-0.31576473165611385,0.2747694303317567,0.2043361647708906,-18.586474368454805,0.9629000490912086,-0.6975261503427779,-0.3112743786778185,-0.29678911580282363,0.3270959935016743,-0.29806112021222375
6892,coin,2024-08-31,-0.36201169760426266,0.26852179247595864,0.17274650066343988,-18.639589171247334,0.3662841185863432,-0.487272030425913,-0.39074185245518733,-0.3527442315202397,0.34633061922592695,-0.7389984328083348
6892,coin,2024-09-30,-0.3694810341132788,0.26900697854895145,0.1619876368554683,-18.639068031269666,0.45279650402471056,-0.8745511520187523,-0.3897774587660268,-0.40065322759606803,0.39258698327301056,-0.6447600341889185
6892,coin,2024-10-31,-0.4015757321393282,0.26969117271905335,0.16432927560595065,-18.645013600713884,0.5719476904946201,-0.7640517673257856,-0.35180383739733395,-0.4665299086722261,0.2984390891606764,-0.7069251913860439
6892,coin,2024-11-30,0.12206080912244,0.338445491047147,0.15669983378502844,-18.835073231905184,1.097504399941393,-0.4881610586240933,-0.3284293734922754,-0.6043460474628922,0.2511985745887137,-0.4110003333684712
6892,coin,2024-12-31,-0.057010424238856494,0.3022968418890367,0.15649554830596846,-18.92019189547211,1.152527900020414,-0.4305253430334509,-0.32538914564542293,-0.5998197563580515,0.2518761061230006,-0.3789014854995009
6892,coin,2025-01-31,-0.08231765231361354,0.29761668879408737,0.1581877127104536,-18.931269136207128,1.2349590468985157,-0.3197192077808655,-0.3478603084686341,-0.5991515299793859,0.24573635208910052,-0.3431252701171194
6892,coin,2025-02-28,-0.29170575016924094,0.3020100976661005,0.15827991929660673,-18.85940457190503,1.2612272926005117,-0.2182192940762953,-0.30693223690620547,-0.5668897359748083,0.27020611274896866,-0.3401852819446468
6892,coin,2025-03-31,-0.4335377354584947,0.3074816307356171,0.1568216657921491,-18.692559607029086,1.391651239123521,-0.4571801428254504,-0.05250174178449096,-0.5702863830325097,0.33744234268149614,-0.2917534295158667
6892,coin,2025-04-30,-0.3665024647753736,0.29517933156073634,0.15672641177499777,-18.823432186404876,1.3660737152300253,-0.542784402391166,-0.15141661710850204,-0.5927693898118725,0.3290675701592817,-0.3422556067949886
6892,coin,2025-05-31,-0.3944231766445996,0.2953446623749541,0.15931729664390445,-18.786926535974615,1.4453954494954149,-0.736828489804663,-0.11424713073289566,-0.5635275933271001,0.28437567512166373,-0.2541738975369565
6892,coin,2025-06-30,-0.43760338257761655,0.2904250490043655,0.15884989938554475,-18.855154989620633,1.5707581753654636,-0.6327958302427613,-0.15763340157473027,-0.5640730224755836,0.33660900593956095,-0.3112827526640918
6892,coin,2025-07-31,-0.3731485334877389,0.29063171496432455,0.1578866565205445,-18.83738124956595,1.6113601175410903,-0.7041862269427004,-0.24540619112652426,-0.5784945808572706,0.26668286899707744,-0.28959808106779844
6892,coin,2025-08-31,-0.3505594042151797,0.2904833902619173,0.15698300877305324,-18.90334568055452,1.5906402414682121,-0.6691038002559967,-0.278728670282815,-0.632363171215019,0.3217849733912977,-0.28915751307131665
6892,coin,2025-09-30,-0.31186673734244097,0.2909156905643366,0.15717018266770402,-18.875791527809,1.588990845490039,-0.7831284076995733,-0.22483149568696412,-0.5873000397183924,0.31684471548134774,-0.22479629597845116
6892,coin,2025-10-31,-0.4452599250103362,0.29946403218759016,0.15556497355053062,-18.683633842535027,1.6820715983092378,-0.7201072061962664,-0.22917523806952889,-0.6060405172130721,0.3330141534359348,-0.1249274747024252
6892,coin,2025-11-30,-0.49801406609412213,0.12503420486644978,0.1560626931588521,-18.697234957595665,1.6945697894388796,-0.6945783440646794,-0.903877002137268,-0.6319220087872653,0.2807144463097834,-0.14748330100647367
6892,coin,2025-12-31,-0.5586248068852162,0.12518876282086222,0.15654565316352406,-18.550944045231216,1.7072578822962623,-0.6530261988164758,-0.9725011041372511,-0.6444548961755866,0.3518609992109068,-0.1236232652172482
6892,coin,2026-01-31,-0.5854818746964146,0.12508742351254803,0.15640165512855145,-18.494860229381587,1.9208846162574333,-0.492525213362483,-1.0077162255322238,-0.6284411688125273,0.38842342048781225,0.014413571791308944
6892,coin,2026-02-28,-0.554580563206156,0.11979430438512205,0.15755097546417837,-18.51224803781699,2.0093063801169246,-0.3482810829219929,-0.9376173541321151,-0.6155509888447346,0.3614220425272951,0.08975322815186995
6892,coin,2026-03-31,-0.5767580635919898,0.11204812806338613,0.15451146717681805,-18.405878396253133,2.0098203627900677,-0.37614451165757945,-1.0006977067477119,-0.6275243964908475,0.39014381447757934,0.07765893582076197
6892,coin,2026-04-30,-0.4926978448174829,0.11246519694912936,0.15442096806579558,-18.320545810391046,1.9611123246692468,-0.2855174955029754,-1.109006888902544,-0.6279058521525913,0.41804733841918357,0.11340463785993384
6892,coin,2026-05-31,-0.4888043183628662,0.11257605196544064,0.15435842244877024,-18.26057457854367,1.9620862923502416,-0.49600637996921815,-0.9874059317912224,-0.6426067851888925,0.4036160347193593,0.10652846959028274
7950,coin,2025-04-30,-0.04083055387620149,0.38507572848368915,0.22875155292618,-17.811081513795276,1.928438987926874,0.6027462862778153,0.5178587637973504,-0.06672484295496255,0.693514767638226,0.17544126828617582
7950,coin,2025-05-31,-0.07886399410880474,0.38494647956573724,0.22669041635767612,-17.824756254232778,1.9769439482087552,0.5604544639735954,0.5620085314309191,-0.05260765711193672,0.6326591422030895,0.22769667109735103
7950,coin,2025-06-30,-0.0942441840091176,0.38330722756911045,0.2226290983098433,-17.90719880197727,2.0168561860797647,0.710166502989683,0.5326003938300898,-0.08655378161262493,0.6769985324796038,0.10571683739308071
7950,coin,2025-07-31,0.15657825046761165,0.3794426627425577,0.22034224904153032,-18.026362064598963,1.8883277486841863,0.8556463524953665,0.40137518664151883,-0.08228638192466513,0.5681943043192044,-0.02059855308027153
7950,coin,2025-08-31,0.03917022274342896,0.37904656665628583,0.21652291447435773,-18.17185225628136,1.9380755176562583,0.21964183953065108,0.32297442053296427,-0.1659213130930061,0.5836443176548469,0.0466226709052688
7950,coin,2025-09-30,0.2466017824403448,0.3783915958710974,0.21571003948601003,-18.102473221794842,1.8982647553474647,1.001423250990476,0.39250453424691467,-0.09664026928690772,0.6081228747809502,0.08040326059091432
7950,coin,2025-10-31,-0.17261097767979916,0.3968357219055007,0.2152077159113767,-17.93989102045811,1.862279777843413,0.19403992055139904,0.45145420420141646,-0.09954754122269335,0.6037625277534862,0.053824742583011106
7950,coin,2025-11-30,-0.20232632914472415,0.22171010510603156,0.21755099174314352,-17.905912209904688,1.9091691232048265,0.45436870680463004,0.27135118822960236,-0.1100101298432871,0.5627794256468239,0.06260334700769292
7950,coin,2025-12-31,-0.427181547528795,0.2356795581949282,0.2165816531466919,-17.800321001457977,1.9173490279122378,-0.1801977938733721,0.4348713929583237,-0.11241841970815984,0.6154853346850566,0.08404852981508763
7950,coin,2026-01-31,-0.4421411643143427,0.23558478099815913,0.21590149845641607,-17.781567874707928,1.9548624259438967,0.07103908033698475,0.397227199560501,-0.10270371411816323,0.6385926570243892,0.045696884840797224
7950,coin,2026-02-28,-0.42934259284861553,0.21661769032610745,0.21724771507052706,-17.87578225462951,1.9876601694523548,0.1896680610708767,0.3395750494943863,-0.07498626332387198,0.5876115379262323,0.06929987892936695
7950,coin,2026-03-31,-0.4951132355321354,0.21639805501693596,0.2147562473308069,-17.69100072343918,1.9918854963526569,-0.06084069231575915,0.31423739752743707,-0.08287826038180052,0.6404515613693378,0.06035707139081405
7950,coin,2026-04-30,-0.4869403196779164,0.18652554066636198,0.2155499092415439,-17.7121562084442,1.9831901653165587,-0.2588986274640928,-0.2134633560933124,-0.06915892684979144,0.6239048784216711,0.1354541936054227
7950,coin,2026-05-31,-0.4076187470635033,0.18822780835601122,0.21558921875652778,-17.667661607247933,1.9726341541125858,-0.10868705863540468,-0.16591297691912957,-0.08510333541987729,0.6036649479373499,0.11712997193564778
9285,coin,2022-09-30,-0.7909338696824548,0.2875001306324331,0.08656234148876511,-17.616051810884823,,-1.0910828389818779,-0.09608788631679734,-0.886975151007669,0.8852668288246806,
9285,coin,2022-10-31,-0.6713110992882906,0.26555651647481704,0.0835231089924322,-17.620188058472213,,-1.081754614494413,-0.06584236316541586,-0.8984443627637919,0.8965342519516553,
9285,coin,2022-11-30,-0.6835453931176505,0.26558744249212274,0.08563642708436725,-17.427835962247457,,-1.041719996349145,0.44976104504075837,-1.0555227435305523,1.0584062555114735,
9285,coin,2022-12-31,-0.6971012168125743,0.26154812815809303,0.08252999439490882,-17.020550308106856,,-1.0187785743989912,0.4435292609120644,-1.0690755240715872,1.0991757309664196,
9285,coin,2023-01-31,-0.4246368018499561,0.27731079912755485,0.0800747387495755,-16.874216628922518,,-1.3592808069178233,-0.061259854702669314,-1.0662218320489865,1.043263241428658,
9285,coin,2023-02-28,-0.16203467702788465,0.28899217604608124,0.09942075940372648,-16.816149751975686,,-0.5710756148200262,-0.19732208998915676,-1.1035801769118747,1.3779101098490765,
9285,coin,2023-03-31,-0.16034093418859574,0.28776097570966647,0.10714263368013201,-16.74066164670129,0.3025704655531474,-0.9091452172429043,-0.13159119219277265,-1.0506398999769206,1.1931632884052656,-1.00140142706757
9285,coin,2023-04-30,-0.22315207741598297,0.27358487749369115,0.1040111563923559,-16.691856378232853,0.29029279348752285,-1.162615830493606,-0.18335131617071865,-1.1253529674617697,1.0840333388612522,-1.0687416374122556
9285,coin,2023-05-31,-0.28834860546058827,0.25455399042586063,0.10137479774583959,-16.564256932063056,0.31512370483567426,-1.209000096896243,-0.18151740122196905,-1.1332572307670044,1.0873755268228205,-1.0707002133782593
9285,coin,2023-06-30,-0.3095570994127783,0.2123969888405664,0.09919614639021358,-16.584913830184412,0.3004340409440123,-1.0603077240662215,-0.30289755709992733,-1.1374922552042384,1.0946941697654418,-1.090804593265575
9285,coin,2023-07-31,-0.3590877642689837,0.17618839380921889,0.09674256957116933,-16.494918565077352,0.30735275911341836,-1.1134443176692528,-0.49063975941635785,-1.136209801672537,1.1132613523527792,-0.9884917560435087
9285,coin,2023-08-31,-0.4002343433205878,0.17477351120447143,0.09774249750548701,-16.473479418606736,0.32029398406349396,-0.9866513172091301,-0.4779382709597003,-1.0627928684959087,1.1084179106258967,-1.037450735468236
9285,coin,2023-09-30,-0.3748700359891961,0.1741001757660763,0.09624495545648207,-16.492126912471686,0.2631793307555694,-1.093012104934143,-0.4914313849948473,-1.0788691680874114,1.1108405095709726,-1.0582306285915601
9285,coin,2023-10-31,-0.3257255825278045,0.17491296652820124,0.09624418486954023,-16.481396837834136,0.18087780010417248,-0.9645107184911418,-0.4756625513601096,-1.1772422181451387,1.1897868310197972,-1.2466720303915455
9285,coin,2023-11-30,0.08052735894761631,0.24159411623361907,0.14069986677012652,-16.418284303364537,0.5005570195452013,-0.5275054664689266,-0.028348470721261614,-0.9440728046786965,1.1541388455328851,-0.9133198396748969
9285,coin,2023-12-31,2.225002439212445,0.8081434573778522,0.5122911359244874,-16.6006728366997,3.6976778485732478,2.005380544318143,2.443561398990414,1.1236106499067355,1.1613732819452949,1.5130770168089043
9285,coin,2024-01-31,1.444013482629913,0.8137788651163704,0.5028725797291653,-16.7514573649271,3.7718906646073904,2.0264047978751627,2.76108062023171,1.4403242467817263,1.0852492463577241,1.6013807148132344
9285,coin,2024-02-29,1.2038443321317138,0.8148531622133354,0.5064773835970006,-16.80753662634697,3.8181903493432143,0.9795347761660731,2.8726440615960134,2.022531134414395,0.9088604492182786,2.489412371941022
9285,coin,2024-03-31,0.7447747262584552,0.8138999067645046,0.5019827530981905,-16.873652996947065,3.88900066238867,-0.20036130407081945,1.9944616534333282,1.084546269113625,0.8883544526492654,2.533306552028682
9285,coin,2024-04-30,-0.05589766653445849,0.8304778525542299,0.49404503226185037,-16.839447665004204,3.8991982850810736,-0.6236023264564061,2.0809412146112,1.2131663465134948,0.9078002305312876,2.663622798089213
9285,coin,2024-05-31,0.07469813947477699,0.8233054303291998,0.48610759492283356,-16.96446585356649,3.8814814314011032,-0.39246319206662483,2.09925960825961,1.2330585411299957,0.9071988263151959,2.692156143837934
9285,coin,2024-06-30,-0.21282000517269828,0.8285499528685977,0.4785589695836924,-16.93619700347503,3.943239314916695,-0.593466725183888,2.0913823901688735,1.2557112625203555,0.8959443558068565,2.6928426935639376
9285,coin,2024-07-31,-0.35328564238980575,0.828944587283796,0.47169487425406453,-17.033105631692553,4.008713576470427,-0.8450137283064458,2.160920639844543,1.3410922119120454,0.9250374077806591,2.8460197305293886
9285,coin,2024-08-31,-0.41327636182802974,0.8261045878377457,0.46543848496949236,-17.101827217328566,4.068477473842785,-0.7078825335300366,2.0856457616299084,1.4412022595406468,0.9294163440977166,2.483892016292977
9285,coin,2024-09-30,-0.33583827125829524,0.8231243393906499,0.45891707360557354,-17.063539719051377,4.073284287098502,-0.7041825286867475,2.115209362655873,1.4872893875708135,1.0019439394245235,2.4552684779532066
9285,coin,2024-10-31,-0.34433883521443553,0.8273792364826602,0.4580924135509444,-17.03518442420363,4.159686213883633,-0.5064959139876223,2.1970569315698456,1.423739560939328,0.8950381888583824,2.3970099799657216
9285,coin,2024-11-30,0.22587186004386717,0.8395855037916983,0.45768544173561515,-17.149746805302943,3.7367393069822796,-0.1433901452579992,1.937878752706226,1.3991986412735054,0.8782396074577641,1.9209323031573409
9285,coin,2024-12-31,-0.04705814349213777,0.31614621754818134,0.4583789345892607,-17.103644432834788,3.760403476211814,-0.399641720837259,-0.25520890076786285,1.4470672314497217,0.9141249867097465,1.9318175294102526
9285,coin,2025-01-31,-0.18707623992174816,0.3209896480106998,0.46018533388101535,-17.01131159231408,3.91793179116853,-0.5395726629953735,-0.23075675509573357,1.4606215073529643,0.9401204959699734,2.047554872646321
9285,coin,2025-02-28,-0.33989345692247297,0.3242194040018459,0.4595753293194957,-16.96731031971881,3.910390692545204,-0.3653027935508324,-0.1967098524047586,1.5686590200845516,0.9665413973625192,2.04926917643473
9285,coin,2025-03-31,-0.4546929453157631,0.32876929068983834,0.45952465955252997,-16.868984412363528,3.906164322787948,-0.5263096065631432,0.10548469070975998,1.6049788103446962,0.9855214578337858,2.0189065900462144
9285,coin,2025-04-30,-0.3464031856411377,0.31164660116101567,0.4593229969870079,-16.943203638002352,3.9250091853265516,-0.4720864382811458,-0.028818398365072738,1.6172822810925926,1.0059516219264495,2.01342487477246
9285,coin,2025-05-31,-0.31627657220034655,0.30244629122996125,0.4598950175812946,-17.04026356977635,3.9960305373505514,-0.41556305545248057,-0.060648700764016406,1.7158851852626857,0.9166274139604265,2.058081678649333
9285,coin,2025-06-30,-0.3957867253580122,0.298705416105285,0.46044982076598223,-17.094843270360233,4.14672257108801,-0.4692405919332862,-0.09609964666362128,1.6940262940877358,0.9686969446991972,2.0966546763734906
9285,coin,2025-07-31,-0.3267528626058619,0.29705942535740526,0.4610336649925256,-17.18229878827663,4.252170007942139,-0.5675696140426102,-0.19859525747550835,1.8300012001273513,0.8819904939333912,2.275238145789545
9285,coin,2025-08-31,-0.2213348284907095,0.2986428063050207,0.4617606659543052,-17.198476512070027,4.234317249417123,-0.37441802251654904,-0.22329314897173227,1.7552969208731402,0.9320924726802857,2.265834489592506
9285,coin,2025-09-30,-0.24668592968574532,0.298198529850496,0.46287593017692263,-17.197819162823407,4.2297073864379,-0.5748471630132033,-0.17343495310992313,1.9750142542508557,0.9488699734217125,2.381131626277306
9285,coin,2025-10-31,-0.46630590025964425,0.31519811472928033,0.4647994329469593,-16.97166398529818,4.165101880395496,-0.7906709035518757,-0.11919378600661194,2.0200138092441473,0.956230999325159,2.338041573967358
9285,coin,2025-11-30,-0.4168791956804614,0.16923721598504815,0.4671542503672899,-17.094659845950083,4.178475378256821,-0.37931444084642696,-0.36652876294903014,2.008619084144245,0.8519482659761061,2.284189668246808
9285,coin,2025-12-31,-0.5038488049877132,0.16445606831872778,0.4674225359647347,-17.02525568751761,4.18929908078937,-0.4559856679199668,-0.4723352251094931,2.110522806987608,0.8876939752691297,2.3298354444489937
9285,coin,2026-01-31,-0.6007386491858043,0.16653221217605835,0.4664820175907815,-16.99262199300519,4.296105073896852,-0.5525093819655739,-0.4807571682105257,2.111412440772587,0.9152954530112465,2.201275109469693
9285,coin,2026-02-28,-0.6926442299494768,0.17405759144321845,0.46575341537276066,-16.839060887596325,4.30431684911872,-0.9413219245217901,-0.22183306965515326,2.1752775963117794,0.9560452999175801,2.258292161787298
9285,coin,2026-03-31,-0.6471418904109681,0.17293770958915322,0.46259969033110393,-16.950431048347742,4.295692612625097,-0.6479595174978489,-0.2334154424439225,2.1577635553081356,0.8997551231365309,2.282852484869313
9285,coin,2026-04-30,-0.2578889187448722,0.3412815764507309,0.4813417431860961,-16.85802147760771,3.7851900908094125,0.8000787747634467,1.6578588664855411,2.3603019329438903,0.9129138850812687,1.9351454969919824
9285,coin,2026-05-31,-0.43338940677189086,0.3513100311877095,0.48363639072263476,-16.683419954802645,3.7516815221879285,-0.23163346732386145,1.6049764711653745,2.355453248571508,0.9357482087998436,1.905224589604824
11948,coin,2024-10-31,-0.557178094480494,0.2976064568793094,0.41170410795395335,-16.159023659368827,2.3776361864173827,-1.4642347151680133,-0.2242196603746612,1.1252460248530478,1.2197414127271593,0.8552678152842524
11948,coin,2024-11-30,-0.12802478309557253,0.4024766870321688,0.41400118610156605,-15.997984560931979,1.9396542610460994,-1.318730032576249,-0.038860757734918705,1.1084094605118426,1.3067632310895165,0.33309286603438176
11948,coin,2024-12-31,-0.3172442968922895,0.4053064853249596,0.40619863848668564,-15.907967790853363,1.9920879388474162,-1.2380753720386444,0.1966013165246035,1.0932644918312917,1.3500263512390855,0.36499418329200095
11948,coin,2025-01-31,-0.5862801867210001,0.4326345911143102,0.4135697024649376,-15.73888921548022,1.923559094975214,-1.3773690579543019,0.32860842551244857,1.1426798615317508,1.400312923455163,0.27045623746946573
11948,coin,2025-02-28,-0.5980480528372356,0.4321722335210878,0.40641319857459035,-15.683438580039258,1.9861214629559139,-1.1532689353517511,0.3390483609950954,1.1918516794977072,1.4390364605572175,0.313644378862647
11948,coin,2025-03-31,-0.6158020852626256,0.3512262094529923,0.39866087790308125,-15.708930739138545,2.0468014169688344,-1.0527703943742832,0.2721487809777168,1.167603335082104,1.3977921227737586,0.31028333561006105
11948,coin,2025-04-30,-0.53697613340641,0.3446043009528506,0.3912040315227833,-15.753633861599267,2.0635491404197617,-1.1424149277492415,0.21655046887513538,1.1197669725869965,1.4341978640099435,0.29981968767519285
11948,coin,2025-05-31,-0.5127498498797682,0.34413788644730153,0.38517700977832126,-15.6940473310779,2.1133696004050453,-1.2232766258777181,0.25401207525949004,1.1492657390651257,1.4039266664445256,0.3513721339370746
11948,coin,2025-06-30,-0.5169577086942255,0.34147389825297875,0.3786480559456832,-15.659543594513961,2.1668916996966736,-0.9431701303866067,0.2217250664585887,1.0815708650911557,1.4840804439292208,0.245965720305803
11948,coin,2025-07-31,-0.6808861012505887,0.3550684579758412,0.38377605797972375,-15.531547022615833,2.162440488184635,-1.6103497411402052,0.22386574512105414,1.2161913476824457,1.4956881023878472,0.24562821586260422
11948,coin,2025-08-31,-0.5521647376499634,0.37042427572933434,0.3829250035150151,-15.148683895465053,2.0896035131989215,-1.1288478090606615,0.26439410180594247,1.1376900832180954,1.6658753511713467,0.19306749590738018
11948,coin,2025-09-30,-0.5562480920807169,0.3730382308222928,0.3788371510493076,-15.006569174849531,2.1348099016057396,-1.5640339314715048,0.35472470088107033,1.2706317990275724,1.7742264380217132,0.3138321773073038
11948,coin,2025-10-31,-0.6127554075628447,0.3800691533960994,0.37456494253141437,-14.722762231428645,2.16174617432781,-1.2816920412661224,0.3342556611093549,1.2537322169083196,1.7749098164998076,0.35087164973471385
11948,coin,2025-11-30,-0.6309588239104418,0.21085224963809887,0.3693876443569139,-14.598419582975724,2.209712242396448,-1.2111587372777233,0.13935905987888972,1.1787774034397045,1.7417267542739219,0.356826518098959
11948,coin,2025-12-31,-0.6944383133178522,0.21172548839645577,0.36516592276989834,-14.45635852443981,2.247096984477822,-1.1415752802276724,0.12975729803534827,1.2043290533243638,1.789909558890889,0.40999920159348135
11948,coin,2026-01-31,-0.4454165254380037,0.28839089027872883,0.3855132507261587,-14.348334807034583,2.2434468748596803,0.058161534430127164,1.0686423150588535,1.395976718251738,1.8427122438450343,0.31139610853864474
11948,coin,2026-02-28,-0.34342051733963197,0.2889870541325308,0.3861367265406172,-14.355568070502102,2.2119967742686786,0.5587390931084495,1.2941956797332743,1.4543341439686883,1.8386378947813329,0.2812739280043486
11948,coin,2026-03-31,-0.6209653342388852,0.316373276157656,0.393851596697099,-14.142587235199095,2.114822181898882,-0.546868384912908,1.5740459251761634,1.5362427618565457,1.8828954354177807,0.17895476902134033
11948,coin,2026-04-30,-0.5201073774787621,0.31546513347633864,0.28943895269823444,-14.110474899215143,1.5513558581707148,-0.4122404737326401,1.3456843965137566,0.6062212621558363,1.8425865452651626,-0.29582687143778325
11948,coin,2026-05-31,-0.5388838474917279,0.31559340689233617,0.28748761304055237,-14.011740280135733,1.5628983352867212,-0.7349253026849826,1.2171341178565789,0.569528079868743,1.8371732766571025,-0.2946895363337766
14101,coin,2024-02-29,1.1773085246241788,0.41490432554396556,0.40426981945675805,-15.593423906056064,,0.9199960923198582,0.6045077654152289,1.169643198909898,1.348276533579154,
14101,coin,2024-03-31,1.5647102887920132,0.42293542047110105,0.3912152031061818,-15.609874187741442,,1.0700471965770613,0.3147229282231551,0.4965114379287088,1.363694624414462,
14101,coin,2024-04-30,0.5062389834758096,0.449571197994523,0.3839812758276702,-15.633114387031386,,0.876061982176885,0.3929537437824888,0.6002539239900739,1.3789959470378559,
14101,coin,2024-05-31,0.4908403360147524,0.44746174519366516,0.3710883616947837,-15.630992009691449,,0.8436761322213132,0.41334495920810654,0.5770651841280485,1.4369580200508207,
14101,coin,2024-06-30,0.005218261364780874,0.4539135733425371,0.36390031691038094,-15.647909797555569,,0.3099682949052555,0.41129971567599627,0.5798504556540284,1.4095370526345259,
14101,coin,2024-07-31,-0.17955229774376624,0.45223220000024233,0.3553951474504447,-15.751172569685028,,-0.1621009281551712,0.480393327179989,0.628621870780415,1.418494530978245,
14101,coin,2024-08-31,-0.293703773956422,0.4418585138133042,0.3447785063726776,-15.859427727478813,1.341739822579631,-0.19331818072993145,0.3790970187521005,0.7016618661525609,1.4005070777924145,0.11017030859674555
14101,coin,2024-09-30,-0.26575344734385986,0.4321104125216393,0.33535775561379205,-16.5776254656183,1.382534570937122,-0.34926949677445923,0.3475608408491008,0.7016720890947385,1.1898778712532208,0.15132455135424275
14101,coin,2024-10-31,-0.3878424891465936,0.4445036237791987,0.3324436327006514,-16.848516353433492,1.4538857467761044,-0.7022546170935581,0.44716000526986205,0.6152308556037569,0.9642169592451815,0.05608430164129706
14101,coin,2024-11-30,-0.0505321432324618,0.3558163628548393,0.32413720814952557,-17.603245677090314,1.2453409324078226,-1.061366216415903,-0.24987298817926978,0.5102197432011931,0.7095112255360492,-0.28037731303421703
14101,coin,2024-12-31,-0.13726974652216262,0.3014567147660279,0.3167904254412093,-18.121718162172936,1.3175314251115822,-0.6795836895775091,-0.3296464008944786,0.4870419694888644,0.5429713551772622,-0.2326994249272224
14101,coin,2025-01-31,-0.24661718171872238,0.26923256873038226,0.316999900133433,-18.161177319537156,1.369108202307982,-0.66452930931593,-0.49007085562350383,0.48402608044581696,0.5242526914367752,-0.223590801237095
14101,coin,2025-02-28,-0.4776132348418376,0.28692995135229826,0.31099046474586567,-18.027969454551705,1.3512264623017922,-0.7856653351212008,-0.38177337152835067,0.5155058283868803,0.5761938342438001,-0.2590091199541646
14101,coin,2025-03-31,-0.5695456968222621,0.2454367950401046,0.30715014243588,-18.111733320522486,1.391352392959258,-0.9016171158722455,-0.5129676768522963,0.5099946500496478,0.5438617910911477,-0.2920280480446976
14101,coin,2025-04-30,-0.6207279227234874,0.23615143232338495,0.3074659099316049,-17.995684086737683,1.4485426785130475,-1.437006637021197,-0.5908771638978224,0.5081752211092939,0.6270576671724003,-0.26633711279185934
14101,coin,2025-05-31,-0.5484937871255655,0.23423354770084256,0.3015241645317097,-17.957237767138068,1.4525128491584953,-1.3702221215443915,-0.575473684113123,0.5148894991167285,0.5847038878012213,-0.24772168211136883
14101,coin,2025-06-30,-0.6325367437471303,0.23351285827969143,0.29952082507580513,-17.826793791382226,1.4929783818473585,-1.3952281828125357,-0.5805640220199878,0.48913985539126703,0.7058701447383244,-0.3839890665968688
14101,coin,2025-07-31,-0.5198979971072384,0.24566507647859728,0.2941708674869907,-17.74357420726603,1.4592025160079691,-1.1363044458093727,-0.5728836600757334,0.5042802378091055,0.6733259391024095,-0.43737824881952053
14101,coin,2025-08-31,-0.4908430934705078,0.24582444872492365,0.2890560831693822,-17.782869133458536,1.4987905104503931,-0.9890089563813204,-0.582143975033322,0.40231112837764554,0.7228921387452176,-0.37792604549480774
14101,coin,2025-09-30,-0.4389590161414373,0.241913166351069,0.28475387464912744,-17.76216742003319,1.5471142453437754,-1.1892439341855803,-0.5706527095226254,0.4820600240190842,0.7363024959863669,-0.2661212166649848
14101,coin,2025-10-31,-0.5014668781127993,0.24772498900758536,0.2818729553232357,-17.451814691239342,1.570967554373079,-0.9085598856763265,-0.5908318572086086,0.4665812813008954,0.781439365440254,-0.23513387184990092
14101,coin,2025-11-30,-0.6817779675425373,0.18794923911831546,0.28008426037147566,-16.999155651530796,1.4687348604876793,-1.408625516949388,-0.13905845203891698,0.4207714412483414,0.8859904929992536,-0.368569277347952
14101,coin,2025-12-31,-0.6989799084462368,0.18738380764786958,0.27634125463090486,-16.952840678448315,1.5143015282942647,-1.1579123308376895,-0.18029397730085875,0.4171686250262058,0.9131266592276239,-0.314357588079842
14101,coin,2026-01-31,-0.7091565830743718,0.1869681827636805,0.2723149592072951,-16.912862272938924,1.5593194891723283,-0.9787698363291946,-0.22091943846022993,0.39576262809114426,0.9432691557217965,-0.3184788413087503
14101,coin,2026-02-28,-0.6969847644511329,0.1787784705414637,0.26973655033253596,-16.89930585275469,1.5951627220938096,-0.9599663245625386,-0.15956019142310116,0.40030959057733684,0.9346352278768604,-0.3015681443087707
14101,coin,2026-03-31,-0.686623487352364,0.1746302531627411,0.2697663995158705,-16.88446230470823,1.7062417434727104,-0.8004333312734161,-0.21208734931150738,0.41444394343043794,0.9228534631933533,-0.21520503021934195
14101,coin,2026-04-30,-0.6210654341693682,0.18232248740276427,0.26899872801055,-16.91341290943488,1.7114137038761539,-0.8790016468695425,-0.2642870085278587,0.41938811116265223,0.8941713821577022,-0.13597408294441937
14101,coin,2026-05-31,-0.602445208957179,0.17022831982608105,0.2680460784337338,-16.898926815932747,1.739829747214399,-1.0381632178937523,-0.3613671702401678,0.3925138441297925,0.8630361659752761,-0.11685834923798114
14588,coin,2026-05-31,-0.2391610801483568,0.3776720717853779,0.3176497705000633,-16.10452257707051,,0.6949891140980647,1.8912385708214772,0.8441530700719682,1.1310682589363317,
22691,coin,2025-02-28,-0.5894499502392896,0.3970420525339175,0.1649967230043666,-19.19837643901698,,-1.1270249178594227,0.1647010735185304,-0.519281769422275,0.1454564755209848,
22691,coin,2025-03-31,-0.6475492038532737,0.385256521881999,0.1580138839780932,-19.04181062493877,,-1.1565113309187824,0.5247048472097604,-0.5617189397754124,0.21332226728506867,
22691,coin,2025-04-30,-0.6045536995950578,0.3748273855228048,0.1527460922726484,-19.068752648869754,,-1.380114813259546,0.4415602259963497,-0.6218401467099967,0.2407519721668438,
22691,coin,2025-05-31,-0.6020338973022695,0.3742076899988121,0.1515856752417693,-19.028000367975384,,-1.5903287643538406,0.48095920143847054,-0.6221598717550682,0.19711250390852392,
22691,coin,2025-06-30,-0.6243348641187515,0.3621544864850575,0.14643109694395098,-19.109012339049862,,-1.3631486129377772,0.37540837930941456,-0.6570534489211347,0.2454546001692445,
22691,coin,2025-07-31,-0.5824222311407052,0.3549127347638916,0.14421869663392733,-19.196302821126814,,-1.3204131981016343,0.22273166338794725,-0.6870861974709873,0.13324711283331367,
22691,coin,2025-08-31,-0.504569500625393,0.352969968165959,0.1537669671929822,-19.290086318723635,1.828748129358291,-1.0203108735695048,0.14580857634820846,-0.6575579778365068,0.18333991489790333,-0.05903721187676084
22691,coin,2025-09-30,-0.2893281084566939,0.34617247258819295,0.156768069730012,-19.340736564126853,1.7166721603769297,-0.7111076112931736,0.16512734294300058,-0.5906704039867553,0.14171846630178692,-0.0987970459814604
22691,coin,2025-10-31,-0.354227180842418,0.35037690522595794,0.15252445378966972,-19.25894597945657,1.7951080170228537,-0.41488937082288463,0.12670644048515348,-0.6318609580794358,0.12358043364326834,-0.01280431508062792
22691,coin,2025-11-30,-0.09480775340721714,0.19411032439919587,0.20491947531626553,-19.276296823085442,1.6199659532677237,0.8721511680651652,-0.06416200848471966,-0.21722627704609537,0.07430931818622534,-0.22051833608859675
22691,coin,2025-12-31,-0.3576353525264747,0.19602794247094069,0.2040685056309611,-19.191937348170196,1.656327838948694,0.06997415571015554,-0.07018962363058143,-0.22330940038064104,0.1267394352881796,-0.17396681250028004
22691,coin,2026-01-31,-0.5183090682078595,0.20061295017631625,0.19938877885697892,-19.18064641811535,1.716628132699789,-0.22842581589452984,-0.04742998405587093,-0.2486092272546024,0.1479012753411043,-0.1736450340012571
22691,coin,2026-02-28,-0.5973782655602811,0.1864144053569531,0.19623842580182002,-19.179582399648528,1.7833597759382818,-0.532115005497831,-0.058834960156406296,-0.26522916037011596,0.12426236080944024,-0.12374209777455702
22691,coin,2026-03-31,-0.6307471240245813,0.17695325142663326,0.1929381210538828,-19.224419607939904,1.8382490395465256,-0.584644637894514,-0.18281476567355495,-0.28012619030190294,0.10353924669345185,-0.08785686465570292
22691,coin,2026-04-30,-0.5521917129627494,0.18614311451010968,0.1897819891352963,-19.11610753512984,1.736022069968573,-0.5605765507207117,-0.21808768341639986,-0.3046896894294985,0.14885736697523996,-0.11139724372231653
22691,coin,2026-05-31,-0.5094460769190174,0.18769507287767126,0.1882020137377254,-19.162256254041402,1.71686213374344,-0.594483877720936,-0.1716978848068893,-0.33446251737092425,0.09938852075942949,-0.13994276327050778
23254,coin,2024-03-31,2.279822300480113,0.9047035125279718,0.8146647350802321,-17.771286276053594,,2.178042044070686,2.384590011217591,2.744489966547033,0.5507311644879026,
23254,coin,2024-04-30,1.1430874381118508,0.9099306689760587,0.7850464501634415,-17.807104715568627,,2.575041931996014,2.4330362936460515,2.833666952546106,0.5298318319146581,
23254,coin,2024-05-31,0.9102199909185313,0.8956961777801199,0.7598538995167556,-17.8995729119955,,2.0894322404535774,2.423981364697484,2.794325750774818,0.5357018047536207,
23254,coin,2024-06-30,0.23259097107886295,0.9045109565903204,0.7342861935858888,-17.928560985575647,,1.2520803004277135,2.432034748734275,2.763107380668189,0.5003253576053301,
23254,coin,2024-07-31,0.0545279704809718,0.905187411977872,0.7110216840134618,-17.95386516985799,,0.7580241736737565,2.5010425833171563,2.8072457315943917,0.5706075499936012,
23254,coin,2024-08-31,-0.2205649685863853,0.9067197498089038,0.6900770968971275,-18.24749981559546,3.7206332489161484,0.12142471076135535,2.4436811785643697,2.8180409542518223,0.49500233370824664,2.181081297695744
23254,coin,2024-09-30,-0.1953708936136297,0.8902069977887279,0.670715992667674,-18.731028860691364,3.798225089673294,0.007151253723858708,2.4184685404190094,2.8339534621069626,0.3570198844992182,2.219750115336018
23254,coin,2024-10-31,-0.3220855921541095,0.8943837562008896,0.6544812400254594,-18.69489886002253,3.9021496288825808,-0.40636027921579393,2.5032947780475414,2.687437264655743,0.2799517234041179,2.174201974621037
23254,coin,2024-11-30,0.3564490804364904,0.9408130921182853,0.6400058333224947,-18.769991286773642,3.260449515805055,0.2902749331703539,2.3956608099872136,2.6128349167734375,0.27541290449670874,1.5000998469302729
23254,coin,2024-12-31,-0.2931044669251103,0.9659942620695711,0.6270331092098546,-18.688584623007024,3.2836160802748977,-1.1631653682354988,3.0378272634725887,2.5906082514460897,0.3363119164062447,1.5093580716359223
23254,coin,2025-01-31,-0.4433579949724692,0.9734103457545553,0.6189220989252537,-18.786518200538584,3.352700303352404,-1.0774228826556858,3.0380112811540547,2.5432846998779866,0.2980879027053448,1.5439017152027454
23254,coin,2025-02-28,-0.5831264386978459,0.9857386039758963,0.6077971499471577,-19.046495621926706,3.4168932153998175,-1.1077236423028558,3.0863383667679116,2.619238996189101,0.20135219629371767,1.6041513905749993
23254,coin,2025-03-31,-0.5091165298437027,0.44075861003578387,0.5968539828251098,-19.17992954490671,3.4801933379454884,-0.7041510573680777,0.9366137616820212,2.591846145992396,0.16423628075681415,1.6274693250889116
23254,coin,2025-04-30,-0.17651615815222843,0.4735046633166503,0.590156299618599,-18.829836117801698,3.338822722778115,0.12548061335060456,1.1762089432172542,2.5728395253632423,0.32676214881313603,1.4737989152587831
23254,coin,2025-05-31,-0.22434608002624257,0.4746640861304411,0.5820836088725279,-18.769111646644003,3.412135112095909,-0.03763122196389975,1.2391380957340794,2.6424949004422635,0.2908242544838377,1.528756468867936
23254,coin,2025-06-30,-0.4012081513512338,0.4720522348490167,0.5727533123612504,-18.629594626686917,3.4754288388189285,-0.4904451233151691,1.192089696778981,2.5348502454277915,0.4176026068527851,1.469148602728535
23254,coin,2025-07-31,-0.3758681479681538,0.4714419501791684,0.5648946337047057,-18.637546216204633,3.539158304548642,-0.7121943990769987,1.0713762098319624,2.6551741293049846,0.3409752517831499,1.5827391311182624
23254,coin,2025-08-31,-0.43055511823686987,0.46813247959957954,0.5551135831257068,-18.56917930950733,3.6080451462718806,-0.8515272988060504,0.9282290122092144,2.4866334527948712,0.4414095440212998,1.6605713616777247
23254,coin,2025-09-30,-0.3730406869912678,0.4692577695508912,0.5462178187311523,-18.534853814572273,3.675581632508219,-0.9786059851230885,1.0337664076513935,2.6735556263670444,0.4452623525333683,1.8343058870451565
23254,coin,2025-10-31,-0.5673438395495791,0.4822465231098722,0.5383216137879888,-18.385911297017824,3.7032746440118425,-1.1294345144101459,1.048476872248564,2.644372561063077,0.4413955627130915,1.8799455945297106
23254,coin,2025-11-30,-0.7167431526249572,0.2864922970050331,0.5300185073695455,-17.937953292020136,3.728347623572795,-1.5444889338702628,1.0588676009528177,2.5422100802503933,0.551358463477846,1.843527390782105
23254,coin,2025-12-31,-0.748740372964219,0.27078207791270353,0.5219239108128801,-17.87374909669232,3.7911286098191055,-1.3369109434897581,0.8819884642247658,2.593511671085274,0.589696847411898,1.936250192710628
23254,coin,2026-01-31,-0.7778797568712059,0.26625130181213075,0.5146668413759159,-17.843353541351636,3.85227259540288,-1.2489647223344664,0.7871435538377433,2.5371709839018832,0.6169228985419342,1.792639282311336
23254,coin,2026-02-28,-0.7460456849279431,0.2588488992389172,0.5103792746616403,-17.827346173486035,3.909087752133518,-1.1707033725892295,0.8966447976260996,2.579372787049137,0.6048249263633565,1.8848430224067871
23254,coin,2026-03-31,-0.8892507891469402,0.2980981235483688,0.5085681257330841,-17.714437980778445,3.8097799968094166,-1.5829588589396628,1.3437569311777846,2.5733436381082075,0.6322452243958787,1.8140899081875328
23254,coin,2026-04-30,-0.8126928907587275,0.2505064388708132,0.5098626270794469,-17.692907764570204,3.6915189628404006,-1.7649562638150644,0.5601987245079938,2.6209960636750496,0.6304178715630671,1.8415943752636432
23254,coin,2026-05-31,-0.7977633766151923,0.24943249397309222,0.5091593534701919,-17.5823030279619,3.71519373542928,-1.969985202153896,0.49870104446610664,2.58783859447769,0.6324649436309598,1.8685512461713751
28321,coin,2025-09-30,-0.1622822587688032,0.3379177469148118,0.19181732887021888,-20.315048349157248,,-0.30514044616380553,0.10687199185485895,-0.2969002723497103,-0.2252659191969932,
28321,coin,2025-10-31,-0.23646386322124568,0.33733047625799767,0.18355045949989907,-20.385642840202614,,-0.020048314241955252,0.03551172364481345,-0.3683845761553095,-0.28657659152817133,
28321,coin,2025-11-30,-0.37695380298567693,0.20485907384071747,0.1791039492295052,-20.209015331730072,,-0.22417725908592018,0.06650378643998436,-0.43634812683021773,-0.25815582026176254,
28321,coin,2025-12-31,-0.48925295884162534,0.20485806413941873,0.17423130010393914,-20.069857669698674,,-0.40348141105780205,0.04228373073483189,-0.4877254457647754,-0.1815926406880475,
28321,coin,2026-01-31,-0.4454652369147578,0.2082625236128262,0.18391505173028666,-20.092102888126977,,0.05797001836383436,0.0498322324255334,-0.38533425809871785,-0.17176900816200913,
28321,coin,2026-02-28,-0.3736366689079691,0.19643449110269304,0.19614562161956764,-20.161407154739518,,0.4289481612964739,0.07333948585961554,-0.2660695189497847,-0.22466204611158397,
28321,coin,2026-03-31,-0.4369489204976563,0.18956547506335372,0.19330334045396347,-20.16367389187924,2.106546420193587,0.16378383217129516,-0.02388551591687034,-0.2768244049094165,-0.2253318770134338,0.17097109612479205
28321,coin,2026-04-30,-0.3749220924744091,0.17925901207385683,0.18790233582662194,-20.203831757891273,2.0792349977920224,0.258997228063901,-0.3013307944600232,-0.3218705940330562,-0.21919006838896488,0.23137597878198737
28321,coin,2026-05-31,-0.341853198341185,0.17904144134852804,0.18347509315879024,-20.225010930764462,2.112872214500912,0.20506657135813183,-0.26566658658492553,-0.37750090145946563,-0.2591850446513041,0.25808120542866814
32684,coin,2026-01-31,-0.7859199346371504,0.17890506018840316,0.1786168849483268,-19.31288652434209,,-1.2805758193619956,-0.3234398181835891,-0.4321485783170929,0.10152140571612456,
32684,coin,2026-02-28,-0.7985070547404773,0.1402794689496834,0.17175120604173832,-19.115469708598184,,-1.396046764076466,-0.6673985809026455,-0.4869653442164088,0.14704695916556834,
32684,coin,2026-03-31,-0.7501771388180445,0.15069472947371607,0.17184364677187883,-19.128626793405296,,-1.0458709115394607,-0.5137038550127389,-0.47083190591043494,0.1370802068974476,
32684,coin,2026-04-30,-0.683285831622255,0.15516549903767596,0.17212956854080322,-19.090232122122455,,-1.1666663133671897,-0.5926714593722512,-0.4660410156853811,0.1576126922654868,
32684,coin,2026-05-31,-0.6364629337374573,0.15691841493258785,0.16706648837032434,-19.032822578285458,,-1.2004546431352379,-0.5058977617517894,-0.5269004573543012,0.14305945970380826,
1104,token,2021-08-31,0.1295538198533701,0.371124647159872,0.26456203735170886,-18.024022043250124,0.49261629000695145,0.7071067811865475,-0.7539608827180849,-1.3992428840346156,0.32058285273703485,-0.7071067811865476
1104,token,2021-09-30,-0.19670014661499957,0.3637701403329863,0.2622971917171908,-18.394559466915585,0.5041227661459005,-0.3852198305463543,-0.786125137537197,-1.1940819591257283,0.3145106393414164,-0.7071067811865474
1104,token,2021-10-31,-0.04526300571227426,0.35891913202735065,0.26150135893225834,-18.50892676069053,0.45334773042432086,-0.35114494980704275,-0.814459433678506,-1.1445945575759942,0.5448003744002056,-0.7071067811865476
1104,token,2021-11-30,-0.17578532219744825,0.3609351880348651,0.2603591805096109,-18.741175987899403,0.536486510010222,-0.3914836278630234,-0.7951393957891008,-1.2535699176350983,0.4684365758916192,-0.7071067811865475
1104,token,2021-12-31,-0.30657978265193175,0.36844949332216015,0.2605869705339358,-18.73411865800442,0.5488052734741251,-0.40740057873944296,-0.7497225486274157,-1.24245547180463,0.48982032516269536,-0.7071067811865476
1104,token,2022-01-31,-0.4407714169374677,0.3815768190048063,0.23334208625111533,-18.48799721197261,0.6192757164862163,-0.41261153049271304,-0.27890484166008056,-1.4103569354161893,0.6268411944201587,-0.7990529922427058
1104,token,2022-02-28,-0.2903325132292449,0.369787788715912,0.23356655311817887,-18.569086678922176,0.5778641138353787,0.30744350505782314,-0.24167889759437725,-1.516306668855993,0.6728425199371584,-1.253682412500449
1104,token,2022-03-31,-0.1979998091672477,0.29381533553478545,0.2317843062773705,-18.612421009352712,0.6229996866494865,-0.04833737250507364,-0.522248348327304,-1.3708914214829209,0.03446177581378313,-1.2166732817100205
1104,token,2022-04-30,-0.4030638311487874,0.301374672815883,0.2278787510119002,-18.46136533328139,0.744307532385355,0.37890234046207794,-0.4208434584858147,-1.2416705505043204,0.04033469463754154,-1.1560065784835556
1104,token,2022-05-31,-0.3975212461103883,0.2824481439006167,0.21395034085095735,-18.59541745964118,0.7433265858415438,1.7613667689868169,-0.485286185835021,-1.2896277937039935,0.04327733869519468,-1.1789359697557138
1104,token,2022-06-30,-0.500752554861168,0.2758528432117349,0.20834259919667766,-18.6547461246425,0.7346411378070413,2.3209538418652644,-0.4964429914025567,-1.2064977105207677,-0.0922038686123896,-1.2657780372794927
1104,token,2022-07-31,-0.41089654180333146,0.18549235070707193,0.20780850675654225,-18.708770763701455,0.6833327356324648,1.1215104869983943,-0.9838722319552697,-1.2987595709277886,-0.23221458425997388,-1.3135729606729993
1104,token,2022-08-31,-0.40337349625788144,0.18060390838776008,0.20464248076344468,-18.498714716481956,0.7078462475369632,0.8429859882541838,-0.845200282348874,-1.1650239774756916,-0.3946419040778892,-1.0481902668076006
1104,token,2022-09-30,-0.39128484092341775,0.17056757208693116,0.2031135878370486,-18.412960598776905,0.7432133884276145,1.0855519552959791,-1.0986216961960535,-1.1188730663873252,-0.4002160192691509,-0.9588773559514732
1104,token,2022-10-31,-0.32533554766076445,0.14484999446399366,0.20331290378745742,-18.442204987143757,0.7656394928755813,0.6422263981842763,-1.229358489827657,-1.1160470130336937,-0.39975525704081033,-0.9462857093054343
1104,token,2022-11-30,-0.3906213571983489,0.14595342903356362,0.19273749398233023,-18.420445474980514,0.868190292200226,0.5690886107984773,-1.5582531961480663,-1.1817042591450442,-0.46087443584394966,-0.9163415551008702
1104,token,2022-12-31,-0.513375982476456,0.15500302405903635,0.19446345578570912,-17.57772703784923,0.8479197275371484,0.15086409530262204,-1.3256716482314719,-1.0914536869072144,-0.265785161944607,-0.9469950391023513
1104,token,2023-01-31,-0.24857826360044522,0.19407171346116195,0.18716065465856038,-17.37698492013658,0.8052586418892329,-0.16274221904164968,-1.083894846071412,-1.1945122500828125,-0.2589465578751727,-0.8884871792206979
1104,token,2023-02-28,0.2002112078578051,0.25490559698799536,0.20811012457745007,-17.13700825771109,0.6957124058254353,0.5466117010093425,-0.8052840819926065,-1.235227688872494,-0.10816750345033041,-1.0456727510818384
1104,token,2023-03-31,0.1271741483892559,0.2538533476676581,0.2088624159755863,-17.091792777493588,0.6968300990752516,0.45829491171297243,-0.6433565727609106,-1.2499215564993644,-0.07056911252195898,-1.0848313062913968
1104,token,2023-04-30,0.0496253588481641,0.24283986101661154,0.20549760390425093,-16.896843542556898,0.7284615446368642,0.5721673479041256,-0.6744405073441451,-1.169214057996017,-0.08285306186164187,-1.0780326962027245
1104,token,2023-05-31,-0.06717643159240694,0.24515768827028064,0.2043147086556051,-16.74543268000583,0.8187591310473817,0.2873169299866342,-0.5497166892605256,-1.1688007554164246,-0.06688132816409223,-1.0474739032423899
1104,token,2023-06-30,-0.42164845690693575,0.2624133064117355,0.2061485798314586,-16.743208563766924,0.8670321970417636,-1.0143643324873406,-0.3707647193157124,-1.1434468409189256,-0.04485495909695411,-0.9986401807143448
1104,token,2023-07-31,-0.7270464751402266,0.3005036756762756,0.2221709533288524,-16.413734417580283,0.7766026569071747,-2.437978513429809,0.07846656798336975,-1.0385955782751652,0.12064138051346839,-1.0877358190728448
1104,token,2023-08-31,-0.7764206823934672,0.30479160235716535,0.2221620913221938,-16.01806090497805,0.8508814399636223,-3.02305235188709,0.11855330404703948,-0.8753689012663654,0.24659916695666556,-0.9406888479119143
1104,token,2023-09-30,-0.8678182929303173,0.3227882655722007,0.23140502553441986,-15.865164723542753,0.7969210858381424,-3.4167872582637644,0.21712753062309184,-0.7827949079310457,0.3262421945402124,-0.8981995794534204
1104,token,2023-10-31,-0.8491206298468494,0.32516346864052664,0.22885765878054246,-15.814323041905409,0.7435654896070075,-3.4858937493530355,0.29022542409282526,-0.7479490543615096,0.3955443599795544,-1.0069123096548336
1104,token,2023-11-30,-0.8352925274869648,0.3260083027563005,0.22860153748536488,-15.790001040466157,0.8379063471110885,-2.6524313801708654,0.12265536249600453,-0.7816279790909992,0.44073841179370205,-0.894373129820654
1104,token,2023-12-31,-0.700617495055615,0.358447858849033,0.23372057194354615,-15.600177634251676,0.7534302184411269,-2.0355631444166713,0.31330893194827314,-0.7451721220963117,0.6485053306038583,-0.9217269193857957
1104,token,2024-01-31,-0.6701399006287874,0.3339159362243804,0.2326726194092729,-15.554243098246921,0.8150310022190774,-1.9610872301960036,0.5191443683413984,-0.5780169250298646,0.7067183158060627,-0.743980283021575
1104,token,2025-10-31,,,0.27705911219544,,,,,0.7539279957901905,,
1552,token,2022-08-31,-0.5570785570978565,0.1980329366118551,0.7578226861429507,-17.37059860074068,2.533423453878305,-0.026097011214375482,-0.7486407380576117,1.6720947022994515,-0.08542788726323496,0.6770288014806921
1552,token,2022-09-30,-0.5540135509746701,0.16046588766715586,0.7588568333153239,-17.33664067777095,2.5321271074091674,0.06205511250220402,-1.1720947452042347,1.8895240955042263,-0.09832346298090924,0.7184012254695884
1552,token,2022-10-31,-0.34630163962252447,0.19471483755394478,0.7588389630006619,-17.322418160812454,2.538995430770057,0.5418027894233691,-0.8771921862708308,2.0473555088299396,-0.0449089894795153,0.6686221946791799
1552,token,2022-11-30,-0.3696614357279341,0.19269481946106787,0.758597397474968,-17.27798625210694,2.541313251991165,0.6646223865072528,-1.072094621495447,2.1680804700301928,-0.09682061780713044,0.6260815804094652
1552,token,2022-12-31,-0.3568573548293097,0.1921751148915743,0.757864539219825,-17.020266581508718,2.5434053844903524,0.846427227238894,-0.9738583612177061,2.2010352314179453,-0.0772425313712309,0.5987453040652099
1552,token,2023-01-31,-0.08876882243099327,0.19684241456300863,0.7568777704571252,-16.707346622843378,2.680564012480375,0.2596736843726173,-1.0639727425114003,2.2012352856276274,-0.033103150640900136,0.8206032766864109
1552,token,2023-02-28,0.06010795152248405,0.1982974883749961,0.755134589157885,-16.614791943532563,2.6826903827109643,0.10376426511681003,-1.2218367912581403,2.222605873195809,0.08828497037765272,0.7950400409666091
1552,token,2023-03-31,-0.06964768789575959,0.19822088894662032,0.7576752155737496,-16.375139518726325,2.701229050024873,-0.3716967365558951,-0.9717134550391802,2.128297323655325,0.23490042272920925,0.72763439525031
1552,token,2023-04-30,-0.07785758549069988,0.19555785728622221,0.7566091954668098,-16.370258671967605,2.7147353649958132,-0.060174120248923275,-0.9550867469523532,2.143458291820196,0.11865366019536508,0.7266142838658584
1552,token,2023-05-31,-0.15492313849962025,0.1588825130044838,0.7572631329140252,-16.185524469316903,2.737475663218288,-0.012813357280307684,-1.0157171375132263,2.2225035383663387,0.15133149676747026,0.7110972136683353
1552,token,2023-06-30,-0.18571665979977714,0.15353047949008072,0.6327219305740589,-16.116053464098666,3.3780330552204,0.15383011625951518,-0.953672898318686,1.5850938907696377,0.2153366340172428,1.3027115079265308
1552,token,2023-07-31,-0.0005776777189553384,0.16415999932595252,0.633443320697933,-16.127255227910364,3.3868752843148124,1.0200469472302975,-0.7514140636130977,1.5837189082564174,0.24169302300572462,1.2518090139269644
1552,token,2023-08-31,-0.25075377569842683,0.17768521497455625,0.40633940934772833,-16.07533670316373,3.8699213012685374,0.3929588291280496,-0.6579067042397025,0.3552065842115004,0.22336492650225864,1.7536130151007723
1552,token,2023-09-30,-0.22371873916473672,0.17232151843606056,0.39867695814250864,-16.088665674368677,4.159387927405508,0.11435136020350922,-0.7076678298483267,0.3629111291600816,0.2347548359967689,2.044723665288223
1552,token,2023-10-31,-0.1626181377265694,0.15497028339455798,0.39183756347838,-16.074074287778902,4.197943103255259,0.12046295160386772,-0.8142661353496727,0.3546098267231472,0.28046218551206176,1.9549901853424991
1552,token,2023-11-30,-0.17790896128944056,0.15194778702751052,0.3922927239649911,-16.093622433456368,4.3574937470452175,-0.6940921554212749,-0.9492118904336946,0.35913555955165,0.3035674579788313,2.08222874955923
1552,token,2023-12-31,0.16085331509204193,0.1875826639516006,0.38581307230097106,-16.160292189667302,4.190538684634121,-0.32461239089505106,-0.7797511219011514,0.34419856767840207,0.38144071609601604,2.0004019449219888
1552,token,2024-01-31,-0.061711563800663116,0.1851484050620277,0.38714655382609414,-16.272009575798727,4.321266482969668,-0.5962179249984921,-0.45790845380876305,0.5194602448708391,0.37207671135140397,2.3262361382207137
1552,token,2024-02-29,0.13195931743776113,0.19469830249514825,0.38178086355424745,-16.251219758496546,4.258107973542172,-0.7973475063579739,-0.5319772614946899,0.5983286485468138,0.39291674651657543,2.5279389911079035
1552,token,2024-03-31,0.4726752168963977,0.21517124620127834,0.1520726381912722,-16.450282964081307,0.3340853226819559,-0.3649100766605397,-0.4486104244990427,-1.0018319127836341,0.38111605541588456,-0.9474947536508879
1552,token,2024-04-30,0.07952505528635512,0.2312020444259931,0.15153922108168572,-16.461379344276832,0.37435754392231935,0.07640598593602081,-0.4921322194860762,-0.9797437213548968,0.3434310880171654,-0.8953832087677274
1552,token,2024-05-31,0.15128925583140918,0.22700376563858105,0.15137610320072725,-16.85350068858196,0.3120544132831137,0.11550614916695005,-0.49230014832591396,-0.999079696340836,0.15002212400249412,-0.9654402714463859
1552,token,2024-06-30,-0.10067980928462272,0.23675123144733728,0.1522796912477349,-16.972424697392654,0.31205203285246436,0.28963830031394994,-0.5043798007672299,-0.9866377624139844,0.07240370228972012,-0.986850376916292
1552,token,2024-07-31,-0.09678538625935906,0.22716675120276061,0.15179128410386614,-16.994728766200442,0.36201652075021074,0.8769083622438728,-0.5861896111997129,-0.9370157418036346,0.04424261438759797,-0.993398485252066
1552,token,2024-08-31,-0.19681206963460074,0.21240508283128695,0.14776334415730633,-17.08020557301199,0.379939513493174,0.8883195914213391,-0.6823192356665462,-0.9486731886289222,0.03737058475866811,-0.9953017443490856
1552,token,2024-09-30,-0.16640081377015326,0.21243227165826567,0.13343711643895717,-17.04888176105406,0.4069221985732248,0.5682437858917916,-0.6671810046565566,-1.0161913013155772,0.07858053482899022,-0.8820903550326492
1552,token,2024-10-31,-0.1620523024046222,0.21244045617311663,0.12536674304604603,-17.08267805385769,0.39137191541767696,0.8114576926159535,-0.6652265157233764,-1.0390327303401585,0.09813638441670847,-0.9127293601878556
1552,token,2024-11-30,-0.021438819543917353,0.21576275888288507,0.12567477096495072,-17.0409895115862,0.27125247296183186,-0.6347763306380084,-1.0752484569241012,-1.0557934262018196,0.3302178895567871,-1.176365884520911
1552,token,2024-12-31,-0.005922885576124193,0.18636546132892506,0.12669258743532247,-17.12379425791713,0.21012503481871767,-0.0015636251422502462,-1.3002683192944218,-1.0571229905229846,0.2598147073461339,-1.2836369513880934
1552,token,2025-01-31,-0.11725112496691825,0.18192354616296458,0.12814524186798862,-17.405369150222903,0.31591685319305784,-0.2209163334618605,-1.2977359509058763,-1.0921170425080626,0.06036856675050022,-1.2317909409104133
1552,token,2025-02-28,-0.2917991102032075,0.18390003749490202,0.1282491372686515,-17.620665647341095,0.3694707449701112,-0.014767366163347591,-1.1595316723491758,-1.0871476886572704,-0.1501405848301172,-1.1638735437473156
1552,token,2025-03-31,-0.18218151676102734,0.14312935237106073,0.13175134134712727,-17.67050787285577,0.3460900805452064,1.1087692593641039,-1.9767264843259995,-0.9825895378616436,-0.03134141401531141,-1.2630019700287753
1552,token,2025-04-30,-0.39726758611149526,0.14955600935267008,0.14339369484962544,-17.55627052437099,0.3081657807884931,-0.5366723181581144,-1.8086235067992724,-0.902366343501719,-0.06548991886215551,-1.277831143980406
1552,token,2025-05-31,-0.4306248432357873,0.14515087554637193,0.14079470382512624,-17.566700582945085,0.5390651204358312,-0.6088772028782312,-1.71741687237887,-0.9321888914904912,0.05000993891312521,-1.0585623641442425
1552,token,2025-06-30,-0.46881404215818256,0.1393752560550513,0.13975918785938482,-17.633413006525863,0.5360404020428212,-0.648640433782424,-1.6679544973887448,-0.928946451510921,0.06923956528255701,-1.0816117204893925
1552,token,2025-07-31,-0.3889114679683702,0.1436106024550605,0.13981346142675874,-17.609317976586322,0.5641054637894839,-0.7285759023259932,-1.583079544419864,-0.9507636098604482,0.09975958583224179,-1.0803976545529406
1552,token,2025-08-31,-0.30712769615326496,0.14631523887020784,0.1412021753491825,-17.874986153479988,0.4808007354506658,-0.5380850355748901,-1.5256857928294916,-0.9500923985978277,0.025259105413482023,-1.1376966439033307
1552,token,2025-09-30,-0.3022785726889037,0.14439573547561316,0.14097030517431489,-17.89713020519827,0.4703852542238717,-0.7248163790317964,-1.5085971796979976,-0.9462980875470065,-0.00815994293136638,-1.1579383989329988
1552,token,2025-10-31,-0.2988972912961101,0.1449575155343567,0.13518564438581884,-17.86273492604202,0.5866468310436135,-0.09762835084622543,-1.512026074535415,-1.0078462283520215,-0.049409135005473837,-1.0507749226677465
1552,token,2025-11-30,-0.29470633796527324,0.12401023153400888,0.13567621543611783,-17.990387135204646,0.5798349205628371,0.28148040604992053,-1.035682242203557,-0.9670638875906084,-0.08346814029385831,-1.117576549852974
1552,token,2025-12-31,-0.40172711119564775,0.12667419001244437,0.13781264933782342,-17.798084069655836,0.5695036311721177,0.14843959081822264,-1.0360489142307856,-0.9240978752627436,-0.042949483362592265,-1.1721851088501003
1556,token,2023-02-28,-0.07310761056708293,0.6979582575746471,0.6664792413752951,-14.105965973362618,2.2666912372865133,-0.31731210123938247,2.454934120604121,1.6622005223042295,1.0320798210212518,0.40966337480735265
1556,token,2023-03-31,-0.28876764801327937,0.6807207447381983,0.672747038544183,-14.095113553590345,2.264497791285101,-1.295718889276735,1.8761230776202165,1.6055216680793765,1.2067490306999846,0.3327227800342091
1556,token,2023-04-30,-0.426609943193891,0.6741898237499574,0.662538113675088,-14.156421761146882,2.3268807841218093,-1.7900571178182147,1.8858728348429175,1.578007162974973,0.9658162810451957,0.37422550901227475
1556,token,2023-05-31,-0.5457129297852276,0.6696685294369377,0.6542470490970262,-14.424782652985652,2.37618813019699,-1.3494772214132629,1.7432052510582483,1.5906925555503337,0.8375447695537744,0.37996449561522794
1556,token,2023-06-30,-0.6185104908840116,0.6712969752972558,0.6581528533390401,-14.496166823731748,2.3820417625980856,-1.9891084665159668,1.8182088919738726,1.7477606595396058,0.8873887082878986,0.38987779236556763
1556,token,2023-07-31,-0.5798037169107385,0.19727239136363556,0.65825721538794,-14.632629815425952,2.44526955189761,-1.7370960960943695,-0.5498694555060337,1.7419348271354997,0.8732462653210492,0.40786313529761975
1556,token,2023-08-31,-0.6404430509633567,0.19505114297670284,0.6584886679821688,-14.586748107983738,2.4414895865519264,-2.139410822589359,-0.5518227467131227,2.039934647815629,0.8272190228864784,0.47882818053290893
1556,token,2023-09-30,-0.5176937235854704,0.2048751806403089,0.6461814275652662,-14.486232305418266,2.4758466642335004,-1.4973038789323514,-0.5075872383166732,2.0581588638118733,0.8906911782154064,0.5712421559326915
1556,token,2023-10-31,-0.5031179041220732,0.2040198528572219,0.636816035527746,-14.422502669736213,2.5351369026232446,-1.6682612384891486,-0.4959523592281107,2.011888928299169,1.0121870804360145,0.5292428047173932
1556,token,2023-11-30,-0.06434998319460217,0.2739977997037083,0.6322351895480182,-14.209638105125023,2.411370163480242,-0.355801068511474,-0.1976260913251324,2.0312941039165553,1.1547193637926991,0.43634403123871407
1556,token,2023-12-31,-0.0809816534969513,0.26236596369324744,0.6243947778759535,-14.368285203464048,2.4670607179644897,-0.8049162118269468,-0.3013468588696374,2.0530528278099616,1.2358760281914252,0.5351514988160396
1556,token,2024-01-31,0.05661562490479177,0.2548516014713918,0.6142891624547117,-14.373120677342424,2.5106657059496986,-0.3307780398735959,-0.00012237486702563466,2.1332200563413553,1.2573886443187565,0.7407932127698711
1556,token,2024-02-29,0.17138973669301327,0.2552339043295485,0.6057314965269478,-14.410899980045356,2.553481841296842,-0.7146938058043723,-0.13308553595686673,2.227110565010175,1.244853296986638,0.9667265274433992
1556,token,2024-03-31,0.7134482656729637,0.2991005780980983,0.6000402636622362,-14.292766687338275,2.470490580953836,0.08215960745700597,0.09497436510456435,2.3144128540117053,1.4016425625480613,0.9664844984073729
1556,token,2024-04-30,0.4637004151416655,0.29430639938152026,0.5914769373020989,-14.321935942162073,2.5204961828778125,1.2913894327790647,-0.07917721165515139,2.4125193417197557,1.3704721747627195,1.0540532673564427
1556,token,2024-05-31,0.32432072199684847,0.27821278935503346,0.5839756529674884,-14.451336173373662,2.56834316334426,0.788035271917165,-0.15215035901143767,2.3708370412391018,1.2641685108074099,1.0769753399728133
1556,token,2024-06-30,0.014328068043764741,0.27558256761014843,0.5855630612617444,-14.439004454184053,2.5716764509787113,0.8276284546955832,-0.2447410212329686,2.410825735308051,1.2722512076157853,1.0629072658840357
1556,token,2024-07-31,-0.1934267503333693,0.28443185858034287,0.5851094202864353,-14.251510855182644,2.5702332977823943,0.3621202693122893,-0.24049528099666148,2.395575155146418,1.3493174341857803,1.2013269911046602
1556,token,2024-08-31,-0.2678762771480039,0.27449957478387493,0.5850449337467726,-14.329520269788615,2.588225440875397,0.47214081014336007,-0.3059681764103227,2.5033256938407544,1.431716295004835,1.1031161448315185
1727,token,2022-04-30,-0.3830096155755923,0.1964144788882543,0.4417576294096844,-19.184323799327505,2.1209823762880737,0.4928290997958753,-0.812676570012928,-0.23182878628014056,-0.31920582068655434,0.32659242232303565
1727,token,2022-05-31,-0.5532565033185672,0.19816029326006732,0.43431875577685664,-19.041154017781377,2.1354442629608243,0.5022442919808167,-0.8207638906001793,-0.19702184226660566,-0.19462307652198937,0.2678975402248484
1727,token,2022-06-30,-0.813369280825178,0.2493596241106503,0.4334133259695474,-18.772851418102103,1.9882775949765459,-1.014585743785589,-0.6038666988486582,-0.08685156451718663,-0.1464839122364046,0.029202130991524602
1727,token,2022-07-31,-0.7596075394155395,0.2561458587601766,0.434058837582316,-18.72786523538554,1.9737457811352908,-1.3155778178417286,-0.6318501105603703,-0.10669240338706577,-0.23808523840968054,0.06823574329746741
1727,token,2022-08-31,-0.7683286571994724,0.23647035336761377,0.43333353560380683,-18.579876872407162,1.9815571183506002,-1.2205526109912006,-0.5356914331423569,0.007873492960640185,-0.41688826320420974,0.15550042026975694
1727,token,2022-09-30,-0.7325134870538081,0.23654603729979684,0.4332328131962485,-18.53695180783874,1.981433667739346,-1.0606362734145645,-0.6187374702961023,0.126828127644302,-0.4349938045079136,0.20207318712622116
1727,token,2022-10-31,-0.6475493523749527,0.22146459957263628,0.4315368885396535,-18.468410040975673,1.9647373084676891,-0.9011166874512534,-0.6882742186728181,0.18355777947124796,-0.4080593068160369,0.14567360843284635
1727,token,2022-11-30,-0.6572440851636947,0.21934609679789727,0.4314095089100707,-18.206272337184377,1.9630863814911692,-0.6461581127284464,-0.7948939031548039,0.23118940225719234,-0.3926264432902251,0.09302422355843391
1727,token,2022-12-31,-0.6143524756014653,0.21899715202243183,0.4314096044227262,-18.22804117005664,1.9636422451505702,-0.297871795535311,-0.7200026098712597,0.29324824492432905,-0.48573248877442743,0.07018685222351911
1727,token,2023-01-31,-0.39218755402083727,0.23529010900679131,0.42532523001456346,-18.047702056374423,1.9289610618830828,-0.542337114735507,-0.787523236701407,0.22504624207352958,-0.48515381625729637,0.13561754068730253
1727,token,2023-02-28,-0.14457431901297857,0.241291682915669,0.4247421467851521,-17.961842275930707,1.931188252297003,-0.5432086964705183,-0.9054625357421366,0.13413972613527303,-0.41846168418962204,0.09885739536281636
1727,token,2023-03-31,0.22921171581943245,0.25231160359733523,0.4247181522228751,-17.713050851006386,1.9190032537147421,0.8885842046859271,-0.6524563373199554,0.07877909354779687,-0.3353769713649219,0.020311421447329163
1727,token,2023-04-30,0.024799512019027414,0.24804373072440544,0.4227669345039355,-17.566111942441285,1.9486440409045673,0.4490260719201723,-0.6435525087468106,0.13676845980945693,-0.33896008082350276,0.03057510723905965
1727,token,2023-05-31,-0.07110203508321611,0.23610481536292202,0.2802257675660039,-17.406364649205113,1.5259629717988152,0.2738897308936981,-0.5986142176608683,-0.7032284005016043,-0.3244661060495577,-0.3992967351921041
1727,token,2023-06-30,-0.1117744591154669,0.1514468985765677,0.24608537842770495,-17.435691398854598,1.745898079336477,0.5199480767322381,-0.9648274246148771,-0.8879944516090876,-0.33214946114438265,-0.1931528087287865
1727,token,2023-07-31,-0.13448037279289593,0.1432230099706574,0.24300716164756475,-17.425249375437733,1.9581758249471517,0.3826638545767228,-0.8788508646074964,-0.9057417926729938,-0.30677377377823223,-0.028711037111843436
1727,token,2023-08-31,-0.02369871740810281,0.13804432188125826,0.24893729316942861,-17.381600266513715,1.944080265302524,1.8684609159956935,-0.9000626557503449,-0.6964711555224473,-0.3065280246062089,0.03492186511815297
1727,token,2023-09-30,-0.039596636956274356,0.1368459292888025,0.2475741074757685,-17.397992990766,1.9746127420995585,1.123761569884085,-0.9257071034938888,-0.6720470107460015,-0.30120215748941814,0.13254847358446417
1727,token,2023-10-31,0.19967380231560994,0.1603362503313937,0.2193441605271382,-17.322541052707273,2.0009125799601257,2.0236664806084974,-0.7794429714173616,-0.8123078598775703,-0.272668058676747,0.07118044699124249
1727,token,2023-11-30,0.5839519188887079,0.1836080833166346,0.2239775966684373,-17.31621708935248,2.1188633413246993,1.5754839675188286,-0.7542473134974746,-0.8138522130417318,-0.24877990274762693,0.18896379667601476
1727,token,2023-12-31,0.4531148818838904,0.1802983439846955,0.22523619532420266,-17.31352505422336,2.2037575834415235,0.25584273542805014,-0.826350425990327,-0.8059419246072969,-0.16842482021717423,0.31129889217878587
1727,token,2024-01-31,0.32548035469811953,0.1809241073759416,0.22446204667246006,-17.395551422541786,2.43415738756955,0.272358261861148,-0.4856521552975547,-0.6363498480856522,-0.15174803949022422,0.6737991113348814
1727,token,2024-02-29,0.5237366105419794,0.18796609559846347,0.12375687061102202,-17.380555616815112,0.02802582282745705,0.023892634618295244,-0.5763382911090051,-1.2782671357161663,-0.12988505495500713,-1.3462577322062672
1727,token,2024-03-31,0.5106652065033708,0.18113769292137424,0.11571653558762385,-17.532738400133606,-0.331483577037967,-0.2943699030841384,-0.6690354115805945,-1.2709713062245513,-0.13089605646875807,-1.5437697627798261
1727,token,2024-04-30,0.04052616879403348,0.1957157986410818,0.11241210544984478,-17.58467113337937,-0.2758068963624429,-0.04693092341528986,-0.7243542731989419,-1.2814443126632493,-0.19580580821101817,-1.4859574859201248
1727,token,2024-05-31,0.19285450600369547,0.1942422106675576,0.1146854454463784,-17.609472610292997,-0.3832681842343263,0.2770596622634271,-0.7099148422265902,-1.2848970573294478,-0.20060472930746145,-1.5948533853945372
1727,token,2024-06-30,-0.09973966852890592,0.2094268937198015,0.1139623188820626,-17.368081516231094,-0.38749333310283385,0.2940361422884118,-0.6870790946935033,-1.2870921138855986,-0.11498244034538455,-1.6214241799120388
1727,token,2024-07-31,-0.20427220007293545,0.21253707754048826,0.11431919919869937,-17.332594295299035,-0.32740703594153675,0.30434885391565936,-0.6745050875756168,-1.2252084543100945,-0.11649554379275788,-1.6786099461963242
1727,token,2024-08-31,-0.32481142669046636,0.22016722585239948,0.11419880348711924,-17.23334194852661,-0.2368201622929261,0.13870711718347642,-0.6352733438936569,-1.2136391959855806,-0.040255542821698374,-1.5813760026445198
1727,token,2024-09-30,-0.25575244175262535,0.21986289835417455,0.11365205041303963,-17.204577435741903,-0.33359948905322573,0.07776351204800024,-0.6227538751669703,-1.190770357087491,0.003023941158333606,-1.620959751658232
1727,token,2024-10-31,-0.24326525812779798,0.20401548037655284,0.11337934954742714,-17.291611750506895,-0.30724979448788803,0.36157006465042985,-0.7149014713240543,-1.144359975631724,-0.006819137166851982,-1.598838088613093
1727,token,2024-11-30,0.18613955725633913,0.23862167339514662,0.11616160688102262,-17.220160403008865,0.1566091077557541,0.4181933414019035,-0.9102529843811029,-1.146651993403135,0.20934672817200362,-1.3079713148091738
1727,token,2024-12-31,0.002175102927697292,0.24567614629678622,0.11686836125674108,-17.165964235104827,0.15348047829416972,0.02733184380971449,-0.821444628970701,-1.1536472009288015,0.23199561510959532,-1.3498241426405104
1727,token,2025-01-31,0.06335587828431288,0.24435225159266594,0.11640479522026352,-17.18105498576766,0.08786453539192457,0.3890240873621841,-0.8023925754809984,-1.209663101118552,0.19276222881208005,-1.504053369224069
1727,token,2025-02-28,-0.2664324829790281,0.2544018301735823,0.1161116390516724,-17.120922658787798,0.11490596534335039,0.1457236143191575,-0.5903072234957235,-1.2107385299624769,0.09357893383050894,-1.465755181100038
1727,token,2025-03-31,-0.2746160894345502,0.252453128700962,0.11587415558582936,-17.078288963526646,0.18195430229985865,0.5387632584227291,-0.6270805708182249,-1.145269810020935,0.3413357206641465,-1.455846133815167
1727,token,2025-04-30,-0.16653728056687145,0.24361756953422756,0.1160527038523965,-17.117904769628634,0.08402466709862914,0.6902489931607937,-0.6363193839473459,-1.1895823828237884,0.1404897926775167,-1.5403096280930773
1727,token,2025-05-31,0.14416787698114342,0.26170912327864215,0.12652087943186605,-17.108039838063025,0.038889127794976094,2.1995059256099956,-0.3425352144687255,-1.0815610483430615,0.3017074188057719,-1.6199433926309321
1727,token,2025-06-30,0.04695198636396247,0.25302201234323896,0.12127576837318065,-17.286908796007108,0.7454525734132307,1.6486471831811715,-0.392366773496512,-1.124147466210598,0.25956920441231657,-0.8446836216583697
1727,token,2025-07-31,0.22803959843364208,0.2559701672556607,0.12086114670556546,-17.25327650226331,0.7176216946551361,1.6137946173120101,-0.43973384204281024,-1.1617599349179535,0.29377899675013674,-0.9036694799345274
1727,token,2025-08-31,0.20986818933851326,0.2479506916579953,0.12090583501861303,-17.434255645777267,0.6966764295216092,1.3850533124696534,-0.5049830489169789,-1.175358889782301,0.25686304238110397,-0.8913644209923269
1727,token,2025-09-30,0.10122063258620506,0.2529089149999123,0.12270884671860169,-17.451993579274614,0.7027002060623192,1.3023967493395583,-0.43495880828277156,-1.1519841676448919,0.1920846381800283,-0.8890161950188554
1727,token,2025-10-31,-0.025921943402728576,0.2574069385151299,0.12282902803355586,-17.399631718918712,0.7688304234482477,1.296084252995422,-0.4373628133071887,-1.1612897757829161,0.15129750869913797,-0.8175424903256384
1727,token,2025-11-30,-0.14728703773621976,0.19338515149280402,0.12323170859328626,-17.601216039405745,0.7761833522752072,1.1013510884017308,-0.26720333134696983,-1.1054030969505688,0.07471982034947222,-0.8726723230089664
1727,token,2025-12-31,-0.290090466758429,0.19294038566616312,0.12436493432600705,-17.607149251089492,0.7710858644495496,0.8758091724701154,-0.2854283324215746,-1.075053998275367,0.037179846079752124,-0.9169979444456998
1727,token,2026-01-31,-0.4011976040453483,0.19672263342742952,0.11940390931653709,-17.471334715653047,0.8794923229904212,0.6031951279564969,-0.24558159815131486,-1.0550279437692365,0.3142179321523919,-0.7594812325696187
1727,token,2026-02-28,-0.4728709666189802,0.1776403156511097,0.1183586889727436,-17.56575569030421,0.9517812353812879,0.2319250975215152,-0.32066802225674307,-1.1024778490371325,0.266591335434719,-0.7108421063376822
1727,token,2026-03-31,-0.4401779917861329,0.17687185963805468,0.11727014442730452,-17.669924134233217,1.0641641010757354,0.2348260870383272,-0.22349953385406132,-1.025990709341798,0.23553244380861488,-0.5723612755383163
1727,token,2026-04-30,-0.36422342664813623,0.17441300105310514,0.11443602845898282,-17.618805185856658,1.0063892466409463,0.1902607005113676,-0.3763864091921969,-1.1989624407371104,0.1888882908561595,-0.6622765508514792
1727,token,2026-05-31,-0.25866541553938716,0.12296339061015947,0.11607538651074627,-17.73379224054728,0.9454752262994,0.44325883226668833,-0.9175659453027457,-1.1507296712292543,0.13264883935356603,-0.7160685762169413
1732,token,2022-08-31,-0.32867355954241706,0.3492549120169662,0.4221741318613363,-18.079422213743165,1.8337959539102724,1.2653562388237283,0.08915267441476986,-0.04936021226783103,-0.27971479933837523,0.01586218554627234
1732,token,2022-09-30,-0.36350341641199424,0.35074790844658676,0.423128041017657,-17.912195587955196,1.8318422497035827,1.2602857208792007,0.2118922867737339,0.07212810530309703,-0.2597584970527257,0.061816852360878825
1732,token,2022-10-31,-0.3111971567304793,0.3500717206984367,0.41966914363271857,-17.917644012547772,1.9563333760277701,0.7099466124178746,0.2200028689790491,0.11597777391650603,-0.23352852569629526,0.1380205611050259
1732,token,2022-11-30,-0.4249841297368657,0.35377300776618026,0.421724018821431,-17.591470759558156,1.9530543909305444,0.41246562873911896,0.6032843460065473,0.1738531135517223,-0.19671497687751677,0.08377590487068942
1732,token,2022-12-31,-0.33011872270219456,0.3513564825168747,0.42167371966161227,-17.621235530410537,1.9451654360910362,0.9652527433171211,0.5327052708334427,0.23635220118463515,-0.2805004759125999,0.0533419151642174
1732,token,2023-01-31,-0.026221813611406297,0.3616126506152674,0.4213837762101102,-17.307401475127943,1.8559740837797152,0.4250009081151178,0.12077060784595274,0.2015535618074149,-0.23547872102747192,0.06909965531344194
1732,token,2023-02-28,0.253891118771274,0.363876015981995,0.418977507553133,-17.32725211120563,1.8966759745032005,0.7162866359735499,-0.003421515410982473,0.09770047286534866,-0.17973530904131738,0.06688563122813936
1732,token,2023-03-31,0.10336861879526005,0.36514444982424205,0.3897113237473773,-17.293596572831074,2.193137760619253,0.35790772338788224,0.013511740622284545,-0.1367055470743845,-0.15658687748642894,0.26819590130004406
1732,token,2023-04-30,-0.005158231636255395,0.35954069667376276,0.39048526228754954,-17.153597878627597,2.2844831262555947,0.3004295384483676,0.018246944589383834,-0.05727319090932125,-0.18110450721295032,0.33570473486421787
1732,token,2023-05-31,-0.09690172040878664,0.33102335778404396,0.3908672886737475,-17.225471525168313,2.320052243432654,0.18564406058782312,-0.08592811555252189,-0.024649623273751024,-0.25396669408666367,0.3285139830300061
1732,token,2023-06-30,-0.13051941072816975,0.17608681924908223,0.3910966098362126,-17.19425589941125,2.319881475812331,0.4271341843935039,-0.8329167120070227,0.03955775192549432,-0.23198366919321176,0.33290740922338047
1732,token,2023-07-31,-0.11833774538326913,0.17274516629005407,0.38908091425518593,-17.191739443391796,2.3110358878634187,0.45950351621475577,-0.6991588804374327,0.025639325916091582,-0.20810426537524918,0.2875516889726758
1732,token,2023-08-31,-0.26433651059665686,0.17380598343954048,0.2685263006929943,-17.121327161166054,1.1098499595691604,0.3046923362403091,-0.681603925220091,-0.5655877617269127,-0.20094681744680387,-0.7095758461335091
1732,token,2023-09-30,-0.15871660451811775,0.17619414682663512,0.2627312680354729,-17.12244470013049,1.1465499256968288,0.4707117187716563,-0.6838659677319557,-0.5682301295295938,-0.1884098621177613,-0.5921948251068881
1732,token,2023-10-31,-0.08673083106619628,0.178386455548219,0.25719955913101356,-17.09319631123934,1.1018433636555152,0.5191165617997328,-0.6623037376732143,-0.5562161287829681,-0.1710574139922202,-0.6997125047308222
1732,token,2023-11-30,0.03576611364708282,0.1661670644774261,0.2543634286403073,-17.236622257130865,1.202270674779807,-0.057556193593214,-0.8616493677382312,-0.6020934131313549,-0.21282031851989194,-0.5862212303855117
1732,token,2023-12-31,0.3570343557483733,0.18352617305303826,0.24390203333793808,-17.24168204328914,1.1268544665411522,0.06501903408622488,-0.805701334656206,-0.6722468588778225,-0.13416981678132728,-0.604252570019643
1732,token,2024-01-31,0.3393862421694649,0.161336943572025,0.24375797113447095,-17.588393521478253,1.2093889024438549,0.3035529282208963,-0.6142937582266838,-0.49925981636519745,-0.2416560965154223,-0.39866288840735253
1732,token,2024-02-29,0.8719654770536127,0.20838424995112528,0.2455237545579183,-17.523425595622378,1.213946806950001,0.7538469440170933,-0.4417954340922178,-0.3926625899099749,-0.1960236458325278,-0.26011069602618
1732,token,2024-03-31,0.9404485997004883,0.20642338623442774,0.24460375561836567,-17.46090098230045,1.2771730381508641,0.5036559839988812,-0.505267656387987,-0.3168363539846796,-0.09691624834729366,-0.10259404331533817
1732,token,2024-04-30,0.1434655617001761,0.23834827473802048,0.24570199633654363,-17.43697127762942,1.3225035158548528,0.2786226426857213,-0.44536727598028125,-0.2536752515771901,-0.1249024039837107,-0.0341385953838221
1732,token,2024-05-31,0.31005285720494635,0.23592104272818695,0.2465205427814683,-17.437081004502772,1.221735657000077,0.7325797249888273,-0.4330682063134411,-0.2579119359867824,-0.1206478889284331,-0.14198752253186514
1732,token,2024-06-30,-0.20876012394878907,0.2688861171793981,0.24957326379253414,-17.178483774469022,1.1667152801933347,-0.21594572160276543,-0.28951563856166135,-0.22373896647533956,-0.025187477161321338,-0.21156555117069825
1732,token,2024-07-31,-0.3707314345406305,0.27877974644123216,0.2518396776128506,-17.062724871993844,1.212127584608371,-0.5823442581233189,-0.27461558932471875,-0.16755714401709076,0.01189374222586108,-0.14848125204012405
1732,token,2024-08-31,-0.3287972299432459,0.2695894912340667,0.2529253192651356,-17.138202537076435,1.2413561082944347,0.115364751199268,-0.3357279036727318,-0.1185009856524732,0.0079714317709405,-0.17674289281901692
1732,token,2024-09-30,-0.2830621817693274,0.2681140423692417,0.25296080201248283,-17.186231434793893,1.199355859790322,-0.07214857197829658,-0.33426410022533454,0.038459319636169616,0.011926958804067519,-0.09142481354667065
1732,token,2024-10-31,-0.3367976024600807,0.27126692832697585,0.2530219501617483,-17.14667651482198,1.2389722418959537,-0.1565620997930957,-0.3183765706375618,0.08260987813600743,0.06598746847458657,-0.08031036437474784
1732,token,2024-11-30,0.0300604800220583,0.3113885288182929,0.25725053929563346,-17.123310823576666,1.0846068906700377,-0.3735390986576707,-0.3850223707590117,0.2008637368061124,0.2746827939394193,-0.24267157149255425
1732,token,2024-12-31,-0.24760992001502002,0.3216003837131275,0.261293444208075,-17.02760714277439,1.0475426370657464,-0.8639580575900019,-0.20849734022489957,0.26534670670994864,0.3232683396830063,-0.3051436521415108
1732,token,2025-01-31,-0.26223754421806067,0.32472539504172065,0.2630069403535549,-17.008719604143604,1.0493584297365808,-0.7105600127205182,-0.16466824825794205,0.25812640138733356,0.2944772156092734,-0.35616473995213854
1732,token,2025-02-28,-0.37483140832569717,0.2844140043557257,0.26144259794659763,-17.036765821809947,1.1556119855778326,-0.5401007035292157,-0.34799191974756094,0.2691031273891017,0.13462135817670887,-0.23160944478941198
1732,token,2025-03-31,-0.4408654766038981,0.278239102459737,0.2628116519141159,-17.049887292508384,1.183247387856176,-0.4864283511501947,-0.3087423714101727,0.36027608787731413,0.3592085936988576,-0.279420555836851
1732,token,2025-04-30,-0.32609595458665386,0.26791832908941265,0.26251868840005194,-17.14660079486189,1.1159263618781636,-0.15821318478572668,-0.3334551686399496,0.3490370469345777,0.12700607745584042,-0.33191020444339836
1732,token,2025-05-31,-0.36421854051898817,0.2543111098298105,0.25860798712784877,-17.218821503529146,1.2824983936425367,-0.28442225831185536,-0.42979967831974814,0.3006989280570168,0.24091419347033846,-0.22415739136563353
1732,token,2025-06-30,-0.3744261981098589,0.23491555576777945,0.14735208536561892,-17.529432698140415,0.7114581550062058,-0.22822494820766034,-0.5955962759055003,-0.8487588380212311,0.12635441113673843,-0.8831447716065088
1732,token,2025-07-31,-0.26107250307182583,0.23309099378243844,0.13173100542688657,-17.66325003417214,0.6260185307885796,-0.24321127789793445,-0.672547174053936,-1.0407456800455215,0.07037012758924682,-1.0091232150094551
1732,token,2025-08-31,0.26554256913408714,0.31616947585146576,0.18564773876021662,-17.72933851477907,0.8286668482089018,1.5921527068615786,0.18012336132393408,-0.4567967622785608,0.10179695778272063,-0.7407523135101852
1732,token,2025-09-30,0.46211582852911115,0.31651357259069207,0.18590696152954195,-17.765006341874248,0.7683087856100698,3.1155638376930375,0.19435093353431526,-0.44015862881605816,0.05127593838089289,-0.813069280418512
1732,token,2025-10-31,0.09450720727138506,0.3272259038512616,0.1879853634504661,-17.710460141433888,0.770085590162297,1.9109515897705114,0.2298871822444724,-0.35218322436546895,0.016586004888694713,-0.8159356190270289
1732,token,2025-11-30,0.04505543191978112,0.2796191523604741,0.19006318865298655,-17.83882825241081,0.7667658785322093,2.171061442453588,0.6880267590798471,-0.3624717595677173,-0.02186338381182209,-0.8844186817944097
1732,token,2025-12-31,-0.09313617271897268,0.2664467420340198,0.18775900597026743,-18.03601692918468,0.8131351934147976,2.159066683318963,0.5472041046635537,-0.363429512703415,-0.14280241029074764,-0.8637668196124838
1732,token,2026-01-31,-0.1266548594791561,0.26366073313637184,0.18865979560125334,-18.083842289399048,0.9368443306485535,2.4171612286439284,0.5026151788985347,-0.25980687421224846,-0.07324828645333878,-0.6884340379182243
1732,token,2026-02-28,-0.2719298040583973,0.26138867643415625,0.18258404509761758,-18.03949966857248,1.0709554733816087,1.3075804883757043,0.822291887042044,-0.35771564797945354,-0.011467161142458632,-0.5715229854381727
1732,token,2026-03-31,-0.3588541104377657,0.2564290919856679,0.18008375644344868,-18.09388751348858,1.076670138319214,0.5881293874888845,0.834886901258199,-0.29617488390434865,-0.012712622707206644,-0.557825561746165
1732,token,2026-04-30,-0.156162301538314,0.2708577956613254,0.18369318506179574,-17.87652571535768,0.9257734071769531,1.0465981021596573,0.6821420589754689,-0.39499335431956273,0.053100353961362715,-0.746953127255597
1732,token,2026-05-31,-0.1799203453718582,0.26889729249540917,0.18362719031986263,-17.87501922487819,0.9072963167029281,0.7355729899246167,0.6796282410504961,-0.3924659901075979,0.06211373209676143,-0.7577648196809234
1934,token,2022-01-31,0.12959975285675185,0.9864253850570834,0.6620505714513139,-19.351058946860036,2.4757613850564146,1.7483361754903453,1.5928269984342032,0.32705711617131633,0.11620995833077691,1.1214238133978365
1934,token,2022-02-28,-0.09850145295724388,0.993189611365287,0.6641951962798741,-19.34913596180133,2.472537628589865,1.248816364804096,1.7405587186285703,0.37616209176736415,0.19736126510020344,1.441839411393043
1934,token,2022-03-31,0.172220533618483,0.9921291192483376,0.6651106833372623,-19.35216908806685,2.4391942568478924,1.541466484287474,1.981401879432901,0.6013002703411006,-0.3049495907122334,0.6620557109856876
1934,token,2022-04-30,-0.33937770585387106,1.010350812478595,0.6633467687068778,-19.302455811999373,2.400923732923845,0.7406992825012337,2.22587732591049,0.8144174304435846,-0.37795503894331495,0.6280730351713404
1934,token,2022-05-31,-0.46947285318558896,1.002520399336607,0.6571100401570719,-19.40777746759393,2.4122518122907635,1.1796366755630447,2.3807044128447226,0.907596908673976,-0.390298906439736,0.5555847413635477
1934,token,2022-06-30,-0.6330728830860335,1.0047929344776614,0.651123305365168,-19.493099337099984,2.401733312300025,0.9091301736999076,2.459235848949447,0.996177503153681,-0.4775028472740887,0.45629321575548604
1934,token,2022-07-31,-0.6023522436517894,1.0015426285627966,0.6529170304226459,-19.508706274735328,2.4005833050908034,-0.21654439244283666,3.0819945295331035,1.0464270863393694,-0.4781572217440468,0.5253047475503683
1934,token,2022-08-31,-0.656585466429574,0.9635862116306626,0.6524630976021343,-19.540951647654275,2.403355815724557,-0.5887314668221232,3.4926442272341243,1.1317325312823185,-0.6803166351303815,0.5541114202104797
1934,token,2022-09-30,-0.6192747410879331,0.9564743341067834,0.6537043884304187,-19.684432159557755,2.4008954394165993,-0.34841100633356686,4.617550344251646,1.3203038317735123,-0.7568458578892313,0.5953589213089348
1934,token,2022-10-31,-0.5392914557655508,0.9423254463538532,0.6546394662529844,-19.78115621275022,2.4036856808426323,-0.3825818706522966,4.402745507025344,1.4539990940914942,-0.8240519478758777,0.5454022702553093
1934,token,2022-11-30,-0.5113847470778246,0.2398868940010169,0.6545778823295716,-19.908474728060728,2.40431337390691,0.018657989249544753,-0.5812484681524897,1.5523044074048356,-0.9350469227811704,0.4997837609439704
1934,token,2022-12-31,-0.5899097654273386,0.2406206682746552,0.6540514474927812,-19.413260051723338,2.4061950433550465,-0.1892492737479746,-0.5153479843415264,1.5943565008678373,-0.8865937215542764,0.4736533819231168
1934,token,2023-01-31,-0.07384097151775304,0.35169341917864233,0.6548027480004641,-19.31554196062151,2.279592562519352,0.29913168875211843,0.04944860354009051,1.5928263115020376,-0.9127477650504685,0.4551713374585097
1934,token,2023-02-28,0.01150579351575809,0.34892786247554336,0.6527328871931647,-19.334897599858145,2.3320386593445437,-0.04986057998035648,-0.11341801580986065,1.575307507595087,-0.9349911524666561,0.47020045026006924
1934,token,2023-03-31,0.11864821545389437,0.32208685756996813,0.6537196594222597,-19.326431794079724,2.352306350102008,0.42234131396377145,-0.24062509021449238,1.4883985772247046,-1.023071781699631,0.412123141465276
1934,token,2023-04-30,0.06902664725271213,0.30180694039864714,0.6528354019469622,-19.29956593454928,2.3780959002210373,0.6684017050364983,-0.3244365357778848,1.5196852090329989,-1.0022959480226787,0.4207574643021205
1934,token,2023-05-31,-0.08313437789091638,0.30214456339777795,0.6528351739761333,-19.081116558547986,2.4346562673036285,0.23273410658989263,-0.24191193230557428,1.5820333425935544,-0.9771665634112618,0.4335525975840872
1934,token,2023-06-30,-0.20736505535830896,0.29181215682953543,0.6500060987046641,-19.049104404052127,2.520866094941742,0.04664009004924295,-0.21337690301524886,1.6956506254451869,-1.0015157796125993,0.5171113656329436
1934,token,2023-07-31,-0.2379205261574413,0.29030423195086635,0.6502454772475386,-18.96299807232253,2.573638012453417,-0.10971611447204911,0.01638579513529913,1.690851169066592,-0.9565487389780079,0.5229176952926579
1934,token,2023-08-31,-0.3465680465180033,0.29083667121337975,0.6315258990241431,-18.804676974098058,2.8586779523444226,-0.22968379161118366,0.033306243103293366,1.8597836777827723,-0.8838068658698471,0.8511423740580326
1934,token,2023-09-30,-0.3260730570630942,0.28788594793050387,0.6316579528241317,-18.848476884325787,2.8558428424389533,-0.44678438750003174,0.0026116855006027883,1.9586823262301365,-0.8949398554330371,0.9038252380702496
1934,token,2023-10-31,-0.26628726964927685,0.28871164591263654,0.6248337450862033,-18.81682691701155,2.861075869813668,-0.4241350256549488,0.053666419270965125,1.9308287462690463,-0.9347078728146363,0.8087141156487382
1934,token,2023-11-30,-0.15065835325783927,0.28904579841285133,0.6232160968830422,-18.776579146488253,2.920952949714647,-0.6129128601808366,-0.10496029075040188,1.9684400658640884,-0.908546509835222,0.86731076308727
1934,token,2023-12-31,0.19460358711141668,0.29237039632210904,0.6129977856304081,-18.86649195090979,2.857840649848614,-0.25758161903034754,-0.1094022866312001,1.971421259687209,-0.9088849664443095,0.8673811417797456
1934,token,2024-01-31,-0.02749377943733633,0.16762102242585694,0.561849009218052,-18.74338320304473,3.5139091122916697,-0.5194581806827615,-0.5730221384667907,1.7606531816734603,-0.7801426548265613,1.6192779573241036
1934,token,2024-02-29,0.2414985353147472,0.1849678580452773,0.5585306552286148,-18.680286000271657,3.473540167044425,-0.5677323542930067,-0.5960947999223545,1.8838211724860934,-0.7315673453855277,1.809378472221103
1934,token,2024-03-31,0.5816490165452723,0.2083890539173095,0.5535260904988102,-18.511833076950108,3.41177247676248,-0.1625664903095543,-0.49253662386715774,1.970074614897098,-0.5940175084151711,1.8097673970710397
1934,token,2024-04-30,-0.025206753362911227,0.2387815053299409,0.5526712728974377,-18.32728688640302,3.3772006434784725,-0.25481622965509926,-0.4425322142384224,2.113297390192302,-0.5522989452885776,1.8322373484957801
1934,token,2024-05-31,0.09806167044251302,0.2356983798319418,0.5529492087932739,-18.347146521494565,3.3819366006696097,-0.09137588276058432,-0.43454721785768197,2.129143462069527,-0.5427447940707654,1.8134484255636842
1934,token,2024-06-30,-0.27653881048459905,0.2530696718692926,0.5542769860425175,-18.150774438913267,3.3673902362558854,-0.5330045777458676,-0.3952694694282657,2.1655052224509053,-0.4856718880333756,1.7847176693164613
1934,token,2024-07-31,-0.4097067920068589,0.2593354510817964,0.5537474598133628,-18.056713541195247,3.3628196960684487,-0.7899577384752823,-0.391995665401933,2.1543745792742994,-0.4609923446319469,1.9890710109060594
1934,token,2024-08-31,-0.46917165543524353,0.2569810945430819,0.5395367495268716,-18.03864958538567,3.885174666291006,-0.7067207876120599,-0.41214665356439656,2.144073887200993,-0.4484728141929704,2.335538732062896
1934,token,2024-09-30,-0.4240786115156999,0.2572896025891157,0.5378917452685195,-18.021652918334922,3.9097834295606564,-0.8462338196700638,-0.3989825698032312,2.552627074683265,-0.39348958023723585,2.6129551074419117
1934,token,2024-10-31,-0.4421993317451318,0.25770205222854303,0.5367840828348798,-17.987757725587645,4.213996445137374,-0.7404459585846548,-0.39835717048607133,2.5758861484081117,-0.35652033465042554,2.8414283164861582
1934,token,2024-11-30,0.1588357894356951,0.4105197515558095,0.17899197365158584,-17.916572372419893,1.6733910884382777,0.2796912493693488,0.33050604729287314,-0.5465701435430064,-0.2604624181496691,0.4332262229845295
1934,token,2024-12-31,-0.04385351417466299,0.4057070398536147,0.17902567074362027,-17.892498625521217,1.6773491524206159,-0.13690875442717873,0.470507791747506,-0.5429441175397589,-0.2472915120816272,0.4307633235931474
1934,token,2025-01-31,-0.09356868308393129,0.4020606622190144,0.1812586703918487,-17.94768861732608,1.8687718587605726,-0.14093671856200704,0.4489519128412192,-0.5603421987052145,-0.259716704865951,0.6220997746555822
1934,token,2025-02-28,-0.27098651112935934,0.4028901080186748,0.1775722143934956,-17.923149101315577,1.8580028916160884,0.11691093707466689,0.6085723355361256,-0.5849123442191918,-0.2976586561068731,0.6013373481148508
1934,token,2025-03-31,-0.356418036175819,0.3910452148682278,0.16881746755181512,-17.905065545207513,2.077978808944205,0.03432428951119671,1.0838943791845532,-0.6028038762510218,-0.17894609173179277,0.7718050487063275
1934,token,2025-04-30,-0.31209359683953797,0.3775265472171924,0.16886799981882558,-18.038997715582486,2.1639424338980366,-0.08375486389850675,1.0326094146141476,-0.6347597677752674,-0.2923142237318179,0.8953598192529825
1934,token,2025-05-31,-0.37679334421994226,0.37434003842375935,0.16905960251591393,-18.04472220074939,2.165733513722809,-0.34586156558854236,0.98602095688304,-0.6364034898811027,-0.2123121321995615,0.767156560926062
1934,token,2025-06-30,-0.44305506655725024,0.3643446825113074,0.1618814135962527,-18.173020223886365,2.223775647260776,-0.533906673896669,0.8571350697166916,-0.6953164722489649,-0.22715870011883496,0.827885231683001
1934,token,2025-07-31,-0.36150518239178064,0.36224839972015227,0.15663521171247488,-18.263924315240907,2.2166888535642086,-0.6245227952266484,0.6417295879744699,-0.7634868817385719,-0.25695822759209813,0.8220594617580224
1934,token,2025-08-31,-0.16652125123696593,0.36973424438389096,0.16890692119109943,-18.404020060067296,2.0511198483543933,-0.015052543849097324,0.7180626799221645,-0.6426009600764504,-0.25274827872164923,0.65416880637793
1934,token,2025-09-30,-0.24710992454576663,0.3761110476742698,0.17182259044475298,-18.323642636587195,2.041512939046136,-0.4476445622644871,0.7840132802621024,-0.5987965101276636,-0.20002643557294403,0.6607612426068367
1934,token,2025-10-31,-0.32554042673988426,0.3799489354973368,0.17038948038774643,-18.18947186770859,2.03621291121347,-0.23365848675560985,0.7337537529097388,-0.5706875980833134,-0.19101531247844888,0.8049675086689574
1934,token,2025-11-30,-0.3942206606118973,0.16341028424378454,0.16614174197470788,-18.069917692341335,2.0335412285733927,-0.2719673140606536,-0.5992405192857642,-0.6283942313871428,-0.11579524983022957,0.695622650755424
1934,token,2025-12-31,-0.38196131453034254,0.16043599951531812,0.16656996367749333,-18.126691748387262,2.0546160327812157,0.2772238204404651,-0.6536169843157524,-0.601285213248608,-0.18085577590820928,0.7078497356237837
1934,token,2026-01-31,-0.4487152393854885,0.161104566881365,0.1565199534313104,-18.08319517966363,2.354569210368722,0.2892353479301131,-0.6437004977075929,-0.6288481360726884,-0.07283893125031346,1.0678318646115381
1934,token,2026-02-28,-0.5329841238371382,0.15989095725449484,0.1566421639756819,-17.966876710285096,2.3626320703791763,-0.08986582276084379,-0.5629032716804343,-0.6585397095289819,0.031158036273648246,0.9384950436235002
1934,token,2026-03-31,-0.6741846124318435,0.17637334703987367,0.16516405306806953,-17.988038489893697,2.3024451597673408,-0.7817917874486853,-0.23013147611849305,-0.469523228071942,0.04926560274494801,0.8668875218990286
1934,token,2026-04-30,-0.6984940386223704,0.17248404127461958,0.1688570979146219,-17.77964263800143,2.3172614915988525,-1.1855293571186052,-0.3975576797389572,-0.5672175115735155,0.10414616400876123,0.7146262333190361
1934,token,2026-05-31,-0.6749124008449585,0.17372948341382832,0.16930092018460233,-17.727213829476067,2.3020649946833496,-1.1019158260120925,-0.3619492774660547,-0.5532772448329634,0.13593439368785804,0.765500642525529
2539,token,2022-03-31,-0.19585777524192327,0.3583701900749383,0.47482229351452204,-19.156471835781428,1.8067203095649085,-0.03913902924214776,-0.29080113929043044,-0.26475635885668614,-0.2151597369297951,0.007804695492655059
2539,token,2022-04-30,-0.5418379843792169,0.380105839233656,0.47355076251982187,-18.9738935871058,1.7402689216554115,-0.4094650478872713,-0.1269274817974899,-0.0817156293818573,-0.2145550136274323,-0.0834138982921295
2539,token,2022-05-31,-0.7246985452393468,0.3802966491042628,0.4750252662757774,-18.912928721528733,1.8505516929243215,-0.8838678341750427,-0.09583513576127677,0.004804611167407682,-0.1261861250026217,-0.028192455504714272
2539,token,2022-06-30,-0.779454171927604,0.37714398611890737,0.4629675617052622,-18.809301096104832,2.0552452190534507,-0.6527203063856047,-0.0857314783536997,0.060170158894083454,-0.16323582956470067,0.09837828217942417
2539,token,2022-07-31,-0.6669054045821923,0.3827717715763842,0.45656856115559497,-18.696721243517434,2.082120165771254,-0.6676966492434678,-0.0009525984421695837,0.011906770917728406,-0.22850992215459284,0.1842859246710321
2539,token,2022-08-31,-0.6498169021182979,0.30311351161917993,0.45392152846029865,-18.617687896528054,2.1172191338898108,-0.5504604811981427,-0.16647790567755508,0.11346400134146326,-0.4272521774193827,0.2837046371265855
2539,token,2022-09-30,-0.5563912424248068,0.28636649716022583,0.4512609619175189,-18.622888920364748,2.1568346337406297,0.047100408494618835,-0.25637601285741773,0.2244196537465276,-0.4590979524235807,0.36652845420416935
2539,token,2022-10-31,-0.421329486790753,0.28692412384785215,0.45121933348609367,-18.575442724684123,2.1864296419827314,0.1824336144747145,-0.22597177735145502,0.2956380229582865,-0.4419766091345902,0.3475578968579367
2539,token,2022-11-30,-0.4813822659346617,0.2878063956941139,0.45127564842738005,-18.520831023587398,2.1849203135004966,0.1554070848166934,-0.08283632362476966,0.348793230293072,-0.492863098121221,0.29752909092046415
2539,token,2022-12-31,-0.6409319748028101,0.28761712052542093,0.4537758213390604,-18.24443384499173,2.1432372015916026,-0.4159901306351016,-0.070552548464278,0.4239553441954626,-0.49127677091900407,0.23391997993347927
2539,token,2023-01-31,-0.3624466830614772,0.3059655322939397,0.4543782992935154,-18.0779161678385,2.1700063926528097,-0.4637246323771952,-0.2793474897990135,0.3982144437529539,-0.49534388141215013,0.35529817548954273
2539,token,2023-02-28,-0.031084366954615694,0.3250499535435314,0.4556329608342057,-18.072734741121586,2.129841195792339,-0.18448231434900686,-0.28912442785806713,0.3294057526014848,-0.46017830338391275,0.28288712217594286
2539,token,2023-03-31,0.007995991476562159,0.2927493506932989,0.45605728609871454,-18.093543781551546,2.1262068490084585,-0.044275721508699094,-0.41378249711870246,0.27168722875268586,-0.4975600037283189,0.20767402684485545
2539,token,2023-04-30,-0.13864200805394944,0.2715190499991872,0.45739393176131277,-18.013395661211163,2.2262197663413326,-0.36167728370200436,-0.5042128116468938,0.3449076064502414,-0.5101208585684509,0.2827690341364497
2539,token,2023-05-31,-0.27185237121203865,0.25067463475169033,0.4565210885504875,-17.852951568445096,2.3034425362191278,-0.4127600383676215,-0.5199178563354966,0.37801363365432444,-0.4985142649521282,0.31329060277747733
2539,token,2023-06-30,-0.32664686854333536,0.2397907059230459,0.4449287825106353,-17.8790336051159,2.483043642127876,-0.5439727637829096,-0.49187563485671215,0.383890738413639,-0.516081498056638,0.4824467953807189
2539,token,2023-07-31,-0.33054865827320945,0.22099844177938702,0.4427850021513665,-17.87208135513078,2.502255381986537,-0.5506303565795045,-0.40545652612511934,0.36806205802670333,-0.4955824098338987,0.45893860647212326
2539,token,2023-08-31,-0.42243157346196114,0.22380754321898427,0.23707657877194038,-17.765864275794062,0.8255309339914314,-0.7226778396883751,-0.37615734365821935,-0.7757181797177929,-0.4624068193573565,-0.9633125688983825
2539,token,2023-09-30,-0.35834496437121177,0.22506960508681959,0.22957970886300005,-17.74347619133456,0.890611459200621,-0.6237082458089983,-0.3834687178396793,-0.7952971627770427,-0.4426214459727595,-0.8161991938530566
2539,token,2023-10-31,-0.3339020943243074,0.22105881487942874,0.23125493977525743,-17.764474633538587,0.9444659031943683,-0.7793313706787037,-0.38537572416490096,-0.7317314509945251,-0.4684656852915688,-0.8346533667125894
2539,token,2023-11-30,-0.17725713284480005,0.2269850520908158,0.2248733213079174,-17.740492084186492,0.9405456297867401,-0.6921503648494012,-0.48713129257953447,-0.8076099098893267,-0.44046009085300564,-0.8075685567288575
2539,token,2023-12-31,0.05909357987836006,0.2007701465823532,0.2136662499836076,-17.80445894811646,0.8653081978957685,-0.5267154611223146,-0.6953880631567317,-0.8888122785479571,-0.4025038489689001,-0.826611540787649
2539,token,2024-01-31,-0.1340166255815064,0.18794882420155332,0.1851387845315152,-17.81207178314519,0.6115174461944975,-0.7584177330310377,-0.43951628582628305,-0.9157263177058123,-0.3459407833973757,-0.9221858442516833
2539,token,2024-02-29,0.3439115226887761,0.22586089967703885,0.18076998290611954,-17.715237344732056,0.5244957468227958,-0.35305514438519536,-0.32663525141392735,-0.8636135798190073,-0.2848187790422874,-0.8915568341535437
2539,token,2024-03-31,0.6002026392174964,0.23717199498954558,0.17002573838375523,-17.65077707613159,0.45213608058679716,-0.12811594748736013,-0.3061182572088943,-0.868927499214727,-0.18672951599870258,-0.8417345284104831
2539,token,2024-04-30,-0.09029693335324551,0.26746966083182905,0.1685387824020232,-17.63842874970852,0.4503229982673275,-0.4606688154900555,-0.25479687508019583,-0.8486638392959518,-0.22161218413148745,-0.8263802911847429
2539,token,2024-05-31,0.0862524649851284,0.26596772479197717,0.16895934794017728,-17.703609690259764,0.37194209414295254,-0.13727524871196783,-0.23348672961534703,-0.8621075918151049,-0.24426638813445672,-0.9112293313277905
2539,token,2024-06-30,-0.22446539328855009,0.277796876151695,0.16909660819629987,-17.59877273789439,0.37826869221211096,-0.2894126916310664,-0.22993544346894493,-0.8547728780656072,-0.2242395948010406,-0.9267837116269817
2539,token,2024-07-31,-0.3075138859454907,0.2793725877844483,0.16923462502810224,-17.59843248021702,0.4630883642216735,-0.24559775632333344,-0.2710367626980877,-0.8028613773253079,-0.2429669844624469,-0.8929441493750926
2539,token,2024-08-31,-0.3403931752278134,0.27114747398419337,0.15680484327129016,-17.723275333359897,0.2280131816118882,0.047454525430729984,-0.32628506196688795,-0.8772975680211009,-0.28860693098236756,-1.1396693412730952
2539,token,2024-09-30,-0.3534546724158468,0.271984020384909,0.14266746829979174,-17.733689082030658,0.299769247933552,-0.4585559477412125,-0.31112580766132175,-0.9347447137633228,-0.25374538621831616,-0.9890042203639283
2586,token,2021-01-31,2.33623064098181,0.6755572469146133,0.5426240502780444,-16.458732189182353,0.5866026467542419,,,,,
2586,token,2021-02-28,1.6795606640614307,0.6516247202543293,0.5378918860193601,-16.966127498868566,0.6567929908505323,,,,,
2586,token,2021-03-31,1.0399052168247565,0.6288496605663987,0.5357562562996502,-17.200396704003794,0.7345258194107263,,,,,
2586,token,2021-04-30,0.7714964935750581,0.6386206187546594,0.52705633855708,-17.471647885328984,0.8021831265496732,,,,,
2586,token,2021-05-31,0.18678561937946436,0.6614694181948445,0.5208980524556944,-17.533089827699918,0.8498916208807427,,,,,
2586,token,2021-06-30,-0.3472083991605449,0.615046641671943,0.5228505356337202,-18.724169426200557,0.8436690957396681,,,,,
2586,token,2021-07-31,-0.13657309860516254,0.5674244993321337,0.5127670730730921,-19.102805707687477,0.8214070406793579,,-0.7396281967251395,,-0.43910239891298547,
2586,token,2021-08-31,-0.08111840186744634,0.5257137868802148,0.5050501867348246,-19.18075817543284,0.856867558676585,-0.7071067811865475,0.20775892629868709,0.1188863366810805,-0.22069556034218843,0.7071067811865474
2586,token,2021-09-30,-0.268314562561374,0.5128325743296327,0.49882841906913666,-19.26456123318824,0.9129584119920525,-0.45880337472517907,-0.3247789137475444,-0.4583688086530758,-0.18353681050407594,0.7071067811865478
2586,token,2021-10-31,-0.2486282434460202,0.48778512484139597,0.4938155500981758,-19.59122116267147,0.9585707431428944,-0.7548885785334524,-0.4068065091605108,-0.3950045104435928,-0.042201009007167875,0.7071067811865476
2586,token,2021-11-30,-0.38312288909982917,0.4853154415385212,0.4904394813099038,-19.764592265324083,1.0034219902506554,-0.6695923640681847,-0.37458447406359513,-0.4196970285872308,-0.10108495540707452,0.7071067811865478
2586,token,2021-12-31,-0.5050151848583482,0.4797193745480745,0.4853506860940419,-19.84037590857136,1.0409081814544603,-0.8309871393507426,-0.35988475198345504,-0.39548900407020976,-0.13161803471331163,0.7071067811865476
2586,token,2022-01-31,-0.42149268703689635,0.22976230657424088,0.4776409070526563,-20.002471194921732,1.0800746266776098,-0.3395707995456405,-0.7487018663257868,-0.4202944134471028,-0.2691986723448646,-0.3223708211551307
2586,token,2022-02-28,-0.5124879142749764,0.2328406797161884,0.47723077668742553,-19.813619160477888,1.1159877325445902,-0.7827400392231153,-0.6771311228358113,-0.44548395766630117,-0.08576578726018785,-0.48810251343737493
2586,token,2022-03-31,-0.13222874639674964,0.3154440069128884,0.47643681526138,-19.764248746718643,1.0253278641326404,0.2340973755995156,-0.44470351205904185,-0.25740821080018705,-0.49402006495218964,-0.8004923151886566
2586,token,2022-04-30,-0.42042316291201265,0.327937355815573,0.4729856076456726,-19.65762261091076,1.0456727346958101,0.2802850495106466,-0.3216807345920934,-0.08438404151982136,-0.5545860072546596,-0.8314537257876216
2586,token,2022-05-31,-0.5441986004094104,0.32897544215400615,0.4676298845195237,-19.67086154883302,1.0799260252288685,0.5754776069790499,-0.30010088204152363,-0.03186234095797438,-0.5307132633526034,-0.829106816408554
2586,token,2022-06-30,-0.6156310804619984,0.31370962462723345,0.46428439129142063,-19.807875216130306,1.0734129074943453,1.0952296951448208,-0.3429427392771729,0.0667209138155515,-0.6221707782792104,-0.9158339041089797
2586,token,2022-07-31,-0.33062787633204527,0.3395290707770174,0.4656755694919432,-19.726072073239695,0.9654355875862084,1.6824960228854542,-0.21640385754733044,0.0598897532747368,-0.5449870062024242,-1.011489703220592
2586,token,2022-08-31,-0.3601877640724681,0.3365670917435913,0.4633353776416031,-19.71854044243101,1.0352159220658395,1.087167835337411,0.018860164247575296,0.16174520717843235,-0.7289933128304468,-0.7388172077473159
2586,token,2022-09-30,-0.4190815699312679,0.33731472963221953,0.46090402471992553,-19.65459363115666,1.107466159708465,0.9107219307073967,0.11418812533393108,0.276620311159351,-0.7484765715468711,-0.6173553669309757
2586,token,2022-10-31,-0.33799480055817044,0.33754015642637947,0.4575095374108455,-19.637217937792204,1.2055074818965565,0.5815909749259419,0.1314997394391803,0.3314571292424791,-0.7784397309547337,-0.5457195979001898
2586,token,2022-11-30,-0.4878806724127399,0.34140357340891186,0.4283477660562926,-19.36566792187338,1.3768155606507309,0.1257878275204546,0.47462949596061915,0.21306445756161774,-0.7620771692070922,-0.44744871206604575
2586,token,2022-12-31,-0.537708762300339,0.33652217275464,0.42857784180423075,-19.24489245751684,1.3786072211007803,0.04273010002398148,0.3923067309303848,0.276699559955721,-0.8296489306656231,-0.46317787140665195
2586,token,2023-01-31,-0.13587088182078488,0.3866050135148223,0.42206099518025103,-18.881879059952688,1.2460498384869672,0.13517128436288253,0.300472576261987,0.20559006445973332,-0.7664898412219848,-0.4867648576365674
2586,token,2023-02-28,0.1072930265741987,0.3818276566452263,0.42047741071439015,-18.9332723035187,1.2054167348485714,0.2529099027387998,0.1286762482707588,0.10718161278991356,-0.7839037948418852,-0.5734887160750888
2586,token,2023-03-31,0.04474502123458124,0.32872768774030753,0.42339368205738226,-18.939690587350732,1.2139078960366856,0.11069381010857127,-0.2014292261343826,0.07062631336018886,-0.8582254557578594,-0.617266816908015
2586,token,2023-04-30,-0.01251041969475819,0.3128884368601787,0.4225271007029704,-18.962737698393035,1.2645175820598176,0.263961182503488,-0.2586613979708203,0.1353268446934406,-0.8734028529967387,-0.5909941523890411
2586,token,2023-05-31,-0.006630852377741525,0.30092641653115043,0.42212107492978673,-18.96920529751503,1.2731968243756364,0.49440803030172886,-0.24849154207324164,0.1670338952555282,-0.9335514280275395,-0.6309657903850924
2586,token,2023-06-30,0.00794549989265958,0.2878466473340515,0.34200701139954176,-19.019060894129012,1.2668249400590483,1.1127303690400985,-0.23460640250734743,-0.2744397554282044,-0.9890514486779193,-0.6322270426015337
2586,token,2023-07-31,0.1172269753103925,0.23722848882299036,0.3228091434928276,-19.067847104977893,1.394537399191507,1.5808026066691494,-0.3066693872425026,-0.3969162316817653,-1.0008526468160597,-0.533890976100199
2586,token,2023-08-31,-0.1381368962256031,0.24308495003038091,0.2948869154544177,-19.00214009819527,1.600952769897659,1.1247920766666468,-0.25839665703381215,-0.38946006774541914,-0.9639088609791868,-0.2712976922879604
2586,token,2023-09-30,-0.0824722499662508,0.2369778609670476,0.2933127502367144,-18.999741149772404,1.5969869132863503,0.8887051535197794,-0.31027846152758387,-0.3587664841058972,-0.9568580174658408,-0.19796001372338137
2586,token,2023-10-31,-0.03869380243314435,0.2376220464710422,0.27935256114948626,-18.985304945135667,1.6089600109539766,0.771466206692956,-0.2778864056966591,-0.4063510938055764,-1.0093516642671772,-0.264893202708521
2586,token,2023-11-30,0.3476079265664671,0.2462777321535032,0.2849448825380758,-19.0637239924868,1.645080467584949,0.8714175221469799,-0.3683266808968635,-0.388971324425635,-1.038273641447173,-0.2117260661238511
2586,token,2023-12-31,0.506841035828566,0.23432619231232205,0.2836405700696484,-19.165331643714378,1.7827687686900515,0.3625472255775256,-0.4807230860407593,-0.387617458556785,-1.0513727960977943,-0.04661345747091066
2586,token,2024-01-31,0.1695243316890389,0.1924628014721062,0.21183306158513426,-19.479552715514643,0.850822957252588,-0.07749327509299288,-0.4098700707089384,-0.7260738708774691,-1.1233642380409363,-0.7126392482577817
2586,token,2024-02-29,0.49936355357599416,0.21012627433991476,0.2075332224044561,-19.42483518785999,0.7734361920163251,-0.02719795457887853,-0.4303165837410789,-0.6689658579428099,-1.0762404146839109,-0.6635602556695562
2586,token,2024-03-31,0.5427582458745699,0.20653524810759816,0.1977807506846136,-19.383390133835192,0.7188586285958953,-0.23477924272177983,-0.5045431610129164,-0.6634608336308148,-1.006272604062485,-0.6027810709758822
2586,token,2024-04-30,-0.1329957133696883,0.2511437787671925,0.1997565911811975,-19.17134545557969,0.6983863619204714,-0.5957069161634281,-0.3616334755113398,-0.6079501752311409,-0.9574897670262427,-0.6010529238293658
2586,token,2024-05-31,-0.0775681925807763,0.2499494210113719,0.19963744131344452,-19.154380149322222,0.637985646035807,-0.7740043105568305,-0.33988638851760467,-0.6231276382036116,-0.9171473064955318,-0.6704039920671776
2586,token,2024-06-30,-0.355904943700998,0.26925482188651834,0.19652905180401156,-18.886150924339876,0.7123961564172843,-0.9042678273043787,-0.2870503605252872,-0.6396694786263323,-0.833951903510427,-0.6236889504223867
2586,token,2024-07-31,-0.4583024425850264,0.2729295542624174,0.19244522744825693,-18.818495926439937,0.8526931156236024,-1.0488164841646153,-0.30993165454188115,-0.6243517884593021,-0.8234072315994128,-0.5057197235374022
2586,token,2024-08-31,-0.5474630896591806,0.2686223775947981,0.19073988209265938,-18.658638420734537,0.9432112056342011,-1.165224932243206,-0.3415895224913187,-0.6094067652138987,-0.762750413290248,-0.4600543017052248
2586,token,2024-09-30,-0.43187117147285514,0.2727914465429403,0.19170788733913136,-18.596278018146844,0.8393979397980069,-0.8890097268139093,-0.30629827050407415,-0.5020228800665427,-0.6723458507566081,-0.4505795764649496
2586,token,2024-10-31,-0.4528398991846354,0.2743481720326482,0.1865490084480897,-18.55456808032209,0.8881051316650203,-0.7993904903153152,-0.3002090829236422,-0.5014546925259208,-0.6412512199704646,-0.4248931098484378
2586,token,2024-11-30,0.055492368336983455,0.3576492372979328,0.19109135908077735,-18.514697466443856,1.043099638131977,-0.24453237112125362,-0.05111292586048719,-0.4310110283617528,-0.6639658789741878,-0.2903200317461046
2586,token,2024-12-31,-0.15415561904528885,0.364848677769505,0.1932877293866571,-18.446352863253264,1.0456195158480002,-0.5304918084314486,0.14065235803775583,-0.4028176664324037,-0.6126633513047368,-0.3073907522981761
2586,token,2025-01-31,-0.1805286315039104,0.3627084303125973,0.1857671180971664,-18.47859711073158,1.0847574942692315,-0.4346151838446522,0.13670985610055214,-0.5152033488715682,-0.5730670446995946,-0.31390323012571486
2586,token,2025-02-28,-0.4900018218907787,0.36234235947251375,0.1759102598840199,-18.408626010171865,1.020755041932206,-1.2687672476575906,0.28119385420260745,-0.6018353008586208,-0.5344207543402623,-0.39153272646182247
2586,token,2025-03-31,-0.5165531726962714,0.3584460628147698,0.14956674905826897,-18.369447334442526,1.1627985130532823,-0.9531632504660399,0.6814447581615883,-0.800049922929258,-0.471176670464031,-0.30344606815289243
2586,token,2025-04-30,-0.5088485418083122,0.34204462429475946,0.1523135255538424,-18.44057712057449,1.1855550577677114,-1.130010294106309,0.5903925892883218,-0.8086638713949752,-0.48100873078595985,-0.2503721311869293
2586,token,2025-05-31,-0.49893293779119363,0.33949490332241083,0.153607896798987,-18.44240167566833,1.1839059370252656,-0.942624123361465,0.5749995315413715,-0.7981018929438715,-0.4305451568458413,-0.33481431115221527
2586,token,2025-06-30,-0.5431201894764579,0.33270383994819086,0.143079404131367,-18.492485327637752,1.1961877633324236,-0.9796094830384807,0.5019936502399143,-0.8938820747165166,-0.40263615772468275,-0.3347236182596165
2586,token,2025-07-31,-0.5047956311268884,0.3310465994148984,0.13966698071674033,-18.56057183082602,1.3448883836223031,-1.168551878149265,0.3242270740696767,-0.9523943811915688,-0.41861179992807024,-0.18155888410367135
2586,token,2025-08-31,-0.3847908325967663,0.3327250473122931,0.14592813703473695,-18.598967649007022,1.245820432489506,-0.8269789322484418,0.3463873642244714,-0.8976395529597571,-0.3551932611126594,-0.2647451828632102
2586,token,2025-09-30,0.13369850227891322,0.3721195477392712,0.17787854979308954,-18.64989634341108,1.0883997237011505,1.4655682326085333,0.7445210498390114,-0.5305858279079316,-0.3467915702626092,-0.4425397047575406
2586,token,2025-10-31,0.1640319593972015,0.3706384790639107,0.17831982694303972,-18.69570320084812,1.1234376658398644,2.2659196264979995,0.6447750351089383,-0.4722091414322156,-0.4104134730821878,-0.3635723573543199
2586,token,2025-11-30,-0.27784778679666156,0.27453428230391014,0.17960276110191895,-18.5510019230157,1.0239124151643026,0.3752390375764359,0.6317007063040538,-0.4787549755487032,-0.3113435168252897,-0.5636813415962931
2586,token,2025-12-31,-0.4163714171407452,0.27305816090829893,0.18067369828757388,-18.545509552871504,1.018290063347663,0.053024480998631544,0.6220939792525336,-0.4429650008656161,-0.3566204168669575,-0.6040569797583448
2586,token,2026-01-31,-0.4592502566287915,0.27235956645276205,0.18082715606980584,-18.55050768643422,1.157459847063122,0.21962810269146982,0.5998458902530063,-0.34974406684372306,-0.3684561899858795,-0.41513735349777536
2586,token,2026-02-28,-0.48375739280530095,0.24952532766935828,0.17841694893095453,-18.61419270165285,1.2662442448541944,0.17364911829838522,0.6603862461266433,-0.40603761768669555,-0.3487765267534712,-0.3432231412803052
2586,token,2026-03-31,-0.5084902852133825,0.2478756145934127,0.17494763051961867,-18.57487939367027,1.2721672559310924,-0.06194969799592648,0.7210960593967443,-0.35585026094980926,-0.2943498280219478,-0.33060009507976573
2586,token,2026-04-30,-0.4586097357582003,0.24943709737124456,0.1749964127342427,-18.565477195074667,1.2389431665098833,-0.19821420873379475,0.44703949029678147,-0.49594950738635263,-0.30989478745214377,-0.4180085522200882
2586,token,2026-05-31,-0.4418927892372222,0.24948368440423158,0.17449419236882946,-18.554639838809017,1.2323462214308365,-0.2369101648325473,0.4671532672520797,-0.4949831732992683,-0.27731936650445554,-0.40276882559073274
2873,token,2022-08-31,-0.5362223440024256,0.3259045315684751,0.17695175877181016,-8.388887378726757,-0.029459630722787192,0.09182871052489465,-0.04021208798872753,-1.307042552715617,2.376438374618205,-1.7449639534620394
2873,token,2022-09-30,-0.5174714954774027,0.32693011687932105,0.17435272974988783,-8.368281197512482,0.0562501602039817,0.2918896538002242,0.03865724058058746,-1.274563818451288,2.4171748720091557,-1.6029714208006955
2873,token,2022-10-31,-0.3587522353657445,0.28222759317657437,0.17031672161373992,-8.366488814025752,0.02780625067499626,0.48216679440637567,-0.2591406342765953,-1.3039413596068214,2.7931116288392097,-1.6181941001652176
2873,token,2022-11-30,-0.3758946183934566,0.2812393905165602,0.1666337046138147,-8.358523446106672,0.10339952890225636,0.6362119997813109,-0.15113993735247006,-1.3362338069368997,2.7454379279240264,-1.6213889398327102
2873,token,2022-12-31,-0.33085513355967267,0.2805271548782801,0.16378174273823148,-8.359079803768468,0.12807786411609853,0.9619801600462399,-0.13765515322149846,-1.2707561468675455,2.852118502920697,-1.603260460415521
2873,token,2023-01-31,-0.052593608919726975,0.2822395081397519,0.1633685431476089,-8.353354776813392,0.052025414079988265,0.3552937264974286,-0.4499441340750875,-1.336322987012168,2.7843790485420037,-1.574958695225093
2873,token,2023-02-28,0.25219309352346864,0.2795027840978317,0.16517456732276561,-8.350296722282348,-0.016277575456401603,0.7109194079251764,-0.6242848367968267,-1.5066305611283526,3.197304139394077,-1.7052518111427113
2873,token,2023-03-31,0.3343386008054754,0.26125496096200906,0.16316056853502475,-8.355943740163466,-0.01834480496982383,1.3319010550611328,-0.5996703737138889,-1.5312394193383838,3.65303880080537,-1.731523913853862
2873,token,2023-04-30,0.250309782813547,0.25398188548440065,0.1602375177888782,-8.357251013533947,0.0015107079554200315,1.5676031212449248,-0.6083061005550799,-1.441267555182669,3.1849683176250436,-1.7385104302537224
2873,token,2023-05-31,0.23040107313640545,0.23769958867597257,0.15801290860482028,-8.36310292981729,0.011568807600006099,1.3051559478415167,-0.5900003252352262,-1.4527756912934688,3.1999610209522067,-1.7872921957643733
2873,token,2023-06-30,0.12119097777670707,0.1658190281273443,0.1570552975295144,-11.127084411340547,0.05523449669534426,1.67345486752617,-0.8878857056892101,-1.4574679118084874,2.2851401108943374,-1.7426590457186923
3814,token,2023-04-30,0.3140702829305708,0.35623455634205514,0.5783385538377108,-17.504123135327553,1.673578273668681,1.8838682378318201,-0.0013769245046922523,1.0718926881385042,-0.31523900180402104,-0.21933837451482244
3814,token,2023-05-31,0.12166949178464259,0.33308144918337784,0.5784097917565141,-17.493254513521286,1.7355766696294606,0.933248649022867,-0.0748116905591225,1.125572835221063,-0.3583296615188066,-0.2071784162360704
3814,token,2023-06-30,-0.03669323981079475,0.32788291721931073,0.5809503522866614,-17.50306340768947,1.76550960675132,0.8917057824433773,-0.020270773715488338,1.253941323795978,-0.3601004900355164,-0.17517869231780545
3814,token,2023-07-31,-0.1660342901875591,0.31397226103988013,0.5811025995128031,-17.433888014806335,1.9360433724565116,0.23246573165440143,0.16044556713797603,1.2499891411016417,-0.31042402664885926,-0.048547993727948095
3814,token,2023-08-31,-0.32458069113426025,0.3168481059577006,0.5781613701552936,-17.247173214518106,2.0515047579633907,-0.08680043548735326,0.19220336269752678,1.5032301036288815,-0.251996956535929,0.1307914210054556
3814,token,2023-09-30,-0.2676052116322992,0.3154811342678973,0.5747559829788442,-17.178794743806815,2.0793965591490062,-0.1262468778367419,0.17221660341031006,1.5689401300490982,-0.21147605772321046,0.22425814550016784
3814,token,2023-10-31,-0.19528919538903222,0.31707895069795017,0.5618513063313908,-17.11051919870332,2.0789524956656944,-0.05116568642841581,0.23775985787857135,1.5047526154096427,-0.17873227826748672,0.1380945620331084
3814,token,2023-11-30,-0.14173120264753958,0.3088455373068221,0.5559756767360263,-17.18147425560492,2.119912419101099,-0.586318965680979,0.016966796780888943,1.4998417174962275,-0.18790539439087336,0.18985102762840006
3814,token,2023-12-31,0.26451900080664315,0.31955511743554754,0.5480183270410262,-17.188685731808384,2.0899688859200465,-0.1187239487116977,0.06450400681828693,1.506002403015446,-0.10890098675522165,0.21455907709003347
3814,token,2024-01-31,-0.0031108555014299766,0.20474804678939942,0.5482606588084352,-17.214494634421115,2.2847108740322324,-0.46476068808309406,-0.329184900266949,1.664113241731713,-0.0673346042448656,0.542937067847301
3814,token,2024-02-29,0.6912236588809679,0.2974068625710653,0.5267197218552432,-17.132994808287673,2.5187810757686653,0.37497752292247954,0.14480786188218125,1.6524618218265017,-0.015282090992980921,0.9349452079995105
3814,token,2024-03-31,0.8224418248751519,0.2978591923131536,0.39806645121526313,-17.092612933657275,2.100131924336374,0.2845398835342838,0.0869342864398652,0.8192275761631123,0.07728763597645409,0.6346847231346879
3814,token,2024-04-30,0.2597019482242282,0.31375097348440045,0.3915005890200315,-16.968098642461666,2.090599023268625,0.6462289503905204,0.048068114861264964,0.8705456605499915,0.10018018539067902,0.6635578964086462
3814,token,2024-05-31,0.24610754887203123,0.30787670471735584,0.39245556637639983,-16.98275982689088,2.089492279927704,0.484040640912586,0.044888635846311316,0.8789105107236547,0.09007052576821857,0.6435146316280393
3814,token,2024-06-30,-0.2242848193331497,0.32683557439327415,0.3934463610326823,-16.72014787358535,2.090467262552741,-0.28856799288172974,0.09795303577391795,0.9043994067140393,0.19188396558524498,0.6263912662119315
3814,token,2024-07-31,-0.3746659004844721,0.32979581079927794,0.3950618913876774,-16.632591948180423,2.1211690765404057,-0.6033023255030734,0.033354918467508134,0.9339454380625151,0.21652774005025904,0.7550063684506274
3814,token,2024-08-31,-0.4496067852625957,0.3253269852462865,0.39487054947731637,-16.669500689659518,2.28141254806262,-0.592141534437686,0.0020937654022504964,1.002046477880971,0.24556037353915822,0.8115680011213467
3814,token,2024-09-30,-0.3756514381372036,0.3259880129473012,0.20705127757142364,-16.699989541872906,1.3003062335579425,-0.5804012456421442,0.011759793878184458,-0.3666361911576099,0.24789228798061466,0.009300314428831195
3814,token,2024-10-31,-0.38647096848818174,0.32626293780326276,0.1832056693339244,-16.72812135758692,1.291221171106175,-0.4317328852478146,0.005888376220000996,-0.5308309450875093,0.27624400221529677,-0.02899726334493453
3814,token,2024-11-30,0.14452207781372017,0.41711093359450885,0.18558429961157372,-16.63948704899375,1.2263374135554972,0.20708299187840676,0.3780811495361917,-0.48360799068153565,0.6010770038194799,-0.07997130169680584
3814,token,2024-12-31,0.02678627577250814,0.40397394344197096,0.18556543560574515,-16.75221922178021,1.2457259527659117,0.11515011873972622,0.45651625514731775,-0.4786901368107178,0.5049388665810083,-0.07357335087875165
3814,token,2025-01-31,-0.07628058906237578,0.4003649821131613,0.19094835492965148,-16.829966012712156,1.2625646879272137,-0.08255189874366847,0.4354974626569221,-0.46332849379489804,0.39998032832505903,-0.10162642108589866
3814,token,2025-02-28,-0.2586885435702404,0.34155629122429126,0.18795091837251643,-16.870779560679743,1.259669118281526,0.19471839858944417,0.11336921041872444,-0.47923053619795597,0.21557115155758363,-0.10821084406830012
3814,token,2025-03-31,-0.3643474194223645,0.34001482521354215,0.154187237242926,-16.86397459554507,1.4386114153679745,-0.014572956438743989,0.45390372962702974,-0.7527076365386157,0.47620149972292564,0.02060825490194177
3814,token,2025-04-30,-0.24698888477587366,0.33702572924641694,0.15054448947117746,-16.918117736220914,1.5693492698374578,0.2624430857364287,0.5278413053634496,-0.8272475261400555,0.23436591111399346,0.19906671265977058
3814,token,2025-05-31,-0.38720194560914034,0.3402646486736581,0.162400019038511,-16.88245365955298,1.6705731259838028,-0.39671701226426037,0.5840791872953112,-0.7060944374752961,0.42550147195542937,0.21140488186779352
3814,token,2025-06-30,-0.43209699586666406,0.3263667042254623,0.14537558585749505,-17.190898813425594,1.679808650537486,-0.485098030614312,0.4308647170739472,-0.8696323949854692,0.3123060681584639,0.21244313241502383
3814,token,2025-07-31,-0.4227520269718782,0.32225180060880293,0.14986884098512504,-17.420280213971242,1.8456187049535806,-0.8570579361445979,0.2347331761886627,-0.8388169603305554,0.20277285251291005,0.3948828065629776
3814,token,2025-08-31,-0.36717728411778616,0.32059010386715087,0.15062237992158478,-17.58514915659737,1.810223287179157,-0.7614594736306091,0.2245187668803748,-0.8455387502206942,0.17756848355656432,0.37928568134018764
3814,token,2025-09-30,-0.31048033838326183,0.3185663927037912,0.15063272274375009,-17.645972216318125,1.804169045407279,-0.7660227231188744,0.214661705485686,-0.8374664299362046,0.10482340498283238,0.3860176565491002
3814,token,2025-10-31,-0.4104211620875984,0.3264602594993179,0.1506901848119065,-17.363277256936907,1.7998777075168857,-0.6670285752650735,0.2225700272570121,-0.8153119927294274,0.16705335304618907,0.5024098871033623
3814,token,2025-11-30,-0.44038584523011737,0.12741446992596367,0.15259628440861747,-17.39333208567521,1.8039667560132169,-0.5287144384536506,-0.9979728594280611,-0.7789721461071021,0.15921925786191002,0.40927578149276206
3814,token,2025-12-31,-0.48184141145528725,0.1280929417390259,0.15267518723221807,-17.306067484059017,1.8142544735848254,-0.373545867970437,-1.0199782127827284,-0.7572597844276391,0.16353438047330604,0.4035710116217003
3814,token,2026-01-31,-0.5387017165706074,0.1282729648313449,0.14071263688296237,-17.22048675729153,1.9603161577621373,-0.3053256898857425,-1.0106738498944445,-0.8103534469819399,0.47290186364547565,0.5794344306905882
3814,token,2026-03-31,-0.5156855240567981,0.1198721450727171,0.14016744504845893,-17.271560385507982,2.123665681276941,-0.09320867861466012,-0.9817929400101634,-0.759952635479364,0.4687880506336168,0.6590928959393446
3814,token,2026-04-30,-0.39882298556756113,0.11811836449626427,0.14026530514478058,-17.29193121850514,2.0534891962394837,0.04785593187619842,-0.9942473901049944,-0.8991242579627476,0.3611118298082774,0.43756734427449384
3814,token,2026-05-31,-0.34951953655808365,0.11378581184416664,0.14097524598642705,-17.351508255111746,2.033342820559351,0.10599396223952193,-1.0180112514343451,-0.8712307083474717,0.3235786538150408,0.4720217214439204
3928,token,2021-07-31,,0.8219212779332581,,-15.185744741864937,,,1.137741567565775,,1.1444251435438193,
3928,token,2021-08-31,,0.6976625236069676,0.6387548343177938,-15.406742102540568,,,1.2774751207524617,0.9629234876254119,1.5453022104855811,
3928,token,2021-09-30,2.362257465281481,1.113370996823779,1.0430620510617499,-15.472467457287417,,2.244099532020581,1.5338794083385061,1.2344302541560221,1.9873123853014376,
3928,token,2021-10-31,1.0904581967371616,1.1083973117081969,1.023611995110146,-15.69255437062113,,1.9036169977525301,1.5564296204274781,1.3144482793064456,2.072309420123041,
3928,token,2021-11-30,1.6934359647270858,1.0535189401954461,0.9903508150212667,-15.783434396403448,,2.1157647090441163,1.5466270620971454,1.392116093438799,2.114391948629557,
3928,token,2021-12-31,0.5131224940209103,1.0339201428564218,0.9700857266744312,-15.856343992577493,,1.342362136181362,1.5817764058735133,1.4311150991961072,2.1064059495815415,
3928,token,2022-01-31,-0.30627342935832524,1.0689907494031698,0.953126358456561,-15.840816971752314,,0.09695685779617076,1.8483293340753502,1.5066912495700227,2.193047716589036,
3928,token,2022-02-28,-0.014847352098695032,1.0651169026726828,0.9252741050388871,-15.840120130316615,1.6923230548867876,1.6593322637573444,1.969266716074924,1.5235165158866766,2.336291826819049,0.3318405676033663
3928,token,2022-03-31,-0.12220604335004392,0.9668149765135827,0.9033065870062553,-16.154469244674793,1.774745620009485,0.27713696612888106,1.8906435975522426,1.68539763231077,1.1622197130219545,-0.025270932683931848
3928,token,2022-04-30,-0.37871315058731625,0.9723765325780463,0.8817388294503823,-16.152439517843057,1.8506639081885166,0.5172370518755203,2.084113294284433,1.8455684518342956,1.1886058838082525,0.03547510258773574
3928,token,2022-05-31,-0.6023943286356228,0.956774073474297,0.8619957458648123,-17.34665910243864,1.91584668984113,0.104964052187757,2.1986274909028594,1.923438228293219,0.7097699704056329,0.03966889783202763
3928,token,2022-06-30,-0.6545835970935556,0.9491808026626375,0.8413564033315277,-17.60722802083765,1.9894490651055294,0.6796164205043586,2.2337418704428273,1.9425189400625291,0.38922525878672226,0.030412235066019044
3928,token,2022-07-31,-0.5277866346601774,0.9491597633482045,0.8236922343273889,-17.722126663785396,2.0308649725981427,0.30458334617476873,2.821003563256893,1.946207046270927,0.07113218412868402,0.12940049686392655
3928,token,2022-08-31,-0.5596882886363168,0.954711348585027,0.8068844534157787,-17.832673946178364,2.099177874177165,-0.040853020553678475,3.4434760968991682,1.923719859958569,-0.21208167018514584,0.2666551663268399
3928,token,2022-09-30,-0.468543437733692,0.354055522554009,0.7907272027417601,-18.12199482138737,2.163923586707091,0.5996270690906614,0.2359497096070036,2.0620475219444563,-0.3186042228002867,0.373175029077616
3928,token,2022-10-31,-0.40341290912066874,0.34995160387563723,0.7771977743494756,-18.046169949736488,2.226882482429303,0.2682506274667679,0.21915455391659192,2.151898417584769,-0.27425676791508685,0.3843963061021413
3928,token,2022-11-30,-0.45514160972840134,0.26149193817130206,0.7624623434074193,-17.89562290611008,2.2891939876191434,0.27501005985638727,-0.3565337691872635,2.190960226633731,-0.2936355041045751,0.3936571886457877
3928,token,2022-12-31,-0.5286799212312119,0.2547614221619954,0.7503982480744252,-17.200085896269492,2.345460809010987,0.0828539438514061,-0.38151356732231645,2.1574025839487954,-0.13806048939369028,0.41828319589293417
3928,token,2023-01-31,-0.23347687483913115,0.2553363162905329,0.737245182047361,-17.061217137454083,2.3357136745035674,-0.12282551118171434,-0.6433854885964306,2.084217011358954,-0.15245015194365624,0.5063182377827387
3928,token,2023-02-28,-0.0360835734167263,0.2147234983724042,0.7244209626766698,-17.036471613534417,2.373517484659294,-0.20028412953269095,-1.1009654331701957,2.0284598791203288,-0.07034663894911279,0.5086259412540254
3928,token,2023-03-31,-0.07157987870049354,0.214717684247271,0.7148726619627833,-17.016973367094366,2.4284369270055266,-0.3798447259307568,-0.8743451848416228,1.8648260729241615,-0.03867774770526867,0.4809637579557399
3928,token,2023-04-30,0.5419865592031177,0.3062915730583459,0.7116566974009716,-17.030077957388073,2.329652517623247,3.0143795662419057,-0.2978176281032997,1.873253673231684,-0.13383749323690886,0.3767437924642617
3928,token,2023-05-31,0.289408222994618,0.290419767269263,0.7016733582827708,-17.04387978993661,2.3807146243835575,1.5069849789466483,-0.3052413921962871,1.8815642515780218,-0.18319501263484583,0.3841131865781163
3928,token,2023-06-30,-0.021406152281030377,0.29866076445229,0.6947790887794383,-16.958482882990307,2.4260016313517023,0.967398380934741,-0.17671263270788234,1.98203730873386,-0.13416710549412886,0.4301673517494497
3928,token,2023-07-31,-0.1430608145123835,0.29669114873774705,0.6928841037132601,-16.91870976441011,2.431501351415712,0.341820550590341,0.0552609280269176,1.9627193925072621,-0.0927357070937644,0.3955229214981439
3928,token,2023-08-31,-0.21170393685588051,0.29413512994047825,0.6555680226009534,-16.963143922861832,2.843697745809727,0.6467215910672653,0.05345567338225346,2.0204204391908753,-0.136778922610974,0.8377734885086713
3928,token,2023-09-30,-0.14564724882088032,0.2942228604218401,0.6509672956940838,-16.879011412108753,2.88292074650886,0.5423616777744171,0.041559475515620246,2.090939007631669,-0.08876344710094075,0.927524562721156
3928,token,2023-10-31,-0.14723085486582532,0.2930621935387874,0.6452372078781968,-16.897237469521105,2.895131808435789,0.20129591476322237,0.08189988305561459,2.0688581502492496,-0.08423831314352305,0.8379148518901375
3928,token,2023-11-30,-0.021573908544234577,0.2903966047006872,0.6357303634342883,-16.85709566554499,2.92792815504057,-0.22837155981052012,-0.09664200547518886,2.0556519634716217,-0.041356693861467446,0.8732098662840226
3928,token,2023-12-31,-0.001374724387691706,0.27414716452271964,0.6277689254604806,-17.338902513843703,2.9763355616573364,-0.6468104074971582,-0.2259800761799038,2.0772203408228966,-0.18052488332956101,0.9681220422999419
3928,token,2024-01-31,-0.1908995585587714,0.26308937198747073,0.6282937803330967,-17.44757207094114,3.097263456377031,-0.8860215353375175,0.05398040460423266,2.2327174146027056,-0.17600143358088732,1.254444408165407
3928,token,2024-02-29,0.23782615246024918,0.29205038287890184,0.62395249596232,-17.421965932586996,3.0046279929765896,-0.5754303711669568,0.10951201344805854,2.359630995902822,-0.1490550720279452,1.3799168344633614
3928,token,2024-03-31,0.6162135115521472,0.3009970038896489,0.5752795685892845,-17.305114454356264,3.6318642260543337,-0.09838680764604346,0.10725693892710107,2.131112720722914,-0.023227682038476846,2.0069448942068417
3928,token,2024-04-30,-0.03422325607307242,0.2510687567158756,0.5759172132961573,-17.05481944747583,3.5763406642749844,-0.2833315970784217,-0.36212441994474553,2.292541728819326,0.05854981099649897,2.0131253924227956
3928,token,2024-05-31,-0.00044537087149976173,0.24684910802632187,0.5711037783327316,-17.049151437643214,3.7250420362300396,-0.47424759706652553,-0.3604798451418303,2.270566142207689,0.059277475264990824,2.1240309686590284
3928,token,2024-06-30,-0.23153116952442543,0.2450324899900543,0.5704658894549911,-16.904745057829974,3.7440034732745953,-0.32246536711963814,-0.44900864763400566,2.2924457242528744,0.10445730528288238,2.126352259014784
3928,token,2024-07-31,-0.3574967552886703,0.2474353607304434,0.5719875918661663,-16.811352815546538,3.770898586882828,-0.5118459227784227,-0.46383336818038284,2.2946569560376124,0.13148298081775553,2.3946567067259314
3928,token,2024-08-31,-0.28932946929868575,0.24625188451284521,0.5720204913321412,-16.788308992600314,3.8439049781046477,0.3465028318107495,-0.4771757637622097,2.400507826062903,0.18533543710131933,2.2963223195062943
3928,token,2024-09-30,-0.2456529855090699,0.24545475927612295,0.2492952460019682,-16.859700463355743,0.860869600674581,0.13320272648496834,-0.4697421622134891,0.006115262438865859,0.17038715995802511,-0.4291558242892723
3928,token,2024-10-31,-0.348088554716352,0.2514415738025823,0.23521328408388056,-16.726329045205414,0.8610685312456571,-0.21910950596509257,-0.4352699160366806,-0.07386598465395261,0.27714435043034613,-0.4514454589547632
3928,token,2024-11-30,-0.07287470875356306,0.2771948825388117,0.20047548714827745,-16.672379483325106,0.7353442419886661,-0.8956919049238508,-0.6318318517089873,-0.3413848615969883,0.5788873126992586,-0.6436093935872378
3928,token,2024-12-31,0.25237909797917246,0.2920873601384171,0.21179777149692414,-16.645591883875472,0.6340666077787642,0.9201167331999225,-0.44676022436308327,-0.22095426398273196,0.575279804516678,-0.78827599014203
3928,token,2025-01-31,-0.04255179107350293,0.30191326264584667,0.21399495519750028,-16.701246225566862,0.8514827735378887,0.03135596124449097,-0.34567214035908056,-0.2325845445106524,0.47595272196029326,-0.5924004738410323
3928,token,2025-02-28,-0.26297798330786626,0.2801779017501036,0.20306163431495686,-16.666241729204145,0.985372759627421,0.16757973395231035,-0.38219379007391796,-0.3253647178336983,0.31532214952442056,-0.4334916389677295
3928,token,2025-03-31,-0.379847694126232,0.25948795939968955,0.20356057515862452,-16.690187506364275,1.0018658138842147,-0.11015677688491188,-0.54023276127947,-0.24682024753310264,0.5855638882247566,-0.49252691407763166
3928,token,2025-04-30,-0.3486628857604468,0.23757885688747876,0.20366377230635613,-16.865896505809072,0.9761989735806372,-0.2782141041397674,-0.7115808161289662,-0.2692315409442336,0.25890367178555856,-0.4955367362545316
3928,token,2025-05-31,-0.3888317489233485,0.23637550058205087,0.20467617252814763,-16.87334560615041,1.030126682140426,-0.40468007785188453,-0.6413620572843822,-0.26368460699152596,0.4304996631321,-0.5074110721670032
3928,token,2025-06-30,-0.4703493188245361,0.23329867277466707,0.20197159674508455,-17.023163874583144,1.0309250655724995,-0.6554787517002078,-0.6137444058156424,-0.27192920692239225,0.4044403897920759,-0.5217011780246908
3928,token,2025-07-31,-0.2832144606408783,0.24768029277279807,0.2046830607121922,-17.146726987956757,0.9996242309493433,-0.3272773756506992,-0.5240897433854927,-0.22856965843383031,0.3518415413979286,-0.5790276280859566
3928,token,2025-08-31,-0.05327467395293428,0.2636262971619125,0.21375002281827657,-17.17005636463205,0.856595141041835,0.4062058097885639,-0.3475563527055074,-0.14489309782858126,0.3956997976949002,-0.7088837954481887
3928,token,2025-09-30,-0.2264398011838865,0.2733704607710118,0.21731041311115526,-17.09863048956139,0.8600984258494622,-0.3437961657956781,-0.23251058241171926,-0.08644904570524342,0.35104492084162237,-0.7068157992959141
3928,token,2025-10-31,-0.29729198760250897,0.27626570755882074,0.21742390032909512,-17.143160839098503,0.868661408199391,-0.08943225545507938,-0.25713221980109335,0.013382348041800959,0.2624507218596272,-0.689738317132571
3930,token,2024-09-30,-0.19511179547512358,0.17544884673725766,0.14095590025991855,-16.24295194993187,0.21208285227325452,0.4106398285051349,-0.8883019780515258,-0.9498472123801597,0.4696852420606681,-1.07649496551882
3930,token,2024-10-31,-0.246617058898027,0.17771533685117608,0.1391016054152222,-15.978837168023906,0.15055191238836665,0.34300241513559976,-0.8699711704497655,-0.9183513480220774,0.6526385914611824,-1.1492360471617493
3930,token,2024-11-30,0.1293778615751655,0.23616779037982744,0.13182522192022492,-15.882787058950488,0.46048529426096585,0.1302618862708755,-0.9279650934780003,-0.9970515442676828,1.1115572826758333,-0.9591351112705968
3930,token,2024-12-31,-0.10618259977519429,0.24707635015710133,0.12860713767025023,-15.733023073072632,0.6347094370285562,-0.3593131400254776,-0.8101405818168887,-1.0383123029075496,1.1772918901983096,-0.7875248665547142
3930,token,2025-01-31,-0.014108969707431473,0.24023484137967915,0.1285597751522744,-15.84747874687203,0.5856998206889098,0.12741218343490315,-0.8350623522907448,-1.08796671031094,0.979859389325669,-0.9097079796131892
3930,token,2025-02-28,-0.18408970056770924,0.22855846682218933,0.12855505225257416,-15.830956447116305,0.6331954545053299,0.6666944855374404,-0.7989639640024748,-1.0840326900344093,0.7226821957035227,-0.8511293878527283
3930,token,2025-03-31,-0.2335057231307579,0.2216202794972131,0.12303167754037854,-15.820013902690363,0.7639938855532294,0.7922739829957213,-1.0077244739712428,-1.0719326558767501,1.1331549904039457,-0.7720041468761761
3930,token,2025-04-30,-0.08818245677840963,0.2171512312360637,0.12473983759703346,-15.830160011846289,0.6383188256456355,1.1069051533638528,-0.9661735501321704,-1.0983243831613545,0.7455765059419438,-0.8912083182404069
3930,token,2025-05-31,-0.18027919096885414,0.21948783785646647,0.12840825232917571,-15.707909896603608,0.6762462849979708,0.6142880902582118,-0.8405632135999002,-1.0618101425809487,1.070051301991573,-0.9045947519757944
3930,token,2025-06-30,-0.22136141406543808,0.20541330389705217,0.12656567132920649,-15.98083283173949,0.682019410614537,0.45354510552389715,-0.9267338423666724,-1.0682814818103747,0.9769774188260721,-0.9164516500703845
3930,token,2025-07-31,-0.0891453547841301,0.2087304231546419,0.1269434159423991,-16.051245985555706,0.6907568096461112,0.40954240972129546,-0.9204348708795033,-1.0940459656291712,0.9488073279309066,-0.9345963862440857
3930,token,2025-08-31,-0.16292374205530746,0.21010199728394344,0.1248036009573813,-16.02498451193726,0.7212860179861603,-0.0016704105307466458,-0.8850892534100518,-1.1320980830465064,0.9974351996240213,-0.8632828221931325
3930,token,2025-09-30,-0.2590701164169713,0.21583532908509107,0.12733452874849718,-15.975507143644013,0.7172879384180126,-0.5077335479729359,-0.8017679330232184,-1.0998832685400468,0.8562816298475114,-0.8721297867005016
3930,token,2025-10-31,-0.40266334920188973,0.2246968229106298,0.1292808075000707,-15.698891215448215,0.7192686649544161,-0.6274200110467388,-0.7499687705355755,-1.0811720558212912,0.8883900466334872,-0.880991724870288
3930,token,2025-11-30,-0.4843903209339734,0.14676457072616564,0.12929445593673658,-15.600982040859655,0.718533330600992,-0.7734448059550413,-0.7836281885190867,-1.0380066396513996,0.8877630819255146,-0.9445788509222955
3930,token,2025-12-31,-0.5039337985005079,0.13928692228860287,0.12925398878746522,-15.447826970707714,0.7157357210842114,-0.5174890185710516,-0.8931800450292591,-1.0201723543640564,0.943379394575329,-0.9870668483621395
3930,token,2026-01-31,-0.5235614539253908,0.13458893120645132,0.12948578546855197,-15.438034294171603,0.8509392706757477,-0.2052905451314231,-0.9400774973484735,-0.9392642048750934,1.6004636201568294,-0.7948525185720959
3930,token,2026-02-28,-0.5264958017187583,0.1301506791260445,0.11734105871848155,-15.376120173460448,0.9948100340530075,-0.05513327431084853,-0.9687851931221182,-1.1142783682363333,1.551772335710772,-0.6605398387931662
3930,token,2026-03-31,-0.5045276520915125,0.13019852700533668,0.1118158032777362,-15.366001104451003,0.975953024599448,-0.04473444292916301,-0.8444163340277057,-1.0893633504067084,1.5845582176387853,-0.674888633804861
4090,token,2023-07-31,-0.05960080887914665,0.16665975617740492,0.323056490161912,-13.343096173115285,1.2201793864551818,0.7390940817468472,-0.7361988380137038,-0.3953391241369898,1.4181380797337697,-0.6901652225165605
4090,token,2023-08-31,0.021013091352156676,0.15929949235175148,0.3233097118980326,-13.404669684654168,1.2048277942549275,2.159017610174399,-0.7702203230438349,-0.19955396580407805,1.306735593473028,-0.624814144170367
4090,token,2023-09-30,0.2767688944584139,0.1692793842937529,0.3257191387018631,-13.41077643375126,1.098992383559489,2.858168214011191,-0.7263653267656511,-0.1368033948658693,1.3309157793424211,-0.6338184909490524
4090,token,2023-10-31,0.3630101628700835,0.16917107563584421,0.3249758914727292,-13.437738714919607,1.0640940839514066,2.8817102388711153,-0.7221081846936039,-0.09770931293197481,1.44848441897774,-0.732080038985963
4090,token,2023-11-30,0.2623465102414748,0.1603708934483257,0.3209052551206661,-13.560802685949316,1.0965348803806605,0.6174245954409787,-0.8973422754172641,-0.13836356257567362,1.4478521119191559,-0.6756445998214049
4090,token,2023-12-31,0.28789511408643675,0.15281234787272224,0.31652403929035283,-13.840074097479569,1.1105269534443125,-0.07229709575354072,-1.0021840380275437,-0.15208784688651703,1.487728964406998,-0.6181337430381613
4090,token,2024-01-31,0.19609557003350742,0.15405454667529278,0.31213837171992537,-13.842175148466904,1.099335345506292,-0.017886801458782266,-0.6621219797772905,-0.013443689557017326,1.5049294103168558,-0.4950306992919472
4090,token,2024-02-29,0.15062811039889756,0.14028556588631952,0.31457245807483414,-14.124408339697098,1.2059678059409964,-0.7582141455606138,-0.8905231376306186,0.10952522778332065,1.3774784541330853,-0.2674184074282347
4090,token,2024-03-31,0.5583939504768096,0.1815624262907501,0.3199607635681845,-14.485685777282251,1.0788806508918822,-0.20574671788979407,-0.666284542557669,0.24102155593059713,1.3103899276818018,-0.2802417595364589
4090,token,2024-04-30,0.2480452428240063,0.188215942443285,0.3084850671389689,-14.587948600673556,1.252055332834121,0.6093637435450592,-0.7734333451120401,0.23043121217224763,1.242772638698501,-0.09812992155654562
4090,token,2024-05-31,0.1629636280512321,0.17350081911296344,0.29817684178335846,-14.725289154158313,1.5503674399284217,0.16088145275566343,-0.8476870443769227,0.14448660257332122,1.1371065540749465,0.15549332243675285
4090,token,2024-06-30,0.21631438311302964,0.1732437274057187,0.29137622906666394,-14.746661235102144,1.6511185077598987,1.7724911141185549,-0.9290113604822566,0.10404663169060369,1.1265425664731306,0.22784783538009099
4090,token,2024-07-31,-0.10885821036921639,0.1940193442422336,0.2953744807234955,-15.062882075166385,1.6218256162896831,0.8125989833421807,-0.7862917531835275,0.16726311027736632,0.9633108597693734,0.2587136923587047
4090,token,2024-08-31,-0.04383793977092021,0.1942394953411875,0.23340453127470692,-15.115213149694544,0.5652294859211288,1.7841937475036163,-0.7924197917533988,-0.2726024615256084,1.0334419102964134,-0.8192304358254123
4090,token,2024-09-30,-0.1450399305206317,0.18621782093290723,0.22274640874844567,-15.738994998041377,0.7504408512953067,0.6855006518531578,-0.8239151328176573,-0.22814581778652765,0.7142474029417204,-0.5393381792254327
4090,token,2024-10-31,-0.4777440893580578,0.2207724638185183,0.23241023978352715,-15.849264538917554,0.683502173608133,-0.9373498459840558,-0.6160997146685121,-0.0984949362788795,0.7177279623425272,-0.6258314336852804
4090,token,2024-11-30,-0.38850464854735356,0.22544901609525148,0.23209072530370312,-15.922850136591789,0.5952313833480737,-2.4967678903597004,-1.00533312542093,-0.03943324852818104,1.0845301764048183,-0.8044526575403456
4090,token,2024-12-31,-0.32894850633787154,0.2262505749767784,0.22479208982717291,-15.883058883923434,0.6060844642571137,-1.1541926750606901,-0.9782700601916179,-0.09328351477669006,1.0783148373470692,-0.8209721501714131
4090,token,2025-01-31,-0.4203581187214225,0.233878770703592,0.22706197490252758,-15.745042052429335,0.6908371021153481,-1.2445599574478152,-0.885494881388716,-0.10175675659091624,1.0403190983221438,-0.7841888363593158
4090,token,2025-02-28,-0.39902778119715854,0.2338738009173926,0.2266789536747425,-15.722856317048189,0.6811983583961699,-0.6931876540308408,-0.7560484861705333,-0.0848798735215129,0.7754015179768009,-0.7942040141011082
4090,token,2025-03-31,-0.3349928466374186,0.16712782692232522,0.20580122632254627,-15.945389609295534,0.5558429359950161,0.1664446234400275,-1.6804556803355268,-0.22386216499624972,1.0542573760927816,-1.0165620137715663
4090,token,2025-04-30,-0.3468333371058647,0.1667177107113234,0.18796576971894352,-15.952056003491911,0.45563549402817044,-0.26848537678813894,-1.5947345045429877,-0.4341384431439825,0.6882999031841289,-1.1051380304928053
4090,token,2025-05-31,-0.19484575886625655,0.17756739183979914,0.17921717523611091,-15.87797564966276,0.4213868609896628,0.5431172105929231,-1.335042612879436,-0.5301069218555724,0.976724977603292,-1.1906405592003748
4090,token,2025-06-30,0.2137050871462065,0.2225435573161579,0.19488197893758136,-15.683018395355253,0.48069648857879776,2.391386744014585,-0.7344613861853128,-0.3468017482771157,1.140562484992465,-1.144227604337453
4090,token,2025-07-31,0.13109390777515983,0.21202110910679975,0.18655166393019532,-15.605597248889499,0.5614663272102782,1.2457221069122884,-0.8869495895156143,-0.4304266951831624,1.1916568597970698,-1.083435833562298
4090,token,2025-08-31,0.013999533337730075,0.2113013315751259,0.18464313787168013,-15.417611814604918,0.5712470582041929,0.6564546251188977,-0.8730446000110619,-0.4679466993369462,1.3166096281019743,-1.0344898246553955
4090,token,2025-09-30,-0.08519385264031709,0.21159821433587192,0.18315226047246105,-15.252824134044106,0.5793746344772023,0.3658350738038225,-0.8436902967286556,-0.4711859240152105,1.1813803705619517,-1.0317749122137094
4090,token,2025-10-31,-0.13112915158382243,0.1752207497388825,0.18255833379119835,-15.284856722750245,0.6679310027833596,0.7589346049097909,-1.2228046174265592,-0.41957567705565985,1.0678305517501467,-0.9467144810245265
4090,token,2025-11-30,-0.11705087546780546,0.1700420682544129,0.1813649501017495,-15.309327237145414,0.62959792979778,1.2695091447226312,-0.5257790124969883,-0.4591656229083611,1.0063131980811786,-1.0555074454764857
4090,token,2025-12-31,-0.10600397796740857,0.16839707601386206,0.1803608714196608,-15.327912106367975,0.5882037783591301,2.0752263800966957,-0.5634390615571923,-0.44647661091333374,0.9937038861576449,-1.1485122014861315
4090,token,2026-01-31,-0.13111573452474656,0.15688100609465466,0.18011815989379001,-15.381728503018993,0.6014203770979374,2.387687216774157,-0.6909091065870089,-0.3578850166986605,1.6360821054109447,-1.1039544685316376
4090,token,2026-02-28,-0.12300978218094138,0.1563079170014343,0.17562441598510325,-15.380767258751897,0.6898996181845695,2.1047622220601285,-0.6118029913210487,-0.438420045885841,1.5490447832586447,-1.0169914662982675
4090,token,2026-03-31,-0.09653735108842765,0.15638537942147515,0.17154780260409244,-15.354158401158665,0.6620475413686993,1.7277377694918727,-0.4960405979987338,-0.39535202078933795,1.5914925256719392,-1.039739639218941
4090,token,2026-04-30,0.10370898609596924,0.15813295898479832,0.17343399122676725,-15.195545412345481,0.5482609092416257,2.116175627025362,-0.5550677788013472,-0.5140868184395349,1.4656567572345074,-1.1434814781041647
4090,token,2026-05-31,-0.259877732130263,0.19001597657398786,0.18164997677977598,-14.887306467535238,0.3408508588061205,0.4387585212970915,-0.18369945439243557,-0.41466005647932896,1.5543118469975634,-1.3763955760636228
4279,token,2022-08-31,-0.6740863453754535,0.21442157009573773,0.4395835811824926,-19.39542333746407,2.1137153579703374,-0.6876853742894654,-0.6578451434660263,0.03992836565546187,-0.6404276620661208,0.28039347559023
4279,token,2022-09-30,-0.6221752927221595,0.2028579645361293,0.4328915440750063,-19.433566753921703,2.157420077080754,-0.36665428644717474,-0.8637624897186731,0.12498074026867544,-0.686481650079186,0.36707736361472776
4279,token,2022-10-31,-0.5714275130625288,0.18962965788269587,0.4279787812529811,-19.314391646466362,2.157732863067912,-0.5365074973735724,-0.9131058444069965,0.16329639771057528,-0.6761401665609137,0.3214251537925688
4279,token,2022-11-30,-0.6228195066389115,0.19116965252343193,0.4236295343583255,-18.918061554637084,2.170737630686227,-0.48925342354352624,-1.0879579276086533,0.18513340891687782,-0.6194438010242903,0.28445432079175376
4279,token,2022-12-31,-0.6227547996183704,0.19093174841370808,0.42316767285666784,-18.731020559899783,2.179804313038415,-0.33521142019594435,-0.9856261374644472,0.24508279202630534,-0.6558486938013389,0.2672574836538085
4279,token,2023-01-31,-0.30419323609878623,0.24093762187844256,0.42609614883752867,-18.413492939192572,2.2348947607097056,-0.3097463552136559,-0.746916064671719,0.22964123425600508,-0.6085211022157219,0.41443525912647067
4279,token,2023-02-28,-0.08582367279750314,0.24544978656530425,0.4215884011611384,-18.329749394833055,2.2487379777762753,-0.3575058533382891,-0.8748649873855268,0.11420437009355588,-0.5568646059003048,0.3930316884857662
4279,token,2023-03-31,0.8247403096258543,0.4153983011028852,0.4426457699641315,-18.329113836268785,2.0665830991095118,3.399910023478036,0.3101227175175241,0.1891325998327316,-0.5979704522307748,0.15375960943910724
4279,token,2023-04-30,0.4689888368051578,0.4010896679702618,0.44242785870619367,-18.31056066443352,2.16015344560872,2.652295938566524,0.2648642965197822,0.25494815512667995,-0.6238361380112224,0.22274388303577927
4279,token,2023-05-31,0.121706299737945,0.38220300608942026,0.43952379898508903,-18.371443814792233,2.154517003016181,0.9333745475549913,0.19050990938622295,0.2737670555704607,-0.7005860610440402,0.17679511901526018
4279,token,2023-06-30,-0.03314468912866675,0.3757477495508288,0.44183954640374135,-18.40319260310239,2.1655311476149306,0.9092761025900762,0.23597534921741004,0.3641306982405028,-0.7335424814774647,0.19144414078904923
4279,token,2023-07-31,-0.06391118387174,0.3752064863648675,0.2831121273658244,-18.39357949682902,0.8420242241170534,0.7185764951384619,0.5331588381036997,-0.6500284481135088,-0.7159411963899742,-1.0290995341401754
4279,token,2023-08-31,-0.3042115146647272,0.3820689065593331,0.26940357373537754,-18.233532969116872,1.0021862278808866,0.04556729335725947,0.5906203456550676,-0.5597262869720371,-0.6521191798631734,-0.8056589077003855
4279,token,2023-09-30,-0.20817369647959827,0.3835257230137874,0.26821115814475477,-18.098020064986695,0.9498100341822605,0.19957374582744397,0.5904307349383155,-0.5306963778540509,-0.5877496092683928,-0.7643869766393876
4279,token,2023-10-31,-0.17917701657812335,0.38219767248245395,0.23626518339585886,-18.105562774267547,0.9901728585416406,0.03347532316540867,0.660356558614404,-0.697837158256206,-0.6195839784422407,-0.7954626469293982
4279,token,2023-11-30,-0.10258395253105501,0.37113125969061306,0.23296403654361206,-18.239713352128234,0.9843042850523509,-0.4696996898331864,0.400523204555069,-0.7512257322135799,-0.6659997236628907,-0.7705607826059045
4279,token,2023-12-31,0.011481403936673518,0.36243854120374613,0.23005573978391788,-18.290371057512463,0.9677469780187546,-0.6212770961129069,0.33883815381324767,-0.7714216789663778,-0.6341884729905737,-0.7395210927653874
4279,token,2024-01-31,-0.1273948234920821,0.3594172932508127,0.21995878070567434,-18.457771857749062,1.0855338013613867,-0.743563240118915,0.6866283122951566,-0.6683437997331994,-0.6469831359170185,-0.5071159479025504
4279,token,2024-02-29,0.16774541549949196,0.3654439156274957,0.22421926314192792,-18.483979759801286,1.1323249099798396,-0.7223330000696052,0.5931294556515779,-0.5476091060113338,-0.6406915838465068,-0.3348655765523319
4279,token,2024-03-31,0.4147239856457712,0.19583546306506902,0.21446954242904565,-18.373068598801915,1.1321561833848366,-0.47251447333652696,-0.5738424187300792,-0.5399159273925016,-0.5283805397743725,-0.23251286379485622
4279,token,2024-04-30,-0.061265338591817375,0.2152838540068918,0.2078416509403748,-18.2129925597167,1.284231286260421,-0.3688542152932208,-0.5963008850846202,-0.5456080559433567,-0.49743188529870414,-0.06890302254603746
4279,token,2024-05-31,-0.016947417315867352,0.20426868862502973,0.20483599439297967,-18.17819723468424,1.507372764232585,-0.5383868375454953,-0.6433151666755669,-0.5826313153494419,-0.46438453345528125,0.11657410305638631
4279,token,2024-06-30,-0.28829538606012006,0.21650099582362733,0.20413283057548418,-17.840816553097692,1.5067339383590148,-0.5880001315792284,-0.6397793770418323,-0.5800466945347189,-0.33887342573762136,0.09687324851608904
4279,token,2024-07-31,-0.2728392670688653,0.21638047158522897,0.20417700005638975,-17.852473448221904,1.5272758643742563,-0.06089340021596879,-0.6513035327222828,-0.534124319691462,-0.3638259469271965,0.16474160072787886
4279,token,2024-08-31,-0.3908193485567538,0.20814142181803033,0.19638558916855353,-17.819747211275736,1.7594652574178813,-0.24786014977468052,-0.7081610339998639,-0.5648382881027662,-0.3375093441278157,0.3155889622128161
4279,token,2024-09-30,-0.21168312038202197,0.21722388747880597,0.19560929987651718,-17.84511413409837,1.6825441585897392,0.31967441285669934,-0.6385323125293233,-0.4675976769329617,-0.30781816248966093,0.3906853700656143
4279,token,2024-10-31,-0.2073559901041112,0.21699607952913955,0.1924922702972092,-17.854329667033134,1.7492103419632654,0.5604931954403177,-0.6383658583863966,-0.4492342161824744,-0.28949423161361854,0.4207888844284617
4279,token,2024-11-30,0.32794079611989124,0.3030848633427341,0.1953494944579617,-17.744359931992598,1.5556362946634528,1.1374994959378573,-0.44495816553368905,-0.3903423217246175,-0.1442855240455309,0.2980490125512484
4279,token,2024-12-31,0.06963076341239116,0.3106115193449375,0.1942924042679232,-17.775387870014143,1.5556987070152533,0.26802901721887973,-0.2972120227832742,-0.39294661421251537,-0.17003477336343625,0.28861901547243535
4279,token,2025-01-31,0.0022572382006340597,0.30552543950449756,0.19665372956565372,-17.813189859359074,1.593981112121956,0.18268363780289013,-0.3170111603582924,-0.4062059394763819,-0.18033347397087832,0.2940382286063429
4279,token,2025-02-28,-0.20393292624063986,0.3033868733419956,0.19719100098197878,-17.742789303695254,1.6217877954364295,0.5411492675610967,-0.19480686612630618,-0.38514281210374895,-0.2096990367253097,0.3212161148998772
4279,token,2025-03-31,-0.303356833430368,0.29573904056078876,0.1973555556960369,-17.678499235452527,1.688015237668705,0.3615309082825033,-0.09269860913241874,-0.310397903554993,-0.03637029449823672,0.31363438284840855
4279,token,2025-04-30,-0.21699848425554213,0.2828261604569682,0.196703155397676,-17.732399182631895,1.7055420520558497,0.4219187187553778,-0.14765650507075645,-0.34235254888253247,-0.14824941781930584,0.3585540750418166
4279,token,2025-05-31,-0.3123547182634697,0.2849614776349956,0.2000750060081453,-17.66578116540699,1.886288841980759,-0.031020504465112845,-0.06825830888921249,-0.3118347136619644,-0.004362128437809176,0.45351708295071774
4279,token,2025-06-30,-0.3341647135219141,0.2738806575022604,0.19558862661176507,-17.929508813899186,1.9082514112549702,-0.048895165186704975,-0.15824630608606244,-0.33933893312330804,-0.09340148338126272,0.47090236443725425
4279,token,2025-07-31,-0.246679736949039,0.27551932615946273,0.19355738751145043,-17.839276106948603,1.922278750188254,-0.1885664399229036,-0.24080599057405136,-0.3524318986762972,-0.02555261571255093,0.4831339952750373
4279,token,2025-08-31,-0.2635130282594499,0.2696163855433339,0.19332818276523844,-17.98639077649854,1.9184295459752116,-0.37584575530665904,-0.28739919809567466,-0.3715524944169199,-0.033284037928194184,0.5027580730646396
4279,token,2025-09-30,-0.2613489121249769,0.26008827060988954,0.1935341718990628,-17.96487368786699,1.9264841747632688,-0.5191824046639809,-0.3639256702003999,-0.3542503205178304,-0.03863432881654767,0.5276067101082975
4279,token,2025-10-31,-0.4038968004527089,0.2709405955314189,0.19358200184949229,-17.639230816991716,1.8879825419688723,-0.6337175634365699,-0.30802356371445233,-0.2826845828965796,0.047456442454739414,0.6152021784898225
4279,token,2025-11-30,-0.5679737479046276,0.1404601057929686,0.19352193119278377,-17.504854282052012,1.8194937562178501,-1.23829303951237,-0.8534639209173996,-0.3240226900804175,0.11388837640192717,0.42864251616519844
4279,token,2025-12-31,-0.5902903993851947,0.13814708935490957,0.19355315429240214,-17.443068944266575,1.8233047074028486,-1.0801462443863474,-0.9060913348869883,-0.2983878185493526,0.10603918278499588,0.4150278918619328
4279,token,2026-01-31,-0.7270453406309736,0.15982267127212219,0.19517511854561198,-17.402908323471625,1.926316751788294,-1.5497546762206935,-0.6580288124867725,-0.1849955858399927,0.35750378945080785,0.5373162466393119
4279,token,2026-02-28,-0.8237799436689179,0.1805002571307537,0.1947369372296529,-17.38391434355487,1.8631923962384265,-1.6465209513267025,-0.2816368290057883,-0.2167897701085204,0.3733209907171317,0.3546314711671825
5354,token,2022-08-31,-0.8215492785284318,0.16110528631672003,0.133044138058962,-13.07062971271211,,-1.521473979262265,-0.9532257004777118,-1.5322334212562623,1.0931836346293335,
5354,token,2022-09-30,-0.7892842766115443,0.15710877724327957,0.131051475712568,-13.045838362727675,,-1.417701255106808,-1.1965121718876974,-1.5089658931721588,1.1051860643771318,
5354,token,2022-10-31,-0.6806780880146122,0.19208536887036748,0.15402888007557058,-13.002145332404,,-1.0597970553848013,-0.8957625899707568,-1.396691282212676,1.3241307705521423,
5354,token,2022-11-30,-0.7615974205408298,0.20179748639511236,0.15321733218612593,-12.94091508693326,,-1.121792916535016,-0.9774175153649333,-1.415656220862689,1.2852219839475907,
5354,token,2022-12-31,-0.8112440413176606,0.20915994231431514,0.1548291811750664,-12.601966423487564,,-1.1728508070439774,-0.813106360694629,-1.323074487396246,1.4171019104293743,
5354,token,2023-01-31,-0.7494050437761541,0.2159991589297135,0.1501399930046429,-12.612213645842191,,-1.4865513460484738,-0.92623047760531,-1.415170568212241,1.3480287056788842,
5566,token,2022-03-31,0.18114460278009692,0.4482040393604377,0.41712315928921206,-17.234921222543676,,1.5797883103239985,0.03127833625444206,-0.5273615432368364,0.6664865129957259,
5566,token,2022-04-30,-0.2648813666512593,0.4646816260985865,0.4040439496609275,-16.480316289208158,,1.1639083816857947,0.18880739336851665,-0.40989615402665547,1.025546747113822,
5566,token,2022-05-31,-0.6034013914476957,0.451061687652022,0.39246609949042655,-16.559643898906952,0.7741267784542543,0.09682193045393032,0.18581984214130692,-0.4045309871565097,1.1298190785237412,-1.1469252054946497
5566,token,2022-06-30,-0.6571629091854501,0.45587334929754714,0.3914295853363024,-16.348210394103848,0.8550307991066869,0.6520958278050022,0.23349737961372732,-0.2957056170580299,0.9678575088804867,-1.1414180420382039
5566,token,2022-07-31,-0.6405290235710697,0.4558785744916105,0.3907578214964239,-16.338293985235534,0.8884193546453546,-0.48335612047786874,0.36329275270548556,-0.33483668679539985,0.49659580476396126,-1.0939607394485467
5566,token,2022-08-31,-0.6606337710194801,0.42926207245615433,0.38083563106574103,-16.217293990729,0.9570279069509564,-0.6116214918904638,0.5324048656852938,-0.26137472699657505,0.23069023754366016,-0.8127069638854015
5566,token,2022-09-30,-0.6327518658060759,0.42572652440780834,0.3716434114524882,-16.132629871078052,1.0091937170407042,-0.43317659314742807,0.7572377258274496,-0.20657292205999014,0.23938458565528867,-0.7094952289498125
5566,token,2022-10-31,-0.6202748664139577,0.3424669669566283,0.36680508633666875,-15.939414047677518,1.068337735528425,-0.770477066471937,0.16629492869973242,-0.18505273472086922,0.39334750365648724,-0.6706333294663802
5566,token,2022-11-30,-0.6958021933564138,0.3293605254518749,0.35885224631867424,-15.69328669976573,1.1345901528770133,-0.8219031251817314,0.34936940044961673,-0.19833601334345513,0.4081566373284747,-0.6707521284540984
5566,token,2022-12-31,-0.6501319360690432,0.32930386100464776,0.3512795777673601,-15.673967164971248,1.1891899846280212,-0.4568744264421136,0.3239894012731581,-0.175027788873438,0.37809888459160307,-0.6358657752568081
5566,token,2023-01-31,0.27760177881852255,0.6801820522790906,0.43841909525589334,-15.619709143878696,1.6760196580945375,1.22808185462048,2.411372292295997,0.30309104605286363,0.3337154065981085,-0.09490477631671566
5566,token,2023-02-28,0.11352454618914076,0.6416370930166326,0.4337547955468425,-15.384942260914706,1.7340720376520136,0.2726068930541876,2.040492899011293,0.1911101934345906,0.5509419307732645,-0.08374872410002793
5566,token,2023-03-31,0.29841458305822544,0.640615155998155,0.42626799408755206,-15.293584071933697,1.7455244476094163,1.1804105737951065,1.6394097202859812,0.08831914992465129,0.6959075215435148,-0.1365557460700669
5566,token,2023-04-30,-0.04155555482772455,0.636622200441022,0.4225307750381825,-15.383401640339574,1.796921578230928,0.11989137388765006,1.6628871028339756,0.13534893072619225,0.49629140994638477,-0.10727370356743365
5566,token,2023-05-31,-0.26991730120995494,0.6256567546322747,0.4163928258160103,-15.074125887374201,1.8471783805200397,-0.40614129293457457,1.5054832560094509,0.13190180162227363,0.5844764651047697,-0.10489152701646362
5566,token,2023-06-30,-0.24963779997847502,0.6223365409603961,0.4097354545030788,-15.12368989425282,1.8853793125825031,-0.16266949095709413,1.5560974238079262,0.15877956167199272,0.6270444529016993,-0.06531718070861552
5566,token,2023-07-31,-0.17218136742268952,0.6222948530790142,0.40352547637570463,-14.766918072745469,1.9078868856172426,0.20320535644877707,2.0371072082650543,0.1177393246165859,0.8165028273956622,-0.07378419419550623
5566,token,2023-08-31,-0.3748967054948107,0.6267989286649963,0.39728519632648995,-14.481690927009026,1.953699600845371,-0.41377568435816126,2.085612681643503,0.29471111873466194,0.8698360423178861,0.04350651284215979
5566,token,2023-09-30,-0.36310266303553485,0.6257721597000523,0.3912622820695479,-14.480898421155375,1.9855981983232738,-0.6497913154065528,2.0793203733611714,0.31212532781605223,0.8928745379737655,0.14216324630882315
5566,token,2023-10-31,-0.20964794036418966,0.6260084933428693,0.35349940317431194,-14.231791722579198,2.0581166041400425,-0.12659550169180683,2.242599662836782,0.09525221324272695,1.0966811140248791,0.12022915008408161
5566,token,2023-11-30,-0.10310235994428074,0.6156332588715283,0.3499459963560656,-14.272177921325385,2.091806390316206,-0.47124402045525104,1.9061701636058725,0.0640213027855607,1.1264649441843717,0.1660810658128239
5566,token,2023-12-31,-0.00920208557198765,0.6112643887045304,0.34773407922382743,-13.84922458442858,2.122180763607182,-0.6623561803296255,1.930628655276123,0.07145573777627395,1.4833659796461696,0.24194467125703628
5566,token,2024-01-31,0.09961692378907405,0.1846192544603281,0.3471578463218469,-13.717103924917861,2.2157640756145196,-0.23431449704002036,-0.46138372885496143,0.23535604499121637,1.5632409033003631,0.4825641710877176
5566,token,2024-02-29,0.5367269667247672,0.21592041948638752,0.33997603420949996,-12.998644642808198,2.139128917636094,0.051122905822519125,-0.39213679390739253,0.29428418502497194,1.8986266001249268,0.5872339592267541
5566,token,2024-03-31,0.9705512138719747,0.24661185424593013,0.3195561471522055,-12.915132156762551,2.3705827471060483,0.5595508039429838,-0.24497915611277463,0.23802623440342394,2.05327730141338,0.8769782961723966
5566,token,2024-04-30,0.1861166519925348,0.25931992463571113,0.31431102679657485,-12.745017806744018,2.3328722047865327,0.4135099210227303,-0.3081287628248636,0.2753539069647037,2.1274726702690074,0.8836257749067118
5566,token,2024-05-31,0.20509872898834036,0.2400049204804147,0.3156648226468097,-12.678952346319361,2.481426444921835,0.3246498302548835,-0.4059415388593212,0.28071660893832096,2.086216719596634,0.9982974391081845
5566,token,2024-06-30,-0.21160724242189566,0.26580361941816366,0.3151234763601305,-12.208997080753154,2.4514330557017057,-0.2292641285021104,-0.3101262081616455,0.2902536533178643,2.32840002107953,0.9538316971797092
5566,token,2024-07-31,-0.24663086162961767,0.26604893164074916,0.3141849194781878,-12.216067837246369,2.4705580042827675,0.07871322872726205,-0.35146815621809585,0.31193163837957344,2.3176712128533543,1.1022606728508086
5566,token,2024-08-31,-0.24857105513695232,0.24981862503246954,0.316108658329134,-12.241420130969026,2.675608632166594,0.5851994658294156,-0.4555579595022497,0.38028245511481923,2.490191965673397,1.186151792319662
5566,token,2024-09-30,-0.10461460968809755,0.2534820773709151,0.3160502969220535,-11.974928679530642,2.6154252643849834,0.907408443349179,-0.42174746202921226,0.5951470979843358,2.540887930671956,1.3214849823924828
5566,token,2024-10-31,-0.278472641486327,0.2556059239207201,0.3178687360490809,-11.814832728297045,2.98906511977919,0.16653509707663688,-0.4107162660061909,0.6523862289591962,2.7443799661498636,1.6384366800491104
5566,token,2024-11-30,0.07230119333962914,0.29318776204956093,0.31667256614170114,-11.701943663174387,2.8459156791200595,-0.1592673101681889,-0.5163953680218955,0.7683931278478459,3.932012060808587,1.7792317506734912
5566,token,2024-12-31,-0.1549625383578338,0.3064762789897263,0.3155133103550868,-11.536700462237638,2.835228210978155,-0.5333710804792393,-0.3305964129371015,0.7980634492824524,3.945561961711366,1.7837046722063068
5566,token,2025-01-31,-0.09752871731943058,0.3073053712648425,0.31629998868767517,-11.530117057967699,2.8942922322891755,-0.15431042447925858,-0.30288821162619,0.7916996095435979,3.5280325099422143,1.8464270249732158
5566,token,2025-02-28,-0.2249914870015064,0.2862505755383769,0.2938589157307529,-11.604871850780368,3.350942166085453,0.4079148003142901,-0.33316362702613506,0.5991843282543833,2.7837002134245146,2.371774536267091
5566,token,2025-03-31,-0.3332776538288521,0.2505455738852524,0.28941748231127307,-11.47883217911623,3.3505585338744477,0.1770215122098549,-0.6506301009226872,0.6328838280086903,3.865015017800201,2.2669670147881793
5566,token,2025-04-30,0.025020124727262116,0.2862771020488998,0.29717191968746354,-11.180065595886775,3.1237030761406532,1.7088662152962333,-0.10464687341959218,0.7130678840425204,2.930567226748886,2.0192790964428595
5566,token,2025-05-31,-0.341920159646397,0.3064229630772112,0.3104160649879132,-11.016392422060223,3.188658801596753,-0.17547446820839768,0.1848941128406016,0.8428580662903393,3.6445971692611296,1.915254147816945
5566,token,2025-06-30,-0.2358998567199697,0.2935626464518792,0.30141817462726567,-11.067307015100578,3.1511371052181927,0.38878902925440934,0.06266720087098365,0.7783133050490082,3.6759044943024635,1.877098301416076
5566,token,2025-07-31,-0.1983325709138789,0.2933182142784749,0.29543219485315825,-11.07222381771979,3.153219257239046,-0.005007349751869245,-0.059688501608360416,0.7817414348323988,3.6620500752470773,1.9001950294619012
5566,token,2025-08-31,-0.19098454953548227,0.29338809927244663,0.29494514760157947,-11.065934777177333,3.151235218620959,-0.10605192778573755,-0.04866504809911287,0.7562812303172517,3.6034164560051742,1.909492458179453
5566,token,2025-09-30,-0.22797433448437288,0.28921567932239856,0.2955876971158025,-11.097885018812079,3.1496850975602335,-0.3515057870588675,-0.07573667978711005,0.7952191817625164,3.050478517555771,1.9435546953121225
5566,token,2025-10-31,0.14154543128857666,0.31123457782199887,0.3102202094139786,-10.954159771080075,2.9540606750557514,2.15111161220848,0.07706033683762953,1.1657200470163704,2.944733230681665,1.9800012406048242
5566,token,2025-11-30,-0.3651726984869529,0.3042923810259544,0.3106888863745496,-10.325699102367295,2.8301056635162887,-0.11041741868532513,0.9613367088920494,0.9784623459012365,3.0320288274162155,1.689172715656877
5566,token,2025-12-31,-0.09062035212245712,0.32204539265515747,0.32179721664453964,-10.30449912351739,2.6838237893036827,2.175458535510721,1.1769896395858892,1.141204441924422,3.101872091674965,1.5043769920077363
5601,token,2022-03-31,0.21934833881832705,0.3043734823194433,0.35081094623984743,-15.059417624066272,,1.7438431713844416,-0.48439443906954627,-0.8291673011271429,1.664651524150581,
5601,token,2022-04-30,-0.14026381464117044,0.31631060964867214,0.34064251584182637,-14.800677849107483,0.6044909881932871,1.871852993371168,-0.3650852287820902,-0.7092497707178069,1.8608617737358855,-1.3065808913893837
5601,token,2022-05-31,-0.4299965051838117,0.29025545264621283,0.33144355751876137,-14.266442401400846,0.6920028543492843,1.4988036899578956,-0.4542119800217159,-0.7070861085540054,2.3537563537377206,-1.2322769306534345
5601,token,2022-06-30,-0.685973079672461,0.3182626864066034,0.32299627293533706,-11.47558291203383,0.7327440827259991,0.34469876249302595,-0.3244811557789623,-0.6361368032305531,3.2072696854464766,-1.2677376553920785
5601,token,2022-07-31,-0.5262998797514031,0.3375409324481151,0.316916697472224,-10.368058896040656,0.5871999543644235,0.3149740508704859,-0.2263095040106405,-0.7238906132240626,2.3321629773461674,-1.4165145066810891
5601,token,2022-08-31,-0.7334459026801174,0.35760049852602854,0.3176551243876285,-9.49757779652922,0.6267900786636077,-1.0233176679012723,0.13538852989662142,-0.5854112596688846,2.0725488966566648,-1.1247905046156543
5601,token,2022-09-30,-0.8055350518491087,0.34106173423749453,0.31521751467375503,-8.672080669503892,0.6996588619635132,-1.5199119660708402,0.14144138741944123,-0.5120224423330392,2.3319634052244607,-0.9997139114471536
5601,token,2022-10-31,-0.7993796069477871,0.3368167360121947,0.3113068125655524,-7.81058148699457,0.7527345435089119,-1.6283548447149356,0.12639064298175376,-0.5010835964508831,2.969271622391972,-0.9580376110457581
5601,token,2022-11-30,-0.8395070335137873,0.3368998938543716,0.3048603567456974,-7.693933711647135,0.8192923192512193,-1.4768991845533344,0.4277865926387045,-0.5179578951459121,2.9572147908649313,-0.961419751126302
5601,token,2022-12-31,-0.8914713165806634,0.32109894405555384,0.30356561075595506,-7.5907451385001945,0.865319248645656,-1.5293779226180386,0.24633439890754041,-0.45386592435734724,3.1119823861840294,-0.9311322439091755
5601,token,2023-01-31,-0.8442457992679447,0.31406419344979003,0.3041695463388243,-7.393790209794747,0.8526479681404024,-1.7372389344561998,-0.22111588692537334,-0.4970912940307371,3.108003506929101,-0.8452981357305641
5601,token,2023-02-28,-0.6696679465990308,0.35276008891704375,0.31865656690865113,-7.353277765898411,0.7249876493373951,-2.202958602807046,-0.08521844606907923,-0.5364450507810515,3.572372545181296,-1.0185525132887339
5631,token,2024-08-31,-0.15649446772615871,0.4104623443767146,0.20386591866282017,-17.01432515074379,2.78978846381257,1.1244346627551247,0.5180941638491889,-0.5057868904005305,0.0707659295737315,1.2946508767627585
5631,token,2024-09-30,-0.09603184020176536,0.4082618491772535,0.20335045049526068,-17.034096991012966,2.7208759275804435,0.9545220687306902,0.5036685554642785,-0.39929147245337704,0.08575534469283903,1.4267003585129732
5631,token,2024-10-31,-0.165122905514409,0.41103428560029787,0.19374470062529692,-16.95503267469372,2.727205125148022,0.7944477668327532,0.5057133062506417,-0.43822973581797403,0.16225762269824587,1.381266847800244
5692,token,2021-07-31,,0.6137203461521439,,-19.76133629623744,,,-0.3981133708406329,,-0.7053227446308323,
5692,token,2021-08-31,,0.5722430730864174,0.5365021430901308,-19.97219679236189,,,0.4972238675284974,0.3174330597281221,-0.5910381360622179,
5692,token,2021-09-30,-0.1991658749128955,0.5547121056425404,0.5161356707364235,-20.26519880070769,,-0.38775335713794257,-0.19516232888938254,-0.4045358632415323,-0.7563689679119887,
5692,token,2021-10-31,-0.17188197640718317,0.5321866306873482,0.5002685622545472,-20.507589960966232,,-0.6025232249913981,-0.2663473910033698,-0.37418308037010345,-0.5392097261601293,
5692,token,2021-11-30,-0.3210620924227724,0.5172365275503151,0.48351038527994156,-20.4611748922955,,-0.5863481648157263,-0.2666527931823649,-0.444809936145579,-0.48872663469238864,
5692,token,2021-12-31,-0.4871845059534753,0.508345815489259,0.4672636121604176,-20.374355665842337,,-0.792925201477263,-0.25959104681078554,-0.46364566842788024,-0.4315803666170378,
5692,token,2022-01-31,-0.663807286083043,0.35552138305311626,0.45285640172890607,-20.26933899214332,,-1.2576206671851493,-0.3595345923373772,-0.5207378366534814,-0.42709123976993435,
5692,token,2022-02-28,-0.5984368413746793,0.3505977254944406,0.4394443641697777,-20.295086282437172,1.4366544712633245,-1.2045173425505713,-0.30269775219707196,-0.6115425940371868,-0.37924543827270357,-0.03189505305858467
5692,token,2022-03-31,-0.45337210344043555,0.3596571205869415,0.4291754591825219,-20.246136649408935,1.3822504342002566,-1.144959603737915,-0.2861871334600515,-0.47250809563867185,-0.7151199721648882,-0.431280342233445
5692,token,2022-04-30,-0.581333509259977,0.23156987183994174,0.4177590297792387,-20.17624198216862,1.4561621617545142,-0.6338366839370311,-0.6814358920782426,-0.345139592710712,-0.812504940023911,-0.38938040898783394
5692,token,2022-05-31,-0.7034559705217815,0.22910109141293683,0.4074170184886543,-20.10447404526986,1.5077603946771387,-0.7121212189521852,-0.69761508719561,-0.3304030179445203,-0.7621427726934957,-0.38445683270884756
5692,token,2022-06-30,-0.7315120460956701,0.23052118188064724,0.3998307418469975,-20.061683345837817,1.5795303418890538,-0.1411902273741577,-0.6802521052099894,-0.25391287642026106,-0.7388185249559128,-0.3930252089652832
5692,token,2022-07-31,-0.6153205577212959,0.23158129782510717,0.39066267236433144,-20.060885284123124,1.5211481045180704,-0.3071779737428301,-0.7542399124226917,-0.3353380083005373,-0.6479263594544824,-0.4164179194394815
5692,token,2022-08-31,-0.6085606483918463,0.22210133657207395,0.38208795409439283,-19.90356479216359,1.5859456713401536,-0.3171883394776444,-0.6152980351772711,-0.25495188499473026,-0.7797080589377096,-0.2183629308088776
5692,token,2022-09-30,-0.372251389347529,0.25305136285416174,0.3827012931489095,-19.65479853512645,1.4910446399118866,1.205264559109128,-0.49868852172888745,-0.1467134452553426,-0.7485340442202144,-0.2577136679978836
5692,token,2022-10-31,-0.38755883991217244,0.24707354515613833,0.3778611492818761,-19.524148276167374,1.5505085544372663,0.3441886156414953,-0.5074131721863954,-0.12209479274369722,-0.7426093867690994,-0.2315441145560701
5692,token,2022-11-30,-0.47731308631083647,0.24842315860936817,0.37053957761743017,-19.2985832809558,1.6091442018775926,0.17395410533153444,-0.492462529247008,-0.12914919931450566,-0.7407001089420913,-0.2332689536848874
5692,token,2022-12-31,-0.5187137177632275,0.24447668754840388,0.363762682573954,-19.265976919801098,1.6653994827153122,0.12714339234652738,-0.47885289393626784,-0.10207712290829467,-0.8367800552827757,-0.201715105816248
5692,token,2023-01-31,-0.05622476824006184,0.316497370048554,0.3613860997891876,-18.751347452417065,1.4555171916413392,0.3456956737571404,-0.2036206774464208,-0.15605718255143208,-0.7224665183075484,-0.29586333316249674
5692,token,2023-02-28,-0.015480737917198284,0.31660236812415443,0.3551851028053504,-18.723956669130384,1.4931236003642092,-0.13516135429008996,-0.3512862749752385,-0.3055420371586128,-0.7051613789693696,-0.306960493882666
5692,token,2023-03-31,-0.09335809473272794,0.3062354518557305,0.3519245350349619,-18.675670498003036,1.538289275101122,-0.4716827951314446,-0.3341841073730626,-0.36930224150673696,-0.7456883354652073,-0.32394690497404244
5692,token,2023-04-30,-0.11414047912109115,0.29680757200537566,0.34619637337644515,-18.69269765231462,1.5686418620342117,-0.24014469079126174,-0.35411069992685446,-0.3234889264265504,-0.7700674031033732,-0.31467929700714836
5692,token,2023-05-31,-0.20125790157176904,0.2780740106445542,0.3407792363805847,-18.610171664806813,1.613903273688723,-0.17129754707440367,-0.37192486288653814,-0.33184613447970884,-0.7936253798949329,-0.31869635867842194
5692,token,2023-06-30,0.21803542607409088,0.31097483126170605,0.3483957519878056,-18.607644759897553,1.4596452474509176,2.1529711865646393,-0.11078882761451826,-0.2335747110251178,-0.8183647725188774,-0.4555057409838175
5692,token,2023-07-31,0.42642449512596814,0.3094486269211519,0.3287894725233931,-18.612653293163504,1.4149325072873118,3.0525972655596307,0.13291164374635678,-0.3587850449176329,-0.8085107226576896,-0.5156111729627771
5692,token,2023-08-31,-0.09500227549174822,0.3270773685449608,0.3056388835389439,-18.546008401378966,1.6163056799796198,1.4050995201047367,0.2546912791337234,-0.3176211003454052,-0.7788765461374189,-0.25759619242812937
5692,token,2023-09-30,0.01200284368816984,0.31747757297993073,0.3022849849922606,-18.601276631920015,1.6228031072044355,1.4066447324809723,0.1844870704303988,-0.29731239933895265,-0.7937514799907732,-0.17536497241826737
5692,token,2023-10-31,-0.04024442490789204,0.31202653365000116,0.2928352755589652,-18.648736763627987,1.6272134777710563,0.7633204274472182,0.20497151810939576,-0.31514054523604873,-0.8602359283475212,-0.24924205076316083
5692,token,2023-11-30,0.06343191090450562,0.30105752042309347,0.28851752662088925,-18.755096289509627,1.6254920586980781,0.02485994629687495,-0.030991927390302387,-0.36407357523173906,-0.8988409223817004,-0.2282924666933647
5692,token,2023-12-31,0.18382374140013735,0.2909369258337991,0.2844861977987623,-18.769552795663692,1.6152802307204321,-0.2789912650976344,-0.11857249435012254,-0.38156060460019564,-0.8626640320368751,-0.189007302778862
5692,token,2024-01-31,0.09786130766459089,0.22710026936935654,0.22405444021377574,-19.383448407174622,1.0543342597417986,-0.23825281880279153,-0.18238336378623646,-0.6392457333001962,-1.078557882570555,-0.5344356603239151
5692,token,2024-02-29,0.6621501986179015,0.2894375687455761,0.22514215725143336,-19.34866165082703,1.0181237716076261,0.31403398937583976,0.09229520372668132,-0.5408969426366661,-1.0409775103034666,-0.43945874054221407
5692,token,2024-03-31,0.3498223712266808,0.2898240879239949,0.22270579401046084,-19.379596776004284,1.0410767776688878,-0.5930244075027362,0.034893355931882045,-0.4789440520786049,-1.0044783083442053,-0.31410978561255093
5692,token,2024-04-30,-0.08941378594072746,0.31248464067723813,0.18656034909862704,-19.234223076877807,0.9147226700439428,-0.45787579542823836,0.03978123078382192,-0.7097034983439685,-0.9876742067950914,-0.4045447008698338
5692,token,2024-05-31,0.02344242736326918,0.30614411246551815,0.18629452471635766,-19.386813085923627,0.8959370609027697,-0.3814018254430975,0.033380099915345254,-0.727067917366868,-1.0249518781014262,-0.4369037378565064
5692,token,2024-06-30,-0.1540203718093679,0.2734618969032691,0.1862127308570805,-19.31477701721292,0.8958265201670249,0.040118892303733604,-0.2589205063740317,-0.7205618605491607,-1.0369525504145622,-0.45729501920019877
5692,token,2024-07-31,-0.11003035556294294,0.2691430754311319,0.1859631765582287,-19.305360228358154,0.9504930999867792,0.806355213971797,-0.33278962728221845,-0.6742043609363828,-1.055030952974263,-0.4085172570487486
5692,token,2024-08-31,-0.23649471394540889,0.2456605777430348,0.1828922713743837,-19.41069634550403,1.0195729846471624,0.6559230710767645,-0.48075963927460535,-0.6713575632225173,-1.143974953963856,-0.3874917222205987
5692,token,2024-09-30,-0.21471876607761808,0.24335879563038,0.18130454697962015,-19.451480973388225,0.9843069123769862,0.30301076200121874,-0.48227376312760256,-0.593819659236153,-1.0873620181913632,-0.3059939324195406
5692,token,2024-10-31,-0.2502903945612629,0.2445021619494067,0.1766810318907751,-19.408504072493887,1.0376302837419944,0.32265358958752566,-0.4761857576990284,-0.5881596786852087,-1.0702164797382347,-0.2780460959287151
5692,token,2024-11-30,0.2172521844862212,0.3092782678055834,0.17627188117274123,-19.140797287749482,0.9715261666350813,0.5760163930874511,-0.40025421883273826,-0.5725492713182152,-1.0863414777286373,-0.3724831599536697
5692,token,2024-12-31,0.27584039314133224,0.3087893229696763,0.17718904018015177,-19.18587597854129,0.9496907917657615,1.0038319824388109,-0.31192287620487724,-0.560989234959031,-1.1005190042419133,-0.4194801249933245
5692,token,2025-01-31,0.2360060330154954,0.3086785824845004,0.17778908001287597,-19.18812519571497,1.0127335418153343,0.972092883900427,-0.2919924053454937,-0.5950799464484099,-0.9918414084791657,-0.3998897106882373
5692,token,2025-02-28,-0.09343966310072582,0.254728930225699,0.17713133635514455,-19.19283547716611,1.0190376086037938,1.2402241576250408,-0.5876662502692036,-0.5894016126581005,-0.916871650506382,-0.39356938520929485
5692,token,2025-03-31,-0.26978638471989635,0.2599125957658571,0.1769286353500964,-19.130529265472145,1.1284029102057183,0.5685460614422327,-0.5349904548428955,-0.5196955090131359,-0.9501175297380746,-0.3438576794418853
5692,token,2025-04-30,-0.23878957517225285,0.24242900530189992,0.17735350981577722,-19.295612729063308,1.1192733146667053,0.3060433733841151,-0.6511326482302534,-0.5456198176835064,-0.8827736635786393,-0.327990784753405
5692,token,2025-05-31,-0.2216319779651973,0.2399175663196936,0.177859682418761,-19.374926210939048,1.1940149739358443,0.4122422653342854,-0.599581048144789,-0.5443127593699513,-0.9422830330097495,-0.32346826171888016
5692,token,2025-06-30,-0.14701495555833166,0.23653671662931755,0.175418803253084,-19.470637128254705,1.166926290173907,0.7846937059520078,-0.5774001305778795,-0.5523498421094105,-0.9399204780128254,-0.3678299327544863
5692,token,2025-07-31,-0.13196772566241743,0.2360054167989513,0.1763784367244531,-19.491474009027073,1.2496547034943497,0.2469592413165832,-0.6428906598377032,-0.5436853438476613,-0.9258928479581553,-0.291192076348575
5692,token,2025-08-31,-0.18062165574162248,0.2322885812798793,0.176378227988327,-19.566756637351187,1.2500427188869863,-0.06750369362962352,-0.6622742165155804,-0.5596778793947944,-0.8637664956335803,-0.2599272009290494
5692,token,2025-09-30,-0.1487417267408756,0.23252007579709216,0.1621421199077408,-19.56555205328711,1.3883453605388703,0.046565338021051075,-0.6366876693549963,-0.7078315055027545,-0.7586990238133519,-0.09532984557928409
5692,token,2025-10-31,-0.2228664676681773,0.23675209956371546,0.15690626420296047,-19.482400996838074,1.3910334501033867,0.2905573149601206,-0.6347581933747781,-0.7381211788622707,-0.7513644140695551,-0.020994769414036378
5692,token,2025-11-30,-0.15444560865299695,0.10921468015870574,0.16364051843150054,-19.96984102084099,1.3968992803424187,1.0615387815119084,-1.1995753207565676,-0.6561990525640574,-0.8880648247252579,-0.09845705106959775
5692,token,2025-12-31,-0.3630992564224329,0.1268706819017854,0.16727594714422414,-19.609722776040186,1.344212359712333,0.40011973319570276,-1.0338231812632754,-0.5933602589381507,-0.8032371869064785,-0.19146512940909
5692,token,2026-01-31,-0.46576130536761096,0.1314360399306359,0.16218588997606384,-19.495064015248094,1.443466519926216,0.17660812884075097,-0.97531875906954,-0.5637898087467237,-0.965973159037093,-0.06083464312664814
5692,token,2026-02-28,-0.4770050856082855,0.11878259908089157,0.16354327202161673,-19.54880158820316,1.447131635327726,0.20979480166469608,-1.1239316296114112,-0.5785139264405371,-0.8973343001563209,-0.13175904765202548
5692,token,2026-03-31,-0.4557304948077038,0.10974865831445833,0.1581097319157784,-19.73496918522313,1.4312481814870273,0.16725982536114065,-1.11647033821532,-0.5514856411447167,-0.9736220990708702,-0.14570101324811754
5692,token,2026-04-30,-0.22225993380293674,0.15787866618370186,0.16387137623794354,-19.549813730656027,1.2654485411203023,0.7745536506134366,-0.5578587658142197,-0.6250940733347654,-0.8285225725011213,-0.3901680633876008
5692,token,2026-05-31,-0.3321144547583159,0.16597937342990526,0.16601413739505183,-19.38132040240313,1.249939207734262,0.17060437930362932,-0.44677145003876845,-0.5901711229608414,-0.6902008175704923,-0.3835550385046312
5728,token,2021-09-30,-0.37286629027776086,0.46498278038465757,,-18.936458784489048,,-0.5662298833928197,-0.4728733809700769,,0.004291070079193425,
5728,token,2021-10-31,-0.24459419189427367,0.44136001788320484,0.2744297339731224,-19.037678551813492,,-0.7468797239714748,-0.5536670594833315,-1.1028795800811177,0.2580225510092546,
5728,token,2021-11-30,-0.34149570933377305,0.4273473480633002,0.2627374199977685,-19.087985664465528,,-0.613756451023186,-0.5705863821424506,-1.2449505381143844,0.2754402532572253,
5728,token,2021-12-31,-0.42331259661929665,0.41567384889929715,0.26196666915955885,-19.094130394747005,,-0.6565821795481515,-0.5842704197737503,-1.2372564187965858,0.28758426921570013,
5728,token,2022-01-31,-0.5306463224029772,0.3312929168541795,0.2562935516272962,-18.911154503077487,,-0.7531178202149065,-0.4345107006832777,-1.3173422183632264,0.37647981019623367,
5728,token,2022-02-28,-0.3798181968327935,0.31905297431529434,0.2478893163958149,-18.901452983953856,,-0.13168972894910985,-0.40300094366987865,-1.453362917902223,0.470247695160596,
5728,token,2022-03-31,-0.2037473419235989,0.25017629071394876,0.24295851838026564,-18.97189918946555,,-0.07301848449998379,-0.678706529524745,-1.3200344013736576,-0.1304740771599322,
5728,token,2022-04-30,-0.34567304042880853,0.24822451943192764,0.238815847069024,-18.920843194427597,0.8575450458842802,0.7049358758286103,-0.6192614415255404,-1.1900304051072905,-0.18817207958976703,-1.0340563408432775
5728,token,2022-05-31,-0.5646955016621498,0.23287335999116374,0.23222997138137566,-18.889441235998547,0.9258625953388109,0.4097597757123789,-0.6826009185489549,-1.198995780426013,-0.11365028413878708,-0.9892255597383086
5728,token,2022-06-30,-0.6935223941890916,0.24337762863404622,0.22996282950288435,-18.790412759315245,0.9912068592905233,0.2641495297637164,-0.6281222689087084,-1.0989448186581017,-0.15455493377339946,-1.0007510278309861
5728,token,2022-07-31,-0.5414278094646363,0.2763187079536391,0.22459583689492754,-18.69462744211362,0.8334635733481239,0.20924724319015003,-0.5313414541136927,-1.2103105285966809,-0.22786617646194812,-1.1528088557122973
5728,token,2022-08-31,-0.39150414923951893,0.26400442537596763,0.23295789736237085,-18.67273630134949,0.7731755669214464,0.9100979470412226,-0.3831483646806325,-1.0198015046228972,-0.44234081779652257,-0.9864523205137353
5728,token,2022-09-30,-0.4716841283627158,0.26129837890043217,0.22940083800431219,-18.44000286203699,0.8450569598028302,0.5798734131931532,-0.4387051180746716,-0.9765726615860574,-0.4078009926809379,-0.8633892174736006
5728,token,2022-10-31,-0.24322076150350758,0.2652901537155873,0.2287289476337815,-18.256838467627226,0.738837583432983,1.0355406683678778,-0.3787598905917803,-0.9713172098753485,-0.3410149539451136,-0.9706928880763931
5728,token,2022-11-30,-0.2687226042379398,0.26443832684084984,0.22646110385158433,-18.19484503556315,0.7794563411508454,1.124694133506988,-0.3258882940985059,-0.9820668000223367,-0.3889850417401536,-0.9981438507438086
5728,token,2022-12-31,-0.3249932779594228,0.2642030274579907,0.22186624299967794,-18.006236354043395,0.8335312871249413,0.9880300347580203,-0.2921539935271532,-0.9313131123039968,-0.4107143184103647,-0.9601126922828433
5728,token,2023-01-31,-0.01223502573118751,0.270722355162052,0.21971593360202907,-17.891055268695805,0.7338359692315568,0.46197144999957135,-0.532755634090483,-1.0004694432563157,-0.4323228410806293,-0.9535794090457173
5728,token,2023-02-28,0.1296332275887795,0.2703029563566827,0.2161683628011085,-17.88760469265849,0.722242820387755,0.32352425529140844,-0.6919820848457008,-1.1842902109622888,-0.39053425931056646,-1.0210952902185046
5728,token,2023-03-31,0.12260347663261983,0.26250789213593617,0.2141590403192085,-17.901855064343625,0.7356568114000246,0.43902052907032285,-0.5922752561253797,-1.2173181690204051,-0.41585373554066213,-1.0497224850864477
5728,token,2023-04-30,-0.050762220734291486,0.2579918650609688,0.211189856426884,-17.76006028610794,0.779652817843534,0.07422442866336755,-0.584504535471529,-1.1349985418853246,-0.4131777372041685,-1.031522403587788
5728,token,2023-05-31,-0.1675502826215337,0.235260370556372,0.2076377930533802,-17.66377913631872,0.8224978666635077,-0.05600344983476023,-0.6031753403379843,-1.1484198484595212,-0.4247881612347368,-1.044047220687648
5728,token,2023-06-30,-0.19921282986946387,0.2032942394441142,0.2047843065668863,-17.67262948841943,0.8503213106073815,0.08700507975292414,-0.6872607972072878,-1.1521733006592234,-0.430449385717935,-1.0139558372539235
5728,token,2023-07-31,-0.26255178998554884,0.17543926687056385,0.2015862661762607,-17.635959491737673,0.8823238259921354,-0.2269620825689278,-0.682760746316469,-1.1698456393144472,-0.39580923110841704,-0.9929796574848265
5728,token,2023-08-31,-0.3846822939723571,0.17540801932803438,0.1985116723631821,-17.498726440172177,0.9294727250669945,-0.4773666755854331,-0.6718175027997034,-1.0333884994679519,-0.3540408968574706,-0.870551103596391
5728,token,2023-09-30,-0.3740622202242099,0.16327122769358204,0.18872620860049952,-17.585194066718923,1.0591600619923318,-0.7098747534464985,-0.7632925246653736,-1.075117579491636,-0.3778306098165078,-0.6686808317706406
5728,token,2023-10-31,-0.33850273873970216,0.13310186258148146,0.16945281918942084,-17.688468550349416,1.0520425520718593,-0.8034996220785425,-0.9561841925942814,-1.1498227307023547,-0.43479137009530244,-0.7424134380334609
5728,token,2023-11-30,-0.24171651852133413,0.1369311531810822,0.16701050877934145,-17.702530755221456,1.0393193983996942,-0.8841742453728904,-1.0416845457158481,-1.2108557302385496,-0.4233098115168525,-0.7240331442278765
5728,token,2023-12-31,-0.06487249642441861,0.14112249643615388,0.16460268927336086,-17.78791783276471,0.9971009136345823,-0.7729221220595596,-1.076966439723907,-1.2402326631699379,-0.39461698626870345,-0.7145652371711503
5728,token,2024-01-31,-0.14298210947625856,0.10999981481048438,0.12218686360986902,-17.872351843825886,0.4383067201648797,-0.7785297380668035,-0.9514579643249215,-1.3629752097193883,-0.37404493266277034,-1.073856893817809
5728,token,2024-02-29,0.21354331660758463,0.1636789600916172,0.12140358392067442,-17.750864309295295,0.4541991671820537,-0.6263318396541593,-0.7363753122523471,-1.2953824738360606,-0.30131151777667675,-0.9559392193652213
5728,token,2024-03-31,0.2739432582962382,0.16485133302285887,0.10828162931337187,-17.728643204169828,0.07245933928515798,-0.7339174651821813,-0.7745172177473196,-1.326010928781383,-0.22356096358839528,-1.1818822613964266
5728,token,2024-04-30,-0.1209317508410922,0.18669172826992306,0.10902905994254622,-17.73552170035715,0.16190106387865164,-0.5575537280435565,-0.7834078052953393,-1.3075302332196943,-0.2682217132505721,-1.0883672053596931
5728,token,2024-05-31,0.02138673631891219,0.19005655267871774,0.10630684785756195,-17.820276338349654,0.21756618090490568,-0.3893917715803222,-0.7377175726775694,-1.3501656787767486,-0.2983774715373851,-1.0509719840427578
5728,token,2024-06-30,-0.22590323344369823,0.20235120173238122,0.10674133524398746,-17.739320522672564,0.2226824207497026,-0.2961386991447563,-0.734389442817284,-1.343713323066129,-0.29080411736584755,-1.0679196218634854
5728,token,2024-07-31,-0.37397406921993337,0.20897676211379887,0.10891295756545684,-17.677033218800428,0.2748614765602116,-0.5996170867782805,-0.6959977715694793,-1.2667871239969444,-0.28036096775875935,-1.0800210477949823
5728,token,2024-08-31,-0.4944482980511402,0.20995147278416396,0.10898087432619726,-17.620429007023656,0.3831707237753617,-0.8547503328187499,-0.6971904216799776,-1.2548306983518687,-0.23647325586749024,-0.9922312952846002
5728,token,2024-09-30,-0.377383394677852,0.21861635026658618,0.10928903230530766,-17.632567497651852,0.2730857720555321,-0.5899085208594398,-0.6302068876205196,-1.2292686658910015,-0.20467271623207067,-1.0156281586648566
5728,token,2024-10-31,-0.4321702981668386,0.22183691580582152,0.112219547492314,-17.572608434775034,0.3801611776565935,-0.6848890823800204,-0.6098235417173796,-1.1545505775805658,-0.14797470007315702,-0.9237393029378532
5728,token,2024-11-30,-0.08472190214550579,0.281984699316164,0.11386930185533968,-17.447997787931335,0.5931295960778467,-0.9557884117604527,-0.5972589903358145,-1.1685453979932854,0.05564447718812927,-0.8068654148558292
5728,token,2024-12-31,-0.15264266256990033,0.2814828923908504,0.11331776759031884,-17.4586962301879,0.5899970980321483,-0.5250932348425096,-0.5323716177159034,-1.1885322131316445,0.03888338420761225,-0.8397696772492007
5728,token,2025-01-31,-0.06870791545409172,0.2779733606868229,0.11345447079386263,-17.52773212174245,0.5678869808766571,-0.056977698163113565,-0.5356243708610708,-1.2392019268848506,-0.011851936754270051,-0.930974007817626
5728,token,2025-02-28,-0.31094470809717933,0.26348324220758906,0.11331574432735048,-17.55822324104178,0.6195279544414316,-0.13589879411284045,-0.5169848076611568,-1.2392079043757602,-0.11968806512326541,-0.8673373145889306
5728,token,2025-03-31,-0.40637962547164974,0.26576228434696963,0.11202938250985492,-17.48961459031624,0.7407123369647967,-0.2737682876652787,-0.46277370059387296,-1.1846639910674828,0.08249282727219157,-0.7993577855354904
5728,token,2025-04-30,-0.5354988403895793,0.26241841221425743,0.1255095520227882,-17.449474500966545,0.7261664109970576,-1.2717247481533733,-0.40200150378091737,-1.0902385632729406,-0.015308503328543189,-0.788335174369513
5728,token,2025-05-31,-0.44097138050350126,0.26034735825351296,0.12568100940665328,-17.461939764077506,0.7041058708673843,-0.6594294100981768,-0.3585981340120442,-1.0903500871938612,0.10749912758838429,-0.8733260721537011
5728,token,2025-06-30,-0.45500268548579903,0.2546402078499619,0.12503390844397982,-17.512329057500892,0.7994419662539065,-0.5871228911326138,-0.3742039117426839,-1.0844582325300518,0.13574918803094066,-0.783600237062941
5728,token,2025-07-31,-0.24720459266311878,0.2712424174992717,0.12843728990568035,-17.57704799035704,0.7898691447774056,-0.1905591531519994,-0.284326852770044,-1.07741465061629,0.11734462625608152,-0.8204980790413058
5728,token,2025-08-31,-0.23206686915194208,0.2634080538076935,0.1139556251953568,-17.81517800174986,0.8664424300582338,-0.2588712954019483,-0.34974812323814936,-1.252498381650334,0.05668829663433947,-0.6976472150471572
5728,token,2025-09-30,-0.23759492981052355,0.2585370305910087,0.11299729609116092,-17.779503344750893,0.8798633030032946,-0.39984044768012805,-0.3792737672227751,-1.261369230457633,0.04475446587257953,-0.6839364526062652
5728,token,2025-10-31,-0.2509278255230448,0.2573207638452908,0.10396649917469111,-17.7398811445618,1.030381757927006,0.14728625248119298,-0.4381863724617822,-1.3955232632612065,0.0038350873796011,-0.4827030400895403
5728,token,2025-11-30,-0.3904722306736532,0.18508629437260005,0.099116219853775,-17.439724575631562,0.9900333211364045,-0.251120465605661,-0.3591313174963833,-1.3734826349898548,0.14036191348411997,-0.605938533348312
5728,token,2025-12-31,-0.41318488026160816,0.18478846885984251,0.09890702004299477,-17.367015928624085,0.9872329938982997,0.0737863912869662,-0.3777679706889672,-1.3608295398282926,0.13795623799398773,-0.6433727734105866
5728,token,2026-01-31,-0.5535753194885753,0.1916002206943274,0.09904642033522665,-17.048290333529337,1.099209906836402,-0.40359895342039226,-0.30283707319901965,-1.288779975974258,0.5818316141210743,-0.4872968996184428
5794,token,2023-02-28,0.032586691925058586,0.3276173856329583,0.39258306066923154,-16.061031375243093,2.1347511006008792,0.016773287433302725,-0.27023189074792503,-0.06914326118480106,0.29660407224252683,0.28743559965981824
5794,token,2023-03-31,-0.024449200436264862,0.3264673079182391,0.3897039580774686,-16.004183003400172,2.185227781131577,-0.18109610090568382,-0.21477056117874643,-0.1367508864782192,0.3930186102191971,0.26104334990077344
5794,token,2023-10-31,-0.15725076423621775,0.30152268684561206,0.3791490586025029,-15.396904921857189,2.145301722422248,0.14865900853832195,0.13680539194895003,0.2687721047995691,0.5804804697400351,0.19498467720028925
5794,token,2023-11-30,0.5598614334074625,0.39389724476082766,0.39427148726476385,-15.187967946952313,1.904938201824201,1.5037186464992156,0.5407164802975774,0.3729255568785124,0.7127266694461327,0.008042029455315881
5794,token,2023-12-31,0.2864215971311108,0.3939397486719801,0.3968754083254619,-15.195658199494614,1.9493443454146913,-0.07522361968835596,0.540357904820579,0.42343314267190185,0.841381637530323,0.0950042149486406
5794,token,2024-01-31,0.00992968486480561,0.4004835494285399,0.3053764936880156,-15.12355225737796,1.4876910219068642,-0.4355072293078957,0.9563370395966937,-0.0614842006871977,0.9075177102050753,-0.15496911999595364
5794,token,2024-02-29,0.2765550885917254,0.39776570422813506,0.30245124443368154,-15.078520316598645,1.443477866886653,-0.49424711341236904,0.8061098116187537,0.02136823835116749,0.9357927884778681,-0.04989055168331934
5810,token,2022-07-31,-0.7423846295622747,0.343520484401604,0.6170358781079778,-6.714271802519828,2.057499739385678,-1.1952095115189518,-0.19651714660814532,0.857376562294915,3.4555310766375187,0.15792171547955094
5810,token,2022-08-31,-0.5329384763473974,0.333981015663855,0.6183893735928155,-6.6948308346823415,1.9743868315189175,0.11039643715597147,0.004532898002366485,0.9569771840442151,2.840775353219848,0.14872430829588595
5810,token,2022-09-30,-0.5960762513856366,0.3306754630496787,0.6068403886552971,-6.683498267264669,2.0411909719068757,-0.2025020210020526,0.06589844029462617,1.066615595226383,2.8897327199842593,0.2581014043063783
5829,token,2023-11-30,-0.3594455565352822,0.3502675638619013,0.5028247722352462,-15.334245368265112,3.4980825403590567,-1.2348879000636066,0.2720442543448623,1.1294331744075987,0.6466410316541233,1.3554034935562003
5829,token,2023-12-31,0.3039994345920263,0.4218147649541994,0.5039799664154342,-15.233781069303289,3.256690133101866,-0.040312611799558175,0.7186801594891572,1.1905752834763021,0.8232045174556065,1.2064712807707592
5829,token,2024-01-31,0.7694971211569168,0.4243131976703666,0.5066720005335191,-15.278684006936526,3.2641487431672065,1.2684079506248407,1.1128417882041937,1.3686420144606857,0.8351912095983516,1.4005766205566978
5829,token,2024-02-29,0.6553301109353686,0.33110092711440103,0.30373976297428934,-15.296925274929015,0.8396731470240371,0.29973778112575145,0.36683065737434295,0.030739570193866833,0.8346868997164452,-0.6028959506016681
5829,token,2024-03-31,0.42891592866677763,0.32722816824942047,0.3063278808819382,-15.29926745208889,0.9119552664338644,-0.4461627387231424,0.27714822290745555,0.14009913811732716,0.9255577603386421,-0.4297881628967131
5829,token,2024-04-30,-0.09902429973321303,0.3422611342307054,0.30492396522524273,-15.199812711151848,0.9118739807258573,-0.4882697675401521,0.23463865603149983,0.20297233778984433,0.9490469059471379,-0.4071322964543035
5829,token,2024-05-31,0.19575484034494006,0.35207236930182473,0.3018524810965043,-15.288416906565388,0.9898914307595278,0.2883325212030524,0.33845302950200423,0.1731195460180274,0.875922631541018,-0.351855283064851
5829,token,2024-07-31,-0.35244897214456195,0.3589493639228862,0.30502090220282446,-15.280144197714783,0.9911377703601771,-0.4849574502988981,0.2093472195672556,0.24145242691517846,0.8599492841923825,-0.36812090897530136
5829,token,2024-08-31,-0.4098333784471413,0.35864662787122376,0.303679287081698,-15.30495191743498,1.1299663686759085,-0.35921347466009546,0.20404215730645886,0.2821622125127206,0.9372617196521958,-0.28259069965794864
5829,token,2025-02-28,,,0.2937199797919628,-15.465840241973284,1.2828779464596602,,,0.5977696042926877,0.9007456159232968,-0.08068810874833279
5864,token,2021-08-31,,0.2948465728449702,,-20.96189044051579,,,-1.2284970318615627,,-1.0541513668182136,
5864,token,2021-09-30,-0.1669761601939922,0.2867040879642709,0.9106449077125722,-20.930641791338985,,-0.35467854581928515,-1.0246435307326442,0.8225563768643146,-1.1373132341763954,
5864,token,2021-10-31,-0.05762086191420446,0.21505591091054665,0.8731562136848624,-21.186445500710917,,-0.3756791610707141,-1.269554385715008,0.8289843663017786,-0.9073989547420467,
5864,token,2021-11-30,-0.17937428087162255,0.21213121769712676,0.8419449406815971,-21.17041639001667,,-0.396297616838003,-1.2982758691039142,0.8542532918132482,-0.8834128564702783,
5864,token,2021-12-31,-0.09316818973656305,0.2031894972957805,0.8116152024397845,-21.217289171821044,,0.048154637882466815,-1.3287165406629646,0.8339581256313604,-0.9050970058720427,
5864,token,2022-01-31,-0.2952699623113576,0.19964804562222435,0.7862974734159957,-21.0469048283145,,0.138645354922671,-0.8418918385409571,0.8305888184627863,-0.887138752033644,
5864,token,2022-02-28,-0.33673868693306674,0.20325832964296262,0.7646884014305034,-20.936302057747223,,0.07971441683036665,-0.7711944459782026,0.8177960945735131,-0.7701003344407283,
5864,token,2022-03-31,-0.25734661983964335,0.19532778174393883,0.7423694446771425,-20.987230627812462,3.5429896091126594,-0.30318503372588823,-0.8753537749003313,0.9529268855242032,-1.0551488646648495,1.8038564653377116
5864,token,2022-04-30,-0.41169057333638404,0.16561894803113766,0.7229491574868722,-20.88913320923666,3.627541764676,0.32989435122141714,-0.9276411887444196,1.0958336314656512,-1.1670388326164645,1.949069548110892
5864,token,2022-05-31,-0.6873640793675568,0.20848666696289161,0.7092731175024053,-20.28697109284493,3.6089175590444778,-0.5820179769950116,-0.7796634458499108,1.1662260265172235,-0.8595458745955916,1.799284272736453
5864,token,2022-06-30,-0.7599994982128159,0.21265894520391512,0.6914616568353544,-20.065469933617685,3.6774812658566205,-0.4451439711735608,-0.7526792300441979,1.1968463347130605,-0.7405588038532991,1.7741140960593438
5864,token,2022-07-31,-0.4720172589234026,0.39208547759919243,0.692489729094153,-19.92936532245523,3.239631537482502,0.6943470596997305,0.04545175772558246,1.2549276204385313,-0.6074901420241545,1.4237799719062314
5864,token,2022-08-31,-0.5018634595818132,0.38925938647239317,0.6770459259924322,-19.819008891945405,3.3218306765050913,0.28610157419948695,0.3107837242565088,1.2578115213647152,-0.7565314823539563,1.4220946191997277
5864,token,2022-09-30,-0.49188903095510705,0.3853546890839878,0.6625736070074478,-19.746640991687727,3.4036084479697544,0.45279286295862453,0.46359938671140005,1.368315449030988,-0.7742945578425601,1.535498758525882
5864,token,2022-10-31,-0.3970161959932592,0.37994113221305187,0.649290957236963,-19.77502473475938,3.476761249131754,0.29888967157829666,0.4309531014613719,1.423542400604503,-0.8221089601316734,1.5225993347433313
5864,token,2022-11-30,-0.4209342552297606,0.3807369825140981,0.6362284670603825,-19.674394006782745,3.552822266818157,0.43092465795621715,0.8837374393039883,1.443679303066047,-0.8604552186714014,1.5585742565253717
5864,token,2022-12-31,-0.4929037413195707,0.3799047626874046,0.6250596368570049,-19.25655712279281,3.6189190976565433,0.24184199608603335,0.8028989580982033,1.424929749576122,-0.8335941193348364,1.5792696330402975
5864,token,2023-01-31,-0.1527025677540903,0.4033516561716687,0.6134010557989076,-18.978203582004188,3.5611492959227085,0.09068097285516975,0.42088554649173726,1.3460552555357532,-0.7989764214373909,1.6231391874480463
5864,token,2023-02-28,0.16987961824074338,0.4106822394343564,0.6035129610976762,-18.944491512592702,3.570175355717147,0.45073765039975666,0.34100368562977157,1.2641800838773198,-0.7881243473545894,1.6171955764415578
5864,token,2023-03-31,0.11954195155706215,0.4105715223167117,0.5945372738460031,-18.928547565071323,3.637547131134025,0.42611017170530496,0.28163384483220644,1.1241012203250607,-0.8534758034045866,1.5742943912255016
5864,token,2023-04-30,0.007859983658385916,0.4040130792025353,0.5849223826653555,-18.88299922287465,3.705123780265362,0.3650025479190659,0.2822164454228677,1.1114673732788103,-0.8428895592791436,1.6264406040799106
5864,token,2023-05-31,-0.15533456117228717,0.3767093405873449,0.5762947281339799,-18.782952775218575,3.7644377033993774,-0.014220594193098355,0.16083682464741478,1.112600876119554,-0.860963299714633,1.6523440063786772
5864,token,2023-06-30,-0.10988818941529799,0.35926066916450217,0.5673150906782519,-18.845392635123225,3.8226901214457594,0.5292877665052783,0.14771116397555945,1.1667245142578124,-0.917000657720488,1.710243144919316
5864,token,2023-07-31,-0.0818955040713204,0.19433502283358733,0.5586510516429776,-18.88350131484056,3.881089708211048,0.6329702896640244,-0.5677482843318359,1.1068357860617064,-0.9229574227044286,1.6947653510083973
5864,token,2023-08-31,-0.2172381318980272,0.194805524588959,0.23219285737527603,-18.849045969677583,1.3146975426227498,0.6107579952975604,-0.5533231658447663,-0.8083486246230969,-0.9018053913320887,-0.5267623524367495
5864,token,2023-09-30,-0.24056539794275744,0.1935321186996121,0.23050331525173504,-18.82841612209133,1.318130347248608,0.02199314157810057,-0.5773037122616115,-0.7889710481744877,-0.8867282297535203,-0.442022932053535
5864,token,2023-10-31,-0.18484871585799278,0.19573772658064514,0.19877527705722783,-18.805991978029653,1.5673698784211656,0.0036805723253988025,-0.5497003312958268,-0.9514563345670758,-0.9299074787527474,-0.30055401663618625
5864,token,2023-11-30,0.16919981027115982,0.23055475753015303,0.20602009141223876,-18.78271260157869,1.3971093579290204,0.33994148575058564,-0.46514899322226705,-0.9389980298802256,-0.9113174999708322,-0.4214413500936615
5864,token,2023-12-31,0.15995419637642794,0.213670235467447,0.2047120695936004,-19.0093800393628,1.423425280137425,-0.32639811343592445,-0.6128635217492945,-0.9529470757595617,-0.9770145158222023,-0.3521167578260888
5864,token,2024-01-31,0.04154349850706751,0.18559573583927577,0.2044873874144671,-19.213091949488582,1.5926283613771306,-0.36458889554733853,-0.4549705425929893,-0.7782620263114038,-0.9991332227233639,-0.06308129768285609
5864,token,2024-02-29,0.25918808734765286,0.18078408486902145,0.19885649624270638,-19.196306569233936,1.502127010743769,-0.5306516697790984,-0.6236632464391807,-0.7320712596948347,-0.9704479946297062,0.0038243202413380164
5864,token,2024-03-31,0.28992744703062834,0.18090311794268535,0.19835402438474098,-19.17601610806763,1.5544246004564997,-0.7042378717033013,-0.6705546824666494,-0.6592169646548143,-0.908182641790689,0.14579222881121792
5864,token,2024-04-30,-0.05792385855241189,0.19799829416569167,0.19466251214863908,-19.080809185319236,1.7228172656327496,-0.3582865335518329,-0.7094176185432751,-0.6472294993386319,-0.9140277762550569,0.3294848031916227
5864,token,2024-05-31,-0.01894189530798318,0.1870976799089576,0.18904912873688443,-19.320043218991312,1.6918800380186778,-0.546138864180349,-0.7573715296601333,-0.7056097669846426,-0.9939833888413836,0.28359197095600686
5864,token,2024-06-30,-0.11604491358081337,0.18973658047215491,0.18853537025083023,-19.238258522504864,1.72095493196336,0.21776257297751353,-0.8187348502109346,-0.7023495701527378,-1.000712796969439,0.29119807319332597
5864,token,2024-07-31,-0.22736323296662964,0.19361200623210695,0.1881851475193366,-19.03559567778084,1.741131475462862,0.18134780875178982,-0.7887507451775266,-0.6571154842428957,-0.9266915597315286,0.3772906415647143
5864,token,2024-08-31,-0.27826752143900346,0.1870347139378189,0.18779149095077466,-18.955590111457873,1.8390491695847753,0.4112857674107114,-0.8360875475816886,-0.6326820257535085,-0.9132777439249898,0.3912133652446989
5864,token,2024-09-30,-0.2266368358270916,0.18610422932916995,0.1867619461511914,-18.99456482102395,1.8185391003399627,0.2375885839569878,-0.8245942880349345,-0.5456647734705317,-0.8656279967745011,0.5263768727374529
5864,token,2024-10-31,-0.2821438384502243,0.18853150658680037,0.18669418824631487,-18.938986957869357,1.9314705416157378,0.14619811907633173,-0.8061973668970392,-0.5001790700796563,-0.8343597728109484,0.5997846299843667
5864,token,2024-11-30,0.20835420558232998,0.24873651184297046,0.18947008166637572,-18.867538276235994,1.6899045870511078,0.5308801796114971,-0.8372441567528451,-0.4464955655366399,-0.9019971692406171,0.4521829771464435
5864,token,2024-12-31,0.20951898208274322,0.248546337190683,0.1806253229884218,-18.87735707179134,1.736173612681723,0.7671820695388856,-0.7982731650684732,-0.5272273407629792,-0.8969923130750803,0.4994976564311989
5864,token,2025-01-31,0.11759715638420021,0.24751532329144504,0.18220417659632968,-18.90689886126234,1.7544257001273067,0.5722060647756418,-0.7772950406018159,-0.550875733666592,-0.8258573103427012,0.4855865257747732
5864,token,2025-02-28,-0.11502501505036244,0.24883114527901934,0.1796637559456379,-18.892168733890284,1.7425560284438262,1.1036567587413997,-0.6352843782369639,-0.563615090416719,-0.770239570363396,0.46443196735959996
5864,token,2025-03-31,-0.21267794870636947,0.2501155658564117,0.17960585382160024,-18.82897388156645,1.7776974059920558,0.9207103035712079,-0.6559387226917437,-0.4922642856135978,-0.7603518963704282,0.4190025295239931
5864,token,2025-04-30,-0.07159421548435085,0.24362466150521542,0.17986047848471254,-18.860994237538396,1.7080156300897156,1.1951140547170598,-0.6362309955896346,-0.519284210028718,-0.6785547195903606,0.3614507368901282
5864,token,2025-05-31,-0.1273448259719404,0.24411514343106097,0.17920662050210795,-18.848640127577124,2.043336250586663,0.8729204151743398,-0.5500678486040872,-0.5302173746213898,-0.6534750581331777,0.6297819118539641
5864,token,2025-06-30,-0.13891961132368413,0.24270740875920496,0.1777140492105859,-18.89937915762158,2.157924108109466,0.8207514007920527,-0.5081393845092218,-0.5281100449104069,-0.6261369218539431,0.7533810618722625
5864,token,2025-07-31,-0.1236041811834776,0.2395226092400387,0.12391454613087816,-19.070196015864017,1.7188658588722026,0.2787130076912805,-0.6071004993018654,-1.1277664060455543,-0.6963237837877945,0.24896469100388466
5864,token,2025-08-31,-0.12313932966817487,0.23800262819701898,0.12442697204829072,-19.26177653961591,1.7099098105523673,0.14632095896213454,-0.6048892862851115,-1.1362782392445026,-0.7034994160968386,0.2648196142280304
5864,token,2025-09-30,-0.05952224579482257,0.23799542488001127,0.12458301530324731,-19.27238395838474,1.678122502757053,0.49481133383906084,-0.5825141127595161,-1.1308746603975253,-0.6268174419796002,0.2401092086553603
5864,token,2025-10-31,-0.12868577789917113,0.23853423143526936,0.12442316933375826,-19.191501090291062,1.6961042449416943,0.7714095801281523,-0.6177266106573609,-1.141493847088864,-0.6252898306959834,0.36955853221725155
5864,token,2025-11-30,-0.18727105545402123,0.10173504543070813,0.1255346766866927,-19.222588959072354,1.7118066350734529,0.8789804501031769,-1.2824286278708774,-1.0798021800764237,-0.5843262351595351,0.29432501276104933
5864,token,2025-12-31,-0.32996766872952876,0.11101657063514196,0.12605375663587146,-18.88396415709499,1.7472096172264648,0.6159888969558444,-1.2134082940894715,-1.0560962743698306,-0.4986591538911246,0.3186975259785298
5864,token,2026-01-31,-0.3888656029392784,0.11180020397544692,0.12526410073072036,-18.8825053124778,2.0264079286650314,0.684675452615586,-1.194797191236465,-0.9877391119573488,-0.5784745967175001,0.6613083720560473
5864,token,2026-02-28,-0.3971602766678408,0.10092525352052287,0.11672407101555173,-18.928031428952007,2.2774344413785608,0.6372109570908793,-1.3676406392106513,-1.1214330053981127,-0.5329805033390743,0.8388958435425535
5864,token,2026-03-31,-0.39450047368584695,0.09728456400041648,0.11497317360400013,-18.987850242011742,2.285139183360314,0.4332674013687471,-1.2822859147338956,-1.0526786453417971,-0.5361583915249657,0.8467728592725888
5864,token,2026-04-30,-0.31609117188206126,0.07987737977642055,0.11489631889170389,-19.05565864346162,2.2149879022118286,0.3883633011778692,-1.4139607726794974,-1.1936191766351236,-0.5681618634566717,0.6072009746672082
5864,token,2026-05-31,-0.3553177037874431,0.08248860398214444,0.11401207107062446,-18.967281839633095,2.2732167812850395,0.08447024823426212,-1.360547960180864,-1.173890224652267,-0.48341133911636797,0.7339947105313893
5906,token,2022-12-31,,,,,,,,,,
5957,token,2022-09-30,-0.43322351028555095,0.4629485711440775,0.41029580026192175,-18.35404450579877,0.8255118183267162,0.82177492621736,1.0279665617713816,0.0026635153429620867,-0.38369088620363817,-0.8817146664993895
5957,token,2022-10-31,-0.12549862870059436,0.4784000616860847,0.4069557012933175,-18.21704246472557,0.7141673115213276,1.5994073836652047,1.1263110951109656,0.04358200617342313,-0.32840410448568863,-0.9931588895441439
5957,token,2022-11-30,-0.22682253922394602,0.4815791841921063,0.39876410702643755,-18.181262310062632,0.7772078062829718,1.315671538593171,1.9326001407388238,0.037934732624984396,-0.3846567970388918,-1.0002167361709757
5957,token,2022-12-31,-0.08531756591480111,0.4782462215487058,0.3919126753368859,-18.168218864402743,0.7667991957935352,2.053140248314462,1.7336464925209587,0.0624300850969685,-0.46549956508152157,-1.020951004498506
5957,token,2023-01-31,0.11862474618683838,0.47507963594511665,0.38552513483281553,-18.16888170646036,0.7481484267655585,0.8078662129799719,0.9366294642476545,-0.012178639164279177,-0.5260230813120135,-0.9405355149922239
5957,token,2023-02-28,0.12712150979966008,0.4724923452595611,0.3783947810104776,-18.211573823042166,0.7736451035371101,0.3155850552207476,0.7958354698446196,-0.15882976109240537,-0.5124081559694437,-0.973476825779447
5957,token,2023-03-31,-0.06603122907146886,0.47555790569344186,0.3742144520087962,-18.13797046260786,0.821205844053452,-0.35644624058895913,0.6651999630065613,-0.23209658884480594,-0.5164966337498837,-0.9723652866051031
5957,token,2023-04-30,-0.12560279916033656,0.46422381256097545,0.3679013923276388,-18.316146474183988,0.853582819262255,-0.2970001416882091,0.6396022279174876,-0.19302239799082205,-0.625973643806995,-0.9643526345311478
5957,token,2023-05-31,-0.21263267099605898,0.41411705855056996,0.3625364838427261,-18.158845864768512,0.903169907081018,-0.21020399650409416,0.3628881480468617,-0.19840611819209475,-0.6177303386886676,-0.9701084611878412
5957,token,2023-06-30,-0.27433365840975077,0.36018344742887837,0.35734891163758353,-18.117720600144246,0.9410079436770864,-0.284948747420992,0.15265129101779806,-0.1763065747498388,-0.6151070015164943,-0.9308408373237747
5957,token,2023-07-31,-0.28928721092146514,0.20721245258874887,0.35173612115027647,-18.115610575929075,0.9658519713050789,-0.3542239369335442,-0.48936746151249233,-0.21247487704383036,-0.5984855638342267,-0.9181147415656677
5957,token,2023-08-31,-0.5144200217825918,0.19200043278946347,0.34969138909058534,-17.925697271693824,0.996903617255626,-1.3204586091934387,-0.570458745312737,-0.023285543791086185,-0.5272439473750969,-0.8103733031052406
5957,token,2023-09-30,-0.5105300655728372,0.19171872232320458,0.34961674074225,-17.887730568123082,0.9791359536813895,-1.4580306496465754,-0.5884491685668508,0.026879935043529705,-0.501670196512489,-0.73872012720001
5957,token,2023-10-31,-0.2924681617808048,0.18412704694263793,0.32880087022412735,-17.881435449477802,0.9859773933209258,-0.5616693199354467,-0.625049397952264,-0.07183333576698092,-0.520284897863633,-0.7990599834961395
5957,token,2023-11-30,0.2679661678842431,0.2860703785625882,0.3416207391652901,-17.550500415909628,0.887524536837207,0.6341655006862281,-0.12328297058310625,0.0060026027119238195,-0.3546251037404334,-0.8524098028713201
5957,token,2023-12-31,0.07055417428340216,0.29257399817862423,0.34195554912173054,-17.497115616271845,0.932246018298569,-0.5039537930516907,-0.10809980337017126,0.030066706046163887,-0.2559614539409213,-0.7697029680624115
5957,token,2024-01-31,1.6767075773773348,0.6317607450907801,0.46990158109616065,-17.29919636365422,1.8250581419936625,3.303526353401118,2.4752843189876623,1.107402498470345,-0.10682477752145902,0.14044460157644126
5957,token,2024-02-29,-0.26566444561059976,0.6822587743086296,0.5014039904909752,-17.0953659775469,1.6336723157843005,-1.630842966582324,2.680741073044051,1.468341755270626,0.00213736873074955,0.1243024508301926
5957,token,2024-03-31,-0.3397251512542552,0.6822616738652771,0.5036547942348392,-17.047171064284104,1.6861505320393926,-1.8733827973890722,2.5765923992257322,1.6008840398531572,0.09878208898654478,0.26380387432253877
5957,token,2024-04-30,-0.4560022046296843,0.686765457312685,0.5044156020225741,-16.952753424964364,1.7182562586058523,-1.617239219150149,2.4890755413521335,1.7412085152055667,0.10754666624228626,0.32534183064329764
5957,token,2024-05-31,-0.3910732763710313,0.6818512233365249,0.5034711261559295,-17.00305600799561,1.6950747070754841,-1.9925185129251022,2.5289694576492843,1.743713059026233,0.08065696699628251,0.28648381800118766
5957,token,2024-06-30,-0.5096022600333772,0.685417712886643,0.5046143130880247,-16.85773188111092,1.7136389815288828,-1.6232415607782817,2.495548328679846,1.7760900492889602,0.12672311094817923,0.28456160511609885
5957,token,2024-07-31,-0.6139770334920269,0.6910533698655849,0.492951793487351,-16.78840604723677,1.9350171783824428,-1.8780620824525964,2.2141713987157448,1.6868033717614994,0.14239981297919,0.5699917821976722
5957,token,2024-08-31,-0.3862942535462477,0.6878190177481458,0.4891214477838528,-16.562553466529415,2.007350878052143,-0.22135948801349345,2.1991366288527217,1.7460841949304802,0.2997728280207564,0.551141620661442
5957,token,2024-09-30,-0.4695832261123708,0.6938445288424425,0.48693169360836375,-16.499905788296115,2.0256650079350145,-1.0960235138534715,2.211144816713398,2.1029668264301713,0.3449896986788301,0.7330406300958752
5957,token,2024-10-31,-0.4871931031626495,0.6938710234799486,0.4868466558658069,-16.46671831851782,2.0288688969640707,-0.9896936422331579,2.173362298446275,2.1371108950382145,0.40755691511076614,0.6954384878465667
6538,token,2021-09-30,0.08924278384135587,1.0280150435321609,,-19.34379419872498,,-0.09141454039900013,1.2697038835383412,,-0.22889508212958642,
6538,token,2021-10-31,0.7538890978490802,0.9986372289376866,0.8868686096545138,-20.119913933734264,,1.235422025905073,1.2092160712229048,0.8732290828625854,-0.3289468218315822,
6538,token,2021-11-30,0.817467713558498,0.9512665749520905,0.8504354267151323,-20.197958313562822,,0.9407995209793779,1.2008910288456682,0.8850250966725869,-0.34224908465745624,
6538,token,2021-12-31,0.7053645568210247,0.9122566088565092,0.8235619565179565,-20.281248481884496,,1.7527281962738837,1.1555240947908134,0.8789765133958893,-0.3792775449525636,
6538,token,2022-01-31,0.04631250826372546,0.41030774504889383,0.7936021342508632,-20.620576452871845,,1.4327883538746704,-0.1899956632468761,0.8601921988825915,-0.6349011929664982,
6538,token,2022-02-28,-0.20313033011161719,0.4067441263623381,0.775551893822768,-20.69082132382494,,0.7353709135867792,-0.12416842524886387,0.8655375077611878,-0.6204668561906809,
6538,token,2022-03-31,-0.16014780140251406,0.3448959315835696,0.7514372768547053,-20.95833683417442,,0.11420709352537156,-0.33911012463140017,0.99419717099536,-1.0418918082898536,
6538,token,2022-04-30,-0.36349698000164565,0.3533119482170756,0.7294630253314487,-20.82649337369526,2.645303207136514,0.6036791766232353,-0.22695334202202466,1.1265892434520588,-1.1358868926253016,0.8912555621783828
6538,token,2022-05-31,-0.5560702006318434,0.34349589970521294,0.7092418018022107,-20.836274449985336,2.727958759478576,0.47949549640203765,-0.2423073835195044,1.1660707605258722,-1.1527224031019054,0.8837002434022831
6538,token,2022-06-30,-0.7692812651805288,0.375023290034877,0.6907402237721599,-20.5024193043797,2.7674582535105836,-0.544178023334791,-0.09433039699940118,1.1932574639594664,-0.9413764828217738,0.8340794098320998
6538,token,2022-07-31,-0.5378051289938328,0.46455408344940996,0.6793395858755793,-20.25719838163268,2.495401194800835,0.23456560787615907,0.4065173731335269,1.1856421792985965,-0.708283426128228,0.6268382726104625
6538,token,2022-08-31,-0.5464251562555822,0.46101454439572176,0.6629580359217411,-20.25499708460643,2.573206491964575,0.03413971429060963,0.7083185300149599,1.1855583646366,-0.8760348370665978,0.7146248317457847
6538,token,2022-09-30,-0.5671367428657053,0.4656028877434262,0.6486775262517984,-20.104654454174785,2.6490816323084534,-0.02048438199523915,1.0472723255908687,1.2930919888326837,-0.8747122842698539,0.8280573355057547
6538,token,2022-10-31,-0.4702031765461433,0.37219599216606114,0.6363839123588619,-20.185213569758822,2.7155912243882674,-0.05166210100955827,0.37625369458750696,1.3500441773617988,-0.9520926085120874,0.8294392855013913
6538,token,2022-11-30,-0.5234202771074692,0.36883436907514067,0.6229990553926309,-20.02478694779264,2.785412350085919,-0.03619906868415312,0.7599380073401576,1.3653636618497693,-0.9721107468809355,0.8511123195164106
6538,token,2022-12-31,-0.5683433997276941,0.3664051538131755,0.6106424342040941,-19.797492829470443,2.854565831827916,-0.09340912298748302,0.6751326241344038,1.340676308530853,-1.0165477978389335,0.8824240569200401
6538,token,2023-01-31,-0.03458286403237021,0.4673264953411037,0.5998795346198882,-19.42615093295976,2.601746051608391,0.4029005826198377,0.8808822492465384,1.265461446872743,-0.9500519444627379,0.748771229067465
6538,token,2023-02-28,0.040762905103398195,0.46103717706403824,0.5889213157055055,-19.440126594555835,2.658724676774974,0.042617190965940285,0.7115422216889717,1.171943841387606,-0.9745772315789331,0.7728384957054006
6538,token,2023-03-31,0.028376981362488563,0.4607450415939679,0.5823224344804186,-19.41804700175246,2.7170758926953416,0.041670287877552295,0.5777706818794328,1.0489127389465513,-1.0621222633200853,0.7419638074685437
6538,token,2023-04-30,-0.02268384391867817,0.4551460447591983,0.5723190143308403,-19.4335694984086,2.77168544586028,0.2134989183687853,0.5857203871196155,1.0357098852573337,-1.0535747074504425,0.7783567930774778
6538,token,2023-05-31,-0.07317323651514762,0.445731330837657,0.5626951441172343,-19.384643196875224,2.829840587621114,0.2668053592669584,0.5336471759083325,1.0291928661744993,-1.0954598906512245,0.7957529121766879
6538,token,2023-06-30,-0.09755956863114024,0.41494038039201164,0.5544809309592614,-19.471654732677244,2.885279889354331,0.5903317908264968,0.4457945256648402,1.084631885899055,-1.1768217656981037,0.8510994239818185
6538,token,2023-07-31,-0.29737533523311377,0.31898341193941593,0.5473744113827964,-19.56770822709865,2.9374498643601363,-0.39272378702751326,0.19094685025466912,1.034934779673059,-1.212068721255736,0.8489963314379448
6538,token,2023-08-31,-0.4086210581772317,0.3216271094789983,0.5390135442910529,-19.439212873523925,2.9917850224339646,-0.6329311312169869,0.22139705776006863,1.241665024200306,-1.1412098201930487,0.9699320036747158
6538,token,2023-09-30,-0.30853008374084534,0.32150904689370163,0.5293565522099283,-19.355063333900187,3.1675471537893416,-0.3506087726920769,0.20926522535351666,1.257982989174094,-1.102304772558425,1.1766374044295314
6538,token,2023-10-31,-0.35639376930572597,0.32197745919278026,0.5127033665501995,-19.327975538858226,3.2710817039557685,-0.8974853522242973,0.26954938739808754,1.1722668553201947,-1.1611710594698665,1.160267257468227
6538,token,2023-11-30,-0.20254826338067822,0.317245868071499,0.5053447783336569,-19.336582611134737,3.3027445641108772,-0.7674923957631926,0.0686961589669954,1.1469950916741813,-1.1615464998183629,1.190201348774833
6538,token,2023-12-31,-0.08507470537132333,0.3086964123906919,0.49986447447313204,-19.442666194914626,3.347083543403699,-0.8130453441273896,-0.004961379202487065,1.1610978517461905,-1.183606897657679,1.2833211084629212
6538,token,2024-01-31,-0.2580479235562636,0.1382394449842547,0.25299735083599195,-19.670688746283357,1.511495182988809,-1.0366534778881586,-0.7659900054082145,-0.4336176203225809,-1.2124768812277602,-0.13412513314768915
6538,token,2024-02-29,0.02940493595964422,0.17533378143152398,0.21567287813973063,-19.608162811487734,1.4028676413271055,-1.0123211053521826,-0.65957733462873,-0.6097665429336465,-1.1611080040605448,-0.08708415624943056
6538,token,2024-03-31,0.21855757876657633,0.1828493756135057,0.20978385633210866,-19.531047330625523,1.5362654600346461,-0.8367581210520152,-0.657949362698253,-0.574603438530112,-1.076115916447985,0.1295236777635791
6538,token,2024-04-30,-0.2335216897652862,0.21653996267720058,0.20965351842967103,-19.343624716076604,1.5165737039061329,-0.9136278711783095,-0.5880809077764072,-0.5316371438516868,-1.0401925292257825,0.1421442861822873
6538,token,2024-05-31,-0.1153902618671031,0.22098641265528043,0.20977050708939377,-19.368903829648062,1.5144763144586104,-0.9210090354281487,-0.5322696927724905,-0.5441918464771045,-1.0166453974072618,0.12300430924242596
6538,token,2024-06-30,-0.43637496249121144,0.24447040173148668,0.21137458390860195,-19.289600611580788,1.4725501088034054,-1.2806948933254818,-0.45276695017690927,-0.5232626259285801,-1.0250288091514348,0.06586430502542824
6538,token,2024-07-31,-0.4556418393881686,0.23624950189444685,0.20861266800765618,-19.283861056339376,1.477240324165217,-1.0346440140336144,-0.5313594439206947,-0.5000102002906174,-1.0448028088900743,0.11501175718976435
6538,token,2024-08-31,-0.38530729832192645,0.23198008036890744,0.21352447708271113,-19.37444235286348,1.5608303271578525,-0.2155795062645029,-0.5636763282755567,-0.4295400653214468,-1.125597497604741,0.1268366426398261
6538,token,2024-09-30,-0.3582803812426736,0.22673490994174486,0.21173895751086674,-19.537074723135706,1.5789244640763471,-0.485045839870953,-0.5816666612415263,-0.32527313800848767,-1.1288992810818346,0.28729687727341147
6538,token,2024-10-31,-0.3649052793106362,0.22710733128413926,0.19766432411019386,-19.552480988857894,1.7220240297798395,-0.3122675036084782,-0.5787483598765795,-0.4037899600408725,-1.142541684314251,0.39408950503862955
6538,token,2024-11-30,0.628361488237591,0.552004327584043,0.2592566926131393,-19.56816109470766,2.485763305140356,2.661424494915818,1.3517406499596907,0.22002415645268275,-1.3746470125769328,1.3657930134056373
6538,token,2024-12-31,0.9836936082692391,0.5549029887036684,0.2609356630011159,-19.576666912578126,2.3958629179622375,3.5296136121144537,1.6749881454720061,0.26183146307935556,-1.3583196900422705,1.2703216313148806
6538,token,2025-01-31,0.7001380564635349,0.5485835719923378,0.26353700952595943,-19.720426766488757,2.4481179842183614,2.5395452894199386,1.611544540777762,0.2634334858515479,-1.3060139639529593,1.3137576559352326
6538,token,2025-02-28,-0.02913125378965209,0.5673504853998047,0.2556599098611173,-19.69492675603128,2.387405480301663,1.6470941593951862,1.9364090346632603,0.21022054114984415,-1.1617364062140383,1.229141872077248
6538,token,2025-03-31,0.07472530614096518,0.5668914900308094,0.2587689275246543,-19.799458221296977,2.3758334938629067,2.693007997115794,3.2547872503067663,0.31885366492212336,-1.3710674903587607,1.121756401525616
6538,token,2025-04-30,0.39719826825725324,0.5537661842922896,0.26065135658558813,-20.06193886413128,2.224433453621895,3.687944320472753,3.2291119258873207,0.32942079937775925,-1.242855705889143,0.966197297028333
6538,token,2025-05-31,0.2101362948147658,0.5568346830560271,0.26292816757219406,-20.169376990969308,2.248694638578951,2.5218214058531814,3.1386660459552624,0.345908582679702,-1.3782507094756782,0.8602693897730767
6538,token,2025-06-30,-0.08960632729345697,0.5449967669492668,0.2619443631129994,-20.32829903638507,2.3833870159503694,1.040399052032397,2.884800343508193,0.36143546123879,-1.4110214820248888,1.0084689001869338
6538,token,2025-07-31,0.4637741603666903,0.5712207628843474,0.26687262961335184,-20.238079619629886,2.431593671210444,2.508805126900701,2.7681854332189255,0.4637874856981151,-1.3327442717496876,1.0694582933028094
6538,token,2025-08-31,0.09704465674445029,0.5820376003397097,0.26674276137802144,-20.222673231287107,2.4255405738428175,0.9653686144239345,2.8501791021159137,0.44326654470708016,-1.2084507478533508,1.0814141709403897
6538,token,2025-09-30,-0.0040025407452437545,0.5847073861556822,0.2671604674219477,-20.200523556855206,2.433978103419872,0.7737468893206979,2.8478827025032283,0.47503197119818663,-1.0443407691669973,1.1150694828973977
6538,token,2025-10-31,-0.26217153151226524,0.5967197748368666,0.2667915306814854,-20.144553361909455,2.4024694469240226,0.08987998897791544,2.8054020634895993,0.6264259283857486,-1.0383379801566541,1.2738511307200586
6538,token,2025-11-30,-0.3228644775561019,0.3450794299131366,0.26973047962437324,-20.183380875795745,2.4174284739292364,0.1248792480996372,1.413142446822886,0.5231487141097965,-0.9748632394482777,1.1744429204119284
6538,token,2025-12-31,-0.4060415406652935,0.33383662771486744,0.26973014683206936,-20.123060053106823,2.42768033406185,0.1203288860024068,1.3105531199314215,0.5567302030956127,-1.0186686734104236,1.1801196357855266
6538,token,2026-01-31,-0.5051708959927477,0.33628143128085625,0.26621094477927987,-20.077706652301412,2.8721379280214325,-0.08377996318085963,1.3143288746124662,0.6306633963029887,-1.3345471147791292,1.7089917285824137
6538,token,2026-02-28,-0.5323159538571536,0.31549848189048063,0.26803184303582184,-20.142797442285996,2.878819129941391,-0.08628905117348558,1.5607581418831187,0.6331436310918257,-1.2459732311736607,1.5419369331174102
6538,token,2026-03-31,-0.557068477830719,0.31451056189564314,0.26485680140995027,-20.065136599889527,2.8813055445134292,-0.27299269664607007,1.6075713960569045,0.6887821628448825,-1.1669464186363325,1.539694480208012
6538,token,2026-04-30,-0.4911978177711894,0.28416088886401664,0.26498494031817243,-20.085010023775038,2.853398416812012,-0.3323401462964916,0.8281499687536937,0.5486789159926951,-1.1105070951042588,1.2777691542726515
6538,token,2026-05-31,-0.44791743874041434,0.28424395116074874,0.26484646466369327,-19.981228885255618,2.852737722988224,-0.25927461686698167,0.8475919128469362,0.519213972073834,-0.989822093084806,1.3669055645376842
6758,token,2022-02-28,-0.6011368421833858,0.24582710830502985,0.6600867253729366,-20.930730872881675,,-1.2177670607088578,-0.6358380333485306,0.3581067371856909,-0.7667044028900676,
6758,token,2022-03-31,-0.4486016376504236,0.26413711331832923,0.6404379910707177,-20.89649805902471,,-1.1244742223712643,-0.6286530757502815,0.48900782455655845,-1.0135189286815125,
6758,token,2022-04-30,-0.6855632525979091,0.2892771701275396,0.6217146299398388,-20.67898919243332,2.7188174809239616,-1.2259594145092434,-0.46600536170552126,0.6178488268681505,-1.062530355792114,0.9704261734124136
6758,token,2022-05-31,-0.7191762382615232,0.2905165052580628,0.6067966641169623,-20.633402900555712,2.8112756423456045,-0.8392198786294975,-0.4531729532772822,0.6581387723216499,-1.0444449352486163,0.9702918154083136
6758,token,2022-06-30,-0.8229842201943199,0.3022533798109091,0.5912367281511002,-20.253597469465696,2.8598226893116663,-1.1171746592715055,-0.3893950894760719,0.6982632593224861,-0.8270203887119087,0.9294899348945271
6758,token,2022-07-31,-0.6925813007843981,0.34185107179882845,0.5766919820375989,-20.03065274328398,2.7253184992547848,-0.8471415958587506,-0.2048347826619803,0.6448127453022756,-0.6386312716264473,0.8730398540305409
6758,token,2022-08-31,-0.7214741813811221,0.31602478038110987,0.5630110523063777,-19.731009210050622,2.8038741874297872,-0.9556268618960961,-0.09494745591039945,0.6729560490714723,-0.732410973181709,0.9326119457787437
6758,token,2022-09-30,-0.6370916426414273,0.3207232514868651,0.5511876724981004,-19.693880453529072,2.8425548576146027,-0.4604720094757006,-0.006487440862276862,0.7653515228312621,-0.75949597107946,1.0094570829844658
6758,token,2022-10-31,-0.2876607533959269,0.35805863433980745,0.5438099649956744,-19.615318456278843,2.7258062415817492,0.8226815257445443,0.27640978173790953,0.8228886034858541,-0.7715000625340901,0.83874159850725
6758,token,2022-11-30,-0.2553608717454997,0.3536338080060279,0.5336858969408197,-19.612957529138665,2.791334442668056,1.1855959244232956,0.6018365252128416,0.8366464785864424,-0.8408779910511418,0.8565717943002985
6758,token,2022-12-31,-0.46176442366209125,0.35443792017723597,0.5247381402750533,-19.328500623850083,2.8426804346340266,0.38022399982442207,0.5618693745397311,0.8386557336432127,-0.8579266379695057,0.8715883781504661
6758,token,2023-01-31,-0.09924809627073528,0.3504672122968123,0.5158199778219973,-19.21026368511094,2.7702146472029163,0.23197437015346292,0.04063183854529029,0.7644320325655295,-0.8772414259638847,0.9023078601495356
6758,token,2023-02-28,-0.017650833370457475,0.34799890699152525,0.5061709825823113,-19.22543471457588,2.8163570572150944,-0.14202073238204369,-0.12025376660839483,0.6488650804309475,-0.8938123267153445,0.9188672602375468
6758,token,2023-03-31,-0.09755089321027044,0.3379510230283534,0.5006499422710178,-19.163542208074603,2.8786346654356167,-0.48936369774326344,-0.14699076180951498,0.5461774613198228,-0.953640985808422,0.8880523564753127
6758,token,2023-04-30,-0.16669954759001615,0.31180789360461575,0.4920301943319596,-19.146439533106236,2.934851021750704,-0.5008484162406328,-0.26507505173932255,0.5531024458899986,-0.9436995071856255,0.9266023475240406
6758,token,2023-05-31,-0.2785236826654274,0.31111486013596873,0.48385178965628245,-19.003824299863552,2.9953520386249806,-0.4355787023782272,-0.1934604248113457,0.5456363629106404,-0.9470434793219631,0.9474499723589256
6758,token,2023-06-30,-0.39013485391373737,0.28230497700602863,0.47746404107087426,-19.031168421822226,3.054609240138291,-0.8583276450715025,-0.2642739364139289,0.5919997964293102,-0.9940745712210318,1.0062910823573517
6758,token,2023-07-31,-0.3700004065803011,0.24223894786554878,0.47005700634736886,-19.110742616247578,3.0975344701408574,-0.738422524113392,-0.2761723152393773,0.5419511333794074,-1.0189781242747304,0.9924775557225717
6758,token,2023-08-31,-0.4002054537596902,0.2320851480318144,0.46305953980436165,-19.08901982344296,3.1537650501210672,-0.5782428896343758,-0.32559159921441305,0.7341805144506329,-0.999152096184284,1.114488919256338
6758,token,2023-09-30,-0.33207955558328717,0.2309542166789198,0.45057495656711166,-19.083108922807536,3.4675870033885308,-0.47971373632882974,-0.34730084950909923,0.7183793130981811,-0.9909835874665428,1.439240513795108
6758,token,2023-10-31,-0.12867961866184774,0.20163733029480327,0.4308557832925272,-19.085418228496277,3.507199644163226,0.2987498581402074,-0.5114140597454939,0.6185680420623917,-1.0537066174204355,1.3627229222603252
6758,token,2023-11-30,0.4390211842561731,0.2831319482997577,0.43228201621585205,-18.972416403318178,3.2903338474980983,1.1437367242094538,-0.1413778679844972,0.6378208542030214,-0.9970224339039677,1.179705299608746
6758,token,2023-12-31,0.41965294443117185,0.25561901397711667,0.4284039109763115,-19.16268639535368,3.342505336827814,0.1893846193495621,-0.344508494125198,0.6492577336254632,-1.0501115322600734,1.279428851435323
6758,token,2024-01-31,0.20301313109286312,0.24074759614460448,0.20753073614030926,-19.225831612352536,0.42447611187337664,-0.002368841190913708,-0.09275252138145362,-0.7566402183392852,-1.0050727885213462,-1.0859675922935579
6758,token,2024-02-29,0.6433662980899777,0.27198260681818404,0.20661593985698037,-19.155163941889494,0.41152766120306744,0.2746593411020492,-0.02272206993421745,-0.6756372087033949,-0.9514018981699931,-0.9950206846305562
6758,token,2024-03-31,0.8276338106777168,0.271033967082556,0.1986997005958196,-19.08260372417072,0.3397440019929949,0.29418041209215184,-0.08680454935797181,-0.6566579696274618,-0.8639976616406849,-0.942425212301724
6758,token,2024-04-30,-0.10142421054760864,0.3156402702523054,0.20107268655831192,-18.906176908366685,0.3191101759755793,-0.4958596658472389,0.06043167617387121,-0.5978020529614155,-0.830195447096495,-0.9455669351730474
6758,token,2024-05-31,0.0492078411335084,0.31174568093604155,0.19727738307632567,-18.936605304315208,0.2284196347970889,-0.28125824171117897,0.07058784567572753,-0.6415123077189133,-0.8161412949732418,-1.0411473267746612
6758,token,2024-06-30,-0.26041395458173233,0.3202543237690632,0.1970366155913429,-18.731997811601982,0.2330287915477247,-0.45757484268698395,0.05394868133412156,-0.6356895671883096,-0.7609437919455819,-1.0585341892896607
6758,token,2024-07-31,-0.4123267553141866,0.32892272122369964,0.19889373754940118,-18.586253497912715,0.3070014734335823,-0.8039137285159141,0.028084307272339706,-0.5747571736312964,-0.7129188360759227,-1.0480774131474748
6758,token,2024-08-31,-0.5004783161963846,0.3305163318865552,0.19883296355016186,-18.502156206635792,0.415452879593804,-0.8900643916197095,0.033546089811379604,-0.5455181661689148,-0.6834282517537315,-0.9615552617009248
6758,token,2024-09-30,-0.25100322767511507,0.3489094456260467,0.2089247779180399,-18.390707499664664,0.319571519041767,0.10383349951075785,0.14880522751114186,-0.350104837606797,-0.572585801758684,-0.9692461331262138
6758,token,2024-10-31,-0.32572761878020284,0.3483221412256372,0.2043749146884224,-18.33103316059907,0.37815198849870846,-0.09523877206773744,0.13595283896180493,-0.34482734903074946,-0.5289609361726353,-0.9257125056006629
6758,token,2024-11-30,0.28404283305393796,0.40334997157516034,0.20876924900212138,-18.343521823885546,0.6643827708661034,0.9148210817152835,0.2787546294684622,-0.26217259193559606,-0.5484884230519459,-0.7250699728731458
6758,token,2024-12-31,0.3237851371629006,0.4028616019545704,0.1942804034874859,-18.344658304500694,0.710277825124721,1.1749097583125794,0.4475361623329128,-0.3930645233317588,-0.5455765161067996,-0.6992258372668749
6758,token,2025-01-31,0.3251265469574749,0.39876141725083325,0.19374979691925956,-18.38598295186229,0.8100256594462765,1.2730679446637785,0.422773905021841,-0.4352802879484736,-0.5184047469296961,-0.6418944437435936
6758,token,2025-02-28,-0.16200770594734348,0.40111018346480337,0.1884015795690767,-18.36864315959668,0.78394768721085,0.8064040707460649,0.5942014020508473,-0.47464165013339793,-0.5149215290983563,-0.6723563034125077
6758,token,2025-03-31,-0.3416528685988247,0.40144667829395003,0.18841831795426286,-18.359020436291427,0.8896195773152005,0.12537500657912487,1.2123046214786348,-0.40197032010554684,-0.46461513305728364,-0.6244057272207654
6758,token,2025-04-30,-0.24364847955936864,0.3751308356294295,0.18687037924300312,-18.45095206044255,0.8957893964643959,0.2802058774030753,1.002751281641681,-0.44564547718099323,-0.4858837172513618,-0.5896996658579567
6758,token,2025-05-31,-0.2590339719815956,0.3699726085471938,0.18584572193526525,-18.512666264606498,0.8726580140853607,0.2294996430411078,0.9345042315862488,-0.4607407667193089,-0.4691039830780221,-0.6841487087745565
6758,token,2025-06-30,-0.31134372194918525,0.3602374354660437,0.1846219952815998,-18.7057600237618,0.9660350825837287,0.05275243943952648,0.8110347314312284,-0.4551561153867588,-0.5197847946432007,-0.5951174470127659
6758,token,2025-07-31,-0.105446486288585,0.3611902237115809,0.18487063244031068,-18.788480824582237,1.0012967262264179,0.34765210439212574,0.6309618265123665,-0.44914163696676257,-0.5428073555035839,-0.5771022483674174
6758,token,2025-08-31,-0.13658419195394167,0.3554388451603401,0.1846534942278715,-19.040787111233932,1.0016341657004617,0.0963083167505997,0.5744970951525507,-0.4678317554612184,-0.5873694438190559,-0.5433821371593118
6758,token,2025-09-30,-0.17711786512812677,0.33956058939732214,0.18323199460362402,-19.23409190014156,1.0405270973741965,-0.09599871048035136,0.4223800236293921,-0.47028784673793855,-0.609591770767109,-0.4979559062423048
6758,token,2025-10-31,-0.3271924919501551,0.34697893234852617,0.17286641966817537,-19.243394771300867,1.19200253735907,-0.24209332940236078,0.41866408710803943,-0.539929149400852,-0.6477802958552593,-0.2757952334839616
6758,token,2025-11-30,-0.41220021328390466,0.1865062664667686,0.16873093280885887,-19.09646403493762,1.1941328373247637,-0.3719603820963533,-0.3434020221109397,-0.5996115228875423,-0.533059723461867,-0.3513664251046939
6758,token,2025-12-31,-0.5306200398312301,0.19071327758054757,0.16823662023620764,-18.82762762521763,1.2391319562821157,-0.6913634689403018,-0.31065557159662033,-0.5825763090016037,-0.4750164859045543,-0.3244886094541921
6758,token,2026-01-31,-0.5564832221599134,0.19010875193480126,0.1669935083221622,-18.777259519189705,1.4019626488619328,-0.42281212504596405,-0.3195078798666746,-0.508587000605781,-0.5118971513153162,-0.1122492967141479
6758,token,2026-02-28,-0.5842765223347208,0.17121595504924148,0.16905382297759086,-18.783948567886753,1.432578034762455,-0.36443846009756475,-0.4083448023412604,-0.5146131510048626,-0.448412750358252,-0.14877274852142552
6758,token,2026-03-31,-0.5747029776293766,0.1625701906513039,0.16080772888427164,-18.817975699453033,1.422981693227762,-0.34960398077762256,-0.413761210993674,-0.5201382815296932,-0.4366910337760519,-0.15530911732325275
6758,token,2026-04-30,-0.5088712089728258,0.15576038535157882,0.16087993011756158,-18.80039119845103,1.3848326502211672,-0.4050802407852364,-0.5811079268859465,-0.6598201626292416,-0.4336664090918057,-0.26477040328840784
6758,token,2026-05-31,-0.43399780501182394,0.15644598939025164,0.16146969257634447,-18.80062412534031,1.3597170962036678,-0.20760273442883975,-0.5511109172064491,-0.641182158382256,-0.40017498164185156,-0.2636635692887265
6859,token,2022-03-31,-0.2555758567504578,0.939977106898531,0.8430567280305294,-15.614723426574308,,-0.29558100535869936,1.7944223286306982,1.4111833735072439,1.4098660009536879,
6859,token,2022-04-30,-0.44265590004029276,0.9353288841104584,0.8126305066087398,-15.864379230092519,,0.1539822438536313,1.9458085252990884,1.5192694213560178,1.3318635523554652,
6859,token,2022-05-31,-0.6258854760244403,0.9232632482532296,0.7866200394409651,-16.85253736060239,,-0.08496231527816808,2.065249612068425,1.549718857210999,0.9734947320477068,
6859,token,2022-06-30,-0.6213775140192046,0.9202914653113355,0.7633935345467431,-18.24954877699435,,1.0339167358101362,2.116602472920125,1.5546816285744092,0.09402088950312805,
6859,token,2022-07-31,-0.432317558364539,0.21845414772495117,0.7406134528264183,-18.599592580969663,3.4128689445220517,0.9718022492411178,-0.8196442688865336,1.508481773626531,-0.19864741559900156,1.6092872075427451
6859,token,2022-08-31,-0.49816224354160155,0.21853526291150538,0.7205479895147919,-18.280496812493276,3.5128539269973658,0.3070290825087757,-0.6350546414060418,1.4809223916160825,-0.3348288815603653,1.6026166771499095
6859,token,2022-09-30,-0.4889819392661401,0.20646849936830075,0.7015014665155834,-18.214724950152224,3.6090800422795533,0.47107727733413696,-0.8375018195525604,1.5790430881262727,-0.34461371595506807,1.7281481303594584
6859,token,2022-10-31,-0.4069761594182012,0.20726780789733357,0.684222872870461,-18.199382113354257,3.6903063431170797,0.25118333355003614,-0.7885378781340312,1.6224596398156441,-0.3228077627351232,1.7170643334302222
6859,token,2022-11-30,-0.38056215187871567,0.20298451838448242,0.6679744316292001,-18.250285334493235,3.78007270089039,0.6149377265106146,-0.9650711607798195,1.6316094721223655,-0.40665153879711935,1.7680725035111022
6859,token,2022-12-31,-0.43566527000957667,0.1966555064963702,0.6531433230989756,-16.94231081950306,3.870289930007001,0.4962076966426328,-0.9314539319190351,1.5890494654520715,-0.05087656357974888,1.8084393904288356
6859,token,2023-01-31,-0.16795429535436357,0.21912907665658626,0.6395145351313234,-16.686989991373803,3.861610146180743,0.05036688223729166,-0.9037255076366923,1.5017022962036155,-0.02623763678142588,1.8969691351476412
6859,token,2023-02-28,-0.005759292694221596,0.2226853727961411,0.6261222107351891,-16.63924928900843,3.919950276598948,-0.10443318134983275,-1.042377707077578,1.4070969500722093,0.07908436539548619,1.9412229077429533
6859,token,2023-03-31,-0.09896581132432081,0.21729850859613403,0.616030615197459,-16.447024560178235,4.003628490114349,-0.49533036404316294,-0.8591125049208979,1.2564035492872534,0.20425981664085094,1.9053212593104527
6859,token,2023-04-30,-0.15331516693132496,0.2105940692119886,0.6043564622106382,-16.321515972653227,4.084129851031373,-0.43445915170074956,-0.865838068766445,1.228283529823903,0.1373058891362744,1.9707899853308493
6859,token,2023-05-31,-0.23889686366394758,0.18126995894728173,0.5934264025692524,-15.872634468409194,4.163460482306907,-0.3000384754046318,-0.8947952174772915,1.2176716540134354,0.27327400392752915,2.018062403135438
6859,token,2023-06-30,-0.27069495301179325,0.17829097031799673,0.5832986646526471,-15.744487885914412,4.241221070847411,-0.2669320345461753,-0.8211167089932059,1.2689621072794413,0.36949027126789763,2.093829993970658
6859,token,2023-07-31,-0.22404395128886856,0.13632152732840327,0.5731980035985091,-15.739227523343853,4.304595834695564,-0.043662968937631295,-0.9208579963456038,1.1995886327746879,0.4056539411596629,2.074346993001336
6859,token,2023-08-31,-0.30722242616628204,0.12951343399534396,0.5635976322522193,-15.72178982386978,4.379575711783458,0.0260010866522873,-0.9521756409038871,1.405922905149841,0.36678314965456976,2.208447297132896
6859,token,2023-09-30,-0.2191667653386974,0.1337566561195876,0.5545082266329542,-15.709913261230161,4.42812417176838,0.1393065871919597,-0.9446943252455084,1.4302559149429792,0.3897924664495634,2.2799290003901795
6859,token,2023-10-31,-0.10082314765755562,0.14271144933423596,0.5459069042795014,-15.659313941086886,4.459276597173634,0.4450863565862162,-0.8938214872790919,1.39688875257031,0.4642207750799248,2.1790665354800622
6859,token,2023-11-30,0.16538987444840125,0.16631709270903614,0.5383553333604809,-15.628075363602768,4.437622711700957,0.32859172413630633,-0.8607254916494788,1.3770455811038287,0.51389366387828,2.149995791454965
6859,token,2023-12-31,0.6872716735312026,0.20621245992314022,0.5333586561599254,-15.818689884262438,4.305642633491293,0.7208970755077858,-0.6605724571059087,1.4010017242042936,0.5443179117086958,2.0982599481417403
6859,token,2024-01-31,0.29994463702445384,0.20976976012449755,0.526824670966243,-15.786577244472971,4.360741651152451,0.2150747411417283,-0.2962040532518016,1.5118188927861136,0.5983980279488229,2.360802358958442
6859,token,2024-02-29,0.47027357880673315,0.21438353525482026,0.5230524658715829,-15.754829347551102,4.316281503194012,-0.08817610568920585,-0.4022638990241267,1.6257900497937967,0.6227100353455337,2.5812182632191316
6859,token,2024-03-31,0.5847169300379238,0.21201974561039016,0.5222234045336791,-15.820126148640222,4.496233592688985,-0.15686995939370235,-0.46902173657453533,1.7383449928973662,0.6791864527240485,2.7813228018851257
6859,token,2024-04-30,1.007488046741889,0.23807704895745058,0.525532240998082,-15.885956746725547,4.372637702516808,3.01115868409463,-0.44714217795682676,1.9040342784256707,0.6196630506588772,2.7364386323045213
6859,token,2024-05-31,0.5476535431594258,0.2361413673822042,0.5239069167738162,-16.28171610557435,4.608437375259431,1.6560729163198962,-0.43160472626235247,1.9029062733650493,0.4152211655982954,2.9236894482927585
6859,token,2024-06-30,0.037538185958511994,0.2570043813451226,0.5248408447015103,-16.325710881845147,4.594572190485153,0.9362020168744294,-0.3689607387205958,1.9346904193888235,0.37869238863171406,2.8979228416494616
6859,token,2024-07-31,-0.10736604233347369,0.2622784572828043,0.18710874578087147,-16.289664750817202,0.6536950625688831,0.8205474466613158,-0.3742295141794674,-0.6653939437292042,0.37967396642374124,-0.7035019799386788
6859,token,2024-08-31,-0.18563776081009398,0.25601794832224006,0.18587844073713475,-16.19641045019588,0.6842087083690224,0.9537605551769663,-0.4179842260935223,-0.6477840729396094,0.48537382845617316,-0.7061707429071934
6859,token,2024-09-30,-0.156433147538118,0.256147215442923,0.18068538247486543,-16.19211138018276,0.6843794419812776,0.6229595619046385,-0.4058128122239795,-0.5992830301678429,0.4943573485801325,-0.6052521888428181
6859,token,2024-10-31,-0.23216120684888242,0.2611702471393425,0.17863945384823765,-16.164217141110328,0.7160337044517873,0.4230821133893883,-0.3779081588368358,-0.5709520021438647,0.5595150212641782,-0.5938825736020701
6859,token,2024-11-30,0.04033682539141936,0.27166440434441164,0.17617161185502636,-16.145567396950383,0.6179675831008802,-0.3214109329973464,-0.6717508016041941,-0.573506926043967,0.9342820322658469,-0.7783525221665336
6859,token,2024-12-31,-0.11239063525383408,0.2413729225543428,0.17143047796711575,-16.05839493578797,0.7019793337489287,-0.3814648257609018,-0.8561851731704844,-0.6175678051774071,0.9626474805092989,-0.7089223353859495
6859,token,2025-01-31,-0.2156009738727246,0.23548370999831159,0.17380302675066892,-16.08621210867956,0.7126855770732214,-0.5530604206218903,-0.872760418257911,-0.6349885516695503,0.8389552957178064,-0.758104826758642
6859,token,2025-02-28,-0.31050408490972825,0.23822337252956238,0.17253279069057872,-16.00465406497879,0.7173697453222464,-0.1331110349538323,-0.7209304783920634,-0.6362265939931383,0.637971652909329,-0.75130932330149
6859,token,2025-03-31,-0.2828829076428624,0.23143966745586736,0.1721044626981108,-16.030077669558146,0.7875710238561204,0.4877851898155148,-0.8865001870279055,-0.5691247801552197,1.0009640699469426,-0.7443032179921595
6859,token,2025-04-30,-0.2166533445973614,0.17339851242635596,0.1717573562960653,-16.000459487737327,0.7424731600398052,0.42375401820164565,-1.5114706146035513,-0.6044071911745703,0.6655560286580596,-0.7692392990118645
6859,token,2025-05-31,-0.20615131916333007,0.17172323543176748,0.16788510670747675,-16.058811845416248,0.9565820470133654,0.48787930711978095,-1.4039783047561438,-0.6486943074845056,0.8774881991076087,-0.5899551436833523
6859,token,2025-06-30,-0.3122005880649228,0.15988955536394625,0.16850160864066974,-16.070309183056107,0.9535425151131912,0.048935848566490664,-1.4376990178894398,-0.6254014442886615,0.9278293821218611,-0.6092514882241402
6859,token,2025-07-31,-0.20721929359211522,0.16396715700527803,0.16553816085438355,-16.058097552513257,1.0258096283508333,-0.0387474603559334,-1.3759358161444857,-0.6643702525167073,0.9450736702510083,-0.5488829491922119
6859,token,2025-08-31,-0.19980467858245743,0.1636015551156906,0.1642949612308485,-16.178466279897716,1.0413157116448546,-0.1388613347480474,-1.352083079013237,-0.6937885151138595,0.9167805113482329,-0.49810217424780817
6859,token,2025-09-30,-0.15194373829141739,0.16174000397243238,0.1642529916736016,-16.215736841771978,1.0250031464177591,0.030478169155304984,-1.3369915529534275,-0.6840559160468437,0.7482143703351443,-0.5159260587082697
6859,token,2025-10-31,-0.27145056702285564,0.16857393491690945,0.1658870636730582,-16.117348890055958,1.0315370051655668,0.042504616650685584,-1.2863272883662136,-0.6265982756522088,0.7070325563136376,-0.4812240862504504
6929,token,2022-03-31,-0.5368041301828916,0.3005020024712759,0.2480601460202368,-15.849555879311115,,-1.5032342379655186,-0.49827477714921004,-1.2968154417649735,1.3021201264032571,
6929,token,2022-04-30,-0.853418765567163,0.3451261128740384,0.2643763208899869,-15.475820784456827,,-2.1795362103256717,-0.2575123683813175,-1.069345117382149,1.525100799498339,
6929,token,2022-05-31,-0.8950633410812878,0.34818537188957943,0.25552161872685586,-15.54472561033396,,-2.2612704055682373,-0.22364261329442905,-1.0835137476809402,1.6715055923480915,
6929,token,2022-06-30,-0.9022592025932151,0.3413848850377145,0.2511282542462465,-15.487462149664566,,-1.9630182113971568,-0.23072613522891366,-0.9936544213584612,1.363449026321144,
6929,token,2022-07-31,-0.7910196316429835,0.35191636792582515,0.27950729505863264,-15.262151655451454,0.8141486296797922,-1.535112168987134,-0.15468572435294217,-0.9209931775023061,0.8274590796713112,-1.1734918125148612
6929,token,2022-08-31,-0.7640750207453966,0.33151066649363775,0.2718387012058882,-15.227017874902927,0.8609012539853869,-1.1965015933607155,-0.00915322305094102,-0.820391884039241,0.5021226293493459,-0.9035492104312448
6929,token,2022-09-30,-0.6788378077578602,0.3279703292262094,0.2664118427930154,-15.207516515065615,0.827517176217881,-0.7230382658047748,0.04622306520605542,-0.7762215054163296,0.49886583324007977,-0.8798344506995747
6929,token,2022-10-31,-0.05463320988842835,0.5427250163965193,0.3980718513498603,-14.5145891798064,1.6701247039946578,1.9388393153027585,1.580600733323005,-0.007006427706336461,0.8448564644727447,-0.1226155789831219
6929,token,2022-11-30,-0.052107805454910894,0.5408188164655973,0.3888254925606489,-14.379146947792721,1.7274530379452948,2.112008405239795,2.548753295910666,-0.02090000502150809,0.826917836469036,-0.12420208276649106
6929,token,2022-12-31,0.07003520129252916,0.5316827784894032,0.3806971193320432,-14.388521579874348,1.7481611536121273,2.743522338536343,2.239393958508237,-0.0031130864456152324,0.8128584972538179,-0.12626294669680665
6929,token,2023-01-31,1.3024660880972707,0.5822203553419588,0.39399887318843846,-14.106409109036536,1.4704534359837744,3.9370518623560105,1.707000727281187,0.03832831479835282,0.844093677103228,-0.28225094072066964
6929,token,2023-02-28,0.84929266657034,0.5823353691776041,0.38622007316917434,-14.070589815705063,1.5211418258986003,2.598270364732807,1.6041191296960027,-0.10936477440285143,1.0453879722560286,-0.28100474261032904
6929,token,2023-03-31,0.16570895014347364,0.5947849190317008,0.3885236083846421,-13.998658489835154,1.576539787917555,0.6207949890792978,1.3689080370898647,-0.14401653265194334,1.2478624745272016,-0.2893591087105686
6929,token,2023-04-30,-0.15360073208883596,0.5534800293677314,0.38292443431648515,-13.993679945284187,1.6353735692081997,-0.4358756132665718,1.1693898771742202,-0.10272051254965892,1.0280922249389084,-0.25404960305860946
6929,token,2023-05-31,-0.310158362534402,0.5404291443318403,0.37593138941897897,-13.735177561043802,1.6888815568570996,-0.5437824845066319,1.0451410488664183,-0.11625342762880417,1.1063043132201642,-0.24997612775078445
6929,token,2023-06-30,-0.24947959148187027,0.5278141025648463,0.36987351624377746,-13.643833930815523,1.6652119306091444,-0.16188613623448203,1.0500681077274785,-0.09619398975876353,1.241001161393698,-0.2671022874869357
6929,token,2023-07-31,-0.33707042651283814,0.5108871868708196,0.36347637037612524,-13.580046634334725,1.7051365835426657,-0.5816742784949596,1.3590041464113471,-0.13761785268944152,1.3180147773991056,-0.25550598701789645
6929,token,2023-08-31,-0.43551967675378833,0.5116789789008196,0.3573730319100864,-13.50950081253437,1.7555995156976951,-0.8077300022151293,1.3823747170650849,0.028039133119262438,1.2642102737144258,-0.13328526633151994
6929,token,2023-09-30,-0.3353781676223303,0.5104295556873809,0.35273789102951975,-13.481288789175073,1.7240030445559498,-0.4977976742702703,1.3704042368336864,0.04825782355738974,1.3020524160387652,-0.0867920103546941
6929,token,2023-10-31,-0.15888715310662704,0.3409726364585567,0.3474044034922066,-13.580094377747388,1.6544471992660608,0.1400626785382003,0.3928211443126967,0.05401954690774295,1.3854140796194412,-0.22589091876027437
6929,token,2023-11-30,0.36491959694909815,0.36643123258546223,0.3503619386820632,-13.592812918388516,1.4997078867274185,0.9229888191788493,0.3715803675147449,0.0669200039916599,1.433390436237224,-0.3346712435611064
6929,token,2023-12-31,0.9256674126594981,0.3793598710100074,0.34846321716569045,-13.574490458556225,1.3874234463833997,1.1943703083709973,0.4470874065667922,0.07667822738491073,1.6143601891499821,-0.3827244615443166
6929,token,2024-01-31,0.6400206239903994,0.2712721436091791,0.3435711255278763,-13.751640826512157,1.424208789853621,0.9779571513600562,0.10772197068073991,0.20987379000074455,1.547138891679775,-0.210556998327861
6929,token,2024-02-29,0.5720287111667706,0.2682519107313724,0.3362706534986687,-13.750752508869745,1.392155861572684,0.1251221142823801,-0.047305022022418916,0.267335133730485,1.550454402827169,-0.09689473215477828
6929,token,2024-03-31,0.323315719643285,0.2479203539990225,0.33339453388937823,-13.770358623524709,1.4045657634382986,-0.6422422099545362,-0.23650440066189696,0.3404699713806036,1.6487467361796748,0.011535535854737914
6929,token,2024-04-30,-0.0024668461904536754,0.2462451462335566,0.32401281769533014,-13.603997178502745,1.4092766576541955,-0.18289956428726065,-0.39369013527300123,0.35016228482842976,1.7151191083140302,0.04468144200847872
6929,token,2024-05-31,0.22246173586109674,0.24556352596225486,0.32481197945780416,-13.66104638393647,1.310336022704878,0.3921354040595696,-0.3690191695909775,0.351972246756849,1.6307123123895897,-0.0617855669585674
6929,token,2024-06-30,-0.0048584987749604736,0.2539797480963341,0.32286411059696896,-13.512555483525297,1.3383702781466857,0.7378764804426712,-0.38918440761423245,0.3509495490962456,1.7110246362392811,-0.055853326981015396
6929,token,2024-07-31,-0.05402157674479302,0.249740436431847,0.315543288544403,-13.611756072065667,1.5001683367512149,1.1047021248570938,-0.4499182349141524,0.3223786702639257,1.6536781832673715,0.13779968900339162
6929,token,2024-08-31,-0.2413554095463265,0.2489801588715925,0.3150629060270155,-13.330798558959193,1.5978301549110439,0.6274570057798062,-0.4606398535297831,0.3720270520422995,1.9379768009205243,0.16199563156022198
6929,token,2024-09-30,-0.025521020403174277,0.2565602331090736,0.31574433408957403,-12.298308057575909,1.51700025717504,1.341578991863053,-0.4033434122545716,0.5924473494808133,2.3839571468372562,0.22551083892477278
6929,token,2024-10-31,-0.22574669576759598,0.2685239425981224,0.3032269893854996,-12.265019262098537,1.5145071578899199,0.4586159657066854,-0.3345496371939859,0.5237365068565836,2.518233761766365,0.19028945834609043
6929,token,2025-01-31,,0.20967227569668756,0.31452693346427485,-12.002728204396156,1.4451576341658627,,-1.0775624064381917,0.7739476739092043,3.2490901588930035,0.11636390418336869
6929,token,2025-02-28,,0.22277864988447044,0.3117356261287054,-11.941956033084525,1.4394095149223731,,-0.8456296300209474,0.7812150596584683,2.6193077226021684,0.10493853706730859
6929,token,2025-04-30,,,0.3108386984678501,-11.753338093487095,1.7684192017507074,,,0.8566368597241764,2.6611974084820766,0.43218580937890755
6929,token,2025-05-31,,,0.3105601881459042,-11.723884055599141,1.7476581335047052,,,0.8443662806531057,3.2563497266929464,0.2979225505277941
6929,token,2025-06-30,,,0.3101779265641736,-11.752380812791074,1.768648454881032,,,0.8708239180272045,3.2996035873193192,0.31295613414693074
6929,token,2025-07-31,,,0.3073040323119316,-11.715965115049185,1.9682203363177766,,,0.9139107298409979,3.3112530015947548,0.5360220359073699
6929,token,2025-08-31,,,0.31135630455936597,-11.659938808227206,1.863961395777787,,,0.9384265670600601,3.291267263332123,0.44060535793973665
6929,token,2025-09-30,,,0.3142536221114473,-7.45922401962322,1.8602484288411263,,,1.00546092959806,4.687329104894109,0.45093380278864087
6929,token,2025-10-31,,,0.221132433115948,-6.979207074724178,1.4076982141650671,,,0.05943463374493934,4.667458105609523,0.0003395527672963298
6929,token,2025-11-30,,0.2365355560027991,0.22058324105536037,-5.968384522481853,1.3634497691036105,,0.21078173704024403,-0.02319596726092672,4.803164234732547,-0.14017842677302375
6929,token,2025-12-31,,0.22343343327684775,0.21953042767950098,-6.084314664612208,1.3815000621798075,,0.05997717807846264,-0.006782257789793992,4.8729505851325365,-0.14426184713007048
6945,token,2022-04-30,-0.5571587687022501,0.28201767643016146,0.40966650282249056,-17.892483452732897,,-0.4965014768118821,-0.4931062072462267,-0.38334893699124056,0.3232500958632307,
6945,token,2022-05-31,-0.6690526283027369,0.28386906002735185,0.3983973641252946,-18.29895483031976,,-0.4339695515091267,-0.4796307363575658,-0.3751232562809844,0.20150663652577594,
6945,token,2022-06-30,-0.6999937974134856,0.21485846332012226,0.3883394596271311,-18.426053854227845,1.3154497658682172,0.1951013316447208,-0.7437607067897639,-0.3110778842139969,0.012900873528811665,-0.6658149055450239
6945,token,2022-07-31,-0.6916178040104644,0.17975156356652705,0.39251224678814184,-18.370663636074603,1.3959422310879541,-0.8404078629521782,-1.0124749740324535,-0.3255929752811369,-0.12826250615652918,-0.5504917079035027
6945,token,2022-08-31,-0.7546877440415836,0.18328653156521701,0.38636976795024214,-17.979245241193457,1.4489009502031847,-1.1434238186276837,-0.8303381300710829,-0.2329915654539831,-0.252256522976396,-0.34787384127186843
6945,token,2022-09-30,-0.751946933169715,0.18308439184672093,0.3793385537957341,-17.91701700016798,1.5226081754739862,-1.1828646788260564,-1.007582531496226,-0.16491691530843802,-0.2611108351721173,-0.22811981917751042
6945,token,2022-10-31,-0.6838497815397888,0.18292186879456074,0.3713781392975044,-17.912071818538156,1.5730130477086701,-1.0749888665369596,-0.9604790464833791,-0.15901181903563144,-0.23176276796460468,-0.2110503810181157
6945,token,2022-11-30,-0.7222934586933952,0.12815214959041552,0.3636630237007524,-17.472062829448785,1.630911217835401,-0.9426483581501427,-1.7434048264680195,-0.16985711156850963,-0.15866467977295146,-0.21320231793174368
6945,token,2022-12-31,-0.6965942727246335,0.12964678523161274,0.3558397610078211,-17.358234825114753,1.6961318014813038,-0.6633513735445121,-1.5656544290863337,-0.14837829666225405,-0.19154915343739365,-0.1736970658164028
6945,token,2023-01-31,-0.4112383205285748,0.22940201792030615,0.348542039073852,-17.257529450131287,1.5214611836372052,-0.592693005390098,-0.8298602323151004,-0.23261304916162048,-0.2186587928715618,-0.23576418925132553
6945,token,2023-02-28,-0.17719830935397352,0.24064795417286589,0.342100544844926,-17.23383242928376,1.5176398606247956,-0.646328715583522,-0.9101994357802551,-0.38825172674276215,-0.1445917734613449,-0.28424892163585885
6945,token,2023-03-31,-0.3265386216802567,0.24614977579172073,0.3479916274695392,-17.179409223017707,1.5598213064067807,-1.4549979270211932,-0.6888250079468032,-0.3935112661525583,-0.10791514362861987,-0.3044766951101131
6945,token,2023-04-30,-0.288083007020397,0.24154012571164662,0.3418953859736128,-17.202622705287542,1.6094502851999624,-1.102935192191442,-0.6821551936316466,-0.3493416979240145,-0.19986469701597914,-0.27760243636860665
6945,token,2023-05-31,-0.38497159002568604,0.23359124209139676,0.3376396351097462,-17.173209671104246,1.6572797120630764,-0.7996748849139722,-0.6121908492659408,-0.35110171565771836,-0.23359870055885118,-0.27894032885295883
6945,token,2023-06-30,-0.46179095570083817,0.23416724008068807,0.33527517163621323,-17.10049835998884,1.7087209181568885,-1.213126198521723,-0.521981064027952,-0.3174994049854646,-0.19308591716713758,-0.22722596421212604
6945,token,2023-07-31,-0.367462496115017,0.2408442215270267,0.33031562296635797,-17.087875121071807,1.7132136534317555,-0.7263419515726572,-0.28466157125549757,-0.3490541543138838,-0.1642164464112737,-0.24826664085673883
6945,token,2023-08-31,-0.3909821447821922,0.22986847119617412,0.32495622474892977,-17.227310117265763,1.761518067548708,-0.5183058340735072,-0.3391327040291485,-0.1885528372581763,-0.24393938261554324,-0.12800333366050545
6945,token,2023-09-30,-0.46381444728086885,0.2277026504557609,0.3217087949069566,-17.13647545747497,1.810139710152332,-1.2019222221962709,-0.3672855532039441,-0.16427169169843148,-0.19415317964310888,-0.011402837062514153
6945,token,2023-10-31,-0.4458115108708367,0.22754052634738317,0.3193185203968207,-17.129087157830227,1.841518196763208,-1.3672174729072186,-0.34331178607742174,-0.1359814222137835,-0.18695876859503982,-0.06548979410058312
6945,token,2023-11-30,-0.08319387335640416,0.27497805054250785,0.32272427744501603,-17.162779126569212,1.677316236424363,-0.4119368333042944,-0.19158969203396153,-0.1256867997748023,-0.179459254755375,-0.18446348127869258
6945,token,2023-12-31,0.4420511570104926,0.30314941711086213,0.32213105175471196,-17.126856885259823,1.5497464798331826,0.23386928236856536,-0.040446657306742705,-0.11192731943434188,-0.0794207725574255,-0.24472217676015787
6945,token,2024-01-31,0.37413876681739056,0.267884771709865,0.3211637013033079,-17.265619059931968,1.7065275853008373,0.381512239612195,0.08547490340713491,0.0506777637223727,-0.09117015566003978,0.03665395101254996
6945,token,2024-02-29,0.8541261809810543,0.29266290520442934,0.2741551333143652,-17.221937481377267,1.154483431863401,0.7164523673547647,0.11354815218222836,-0.1844279832786167,-0.05645619290113197,-0.3145712962485146
6945,token,2024-03-31,2.043508438284094,0.41346483250446237,0.3192086091058118,-17.191047544617437,1.4138614048402485,2.5518279704571944,0.8356769033552263,0.23545345645679505,0.030727092824615276,0.019863386906882045
6945,token,2024-04-30,0.8603083138459522,0.42896812364660003,0.28791753497445044,-17.212228992421633,1.5250881091669595,2.5456917180541945,0.8020493445405741,0.07183949091745961,-0.017014735345535763,0.14987831225435744
6945,token,2024-05-31,0.5775158536792231,0.41642670084741945,0.28874923067223446,-17.331728790323627,1.542767550559526,1.7721400915120182,0.7659189471870381,0.07104624764021851,-0.07178454587825307,0.14861382499137007
6945,token,2024-06-30,0.031083414765114004,0.4243881029067206,0.2649652342487682,-17.339719299757657,1.750091869191023,0.9060075342746088,0.7502205585167881,-0.10304737893211015,-0.10154987432227962,0.31762886376679683
6945,token,2024-07-31,-0.17821683834589974,0.43313769239900907,0.263612597612903,-17.34091158110461,1.8959797147173814,0.4431402513946033,0.6572025663202974,-0.07701321624997468,-0.12045245885602131,0.5311928214574099
6945,token,2024-08-31,-0.2623792902639941,0.4308132277198067,0.24919131113645904,-17.33919512714043,1.8956663848893633,0.5043332369942013,0.6414396694186781,-0.14797808277752159,-0.09391341685881277,0.44501372504302217
6945,token,2024-09-30,-0.23597045118175874,0.4214953759703991,0.2490927310598575,-17.478074564831473,1.848554146278267,0.1863533203308141,0.582790765811178,0.004328315287561019,-0.12969979374401458,0.5563249475240366
6945,token,2024-10-31,-0.3237502382292585,0.425839027050139,0.24393056372956054,-17.47233046225524,1.8730977540392204,-0.08428486652732334,0.5930043432765668,0.0027284019090219333,-0.09760117451003156,0.5424573547352557
6945,token,2024-11-30,0.2859397267055974,0.48989577094518566,0.2516715691000931,-17.785220517200948,1.8584865233831827,0.924443333883699,0.9034415565755752,0.14757996770955994,-0.1718506399512409,0.645707462666649
6945,token,2024-12-31,0.22529859278629893,0.482503195574202,0.25212280081449795,-18.100642263812343,1.8397814695305246,0.8234873175573922,1.0904942023703539,0.1752440262150493,-0.3846016900382527,0.6205598282840729
6945,token,2025-01-31,0.2624689794845063,0.48144849262372563,0.25257729412318813,-18.15811471357014,1.8834382077534573,1.061462733435554,1.0788582293290563,0.15370415546546248,-0.383913415950739,0.6396093348731652
6945,token,2025-02-28,-0.16715316799078828,0.4929608613050607,0.25213333732806176,-18.219108847966194,1.8458901530962837,0.7738494768266644,1.3357946223640529,0.17431099385331342,-0.44199518237894986,0.5869731719607681
6945,token,2025-03-31,-0.25779134497608236,0.36510538584295554,0.25064179513716955,-18.378654604327824,1.8525490960078623,0.642514539228713,0.7636567747369877,0.2355817218619489,-0.47697070862292806,0.5069462534543089
6945,token,2025-04-30,-0.18514297935167034,0.35707226907444706,0.25067100650758256,-18.362050692064955,1.8234827761238308,0.5913121487043764,0.7776845063900344,0.2245776127960076,-0.44411065898712376,0.496667524907817
6945,token,2025-05-31,-0.17869265108371213,0.35681596892700645,0.2514473160876618,-18.382302811702136,1.8511827024359944,0.6220397748035987,0.7793129615949667,0.2257642190178953,-0.3975649361195365,0.4141151104174453
6945,token,2025-06-30,-0.32661742782488823,0.34941808283837866,0.24440365977297257,-18.51113028730714,1.852124899702361,-0.015278592914303734,0.6895967437308689,0.17619035044774514,-0.41287755837072593,0.40740105222051753
6945,token,2025-07-31,-0.27107678882435227,0.3455418259086082,0.23234181956950187,-18.61676848405705,1.817831828141648,-0.28119442646985493,0.471727244135097,0.07935560348777132,-0.44923531528164945,0.3628945015503491
6945,token,2025-08-31,-0.3204589112888424,0.3458405938495587,0.2319533999194585,-18.58406240298722,1.854158249271261,-0.5876749293684811,0.47810394511530646,0.05714386156921111,-0.3473605524634426,0.42941914783457674
6945,token,2025-09-30,-0.31171049164400577,0.3468364436439379,0.23189634104285378,-18.541338346984833,1.8610349991887147,-0.7722031140774853,0.49436792720235717,0.0778380701424352,-0.2979567872888215,0.4518443177156099
6945,token,2025-10-31,-0.370423217882792,0.34986952613124844,0.23137265883061162,-18.34569774619195,1.8693708515664464,-0.4628136547742799,0.44628908383174426,0.18659699885820819,-0.25872283695225484,0.5913753905488157
6945,token,2025-11-30,-0.36565316173363716,0.12849656735767082,0.23416429744131076,-18.277481252938404,1.894808190910036,-0.11308950930908977,-0.9859862646146483,0.1277776813081738,-0.20016445584054798,0.5225817609945284
6945,token,2025-12-31,-0.4142131995566485,0.12679461370167408,0.23405040992761805,-18.26683110829471,1.8941762705687084,0.06708636748018933,-1.0346848326084517,0.15621050525298974,-0.2396678512655454,0.5047456856732184
6945,token,2026-01-31,-0.4610239695226943,0.12505818282585784,0.2342002128731397,-18.21008401715908,2.129385152851211,0.2079087798334724,-1.046606891702949,0.2631046250665217,-0.15310755184377445,0.7888757091059886
6945,token,2026-02-28,-0.46431342111382967,0.09344283361228395,0.2346046093646786,-18.194151092437988,2.1966348695092073,0.2777343774012409,-1.469757336178736,0.24551884196982013,-0.10223800865962226,0.7444381359810858
6945,token,2026-03-31,-0.5656885916393577,0.10757565317595431,0.22484031192103296,-18.19309118554668,2.202019330735178,-0.3104419010907694,-1.1453788245233016,0.22384046676860667,-0.07079976743166691,0.75016300879139
6945,token,2026-04-30,-0.5884971757700548,0.09271229974874985,0.22901842070164763,-18.00185285440311,2.205171489288199,-0.7328045740785445,-1.273091291516163,0.13116293156457007,-0.012932079236160342,0.5968900947648366
6945,token,2026-05-31,-0.6135816342912184,0.08587585085307299,0.22896127117956783,-17.84041705250209,2.2208944342683044,-0.8742463182507767,-1.3234757587245887,0.11640549954325023,0.07939561311567457,0.6768520277550758
6950,token,2022-11-30,-0.707184209906951,0.2681176419874983,0.27140205514778803,-17.939002006628737,1.0240989062702737,-0.8737815168917108,-0.28761962919503586,-0.7160247789541485,-0.30745860330202224,-0.77261209878103
6950,token,2022-12-31,-0.7357399719800469,0.2683831403529795,0.2674067296280459,-17.56016675372348,1.091502148001527,-0.8373134481246314,-0.25259153619054936,-0.6651766919671857,-0.2598459744649798,-0.7249258209676528
6950,token,2023-01-31,-0.255297243138371,0.4173220342355203,0.28253277832191837,-17.55358294715184,1.0699854714112003,-0.18050214480551888,0.5213364101287656,-0.626055300265938,-0.3185063236370663,-0.6472240202419968
6950,token,2023-02-28,0.25598274062645077,0.4277672069414438,0.2832638206591288,-17.515938107371912,0.9729306266678707,0.7228979696402342,0.46672400515934176,-0.7601685471867048,-0.25071706452682496,-0.7888610847072495
6950,token,2023-03-31,0.26706356896527095,0.4260452680585669,0.28110415657402815,-17.48471598508886,1.0092805946356005,1.0482043087126542,0.3729638170421324,-0.8052372994929968,-0.2380504825501748,-0.8022998240410475
6950,token,2023-04-30,0.03315215589249654,0.415686720386722,0.27728542075193374,-17.368168910805096,1.0647390870048596,0.4904568932531784,0.351506307154591,-0.7377052318965126,-0.26321378865525613,-0.772504704503363
6950,token,2023-05-31,-0.10308997684185306,0.38658746183268927,0.27231799606054946,-17.230865775110736,1.1174547729124447,0.16447764595642633,0.2141917893176507,-0.7517277872150521,-0.2560689931704273,-0.7737088526349969
6950,token,2023-06-30,-0.14033289796692583,0.34872326226358896,0.26788103470919306,-17.27568729278688,1.1483833603227858,0.37854361094928074,0.09129877240122675,-0.7485803606106812,-0.2657675991702172,-0.7407796656098168
6950,token,2023-07-31,-0.2039903482229941,0.3294910795404536,0.26325379567072443,-17.317856281944145,1.1837636051710412,0.0517931197834821,0.2549036838884441,-0.7766471928046089,-0.2613948742682818,-0.7228040940460736
6950,token,2023-08-31,-0.30369525440523537,0.32588167367093845,0.25897175540533646,-17.33680841041193,1.2282249287069764,0.04892217607153483,0.2473870887550201,-0.6294261829392889,-0.28835796346285797,-0.6039336835473441
6950,token,2023-09-30,0.005348495067230452,0.34761764424876457,0.2678681963531246,-17.141094352021234,1.091917906483056,1.3701636834587039,0.3697333032639961,-0.5330454473544488,-0.196043867176504,-0.640010267407708
6950,token,2023-10-31,-0.07993452945848356,0.34732988269142695,0.2683911046375857,-17.149484709023724,1.1181225910406558,0.5548191093156195,0.4340773485217847,-0.4805053353927575,-0.19599585535574354,-0.6857541337588214
6950,token,2023-11-30,0.00778476836308406,0.3468041951582822,0.264314870081408,-17.120139328294183,1.1058999454854634,-0.14091234797333715,0.25071677819274574,-0.5327418383942623,-0.16019532298081765,-0.6677243332606163
6950,token,2023-12-31,0.7374027515610029,0.38332708827081113,0.28069156167634424,-17.285428241149926,1.01506373980053,0.8204614539168891,0.4724665173642227,-0.40873988931448485,-0.15502815969513675,-0.699293768918012
6950,token,2024-01-31,0.6072843605194496,0.2972172370570079,0.27664854236196545,-17.317770617102454,1.0404279413480062,0.9045208590741172,0.278120219385198,-0.26558511154562836,-0.11548458286186,-0.546612653947431
6950,token,2024-02-29,0.7701289364107013,0.2922295586574875,0.259248112655112,-17.33525371059173,0.9604976024156332,0.5403780767137687,0.11069266967891817,-0.2928460098581491,-0.10891350959121826,-0.4922367027439755
6950,token,2024-03-31,0.7705951807472107,0.289700461445363,0.2520708065871149,-17.31709983011566,1.0108433206128693,0.18827054221633854,0.03409266478067437,-0.2615587685286437,-0.028896883143585468,-0.34119556875185164
6950,token,2024-04-30,0.12413228389389142,0.3050440136202888,0.25054533459014056,-17.353716682849385,1.0271916825379455,0.21747969870123296,-0.008910245529262058,-0.21632933452146352,-0.08493598588873773,-0.3023839217804729
6950,token,2024-05-31,0.20453207309929833,0.29645422544897254,0.23994199460656226,-17.481133106336603,0.9932945218697357,0.3224473835184366,-0.030983810738552352,-0.30915831295491475,-0.14107966609381556,-0.34877477024911224
6950,token,2024-06-30,-0.22505677167837257,0.31871204233486955,0.23937289617777363,-17.306829527793578,1.0062943951064733,-0.2921790738879106,0.04363649254943868,-0.30372213461164327,-0.0859730228513749,-0.35708705139605806
6950,token,2024-07-31,-0.38860773572558727,0.3263313267771748,0.21333769184909698,-17.211774420919582,1.0985981761960513,-0.6775675311374187,0.012440743355195882,-0.46367068406223805,-0.05901597749563442,-0.26131704223509833
6950,token,2024-08-31,-0.4112993042803421,0.32191756573356756,0.21561090475620215,-17.245132138641914,1.2271819312040888,-0.3677984888050904,-0.018570525498790277,-0.41306933760568226,-0.046232090190092084,-0.19021186728558628
6950,token,2024-09-30,-0.32189961730231276,0.29864650534099096,0.21529492695057997,-17.40708950648139,1.138595595423849,-0.2853399423621249,-0.15171291825992342,-0.2938960485246467,-0.0952518925984104,-0.15204950641037673
6950,token,2024-10-31,-0.3156125508058807,0.29842732140847794,0.21170411015514135,-17.411537715630836,1.204087071141571,-0.03920529936432727,-0.15823470756291003,-0.2804293655323455,-0.06706261355605396,-0.11457070843193748
6950,token,2024-11-30,0.07700495121363238,0.333329476457453,0.2101079452240056,-17.325975806663838,1.0366274222360434,-0.1354068558073269,-0.22665277618256982,-0.2493869383333729,0.13796219338167068,-0.2977498446826994
6950,token,2024-12-31,-0.0858067417215268,0.25591331833703024,0.21042531018913133,-17.35010023404484,1.0438866583295365,-0.286607433727976,-0.7387984666907575,-0.2344388623255569,0.11052302536217036,-0.30941553594950605
6950,token,2025-01-31,-0.158251202911445,0.2602668095360741,0.21309917318779475,-17.317518254195395,1.0461959890583068,-0.3593805366495783,-0.6761177985843423,-0.24155316791779255,0.11221951369680194,-0.35994024982972544
6950,token,2025-02-28,-0.3849100780403245,0.2648659046406075,0.2063970997642302,-17.262465437934047,1.0361711652663912,-0.6038669886630171,-0.5058213289539935,-0.2914011304740338,0.024549975358724222,-0.3732511536512446
6950,token,2025-03-31,-0.48272788805546285,0.26414848885678,0.20741486018000357,-17.21535972022846,1.092756073609622,-0.7445766289114645,-0.482696653877147,-0.20732860552020677,0.25507853425676724,-0.38573937317430684
6950,token,2025-04-30,-0.4162510058621779,0.2551528607956822,0.20734375051357679,-17.34000794665141,1.0723243400096092,-0.6376177149877486,-0.49255322189348155,-0.23057351404328585,0.03612774377138206,-0.38296996949900164
6950,token,2025-06-30,,0.25728779880742486,0.21125222230919033,-17.47598725347344,1.3870194420190582,,-0.3444869657115645,-0.1739177145947221,0.15571120360216212,-0.11881741504288358
6950,token,2025-07-31,,0.2566694605737918,0.21068452440541438,-17.645558653978863,1.4953611385077166,,-0.4326179902556917,-0.16175529813725345,0.08001077737576602,-0.008334364775969997
6950,token,2025-08-31,,0.25648680479356245,0.21082379107866994,-17.68460072956221,1.4853216838124776,,-0.41925672152988847,-0.1773709704715124,0.12530666951437502,0.008545776928522607
6950,token,2025-09-30,,0.25184835234472996,0.21085679772874916,-17.775186433755373,1.445055419795962,,-0.44545210289348564,-0.15913868622249552,0.046696427022595875,-0.029683644166797876
6953,token,2022-12-31,-0.546588712761716,0.3896687048838571,0.2425819298772399,-17.24399101336814,,0.003267920683394358,0.8953092724338048,-0.8102516314418594,-0.15290994854233184,
6953,token,2023-01-31,0.2958332162580726,0.5806967685524155,0.2936121393915783,-17.14426982784413,,1.276272055776382,1.6960457188958662,-0.5600177668897313,-0.1804606505269665,
6953,token,2023-02-28,0.7049439841916776,0.5808028498638578,0.28186635299127005,-17.1461529234703,,2.142003711566228,1.592842033750137,-0.7690021751443384,-0.11160763383682086,
6953,token,2023-03-31,0.30029793658459303,0.5867623431655129,0.31909181235540773,-17.12409428789165,,1.1883526178646437,1.321556759439679,-0.571404167198275,-0.08433745481092038,
6953,token,2023-04-30,0.07202130257566197,0.5894634012823317,0.31327819482986297,-17.107281581015798,,0.6832558077036984,1.3829721541403195,-0.5213565480608482,-0.16338078245206614,
6953,token,2023-05-31,-0.07550496225127301,0.5490310265194739,0.3037338732072405,-17.173017935198153,,0.25882988600217766,1.0916026288389287,-0.5590501442623464,-0.23352397539334988,
6953,token,2023-06-30,-0.17696345139135994,0.5354139563500929,0.3007922281862126,-17.228621281350918,1.8431979748611056,0.19717081724520277,1.0907542017231326,-0.5380666663674679,-0.2462410410611755,-0.10397670265903107
6953,token,2023-07-31,-0.22826329415208646,0.5182466757010626,0.2924135839001756,-17.26698390164589,1.896027325459506,-0.06374723835161562,1.403799016273713,-0.5907214142568339,-0.23989877467483509,-0.0844137247653605
6953,token,2023-08-31,-0.20971322960359795,0.5114263204798081,0.2886904462962174,-17.330997673658683,1.930328534594317,0.6596580687973924,1.380831292193117,-0.43086159929309764,-0.28600080635254543,0.022649316437475402
6953,token,2023-09-30,-0.22749626610026685,0.49978123152317133,0.28244926500019474,-17.40056794771643,1.9714703513982779,0.09364187334489003,1.304957744693155,-0.43317442825569186,-0.3022561843688891,0.12979816701651953
6953,token,2023-10-31,-0.20881179661603044,0.4655913228107423,0.28858276179782427,-17.646121366704225,1.9885711079843538,-0.12220304479070519,1.2015508653404736,-0.3439087962849946,-0.41602955064733604,0.06059844330625079
6953,token,2023-11-30,0.016827826642141552,0.45613930339789444,0.2819196194537474,-17.810779404243085,1.9168994266271298,-0.11397316566001829,0.9240040060679447,-0.4100543765778229,-0.4722147002311559,0.018157932310505547
6953,token,2023-12-31,0.279999411095871,0.4505260329779636,0.2766472001094721,-18.123865515573897,1.8639241308629915,-0.08797860094461724,0.9023520898139946,-0.43770784591621076,-0.5547980376924841,0.022382452501510948
6953,token,2024-01-31,0.4238533625618195,0.1450953836921816,0.2724922890818685,-18.988982953863665,1.854248028474273,0.49303552287282004,-0.7209626112535169,-0.29511367314051323,-0.8946477163446805,0.166004570180656
6953,token,2024-02-29,0.29768051321612843,0.14202474640609813,0.30598759070587944,-18.98566188348456,1.907377055233156,-0.4499641827727079,-0.8790630265962218,0.04708791050414012,-0.872934557533897,0.374979853052547
6953,token,2024-03-31,0.0831899779601859,0.13395666286704638,0.31052768363788946,-18.982202626582364,1.967413872885971,-1.0881099681120385,-0.9746126122533311,0.17118971948769632,-0.8165069508921393,0.5157842496097602
6953,token,2024-04-30,-0.3906805060818641,0.18321963319073112,0.30631999687648137,-18.80807964246689,1.9370641455039677,-1.4106544384782091,-0.8061292014910203,0.21373683110509198,-0.7831037958394875,0.5240951023286894
6953,token,2024-05-31,-0.30598669508877896,0.18429245306914915,0.3009060886532879,-18.92660251078432,1.9196985209967832,-1.6618086996426116,-0.7760049120074245,0.16574722273097423,-0.8115019057058389,0.4898155875882804
6953,token,2024-06-30,-0.5303906362501205,0.20769616827167903,0.297668088981165,-18.598892684752165,1.9449477720099253,-1.720486566859519,-0.6986512806511362,0.15338239177667992,-0.6979041699859055,0.4943871660952007
6953,token,2024-07-31,-0.6426484823472016,0.21989829488250248,0.2960903895572084,-18.484785747148138,1.9898866308945053,-2.030788822386001,-0.6300673624920368,0.17276906782462342,-0.6646459642735965,0.6245260048131787
6953,token,2024-08-31,-0.6769605024757894,0.22115121853122463,0.29149093741398724,-18.33362414464811,2.0399280831035678,-1.9236105855906083,-0.6293094222102493,0.1859446482846273,-0.5979979201210677,0.5820980240020416
6953,token,2024-09-30,-0.5903516131083024,0.23004658244762904,0.2872971232139988,-18.270652877439513,2.0014809054722966,-1.7589606406068576,-0.5618664331763721,0.3414354394120356,-0.5143252346110336,0.7089104884766153
6953,token,2024-10-31,-0.598267693985514,0.2295496918803123,0.2846554252559235,-18.19348140074907,2.0484385640242926,-1.6050029084402906,-0.5643478254293205,0.36055743955148023,-0.4598633375979431,0.7146576434954931
6953,token,2024-11-30,-0.1648697183751867,0.33068524846603187,0.2817146728632974,-18.079816780448123,1.7944286381081014,-1.3623491579757974,-0.245738793881351,0.434516400017797,-0.37058935356462397,0.5721718896325777
6953,token,2024-12-31,0.013972839646915425,0.32405661080277326,0.2792533942302291,-18.11960338791875,1.8047292683205882,0.06942885776728541,-0.18866786565426233,0.4418053878624509,-0.3971101450008155,0.579602552110592
6953,token,2025-01-31,-0.12153301161437291,0.32649872400104085,0.28461843916528085,-18.054779859802718,1.868088792848862,-0.23537698945334706,-0.15059768974800317,0.47450202849994366,-0.32292359953815825,0.6212842899211417
6953,token,2025-02-28,-0.3978422345784718,0.3388450355292879,0.2845546346104763,-17.98709675528865,1.8630555907992596,-0.6856868720956141,0.09147880210353607,0.5044428987737586,-0.32884526963178023,0.6073292104011534
6953,token,2025-03-31,-0.20611989118653262,0.34656199483570743,0.2886953441509015,-17.969528310423694,1.8072811612606852,0.9611511476483339,0.5347311673742636,0.6254846809411903,-0.2195118322980566,0.4537606706643863
6953,token,2025-04-30,0.02158675141402777,0.3333003113957064,0.28242582984534653,-18.00860533326946,1.7386947139086857,1.690609060572767,0.48141083262512424,0.5581607879402064,-0.2780334226561964,0.39737720875512905
6953,token,2025-05-31,0.1788538377558766,0.3357911033758881,0.27819720670417264,-17.954336467372855,1.962311528367412,2.368978265131626,0.5313107603894621,0.5056954236392189,-0.16271150349310295,0.5388424374259063
6953,token,2025-06-30,-0.16666820666531112,0.33044614425571034,0.27914879112360663,-17.925028022510293,1.9896347232364373,0.6971556210368214,0.476652945378003,0.5431292115486118,-0.09094025092816502,0.5629791203304677
6953,token,2025-07-31,0.18520404044199834,0.34139508370518173,0.2817606208836652,-17.89129118168869,2.0204186945432783,1.4511613815563402,0.4295309265757761,0.6295356537575868,-0.053897443177135206,0.5961128843815225
6953,token,2025-08-31,-0.005283188029642338,0.3404650309055416,0.28207098178027434,-17.890037450685725,2.0284280820036074,0.584726122132888,0.42411833579757074,0.6133925068204128,0.017349646847773233,0.6282756030183648
6953,token,2025-09-30,-0.13130507795701518,0.34602244619672035,0.282115176580894,-17.911121375086942,2.054124618816759,0.134168492791435,0.48631416914828496,0.6434728168933602,-0.014453866617835043,0.6753602199526162
6953,token,2025-10-31,-0.4277506501994146,0.36624605484933964,0.2669208311741286,-17.73390669344374,2.27047680821914,-0.7555066235062491,0.602797256957637,0.6280315723347171,0.006424384999308334,1.1048734320696845
6953,token,2025-11-30,-0.5961255508772056,0.2883072937856765,0.2668103294965936,-17.555050749680095,2.242668948607066,-1.3948589564357259,0.7842669199877532,0.4906869006372826,0.09348481372396139,0.9564664076412609
6953,token,2025-12-31,-0.672503209910027,0.28902355969689203,0.2670757821768353,-17.42600043400065,2.234938595569189,-1.6158045660721347,0.8029396851103635,0.5269338698848192,0.1132022989335215,0.9361238385932993
6953,token,2026-01-31,-0.6039890402984742,0.29086232269931106,0.20886431675170192,-17.43383316353148,0.9291292267620511,-0.7366938261447701,0.8066593888494946,-0.02781127382250567,0.3379410422251732,-0.697991445059879
6953,token,2026-02-28,-0.6448157249398787,0.2774105177013997,0.20679922389213512,-17.258271299682846,1.023101590062312,-0.688510038117916,1.0409507607249202,-0.07691456027594022,0.447065708300966,-0.6274659565663302
6953,token,2026-03-31,-0.7016364223413082,0.2752462802979078,0.204322743581845,-16.774816920336335,1.0146820391590001,-0.9010533731421715,1.0852206078105893,-0.014548086170924361,0.7596483479767999,-0.6298740652305296
6953,token,2026-04-30,-0.637375895459724,0.2603882764069921,0.2041551139497825,-16.651447095132635,0.9402094745694551,-0.9339794730071787,0.5672339996679658,-0.15746182571869924,0.6985704633715779,-0.7317898941780308
6953,token,2026-05-31,-0.6075485996298815,0.24472189688644427,0.20425494402839187,-16.216957140803146,0.9386452065601422,-0.8518507391828063,0.41503721168303415,-0.160921078227844,0.8902245035102779,-0.7235278297399442
7064,token,2022-12-31,-0.6881091223420637,0.5956034453004795,0.6684871984041029,-17.639797643768702,2.6682536168311386,-0.6256436715043703,2.8443677276789474,1.6787183370459302,-0.2867784991189883,0.7125669390114481
7064,token,2023-01-31,-0.28088592077823893,0.6044532612672159,0.6551426995578947,-17.394848370471895,2.5774715440791196,-0.24813935261578843,1.866861440509241,1.5948525621295755,-0.2649712170157796,0.726648256568834
7064,token,2023-02-28,-0.04413086691924728,0.6053780975220132,0.6408701115709429,-17.356090865370735,2.606021530845737,-0.22572053541419804,1.773679836738053,1.5003209094778236,-0.1905841554753162,0.724014927441598
7064,token,2023-03-31,-0.13581064309338842,0.34505803131264773,0.6349908002867765,-17.29713471846849,2.6766421797134092,-0.6507038898033519,-0.1050433962569973,1.373113027067031,-0.15809499272945732,0.7054018655801716
7064,token,2023-04-30,-0.1889976308979202,0.2966604361702932,0.623006287941598,-17.271955200150487,2.7427052067079436,-0.6114514683511932,-0.3549840368324342,1.3403856212581897,-0.22639596396299863,0.7520265356215959
7064,token,2023-05-31,-0.29015841488302174,0.28699565322016213,0.6116603495706558,-17.169671281538125,2.8092405924545596,-0.4753743328448275,-0.3237361524425981,1.3295028123016586,-0.2322196852699318,0.7768722928142149
7064,token,2023-06-30,-0.4218540784050805,0.2765904455693366,0.6045212086330567,-17.106748085837594,2.8720912839497648,-1.0153824482971676,-0.2948668885606821,1.404710333416383,-0.19567877836841685,0.8390119652221935
7064,token,2023-07-31,-0.47549172884203195,0.23964817429612162,0.594627302000985,-17.120197424842658,2.9359320016394768,-1.2405661530684935,-0.2919415306784221,1.3362240211342251,-0.17787422017523652,0.8476358958083344
7064,token,2023-08-31,-0.40130661006777024,0.23658208642935072,0.5853287904241423,-17.187088171771023,2.9827848961402705,-0.5853986801407564,-0.29812096695652734,1.55111901726666,-0.22762313067717319,0.961899960987486
7064,token,2023-09-30,-0.218939115733918,0.2511909260820819,0.5760660401144446,-17.088328746765026,2.9855432509611988,0.14055462766367827,-0.22292243817599766,1.5779131857541955,-0.1744449172436403,1.0173425945461518
7064,token,2023-10-31,-0.12037371797452845,0.25463324255583664,0.5686419863114565,-17.08560911845756,3.0149014713233755,0.34238267949921314,-0.16748996141763203,1.550691558216771,-0.16769592619455762,0.9406094912747054
7064,token,2023-11-30,0.24951230688534975,0.27391327519707703,0.5605809435387068,-17.09378094189374,2.9666328405972746,0.5791916289613137,-0.19814659449811656,1.531935812280452,-0.1482870546998465,0.905943373561339
7064,token,2023-12-31,1.7735763012795345,0.5055654842252639,0.5932916729363692,-17.4061562406627,2.518725693173998,2.8783859880821585,1.254450863237867,1.8302751707753018,-0.21259169975750286,0.5790755462583567
7064,token,2024-01-31,0.7542334359556382,0.5127811452796663,0.5877360749772431,-17.65898833817674,2.5575335978660783,1.2341673767488284,1.6938681533400626,1.9445707064888103,-0.27456925624773865,0.7818328326643893
7064,token,2024-02-29,1.001407399711236,0.5149374029842783,0.5848833362777728,-17.699993693703938,2.5573605553238714,1.0251819720614774,1.5781979661049943,2.075482922995312,-0.277762057908532,0.9702789173589593
7064,token,2024-03-31,0.8546970300714527,0.5078502339628567,0.582500730420008,-17.781864218445673,2.5733484029590237,0.34443165494113526,1.4469824795331443,2.184570021585097,-0.24873502896645633,1.0586335588291187
7064,token,2024-04-30,-0.08926387252481682,0.5366326199006094,0.3973706837832053,-17.794938282123695,1.9861454787072454,-0.4574016829842239,1.5066059939987715,0.915808671443756,-0.2967446789190722,0.5686779356585255
7064,token,2024-05-31,0.12541081040421442,0.5310701253586381,0.39240693733051096,-17.897574536885354,1.8907804536657298,0.014923240248810074,1.527424124667164,0.8785316942506329,-0.3342290995419775,0.463638657810381
7064,token,2024-06-30,-0.009991088528143899,0.5210231015807106,0.38918076203662316,-18.123412233440934,1.958530089454044,0.7138669706783242,1.3963531822002004,0.8709519727989962,-0.47271293498790007,0.5067080008165341
7064,token,2024-07-31,-0.1965680530510745,0.5201473272583705,0.3892768953673104,-18.0775186810491,1.9801166663371725,0.3453872145705346,1.1824567537540585,0.8894538198574453,-0.4708903057223103,0.6148157307404044
7064,token,2024-08-31,-0.17997326569620853,0.5194660891663913,0.3907317312655106,-18.040356613559943,2.0480896589518496,0.986933973351049,1.1787594422737768,0.9693737192237588,-0.4493381212527341,0.5898535399665169
7064,token,2024-09-30,-0.20125394691217258,0.521484670042296,0.3894924352139659,-18.323543895215302,2.052794721335283,0.37692355285512885,1.1806188491073384,1.243184316565101,-0.5399923904066257,0.7601098102503843
7064,token,2024-10-31,-0.22134801049791897,0.5266135037049,0.3863069823548522,-18.280613304896416,2.102358706912999,0.4829829409573739,1.187186187163707,1.2537189504388937,-0.5036330817465263,0.7676120251720634
7064,token,2024-11-30,0.16666340110399758,0.5323525070290466,0.38773128620902814,-18.216873552870585,1.9377315528151964,0.31939787882796233,1.2098939574116876,1.4470625416745444,-0.4630497478106577,0.7366771945639932
7064,token,2024-12-31,-0.1287593212507857,0.29065901783503634,0.3888098333563252,-18.10078836479268,1.956693477841122,-0.4398720287084206,-0.45829143721487964,1.5182106526938401,-0.38469807132463035,0.7571674377090708
7064,token,2025-01-31,-0.27791102327355977,0.2841269214327062,0.39344349672020307,-17.937206758103013,1.9946866035235111,-0.7634920044971039,-0.4867986659266598,1.5640650559951028,-0.25353015070373003,0.7724242901009649
7064,token,2025-02-28,-0.297645242147926,0.26866701015265937,0.3950478940130251,-17.943469594897234,1.995723257688211,-0.05175499717736072,-0.4751315818153247,1.6295474832598886,-0.3075687519523492,0.7646562866876797
7064,token,2025-03-31,-0.4559741043244171,0.27568376425602276,0.30286788202651027,-17.7129125481397,1.9624519013433661,-0.5795970456937666,-0.3402890475318054,0.7706988488330845,-0.058026230445320244,0.6360717544223133
7064,token,2025-04-30,-0.401582635045061,0.2418493127260963,0.29675386927895137,-17.778455092670654,2.2258542419496616,-0.559617832330945,-0.6583574486193764,0.7086762808785382,-0.1698902119777283,0.9678610987306532
7064,token,2025-05-31,-0.47089487127731866,0.21615226752854838,0.30079394407271465,-17.764260773872802,2.269773823992974,-0.8056327694638729,-0.8799084727449914,0.7421648732818779,-0.058404401617375076,0.8839279718751624
7064,token,2025-06-30,-0.47706030563605006,0.21626433975602455,0.30010153628495395,-17.700119544591857,2.3354707081795696,-0.6853703421639543,-0.804940237469405,0.7644084569442743,0.03259865030294269,0.9542565799151718
7064,token,2025-07-31,-0.5181146560146302,0.2165953871906775,0.3039120063691695,-17.67431115938471,2.5331306386880152,-1.2191200559940898,-0.8404027628350322,0.8761472682822788,0.06434253487153699,1.1863478418372846
7064,token,2025-08-31,-0.5150468952886293,0.21278622919255097,0.30386682918925384,-17.633801324795876,2.5462480736728303,-1.3115097307667594,-0.8581320962442952,0.855301835706565,0.15200176307806038,1.2191515242960904
7083,token,2021-10-31,-0.023492349486001873,0.7887270544232343,,-21.462968080060996,,-0.3079233852835211,0.545189087390342,,-1.0573758337915702,
7083,token,2021-11-30,-0.1814530997936692,0.7610472502590354,0.6701529565040101,-21.456822651026187,,-0.39908600541537054,0.5577208233386113,0.2316329385576614,-1.0427952465512085,
7083,token,2021-12-31,-0.32904233936189964,0.7379642195917909,0.6419977804132682,-21.45073987811613,,-0.4553498712221122,0.5448848071940461,0.1947968248759479,-1.0362375918049853,
7083,token,2022-01-31,-0.5044334520528059,0.28181680034268886,0.6169309116448176,-21.39695935696091,,-0.6538059246454471,-0.5876168297151974,0.14420202079328284,-1.0942488224212708,
7083,token,2022-02-28,-0.4943971681322751,0.27152825542350983,0.5980730049810326,-21.40280821667086,,-0.6939632926047562,-0.5541158138307591,0.08557719128726993,-1.054460487962646,
7083,token,2022-03-31,-0.40997664845626025,0.258374602794892,0.5780208431978181,-21.4544588402957,,-0.9586104118431895,-0.6493132877079367,0.2049296170458485,-1.2695226097837264,
7083,token,2022-04-30,-0.620487866295794,0.22413820213384972,0.559997680222454,-21.221027016759802,,-0.8562701665436214,-0.7091794980665058,0.3264486014133279,-1.332095715126413,
7083,token,2022-05-31,-0.6490726248115284,0.21686360049793024,0.5456944241748573,-21.137738807487544,3.102240014266644,-0.27243084834437015,-0.7463220518773722,0.3551885013885486,-1.3136212446108835,1.2726922592967485
7083,token,2022-06-30,-0.6388412094641732,0.20608297922072438,0.5375054164593552,-21.137112224984406,3.2001177780686936,0.8475836236299854,-0.7793432093537139,0.4309692539315054,-1.2330751731100347,1.2810076247161404
7083,token,2022-07-31,-0.3177997129129303,0.29903180055269707,0.5269715109640819,-20.931254322742646,2.9263866517553443,1.77215011253384,-0.4181763578505379,0.38284565378434393,-0.9155240020018176,1.0883489941425515
7083,token,2022-08-31,-0.40868501804020363,0.27825428569818306,0.5146301498780361,-20.81582860642136,2.9936470766609733,0.8129534489409266,-0.3042019081578846,0.4248228716927582,-1.0297574594074008,1.1119523790447514
7083,token,2022-09-30,-0.27580432219172946,0.27875948579775933,0.5025049467698017,-20.821771280592017,3.060218296593752,1.8118770536074236,-0.3117044408120821,0.5018180024407137,-1.0758534391061139,1.2135374812084911
7083,token,2022-10-31,-0.11691128218980584,0.279631528318284,0.4912394694284015,-20.803476624224192,3.118402626379962,1.6405391466979458,-0.2774751262409778,0.5235297606465712,-1.1480123425983082,1.1962597883632482
7083,token,2022-11-30,-0.19660830296541254,0.27986858183757674,0.4805148637709678,-20.746610269286524,3.1949166251239407,1.45338579835359,-0.165397758683859,0.5218839130689207,-1.2021255525533001,1.2286272321011713
7083,token,2022-12-31,-0.23714961256467504,0.27758693010541213,0.47041681263080515,-20.542753478915103,3.271886902682131,1.3784041131742815,-0.16548275502528334,0.5212044994225881,-1.2686076555578631,1.2628873257349722
7083,token,2023-01-31,0.04284845691982575,0.28159344842356465,0.46441223385304153,-20.41762263125009,3.255730842528705,0.6075707269694457,-0.4545894812629367,0.45802080661117933,-1.2844374588864993,1.3447910464255213
7083,token,2023-02-28,0.03500576822625856,0.28004219586603896,0.4555200732488225,-20.4236860679927,3.3238472133121952,0.02441966029597774,-0.6203155567950417,0.32869217120475835,-1.3445823165743518,1.389000111750482
7083,token,2023-03-31,-0.03890774322218837,0.2793616857021578,0.45013989346770283,-20.378846980817883,3.394443854737828,-0.24206733247714854,-0.4927998916135223,0.23526270016660208,-1.4716580039086333,1.3544697150093368
7083,token,2023-04-30,-0.13959804348701998,0.2545011706943207,0.4426249396058243,-20.33794165443797,3.4638038973547283,-0.36641941491406066,-0.6052238402879552,0.2561327871628746,-1.3996482064424813,1.4071872496524338
7083,token,2023-05-31,-0.16590855541796135,0.2508899123218445,0.4349262733134172,-20.273923610923237,3.531821584624507,-0.050388058960397726,-0.5187550717467487,0.24556983523833367,-1.4420388255572847,1.4391431604243647
7083,token,2023-06-30,-0.11076065902888799,0.2471558962908967,0.42762957748328306,-20.29547687761145,3.584312270678985,0.5249678139944549,-0.45244582001159167,0.27323782148671144,-1.518605793997594,1.4917680027823192
7083,token,2023-07-31,0.09830366070050234,0.15726179209495295,0.42292552786886356,-20.321595371701218,3.5775743221012832,1.4907267438745424,-0.7934012589637361,0.24143602808199346,-1.5306233681502868,1.4227294548904286
7083,token,2023-08-31,-0.23122896611118127,0.16758635632680863,0.4176008961326837,-20.219943461239588,3.5867096092943243,0.5198394963485865,-0.7195980167755006,0.4304498862432833,-1.4579174485405284,1.500864517443215
7083,token,2023-09-30,-0.19503513232811498,0.1667685991400616,0.411250419273927,-20.213958257260426,3.639853740999829,0.2716031254400829,-0.7417970583971814,0.44903131741155683,-1.4538828196057632,1.5900130894960431
7083,token,2023-10-31,-0.2374759281799761,0.16436477021873952,0.3992391139991939,-20.21257355069474,3.759184404455349,-0.2727823713470813,-0.753299349942805,0.4046813080855264,-1.553090114138605,1.578783345782553
7083,token,2023-11-30,0.1069287623808195,0.20610879462568468,0.39576652247796984,-20.169846407506025,3.6511714520535534,0.1544366421243731,-0.6156875975342375,0.38334445417463836,-1.5380008352720411,1.484874562315734
7083,token,2023-12-31,0.3262616456164207,0.2080958645098003,0.3901070759226347,-20.231299476991204,3.6568002874830046,0.0039019411238500504,-0.6485239277365967,0.37495459888463434,-1.5596300547590873,1.5466332054000296
7083,token,2024-01-31,0.10162305583443687,0.2038667924452667,0.16581104256896992,-20.314736365329907,0.7100640901423426,-0.22981420031623,-0.33497266885623417,-1.0530424003815406,-1.5127488155176763,-0.8358940004299954
7083,token,2024-02-29,0.8522170077815714,0.31747568877320403,0.18062501996100222,-20.244364815209085,1.0850815981657242,0.712450375164078,0.2770488650391148,-0.8646678881745151,-1.4556240695829503,-0.37813421231578404
7083,token,2024-03-31,0.9046211414773213,0.3145824196671309,0.17977260471755993,-20.23833691704078,1.1223163363795217,0.4371312192382301,0.19524555041943073,-0.7967727437496391,-1.4106708762116997,-0.24132826196834437
7083,token,2024-04-30,0.007778495473108826,0.35043499603470896,0.17670946353823347,-20.230236954721814,1.1536131282393876,-0.15049790132488847,0.28812842179584397,-0.7856615123832931,-1.4658112654821394,-0.18754950561494144
7083,token,2024-05-31,0.36053456903174963,0.3599080777544061,0.1825049393891218,-20.258289945434782,1.0135315930324473,0.9287892475813735,0.3905007817503819,-0.7565884913702964,-1.4291510027081165,-0.33045596682867084
7083,token,2024-06-30,0.18639660861957386,0.36348827470311296,0.1811991932640971,-20.238741767531977,1.0385318166212585,1.6325401082189241,0.3430247565918981,-0.759874033933677,-1.4745494329891915,-0.32784373971822567
7083,token,2024-07-31,-0.10857165977404193,0.3722769637439806,0.18473686763546726,-20.194863926099995,1.1070313035065547,0.814125377716181,0.28980242002622086,-0.6836357362045564,-1.4782087374943198,-0.2529354378807484
7083,token,2024-08-31,-0.2813529647672699,0.3597628744142836,0.18471675429079334,-20.25276575391071,1.2648790978067637,0.39321624846451037,0.21080766187315125,-0.6569546861326221,-1.5708270791289853,-0.15439023395921372
7083,token,2024-09-30,-0.12088164148851333,0.3622981767379672,0.18632773040388015,-20.202906700934268,1.141732464721912,0.8181133919634477,0.22885539220829185,-0.5494961973873179,-1.4520167748742494,-0.14891963626034493
7083,token,2024-10-31,-0.09980171147038208,0.359263097577817,0.17796900019971001,-20.219605684491036,1.1538061991411408,1.1563013255742032,0.20046240363558757,-0.5768429438154825,-1.477664364448562,-0.16395100203459478
7083,token,2024-11-30,0.4003113049540168,0.38573669651429243,0.1772136172503162,-20.26187039932571,1.03817682484929,1.5046087879897863,0.15162214292196116,-0.5635549146630194,-1.8426329038499363,-0.29597120012494826
7083,token,2024-12-31,0.41491155924944945,0.3854913412127733,0.17812922895318342,-20.36299859920985,1.0078657329251515,1.5000696049662159,0.3073035490225211,-0.5517517665518858,-1.87705446719322,-0.3515047326015422
7083,token,2025-01-31,0.2758832479963851,0.3818579792562931,0.18154550330473665,-20.448368155602722,1.0397530286305787,1.1067649887960547,0.288652814813921,-0.5574704103140737,-1.7356561423906944,-0.36763223940692286
7083,token,2025-02-28,-0.19057979503931577,0.3248067779233186,0.1783063393711116,-20.46468395529015,0.9809238608301734,0.625632596782306,-0.021864690948338143,-0.5774370703213302,-1.537139079960436,-0.4387674703506051
7083,token,2025-03-31,-0.32668057620747015,0.3267428375658044,0.17934321694845917,-20.413355598769563,1.0237520881800135,0.21770297720829582,0.2900557132646857,-0.4949553064685533,-1.7573866571730892,-0.4668125920078635
7083,token,2025-04-30,-0.3774040680576001,0.29856905059784866,0.1830450384640633,-20.536984546700623,1.10463712474148,-0.43104694935116117,0.04854962825444513,-0.48583053220316297,-1.4660706162812867,-0.34513036651739104
7083,token,2025-05-31,-0.27473618859507487,0.27463431444497477,0.1809774361283081,-20.60923789355129,1.0357653031280116,0.1527800906422537,-0.19007403213874277,-0.5116862128117596,-1.6196314727491035,-0.5010824700432897
7083,token,2025-06-30,-0.1580461923026365,0.27901515694909645,0.17057481787872547,-20.626471872383224,0.9587447759321803,0.7355591717425737,-0.1006159374188993,-0.6035065483114707,-1.5748034117996037,-0.6033656709987123
7083,token,2025-07-31,0.07932231324100569,0.28113772839342893,0.16310162398892947,-20.78031788664358,0.9273792433204829,1.0491615312110787,-0.18363439098810688,-0.6914962438291593,-1.6282288058006071,-0.6621961941521197
7083,token,2025-08-31,0.08505900498346852,0.271935595009348,0.16290667802531694,-21.003529145774603,0.9242435368340257,0.9207839916547883,-0.26410788191871837,-0.709196893244443,-1.6187906286626508,-0.6316913176957956
7083,token,2025-09-30,-0.08590537376432128,0.2769917205974685,0.16548027763794906,-21.067550749055854,0.951671041789398,0.3622603332719015,-0.19668153823853876,-0.6702325054042613,-1.4343726982497869,-0.6008135402855864
7083,token,2025-10-31,-0.24482432598405568,0.28873228783703025,0.1668215859356556,-20.983597157271433,0.983456009496238,0.178448495887705,-0.13799087195767373,-0.6149934473530903,-1.4019754188484628,-0.5427776401208848
7083,token,2025-11-30,-0.1386540250707453,0.1995985311316954,0.17563574264954424,-21.0935472877777,0.9445208403587222,1.1493634855152495,-0.1983765677201471,-0.5228542880525181,-1.3448222885958572,-0.6627059789520492
7083,token,2025-12-31,-0.17853476402497392,0.19833540850410208,0.17553780290664484,-21.071966144617388,0.939380574571269,1.602651377708093,-0.22431700497115875,-0.5006175354577194,-1.4168946721434812,-0.7039501516815634
7083,token,2026-01-31,-0.4056403056769585,0.21055604010893517,0.17138766662324598,-21.024023606271616,1.0258060547662489,0.5738411919493968,-0.0909594869810496,-0.4581316898524811,-1.9331778378489795,-0.5782289869008459
7083,token,2026-02-28,-0.4131593487072228,0.1886576851853481,0.1751236945759856,-21.149841585479063,1.03158324413221,0.5515665432309903,-0.17030792486707017,-0.4442264501048555,-1.8370460327039226,-0.617550587199431
7083,token,2026-03-31,-0.43328637014433546,0.18182430453483747,0.17027593219664022,-21.348844598231477,1.0326239794616487,0.26476603371983687,-0.1576148827076581,-0.4101295685448409,-1.9186013799563415,-0.6090202244784433
7083,token,2026-04-30,-0.4555150407928099,0.18111900027335887,0.1735329676519936,-21.336193764945282,1.0328802034906457,-0.18547707177869258,-0.302784810360613,-0.5129378543458678,-1.769731485255713,-0.6344512060232627
7083,token,2026-05-31,-0.4214251697637491,0.17259051996209201,0.1734506096242167,-21.329779872049677,1.0274456321465133,-0.16093112344084357,-0.3744148237173464,-0.5066973074728152,-1.6633491031348968,-0.6265464281208494
7102,token,2023-05-31,1.3490085633448063,0.3525879146933538,0.3339770375021663,-17.391929707134704,1.2997952319558024,5.1312595044138645,0.030549111589005085,-0.3735649010979201,-0.3188403812847223,-0.6065874152879768
7102,token,2023-06-30,0.31743825338539544,0.36655541956177623,0.342208221552304,-17.460430968530513,1.3253340093109127,2.645155082413432,0.18676387587305487,-0.2731527315283632,-0.34241331461594193,-0.5786030285415573
7102,token,2023-07-31,0.17095372062020986,0.3636053085387409,0.3364420961811135,-17.512227453758086,1.3677084066914673,1.8365444277346077,0.46254615521790454,-0.3099911373522223,-0.34352631853944215,-0.5579373650172048
7102,token,2023-08-31,-0.09088249355987388,0.36284004253925184,0.3308525519261922,-17.63316671325118,1.418570384269594,1.431871647022727,0.4731561943734008,-0.1491566957762482,-0.40857732813246067,-0.4340624201329248
7102,token,2023-09-30,-0.06984495000724567,0.35954958280738347,0.32546192133988017,-17.649227564086353,1.434107796757447,0.9579316360899588,0.443069117525049,-0.13856516971879063,-0.4040419324565059,-0.3405162858597201
7102,token,2023-10-31,-0.15678104767331835,0.3615847948712335,0.3281269922909619,-17.69055260034072,1.4713013717526338,0.15112653850887,0.5265865177957251,-0.07639211926459066,-0.43571470350951436,-0.38292646731093366
7102,token,2023-11-30,-0.16085835796790848,0.35083529257533086,0.32436603149322757,-17.843747597467214,1.495243516080693,-0.6432985746152573,0.27554033623296403,-0.11424541922221039,-0.4871091662158123,-0.33844687193662004
7102,token,2023-12-31,-0.1506341682675888,0.3375939795785207,0.32201175345993494,-18.126687688669485,1.5193871728918227,-0.9432517436032026,0.17990234547477418,-0.11278179986805677,-0.5561436598738043,-0.2705327695844188
7102,token,2024-01-31,-0.3770114852279389,0.33323832491232414,0.32021916565612063,-18.537265745722685,1.5561982913315853,-1.3035209196794322,0.5146940555641906,0.04396720564110888,-0.6840452766658696,-0.09498109445774251
7102,token,2024-02-29,-0.05097316597542323,0.3487969998405562,0.31900358992979827,-18.500193825238842,1.5153973083015184,-1.1808089808018714,0.4834367002825933,0.1417526313812829,-0.64819753750723,0.015978160635891678
7102,token,2024-03-31,0.2685339599084289,0.3519463209870855,0.2523161297295658,-18.438626419830573,0.58445501678369,-0.7439615018126251,0.43724019018072974,-0.25974267392477296,-0.5593900365882599,-0.7231916173430716
7102,token,2024-04-30,-0.2979205539922125,0.38528450798317,0.24509060375561326,-18.055686703664396,0.5474806390791979,-1.1172941189581684,0.5161836881831305,-0.2583895654285829,-0.42191711487210526,-0.7381275355170052
7102,token,2024-05-31,-0.14934150802930468,0.27971657948047746,0.2426515213225781,-17.97715678785299,0.5697437040243998,-1.0529688592899584,-0.14216161372359057,-0.28805131125751404,-0.3711400924436046,-0.7321772946703504
7102,token,2024-06-30,-0.364614228248189,0.26689028942141263,0.24127237763915385,-17.77624566196616,0.5934775727312916,-0.9450085960842259,-0.30286038366832657,-0.2888279120860237,-0.30829215014841027,-0.7315627518497418
7102,token,2024-07-31,-0.4086620528440109,0.26804432626517277,0.23019011170360662,-17.72446112927692,0.7005747781376701,-0.7843926340667645,-0.3394224858304956,-0.33406101322432874,-0.30292460423470685,-0.6569086802439567
7102,token,2024-08-31,-0.5393507502187352,0.27253816117001106,0.23004623432165205,-17.579594575312736,0.8396759384313988,-1.117716015169853,-0.317856188825029,-0.2991136104167164,-0.21577393609443615,-0.5584384168080195
7102,token,2024-09-30,-0.4613205435508181,0.2733499223220462,0.2252608502804464,-17.563679419463462,0.8121315647005989,-1.050666950162548,-0.30295918797839755,-0.2059589406805659,-0.17124244565539565,-0.47778511338981994
7102,token,2024-10-31,-0.4039391793858025,0.2737956069964721,0.22398384632737153,-17.571696248975737,0.9093392716101767,-0.5284998591321237,-0.3034670915282166,-0.1725334510387393,-0.14751647366984447,-0.4040392936122602
7102,token,2024-11-30,-0.12347451987167768,0.3067264355185719,0.2238115487499332,-17.503552477403673,0.810596669132529,-1.1523663588800628,-0.4186733250339573,-0.11850621653817378,0.018166515318464502,-0.5572229896579576
7102,token,2024-12-31,-0.25572358792584016,0.31381532676822005,0.22451602668836745,-17.435808927691454,0.812047085615436,-0.8929094742403241,-0.27134722465568667,-0.0959958685041972,0.05398189792888487,-0.5803120012163288
7102,token,2025-01-31,-0.3576698967521529,0.312922626364641,0.2300031391457126,-17.4745546891703,0.866783171750917,-1.0328512207967808,-0.25831784799931556,-0.07230964313041674,0.01953419998104169,-0.5741339479323696
7102,token,2025-02-28,-0.5346863697279127,0.2766846158170346,0.2274184598071789,-17.47829388540955,0.8509931345051234,-1.5514799170014768,-0.41039823260492386,-0.07734980567521489,-0.08070733997505493,-0.5928488812313396
7186,token,2023-03-31,-0.05579529062107258,0.21943990559083665,0.5999345534603475,-19.469934241665687,2.404102289794323,-0.31328160201846794,-0.8464734367030715,1.1573241916333148,-1.0842389157846588,0.4589593085501608
7186,token,2023-04-30,-0.3107800726586428,0.22674161502492773,0.5945439387450039,-19.347693485199944,2.453988979826506,-1.2155172782335126,-0.7699929764741746,1.1693015093689045,-1.020712779788839,0.4897108057368693
7186,token,2023-05-31,-0.5527397959613813,0.2305348633739479,0.5879027183482338,-19.146168586032516,2.48641813101649,-1.373512030676994,-0.6286993506740605,1.183794183358983,-1.0025192666114144,0.4809941643588919
7186,token,2023-06-30,-0.5437637529343393,0.21212305882472163,0.5798298244424772,-19.2186795376305,2.54384141357325,-1.6190069142649004,-0.6399953911428489,1.2467739612344744,-1.0718684311044688,0.538168422685499
7186,token,2023-07-31,-0.4989745793243243,0.18523292882420941,0.5702161915303035,-19.271452029664662,2.5982600988122373,-1.3523456199153703,-0.6231498381666066,1.1805762954455588,-1.0868858088800943,0.5449860701871465
7186,token,2023-08-31,-0.547510040268224,0.1887362207351961,0.5609410312708523,-19.077925807784617,2.6509028105844537,-1.5354918777657245,-0.5903989715350181,1.3881729016346773,-0.9946517481214725,0.6657162196350023
7186,token,2023-09-30,-0.5264039346768241,0.16674277219269554,0.5535627267527237,-19.028295334407588,2.7049113674708916,-1.5450557560759817,-0.7419557954042202,1.423779843889343,-0.9685463208846006,0.7717258696673772
7186,token,2023-10-31,-0.45743090780771634,0.170494854614216,0.552860812330214,-18.973050940295025,2.7515748950408407,-1.4282568580301676,-0.7135173430211481,1.4439319331009033,-1.0039225564365142,0.714824203583872
7186,token,2023-11-30,0.08703163270910186,0.31817186421930793,0.5511859933614712,-18.88974001309675,2.615165241600992,0.09516328711576057,0.07439845706153826,1.4664624240055824,-0.9596706544626238,0.6086985556792628
7186,token,2023-12-31,0.6963457740092414,0.3462062844841291,0.5433183449106571,-19.003768341760626,2.5794689016594106,0.7389189734845383,0.2349970443661598,1.4723385289700022,-0.974338838423055,0.6307176415171342
7186,token,2024-01-31,0.2860965847627832,0.3518212064331096,0.4851461180444332,-19.021886680934507,3.122491361571132,0.18400981479845624,0.6367398856704324,1.2157089990433958,-0.9099882990604984,1.276535088961293
7186,token,2024-02-29,0.5637046733528843,0.3579224454739664,0.294200233669307,-19.007284529675402,1.4389763478541904,0.10767333889878672,0.5435676751917099,-0.038640956296637136,-0.8829442975929664,-0.05401334875064262
7186,token,2024-03-31,1.0359865034122246,0.38102717242990874,0.2845732930372278,-18.967350494513976,1.439585371414583,0.6810516711436442,0.6255880318205816,-0.0209471830715386,-0.8094817457399917,0.042909172865929136
7186,token,2024-04-30,0.08491807325992418,0.3976944613970662,0.216401257673169,-18.918335794230988,0.8259450754947291,0.09346181057006611,0.5973944447597345,-0.47960680921334153,-0.8360323275390178,-0.485185474925805
7186,token,2024-05-31,0.10953063487034886,0.371454254150252,0.213419003003972,-19.096483968527725,0.9349012956901691,-0.046798946805299245,0.467194871647139,-0.5157703479892808,-0.8902945159253572,-0.4016329147339646
7186,token,2024-06-30,-0.17069869177681152,0.3813869810002433,0.2138295987274508,-18.90133526156223,0.9350824896428335,-0.03789986730254005,0.46270125288201946,-0.5040123527571543,-0.8411433235620792,-0.42168502011667885
7186,token,2024-07-31,-0.3003742436426433,0.38597173918790373,0.21426417339552714,-18.843470779258315,1.022138829813386,-0.20756639283304018,0.37247416275347733,-0.456545240398545,-0.8352889167584812,-0.3373092533064905
7186,token,2024-08-31,-0.3546917714057177,0.37904107540671367,0.21334120353039757,-18.924766571766522,1.169062941292538,-0.03628344252147476,0.3276517028807698,-0.4309868678231635,-0.8976530302244173,-0.2454392844507531
7186,token,2024-09-30,-0.24716436608880954,0.3765572249117262,0.21404026483995373,-18.956218172206494,1.0708689489901737,0.12490626477104957,0.31410911380389067,-0.30496691006733734,-0.8470189880840494,-0.21962503758262053
7186,token,2024-10-31,-0.29703030016277077,0.3823177654184184,0.2057430778429757,-18.924276853332156,1.0841401444727568,0.06373301373666818,0.33639627799014027,-0.33280598206760426,-0.8269703152030508,-0.2323692711854191
7186,token,2024-11-30,0.19271786373997535,0.3627563311734306,0.20710470238340767,-19.020904576476937,1.0301334948898915,0.45156269965311374,-0.014249960785867658,-0.27807038571712345,-1.005460196522655,-0.3052045813882627
7186,token,2024-12-31,-0.00034083792725503326,0.3401862933412313,0.20707510960252018,-19.03833999387762,1.030858788450319,0.018354393320009876,-0.05845061861016582,-0.26735498828250637,-1.0031910605416132,-0.3246381481158434
7186,token,2025-01-31,-0.1015702819403358,0.3335924183704013,0.21138920902271818,-19.04479379392922,1.0756470821460586,-0.16795947230844732,-0.09431245222840985,-0.2586734320781747,-0.9072450156614421,-0.32477978227615695
7186,token,2025-02-28,-0.08757529872834402,0.32683616079945466,0.21513750770422954,-19.072843812564788,1.0604142672298893,1.2773271425710684,-0.005479655826663624,-0.2024013752242997,-0.8583529490743105,-0.34450190041212747
7186,token,2025-03-31,-0.06744964479154036,0.28785514831622827,0.21271332776724033,-19.133180432523776,1.1662359035446483,1.8162735365010692,-0.1900284243621586,-0.15303963000037893,-0.951785881296585,-0.29940745632796834
7186,token,2025-04-30,-0.028540842184912485,0.25780142135124423,0.21251769093655376,-19.301076450104716,1.1264028505647627,1.424052776488194,-0.4595437921868594,-0.17622147259290785,-0.8853409619404924,-0.31964180430915545
7186,token,2025-05-31,0.07762490113878995,0.2597808265340708,0.21233530946143891,-19.31630610074883,1.108159025886267,1.8743832090165495,-0.36528075051357617,-0.183533571653365,-0.9101143022636696,-0.4198301445899346
7186,token,2025-06-30,0.06184509510768299,0.24907306857748462,0.21161212868782245,-19.658497861539324,1.138378697026986,1.714982987408286,-0.4366902927456096,-0.17011678964367002,-1.0431096009362775,-0.4001285662400147
7186,token,2025-07-31,0.19552963235673837,0.24606409873082857,0.21161447077724566,-19.75454995719181,1.192563352949432,1.4903644292793172,-0.540535771058994,-0.15140219510770409,-1.0692521029063087,-0.35691574681266486
7186,token,2025-08-31,0.05329547298443438,0.24756985725802055,0.20998984949275085,-19.847478053759,1.2087478676933296,0.8026289575995821,-0.5088076859542352,-0.1866267817090617,-1.0112856350960824,-0.307048080067808
7186,token,2025-09-30,0.09685606001861746,0.2454982417000392,0.20336197091276403,-20.02098254782623,1.2838713071606884,1.2804687784958229,-0.5082806227171592,-0.24355590582908188,-0.9635742987137421,-0.21626649844630277
7186,token,2025-10-31,0.06296430323386315,0.24125206643005573,0.20356873416256593,-20.291865949188626,1.2922049306190944,1.7499050217997199,-0.5917526452820409,-0.15867008008488387,-1.1021825282259843,-0.14751558108458623
7186,token,2025-11-30,0.02988607019548506,0.10601618262365953,0.20728513500592322,-20.56169897394111,1.2755797747896935,2.0866972179021475,-1.235005673736718,-0.1710242018465134,-1.1286397379244206,-0.2497781461726742
7186,token,2025-12-31,-0.18157736447208273,0.11027197553881697,0.20816897915747562,-20.396345488379275,1.2737142035098468,1.5828272865639708,-1.221842585494042,-0.13431918277559476,-1.1333579628714332,-0.280710219537105
7186,token,2026-01-31,-0.32046264297631544,0.10889276585260672,0.2062497405071495,-20.53592894884181,1.4029258003027487,1.1366293032101649,-1.2272949143932264,-0.05783278143968715,-1.624413996645586,-0.1110561526431972
7186,token,2026-02-28,-0.40098835689809564,0.115111833285229,0.20666238431737405,-20.34267665813005,1.4188026056275098,0.616718913132218,-1.1740285879475427,-0.07850136257708594,-1.3632900031098103,-0.16487673801862618
7186,token,2026-03-31,-0.33490534235785085,0.11814768165266391,0.2039618744900411,-20.236376336397786,1.3817993503553188,0.6921723655670424,-1.0047342696388373,-0.01874093491272294,-1.2672131441594352,-0.20317517894051107
7186,token,2026-04-30,-0.2781358822580361,0.1182810837927614,0.1992952315586006,-20.203626129203897,1.3774780872591543,0.5445795769395714,-0.9924614667862491,-0.2138775868875103,-1.1730036151520213,-0.272495426270398
7186,token,2026-05-31,-0.21234582314984973,0.10917997267373869,0.19323843030907184,-20.255909411495637,1.4876898277951505,0.6152044868149711,-1.0684205083051033,-0.28458057767723555,-1.1270099008645038,-0.12390100850353332
7224,token,2022-04-30,-0.7226482242635419,0.4097401813637593,0.1521207091738185,-18.80594852334234,,-1.4366368467144919,-0.016297765422310387,-1.599366622211092,-0.13103285072658288,
7224,token,2022-05-31,-0.8164284916366281,0.393311578822636,0.1492006510898783,-18.901932198787037,,-1.6255061721718067,-0.044033853412534775,-1.6106624411169106,-0.12031701402570293,
7224,token,2022-06-30,-0.8390626641634924,0.3859878351920629,0.17084066322564873,-18.803298704675548,,-1.2887274965979965,-0.04987177206782812,-1.3930563922280017,-0.1604771888714163,
7224,token,2022-07-31,-0.7224172439044605,0.4053906862322655,0.17177440148734943,-18.684278922948696,,-1.0556604798047087,0.11174326819234821,-1.4886159731099755,-0.2246844923607052,
7224,token,2022-08-31,-0.7251694209092066,0.3395283991392757,0.1665203648778475,-18.339390813007764,0.6560539731104702,-0.976520577661031,0.03526627071301352,-1.3605424830906567,-0.3509715908180937,-1.0971353451752688
7224,token,2022-09-30,-0.6155797883457654,0.3315997167151272,0.16561507163468275,-18.39141047007258,0.6208597706554573,-0.32517126907583443,0.07262085727337798,-1.3218632612951493,-0.39417151213338286,-1.0735956345755833
7224,token,2022-10-31,-0.48768728516638804,0.28338283679713916,0.16111354018142854,-18.34799880202026,0.5650428145279132,-0.135407669178156,-0.2509818223692157,-1.3563482032990433,-0.3699025097265899,-1.128959223659993
7224,token,2022-11-30,-0.43358806919097015,0.28491279148258714,0.16821461271387256,-18.32161736498128,0.5594301551626074,0.3732495074773808,-0.11293278601534716,-1.326875126848212,-0.42938206390257855,-1.2009821882971727
7224,token,2022-12-31,-0.49958892883518735,0.27456469486856305,0.1646290912300921,-17.898218848949156,0.6302414264951073,0.21213326405941213,-0.19408654052647428,-1.2658042829087377,-0.37418095657850625,-1.1454479899562688
7224,token,2023-01-31,-0.09585884828463465,0.3026793406669021,0.1611622668362848,-17.688575638720202,0.5038514449806735,0.24093299136799823,-0.3029761121243344,-1.3494732981745312,-0.3640341997139863,-1.163179595536741
7224,token,2023-02-28,0.7750743977831964,0.4163986776695613,0.25509050159471625,-17.66821808800046,0.7239424280909573,2.363676459576848,0.3830682924955957,-0.9382568312098044,-0.30800324670214585,-1.0195207938339739
7224,token,2023-03-31,0.1999732920581676,0.4262879092561003,0.26838535218885484,-17.566615079174806,0.7910028022347194,0.7652866682517374,0.374395946934752,-0.8835279391035284,-0.27295952384995037,-0.9996762055979251
7224,token,2023-04-30,0.0339075874778616,0.4053266368595132,0.26336966446640164,-17.518540924708773,0.8266632776969934,0.49420398836661705,0.29001317542275296,-0.8213513423750844,-0.3207562159128629,-0.9888106266229937
7224,token,2023-05-31,-0.12712109957134854,0.38890687230985765,0.2583746134188525,-17.436795725229512,0.8757144310074644,0.08228119639875402,0.22671968414617585,-0.8372443586494681,-0.3363259983287238,-0.9952723696727263
7224,token,2023-06-30,-0.3092725142075735,0.383190665842063,0.2574026076263145,-17.383257131758388,0.9292633066051184,-0.4579452569590657,0.2758212726238316,-0.8156047423492272,-0.31039574265153325,-0.9416048879492503
7224,token,2023-07-31,-0.3444226896390181,0.35730176783730333,0.25275775115328614,-17.374688912670514,0.9496203643971638,-0.6166713949217777,0.4241785060637041,-0.8435710412640377,-0.28540947478607015,-0.932662866414378
7224,token,2023-08-31,-0.26642852897133373,0.3486666510160765,0.255011574074353,-17.48194304706931,0.9151725197802881,0.2910974949676946,0.38657461553890016,-0.6558860212961474,-0.3472326217509648,-0.8833131311003218
7224,token,2023-09-30,-0.2638778545538648,0.3487978971051758,0.2507162347650431,-17.46773315045878,0.9187424382744656,-0.10581243653410542,0.37698734700832365,-0.6505254431494504,-0.3297494319914397,-0.7915781890626665
7224,token,2023-10-31,-0.17895153449676549,0.35017287115570506,0.24726751202224645,-17.433695943876675,0.8744963482718566,0.03465983279848975,0.45252730442248335,-0.6234064168582051,-0.321914970026317,-0.8946476761013553
7224,token,2023-11-30,0.005568860027066025,0.3536045275856385,0.2444016849968655,-17.42134139661632,0.8036812229875514,-0.1475135172693305,0.2925933267448394,-0.6715167838951683,-0.2962732672780153,-0.9233181614996617
7224,token,2023-12-31,0.5476745547181101,0.3579318231090218,0.24626807783841853,-17.50203670761165,0.7022068808281194,0.4436458990207152,0.3100077444003731,-0.6552999382639276,-0.25830784781502447,-0.9652754994895074
7224,token,2024-01-31,0.23927749998190073,0.3535078847419088,0.24373540722392867,-17.55914337118169,0.746686728461664,0.0789819457021518,0.6478173955867141,-0.4994201241658457,-0.22801890735723265,-0.8038255822719751
7224,token,2024-02-29,0.6215977962948247,0.24961260039598085,0.24130956093872988,-17.50155132924601,0.6607179290797119,0.22902839771213193,-0.17012641038258594,-0.4233122124106896,-0.18589742360802386,-0.7667953015546363
7224,token,2024-03-31,0.7348115573637746,0.2295785362994063,0.23633193306200787,-17.524678793893898,0.6469604838547732,0.12182717040249527,-0.35529878267188125,-0.37807155649633795,-0.12708378311845603,-0.6671937364864053
7224,token,2024-04-30,0.08771848052028641,0.25312128574890935,0.2343223489377464,-17.445048746402506,0.682473409580777,0.10231830898537479,-0.3486926664071805,-0.3414212122404333,-0.12877999770676118,-0.6155073906428069
7224,token,2024-05-31,0.12887891800265328,0.24418990924629097,0.23277345860398124,-17.505401812542424,0.7222130583751426,0.028402888849552856,-0.3781432536414971,-0.3650006490647576,-0.15233571919111977,-0.5941604785245784
7224,token,2024-06-30,-0.22058793703940094,0.2526229866250664,0.23147692885784393,-17.41196557089188,0.7499764011452514,-0.2712745141901297,-0.3982561503696731,-0.3656360288554954,-0.13576626949867582,-0.5895990400675793
7224,token,2024-07-31,-0.21395919604504676,0.24965679172242522,0.22983092942009956,-17.462019153052985,0.827250196100623,0.2527482765593615,-0.45042317593535647,-0.3368234353534986,-0.17806889610729285,-0.5310071972359879
7224,token,2024-08-31,-0.35165257713030795,0.25839806174941926,0.2247784768498491,-17.349599426880715,0.9459647762771554,-0.018484775458755567,-0.4035584987656813,-0.3406984686378389,-0.0991874446416273,-0.4574377284505344
7224,token,2024-09-30,-0.2527547520442641,0.25948510601411734,0.2206438767096521,-17.327032314534364,0.8993216595860495,0.09421881009074164,-0.38585582841934757,-0.24669809643861548,-0.05640143169458202,-0.39078956163734063
7224,token,2024-10-31,-0.32053743922833366,0.26379923810254946,0.2220097751757966,-17.327316228230647,1.0494871140194968,-0.06648723179299713,-0.3624072229854648,-0.18987862924023005,-0.024754884930204422,-0.26640163279579776
7224,token,2024-11-30,0.04661015985105066,0.2996451471861033,0.22137043247029284,-17.25654904916973,0.9048596652411185,-0.28958858699783535,-0.4697860108092229,-0.14182089140167578,0.18479844419707994,-0.44901330704063264
7224,token,2024-12-31,-0.002628081655001391,0.27103231487168494,0.21950587221258136,-17.374867049351987,0.9429897226425505,0.010192986312642273,-0.6167406331210101,-0.14522124218714041,0.09418461672684837,-0.4273100908517636
7224,token,2025-01-31,-0.24785759139904162,0.2808206841034042,0.22781854214846886,-17.422961231910065,0.9860061586303807,-0.6619964779961104,-0.5130321549503326,-0.0941819597792956,0.04998545018046036,-0.4317984512727142
7224,token,2025-02-28,-0.3397602851090429,0.258518777184251,0.22760758461091107,-17.45218636347326,1.000654271713537,-0.31821078091867505,-0.557067403569621,-0.0754240304300129,-0.0679749698858734,-0.4153696980749402
7224,token,2025-03-31,-0.45507829497568564,0.2550680157440718,0.2288673223672052,-17.401274767334993,1.071030349320921,-0.5740729577934546,-0.5947987403647308,0.012476871317370027,0.13808414931227406,-0.4112650640254848
7224,token,2025-04-30,-0.5465835412858993,0.24599130329556348,0.23245571596038467,-17.463951613900672,1.1601915392761981,-1.330668265465452,-0.6067351641066833,0.03322669919535742,-0.022111022717521026,-0.28007385692488423
7224,token,2025-05-31,-0.5834865260708926,0.24093959688628727,0.23527043755883872,-17.44789369286679,1.233893894820701,-1.3557449970709088,-0.5875255213401928,0.05647705599707922,0.11520713566533318,-0.27870947690979986
7224,token,2025-06-30,-0.5899989755092561,0.23212790787401139,0.2344329894639,-17.61092462086871,1.2543606474460836,-1.1884135699614122,-0.6268852413627061,0.07089138436521959,0.08159210299149063,-0.26890704825620554
7224,token,2025-07-31,-0.5132970886473949,0.23465700313082252,0.23061258790270067,-17.563195285835274,1.3906982608742267,-1.2008292572712798,-0.6566118145539707,0.06010404861251836,0.12489344785346254,-0.12882246697973196
7224,token,2025-08-31,-0.43327334479480795,0.2356990968779634,0.23113312316506684,-17.633837189249178,1.355828027556036,-1.0073257803261602,-0.6280231502425806,0.04803971455292936,0.15198291630336058,-0.13921731578927027
7224,token,2025-09-30,-0.35374604517134633,0.22778736368282648,0.2306436914449294,-17.635075103894135,1.3661238227867412,-0.9833931854702688,-0.6835135143722783,0.06372897879257929,0.10972546782283761,-0.1210529635248717
7224,token,2025-10-31,-0.4630565779764435,0.23917143537978408,0.2333272904309832,-17.26356126360737,1.3627596989995578,-0.9357658187519203,-0.6116369425120938,0.2108694694222564,0.2102697722741252,-0.057190980358955916
7224,token,2025-11-30,-0.47923221760210066,0.13499807449732143,0.23156722296722299,-17.25060759938311,1.376905368414653,-0.7447580757116278,-0.9139678589923783,0.09890733442084873,0.21723306120993852,-0.12339533807068585
7224,token,2025-12-31,-0.5468637048658357,0.13786091008713777,0.2323960079902767,-17.06912899109918,1.3781884150035144,-0.7971992175896538,-0.9093329884383575,0.13763916416298472,0.2629700030722005,-0.148454130540598
7224,token,2026-01-31,-0.49518032745631035,0.1321949864622459,0.23326435609570106,-17.117183231648333,1.5573510991427357,-0.017770013872866197,-0.9668356776648868,0.2523587799487886,0.5382506497916001,0.08024463548585788
7224,token,2026-03-31,,0.13840530458924757,0.1533005161765085,-17.06278801039741,0.9508410963990447,,-0.7352377990977479,-0.6073627295942703,0.5910314204195106,-0.7040761209347636
7224,token,2026-04-30,,0.18539203723305153,0.16064251123557566,-16.537290956167908,0.8028735347981533,,-0.2558861541320292,-0.6625762307529038,0.7587171137913481,-0.8760436447361959
7224,token,2026-05-31,,0.1821035036173577,0.16067132280601565,-16.530541302117044,0.7704722805213238,,-0.2702986314359181,-0.6501437962188474,0.7336064707943454,-0.9071941350975186
7228,token,2022-08-31,-0.6888838506038785,0.2659484974701202,0.6625284144638779,-13.66194937026278,3.6453536931435044,-0.7713537984668597,-0.37237790099974755,1.1833549469230182,0.9311042848342432,1.7278324841314066
7228,token,2022-09-30,-0.6926904872324181,0.24332214307961694,0.6459473645475453,-13.582944285018927,3.744721988046183,-0.8101659380021312,-0.5694525063874378,1.2783128425463235,0.9545354290841309,1.8553254938972419
7228,token,2022-10-31,-0.6373534258848206,0.24310385362490364,0.6308143637750748,-13.567788202048062,3.8321918598541402,-0.8522801310406688,-0.5354487881873106,1.318328790219479,1.1448857068077765,1.8462724847907839
7228,token,2022-11-30,-0.6095225562193711,0.2297032246662392,0.6168415167888655,-13.504275209531249,3.9242124413854484,-0.42864690453608945,-0.6871691120025676,1.3289121856859896,1.1057027508272816,1.9009524387155146
7228,token,2022-12-31,-0.7102595004179844,0.231913021150433,0.6043542394532967,-12.887893402864092,3.9941014060114246,-0.7240791521858981,-0.597761049851606,1.3039283999058386,1.320396531186078,1.921315835370913
7228,token,2023-01-31,-0.5231246348537519,0.25848913373416554,0.5944289686701145,-12.869928899787068,3.9737066310324756,-0.8884362243107379,-0.6207158633611437,1.2329738396394097,1.2611111991945254,1.9991301140502078
7228,token,2023-02-28,-0.35414097884750717,0.2624049536918546,0.5822146307828729,-12.841088629044327,4.022029729251356,-1.2056205517250667,-0.7500998084091598,1.1295497590068782,1.5079138320118541,2.035788099953645
7228,token,2023-03-31,-0.33164761318954106,0.24026761048986842,0.5729518495812292,-12.692895070378066,4.103527959231663,-1.476542387553723,-0.723543039541392,0.9912320747060084,1.8044369964593883,1.9956547536936808
7228,token,2023-04-30,-0.30767292922596157,0.2354634525272026,0.5618162448033821,-12.580032631584322,4.1763311936813095,-1.2001052115435469,-0.7182237893761655,0.9725788701548257,1.5690485877937157,2.054560346127029
7228,token,2023-05-31,-0.2918445883553987,0.21329844989778193,0.5513256181966564,-12.512550675353786,4.255807082134155,-0.48114174847196367,-0.7217988590948394,0.9594620913297365,1.5827982482446692,2.1027013065264293
7228,token,2023-06-30,-0.29252999990380735,0.19528994666163835,0.5419720332128032,-12.458335488844178,4.333897949369743,-0.3750462475523721,-0.7301120701026622,1.0046197685215357,1.732836001633513,2.1787690692364623
7228,token,2023-07-31,-0.2632732524747008,0.15936239218905338,0.5325726662164234,-12.404399280448699,4.402655146784226,-0.23039627776802585,-0.7806155737050775,0.9405573455069172,1.8147839959365932,2.1622359569799317
7228,token,2023-08-31,-0.5770446733697128,0.1949544759043652,0.5258109016206369,-12.24360936025366,4.4024426705177095,-1.727420712578976,-0.5524132608275897,1.153451944609879,1.7777260573987992,2.22885460950687
7232,token,2024-11-30,0.15863898561101641,0.357799083540403,0.15427160365301026,-16.724391630273573,1.3128093349992171,0.27869293508477605,-0.05003133681250748,-0.7826700761144979,0.5437991990114904,0.01929457739700065
7232,token,2024-12-31,-0.13737403432773243,0.3644223795167308,0.15695633642490114,-16.742052857692627,1.3095265884757181,-0.47061128872682256,0.13721079092918975,-0.759777996419771,0.5116455104808576,0.0009754696406695983
7232,token,2025-01-31,-0.22889173418131903,0.36091553427036766,0.1633901898639979,-16.835691533373147,1.3782544767639915,-0.5979455678740102,0.12248404168984013,-0.7392425014304194,0.3966010381702942,0.03649093349087932
7232,token,2025-02-28,-0.40495855306975415,0.3110098876173108,0.1613688472116346,-16.84633089630657,1.3709364969072972,-0.7307107896230903,-0.13325940847165185,-0.74990415276026,0.2274945138646265,0.0237381965363808
7232,token,2025-03-31,-0.48979444110396897,0.3130450667764807,0.16097978513677869,-16.800418357360577,1.476222219056717,-0.7881531558225131,0.120951233062784,-0.6831100670045644,0.5161967723568809,0.06479742599081882
7232,token,2025-04-30,-0.49703832973022577,0.30104289843017495,0.1643647047725431,-16.89315317210595,1.5073181111385203,-1.067208830485841,0.07938158561882057,-0.6820667058165051,0.24609628388943086,0.12642566865399185
7232,token,2025-05-31,-0.5716028810259629,0.290789188823819,0.17256847822237753,-16.92845927285349,1.5597719874768534,-1.2976826259320962,0.0004834007452291588,-0.5996839452123636,0.4002551497927773,0.08704534041097177
7232,token,2025-06-30,-0.7464297389488134,0.2995953168043129,0.17556525555932911,-17.230769165760773,1.4801883106440672,-1.885176124857807,0.13037877043254187,-0.5508031781490167,0.2904058731779468,-0.013406527179467593
7242,token,2022-08-31,-0.23418787364984894,0.23032937714432986,0.22861126643495064,-11.032234843282003,0.12149201567131018,1.799599567271121,-0.5697134025832011,-1.0420942542157934,1.6519029514052501,-1.6023106283416364
7242,token,2022-09-30,-0.16136332386380725,0.22923590667557572,0.223143258952909,-11.031949667593313,0.1734573078833093,2.5316639949400583,-0.6719065818314192,-1.010446727014153,1.670053437347311,-1.4930784526233865
7242,token,2022-10-31,-0.13277020603633094,0.22884142292983764,0.2182212994034106,-11.031536929303932,0.20549595115585406,1.5645779057267044,-0.6361760177617882,-1.0311522443612,1.948591623477105,-1.4563808422448152
7242,token,2022-11-30,-0.04887276553123321,0.19629635161216488,0.2133284069630443,-11.035188101341902,0.22561668609194024,2.1267534785414193,-1.0346349798132302,-1.0598099078456513,1.8924972121130919,-1.5087190552300709
7242,token,2022-12-31,-0.006989734281461879,0.14648723510946535,0.20864320994436353,-11.059236117776067,0.2546975534922373,2.4012263049561406,-1.4062688821982416,-1.008587883477491,1.9388796020948138,-1.4878238235407775
7242,token,2023-01-31,0.058923351329845275,0.08572245962646279,0.20520455959478043,-11.052053281713404,0.252201472606741,0.6500606511867348,-1.862955804363224,-1.0869631805136497,1.8742111744698404,-1.3925249452373074
7242,token,2023-03-31,,0.04728825573745295,0.20520455959478043,-13.206715693161044,0.252201472606741,,-1.8625561395792125,-1.2724375027301749,1.5854237638760775,-1.4868840687995675
7242,token,2023-04-30,,0.04893932707553847,0.20216363610487875,-9.498172772387097,0.31242880791249683,,-1.8253531467255941,-1.18925417893204,2.7483750606012864,-1.4560229884996938
7242,token,2023-05-31,,0.043286957729110564,0.19825247228944284,-9.397878524977516,0.33869143795733386,,-1.6400865509440115,-1.2059812361205053,2.796678301607335,-1.4874728114057152
7242,token,2023-06-30,,0.041125559819992365,0.19550797932400665,-9.282665216413283,0.3898772676614904,,-1.5554367291109563,-1.2115085513930235,3.0503453511170195,-1.4359563603946341
7242,token,2023-07-31,,0.04036443496052672,0.19242376413765375,-9.123474821130019,0.4349256943273122,,-1.5049183250095028,-1.2282666851591149,3.2011370331367925,-1.3939753145054234
7242,token,2023-08-31,,0.05207634191073157,0.19026490099818533,-9.0967969032191,0.4942651837087649,,-1.425218785311168,-1.0884890666002134,3.0542477228784706,-1.2589462700556462
7242,token,2023-09-30,,0.08098618679476718,0.18880269458294976,-8.96490944248656,0.4268149378562313,,-1.2690310051455396,-1.074593699301578,3.150776616458445,-1.2221266357601064
7278,token,2022-05-31,-0.4994179860320186,0.27166118601681677,0.5546819870260753,-20.90013260602849,,0.9375297145589053,-0.5282198215221872,0.39974962718990464,-1.1868050502624994,
7278,token,2022-06-30,-0.7040563542704485,0.2888361739598357,0.5382012236789047,-20.664172366918876,3.138523330009776,0.1517549010480501,-0.44379867065623974,0.4344306453034548,-1.0157166163903646,1.2173818516654826
7278,token,2022-07-31,-0.43921997741996577,0.3539190400245545,0.5268278616656912,-20.637109920515858,2.844747590393287,0.9235622887286213,-0.1447076652292084,0.3820887947263843,-0.8250883992726259,1.0009277099520215
7278,token,2022-08-31,-0.44041996450427157,0.3473681456759629,0.5127881366867526,-20.591045183990616,2.93382289607158,0.6335169208900991,0.0786996935756257,0.4153756608515868,-0.9681448434778044,1.0554169354935103
7278,token,2022-09-30,-0.4418237443614069,0.3406114842473121,0.5004211068340875,-20.602669560128387,3.020614431523973,0.7676829812793483,0.13816656331883406,0.4905375807721716,-1.0143984969583402,1.1764050505506014
7278,token,2022-10-31,-0.2786887760999932,0.3400535943481805,0.4885315551976771,-20.558993473979193,3.071089740557387,0.8656555973751522,0.1492506855425001,0.5081097410734184,-1.070538727704755,1.1531742736944248
7278,token,2022-11-30,-0.39014676395417414,0.34160124971205713,0.47730923437860207,-20.425267101847453,3.1399827707621464,0.5712517717915129,0.4766855329954771,0.5029071869929729,-1.0997269682852433,1.177984661335796
7278,token,2022-12-31,-0.4684042229277158,0.34370318216467177,0.46744202139295116,-20.151500000696103,3.210856044327889,0.35071697154253845,0.460271014564617,0.5038199620602094,-1.136279058676484,1.2072467135307838
7278,token,2023-01-31,-0.028490270889574898,0.3784283857990743,0.45765107478090156,-19.885908453747305,3.017849167144665,0.41900481412028173,0.24168037236232345,0.4177215271598607,-1.1051105864429733,1.1279936610984065
7278,token,2023-02-28,-0.017483624904212958,0.3782585951127999,0.4491760251063183,-19.85876608029703,3.0899125146989705,-0.14149220904523643,0.10241318654171527,0.2885903768483518,-1.132065154462584,1.1722857861512062
7278,token,2023-03-31,-0.011237884226168005,0.35595799359210395,0.44425342266108314,-19.863262286124282,3.159245139585937,-0.12538438555952272,-0.040709054160419526,0.19902851096590873,-1.2518928453135516,1.1417926907784481
7278,token,2023-04-30,-0.07613655040809875,0.3452530659623314,0.43629560908782267,-19.85164382691807,3.227346986905634,-0.05163743436895076,-0.06655846795062614,0.2180878639189551,-1.2135580116039613,1.1923521926806862
7278,token,2023-05-31,-0.12512759066434842,0.34085988600864636,0.42846934150088933,-19.787923884253882,3.2948520292218317,0.08909982722851076,-0.032797808395298576,0.20596863624792916,-1.2526303274357826,1.221952236840244
7278,token,2023-06-30,-0.015690238459869166,0.3031785394549239,0.4210075226428305,-19.89749232198767,3.337148730986836,0.9957001989909277,-0.1525265597119512,0.23088040199907664,-1.3534915573161541,1.2652407088595397
7278,token,2023-07-31,-0.07505778674400387,0.21888775531703744,0.41415414757475355,-19.927862987937363,3.401716484058413,0.6655181440172869,-0.4183036039021345,0.1855088143008627,-1.3642519405714737,1.2651109394848867
7278,token,2023-08-31,-0.180950618412814,0.2197767438331486,0.4074135686188198,-19.87558259318376,3.4613688810096113,0.8465699709383231,-0.40078045339311513,0.3623835486752823,-1.3182255810337826,1.3890058560001353
7278,token,2023-09-30,-0.006597107924802281,0.2266167961566061,0.401814654476751,-19.81638024762503,3.4641970066826526,1.3046744593171251,-0.3739594066441181,0.3844023475411285,-1.2911391633390306,1.4362734956577112
7278,token,2023-10-31,0.14796441446454534,0.23135828626995678,0.39639776617952555,-19.79123428021436,3.472108669372421,1.7520250816048166,-0.3185359197325601,0.38545959312236006,-1.3664167479633211,1.332634710313223
7278,token,2023-11-30,0.35558610945336766,0.22386249368064767,0.39052314119313813,-19.803193077481403,3.4806385536044524,0.8951844510649272,-0.5063600538595163,0.34680334088946013,-1.3723531300706568,1.340650683678939
7278,token,2023-12-31,0.44214640702580565,0.20872707019571526,0.3857694164840623,-19.96640666894486,3.5174127391421095,0.23405845660819505,-0.6444859741823318,0.3438858805487488,-1.433328220638204,1.4281299977363016
7278,token,2024-01-31,0.11932907213280597,0.14856901960359298,0.16212116967466333,-20.32909428939085,0.6859449804015572,-0.19009481727605837,-0.6981489922880804,-1.0792575108895044,-1.5194428572355065,-0.8570137703936637
7278,token,2024-02-29,0.3169350420395214,0.1585862082686654,0.1603202081592917,-20.331216364994688,0.6607697629376027,-0.4096030075752763,-0.7699333591013788,-1.0123437837092664,-1.4958301308304132,-0.766747828584788
7278,token,2024-03-31,0.4783617869930179,0.1638469430143475,0.15425533458265403,-20.20068166177928,0.6210085637248245,-0.35435119928731884,-0.7810223467542777,-0.9856737016231443,-1.3928595685792038,-0.6904437432383892
7278,token,2024-04-30,-0.05320963755178232,0.20075921780838535,0.15531135179380265,-20.087128343721528,0.687142830487006,-0.3433774553572241,-0.6913501294564655,-0.95065765027707,-1.3971118910471352,-0.6112659407794329
7278,token,2024-05-31,0.13090180947419405,0.20501771368017152,0.15191116942797686,-20.08428251802882,0.5735257589003001,0.03626535142311419,-0.6383398577122779,-0.994911572180988,-1.348444729139356,-0.7287537399849966
7278,token,2024-06-30,0.011723078190877034,0.20769752911485878,0.15013193434223487,-20.065808508647812,0.5863390890674964,0.8154426903316694,-0.6986421816167675,-1.0034787634618225,-1.392646898336165,-0.7380382357091361
7278,token,2024-07-31,0.07486254836268902,0.20464870301156413,0.1479906717557508,-20.060392295158024,0.6418559936094912,1.7912405818518176,-0.7221251213806136,-0.9662457348654264,-1.4142344032590761,-0.7152687170325085
7278,token,2024-08-31,0.23716408208727136,0.1965911920460445,0.1582841354484909,-20.101612435109757,0.6348365925019464,3.4298474891784703,-0.7781662965062183,-0.8656197039991163,-1.494206179816147,-0.7530864660377505
7278,token,2024-09-30,0.4129998380395805,0.19597075724344795,0.1561630323234703,-20.188324938700987,0.5464923690080212,3.748763232282374,-0.7656030977627081,-0.8156628354781097,-1.4449404814173437,-0.7428316009148254
7278,token,2024-10-31,0.25637171041133344,0.19846741686789188,0.15222398154561997,-20.258204841786487,0.6185701092144543,3.129361097723359,-0.747613708737826,-0.8030515766702963,-1.4970542223393735,-0.6896005028446035
7278,token,2024-11-30,0.6713935355183802,0.22871858325885122,0.15051600011631047,-20.31623929122943,0.509525423403132,2.879710433031905,-0.9817334142937965,-0.8185391889890693,-1.8793109102795855,-0.9028392472618474
7278,token,2024-12-31,1.098760070211795,0.2521009423369317,0.17113756946191985,-20.295981993572596,0.42308604620563917,3.940196978206479,-0.7695763264686025,-0.6204456666670806,-1.8328443144273237,-1.034799427452923
7278,token,2025-01-31,0.9853665269970704,0.23046215654158844,0.16997110012902725,-20.359539606439316,0.4371225987222133,3.50281011424083,-0.9126041603635464,-0.673354031686945,-1.6832281695610658,-1.0870883089814039
7278,token,2025-02-28,0.07942024257521263,0.27957741490874005,0.16955107105381206,-20.349182051907775,0.353304404768831,2.333883772002182,-0.38704206099486826,-0.6665881423004109,-1.4808099889246027,-1.1830447788927236
7278,token,2025-03-31,-0.13235991075211295,0.28604945429286355,0.16325790730923948,-20.494104009024444,0.4734339928525554,1.4159986171707486,-0.21232044208687978,-0.6597680503147162,-1.8082007829797107,-1.1133848021892925
7278,token,2025-04-30,-0.13845936695078898,0.2563785698584183,0.16371789353720367,-20.78217000666024,0.45512178546239207,0.8395548700443153,-0.4772770157058642,-0.6888614325044308,-1.5812785899193884,-1.1057396044004273
7278,token,2025-05-31,0.20833690874701016,0.2805746469376003,0.1740577832513958,-20.895861092276647,0.35810909791984563,2.513029774893738,-0.12000387970509968,-0.5840987244427374,-1.7769205749950185,-1.2616614323232835
7278,token,2025-06-30,0.25331396765523895,0.27513561503696843,0.17424281243151302,-20.959231951167983,0.5192695769492901,2.567809745304372,-0.144160480167545,-0.5647693298464875,-1.7575836026003884,-1.100586165380705
7278,token,2025-07-31,0.13699977021200915,0.27973610079886346,0.1646025559486937,-21.016857813045288,0.3606296086148917,1.2681448221298661,-0.19789703867122566,-0.6747863520649902,-1.7571276574478338,-1.3146394429368422
7278,token,2025-08-31,0.2796208623538694,0.2798404986961399,0.16837421498771007,-21.122198884775433,0.2596160956324398,1.6445216063552852,-0.1847206537207035,-0.6485133982458569,-1.6811515913624484,-1.390086817955477
7278,token,2025-09-30,0.08457529979841416,0.2864220244787049,0.17040329435867835,-21.21964767573789,0.26002112805778094,1.2187692310882814,-0.1033773318242929,-0.6147826072485991,-1.502793456277903,-1.401450854697783
7278,token,2025-10-31,-0.06771929370022944,0.29189213409527026,0.1713879842286472,-21.220019801872226,0.33204212792689786,1.0826822210303817,-0.10779266733513307,-0.5582882512796774,-1.5044398258396217,-1.376721257405525
7278,token,2025-11-30,-0.22563276581204006,0.27402746489988633,0.17129521067266537,-21.24920967002453,0.33196249252074495,0.6656322548631829,0.6260865955147555,-0.5711057591205689,-1.408095011216637,-1.4267463497652138
7278,token,2025-12-31,-0.35032760975160027,0.2411388109713782,0.1719143700148591,-21.241405759435374,0.33632524821663357,0.4833335143228629,0.2605322389977394,-0.5412920575501171,-1.4880031416111215,-1.4673704998409798
7278,token,2026-01-31,-0.4194253259544326,0.23954480986819046,0.1682872476344695,-21.223998299406553,0.24270432334385883,0.4827604404979666,0.23306082729174205,-0.4937318191208249,-2.0596798461293977,-1.5483289610091002
7278,token,2026-02-28,-0.4827800704215255,0.21174488479863562,0.1677086542165551,-21.328174448523516,0.2549623075841853,0.17888080939300396,0.14477577741964806,-0.5302118320820864,-1.9417164244410492,-1.5254493744501898
7278,token,2026-03-31,-0.513872061850934,0.20927012851439636,0.166664489342606,-21.344714960593794,0.27345477034640403,-0.08533027719122639,0.20750953079031095,-0.45209003002665715,-1.916183335803912,-1.4913993609445024
7278,token,2026-04-30,-0.4944080676017819,0.20878772246576194,0.16824769648016116,-21.331782599910127,0.2749694824852058,-0.34555288364528935,0.000892855577252097,-0.5742917251069228,-1.7674073281519471,-1.430538991022161
7278,token,2026-05-31,-0.5047181155834735,0.1240638576464831,0.16889918708455112,-21.431813351428943,0.2786282306256171,-0.4701277149778224,-0.9055217285033377,-0.5577866672628072,-1.7143092114024376,-1.444350629809392
7288,token,2024-01-31,0.9056562224418425,0.26220618168837867,0.45348364562600174,-17.108255813606686,3.4465505453056857,1.5738496381962928,0.04817992134366271,0.9907594581838001,-0.017803272586728123,1.5602957869573133
7288,token,2024-02-29,0.7894530827338455,0.2629868041353615,0.231568775325341,-17.204966126771527,0.1371075536433593,0.5808851835063091,-0.08199877894530584,-0.49415646611355046,-0.048599668470477454,-1.2463532695874966
7288,token,2024-03-31,1.1229100355609503,0.2687223526499414,0.2333560414205228,-17.30309913046018,0.1275650193059118,0.8424521113406466,-0.10177617389731947,-0.4001016866251602,-0.022274413931727466,-1.1325137589449776
7288,token,2024-04-30,0.0801494740895512,0.3148238996748208,0.21924033854203645,-17.098567068915727,0.05331321109838929,0.07838075732705044,0.0550893457046716,-0.4577152804594946,0.03754873911876004,-1.18700254849711
7288,token,2024-05-31,0.07575504070216876,0.29879824730627835,0.20964909502178708,-17.23932682769512,0.26557995728532086,-0.1780760562217741,-0.015413927092148507,-0.5451376370101565,-0.028927650713723826,-1.0075094234817956
7288,token,2024-06-30,-0.3589130852471587,0.3242912172260555,0.21041533379514482,-16.9487551498324,0.27778568727108593,-0.9183394767636575,0.08094064694377051,-0.5307843022060494,0.08361378386560492,-1.0179341726050068
7288,token,2024-07-31,-0.24727457351486537,0.32613675633339073,0.201471641653972,-16.94430908339508,0.2176760244415159,0.07528431175181163,0.01126617296981709,-0.5549308635031572,0.068229574441776,-1.1368571202074735
7288,token,2024-08-31,-0.3446999352055933,0.3221500678098904,0.19733380459619473,-16.98520180224528,0.26473697688646913,0.022232515905454695,-0.017161344105210443,-0.5573528629797214,0.08552880193841575,-1.1047726514888432
7288,token,2024-09-30,-0.2570953881308017,0.3160685829761689,0.19543030173329803,-17.083553975751617,0.17246254879773806,0.07039164068764103,-0.04754769360911056,-0.4691771170413338,0.061754669609436506,-1.116026866085984
7288,token,2024-10-31,-0.3178003129831465,0.3218056722782981,0.19558763567287707,-17.01975486586506,0.25894999357668785,-0.05132463583864208,-0.02039234818793833,-0.42203678512896386,0.1297451489261271,-1.042779479045783
7288,token,2024-11-30,0.05359210632577294,0.3398301169866308,0.19443602883349698,-16.918900294210186,0.2074131780131359,-0.2541717097536182,-0.1797312018720955,-0.3990666722240205,0.4125809641590462,-1.2496505256854489
7288,token,2024-12-31,0.0077926604713185466,0.2831560300879565,0.19327671198600904,-16.93982043731749,0.19600418022029312,0.04737656967107903,-0.5188641364419612,-0.40292591372628167,0.38118030974116884,-1.3001366781279162
7288,token,2025-01-31,-0.07152830441119462,0.2887268159542598,0.19410692920168443,-16.880866255220923,0.31584505126005263,-0.06650262907063698,-0.4503005956363742,-0.4317046580375157,0.369938224109644,-1.2318766623309458
7288,token,2025-02-28,-0.05165362871641466,0.2885701093496603,0.19653094181655345,-16.88215121858715,0.3755712653424499,1.5045983517008448,-0.3144359421665128,-0.3918639061964353,0.21002531088538176,-1.1566390980341048
7288,token,2025-03-31,-0.26594956829120087,0.2673470298643534,0.19758634058631697,-16.78102202900226,0.48339545556306995,0.5922061306740272,-0.4432093808887757,-0.3080332433862792,0.528402677913103,-1.10168101665859
7288,token,2025-04-30,-0.20720015978069972,0.23768651742376157,0.19600587965033753,-17.002996985155843,0.4583120340838427,0.47402185746108527,-0.7102390258130372,-0.3496774032920229,0.1944827701017667,-1.1020036917500622
7288,token,2025-05-31,-0.18991134865268078,0.2365665779953991,0.19531439268030412,-17.032730796303586,0.4883046216471021,0.5672262744440035,-0.6391081727591376,-0.36165339302420296,0.34303446986800107,-1.1155342729039164
7288,token,2025-06-30,-0.17697698675038287,0.20630555165328693,0.18836444337277297,-17.380536467177166,0.47465231999133756,0.6512390008528702,-0.9167191237623216,-0.41563260268375873,0.20814090909758376,-1.1510659526677807
7288,token,2025-07-31,-0.12702869699819586,0.19735051012176813,0.18847623158166155,-17.467036131643297,0.5570686148471184,0.26571119065057003,-1.0362343106748713,-0.409000462675012,0.17729392306822483,-1.0884984883321265
7288,token,2025-08-31,-0.0887236656041136,0.19412838555273348,0.18775893335009855,-17.569032011008687,0.5258964117472926,0.27434148135383024,-1.0455087613378822,-0.4333648829483721,0.18603804558093254,-1.0862387054187297
7288,token,2025-09-30,-0.11109006450024128,0.19131595210560778,0.18839700869241877,-17.62514290381767,0.5424371956499996,0.23573037973947766,-1.0443646764213188,-0.4121122358385707,0.11419346512523663,-1.0745328035063149
7288,token,2025-10-31,-0.25218462616380677,0.19820264396201198,0.18992521299370896,-17.6422676079037,0.5895794547606883,0.14086948661913304,-1.0031698986316628,-0.3280943162929227,0.04614031226561116,-1.0470205617307948
7288,token,2025-11-30,-0.17249229570189983,0.1156989553883874,0.19427968874093093,-17.888871109018663,0.5385115321758032,0.961172346438724,-1.1277477962108131,-0.3155990874884349,-0.042204507592642146,-1.1691189655231249
7288,token,2025-12-31,-0.23718423145270728,0.11774761931382355,0.19474747850990318,-17.849531328335026,0.5399578418737773,1.2205202342822676,-1.1371633304917377,-0.28498103878523484,-0.0645402773862495,-1.2095877413566898
7288,token,2026-01-31,-0.35970564496711166,0.11883001311467233,0.19515678384168286,-17.94729265333506,0.6685547558202789,0.8773419000300348,-1.1162219020646187,-0.18520611152453287,0.013131659535119784,-1.0207889531878986
7288,token,2026-02-28,-0.3973730294528325,0.11848979835901133,0.19475400728140765,-17.827055498809862,0.7295762827971441,0.6360720730654296,-1.1279276419917588,-0.21659182446704642,0.11322446378692266,-0.9706079682637871
7288,token,2026-03-31,-0.4116516161395255,0.09964850474018888,0.19187130734057875,-18.158029968483415,0.7267662985632832,0.35875601387821426,-1.2508373243473874,-0.15921824486146285,-0.05027022505165484,-0.9645173035382475
7288,token,2026-04-30,-0.42134866974631924,0.09186135894224406,0.18767352830936623,-18.073580010009987,0.8526589494316422,-0.044855216589455425,-1.2824307802057389,-0.34878769007709615,-0.05072372314612339,-0.8237504664470059
7288,token,2026-05-31,-0.3444740050384385,0.09534455320651868,0.1863313901205987,-18.021674084279844,0.8186135798809282,0.12472377342597225,-1.2198442094008102,-0.3621115601772181,-0.011132300073616267,-0.8546176901443602
7429,token,2024-02-29,0.34424977349857677,0.30931385021792085,0.2382137031684646,-18.116261776904103,,-0.35234610599115007,0.22326745763221018,-0.445828233398071,-0.47046443443289515,
7429,token,2024-03-31,0.47498364041422536,0.3117508182699334,0.22800619987519036,-18.11763829986909,,-0.360623773944481,0.17690612825377888,-0.4397058522369962,-0.4075594856782455,
7429,token,2024-04-30,-0.24172970285843864,0.3415627338548828,0.22143223765530262,-18.069500033510664,,-0.9395863294287478,0.23006832276574957,-0.4408140280190386,-0.428548212139209,
7429,token,2024-05-31,-0.13637917431130242,0.3264818138907291,0.21363195021628864,-18.224651055113483,,-1.0025875782585156,0.1684708388685205,-0.5141115058212903,-0.48593025018569297,
7429,token,2024-06-30,-0.3400731452298813,0.3275189319623667,0.20636569439578886,-18.15062124858332,,-0.8302089723679036,0.10252218385784635,-0.5625383527660882,-0.4855993359032191,
7429,token,2024-07-31,-0.38591925328153653,0.3273320059023926,0.19980070676335807,-18.190742928848472,,-0.663246554157075,0.018481578966651653,-0.567781796664907,-0.5247562834122586,
7429,token,2024-08-31,-0.39729394792152584,0.3187345586596749,0.19888604717434502,-18.274613334409533,1.2469950673270322,-0.28577784374721626,-0.03786254394052609,-0.5450991121412121,-0.5680848399086975,-0.17138448684285493
7429,token,2024-09-30,-0.2333033795960433,0.321825431480501,0.19827271581256528,-18.319967195765177,1.0906810660674673,0.2009937474977295,-0.013127951584563808,-0.4440962825664204,-0.5382566759908144,-0.1998571263446723
7429,token,2024-10-31,-0.20773443035933148,0.2188512646750148,0.19299485338037561,-18.569492140024735,1.1183391384526902,0.558396786225413,-0.6274274008789011,-0.44481826940587454,-0.6487481555790152,-0.19878281382186797
7429,token,2024-11-30,0.36748130432959325,0.31423097609361367,0.19140188668877212,-18.400354548982072,1.1189232123506287,1.338074125162966,-0.36450560776405216,-0.4280452334600836,-0.5868285654296176,-0.20327797664677769
7429,token,2024-12-31,0.5427408389803499,0.3152203924859744,0.19821812909537564,-18.37413368347604,1.0776432519395371,1.9561936142647198,-0.26000392702749303,-0.3543758929819223,-0.5650211148736509,-0.2699721321278702
7429,token,2025-01-31,0.3501198494016975,0.31597398645775077,0.19842417060692305,-18.39076236219813,1.1475487264791482,1.3574745575646425,-0.23410669388753022,-0.3884801771908572,-0.5212256282520765,-0.23893932042677302
7429,token,2025-02-28,-0.22706519027256766,0.3343273784969743,0.19421591297856128,-18.376929108014636,1.0702837773171234,0.3947947797352371,0.05500368939189472,-0.41543683338607806,-0.5189625009705524,-0.3327979095090189
7429,token,2025-03-31,-0.3935589433301425,0.336886994623267,0.19094638997269728,-18.242996154538254,1.1279461321855535,-0.1947084127131623,0.415289405131226,-0.37606727594014433,-0.3916022721103116,-0.34439435082624975
7429,token,2025-04-30,-0.33487882633179644,0.3070912598591566,0.1870771054275455,-18.343871487253892,1.1094270946927243,-0.20491659677688379,0.15476327210166888,-0.44347382671102886,-0.43556859719855173,-0.3395211142430069
7429,token,2025-05-31,-0.2758446133027015,0.3050478968169293,0.1834545187903141,-18.386119551002036,1.0900651275342597,0.14736443185151038,0.1686742964273076,-0.4857641354671166,-0.399659433357226,-0.44013813900716575
7429,token,2025-06-30,0.24410396845150117,0.374807603912919,0.24589197447606273,-18.382451518545807,1.077608035219939,2.5267872351874945,0.9745724214885368,0.191908250506903,-0.3421962134446719,-0.46888425160645364
7429,token,2025-07-31,-0.12728041455457917,0.38871153600999675,0.25626102884255947,-18.309926630513793,1.114027241206534,0.2647554977026898,0.9110125208703644,0.3456484193860288,-0.28202649281899533,-0.44732666682865063
7429,token,2025-08-31,-0.3082221381698538,0.39538618112238283,0.25323510979625136,-18.237620304873033,1.1653326516268714,-0.5421561770885427,0.9756795006030186,0.29334684359797025,-0.16530518653744586,-0.3565884728750576
7429,token,2025-09-30,-0.31904204874618736,0.39452619688073054,0.2493885761770283,-18.289787679655163,1.2090999162880103,-0.8090374587667476,0.9662142893014292,0.2748600815893489,-0.18479679308883673,-0.30282006318280497
7429,token,2025-10-31,-0.3308588793383863,0.3974463677596478,0.24534133664506524,-18.25732399782667,1.2565772926866858,-0.26081256669971453,0.9009742429726377,0.36005900622857195,-0.22042209069707264,-0.19312627820556488
7429,token,2025-11-30,-0.3167101538015318,0.32034153333318316,0.24444248748251612,-18.431004368614296,1.2971569760265067,0.15910644635816593,1.1391161584763663,0.24203505622141244,-0.2625676220636857,-0.22286503186728307
7429,token,2025-12-31,-0.4881541714719895,0.32197096536065395,0.24288602515023694,-18.20468508394677,1.3251506803448807,-0.4146767138102162,1.176146575357566,0.2553939142757032,-0.21358712227175183,-0.21559570792029947
7429,token,2026-01-31,-0.5478883213897625,0.32197595964937675,0.23945892798319246,-18.136304378254138,1.3695108862743972,-0.3660236688058936,1.154430284491284,0.32348708897897227,-0.10643528374142339,-0.15245027288713375
7429,token,2026-02-28,-0.585851860333044,0.3033653759236942,0.23682070396720262,-18.061907027947676,1.4115138376851317,-0.3728713804047861,1.395170976168491,0.2712168465199048,-0.024618899097856452,-0.1733975790931033
7429,token,2026-03-31,-0.5528189085362067,0.29748792094161425,0.2349379360914703,-18.17537334737325,1.3995619235104695,-0.25453087666956115,1.3811113779807338,0.34116226505988784,-0.06042536687941776,-0.18252981585956737
7429,token,2026-04-30,-0.4079428035731202,0.2980896852670059,0.2338604447613028,-18.055468823498348,1.338004930289929,0.010320610223662341,0.9810252750858703,0.1873713849664044,-0.04118129105546367,-0.3139569034967095
7429,token,2026-05-31,-0.36478075166745594,0.29585636921728586,0.23122189940889937,-18.052706706851875,1.3636714109794505,0.049341917482412054,0.9746856612481032,0.14178087349572394,-0.026631387390027007,-0.2593449527182968
7486,token,2022-09-30,-0.7587081978084496,0.30879304628435605,0.20807296654760776,-12.341804563866113,,-1.2253902602606939,-0.09325995474180906,-1.0920265307632144,1.302657614520877,
7486,token,2022-10-31,-0.8511225599824044,0.18575846959423262,0.24839561924027256,-12.283381923942606,,-1.8761937877644919,-0.9404457894552808,-0.8593267865192393,1.551897794377354,
7486,token,2022-11-30,-0.9471254210224536,0.23521178415276073,0.2667125022544054,-11.505158699863875,,-1.9674158550907237,-0.6298744229943298,-0.743786054442927,1.7427373017973198,
7486,token,2022-12-31,-0.9339010926028867,0.23147856331527483,0.26068979341759285,-11.329073777415578,,-1.7179343158155629,-0.6018729530465182,-0.704430145125658,1.8476159050961507,
7486,token,2023-01-31,-0.9001561288136788,0.2515579398684421,0.25504681043477473,-10.941896511232882,,-1.8850237724008383,-0.6705530550724496,-0.7898829352994359,1.9113628434765368,
7486,token,2023-04-30,,0.29108736766480436,0.25504681043477473,-10.655562850055391,,,-0.3880634453969049,-0.8713791204952207,2.305479919251616,
7486,token,2023-05-31,,0.30892949564277256,0.2635440027812959,-10.127887422666795,,,-0.20526429342462318,-0.8055398242444722,2.512172197305079,
7486,token,2023-06-30,,0.3064490147549833,0.25624447097513825,-10.055297159457732,1.0964794051141762,,-0.13501795109542847,-0.8230126664966093,2.7297989085257193,-0.7883500416124427
7486,token,2023-07-31,,1.0139373049314904,0.6917800367220203,-9.803390590762534,3.1530802493347485,,4.420910359268705,1.955679748964589,2.9138389548183143,1.0422623327391687
7486,token,2023-08-31,,1.021740786419373,0.6750783864436595,-9.65725157636507,3.241890203166962,,4.498210226577755,2.150778377480862,2.8268962227308085,1.1931350368757345
7486,token,2023-09-30,,1.012754817908638,0.6579853481268493,-9.66057254379773,3.2981193032849276,,4.457784543722962,2.139008190043044,2.866015503183948,1.2909177325255912
7486,token,2023-10-31,,0.994462054795917,0.6449329425981032,-9.651814420784088,3.374650864752944,,4.633728591314594,2.066799795954621,3.125829213507109,1.2490710276634474
7486,token,2023-11-30,,0.9490638903369526,0.6301075354489154,-9.730593329964305,3.401984149275012,,3.959440967125304,2.01646648691836,3.1782752072642375,1.274130713823126
7501,token,2023-07-31,0.031862880206023014,0.24002415061217422,0.24086489700097682,-18.24163592430284,0.28083492851752134,1.1744655205548475,-0.2896530823177563,-0.9194010901664493,-0.6517375135967228,-1.532084357667443
7501,token,2023-08-31,-0.133983410473263,0.2245244667424843,0.2365953343038249,-18.25945816194315,0.3355787570341517,1.1517832256042613,-0.37177784348941856,-0.7789336008746078,-0.6626358759727563,-1.4005638553363642
7501,token,2023-09-30,-0.12480540302567544,0.22107381410854063,0.23234374162800017,-18.27866475178753,0.31898631843416,0.6566226582972707,-0.4080275591016791,-0.7763653014886462,-0.6616942845337258,-1.316501202260722
7501,token,2023-10-31,0.03280144938089613,0.21598822024276718,0.22851160857921532,-18.280362738549986,0.2412652109197206,1.1470473348398167,-0.41828202984014395,-0.7502900836036221,-0.6970286887411872,-1.4376018911306894
7501,token,2023-11-30,0.017907370987814142,0.19290998470040363,0.22533608879709122,-18.397089172020955,0.2405287812239263,-0.1107572135953571,-0.6969660659871046,-0.8043848842182934,-0.7370994281648652,-1.3995900723953394
7501,token,2023-12-31,0.723310800053196,0.2930437889406819,0.2537559509059519,-18.166826864620376,0.5936546538543312,0.7924736976669243,-0.10509445452788091,-0.6016676458803139,-0.5752821618968998,-1.0575634208178493
7501,token,2024-01-31,0.4233116734392157,0.2774600687818017,0.2506575299490639,-18.344404286833125,0.6379370808862048,0.49182036767433673,0.14836208688033503,-0.45024113687088957,-0.5941281935214978,-0.8990516318694797
7501,token,2024-02-29,0.9386790373134821,0.30326846972889715,0.24725130071458506,-18.330406410958805,0.5547508004702317,0.893691326520062,0.18343218414478268,-0.3800982318526453,-0.5695980974921354,-0.863847199794602
7501,token,2024-06-30,-0.32357370283695674,0.35242708423326113,0.2330160468602144,-17.94083083171115,0.7058350450456656,-0.7530269760874684,0.26906608615761185,-0.3535674898954807,-0.3862409649419973,-0.6296406865035499
7501,token,2024-07-31,-0.4411258756711478,0.35440469725413315,0.2338529983395794,-17.933629282199234,0.740445445071227,-0.9573205475185259,0.1819122670805387,-0.30589024989754343,-0.4024355065171013,-0.6172816067661359
7501,token,2024-08-31,-0.5234454867869619,0.35443853145488374,0.21793187296731337,-17.839580163329828,0.7395320783426069,-1.02456879827178,0.17853713272310087,-0.3947470943149792,-0.3475628357379735,-0.6535998562286075
7501,token,2024-09-30,-0.3464390456308488,0.36673302068945013,0.1872053599339272,-17.850032624856553,0.7011326171256286,-0.42004488057446004,0.2553709735396913,-0.5417521881192944,-0.31020502653346915,-0.5885363942654236
7501,token,2024-10-31,-0.3490023858459803,0.36456911033147793,0.18725507210471484,-17.902623077962232,0.8076008202080106,-0.22417176869901992,0.23174747249741617,-0.4952508634815681,-0.31375389012922356,-0.5039555122664566
7501,token,2024-11-30,0.01218476594554474,0.38966494067852253,0.1865253159868445,-17.826752700194838,0.685641962365869,-0.46421610017762127,0.17997617967177082,-0.47462050777723847,-0.19986882501163997,-0.7006653765855368
7501,token,2024-12-31,-0.17995441158046654,0.31937757913336556,0.1883551845082493,-17.921814274230503,0.6832776919342455,-0.622547781139562,-0.22644236130039055,-0.45128051643453143,-0.26663073846507207,-0.7307745524297217
7501,token,2025-01-31,-0.25592406993641115,0.32298714736136863,0.1941449174427902,-17.89628259206202,0.7000507754709332,-0.6892383414071726,-0.1784604527796201,-0.4313243174806773,-0.22937607990690134,-0.7731890048045762
7501,token,2025-02-28,-0.45046397473028144,0.287846952203979,0.19119474270106288,-17.84935701100934,0.6937605336535252,-1.0186170088861093,-0.3202746409008979,-0.4462000903313997,-0.26167101217321587,-0.7793068628103347
7501,token,2025-03-31,-0.580571460723253,0.296315601822357,0.1932187657418988,-17.762910045873962,0.7893043586836062,-1.3479377086577569,-0.08558072886258368,-0.35278413784882146,-0.08948913023326502,-0.7422667119424629
7501,token,2025-04-30,-0.5427442608516448,0.28162738305862317,0.19228853472093405,-17.89665997312309,0.8197860362564554,-1.3102526769115443,-0.16259705765939084,-0.3887279661456319,-0.22543243194991583,-0.6787027338201005
7501,token,2025-05-31,-0.5101616087032943,0.27597554363415117,0.19116540347744,-17.951120155036456,0.9296979766076111,-0.99748635253686,-0.1742533463689293,-0.4050715722672146,-0.16094650023382615,-0.6201289371407437
7501,token,2025-06-30,-0.5318327295013616,0.26414112295465914,0.17388130372327726,-18.11380275220641,0.9381490870995827,-0.9293336979076507,-0.26756425858301197,-0.5685871767942918,-0.19463141856531876,-0.6266675515307252
7501,token,2025-07-31,-0.47524723753937603,0.2626037769840896,0.17531538910059166,-18.23465222780131,1.0406678534234461,-1.056365855932473,-0.3722317189462521,-0.5555202645576397,-0.241006846725117,-0.5317781324549484
7501,token,2025-08-31,-0.4352041106726685,0.259950569838243,0.1747147585107812,-18.48424243557507,1.0529077713662378,-1.0145079069252483,-0.38447088264790236,-0.5781405148402013,-0.2949051470930749,-0.4848746645386927
7501,token,2025-09-30,-0.330227458116945,0.22755278592814182,0.17469893535904363,-18.49637504046742,1.0406231302827638,-0.8652338735952421,-0.6858344460748967,-0.566399091714194,-0.27773005698937664,-0.4978447408557646
7501,token,2025-10-31,-0.5372593738212779,0.25039445384278874,0.17668837173983915,-17.857121883250386,1.0638857007442926,-1.3146182411678335,-0.5043801393861285,-0.49246843141234353,-0.046976469970227835,-0.43981110908089543
7501,token,2025-11-30,-0.6121178990985587,0.1622065179494477,0.17664266035683762,-17.45427984394382,1.054740567028638,-1.4838002105881754,-0.6125748627537967,-0.5116608995738295,0.13444557428064977,-0.5252295717933919
7501,token,2025-12-31,-0.5128865001405479,0.17479025835580003,0.17901629220451842,-17.466409674383783,1.003951472149091,-0.5758204282922766,-0.4910212291801112,-0.4615700647248476,0.09624381352217704,-0.6222085021917811
7501,token,2026-01-31,-0.6195162612397694,0.1795082538788773,0.17924725361610117,-17.34621894345887,1.147024339908492,-0.8392856920121368,-0.43799433997014164,-0.36788507674814774,0.39336492921486005,-0.4280647737987435
7501,token,2026-02-28,-0.6518604302867861,0.1712932536418409,0.17658156408955955,-17.25993381632771,1.2471918023899606,-0.7262209540239372,-0.40728986596327893,-0.42732088237747434,0.4460899135679225,-0.36549615581469125
7501,token,2026-03-31,-0.5980489349699147,0.16323181249344992,0.17614418331634762,-17.30773842805159,1.2566256183574864,-0.4510281091373745,-0.40495935147395506,-0.3419478098887274,0.4476045687172681,-0.34866407419905726
7501,token,2026-04-30,-0.49746862576772255,0.17113897342348436,0.16964012957460936,-17.17801929821893,1.308371917891713,-0.3581495204558981,-0.4123204527618819,-0.5581277181255042,0.42112980615395945,-0.3450825737757177
7501,token,2026-05-31,-0.4709434069157955,0.16834775066751012,0.1696390220060587,-17.12854269085784,1.3000174752070974,-0.34475065336202954,-0.42085041108807775,-0.549482078497274,0.43493768384554343,-0.32886317708502893
7535,token,2023-05-31,-0.23427337040848184,0.19368753920391407,0.5282291145856013,-16.57103464881935,2.392743991985676,-0.2842242026205027,-0.8277238038524894,0.8178082436447777,0.0010867536057386862,0.39513852464400157
7535,token,2023-06-30,-0.29563314849391575,0.19137978249665188,0.5205895113373947,-16.492666200987554,2.4501781636787947,-0.3904112004796572,-0.7510452763524867,0.8678482571701887,0.059089051800257864,0.45232533043560297
7535,token,2023-07-31,-0.23277838566917208,0.1611166518617752,0.5118607959533907,-16.521416421830555,2.489240262974767,-0.08523928519342729,-0.769937952533693,0.8084963520067822,0.07514040190356472,0.447273367326163
7535,token,2023-08-31,-0.35615010960257865,0.15870145559807988,0.503974324643338,-16.35681448033566,2.5415408692209818,-0.29195218670551487,-0.7738735747196445,1.007551479758453,0.10918192836781317,0.568117613490422
7535,token,2023-09-30,-0.27767382991671363,0.16121444734617058,0.4960497380319921,-16.3466944960051,2.5712647975617497,-0.18144593309278878,-0.7759338620970515,1.029852558175005,0.12913391925185697,0.6547547244642721
7535,token,2023-10-31,-0.248622432832331,0.1621561346781626,0.48981297828660364,-16.340941523690006,2.6092742685420975,-0.33133754369775115,-0.7676325872514929,1.0174134031826778,0.16222728850703794,0.5928107389872279
7535,token,2023-11-30,0.15755880909141773,0.22591643481326157,0.4873473517240016,-16.33657822214636,2.4865819174982255,0.30526305690346817,-0.49371185371902904,1.0215710630063517,0.19380418688243284,0.4999524668086269
7535,token,2023-12-31,0.35595984726093244,0.21354631451109182,0.48035152726770447,-16.52015267300907,2.495524840914511,0.06288497326304135,-0.6136562697826665,1.0213353210049667,0.20985795622833125,0.5593508617653241
7535,token,2024-01-31,0.136319304170748,0.20809110468505515,0.47815644096919085,-16.593220887940436,2.7013947371244047,-0.1519811319114642,-0.3072288717838441,1.1660500643887122,0.22231955184916222,0.9078040729174782
7535,token,2024-02-29,0.25564258220835434,0.20545108499510198,0.4610575146205841,-16.632166449220662,2.7204208299059434,-0.5380837266942884,-0.46112315522061875,1.1749038246945196,0.21656565068603273,1.119620598910424
7535,token,2024-03-31,0.650204509838002,0.23419368260546375,0.4577345735885641,-16.663334009397655,2.6109083428021784,-0.03527199914187757,-0.325407881873907,1.2609427522473915,0.2803408068296845,1.0922830479838612
7535,token,2024-04-30,-0.007265048624540915,0.2624071376521586,0.4588370147864895,-16.615078769207862,2.6268260447974523,-0.1980742400764982,-0.28792603551260004,1.3897620439268188,0.26964758701064295,1.150637573498135
7535,token,2024-05-31,0.08834063656655045,0.2595135046857002,0.45706711342486644,-16.70261994551952,2.7139716568325984,-0.12915905902157382,-0.2763581114541307,1.3822294206877421,0.220002024903196,1.208799739026339
7535,token,2024-06-30,-0.14414841792640565,0.2631348691029469,0.45620920982239066,-16.682390125035003,2.741055430208305,0.08629845945093373,-0.3279703295130027,1.3965357371926062,0.2097663285790318,1.2165548607765868
7535,token,2024-07-31,-0.28783116779603324,0.26962952223100156,0.45572819611599796,-16.536497345861136,2.740414249226884,-0.1407520824552638,-0.32985307641623357,1.4005217431078607,0.2622443582240194,1.3704682065915874
7535,token,2024-08-31,-0.35356983760768124,0.26149038133417873,0.3784824262169633,-16.77201006482239,3.244752055195858,-0.02971297537522064,-0.3848161318553987,0.8726749595565305,0.19359750183192648,1.726978831782734
7535,token,2024-09-30,-0.28875177404380326,0.2614439091612432,0.37552379439801303,-16.787986123288857,3.303598850244116,-0.10338060255072071,-0.37414429928145077,1.1199281130795238,0.20518896972991899,2.0081230790931626
7725,token,2022-10-31,-0.5914659031000294,0.2459491435405093,0.10821788715996537,-16.813915232703323,,-0.632487589657566,-0.5153541650012147,-1.6575586314843769,0.11622915024541929,
7725,token,2022-11-30,-0.6035158802012983,0.24424342025061468,0.10901982585905853,-16.81377603718008,,-0.4012689183983154,-0.5359361106772422,-1.677297186847766,0.05110369995603956,
7725,token,2022-12-31,-0.6857320487661441,0.24652585075078384,0.11246359911877861,-16.428651205228075,,-0.6150800423302315,-0.45945869722280497,-1.570656917640249,0.12285187543899102,
7725,token,2023-01-31,-0.4197798245146219,0.28647348486155494,0.10945408657271778,-16.18043658738733,,-0.6152703143174028,-0.41950067603978414,-1.6576752475928134,0.14460346828209358,
7725,token,2023-02-28,0.449532241477107,0.4729494923816859,0.3330840096993926,-16.173522763652645,,1.3346817526298935,0.7991994026259791,-0.4452467605274156,0.2542859543718431,
7725,token,2023-03-31,0.33541219861159033,0.46871662071127135,0.3310253287604492,-16.1771952865182,,1.336428384088715,0.6248209637826212,-0.49794737017082874,0.31927307000116184,
7725,token,2023-04-30,0.049087611880023196,0.4651457305917426,0.32525501006827445,-16.172216891608283,2.131988843651353,0.5695000129983268,0.6450743485585065,-0.44936520313803047,0.19443774025425795,0.19715468010402504
7725,token,2023-06-30,,0.4762250832506308,0.32525501006827445,-16.083705009241136,2.131988843651353,,0.7738844141626865,-0.38159252971682844,0.22875723126442396,0.16070236003017013
7725,token,2023-07-31,,0.4709640565549375,0.31782502455847766,-16.048023921071394,2.2163847523542586,,1.1160047386740641,-0.4286954814469532,0.27517217323899684,0.20271741814099586
7725,token,2023-08-31,,0.46489752291203534,0.3093646305906965,-16.22269146699981,2.2926818677645926,,1.096598915764267,-0.2927276279236679,0.1635896614946793,0.3460267163660573
7725,token,2023-09-30,,0.4646839600060475,0.30698826649143457,-16.122287534475618,2.1018028793415247,,1.0892436784159434,-0.265097921250941,0.22099214210605292,0.24386877175483435
7725,token,2023-10-31,,0.4632686936749873,0.30437818807219014,-16.1899929050502,2.1216942951208613,,1.1864778512685583,-0.23705275442138016,0.22910471659218964,0.17474285489685012
7725,token,2023-11-30,,0.47664444475448475,0.3102474795855295,-16.12484513988337,1.7978878976188108,,1.0502749724890117,-0.21263757814727377,0.28946157308352144,-0.08249305334783201
7725,token,2023-12-31,,0.450397893759916,0.30583991580608527,-16.485534333339277,1.8183184737111027,,0.9015323566865815,-0.22861345427900917,0.226364103853711,-0.01639014034798574
7725,token,2024-01-31,,0.455462572347982,0.3012017434256084,-16.84835795665885,1.8826751903815488,,1.3174199256457773,-0.09114417614082976,0.10336794195647718,0.19089666307521186
7725,token,2024-02-29,,0.2881897449486421,0.29513921242956387,-16.723677847182515,1.6482979385935406,,0.08407282594496229,-0.03181181004976743,0.17420241271989714,0.13769759020222896
7725,token,2024-03-31,1.7281577505409746,0.47312535317635085,0.3503718320663864,-16.67248231619403,1.6079524722720826,1.9662818178793033,1.2220799741784185,0.4661506523776651,0.27601356736376803,0.19374719225515355
7725,token,2024-04-30,0.5951273982421461,0.4879966124308127,0.34435514167980646,-16.67595830370038,1.6396419939597395,1.7070371437508052,1.188331877106057,0.50701747529149,0.2404223300097078,0.2539328767840082
7725,token,2024-05-31,1.2625208532479415,0.49326375481468643,0.3512623283446718,-16.73522143059184,1.4314379042614516,4.434579598318194,1.2762998492567237,0.5580184007039396,0.20488115097144124,0.04783709257766518
7725,token,2024-06-30,0.4536796307430102,0.49149681509982085,0.34647931685141925,-16.801868110317237,1.4790186397592089,2.8828512840803002,1.1989309520215983,0.536121209938151,0.15318062671351254,0.07173205926723422
7725,token,2024-07-31,0.24668181122672772,0.4845217354197583,0.34108089707493433,-16.949105762246045,1.519869919305403,2.706485430744383,0.9673944641204661,0.5187849468820477,0.06594757388982901,0.1573809029521125
7725,token,2024-08-31,-0.14354668219066768,0.49365308902805133,0.336112328774523,-16.98317222166107,1.5640920047315305,1.2002617745032291,1.022308368448051,0.5381959133228436,0.08655761355051704,0.129936043167845
7725,token,2024-09-30,-0.08386672589530142,0.49295823999919386,0.3308591771050481,-17.238186734202138,1.563796306252127,1.0213003550484945,1.010061579409172,0.7258173881921093,-0.013286107996256147,0.2722024741918954
7725,token,2024-10-31,-0.30804531040133876,0.504340636121564,0.3308531223135853,-17.159452562836307,1.609019132898171,0.0027142171158828095,1.0558619276028365,0.7664735522125335,0.05956956267659695,0.2831086336944121
7725,token,2024-11-30,0.15336730854062508,0.5280379192073994,0.3285037737302451,-17.313495552390556,1.3853952530509335,0.251951633021066,1.1787512950565227,0.8813909233523428,0.1463815455231432,0.10261994874224334
7725,token,2024-12-31,-0.24781138969141492,0.5464788373601424,0.3314465466934713,-17.228889280640303,1.3777235847090805,-0.8646769473212338,1.6069787600410603,0.9546094233689235,0.19048462168533326,0.0806612842975782
7725,token,2025-01-31,-0.36313890890770273,0.5472497938457453,0.3366665739216221,-17.439499553205543,1.4068303265841149,-1.0513210005705347,1.600961617991625,0.9956110869718374,0.04022427916401209,0.07060648354609772
7725,token,2025-02-28,-0.5377252035282686,0.5488896278837666,0.33583360444018506,-17.62902886897996,1.4126230577922017,-1.570706178807288,1.7873579106326707,1.0265942440693108,-0.15421924205785997,0.0731731862234458
7725,token,2025-03-31,-0.5951526802252605,0.4053818795217087,0.33649979339296826,-17.658262096009338,1.490860388583772,-1.437854093585973,1.2608862606624853,1.1152969770271393,-0.023635275364281588,0.08199590393381033
7725,token,2025-04-30,-0.4749377403702326,0.3983833652945194,0.336473402041829,-17.71051217747679,1.4375763081123316,-0.9496877098230017,1.2925512418008178,1.1259284165100931,-0.13796513133126712,0.04475514227779339
7725,token,2025-05-31,-0.4726887497269441,0.32224397985204545,0.3397444651274221,-17.75269376691098,1.4711857226038758,-0.8143974907195375,0.3715134743736603,1.1497727560872955,-0.05205682002318377,-0.012380959963054612
7725,token,2025-06-30,-0.5749472863065264,0.3214072124314622,0.33988266182291,-17.696601582822712,1.4872547814198556,-1.1213714281613907,0.3751986597592223,1.1845318046127185,0.034531014683136484,-0.005411550214202739
7725,token,2025-07-31,-0.4601248003642501,0.3279300030397712,0.339961901043957,-17.655709659038326,1.552781290926307,-0.998950684854689,0.2925132891518614,1.2774911361415704,0.07447914085615444,0.05776782302545691
7725,token,2025-08-31,-0.42981093792129477,0.32097902393664574,0.33987745747168796,-17.737508387984604,1.5484929204831566,-0.9944462050300197,0.228424606537772,1.254979203468987,0.0975036883905221,0.08062944165092342
7725,token,2025-09-30,-0.3483218394292871,0.3174732462833565,0.3400943549846932,-17.706695436000278,1.545051794531011,-0.9561415305784267,0.20384602440713906,1.2965153962741136,0.077507082350973,0.08606975553635235
7725,token,2025-10-31,-0.4838265986662099,0.3236366325582213,0.3405717654588195,-17.644589889001345,1.5299207209949355,-1.0418099719722524,0.19558502318518506,1.5426234238631458,0.045133847102603285,0.15680947510567594
7725,token,2025-11-30,-0.5771517120391073,0.17985283599647736,0.33938532837537494,-17.62649486753401,1.5178592990847621,-1.2893361777299892,-0.41710331076548934,1.2974659953005612,0.06444463210391506,0.05241565828071578
7725,token,2025-12-31,-0.6296774314373845,0.1725170208491676,0.3392377698877028,-17.648529297053077,1.5332747829358826,-1.3367728132942147,-0.516770992584904,1.3369818136541005,0.01981394414393866,0.047872945645581484
7726,token,2023-03-31,-0.2176701578999487,0.4578833537915114,0.43504555082442725,-13.278989996790168,,-0.9959029536023486,0.5608802746159295,0.1423494274835058,1.554617236911885,
7726,token,2023-04-30,-0.3752040721344423,0.3765124868654539,0.4201862827165188,-13.39008218395818,,-1.535073487294171,0.11898440749128383,0.12125644019027135,1.2590692490027373,
7726,token,2023-05-31,-0.4073093459967134,0.2410824803041218,0.4037746473562143,-13.442080642933258,,-0.8760793148098157,-0.5717282207712111,0.05451287905175853,1.2205328693632174,
7726,token,2023-06-30,-0.4472170934765204,0.1764024259509863,0.3903457246600366,-14.387378647042839,,-1.1409650690936415,-0.831227100035243,0.03475477774895315,0.9325223108363732,
7726,token,2023-07-31,-0.4127951403946385,0.1084831618706213,0.37721367083346646,-14.41120504981879,,-0.9421274590499654,-1.0903012806044021,-0.05002742636061669,0.9668091925133986,
7726,token,2023-08-31,-0.400687834052748,0.10822374986851266,0.36529178551796765,-14.1250478243013,,-0.5813776056562515,-1.0822288086001888,0.08094805898410244,1.0145102654138909,
7726,token,2023-09-30,-0.39127769059856143,0.10390704787550956,0.35465351021679176,-13.759996843138953,0.4745367191460543,-0.8042549030965891,-1.12815532072404,0.061378593033804635,1.1879667105072549,-1.1803592233050197
7726,token,2023-10-31,-0.38354046160775923,0.07657742173196308,0.34625312557225446,-13.571296760110403,0.4873280355889443,-1.0400932186427922,-1.3230071516350494,0.04623115300977595,1.3893118432832614,-1.2266191394377883
7726,token,2023-11-30,-0.25039206225324606,0.09406560717849831,0.3377518241038192,-13.575793317198851,0.4142592731409896,-0.9100186054388197,-1.3056512175756032,-0.020959858316976644,1.4410796010412676,-1.252661910089837
7726,token,2023-12-31,-0.14578125233999717,0.08988866608506782,0.32919731987771145,-13.619642872085425,0.3761963474073408,-0.9336134597922087,-1.4047198677762804,-0.061314795074528965,1.592831357598146,-1.2424400984968824
7726,token,2024-01-31,-0.18817650492386928,0.08522531464271821,0.3215925434159833,-13.564149463562975,0.4179565874928838,-0.8799129896013673,-1.1141681680713231,0.05372451999183686,1.6345522948979219,-1.0916763790882755
7726,token,2024-02-29,0.2442089376261627,0.18787795836063095,0.3199009764067977,-13.564797317593195,0.3328374256219243,-0.5620508326338708,-0.5769190603393057,0.14827927900184856,1.636538368262498,-1.0670905504117147
7726,token,2024-03-31,0.38597999596559496,0.191766945867382,0.3129332470190293,-13.582653252516286,0.27538808877799376,-0.525886586419331,-0.6001929688288482,0.18899778533958136,1.7375332304972753,-1.0000808851493046
7726,token,2024-04-30,0.08394443536716611,0.19168663949865605,0.306411606495165,-13.633479951579545,0.340969973439766,0.09038260756400733,-0.7507210975866576,0.21444321274554948,1.7009658854378658,-0.9257106753006134
7726,token,2024-05-31,0.13484093904037264,0.1894787395966576,0.300218888357678,-13.668240364073416,0.3131025348522185,0.05157574212978821,-0.7415556266739545,0.16039398604939617,1.6273756770652483,-0.9644915011015679
7726,token,2024-06-30,0.0004913019406116437,0.18823938021646408,0.2943855465990436,-13.76778273894852,0.3476765509073318,0.7629020715564305,-0.828745611763823,0.1276433057770895,1.590147025613211,-0.9545345515214704
7726,token,2024-07-31,-0.15257647014728026,0.1940083399305746,0.2896892072540194,-13.7698571905435,0.39248610440709486,0.5797210661782456,-0.7863581833069048,0.12353844465878999,1.578462215961736,-0.9631150582799994
7726,token,2024-08-31,-0.3774984398439385,0.20885898051650637,0.28561368319637137,-13.867748168365525,0.45448964372051537,-0.1698478880806472,-0.7038119529822404,0.1395482861367321,1.6657924897538776,-0.9244606793538279
7857,token,2022-09-30,-0.7602137326128453,0.314927509062455,0.2330914666881548,-17.9628437886338,0.46582981217227515,-1.2348594566829472,-0.04864188258625936,-0.9565942327910975,-0.27396460294731256,-1.2189511238221382
7857,token,2022-10-31,-0.7040533534403584,0.30728457317718355,0.22834367025029953,-17.890605574806823,0.4810052237800667,-1.1717601486536358,-0.08217779877355653,-0.9735111437625366,-0.22496038711183097,-1.2054881181873123
7857,token,2022-11-30,-0.7583505678196332,0.3109271831056432,0.22286293061862686,-17.683125818718086,0.5609018505453006,-1.106994001373809,0.15764366531071317,-1.0033673121708262,-0.22592159848947724,-1.1996254577631698
7857,token,2022-12-31,-0.6730680368686106,0.31584574249118047,0.22321749472117608,-17.678655847165626,0.5182240171817596,-0.5588016305479313,0.19661575063365025,-0.9234164620317211,-0.2999210060080081,-1.2475720203204692
7859,token,2022-05-31,-0.5969147932211707,0.45537955731307644,0.2921100732853105,-17.34259093941428,,0.14926619884080602,0.20300558115775294,-0.9021049772003498,0.711941247710561,
7859,token,2022-06-30,-0.7656908361169191,0.47385064065000687,0.28309469162025724,-17.131941798448853,,-0.5058690741440175,0.3063910238157225,-0.8346328599121583,0.6076621817175416,
7859,token,2022-07-31,-0.6164373986008673,0.49018813266157657,0.2782095616473219,-17.06831221474878,1.0817727823471135,-0.31498340535986724,0.5342357643679112,-0.9278306719987691,0.2721494508998956,-0.886912732399993
7859,token,2022-08-31,-0.6056550306680666,0.3520137494573849,0.2704951558990654,-17.053370495698896,1.1521475730537396,-0.3007593230686106,0.10443706563815582,-0.8272825815913996,0.001523602249009526,-0.6283136841110565
7859,token,2022-09-30,-0.5000225545615601,0.34233718583787776,0.2638332401026126,-17.10575789002004,1.1771372954427097,0.4016363354511464,0.1507181885991602,-0.7901802194062361,-0.03356409763168008,-0.5520319796315275
7859,token,2022-10-31,-0.4497225819340148,0.27266903357871625,0.25895441849372186,-17.13863623456112,1.2140209748318074,0.04643606741736675,-0.3266471657788208,-0.7992004762728389,0.013329176073092197,-0.5379667792257968
7859,token,2022-11-30,-0.4804084002454839,0.2691667437123768,0.25345872243773526,-17.074732475957617,1.2806223040670366,0.15984589277939049,-0.27670789134197427,-0.8222459505403543,-0.03205216764621862,-0.5361276125416636
7859,token,2022-12-31,-0.5575908922951418,0.25356363732126375,0.2481947350252337,-17.03936441539526,1.3497329902800526,-0.04562536805439742,-0.3928499385759935,-0.7774506672728776,-0.08370174439390726,-0.48950192981109464
7859,token,2023-01-31,-0.23067029128353655,0.30246574065521686,0.24275255664874312,-16.913609456305043,1.1563460051330556,-0.11540701625758128,-0.3045119550019284,-0.8631617272465546,-0.10266772196705488,-0.5685179245491441
7859,token,2023-02-28,0.018992718898964478,0.30573224959937256,0.24205972578634863,-16.940507723565606,1.0850781291352058,-0.026195421900545402,-0.4312744150576218,-1.020626554773303,-0.034245998140552625,-0.6849689707586704
7859,token,2023-03-31,-0.14834568170982176,0.3029272658668168,0.2492696007520984,-16.903151765672042,1.1464836911920053,-0.7035637632744111,-0.3537098601851628,-1.001195006014646,0.009838087899564925,-0.6782347488044116
7859,token,2023-04-30,-0.15456850180599213,0.29484465956682177,0.24446961209992316,-16.981412011913754,1.1620244198885652,-0.4406759489267989,-0.3657617288828516,-0.9349575191332169,-0.11521463546782647,-0.6841152385626506
7859,token,2023-05-31,-0.20778102274511034,0.29285912285797266,0.23989161227789116,-16.95596362828228,1.2061483689102515,-0.1936093386006912,-0.29206563457789503,-0.9506029982285543,-0.14893147867429485,-0.6924180556040165
7859,token,2023-06-30,-0.23008456420414747,0.254380588302219,0.23611338902957194,-17.13363078138058,1.2386449836563787,-0.06585345443009223,-0.4137681682345358,-0.9517794470885419,-0.20683176330664615,-0.6580541903868
7859,token,2023-07-31,-0.21375251393212324,0.20210089132747852,0.23213755805708394,-17.230633348371303,1.257713153032959,0.005324754324179672,-0.5204799105933552,-0.9750474918146873,-0.2245388660390242,-0.6565243189810287
7859,token,2023-08-31,-0.23552810207993158,0.19904024756552402,0.22944016646389218,-17.229342119256984,1.2891313014823607,0.49190184923610564,-0.5274543396969654,-0.8267406502588327,-0.24476367532491433,-0.5495786033970826
7859,token,2023-09-30,-0.12993243311270464,0.20362651793645917,0.22678256240695255,-17.170381983877803,1.257073623171285,0.6285148078376483,-0.5152617411373471,-0.8144558317261853,-0.20803239817222763,-0.495461452342756
7859,token,2023-10-31,-0.05796175656674596,0.2060250176674395,0.22434878639731248,-17.194409510989196,1.2326763928323368,0.6702471779188117,-0.48293957258230163,-0.7784515712148865,-0.2158996824974464,-0.5875317535541658
7859,token,2023-11-30,0.3563984277429786,0.23909716647028256,0.22978267142035208,-17.12988613748263,1.0986581624113834,0.8976043393178814,-0.4125447115118443,-0.7733966591509082,-0.16459876471416668,-0.6738488878344767
7859,token,2023-12-31,0.49567336469256995,0.22046656625440966,0.2265812593807163,-17.239691193820196,1.0751271243438427,0.34036732682745763,-0.5693859855522048,-0.7963078311734196,-0.13322057266541293,-0.6482296400467944
7859,token,2024-01-31,0.18935917900560328,0.19371652512167695,0.2242737271289626,-17.364379984933677,1.118823983253483,-0.032998348349787064,-0.4016360547214533,-0.6376877851325388,-0.1372150956699511,-0.47796557746326185
7859,token,2024-02-29,0.5836296262154417,0.22083887760744259,0.21827523580340202,-17.327992038687242,1.0418596898551193,0.14943985111326386,-0.35972723345963836,-0.5908397238999423,-0.1055518744094452,-0.417719773443489
7859,token,2024-03-31,1.1377433465360869,0.25051776387597907,0.2072675908393861,-17.39038745504218,0.9026921954289198,0.8699947440637369,-0.21968176583840615,-0.5932310173944015,-0.06356265354286218,-0.43808683452989733
7859,token,2024-04-30,0.14795387336584187,0.2941428364884732,0.20262455788929154,-17.21061969616244,0.8811950760599432,0.2928172656311134,-0.08024756750977802,-0.5858359141180498,-0.016242191712316126,-0.43499935719199023
7859,token,2024-05-31,0.26173472981610346,0.28898681609537835,0.1999926055099674,-17.318264554022583,0.9903468723094029,0.5447795026022118,-0.08058518045835723,-0.6203609368256355,-0.06553970705438324,-0.3514430127242181
7859,token,2024-06-30,-0.172078854811905,0.31015235860119306,0.20195344686710126,-17.158847751461952,0.9789485805782167,-0.04435606962163534,-0.013596300792847998,-0.5971356878106935,-0.015887704143908648,-0.3818930730863241
7859,token,2024-07-31,-0.18685053168570298,0.3090888230362066,0.2015789103889239,-17.178104817006933,1.0516847863440302,0.39715039423623677,-0.09164769818837203,-0.5541058742405859,-0.04299779968974739,-0.307943810476967
7859,token,2024-08-31,-0.33099069471978015,0.3144919856996488,0.16401807743531835,-17.152675521679324,0.5934409870681295,0.10251899481336826,-0.06357652882499526,-0.8203546807237089,0.0006349531225652942,-0.7924225311272727
7859,token,2024-09-30,-0.2634185922437037,0.3142573625716224,0.16021151410137577,-17.18641871544308,0.5404613058670615,0.03568150775671387,-0.05837683719820675,-0.7799399258264217,0.011836074532932195,-0.7488492072299824
7859,token,2024-10-31,-0.25245254333571343,0.3149444122589751,0.15707279251834677,-17.2320064111873,0.5276347529215271,0.31067614122618586,-0.060847394594550734,-0.7604474940767225,0.02312294291780209,-0.7789071201317616
7859,token,2024-11-30,0.007439791135905427,0.3050690527529755,0.15928951877550487,-17.319595663986387,0.46232911250007397,-0.4882856330748328,-0.43063630133571984,-0.7347448459444514,0.1422663258727283,-0.9570184908076945
7859,token,2024-12-31,0.05886591544945463,0.3044381183232641,0.15728233007298922,-17.37109192344837,0.4876021589946019,0.2296175857950311,-0.3470507771434312,-0.7565750693996647,0.0966750277424836,-0.9594145968880474
7859,token,2025-01-31,0.08786405265522657,0.2972262071536213,0.15772944052028529,-17.46576647717275,0.4640988345856714,0.4717923406432055,-0.3828617932974553,-0.7959182646360945,0.024721137560997537,-1.0548824732601827
7859,token,2025-02-28,-0.06106346720869693,0.27918234790473373,0.15052489760054039,-17.517456775079733,0.46270312521645,1.4450636649463955,-0.39023179261829816,-0.8603233537807456,-0.09980667871196745,-1.0533117305839927
7859,token,2025-03-31,-0.5524706049493904,0.26381538236495833,0.16905716739155127,-17.425839387502492,0.3603817177546058,-1.1746512860627842,-0.48680898726465605,-0.60034787203522,0.1226258920457449,-1.2462106350971225
7859,token,2025-04-30,-0.6244072487633169,0.24454042553384678,0.17670475361534585,-17.646340981351994,0.3614384744817017,-1.744500184963455,-0.6248176834539241,-0.5524349761535274,-0.10781230957467265,-1.2154466235548504
7859,token,2025-05-31,-0.6124910045815098,0.23202827442843407,0.17619250641283846,-17.701380098337562,0.33063676370249456,-1.4974581490208412,-0.6926404663003084,-0.5617593573521352,-0.023897616934424194,-1.292495473670287
7859,token,2025-06-30,-0.6155630122124521,0.21987228758627123,0.17622097345827514,-18.059764702201544,0.43646077548306456,-1.3022790471548829,-0.7644441062024836,-0.5438782257977193,-0.16494911675056093,-1.1942757144144378
7859,token,2025-07-31,-0.5727199025847558,0.2205684135151647,0.17223538102686603,-18.03061351977675,0.44903789322545234,-1.4264391235002987,-0.7999741390539166,-0.5898100278010097,-0.12981904195982602,-1.2128636588893371
7859,token,2025-08-31,-0.5929947834867111,0.21898472263053304,0.17240859698379232,-18.038565307205527,0.44347535298099067,-1.6014628564095816,-0.7958819749851097,-0.6037363073243744,-0.06070176034582936,-1.1802880272192167
7859,token,2025-09-30,-0.5087712694506725,0.21660549039100205,0.17212000234036778,-18.067197798996645,0.41863594516838876,-1.7622526374324918,-0.7941478933761437,-0.5954466414886473,-0.0846648003110851,-1.217842155157489
7859,token,2025-10-31,-0.5019289069425523,0.21788975191758284,0.17134312723459252,-17.88433938888246,0.4409564420693113,-1.1342337582154682,-0.8150229870792275,-0.5588452821122788,-0.05877240254292171,-1.2372885561999833
8000,token,2023-03-31,0.40692004010658667,1.0149816191468923,0.674027392300878,-17.746066593763945,,1.6379747589565703,3.84901554205019,1.613402889576599,-0.3494497512940494,
8000,token,2023-04-30,0.06953677431926275,1.01424075819903,0.6589292409710862,-17.862973519316004,,0.6709320395834459,3.9042732514701783,1.556314618300568,-0.4525592489761227,
8000,token,2023-05-31,0.10331301005614635,0.982116217569643,0.6327003238666905,-18.183611199866593,,0.8704618353797097,3.4308374381479108,1.4585436993733876,-0.6273821238008732,
8000,token,2023-06-30,0.07855480817072702,0.9523646598813748,0.6196098543082263,-18.554828135047252,,1.4623458213516387,3.3229149767579997,1.5012235924820188,-0.7964524229741092,
8000,token,2023-07-31,-0.04296653228841152,0.4310607039283183,0.6020959339650792,-19.025988967526157,,0.8182740164867948,0.8731257114465075,1.383844778928636,-0.9831655111604558,
8000,token,2023-08-31,-0.1909953557691525,0.43337465227678945,0.5829424510849979,-18.985651152160173,,0.7812949180814786,0.9040338614134753,1.535174759188282,-0.9572200299344029,
8000,token,2023-09-30,-0.14317592018687608,0.42700112109654736,0.5676599878436996,-19.062537437468208,2.9023853518083396,0.5559102106486261,0.8576382555821076,1.520337089845381,-0.9825629035810584,0.9445605193817304
8000,token,2023-10-31,-0.11934275421896412,0.42605418364478076,0.5814091439325686,-19.066456140424634,2.975145260549892,0.34779857105241047,0.9449692846491148,1.6370613658777986,-1.0453055091971026,0.9065211451088506
8000,token,2023-11-30,0.12556659321448937,0.4171708792460029,0.5677726090561743,-19.19679822775235,2.9902581206107044,0.2099585581907327,0.6840358687118019,1.5820545143369105,-1.0983943055406564,0.925923855617323
8000,token,2023-12-31,0.28478951182076817,0.4080418118275441,0.5637671402284515,-19.525049171831544,3.0512635637201972,-0.07846507321022711,0.6305717246769974,1.6188041220009353,-1.2228873944053473,1.0318236332524413
8000,token,2024-01-31,0.35031245282232937,0.173140585155105,0.5501416678479014,-19.882914446022006,3.1207331968439704,0.3280633736415697,-0.5367715917277898,1.6774770787116187,-1.3114220826103762,1.2749955613835775
8000,token,2024-02-29,0.5102576304639364,0.14897814094328507,0.5759425072467218,-19.895635982260668,3.164230696564953,-0.004361885728711585,-0.8332445088771562,2.0104567140908625,-1.2941875396546791,1.5260918375113868
8000,token,2024-03-31,0.28061157040052453,0.14218672561582582,0.5778827112266854,-19.896604200921942,3.2438805063697935,-0.721535679923371,-0.9213089956676586,2.150383439537531,-1.2490279264398374,1.6593550412342484
8000,token,2024-04-30,-0.18570304674763527,0.17479317023856975,0.5657075307980616,-20.069290925714604,3.28498415452546,-0.7623978189989505,-0.8612719896052345,2.213817110431168,-1.3885490278480168,1.7484728684188562
8000,token,2024-05-31,0.07156401061104822,0.20162080446447295,0.5542635478482727,-20.004805203831115,3.268437034256481,-0.1943655199422406,-0.6609034191743771,2.139382060752035,-1.3115824068938475,1.7107074593087213
8000,token,2024-06-30,-0.1801757731428465,0.21469222283257958,0.5436612454774726,-19.940145284051635,3.3340251201960043,-0.08223227813942778,-0.6518734139269173,2.082265030080123,-1.3331318190882024,1.7544513997992586
8000,token,2024-07-31,-0.32724975794973676,0.22008852279589702,0.5355256015557471,-19.961537313526637,3.402216901490359,-0.3507265695262086,-0.6289190068158088,2.014232743786346,-1.367204545798402,2.0282275155282807
8000,token,2024-08-31,-0.543710458764826,0.23910752381102354,0.5262934936844216,-19.75695878138679,3.4440537268729616,-1.1432481114659674,-0.5204773132763298,2.039528657178122,-1.3194983195508745,1.9163647206321022
8000,token,2024-09-30,-0.42120363722894727,0.24578530850153485,0.5171299635919544,-19.77161532314407,3.4645474430177243,-0.8304521466630883,-0.467765834530638,2.369429695584842,-1.2427180422621495,2.1687125548876387
8000,token,2024-10-31,-0.49348633199747516,0.2508275554959625,0.5123181530814823,-19.71234182789105,3.5275387104840985,-1.0245556389125374,-0.43889026259385217,2.3609162314933805,-1.2228460009974558,2.167265694909036
8000,token,2024-11-30,-0.06279969460409163,0.32805058837714307,0.5064837073727165,-19.732752387033905,3.318906398349462,-0.8445850193787601,-0.26475575053181694,2.581246157496789,-1.485682574767473,2.3222038364513806
8000,token,2024-12-31,-0.025149412944275973,0.3270499956576282,0.498611328286322,-19.782663267461984,3.378304370650365,-0.07016825755909778,-0.16450183918639316,2.597023620437083,-1.4942133276270835,2.418270248322617
8000,token,2025-01-31,0.33407318081488313,0.3388183597900122,0.4915301322378566,-19.790378209495916,3.3686303921674807,1.3032822415720522,-0.05284698462428524,2.5461143556014223,-1.3473003790516258,2.4127201479526335
8000,token,2025-02-28,-0.23690418057104867,0.36082754184534716,0.48424903719572826,-19.749295184936827,3.3649204052602513,0.33254491159131966,0.2689633676266519,2.53784375109492,-1.1882513301383415,2.3883509602939466
8000,token,2025-03-31,-0.4168509039481847,0.3697019343947081,0.47859218188875857,-19.650183386605764,3.4014377409042647,-0.33834035628114695,0.8204030121738676,2.5711990984601085,-1.2771304059527748,2.3267453168663117
8000,token,2025-04-30,-0.4004758311384149,0.3549832214640713,0.47968139756019823,-19.745771253552903,3.403064349764942,-0.5537323406210037,0.751648375139921,2.6303227991499702,-1.0942945728156945,2.3464226642318
8000,token,2025-05-31,-0.36326384417658875,0.33583949459989837,0.48099558471019,-19.80835886543998,3.5572384802405534,-0.2797577018438958,0.5318815668968523,2.6279319241292467,-1.1801361914899187,2.3289358161110925
8000,token,2025-06-30,-0.4182452084700674,0.3318971288706145,0.4801035630132142,-19.81864377879876,3.6993216058342075,-0.42340040436662363,0.49293900775918364,2.6653866980960443,-1.1310753852321156,2.4973120678349003
8000,token,2025-07-31,-0.2336959164019693,0.3398822940297084,0.21885633988443043,-19.768223435101095,1.9614843018417416,-0.13927092827221324,0.41413711851749135,-0.07077838790304737,-1.0767032576747326,0.5282675003093836
8000,token,2025-08-31,-0.051930202037225426,0.32740955652557086,0.2239216124065737,-19.95870884083747,1.8535323889379052,0.41120702076823956,0.2930050465151437,-0.031999923049030765,-1.069737427629485,0.4287049888468739
8000,token,2025-09-30,-0.08044359635023468,0.3259606017530277,0.22405530482289043,-20.036961304289697,1.8609819868830133,0.3897007513280645,0.28782062126280866,-0.010478643875838087,-0.970762337640148,0.4517829519448277
8000,token,2025-10-31,-0.20338098087364076,0.3265488085711725,0.22328817501366405,-20.032575190375223,1.8611021972151782,0.39004310643218637,0.22341627823647955,0.0862044770985675,-0.9898071934311133,0.5807898139824081
8000,token,2025-11-30,-0.30658583206253853,0.2409076408427194,0.22341831631644699,-19.830750476367424,1.8595696185075863,0.21541274112147377,0.2592121352007048,0.008320112487996969,-0.8315281245114947,0.47862889998084474
8000,token,2025-12-31,-0.33021833433688763,0.24133845415225919,0.22335955360448426,-19.74852081066063,1.8614565097612332,0.6143556828899946,0.26279366775653235,0.036201253063513954,-0.8614863502888341,0.4633250562621015
8000,token,2026-01-31,-0.48184102073724744,0.2158930237019945,0.17569821598332241,-19.655441606865505,0.8200868269788453,0.0703658071384893,-0.031305658431126156,-0.40863640712075683,-1.0674264334726213,-0.8330722716777085
8000,token,2026-02-28,-0.5986571738954495,0.19605374380099866,0.16167884819979347,-19.580624626574824,0.9558937089975094,-0.44141932941362516,-0.06936984792474828,-0.6001339293961561,-0.9160124609605782,-0.7060344715791292
8000,token,2026-03-31,-0.5380551066605522,0.1886245220361172,0.1545798733062235,-19.67997074819875,0.8820901026231357,-0.1903910466050976,-0.06714846316555863,-0.5924981954641162,-0.9414186321550164,-0.7839851080100823
8000,token,2026-04-30,-0.45888005389196307,0.19503603154906207,0.1533403886429538,-19.626381478782978,0.7966174680537361,-0.19932678335898069,-0.15003863201522413,-0.7473426450509562,-0.8688646305085644,-0.8826148386503833
8000,token,2026-05-31,-0.46603137528697247,0.19495379449386332,0.15075165690150058,-19.557033749285335,0.8394251517244974,-0.32651641488952904,-0.12965680924273376,-0.761491265273989,-0.7779599652114848,-0.8318887967414484
8083,token,2022-12-31,-0.1984464904011276,0.11187594769981572,0.15787607880597707,-16.89119199752607,0.5901009146733732,1.5503993911323681,-1.7338455807009883,-1.3052685637301127,-0.033587306453560305,-1.182043291287067
8083,token,2023-01-31,-0.086812691602839,0.09813505204477432,0.15440914564592315,-16.933103365161426,0.4854734487238112,0.26484422226402465,-1.773705848299396,-1.3897246685557443,-0.10924227245832135,-1.179928685308397
8083,token,2023-02-28,-0.008622244296438208,0.10036231027399313,0.1531002994827013,-16.87675315598298,0.40582733012221267,-0.11348258397821698,-1.9424961591460708,-1.5829540370935435,-0.010262177299676533,-1.3142188413144207
8083,token,2023-03-31,0.02095436245869209,0.10116693290538155,0.15023918127128794,-16.860163372843648,0.3454996091082059,0.010369331567438243,-1.5445505208656845,-1.610777058482564,0.028161655423799174,-1.4025197897489587
8083,token,2023-04-30,-0.029064000404865786,0.09699365290031241,0.1474268990392823,-16.745367573504385,0.33412039326296955,0.1818520377570692,-1.540122725516468,-1.5182708031011196,-0.024888187253637784,-1.4363149031418774
8083,token,2023-05-31,-0.16420806957244816,0.09024443981370377,0.14506834566713178,-16.17331498420015,0.3898954372919454,-0.04457168905552,-1.386453827129498,-1.5321663721342702,0.1560898949967233,-1.4405425469344528
8083,token,2023-06-30,-0.30435540817046014,0.09681292649557582,0.14444457524957438,-15.905543270170982,0.45057916947396587,-0.43359866168498085,-1.257312383701631,-1.5381313412911968,0.3026722592139374,-1.3803225983491754
8083,token,2023-07-31,-0.21431531246438273,0.09532469948993258,0.14635944384664815,-15.615183133992293,0.36166550055527996,0.002645806982347879,-1.1703926597107308,-1.5219774812042375,0.45806883764920026,-1.4596372327297056
8083,token,2023-08-31,-0.1741370326143813,0.09120247787700946,0.14626038393334423,-15.636473887694196,0.3100606037473898,0.8908476018369237,-1.1862073518010927,-1.3825039894517794,0.4013920252789675,-1.423337190933016
8083,token,2023-09-30,-0.050329808164610634,0.10131943052812055,0.148160441782094,-15.424443698911688,0.23351625390695213,1.064919244763998,-1.1440592766683761,-1.3529672056567772,0.5066459120593381,-1.3913069480058429
8083,token,2023-10-31,0.06839405496279483,0.10645438671900644,0.1472031926814562,-15.314611772843943,0.1619827715745144,1.334023541216511,-1.1291165701628394,-1.3003414302478853,0.616940254563682,-1.5055813887913503
8083,token,2023-11-30,0.1651575360848434,0.10742422597322432,0.14636132846490513,-15.292366920299477,0.09648214405386954,0.32789959041991107,-1.223388643720264,-1.3547598249681605,0.6655609983770143,-1.521413866549952
8083,token,2023-12-31,0.1655165611050078,0.10622400330413082,0.14419199913440364,-15.32227246315775,0.06683622258100475,-0.31535080688575295,-1.3002193310166679,-1.3864253258140582,0.781011505760942,-1.5054490081988716
8083,token,2024-01-31,0.2349690958084012,0.10632617876361335,0.14405303273614536,-15.306331926416117,0.01301072998658445,0.06931702995964993,-0.9755851138386873,-1.2076245902127831,0.8223010225753504,-1.446265062094737
8083,token,2024-02-29,0.29837792997804646,0.1076117343050169,0.12781463316098027,-15.287696245989931,-0.07729504245732997,-0.4485022638459149,-1.1058232364890004,-1.2487552286724388,0.8389592806203597,-1.4427177385713903
8083,token,2024-03-31,0.4690683718250619,0.12060305135160237,0.1217563685392279,-15.208379400267956,-0.5892701634822277,-0.3716073008511068,-1.0610998979497632,-1.2262592259776426,0.9685487064857021,-1.774717601914216
8083,token,2024-04-30,0.38407213926041606,0.11769684097769366,0.11116647192852318,-15.239286090196575,-0.6836807650513795,1.0395590261314167,-1.2349104669125281,-1.2910491190454096,0.9300976866915396,-1.8564480883665133
8083,token,2024-05-31,0.42973986800175235,0.1000764431465011,0.10309382887254219,-15.383064971606435,-0.42591875542327334,1.1977725720448087,-1.3353996427234327,-1.3751948459629324,0.832023973053668,-1.6334611178622414
8083,token,2024-06-30,0.2849502718201524,0.06787376914397733,0.10166885907364416,-15.528360074678892,-0.3925007077742601,2.09355983757852,-1.6335487281367727,-1.383487645886894,0.7563239242653312,-1.625966485447767
8083,token,2024-07-31,0.13854152252504015,0.07910269135545402,0.08954408636616444,-15.755769384128886,-0.3697377739510226,2.130444999990739,-1.4800132385364653,-1.415750480138963,0.6336725265356938,-1.7206820607227173
8083,token,2024-08-31,0.11709848281495461,0.07866257327462832,0.09094476907736583,-15.752121743220412,-0.38737917708110986,2.7266980905288256,-1.4929247105880015,-1.3972117558794077,0.7105875422736398,-1.7244443101002727
8083,token,2024-09-30,0.05033197667090272,0.07972290059043,0.0848702954922434,-15.993395445288087,-0.36403688576538995,1.7579608711508472,-1.4606398411983554,-1.4447342099727494,0.5907909789865239,-1.6513292348473791
8083,token,2024-10-31,0.05560992159383704,0.07606028734787088,0.08357821568562435,-16.188589562257892,-0.3740596386290288,2.017220255748757,-1.4693450075498042,-1.406207668926393,0.5472718062403628,-1.6644513046927403
8083,token,2024-11-30,-0.002461507894902626,0.0768638478822127,0.08863730129991765,-16.197336528315986,-0.43028403022060036,-0.5385113249505878,-2.077819748923585,-1.4095318245767972,0.8993578602513167,-1.9816982576441713
8083,token,2024-12-31,-0.13836968120273463,0.08998218934387131,0.08846584556936665,-15.738554168921208,-0.42359770402038266,-0.47416398373869745,-2.078384336709599,-1.4327053527290605,1.1736430842030914,-2.024119897853949
8083,token,2025-01-31,-0.07895749559597764,0.08988283948109417,0.08357190146636953,-15.4214319691078,-0.29500839009082724,-0.09159226522015851,-2.028037084182266,-1.5383880099187641,1.231318735438414,-1.9611498523143596
8083,token,2025-02-28,-0.11460016273110885,0.0903398343570576,0.0836268733162977,-15.361685515186643,-0.2600600412605034,1.1063447378990026,-1.9149274295674363,-1.5415167064091837,0.951540805570989,-1.9104174481707163
8083,token,2025-03-31,-0.1690676618423198,0.07050460252855988,0.08417372274255276,-14.358826623109923,-0.19932638619529403,1.1896370102817104,-2.8733081807784915,-1.4700776897071655,2.052664786538264,-1.903815225787541
8083,token,2025-04-30,-0.18249579947708983,0.07031808713657889,0.08434308269038426,-14.093000961106828,-0.2271889904429774,0.6053886758226973,-2.7961782817875465,-1.5226907108825443,1.5618344282336802,-1.9047536505302465
8083,token,2025-05-31,-0.09460419804180198,0.06441885316803948,0.08187882834853429,-14.022988308772224,-0.20038056005283889,1.0328880415221635,-2.669704496236397,-1.548729431035826,1.9946791935346497,-1.8884917944454578
8083,token,2025-06-30,-0.10294309256431822,0.0643862888345494,0.08155653548997892,-13.976991693549987,-0.1921979527980069,0.9809953999638616,-2.5096415735360433,-1.5436171735166884,2.077657725521308,-1.9055377023420854
8083,token,2025-07-31,-0.05236823922677358,0.0647093874670242,0.08108524676528815,-13.959453199272732,-0.17529563388776143,0.5491736316612518,-2.3859605917876925,-1.6045854597531142,2.0886981367997866,-1.931597593259796
8083,token,2025-08-31,-0.09168991243915103,0.06547058801175651,0.08009911876302891,-13.815311292156471,-0.15686465116750029,0.26330753853473027,-2.3375910355223812,-1.628267425899557,2.1586187532216936,-1.8653261847604732
8083,token,2025-09-30,-0.22503984076382255,0.08068748350120018,0.08600157589115955,-13.544637423428501,-0.23112204840199493,-0.33676264973009146,-2.138931892913207,-1.5654327794246328,1.949807663233074,-1.9699863897795034
8083,token,2025-10-31,-0.2598202127684366,0.0780134244021877,0.08590378025576074,-13.301926713240599,-0.11990184953340398,0.10188496523021445,-2.151801303158484,-1.6198247700940394,1.9272226284797422,-1.9553024114719098
8083,token,2025-11-30,-0.2699072887146635,0.07804729130014645,0.08580359947869498,-13.20534328401452,-0.1269812438437464,0.41940002308230756,-1.5448222926953492,-1.521472217900384,1.8615281263348744,-1.999184132634272
8083,token,2025-12-31,-0.2381015374993508,0.07412635189178911,0.08582174157712336,-13.2291874083008,-0.16218557940463138,1.2145435183145186,-1.631276819406733,-1.5077171637861801,1.8744725380092488,-2.0984457809173684
8083,token,2026-01-31,-0.39486540997672537,0.08936634870271573,0.0927979244594936,-13.12748288966548,-0.32132119176361873,0.6450333684884251,-1.445550324128553,-1.3605274596898684,3.06209553129039,-2.2470391229804196
8083,token,2026-02-28,-0.4794062054474484,0.09706261592634119,0.09508457830477476,-12.554654071064316,-0.2609679651352823,0.19694139987200052,-1.4203561774375641,-1.3723662379007837,3.2077989208792705,-2.1285910705651414
8083,token,2026-03-31,-0.45249432383224975,0.09755878579022842,0.09512327962578586,-12.603718480552223,-0.22212330616739534,0.18131903979475136,-1.2786378162017467,-1.28330965498399,3.2019692188192095,-2.0674076473124168
8083,token,2026-04-30,0.44182739718109776,0.505902180642024,0.28937257335950306,-9.441855519834611,4.845047809705285,3.5078024455636916,3.2618683552023877,0.8317818329745429,4.4971641095946495,3.3697408202486314
8083,token,2026-05-31,-0.5355991438446539,0.5537823195650672,0.3122484751974422,-8.444769343902664,3.6426065900909377,-0.5847629771545265,3.797592628602685,1.0512978095603072,4.772004621323206,2.2295432075566444
8104,token,2022-07-31,-0.5995704172723206,0.3371360726324267,0.5832915651687003,-19.914338865646574,3.150457748047248,-0.1971026295448438,-0.22832666657076525,0.6795846121160297,-0.6028702115815306,1.3282902999464683
8104,token,2022-08-31,-0.5600929471742473,0.3216101984794301,0.5677072069519085,-19.84986438055708,3.2446165593961958,-0.04314105098015432,-0.06400336543584423,0.6970414157176046,-0.7649889003814662,1.349125222608563
8104,token,2022-09-30,-0.5256866679287387,0.3209970455207098,0.5537310761050053,-19.703402984853703,3.33594870480894,0.24021958854683004,-0.004496042038983719,0.7791196941132581,-0.7621669068001711,1.4720612451209916
8104,token,2022-10-31,-0.40922884777211355,0.17535407484295176,0.5407594143092296,-19.758463534743512,3.40196904214725,0.24039338307542443,-1.0139259613209577,0.8055174656705736,-0.8168609255292122,1.454489755817436
8104,token,2022-11-30,-0.42818264465349476,0.1731708219865595,0.5285800317729964,-19.587224861873388,3.487801283167358,0.39788703372492856,-1.2751642926565996,0.8064207123449494,-0.8326780697072254,1.498632535631671
8104,token,2022-12-31,-0.5255152455376073,0.16834686037338073,0.5180474612877408,-19.208135686459887,3.5550973490358153,0.09691764840910652,-1.199379615419213,0.7995557264378247,-0.8172171640216617,1.5210846220318082
8104,token,2023-01-31,-0.2481550192377937,0.20579607337020672,0.5093091391636949,-19.07751640398698,3.5064149992906217,-0.16162347944462638,-0.9995934711857702,0.7256247653863639,-0.8324708410207798,1.573256184150722
8104,token,2023-02-28,-0.09002272187541172,0.21216242597912038,0.4992381381252327,-19.023926834179985,3.552081563981149,-0.3707784792998737,-1.119811172238089,0.6050414056293598,-0.8180071086001682,1.6004337027355813
8104,token,2023-03-31,-0.04624408513341338,0.19928444508121476,0.4916639418015536,-19.03751179532953,3.6233526659311517,-0.2730044613551865,-0.9654360769668842,0.49086410772229416,-0.8999212110948137,1.5614591313987358
8104,token,2023-04-30,-0.1628827108222749,0.17966205680170577,0.48360831627490647,-19.016638154916183,3.695831355125714,-0.4819161255100503,-1.049437584048426,0.5024794450309124,-0.8940287860950467,1.6179978874746295
8104,token,2023-05-31,-0.2768819524226941,0.1826914186558071,0.4753442241437284,-18.900087435130743,3.762893932419055,-0.4299633011086684,-0.8871174485326879,0.49345836187725856,-0.9066141484588974,1.6509290860339567
8104,token,2023-06-30,-0.35412084456066706,0.1724807892198479,0.4689700200996201,-18.827911872419275,3.831941683249675,-0.68000761225174,-0.8522217250857469,0.5376685022789901,-0.909748308980602,1.7187222727980098
8104,token,2023-07-31,-0.32423617503234914,0.16690805027753713,0.46109686106910375,-18.835265630687463,3.89490215957536,-0.520582641048748,-0.7346875507273762,0.48482033484088977,-0.9025754577868442,1.7071452261529072
8104,token,2023-08-31,-0.4287443638006113,0.17253217380807803,0.4536707141673418,-18.717370112917077,3.9537999214123256,-0.7637010848376912,-0.6893852984253873,0.6714493443467173,-0.8483903606397981,1.8284693710624524
8104,token,2023-09-30,-0.32989423907264814,0.17761131220004983,0.44669769978891893,-18.692415838800876,3.9895063035653417,-0.4677332040040083,-0.6751558175672229,0.691822577435087,-0.8310581906175597,1.8960386066065331
8104,token,2023-10-31,-0.2559681703339013,0.17897854829312876,0.4412100798735874,-18.670618628747278,4.029898933426752,-0.3699264053061618,-0.6584612721936779,0.6886148473663825,-0.8699306368786162,1.8109033188927295
8104,token,2023-11-30,-0.09355124701180129,0.1857738621243258,0.43468299686626716,-18.70925622617967,4.045864844388087,-0.4427913482902345,-0.7409104152851861,0.6545532833697009,-0.8781311655757721,1.8186764998450546
8104,token,2023-12-31,0.1781943121961378,0.1825397815734667,0.42847638357538975,-18.83554068543969,4.029512400668373,-0.290171767123964,-0.8120114853245403,0.6497768225027065,-0.8941272928552546,1.8635021185369014
8104,token,2024-01-31,0.13333455614448297,0.15503723244646697,0.16676921011575743,-18.990681528001957,1.183861896797785,-0.15867672894107593,-0.6556680452493003,-1.0462349929602885,-0.8954396362694754,-0.42101547492071784
8104,token,2024-02-29,0.4602698183601559,0.17697917517604325,0.13882746352653474,-19.007382275209796,1.027127581785888,-0.10914590098883924,-0.6487352197401083,-1.1686594561783272,-0.8829895467906169,-0.43121243925369857
8104,token,2024-03-31,0.6594126766554917,0.18663021121131276,0.13554650972750892,-18.89596387436083,0.9947487739597176,-0.018174187525025802,-0.6334620389401372,-1.1241726443838795,-0.7757151693733756,-0.3556144755796385
8104,token,2024-04-30,0.03664216328909364,0.21248874072200835,0.13297015037284848,-18.797523244936325,1.0920783497755093,-0.059214382712956544,-0.6145921112489765,-1.1229257454431676,-0.7780361908814915,-0.2434443762958434
8104,token,2024-05-31,0.21683002627885983,0.21091670081171693,0.13402002915967023,-18.899717344196947,1.0852527431957903,0.3702463870567057,-0.5991565442190484,-1.1342821588518792,-0.7990323137930748,-0.26553324948649437
8104,token,2024-06-30,-0.031748512770357395,0.21159289494106423,0.1340589037509536,-18.88517033135884,1.088248112161953,0.6120888986112041,-0.6725965151809042,-1.1295106827803094,-0.8334874870579291,-0.2827449365990939
8104,token,2024-07-31,-0.18829519247935067,0.21823402164019778,0.1327274485102631,-18.815110158136193,1.1050284477381025,0.3894549919411555,-0.6401141405410133,-1.083633110556984,-0.8217964660305748,-0.2549260570202324
8104,token,2024-08-31,-0.42340400108209586,0.2272800883273488,0.134023732788013,-18.726142701931526,1.23456097130387,-0.4386881551922541,-0.5921627032778195,-1.0571367604360413,-0.7969689059691354,-0.18319995385609766
8104,token,2024-09-30,-0.3172736727829917,0.2300146600636346,0.13561825467426628,-18.73753182701946,1.1166757933019893,-0.25994662177183997,-0.5620572945862338,-0.9969454189349232,-0.7408940404402233,-0.17392039991498462
8104,token,2024-10-31,-0.36949591268606163,0.23289936550770368,0.10739017785751138,-18.6984456753801,0.32749797197658287,-0.33769779538568223,-0.5445976335314049,-1.1969838388384948,-0.7135265315917192,-0.9754592603505609
8104,token,2024-11-30,0.1241501583576563,0.326371028290747,0.12089970117637337,-18.619917458071157,1.1346825093118345,0.10374364758284729,-0.27687880256784575,-1.1013992830386,-0.734948740575781,-0.1851870120812152
8104,token,2024-12-31,-0.0004757103172329247,0.3257043288809663,0.12030605215147998,-18.684081887317653,1.1841507587362967,0.017873137887843688,-0.1753656006198758,-1.1198714721128906,-0.7694906983605215,-0.1455218203115844
8104,token,2025-01-31,-0.1177240123447536,0.33049907202665924,0.12593097392401967,-18.621119673377613,1.2220209176711287,-0.2225133541811404,-0.11885674813716998,-1.1142864264617418,-0.6571860482450618,-0.15002998676479914
8104,token,2025-02-28,-0.28420318243681586,0.3251019522590001,0.12405644041714627,-18.59124460810741,1.2173536543304389,0.03329096985936399,-0.01948148277503985,-1.1298400888497866,-0.6234819674173568,-0.1583916332631909
8104,token,2025-03-31,-0.3893426994084427,0.3209404343438821,0.12328354506210669,-18.574662393745882,1.3363050798764111,-0.16870857015111732,0.2184227157604649,-1.0693519795781394,-0.60031635021672,-0.09959210560952271
8104,token,2025-04-30,-0.2827566498150412,0.30835370504079496,0.12252770189808507,-18.643945555322848,1.3525028171801619,0.07224599358931695,0.17049732635776008,-1.1215627820167329,-0.5765676814397622,-0.05486942266902928
8104,token,2025-05-31,-0.24003035761807934,0.2990241771556828,0.11891592623485635,-18.662102046833652,1.3138511537554005,0.3223495141018506,0.09762053716298072,-1.1611450638460525,-0.551109278303435,-0.18896808804636367
8104,token,2025-06-30,-0.3366323753389062,0.2980003224643135,0.11418052358111377,-18.631433916387216,1.360940409547107,-0.05988644538263673,0.11247632194891302,-1.1990794334252035,-0.4789585629118585,-0.14832312878672674
8104,token,2025-07-31,-0.05977728545703198,0.3202414550747398,0.12034086113403633,-18.470573904584676,1.2462346085761307,0.5210437970382189,0.21427635143375115,-1.167552279820834,-0.3695687926032085,-0.29512929607127336
8104,token,2025-08-31,-0.0865742012140559,0.30554670354518454,0.11969689029744156,-18.637281790802664,1.2278297028100873,0.2823371298923946,0.0734411697896631,-1.1887768129614917,-0.37532734742236357,-0.2852741101831417
8104,token,2025-09-30,0.036879462436728794,0.30287257780912147,0.1203768226181894,-18.695658762751098,1.1775041813469764,0.9791414290896385,0.05938580316054787,-1.1782506839294953,-0.3673777812318177,-0.33939452645944596
8104,token,2025-10-31,-0.27633193775071396,0.32132582611634825,0.12575091604815186,-18.508530364199725,1.1257345925487758,0.017582117384938617,0.17350097223087224,-1.1250059866472832,-0.329293689719582,-0.36063181920727794
8104,token,2025-11-30,-0.11494864586825027,0.20878498303787588,0.14563514515600898,-18.476033890862112,1.0269816113564996,1.2812006696014597,-0.09661652879410583,-0.8563555661664646,-0.2808709554047782,-0.5598531515062206
8104,token,2025-12-31,-0.299815782481886,0.2151461736632142,0.14658661213712773,-18.315994943109647,1.0375408253690501,0.8124437885958117,-0.03389553592636653,-0.8256065400079323,-0.2603003642148075,-0.5796870375616002
8104,token,2026-01-31,-0.4593190503710126,0.21998654786033117,0.146059739146126,-18.306680069767665,1.1797252860720557,0.2191735668539785,0.014449473479707473,-0.7489560898928581,-0.21421325704769048,-0.38755511106441654
8104,token,2026-02-28,-0.4864755665460393,0.21475071399141002,0.1458506651300617,-18.30754089984598,1.2619684098204702,0.1590984995986353,0.18579798047435594,-0.7836787654705151,-0.16879083217052657,-0.348221751617618
8104,token,2026-03-31,-0.46884406672344003,0.20816583187458185,0.14375030913931308,-18.35885885604335,1.2663641307394302,0.11028925089140185,0.19281856493552915,-0.7183242235799677,-0.16786241105172503,-0.3373450427593363
8104,token,2026-04-30,-0.428395656468343,0.20460604168203397,0.14273122396122603,-18.388486444194836,1.2215906858491805,-0.07385918499442554,-0.0450031222445354,-0.8704987325256123,-0.2166418015221349,-0.43623510253869224
8104,token,2026-05-31,-0.406217606955917,0.20389956573508883,0.14238986497574527,-18.352134986434947,1.2128864987978953,-0.1044782445146583,-0.03174855328335839,-0.8553517215293541,-0.1761793361490658,-0.42402132706918405
8191,token,2022-11-30,-0.7297121358886065,0.37433560319521064,0.5477538845072595,-12.520335935148141,2.670695557709833,-0.9764621414805578,0.8171565049967833,0.9199263321852231,1.4192429125974027,0.745356891586284
8191,token,2022-12-31,-0.7491715600443524,0.3711217834096677,0.5351798080321128,-12.32710893398468,2.7511427572707605,-0.897002940687445,0.7197729154067967,0.8996763393711958,1.5100633994717707,0.7881353095621295
8191,token,2023-01-31,-0.4091479332665059,0.38984452231611366,0.5258632523321125,-12.109733487186709,2.4418877594602635,-0.5871675945174311,0.32376553622070675,0.8242940653576873,1.5174960607526395,0.6030817399354355
8191,token,2023-02-28,-0.18247745604819454,0.3874036079477173,0.5143137780049334,-12.067227400779174,2.4769485255412325,-0.6630153839621707,0.1697070772225662,0.700337058604711,1.7990325668437916,0.6044432287433865
8191,token,2023-03-31,-0.162947074562923,0.35473395193038043,0.5067268415597537,-12.006501159009105,2.5409278705810707,-0.7651373891988096,-0.04793365852021672,0.5835838336293561,2.097008650240426,0.5826830174215974
8191,token,2023-04-30,-0.22935449766795302,0.34956778316849013,0.49718170185132554,-11.947269643550221,2.605497376690795,-0.8116297786009653,-0.04094810748904109,0.5840676020952763,1.8111861855090825,0.6273651251230861
8191,token,2023-05-31,-0.21732335189057617,0.32403227163160536,0.4875360649319608,-11.911932260392158,2.6659435655142634,-0.22624807899983587,-0.12368925913493528,0.5682325002965863,1.8168770463988007,0.6455355328024256
8191,token,2023-06-30,-0.2679612023279574,0.30133328727483283,0.4798608780416419,-11.92304886961076,2.728836242086193,-0.2533961211497098,-0.16240518445478688,0.6073309634855073,1.9549135679400422,0.7077176124443992
8191,token,2023-07-31,-0.22798873430624478,0.26953779063273,0.47125397666728996,-11.977547000800305,2.7695482270327463,-0.0624403206412258,-0.11001293415248682,0.5495831380043635,1.9951502194397295,0.6985088291222877
8191,token,2023-08-31,-0.16539735259657196,0.26385547549797067,0.4642203468977178,-11.997313107678416,2.804010214906471,0.9476418269994585,-0.13151489515870976,0.7419364138619536,1.8776374778699878,0.8023548808176826
8191,token,2023-09-30,-0.14314727863868393,0.25321667587929975,0.4564187050749803,-12.244079379995728,2.841059033878917,0.5560672318363024,-0.2104718200188312,0.7584052627020156,1.8084888333901656,0.8908860431555837
8191,token,2023-10-31,-0.03752330333414633,0.2576358111650132,0.44927044020955975,-12.194386849255967,2.839386477117302,0.7776151097451476,-0.14800438870983124,0.7431431764241595,1.999348519157931,0.7901168823617566
8191,token,2023-11-30,0.4009930046249315,0.27444080413263566,0.44647221414509713,-12.106309962933613,2.696396083147324,1.0304511484101537,-0.1948980634419453,0.7367123141034603,2.104967054209422,0.6773974820406162
8191,token,2023-12-31,0.44351456177142246,0.25968360360749043,0.44034937561463,-12.26234047418314,2.726459863647936,0.2367757226668628,-0.3185064721047443,0.7348177646733006,2.239997974072456,0.7556850485814769
8191,token,2024-01-31,0.24117848253910545,0.17313428120164082,0.43417986922083485,-12.474087338090428,2.778355684371624,0.08324636368697283,-0.5368129938770003,0.8536136414638527,2.142767919382921,0.9751945164087956
8191,token,2024-02-29,0.5924130505247744,0.2020593482909524,0.4282059551870715,-12.327472492824919,2.69491923848993,0.1678515884574493,-0.483472577139133,0.9359760519855704,2.20933134444363,1.0962645083232656
8191,token,2024-05-31,,0.21180598844675017,0.4279487807960384,-12.454500147203849,2.707786115286022,,-0.5932495579157859,1.1553998815696058,2.1903197504555685,1.203200523669055
8191,token,2024-06-30,,0.22723295141915728,0.42848415256720274,-12.303508882997448,2.6978885581364342,,-0.5680220766709052,1.1791378943127633,2.2836384974236417,1.1773971913712997
8191,token,2024-07-31,,0.24110956174035553,0.2350336140554333,-11.736125169819704,0.7429054850836787,,-0.5020205461150851,-0.29681029487393656,2.546001994629607,-0.6148365965912558
8191,token,2024-09-30,,,0.23642455341323687,-11.509877720782987,0.8259860804198079,,,-0.1074528882222378,2.766569642104811,-0.4639615105959536
8191,token,2025-01-31,,,0.16811600429422882,,0.856214337137802,,,-0.6919273628614913,,-0.5867516516415743
8202,token,2023-12-31,0.6205820582955941,0.2651219902869864,0.22324539948378705,-14.848972195746907,0.3299458303045427,0.5884461020152841,-0.28371598571977724,-0.8202011065707573,1.0066827586151739,-1.2817609323735455
8202,token,2024-01-31,0.016245014511810263,0.27188280765997624,0.22566164675816314,-14.953350721320126,0.37007761984995086,-0.42134023696770256,0.11173259739179184,-0.6278271564610729,0.9868701415157595,-1.1336013420568185
8290,token,2023-05-31,0.15492164219542737,0.2770386999388083,0.37303435261047857,-17.035808926918,1.6472194468080898,1.0469848541386395,-0.37751691473079196,-0.1340213295467641,-0.18004955810264767,-0.28816091543218786
8290,token,2023-06-30,-0.1058147980277031,0.24757000755431147,0.37253162895849506,-16.99035771714377,1.7040823203528541,0.5494567868107537,-0.4502288602826217,-0.07919159427648535,-0.14739120888263246,-0.2314772749412604
8290,token,2023-07-31,-0.2271917857069472,0.22613094750356863,0.36679293015935943,-16.92979957776773,1.7571280366787427,-0.058646808026519066,-0.3742165947541018,-0.11647112984818088,-0.09742170234326014,-0.20890689454476177
8290,token,2023-08-31,-0.3313831931787118,0.22548680235544544,0.36052314470446206,-16.79393859129027,1.8094366888354498,-0.13100603935315974,-0.3658991844117658,0.049086521705469496,-0.06813985542318413,-0.08523899912466934
8290,token,2023-09-30,-0.28014217411911113,0.22620393229219043,0.3544687482344492,-16.803482428824154,1.8290923944001436,-0.19497810445636005,-0.37649694130599554,0.06011309131277905,-0.05784658903548347,0.005185072246692371
8290,token,2023-10-31,-0.27402165974373127,0.22598726926898244,0.3563418947909868,-16.79320250848657,1.8565461774080643,-0.46476556941131925,-0.353391856735119,0.11448166599142005,-0.038145869982244625,-0.05260428523470032
8290,token,2023-11-30,1.5961038156714147,0.8948556244692029,0.595643208490569,-16.63039558925149,2.568668161653773,4.5906745849835495,3.6256256570966827,1.7762846639169494,0.06106252432611942,0.5693748282562251
8290,token,2023-12-31,2.296069118172044,0.8868997037372224,0.5882403230219835,-16.713664936827843,2.4680466056649437,3.916099011253132,3.6939248752774785,1.7940946061347314,0.11759061977078782,0.535989671639155
8290,token,2024-01-31,1.5036603907029664,0.8906002369541319,0.5797802101783954,-16.89624129028709,2.5165689232932897,2.9153347141459105,4.175251065985752,1.8880473841787053,0.0810434727967498,0.745962333590751
8290,token,2024-02-29,2.668848953690731,0.9254137209048815,0.5721488677681188,-16.951108329720594,2.292754653156081,4.5204583981394375,4.282979975139491,1.9828657611281026,0.06891835120299183,0.7279348487042084
8290,token,2024-03-31,1.9410009318425536,0.9194580648863583,0.5430716890272145,-16.95288415487296,2.719113771818409,2.361491058758143,4.11284137671598,1.8926820708852228,0.14338072834183963,1.1892229638988088
8290,token,2024-04-30,0.6513437175455818,0.9402896590465343,0.5302014313347247,-16.93479175749255,2.716896760174431,1.8848254782807492,4.148138355418039,1.9400373791589631,0.1161691754714522,1.2324529487023843
8290,token,2024-05-31,0.5526605375156153,0.9379950424686094,0.531046805965837,-16.91084460884798,2.828151352570988,1.675533824769714,4.230374010768926,1.9585254530558962,0.12342547703467537,1.3121563652900925
8290,token,2024-06-30,-0.010672766583800675,0.9416419779056567,0.5303689421406352,-16.949615624859096,2.8628235219634997,0.7106781796935623,4.2087460197835505,1.9780373617389775,0.0832062562092902,1.3270135169683948
8290,token,2024-07-31,-0.12393977725205918,0.9365745132394157,0.5261576205475976,-17.043450052356665,3.051860350217221,0.7322626684688409,3.696317702042685,1.942184874971997,0.02106365966610573,1.6800114993810438
8290,token,2024-08-31,-0.13306135937271013,0.9268157527673158,0.520663521299844,-17.34098354328929,3.061433724063055,1.2616677765452657,3.64768176634933,1.995084393247086,-0.09481998017318904,1.5527810702094313
8290,token,2024-09-30,0.20073177308825918,0.9218697456092185,0.5202081087186715,-17.301240206160735,2.984582773233076,2.5835544836959525,3.574489558249956,2.3965905687933136,-0.04388493850231492,1.6898188075592406
8290,token,2024-10-31,0.36570164573358355,0.9155943614945437,0.5202035517343575,-17.293783749612018,3.160122225042738,3.735005663048728,3.4806772673511475,2.430201294858394,-0.00791021678978104,1.8064299893270876
8290,token,2024-11-30,0.4205887785765725,0.42509412516208406,0.5194071047664442,-17.65743082786724,3.4185099511252046,1.6074690428933407,0.43570376606012196,2.7046752669085627,-0.08564194812568976,2.436544238076266
8290,token,2024-12-31,0.3014368938068277,0.39841837018982357,0.5188228173241992,-17.974213897576927,3.468566626902819,1.0951661316426209,0.41166531323190353,2.7956039447337933,-0.30119822112093975,2.523738550733402
8290,token,2025-01-31,-0.03089570827917254,0.41263245008805893,0.5243673132830908,-17.92304969466797,3.5174737561775973,0.07072052583362919,0.5328342399098963,2.8748821890206275,-0.24517443461796587,2.5904182135303135
8290,token,2025-02-28,-0.41589518614054555,0.27046317204966963,0.5246946662587096,-17.93522843627597,3.479672203669627,-0.7999052847838669,-0.46062954963953273,2.949683920597025,-0.30354962360360593,2.5244320821356347
8290,token,2025-03-31,-0.4567894106999152,0.26895046523498817,0.5244700572970432,-17.939072098780567,3.4918631011092547,-0.5846247048606574,-0.4234143274411098,3.0412714002972896,-0.2003460584439093,2.432986644383268
8290,token,2025-04-30,-0.24992227311417248,0.2773149487758734,0.5237782282875504,-18.004795102354812,3.5007739736790344,0.24684462909616256,-0.21634360916712075,3.0935582784144002,-0.2762430677842467,2.460844661811755
8290,token,2025-05-31,-0.2616183218339594,0.27627805761917207,0.5251710198384701,-18.07739837025833,3.583693269758738,0.21687275291495883,-0.17068499374388044,3.0902172825036796,-0.23024370713750322,2.3586277988664124
8290,token,2025-06-30,-0.28897074284881163,0.25960905577771687,0.5254278253069276,-18.396609421445444,3.6971226830379615,0.15240453942204177,-0.3184328398217302,3.144050399736897,-0.3499729401565575,2.4948242153181086
8290,token,2025-07-31,-0.14819378711791953,0.26124813215105464,0.5255254370255068,-18.381287838127754,3.752307175869265,0.1853539535182207,-0.3860264563729309,3.343371992003487,-0.32091370249021856,2.589866171714728
8290,token,2025-08-31,-0.3016773781527088,0.27401627415602475,0.5275563592259106,-18.2021440026332,3.7388036719201487,-0.5178107628968076,-0.24321207385212903,3.3380033831459652,-0.14666238526955508,2.5799572079812747
8290,token,2025-09-30,-0.15616539720152656,0.22974649205260148,0.5275427994494022,-18.38736778045088,3.7327663921817105,0.009268208257750866,-0.6641297362769403,3.407821886711071,-0.22869317292076125,2.618515585990227
8290,token,2025-10-31,-0.4277423736365894,0.24223193970296836,0.5302594522949029,-18.141588423377886,3.650684542789406,-0.7554643663939676,-0.5823881347390325,3.898151081461636,-0.17026286409803126,2.8718229296745275
8290,token,2025-11-30,-0.5679321766035108,0.243487463210547,0.5301417910349256,-18.14004251414565,3.6127130688861095,-1.2380618412163533,0.28778930811289183,3.418007898479797,-0.14429917181068921,2.6653142608832647
8290,token,2025-12-31,-0.6124669638043116,0.2436515078716079,0.5299074410596013,-18.071277371561305,3.635825859278004,-1.2246378534393292,0.28899444345288167,3.477327166817109,-0.15760010735142105,2.709536319762167
8290,token,2026-01-31,-0.6948954888548415,0.24255419237839937,0.5296492280977594,-18.032430171909347,3.766736962530675,-1.337333323195396,0.26669802800163456,3.6555567975879253,-0.04072549064133364,2.81721364329886
8290,token,2026-02-28,-0.7321627180232404,0.22654962617179847,0.5292707916129836,-17.985836052780012,3.781166924925296,-1.1560860329402534,0.3468242199067471,3.66249070027793,0.02003007156684824,2.596815098501023
8290,token,2026-03-31,-0.7149899149510988,0.22656614583543314,0.5262352973343504,-17.965359333013392,3.781191621200286,-0.9590662585745742,0.43760640035041976,3.725674273198876,0.06254502517563598,2.585628232171127
8290,token,2026-04-30,-0.6291949770078786,0.18493797479013818,0.5263040166766239,-17.981800852239186,3.7785655522645047,-0.9003084715336841,-0.2608697100004614,3.5821915432617235,-0.002367069107859047,2.2495383022787587
8290,token,2026-05-31,-0.568664202868226,0.1827797542332283,0.5261055749687172,-17.911610169204092,3.7822083165828504,-0.7075057070272947,-0.2628973111242361,3.45182692296178,0.04383856892675569,2.382006115411324
8335,token,2022-06-30,-0.7952842486966639,0.22473247218891826,0.15666702611239505,-16.994541712384038,,-0.8216231299446042,-0.7037239473459738,-1.463565153612695,0.6708099242706097,
8335,token,2022-07-31,-0.7179794413775018,0.23098724730925296,0.153054112164118,-16.98418738519407,,-1.0246453506241018,-0.7571996935937775,-1.5872493858773224,0.2980138889367106,
8335,token,2022-08-31,-0.6627124113835698,0.19904287851827693,0.15009790501708126,-16.886532159794797,0.7114457376313416,-0.6233745922280015,-0.743045501823504,-1.4447690464885152,0.047253604049117354,-1.0447886528274493
8335,token,2022-09-30,-0.63863981516525,0.1990614482019491,0.14585113055668394,-16.765748805266306,0.7450118225785537,-0.47020937966522414,-0.8913758677544708,-1.4288511279595002,0.061803654794192406,-0.9571911510498842
8335,token,2022-10-31,-0.1788366528885572,0.3796003167425454,0.27373864473814585,-16.662480058572857,2.261804449988948,1.3439283519552754,0.428546120570512,-0.7150127810067484,0.16421703959552317,0.41619802183763227
8335,token,2022-11-30,-0.27822838444221587,0.3724866775144175,0.26690036066229245,-16.67114671412296,2.3363512419017183,1.081367488640782,0.7979257746870556,-0.7426739678255451,0.09655368064974708,0.4371306462221968
8335,token,2022-12-31,-0.38867388514327383,0.3630480962005913,0.2609079104119689,-16.601691816861734,2.4131847697645092,0.70503571489816,0.6433599299725781,-0.7031554798685303,0.06432659038539501,0.48002577561132154
8335,token,2023-01-31,-0.0671174429106709,0.3623468523065591,0.2567924258998124,-16.65987077209391,2.085799149926429,0.3169036388315933,0.12604972009595355,-0.7794783516046123,-0.01709136048799777,0.27855451703324313
8335,token,2023-02-28,0.03641213314488101,0.3624746429532595,0.2525029570057627,-16.653590058463188,2.0366856792483117,0.028864989508387687,-0.013733566919401342,-0.9546131353650388,0.07368951356973315,0.19658895835771817
8335,token,2023-03-31,-0.09102173466029828,0.3579815419437448,0.24865833900881074,-16.61327513454575,2.0865910977435043,-0.46183043634815707,-0.02876555852568745,-1.0049576295602385,0.133396417826981,0.17185172192171658
8335,token,2023-04-30,-0.08097395305919208,0.34435239662012257,0.24466259694435538,-16.813754086223884,2.054679937449243,-0.07563194053841087,-0.07190446524512845,-0.9337975080431369,-0.05105745792712812,0.12691497665526744
8335,token,2023-05-31,-0.20592012078508626,0.32714300934154306,0.2399072719175071,-17.039109859794017,2.1067150481285912,-0.1872442787651325,-0.10688714702375618,-0.9505069556308384,-0.1813360294814092,0.13298294781242362
8335,token,2023-06-30,-0.18842705427597206,0.32347307336541636,0.23603925017238186,-17.077614409706506,2.0712011486416517,0.1404098489626618,-0.043879033376220844,-0.9522536700827627,-0.18359191562931013,0.10498996785654299
8335,token,2023-07-31,-0.1576614847947274,0.32353629295039543,0.23396355701377905,-17.079170633512874,2.011189343620812,0.2723206770124668,0.21865879018554718,-0.9634047365594187,-0.1605383694197953,0.01880411605255138
8335,token,2023-08-31,-0.22590634157769462,0.32328141812584665,0.23002711340277104,-17.19383325374442,2.056494103005536,0.5544282153399535,0.231502800926021,-0.8228189810652328,-0.23035931003073717,0.13524409545158053
8335,token,2023-09-30,-0.22557705023623364,0.3169109207493912,0.2262479791801245,-17.334663252339848,2.0611356174782434,0.10416356555076477,0.18100432514761816,-0.8181173858240839,-0.27527890989496634,0.20827566827558683
8335,token,2023-10-31,-0.22134687788823582,0.14509707109398762,0.22280464350431528,-17.5496524006834,2.046999771518818,-0.18805273195416683,-0.8783396741039051,-0.7888976962356015,-0.37328920366276674,0.11069719441508424
8335,token,2023-11-30,-0.17846783722002268,0.1376001798057724,0.21935585194407023,-17.61566439908724,2.0231323569459247,-0.6957570413613936,-1.0375646697787868,-0.846061142427971,-0.38406507711917837,0.10800174185615725
8335,token,2023-12-31,0.23507304458098988,0.18599300606964728,0.23056704489070529,-17.558496508447725,1.7652350144027538,-0.17720600103313483,-0.7899204927381618,-0.7677594287202621,-0.2852280818987231,-0.06152014139041552
8335,token,2024-01-31,-0.08055104763008913,0.18566542692183272,0.22892896084754108,-17.453873841624045,1.8019874395150186,-0.6384799822501291,-0.45451283607356974,-0.6046141617670197,-0.17893948476910398,0.12024286384707339
8335,token,2024-02-29,0.1546386708775762,0.20116061391772133,0.22570638853526562,-17.15868718588705,1.6587213176403117,-0.749807243703676,-0.48939467412131865,-0.5367933163168381,-0.027175825876278547,0.14724402913889106
8335,token,2024-03-31,0.0483333065427729,0.19791640151552167,0.21957876105106294,-17.233874810666922,1.6422576769511883,-1.1528321667100763,-0.5603648124605812,-0.5020930612872446,0.01046937300917979,0.224480804119848
8335,token,2024-04-30,-0.3587167895393587,0.23177885174596535,0.219537478213912,-17.014012535198212,1.577350115153796,-1.3095667827957793,-0.488357591387842,-0.4554241017396129,0.07813919367935346,0.19735029702592086
8335,token,2024-05-31,0.017380277151479273,0.284053955107566,0.23698899536851303,-16.845163040557626,1.4002944015755026,-0.40496385525342693,-0.11335111708336847,-0.33216194660115467,0.1538892031979243,0.019645675996638384
8335,token,2024-06-30,-0.320064989267675,0.30491802343045027,0.23895301390812357,-16.384113278331633,1.3753922142829595,-0.7366137233723616,-0.04859474611305999,-0.3070145173412889,0.3510325600196935,-0.022269871280213595
8335,token,2024-07-31,-0.674058730651562,0.34314039872258373,0.24533832285592466,-15.842834062422327,1.2202881226858127,-2.1981045673368493,0.11391267161316705,-0.21755817991106408,0.5922518581745569,-0.14037057151019375
8335,token,2024-08-31,-0.709529355669763,0.34390987480054486,0.24537955982409632,-15.55123325585747,1.3489814269762932,-2.1143460641693697,0.11472356472690796,-0.17806890202029313,0.8124196203612772,-0.07447221706531267
8335,token,2024-09-30,-0.684606703664374,0.3442367800705614,0.24535234047093946,-15.561265531069461,1.3000907493415768,-2.2763576222956776,0.12086772961350555,-0.028676065712536298,0.8004966397700564,0.009085311012200932
8335,token,2024-10-31,-0.6013234959201073,0.34639937186390607,0.23861870531790996,-15.395950964661662,1.2339245780713035,-1.6219308415717069,0.12461589450277231,-0.043944247482394484,0.9454450007617412,-0.0852676197235931
8602,token,2025-01-31,-0.24572029094561476,0.3037622739499223,0.2095436099755063,-18.343629073655833,,-0.6547784525899903,-0.33100107687545727,-0.27715168084369907,-0.4934068380732467,
8602,token,2025-02-28,-0.125424408054169,0.2995298560432553,0.23522726763206792,-18.366223002386782,,1.0378613037582112,-0.2259480394593012,0.002163872631130163,-0.5137412433038787,
8602,token,2025-03-31,0.007190374322521675,0.3001401750001265,0.23213265584625473,-18.38918135632709,,2.276547842692361,-0.03836483737424455,0.045934018386687925,-0.4835950830067375,
8602,token,2025-04-30,-0.2304679079035431,0.2845520418184484,0.23664708090411,-18.521579744782425,,0.35029430476300305,-0.12614657230213908,0.07725682372932789,-0.5190703197394892,
8602,token,2025-05-31,-0.27275597727017464,0.22550650230011873,0.23141963502313254,-18.57049152418799,,0.16245521678788807,-0.769569083972105,0.016179328876141708,-0.500836526735191,
8602,token,2025-06-30,-0.3566554376077251,0.21154716182141609,0.22551521791517043,-18.628108826288816,0.8345479453244704,-0.14907171633902663,-0.8578865287787971,-0.02328805339905377,-0.47713214008843896,-0.7438814717955766
8602,token,2025-07-31,-0.26224852322829306,0.21045635181800193,0.21967839968440514,-18.563983186605405,0.7473263369365054,-0.24767625915013303,-0.9028722083383655,-0.06162638724646207,-0.4204707666116737,-0.8694734396951505
8602,token,2025-08-31,-0.24737844509185114,0.2031273342226584,0.21443793904984246,-18.75285758002674,0.7464177213066537,-0.3158278006380109,-0.9551342773583714,-0.13725800336377805,-0.43606243912718134,-0.8346054466732996
8602,token,2025-09-30,-0.30481339771640437,0.20655534928092634,0.21029615629257614,-18.661111173227347,0.8198954026596609,-0.737551548040048,-0.893584820588277,-0.16545341402074534,-0.3518365581786998,-0.7533538525492885
8602,token,2025-10-31,-0.4059486897502995,0.21264187418794686,0.2066165464148092,-18.592249358933568,0.8925401164498904,-0.644193762103626,-0.8651762137118075,-0.12082257308496777,-0.3655770887306359,-0.6591686641087027
8602,token,2025-11-30,-0.42372720957210275,0.1505301073173501,0.20347500998734955,-18.624067557966416,0.9363412956363352,-0.4360676346581804,-0.7419166382916735,-0.21337941039667835,-0.34104280310511226,-0.6729082762594535
8602,token,2025-12-31,-0.4191100013894211,0.1485342055999621,0.19902247088385608,-18.615090992653005,0.9748883690214528,0.03518121018625886,-0.7884328038325698,-0.23699249395710517,-0.38582155552353653,-0.6590000921813983
8602,token,2026-01-31,-0.38141811426342576,0.1302345487569724,0.1956453797234595,-18.705339596847143,1.0003697692356783,0.7338826972455498,-0.9887483578734747,-0.17959587735483026,-0.466401321472653,-0.6097392478854522
8602,token,2026-02-28,-0.3489750110335551,0.1118578204645848,0.19343088999100524,-18.706861713094145,1.0122387211656558,0.8951508439651465,-1.218437889378234,-0.23193479498388764,-0.4031675210091669,-0.6401650547147462
8602,token,2026-03-31,-0.3362200868023417,0.09838482731630958,0.18969908439589475,-18.598754012335053,1.0375412056112117,0.6864605925455622,-1.2676486060413963,-0.184456766107483,-0.30832923423596775,-0.603304953480142
8602,token,2026-04-30,-0.26530454958253014,0.09002888860464985,0.18628107584489145,-18.66955150589706,1.0018795737453128,0.597390740376411,-1.3025430322696876,-0.3649519219147368,-0.3647295186149351,-0.6670133825218267
8602,token,2026-05-31,-0.23641677500760128,0.08942622533626238,0.18300146839084808,-18.60133469182016,1.0190937166912961,0.5258493055781824,-1.2846181840920272,-0.39948966951361087,-0.300640876066427,-0.635667786061452
8613,token,2023-04-30,-0.1746008685817253,0.3150969900492879,0.21798835735177857,-16.122402210898738,1.6402958594920958,-0.5400405838059273,-0.24555234804492146,-1.0941334859168153,0.21350018124095685,-0.2495774118607973
8613,token,2023-05-31,-0.1451873739267715,0.28518903055764167,0.214874234832798,-16.196328880204025,1.6540149860919018,0.020487012853266012,-0.3334943125154619,-1.1040378138942517,0.14712069761076696,-0.28193256491350926
8613,token,2023-06-30,-0.25116960837311775,0.2769484479607979,0.2124484145492655,-16.16749658813689,1.7050112638121322,-0.17025409839494923,-0.29295030972097597,-1.103150475474348,0.19399411698221192,-0.2306258910830278
8613,token,2023-07-31,-0.27424659496941983,0.22511934083540933,0.2083163269982061,-16.177118921480957,1.7255531015527756,-0.28262990138679417,-0.3803739230818358,-1.1269340863172863,0.2206231434992738,-0.2372069945230635
8613,token,2023-08-31,-0.28231054141396816,0.20581274884423387,0.2075125863662867,-16.25251847118275,1.7492794465236496,0.18788930097625678,-0.4860828830198126,-0.9732491498571635,0.1514901742911243,-0.13892552778293374
8613,token,2023-09-30,-0.2221978290274792,0.20637829843541014,0.20427728971833475,-16.25885817723811,1.7164945478418516,0.12268942609641467,-0.49834880929757613,-0.9686025937304441,0.16508863335251672,-0.09336365270959254
8613,token,2023-10-31,-0.1600180112808549,0.19972629189318808,0.20260487322579498,-16.223579625604955,1.669628104712452,0.13412201845135535,-0.5238160004066548,-0.9255491205798687,0.21422419957416647,-0.2128742868957294
8613,token,2023-11-30,-0.014210609921394668,0.19190861150428437,0.1993331090260143,-16.185078164420467,1.5965970491226098,-0.2064363651112366,-0.7031325370698067,-0.9855995962431154,0.26224932250546473,-0.25272968902478016
8613,token,2023-12-31,0.906496193076092,0.3451721091046521,0.25317922952652644,-16.81511087883918,1.59647045839784,1.156294714623909,0.22838121018963592,-0.605798443687149,0.06922083338568094,-0.20499881982743046
8613,token,2024-01-31,0.3254793425431295,0.34097318267149657,0.2516913161702182,-16.64947896826475,1.641825493434266,0.27235599132377425,0.5654938809258282,-0.44289648820535216,0.19609055557800645,-0.020002091066788297
8613,token,2024-02-29,0.6246482117900602,0.3494850827127949,0.2521121023121349,-16.556198539034582,1.535059004548595,0.23542265203834434,0.48797073572459904,-0.34474586139263214,0.25173336453020845,0.03398567832969165
8613,token,2024-03-31,0.7501650707165419,0.34824100633684396,0.24833489946408335,-16.510522066366846,1.4839348435867445,0.1503357198418721,0.4132419926609062,-0.28921519221096137,0.35262236509664285,0.0826413207103481
8613,token,2024-04-30,0.08531662311720822,0.36662678184436437,0.24465259299959236,-16.468205371963354,1.5139621178217828,0.09472225444529056,0.39408749610276317,-0.2617669701249665,0.3401542493373523,0.13977206237485976
8613,token,2024-05-31,0.08902743866597995,0.3647488226412967,0.24156027786432635,-16.51196312283841,1.5075423385301887,-0.1264896346465257,0.4226548482390965,-0.29655201264918196,0.30843044384162344,0.11672760344179223
8613,token,2024-06-30,-0.23062384395694246,0.3729305575060069,0.23670672553174374,-16.327903769933933,1.6368178406823102,-0.3182210298319341,0.4061588906500666,-0.32462812379902345,0.37765381979977947,0.21487536906919086
8613,token,2024-07-31,-0.3124290567843173,0.3737794870062085,0.23451494111337126,-16.30544649845397,1.6414905112897245,-0.2717798311191192,0.2988727561617244,-0.30079933798308994,0.37216586385178224,0.2782584428992182
8613,token,2024-08-31,-0.4037716415045415,0.37597793653440226,0.22944664582662858,-16.215127281114608,1.6967744999084755,-0.3237136586279096,0.30908619855031255,-0.3038468963908776,0.47588610811595555,0.2560172349229693
8613,token,2024-09-30,-0.3616981684551731,0.37595688418179085,0.22611688667735988,-16.193031820845416,1.693566365675763,-0.503807190344113,0.3105197240473852,-0.1984054644534065,0.49391067360803853,0.40168298382252665
8613,token,2024-10-31,-0.3359970050368104,0.37709231249884706,0.19714839902872544,-16.207127719248483,1.646185304977745,-0.1521271069707915,0.3055862023245214,-0.40832313629926054,0.5379593690062092,0.3196091241664261
8613,token,2024-11-30,0.040645158546674054,0.4045453403190259,0.19691045491155143,-16.113739759681106,1.4277326925508715,-0.319846870948244,0.2873827920459736,-0.3754338612986395,0.9557533965612668,0.1512214263129423
8613,token,2024-12-31,-0.07393425808877041,0.268263133770906,0.19692394348335052,-16.087956802833457,1.4355918881390726,-0.24424370574402915,-0.6390966304352913,-0.36709142314669424,0.9431458264685039,0.1482783811833825
8613,token,2025-01-31,-0.13653673921010612,0.2581425638839054,0.19980281740375272,-16.20954128618105,1.4801960072733917,-0.2860471171833384,-0.6929727214012467,-0.37467708246662845,0.7661645226156352,0.15819479912184725
8613,token,2025-02-28,-0.3044387907861471,0.24620255563900392,0.19573837472294214,-16.254055240409013,1.4764316563436821,-0.09473679654185892,-0.6565073490615362,-0.39993427062732073,0.516341263246012,0.1488421151151255
8613,token,2025-03-31,-0.3545384850481742,0.235944974456597,0.19220738094586803,-16.293953797254595,1.4764720655370112,0.04591470845127967,-0.8308803631729035,-0.3631469538005702,0.8349095964556701,0.06509097220044105
8613,token,2025-04-30,-0.36915274971393763,0.2195444270168126,0.19297061255198691,-16.3597825414377,1.574461350654189,-0.387170102317913,-0.9363467720609957,-0.38156276525133187,0.49671697553846317,0.2050531700363216
8613,token,2025-05-31,-0.3094548814140986,0.2191662715121504,0.19195442523896455,-16.378074083768333,1.7170939481968608,-0.016852174566869254,-0.8443563014096698,-0.396814648329003,0.7022878975453541,0.2636183175469528
8613,token,2025-06-30,-0.4378394858702557,0.2147657942662041,0.18977520220102964,-16.432396582937777,1.740318122333031,-0.5106758128765299,-0.8217601300289582,-0.4007337602386273,0.7289401275014447,0.2809033084399864
8613,token,2025-07-31,-0.27658651134776435,0.2291245373037973,0.1871836195518186,-16.35480077549596,1.8625308985236946,-0.3021131221542488,-0.7129089445589046,-0.42339112640312127,0.7833897410121372,0.4143521557098777
8613,token,2025-08-31,-0.20798365786257833,0.2274634581627391,0.1869547438346248,-16.445691389845067,1.9192448738949677,-0.16928577165918487,-0.7107318783874079,-0.4422904797528987,0.7763536826201478,0.5036884304156108
8613,token,2025-09-30,-0.2350716609441641,0.2292181824909755,0.1880665631089046,-16.48883914138486,1.9192686061761952,-0.38716333777403295,-0.6693568747667877,-0.4158341760616652,0.6253593806495286,0.5192541413580999
8613,token,2025-10-31,-0.274093493935334,0.232038971487652,0.18687770076132215,-16.39000476256299,2.0204232411115504,0.029010795404995397,-0.679800893057414,-0.36593809766846375,0.588864847225265,0.784753486565524
8613,token,2025-11-30,0.1939382036832833,0.234674302627887,0.2340247479624768,-16.629370922201396,1.7730126705640505,2.9990712043132146,0.19016428671049743,0.12622638121952423,0.46974966406421426,0.3706669354812162
8613,token,2025-12-31,-0.16271466605843898,0.2478834073844566,0.23701549475442632,-16.41841641470346,1.7281820508068437,1.705727371237097,0.33693066256363363,0.18949479998002947,0.5360535757688787,0.29461013176131773
8613,token,2026-01-31,-0.285215318595034,0.24885038931040895,0.23609355258092557,-16.33698490257435,1.9737302738050573,1.3695163593536674,0.3370734087292623,0.28484463459106185,1.0317963776917187,0.5960517271461656
8613,token,2026-02-28,-0.43674274152795123,0.24953319395934384,0.23566332701237758,-16.130040883785373,1.9988233291593163,0.42532260545840844,0.6604936017095389,0.2577958137637299,1.1092673776157966,0.513189081086768
8613,token,2026-03-31,-0.3034522228011344,0.2549398815560048,0.2356824884865161,-16.053064842209967,1.9022048924605552,0.8288172325434636,0.8150752503086495,0.34981303522467516,1.1822588879651936,0.40168996487917513
8613,token,2026-04-30,-0.29672714000663325,0.2543951215780461,0.23552320912126387,-16.07623203030623,1.8865338841975974,0.46806172986264166,0.5014562142898515,0.2066735222324796,1.0016400988205256,0.26220225063799524
8615,token,2024-12-31,-0.17210201466795594,0.4570540330863578,0.2503994865123455,-16.51713667139312,1.3460572452443913,-0.5945286389690243,0.8850394532862611,0.15831225476836058,0.6600203626726641,0.04366026963688362
8615,token,2025-01-31,-0.31231566172338276,0.4683010862043726,0.25774348984325474,-16.493817536943048,1.4079871824407164,-0.8796822921195253,0.9745395408504285,0.20542841801912565,0.5983803170710662,0.07198760691184164
8615,token,2025-02-28,-0.27740255496006205,0.44851283190865643,0.2616114194439211,-16.554621761578105,1.4196991015231364,0.07631755601111408,0.9769256620937523,0.27082216293593475,0.3697580603942977,0.08156447927901304
8615,token,2025-03-31,-0.4093455303235751,0.25646788112185465,0.2637425832939067,-16.709096708383072,1.4513494255916635,-0.29205780331857994,-0.5775168402144439,0.3698145648154096,0.5736645261536883,0.035574223663596714
8615,token,2025-04-30,-0.33406103438433066,0.23808509179839737,0.2638853973467197,-16.843757631989796,1.4293803024835448,-0.2005679423328896,-0.7052715302521854,0.36339427087747467,0.2693063065574922,0.035157281814765885
8615,token,2025-05-31,-0.37846827990462883,0.2267691384758435,0.26593163983457807,-16.907106084846117,1.5322919167795954,-0.3540451436902298,-0.7546754548004887,0.3773392012384538,0.4119730560428796,0.056202615894222235
8615,token,2025-06-30,-0.5285456847343879,0.21256032794412583,0.26965830793878753,-17.27095648801326,1.5754045899948128,-0.9146927816355751,-0.8465146048400726,0.44290143989360853,0.26833157130883983,0.09432079304602445
8615,token,2025-07-31,0.03264489734730036,0.40775143789009377,0.3116606942615909,-17.339093119639273,1.732029463392095,0.8719419608488268,1.1047582872136446,0.9624134945121671,0.24701453038590357,0.2641186573635407
8615,token,2025-08-31,0.2522523802643053,0.41088926857103025,0.3137192449540201,-17.28409289593562,1.6775573822495202,1.542715423924752,1.1313736355127169,0.964652540950539,0.3357735862199896,0.22790278755744564
8615,token,2025-09-30,0.04099692446745329,0.4191634593043937,0.2895705512974433,-17.255111305328025,1.9140352003532308,0.9998278963122053,1.209977401032461,0.7274456717902893,0.28065207158968686,0.5131960765768567
8615,token,2025-10-31,-0.46384589988801783,0.4511037230305615,0.2972239117842713,-17.038990463283206,1.7310707491359574,-0.9397958086581121,1.4137700126243957,1.0043329848207563,0.30759764846635523,0.41432284230734645
8615,token,2025-11-30,-0.5637465805425865,0.42886894943258363,0.29640027528591084,-17.113653928074232,1.7218022636005823,-1.2147836985770444,2.3412945620216603,0.8196231740627092,0.2729011778836472,0.3067925005576545
8615,token,2025-12-31,-0.3911313724257106,0.4395695122229662,0.3034467702065671,-17.15634856858132,1.614608701585027,0.21747622404232603,2.5082268131756686,0.9352131454556109,0.22636669357441028,0.1508352540421172
8615,token,2026-01-31,-0.6470909781362952,0.4513956705447041,0.3059089492652073,-17.122261370730516,1.67062816320291,-1.02147809256305,2.6010116932800877,1.0864902043925713,0.5350382693540915,0.2205713293270717
8719,token,2022-11-30,-0.8280114346592045,0.210984510398757,0.34003190601838185,-17.727937937875545,,-1.42450309308124,-0.8818630088759023,-0.30974890573373737,-0.2402013405992744,
8719,token,2022-12-31,-0.7989249301105842,0.20478827387046014,0.32919692405735673,-17.66556844331976,,-1.1181051214813458,-0.8544817853888115,-0.3040777583627145,-0.2954946228979415,
8719,token,2023-01-31,-0.499425235244888,0.3424871254176113,0.3194634237912562,-17.509259382887155,1.0425623071968126,-0.8257928459039582,-0.016747182641575292,-0.405933515494002,-0.3035576792498407,-0.6722165729027983
8719,token,2023-02-28,-0.2281474765767456,0.34844575846156695,0.3104617294760683,-17.499808056837487,1.0362363175203295,-0.8073721392385956,-0.11696559473609858,-0.5882459952448651,-0.2446491033306244,-0.7302154447871556
8719,token,2023-03-31,-0.19524311200593747,0.3458527343773263,0.32437063554407364,-17.451729296750443,1.1150209441037984,-0.9013287887702676,-0.10035285719663836,-0.5389103547835378,-0.22399008690843228,-0.7066847487141799
8857,token,2022-09-30,-0.9310377625607575,0.5159855213163764,0.39521572495477764,-18.20079422634024,1.267839900582078,-2.3092725413189115,1.4137226671220247,-0.0789692460522399,-0.34070634441946096,-0.466989567990811
8857,token,2022-10-31,-0.9154835772284922,0.5146785486112491,0.38581579790982423,-18.125398044055128,1.2991532328439783,-2.184470868069378,1.3825248891867452,-0.0767976278081227,-0.29936314789195395,-0.4604410251399337
8857,token,2022-11-30,-0.9356352037203622,0.5067304053125211,0.3760274020210484,-17.87829977677969,1.378625991763874,-1.9150442923378523,2.1941987303151973,-0.09666230587998137,-0.28811534964583546,-0.44577970691742924
8857,token,2022-12-31,-0.9391741886901304,0.5113573654714997,0.37122027849357203,-17.50492218129815,1.4436893060759608,-1.74136776450202,2.0470251623607325,-0.05849528992170501,-0.24116131819653439,-0.4038438369658212
8857,token,2023-01-31,-0.8022077330403821,0.549618610818951,0.36394709065236897,-17.503999489111152,1.199714018005428,-1.626121921635439,1.4725852105040398,-0.14079262726343575,-0.3017837180877258,-0.5289937712809946
8857,token,2023-02-28,-0.7044540387321018,0.35025933898002937,0.3660366787958599,-17.19668654988371,1.2598476171490087,-2.312912733130626,-0.10362030027304997,-0.23694740183439875,-0.13061787088012383,-0.523064593362897
8891,token,2023-05-31,-0.9027929200555315,0.9907239190489406,0.5878795840563968,-13.4498719103877,3.0126072737955254,-2.5708395247351334,3.4773304500185964,1.1836522977512147,1.2174963815093616,0.9632650016650469
8891,token,2023-06-30,-0.8713880975566981,0.9853276450840981,0.5769036267001123,-13.419684208864924,3.066346637197753,-3.2412085223352767,3.4993835184211113,1.2280567823129165,1.3339954992875953,1.0170484974554228
8891,token,2023-07-31,-0.8132465110360364,0.3224413209302559,0.5657478418890193,-13.414183796824029,3.1108541581226956,-2.848294716817511,0.21199404345157297,1.152085643204115,1.3881000388529299,1.0044157750747884
8891,token,2023-10-31,,0.33883189135515857,0.5657478418890193,-13.13181496064948,3.1108541581226956,,0.3789284911244746,1.5311126742923036,1.5840232139670494,1.0228826339993802
8911,token,2023-02-28,-0.07404633997783139,0.2314551996228931,0.13673237235197355,-16.45088475962627,0.7937375060628107,-0.3202792978872027,-0.9778446355092015,-1.686418454937321,0.149945188341585,-0.9548634627818288
8911,token,2023-03-31,-0.03451166205703371,0.22941710025413686,0.13669604427252494,-16.447591073949216,0.811711595548843,-0.22352919300512986,-0.7875855031326328,-1.6941418800378223,0.20401834324180093,-0.980950403738778
8911,token,2023-04-30,-0.10553945972285439,0.22477130990086047,0.13437876273335062,-16.3782545404024,0.8683038295378129,-0.19748187607436127,-0.7816878853258242,-1.5967017434388828,0.11559390415548634,-0.9509777279774566
8911,token,2023-05-31,-0.17758044057035227,0.21917316477296847,0.13163189121277982,-16.238862843720767,0.9347158447316744,-0.09031076793952944,-0.6900676020239651,-1.6145738873475959,0.1305439513560474,-0.9411955009468912
8911,token,2023-06-30,-0.14529557753123445,0.20143963453850142,0.1288103957668859,-16.273813871672147,0.9398767535847806,0.3539713625748843,-0.6971894921067929,-1.6381340616927014,0.1498856286780504,-0.9318775817839061
8911,token,2023-07-31,-0.0858961987007858,0.19286286245632198,0.12716475393399745,-16.280796426836705,0.9139355006580925,0.6139267960712844,-0.5767088567353347,-1.644364778324189,0.17681426395282773,-0.9646466284553414
8911,token,2023-08-31,-0.19585894938721882,0.19547239669731772,0.124621958652033,-16.14589016611085,0.9761963774214322,0.7496891807454836,-0.5492494168110237,-1.5270805094108462,0.19474452879623055,-0.8288532031483636
8911,token,2023-09-30,-0.10843304912557605,0.19701391453738226,0.1238040439710157,-16.189554001605142,0.9061049043667079,0.7463806014504113,-0.5559039764517771,-1.519792993933681,0.19345744315516264,-0.8026389055085764
8911,token,2023-10-31,-0.015801526204835437,0.20165320953005672,0.12164026629834916,-16.183478942269414,0.8183678347433145,0.8917246394353292,-0.5113110093132308,-1.4732745999074324,0.23199071237901386,-0.9427741992712131
8911,token,2023-11-30,0.06576813928188452,0.1895318237098612,0.11946234309808561,-16.143811569152447,0.7637841714219217,0.031819547821229914,-0.7177688317707526,-1.5422187981289976,0.28089286464147306,-0.957060082122003
8911,token,2023-12-31,0.1317239220051929,0.16495493819204432,0.11805613183047456,-16.496117309979233,0.7347298009462555,-0.3824657232012605,-0.9245053718938293,-1.5736248769150778,0.22131810290735446,-0.9376254661654077
8911,token,2024-01-31,-0.00027978079542090306,0.11958202402381247,0.11703973004409993,-16.57328653840195,0.7866487410743354,-0.45840982187081836,-0.8885253843381082,-1.399543590010776,0.2316134697485784,-0.7688330588026016
8911,token,2024-02-29,0.11358570892108166,0.10720094347819038,0.12109942016941128,-16.693384600521682,0.7230921595876446,-0.8358621041002854,-1.1085300909148672,-1.2975946418086397,0.188226021206292,-0.7096687421065541
8911,token,2024-03-31,0.16872212932701447,0.10930211336941192,0.11944925636965276,-16.659552435891765,0.6836209901055504,-0.9292930569678547,-1.1342926406600762,-1.2433384706010004,0.2821295284458455,-0.6343500388488619
8911,token,2024-04-30,-0.1272749612100449,0.13014092793908005,0.1180230361009061,-16.690977221602203,0.7046708185750876,-0.5776146075362529,-1.1534763403421888,-1.238179659292333,0.23321248947436862,-0.5953444626830288
8911,token,2024-05-31,-0.1474713167830558,0.12412675417878587,0.11769905037360621,-16.94480853815031,0.7190373328899492,-1.0456999034977656,-1.1756483403772604,-1.261421310093479,0.10767268871634302,-0.5970351776553369
8911,token,2024-06-30,-0.4496134172486903,0.16400222086329122,0.12309752153472617,-16.400760382955166,0.6358131910907735,-1.3426224628467773,-0.9908030400081268,-1.215461122011356,0.34314836196491216,-0.6931591319388787
8911,token,2024-07-31,-0.3873827099019216,0.16615133573024274,0.1243293857261268,-16.398839158477863,0.6563374616165195,-0.6710420778431767,-0.95452356096002,-1.1482214701234432,0.3277346837907237,-0.7008757248676787
8911,token,2024-08-31,-0.4067177758020395,0.1617869680193214,0.12457849043982203,-16.54538874729008,0.772735330430816,-0.3409673313883175,-0.9891126488662558,-1.1316996206315073,0.3084737697863962,-0.6220485533393727
8911,token,2024-09-30,-0.2956839879957357,0.1635194016695879,0.12492600882010958,-16.49834136438021,0.6623998479202087,-0.1414337894289113,-0.9596271868730201,-1.091291436423802,0.3457488883119377,-0.6271827408757107
8911,token,2024-10-31,-0.280439515967134,0.1562980671313858,0.12288505400930308,-16.411165416414804,0.7297991860791315,0.1556393910061377,-0.9962506931579787,-1.060838093611209,0.4354632983759416,-0.5803636448863067
8911,token,2024-11-30,0.1222560213801902,0.22557157244903117,0.12462359449620088,-16.410856094660573,0.8321498007994693,0.09413537902084607,-1.0044485145836926,-1.065833028902219,0.7553146077033145,-0.5324809632703993
8911,token,2024-12-31,-0.10146642990186872,0.23598396162599822,0.1271336450694468,-16.215747885838343,0.8184969952038148,-0.34248477084681533,-0.8996910298322061,-1.0527895459235388,0.8588433875723016,-0.5727755065259376
8911,token,2025-01-31,0.3220200621561704,0.2638815495967173,0.142617529258348,-16.2550948123868,0.7321230945090124,1.2625768196637392,-0.6474364807418832,-0.9472196299258373,0.7392781324099875,-0.734899161723164
8911,token,2025-02-28,0.09832502708768631,0.268736878285677,0.1215008789400761,-16.23858629161758,0.7725703539407063,2.4534916085270684,-0.47456747347143285,-1.1558622548111743,0.5238853105663116,-0.6858483819370167
8911,token,2025-03-31,-0.1050922257011565,0.27444798032588946,0.12310552507202949,-16.219519216252493,0.8340204554481768,1.5841472185141146,-0.35554529633032766,-1.0711760018495262,0.8817504958797593,-0.6897294870878969
8911,token,2025-04-30,-0.06391905621530736,0.26511127558800357,0.1230727889168876,-16.28021648386156,0.7658228417460571,1.2359271436293662,-0.3684399210341908,-1.115836664238405,0.5341035492171351,-0.7418958591677556
8911,token,2025-05-31,-0.18557852516085027,0.26791874187983644,0.12718836742884343,-16.097277143088004,0.778016663553163,0.5883960421971196,-0.26928865419947745,-1.0745759461703888,0.8563797467376745,-0.7903710374765333
8911,token,2025-06-30,-0.2658431546910984,0.2448610046054995,0.12680641145146468,-16.32524654808033,0.8541728219030468,0.2554177643085025,-0.48396711146350047,-1.0657390563582663,0.7877960572364031,-0.7216779643913619
8911,token,2025-07-31,0.42317645040425833,0.3883652725409013,0.20484240024458997,-16.331797323310848,1.9931428115016032,2.3546683012114333,0.9074890215582851,-0.22679572969389036,0.7959251240051429,0.5647128363613292
8938,token,2022-08-31,-0.09459354401132414,0.23192292581653537,0.27679145083820533,-17.311280121390055,,2.5888973174431813,-0.5608848935225876,-0.7949905078485359,-0.06916882933878382,
8938,token,2022-09-30,-0.4791489058788929,0.24449773368283995,0.2876043614015387,-15.535522467436365,,0.5329230243062817,-0.5609020288220258,-0.6615003399249754,0.406864790142767,
8938,token,2022-10-31,-0.6279204406698763,0.2502311236595218,0.29167275962709766,-15.066876533651543,0.19255154054988538,-0.8070979188095694,-0.4851130368441235,-0.6128882751870693,0.6698435945898916,-1.4681686793920607
8938,token,2022-11-30,-0.7327292640288855,0.2571971238934561,0.28449445896502074,-14.774505404448236,0.28812881714610067,-0.9902139889502585,-0.40120425863181103,-0.638520198572209,0.7009336851252712,-1.4510902021779082
8938,token,2022-12-31,-0.7734991675789438,0.2455787489914274,0.2772505674548117,-14.610103953846162,0.34440079413576663,-1.0051139504991602,-0.4684224917157434,-0.6076497756878234,0.7379155605806194,-1.4060431741988417
8938,token,2023-01-31,-0.6401291036976793,0.2740593139359973,0.2728153971016458,-14.397690394133875,0.2618115048701734,-1.197707992289748,-0.5087619820051972,-0.6839748754678291,0.7458556310478108,-1.383766683953592
8938,token,2023-02-28,-0.6267722698453377,0.26926711095350847,0.26622607410677956,-14.354487311770168,0.2515811972978024,-2.067371172806257,-0.6996043887813846,-0.8678670061503514,0.9385886174651071,-1.4571106262847444
8938,token,2023-03-31,-0.5524171137813736,0.26551823319292456,0.2601224235207499,-14.334157417823882,0.1855417595529616,-2.4075206018732285,-0.5745074596484431,-0.9343904219982461,1.10485788987455,-1.5471607135899408
8938,token,2023-04-30,-0.45122594679168604,0.26683876434444587,0.2557541385177111,-14.319073408154958,0.1265877589317487,-1.912157528471698,-0.5319930338385175,-0.8671274476607801,0.9035748418084544,-1.624870548377051
8938,token,2023-05-31,-0.43074680659213216,0.2668306373626122,0.2503853289036362,-14.2615998772263,0.13949403485702744,-0.9562451925874169,-0.4326540004758367,-0.8862436752078652,0.9011419338725614,-1.6700442302590652
8938,token,2023-06-30,-0.36822016054648166,0.2657081072516362,0.24704473853333253,-14.180040626321983,0.17872500329139188,-0.7498190699175141,-0.3531258830358104,-0.8818579849967103,1.0185418775321398,-1.6294790422311294
8938,token,2023-07-31,-0.3189835062366211,0.2657077680654438,0.24228065941388166,-14.150416282528338,0.1735846082947531,-0.4955796918559976,-0.13332506444154713,-0.9103740448811152,1.0770053595034463,-1.628211072509466
8938,token,2023-08-31,-0.3762111709537229,0.23430091720717947,0.23779383597327955,-9.864574177509567,0.20271840779321929,-0.42231765009257133,-0.31205603906127427,-0.7709258462306255,2.7427946768910068,-1.5191333022219171
8938,token,2023-09-30,-0.36438466366814626,0.20178466692361754,0.23358870625383302,-9.394635388558818,0.17712964957410526,-0.6568196108249365,-0.5265820846934842,-0.767838087953525,2.9748735987824553,-1.4406580513481242
8938,token,2023-10-31,-0.333122130660201,0.1849883058875164,0.22986157609809252,-9.277483761550386,0.13223892281048963,-0.7752340407799214,-0.6194601422265552,-0.7411575547812905,3.2916755257725185,-1.531084790479953
8938,token,2023-11-30,-0.27066850425151834,0.16497004391287406,0.22603185782143315,-8.859910094815982,0.08836379966154172,-0.9704219281644831,-0.8690206382349009,-0.7995360713325426,3.5716350053327606,-1.528279750652193
8938,token,2023-12-31,-0.060062156493993935,0.16900862446669798,0.2249742808528065,-8.36345717446677,0.02378041593138968,-0.7633683976248982,-0.8985731008990172,-0.8078179010538429,4.0989994147280475,-1.542053792896356
8938,token,2024-01-31,-0.08676486637802316,0.11955471995553736,0.22148838974804447,-8.206911790369876,0.020830680812879275,-0.6524192581907101,-0.8887047078555179,-0.6574765229384931,4.1322373588717936,-1.439417563810036
8938,token,2024-02-29,0.3556598942517011,0.1834129140894595,0.21995071773518257,-8.001852426260404,0.060266692425529685,-0.3284283104966588,-0.6063409073179251,-0.5786540263842853,4.2117843318556725,-1.3167293526374335
8938,token,2024-03-31,0.4867891396632862,0.18566353006423478,0.2167071720622064,-7.975184256435219,0.009045852311981807,-0.3387032107961307,-0.6397229391054592,-0.5233510527473884,4.389921446571978,-1.2386936261397912
8938,token,2024-04-30,0.20339049928143682,0.19351066472601539,0.21404644613541465,-7.920290159746347,0.042053049914185126,0.4681397612269926,-0.7387846733481273,-0.49776424356258014,4.443586067298247,-1.1972306710149585
8938,token,2024-05-31,0.13062290571316337,0.18992916983025004,0.2096824123344333,-7.881175808952171,0.1029633857214034,0.03518132372633471,-0.7385636979485466,-0.5448780977443431,4.311470385597748,-1.1547116042437267
8938,token,2024-06-30,0.031028232624399132,0.180479542674962,0.19824165537511898,-7.8549591249717885,0.2472317217304673,0.9057494002311681,-0.8806303766921357,-0.6262406038492603,4.390506216584937,-1.045650382379671
8938,token,2024-07-31,-0.031690589490727006,0.17827932346908604,0.19107348027075782,-7.826654606997464,0.28691905210678115,1.2236545677571802,-0.8813101018382872,-0.634901709579438,4.405916793883931,-1.0680371390997871
8938,token,2024-08-31,-0.14863874967021684,0.1723208284338317,0.18228960655930782,-7.837071482685597,0.15728915324850398,1.1704407082875212,-0.9252675411860903,-0.6761151343567123,4.722793651139193,-1.2068746630443437
8938,token,2024-09-30,-0.1540273658584016,0.1713125069502212,0.17446334689487142,-7.91667152798272,0.15921593122036334,0.6361656834238474,-0.9130328265858456,-0.6541848988354373,4.510294513258807,-1.1292439271123749
8938,token,2024-10-31,-0.15222272007342796,0.17154284716185964,0.17395252972657702,-7.944113441211113,0.18682001434542556,0.8659096878609784,-0.9063651208498952,-0.6121336657542216,4.6887928023509255,-1.113617541519378
8938,token,2025-02-28,,0.08548651503664592,0.17566117871051018,-8.681727304460304,0.26214364419716346,,-1.9541126461457174,-0.6043715856215129,4.209287761669986,-1.2911499130909563
8938,token,2025-04-30,,,0.18050475199345128,-8.684104659431096,0.27227084181872474,,,-0.5125161420593153,4.103371690016314,-1.319865597245138
8938,token,2025-06-30,,,0.16932651147534275,,0.31200125856930444,,,-0.6166897516023057,,-1.3350887174544865
8938,token,2025-07-31,,,0.16202036427249045,,0.18531534617864373,,,-0.7035339199630531,,-1.5164615526266372
8938,token,2025-08-31,,,0.1350406290490513,,0.17553839108529204,,,-1.0184786146690423,,-1.486026511154783
8938,token,2025-09-30,,,0.11561280647096242,,0.5623400969056631,,,-1.231909695296114,,-1.0514936834341784
8938,token,2025-10-31,,,0.0924633455389062,,0.7480191296908203,,,-1.538368573838011,,-0.8441852225232249
8938,token,2025-11-30,,,0.08894099876774691,,1.0369330511154462,,,-1.4865953567619323,,-0.5474407800964011
8938,token,2025-12-31,,,0.0860216264335278,,1.1774455512433166,,,-1.505473374194771,,-0.4025787195210241
8938,token,2026-01-31,,,0.08486054294589512,,1.2878191648485169,,,-1.4516673375448228,,-0.25364930445632816
9119,token,2026-01-31,-0.5067735222763011,0.15134214732285245,0.13960711044733554,-17.759131909326257,1.0559932389927957,-0.09436887805103841,-0.752819383389251,-0.8230475003212978,0.13216028072465238,-0.5408333517470543
9444,token,2022-07-31,-0.31791026364844654,0.3663640349744339,0.32143575709298977,-18.948161770752247,,1.7713774902005526,-0.08270206007634628,-0.7000806033893269,-0.30581608694604084,
9444,token,2022-08-31,-0.22905671776630765,0.3648397964382902,0.30952341444124715,-18.973049825190422,,1.8286122772081839,0.1754953733998235,-0.6271167038677862,-0.5246560597426935,
9444,token,2022-09-30,-0.456061983519655,0.3722659155494205,0.31364678719279143,-18.96289368917198,,0.6781302968094732,0.3684002041394662,-0.5205252395047245,-0.5544644942873362,
9444,token,2022-10-31,-0.5712148552742952,0.3688045301458422,0.31546490513500647,-18.859912508047266,,-0.5354889068530078,0.35230177637612564,-0.4774056423707756,-0.5321214817895897,
9444,token,2022-11-30,-0.6427098172287778,0.37416310519692,0.3065577397690557,-18.845900568997067,,-0.5799119917710993,0.8153623482502165,-0.5079097053093248,-0.5964491226939149,
9444,token,2022-12-31,-0.7490103111081408,0.3762785472734372,0.3073892742856819,-18.54552332754635,,-0.8962863562349823,0.7685788341655687,-0.4315206180219505,-0.5931103672452502,
9444,token,2023-01-31,-0.4929763173623437,0.41505621300171996,0.3128570311972811,-18.41945295063795,0.19305705682200264,-0.8087467599314099,0.5050445317886021,-0.44531032329708464,-0.6105311863124951,-1.4464271833064246
9444,token,2023-02-28,-0.27804911700305757,0.4068875371051648,0.30401727292252695,-18.41480337393372,0.18479378475465683,-0.9651044724309977,0.31308023835674237,-0.6289824880399689,-0.5888610490400087,-1.518981691815466
9444,token,2023-03-31,-0.2819158392957447,0.39193616489483857,0.30358139927558064,-18.35802981201951,0.2554048719819314,-1.266825022018763,0.17164323855915478,-0.6668785627364899,-0.6102957288772547,-1.4839874141724425
9444,token,2023-04-30,-0.2758816598335847,0.3514612388163065,0.2963757454158045,-18.2749019741324,0.29099124049021696,-1.0424140155464665,-0.02970934505302693,-0.6229553488760597,-0.6101907292713485,-1.4755002835796052
9444,token,2023-05-31,-0.29677624595405483,0.3209919256557983,0.28983014618431957,-18.11994097248073,0.35203141731890025,-0.49801007167128336,-0.14011116246001679,-0.6443235026513356,-0.6025679490546073,-1.4752462516132203
9444,token,2023-06-30,-0.24708026302744346,0.29972579407702504,0.2845104965440483,-18.210332074982436,0.3930030170226821,-0.15000608354320058,-0.171010957827736,-0.6422113999536844,-0.6535292788631193,-1.433091586952914
9444,token,2023-07-31,0.03578442035914553,0.30512043806127426,0.2847998824419818,-18.171199588551087,0.2950874805914714,1.19313223513727,0.10656733353812227,-0.639267149915342,-0.6219746741258696,-1.519310027426396
9444,token,2023-08-31,-0.23531203627384312,0.3115875376886165,0.2821625558568377,-18.063447590395825,0.36855256843765954,0.49330593840366177,0.16006791328450348,-0.47447751265693683,-0.5831231167411479,-1.371136817080334
9444,token,2023-09-30,0.040911844327948144,0.3210765827756596,0.2832216410010769,-17.952942213127226,0.27029764496127334,1.5651321712373247,0.2066072240505857,-0.427884145341413,-0.5283637793614882,-1.3591148652856346
9444,token,2023-10-31,0.08379144069728928,0.3139802603041523,0.2789456300049097,-17.988793205252446,0.2501628394533339,1.414909577113207,0.21765048992515423,-0.4091039825637007,-0.5678494973670871,-1.429972757578774
9444,token,2023-11-30,0.053048180473985074,0.3060195731724575,0.27547869330251806,-17.99080248965951,0.27591362527861557,-0.006073085264799818,-0.0004355325233570162,-0.4549411775500112,-0.5535460520574197,-1.3696642369645375
9444,token,2023-12-31,0.04850932885924775,0.2798054255281132,0.272623668056284,-18.284745453058882,0.295902829954157,-0.5477366403001771,-0.18978300817572516,-0.46652661000919105,-0.6315061647551551,-1.3107032933522451
9444,token,2024-01-31,-0.11319037932192999,0.187343352119538,0.2695522039706199,-18.298855647346503,0.3522420846430288,-0.7116988303409248,-0.4434928135124257,-0.3160018333297506,-0.5728922201579607,-1.149218933452082
9444,token,2024-02-29,0.07311145979665579,0.19748689737265449,0.26616655285059765,-18.26702445242216,0.2932294496706492,-0.9207038717113809,-0.5136021666941574,-0.24252853528367932,-0.5402567798852627,-1.1033662266705342
9444,token,2024-03-31,0.3108474139256203,0.20711724219790806,0.26265405226643207,-18.164967178889693,0.2243611669036981,-0.6653934784499155,-0.5007737620676159,-0.18321240797893507,-0.4299465128882058,-1.045795278233508
9444,token,2024-04-30,-0.17992144997718618,0.23836767438779918,0.2612939902162385,-18.11212437418518,0.263098750437794,-0.7441130847175472,-0.44524032463861984,-0.13344881277084902,-0.4490100524126624,-0.9964446902449255
9444,token,2024-05-31,-0.0355344989539621,0.23817863567342404,0.25741119346673424,-18.22616853997575,0.22246107389521969,-0.6106300773768137,-0.4180724163344666,-0.1730746169299283,-0.4866340738687174,-1.0465410769350691
9444,token,2024-06-30,-0.2029482403320818,0.24364110026141295,0.25401949300198673,-18.177820993211007,0.27082647331694176,-0.1887585737583399,-0.4583119260348898,-0.18887517412362234,-0.4984813462307687,-1.0242470367588727
9444,token,2024-07-31,-0.22092580972052145,0.22892252204554617,0.2504910308386998,-18.235136209796817,0.29180687548933415,0.21563859994674447,-0.575590486300064,-0.1779294030744462,-0.5458762071708547,-1.063179178317495
9444,token,2024-08-31,-0.3161537035944686,0.2153886214193934,0.2503137602936762,-18.257348681143135,0.38336133482421797,0.1894100064833393,-0.6642361839713485,-0.13911721753967718,-0.5593332407371455,-0.9920501676372082
9444,token,2024-09-30,-0.22549123924782988,0.1883784758005368,0.24909467793251638,-18.41681004942971,0.31364892156115903,0.2438771378042778,-0.8109967482028934,0.00434549406220106,-0.5852529471390536,-0.9751555157953145
9444,token,2024-10-31,-0.2746566404999853,0.18723678396363283,0.25030897240449645,-18.36242042969822,0.4194553755485014,0.18767423204312175,-0.813831251002353,0.05877229628457781,-0.5447279821408868,-0.8851489016264614
9444,token,2024-11-30,0.20161907552086822,0.28034140262373325,0.25412651380065726,-18.10782894794337,0.46304773174523206,0.4967153123392776,-0.6091202934677072,0.17102671540400546,-0.389486749180458,-0.956193548214615
9444,token,2024-12-31,-0.0763570452438258,0.29205395549597557,0.2546755751013016,-17.979468938899345,0.4760003967471038,-0.25288876259772625,-0.44702990484605953,0.200325342330837,-0.3046649168368151,-0.9729708519609854
9444,token,2025-01-31,-0.04948079740314082,0.2869042173294374,0.22358985267431128,-18.060117499002537,0.5728340212994982,0.007955534015692507,-0.4647620865266651,-0.13651985336115524,-0.32607395610232653,-0.9250679365639979
9444,token,2025-02-28,-0.23276947070659793,0.2879659369198737,0.2208198575296954,-17.99092795222008,0.6916505692559332,0.3587046227067123,-0.31931397016113616,-0.14454048964761693,-0.3307137049943755,-0.7818090137678825
9444,token,2025-03-31,-0.30331060019558953,0.27504382197024985,0.21568775191310383,-18.09150110743029,0.8228066043915744,0.3618160096304561,-0.34818939199363497,-0.12256318808925994,-0.2962680313676727,-0.7029047116059977
9444,token,2025-04-30,-0.20585950287774923,0.2574042371702449,0.1692285634471034,-18.167985934017562,0.8775233391800709,0.48115087556520525,-0.46449396154422845,-0.6309720609855594,-0.35292332865811105,-0.6110899719369154
9444,token,2025-05-31,-0.27923327057581915,0.25351113165359757,0.16950209613408324,-18.15483126400871,1.1034731467620613,0.1308077713731715,-0.43923595024904066,-0.631772900046282,-0.27273625622795866,-0.42508942068637806
9444,token,2025-06-30,-0.33811238384905673,0.2511998726306984,0.16923174362572882,-18.128762417012325,1.2250371691863968,-0.0664785918896716,-0.41281873468262176,-0.617690582667107,-0.2028485412367841,-0.3020835150762335
9444,token,2025-07-31,-0.009433450461391657,0.29089205709029314,0.17999505168401161,-18.050220410858977,1.176497795239636,0.7121836156741225,-0.08437653238991043,-0.5034215303324963,-0.14050352040419306,-0.37541044715978145
9444,token,2025-08-31,-0.10217485400977866,0.28788122209143346,0.17106596636260532,-18.05824106397307,1.2484021647636512,0.22430530703282978,-0.10396941773463392,-0.6186379932473332,-0.07104137299014915,-0.2617992104007324
9444,token,2025-09-30,-0.16224123088114584,0.29107680861864127,0.16946257254444255,-17.97427103327864,1.2944973451748385,-0.021257278881008708,-0.05732251262906687,-0.6253783317304078,-0.04286172190425454,-0.2039660522674108
9444,token,2025-10-31,-0.20759484200372735,0.2912486612137644,0.16314371760105065,-17.931153281777927,1.3023723397017994,0.36852866780920157,-0.11394224682625446,-0.6606649441574874,-0.07906131261150343,-0.13449920831645198
9444,token,2025-11-30,-0.19200075689893592,0.19312338456455375,0.16815102755906206,-18.090777123958716,1.2971176207964759,0.8526762718514997,-0.2701029723705491,-0.6060580325623546,-0.12427406797307974,-0.22291411941078376
9444,token,2025-12-31,-0.2941644229570536,0.1868319135838271,0.16521315159349814,-17.95854560006449,1.4046536483314846,0.8492652734591757,-0.35462115122120164,-0.6165159860361499,-0.11029013358805191,-0.11495123825459586
9444,token,2026-01-31,-0.4417781644481038,0.19507559955825307,0.15466312744100116,-17.842465595609884,1.3236117280675963,0.33507017337497325,-0.26399122492542443,-0.6501688819212731,0.07944421697164646,-0.20930977198073408
9444,token,2026-02-28,-0.5151048301349364,0.19375148865304292,0.15383807351608758,-17.745296588592637,1.3795248282688268,0.00584357998355627,-0.10078998929213406,-0.6910561595521136,0.16121190151624523,-0.21079392200333638
9444,token,2026-03-31,-0.4754114368996665,0.19338099626861532,0.14879874362568876,-17.768663709373623,1.3383071823324146,0.08175798160038018,-0.0038708998556525173,-0.659667711661911,0.17771704371079103,-0.25372594048655944
9444,token,2026-04-30,-0.45459002879905985,0.18762326741424018,0.14928289453768434,-17.78567332778293,1.3279169264288322,-0.18166990998043106,-0.23139731909000008,-0.7944439121108513,0.10096871079978348,-0.32455305476659413
9444,token,2026-05-31,-0.3728890818609909,0.1879307583338135,0.15019839589305853,-17.800527971764332,1.2853773927856293,0.01924251309439134,-0.20652141973057228,-0.7677015765495813,0.09931801393406636,-0.34485201614382455
9481,token,2024-06-30,0.6555215704277126,0.40883287926642686,0.3806980974080472,-18.702562089876302,,3.827038576413347,0.6462133395940394,0.8044376649960616,-0.7470028054966469,
9481,token,2024-07-31,0.039756131032740116,0.426681633955049,0.3876712840498976,-18.75727280520317,,1.6042361267708187,0.6182290464625448,0.877105281419637,-0.794280579431298,
9481,token,2024-08-31,-0.10145862700386099,0.42322948937276617,0.37293889624376914,-18.853113557482807,,1.4467452874686255,0.5954750778698816,0.8289130913965442,-0.8613315095562306,
9481,token,2024-09-30,0.09072443156272714,0.42390215994535113,0.360976188923869,-18.897365028237708,,1.9796882507622344,0.5971807368976715,0.9915632532356654,-0.8184585088414145,
9481,token,2024-10-31,0.12795943732545623,0.4242880445025001,0.3488837471321085,-19.02201130864518,,2.4180079346001486,0.5838595111664482,0.9248996557053052,-0.8760661331518721,
9481,token,2024-11-30,0.26477580725073246,0.4236994691711909,0.3465185319585781,-19.129576859943832,,0.8170864614050588,0.4256371496366295,1.0534467300917336,-1.0787720219463153,
9481,token,2024-12-31,0.028143809854306534,0.4368646557628466,0.34026044566082253,-19.201425176613526,1.309565268604101,0.11999410979915144,0.7220477063418441,1.0412070467293286,-1.1107766473383374,0.0010206660233765482
9481,token,2025-01-31,-0.18090925364268517,0.32803526463486626,0.3425742832179504,-19.495119010847084,1.3382817043953013,-0.43590060923414437,-0.13840593887318126,1.0547594280900605,-1.1730338691260527,-0.01123094093014232
9481,token,2025-02-28,-0.3487641513148233,0.33459540457301523,0.3346293555525878,-19.500646071715263,1.3778887341852764,-0.375176939751237,0.05716770522207498,1.0143319037996497,-1.0669877134837416,0.03198267079483136
9481,token,2025-03-31,-0.3319494848385388,0.2517862657076461,0.3265284198226965,-19.577145203514277,1.4525348023874756,0.18521178423520152,-0.6353132622236365,1.0131286336820668,-1.231168245055947,0.03696693035682285
9481,token,2025-04-30,-0.11943952460293694,0.2562619555976037,0.31951894942694875,-19.487507014413662,1.397056460419584,0.9406939460725933,-0.47873039770880377,0.9478225559941683,-0.9729411301632692,-0.002695269758548944
9481,token,2025-05-31,0.01054681686290393,0.219728255593449,0.31216761505574286,-19.59827800456541,1.4007329782569002,1.546646002984063,-0.8377273273091866,0.8611876186414613,-1.0648509314238899,-0.09145479529927779
9481,token,2025-06-30,-0.13240586216498973,0.2169068397818134,0.3082819845239169,-19.641832797761793,1.4600360065245297,0.8497644696154353,-0.7977287237204472,0.850801118114769,-1.033955727827194,-0.03620676400840139
9481,token,2025-07-31,0.019540994631104036,0.19916535377453173,0.3018053001603985,-19.75758261866122,1.4573641802381057,0.8221905347047281,-1.0177668691663897,0.8526932852429705,-1.0709047058591739,-0.052076534826490724
9481,token,2025-08-31,0.16838765791315824,0.19839352223640475,0.2962531489864401,-19.766016791625926,1.4684072990169332,1.2307526634316337,-1.002674921405324,0.7707985707654803,-0.968477731647979,-0.01075495085275915
9481,token,2025-09-30,0.17151240796039535,0.179435789387349,0.2914018642130983,-19.91424685268934,1.5258616206349966,1.6555483986914667,-1.1619079887534678,0.7480724785684668,-0.915559277442531,0.06385567152336741
9481,token,2025-10-31,-0.15865074317989247,0.19952150858801343,0.2921243111379961,-19.712132715166376,1.4787244463246616,0.6184193921580273,-0.9905656955817317,0.9410065213830492,-0.850929006646194,0.09126772400395103
9481,token,2025-11-30,-0.24700676865821591,0.1886359250475393,0.2868625540938126,-19.707311702266416,1.529575953617579,0.5467609926142382,-0.31981139732003405,0.7135972121282957,-0.7813534631603823,0.06702977154117368
9481,token,2025-12-31,-0.4519402201726799,0.1996617441370302,0.28703006073811,-19.611849316274387,1.5178595832337682,-0.17872438167653032,-0.20929313322718132,0.7509288405156759,-0.8041296288627343,0.02835852199448423
9481,token,2026-01-31,-0.5186478866751886,0.1943624840645875,0.28251630101325675,-19.637479765873078,1.565039869554563,-0.1728254933253798,-0.2719620325274456,0.8178873785445139,-1.056063950938782,0.08976942093600633
9481,token,2026-02-28,-0.5845240163107344,0.19162792423938024,0.2782315291108159,-19.634877821890885,1.6028440474223749,-0.3657633167178336,-0.12977143999679508,0.751419980335266,-0.9478557404872879,0.0502745590248659
9481,token,2026-03-31,-0.6051616620463265,0.19343174374484345,0.27572636613279783,-19.514652332152895,1.6494148323951745,-0.48192862580769413,-0.003195782850307796,0.8150729475288123,-0.8446190423893304,0.10787315535966126
9481,token,2026-04-30,-0.454428052901087,0.1960057376220479,0.2730944106550377,-19.500441471188626,1.573710018577066,-0.18100325002881107,-0.13939563683668413,0.6428173960843679,-0.8025092887868089,-0.0663790075163598
9481,token,2026-05-31,-0.41909383729902694,0.18402037848148056,0.269149402142422,-19.52999983438742,1.6155501655084856,-0.1522768485231122,-0.24931912393702926,0.5675141066117197,-0.7644580123380331,0.015738803817740003
9543,token,2023-08-31,-0.3456132121865616,0.19365481323734035,0.1446635552679678,-17.090047095438692,0.7444343282296663,-0.2234788646685137,-0.5603525635328931,-1.3931731545324009,-0.18825788788910344,-1.0356861532251187
9543,token,2023-09-30,-0.18482256822570475,0.20493826347874503,0.1531865371111327,-17.107772153662395,0.5857340178717079,0.3275913329846546,-0.507199519984075,-1.3185416587542558,-0.18240383612766417,-1.0830362962424391
9543,token,2023-10-31,-0.23226720693190617,0.20535069148977744,0.1564299685630892,-17.087504383975777,0.5787931581369297,-0.24541975141197056,-0.48731570298060445,-1.2379223012704026,-0.16853561909495682,-1.1481937890621532
9543,token,2023-11-30,-0.07689336524580925,0.2022381239970977,0.1547113025474239,-17.092859574446216,0.45634722184311344,-0.39316768116348233,-0.6395232450174592,-1.2965688729272935,-0.1478707966412616,-1.2170670937178014
9543,token,2023-12-31,0.34714592941201405,0.23021673941130127,0.16613361284389203,-16.968919237005228,0.46956851785982134,0.0453798190460345,-0.5070121076989024,-1.2292673410001884,-0.004115539476864307,-1.1630578162424998
9543,token,2024-01-31,0.21807022573478085,0.18664610120228964,0.1626815623429303,-17.054197990035792,0.5005366878999721,0.031408294189309224,-0.44807211230915606,-1.0752761391330032,0.007399906133449723,-1.0193655540653639
9543,token,2024-02-29,0.4431805518657461,0.19429416886848833,0.16266307614827655,-17.06662362630723,0.3948369782018968,-0.14496827219838448,-0.5346402491383451,-0.9953042202909099,0.015443023462196547,-1.0103071464743492
9543,token,2024-03-31,1.0749775472627179,0.259152853877649,0.1863980534355362,-17.053066633720828,0.6051533949312271,0.7534506117486193,-0.16375491076065446,-0.7477254278513972,0.09599342641668554,-0.7046481943795431
9543,token,2024-04-30,0.27149233621578395,0.2853398948381157,0.18362840717366816,-17.005391951699934,0.6447943475701716,0.6835169384775035,-0.13785403287529008,-0.7323110582971484,0.08227750995156727,-0.6497330163951895
9543,token,2024-05-31,0.47815100076169337,0.2778800865059464,0.1831505888741687,-17.16622131737743,0.5418082080593322,1.3859342825585368,-0.1543602977255187,-0.7515589322608555,0.004979369251109592,-0.757464790816509
9543,token,2024-06-30,-0.011548998519542275,0.2931219725348337,0.1817851253966062,-17.173815000870462,0.5954314100786932,0.7065792939012637,-0.12746692926484876,-0.7552796202771416,-0.022976309720711623,-0.7297903807408538
9543,token,2024-07-31,-0.2897905027822938,0.3073020542381874,0.1833125990610365,-17.13753116186351,0.6494160244137853,-0.15118904524708407,-0.10243394955757425,-0.6945895922507759,-0.023695047450422276,-0.7077548749220769
9543,token,2024-08-31,-0.4381382827433048,0.315350380976543,0.1803282503340742,-17.054781937067865,0.6999917695986421,-0.5249776615321632,-0.058373845598819,-0.6915985200258593,0.05025804145028272,-0.6911729305226678
9543,token,2024-09-30,-0.39446199815706273,0.3109573707291712,0.1776089588383995,-17.077652898923166,0.6628295736770773,-0.6836585543003085,-0.07810722750026274,-0.6264287133262953,0.06461836678689829,-0.6267539739455892
9543,token,2024-10-31,-0.4115389428710562,0.31090654144788377,0.17531749165746063,-17.110879286899472,0.6783310646534262,-0.5705995406057793,-0.08465530314000261,-0.6001404263461392,0.08396980826997419,-0.6309099231441062
9543,token,2024-11-30,0.047994136043274516,0.38266115140497436,0.17980301302227997,-17.09806585754183,0.9232837905359865,-0.2825681787082028,0.12942288151927975,-0.5388240482885769,0.2917133971781558,-0.4278632393262262
9543,token,2024-12-31,-0.18923056566105012,0.37829764590384807,0.17817837955952517,-17.32187895726136,0.9668859784740448,-0.6556472134371819,0.24922781213378847,-0.551268855900007,0.12914030604928334,-0.39938814826844815
9543,token,2025-01-31,-0.2590146824205207,0.3818208216242092,0.18020331650616797,-17.371194909589605,1.1207346016558857,-0.6996758629053816,0.28835798590833117,-0.570908465340826,0.08053872799111483,-0.27095161834103104
9543,token,2025-02-28,-0.4732696595206827,0.39205238361301264,0.1652386808909181,-17.329302911799207,1.135987601398989,-1.1629052770993011,0.5210696286226291,-0.7104993271871605,-0.008045973623102673,-0.2548814828012463
9543,token,2025-03-31,-0.563422422398332,0.3400825061290482,0.16626582858217728,-17.32480295461868,1.2304527641444827,-1.2421866409257305,0.45473927770359446,-0.6289483912975602,0.18620705724026376,-0.22395866072868625
9543,token,2025-04-30,-0.4198857868568229,0.3392763607768759,0.16716806976093027,-17.378457499467995,1.1615743463830013,-0.6569458663278176,0.555891282602663,-0.6526174664374232,0.018061031870850404,-0.2784545327980481
9543,token,2025-05-31,-0.5195106122385983,0.32671312556756155,0.17145279009354872,-17.405462848045023,1.160929993848507,-1.0431647038333334,0.4242300052956468,-0.6113593545200933,0.13849174598030706,-0.36060175157477453
9543,token,2025-06-30,-0.537130972830016,0.32018756781579577,0.16981964481346573,-17.535175333302114,1.2469415566935098,-0.9529327488677414,0.3615091911807244,-0.6114818338760596,0.12320006655794186,-0.27730097806247705
9543,token,2025-07-31,-0.46001158503953643,0.3165374806545377,0.1697711508352186,-17.627125752185698,1.3140882981129016,-0.998520841624938,0.17658553941816402,-0.6172443292139098,0.09005550813141047,-0.2170160006539803
9543,token,2025-08-31,-0.3944655706555684,0.313013022766367,0.1713250785542223,-17.971544482834066,1.264638651470218,-0.8629673420023609,0.14842378960343935,-0.6157621400995239,-0.025482308749081813,-0.24327202103878798
9543,token,2025-09-30,-0.3673658520303079,0.3132690257010588,0.17219101245876473,-17.899711747044673,1.2641884969546888,-1.051820213106034,0.1622491183093162,-0.5946468262419202,-0.009321248776694097,-0.23905084640984697
9543,token,2025-10-31,-0.5108685488062343,0.3264535409387773,0.1747451464526056,-17.58590430287367,1.228825096457012,-1.1798763103191492,0.22250581892236795,-0.5165992592239494,0.07056789040947185,-0.22865479174539158
9543,token,2025-11-30,-0.4187422397884304,0.18133182394985986,0.18287527932369524,-17.70050589309886,1.1961549631931219,-0.4083437845809357,-0.4007202857146431,-0.44237606643368466,0.0343610690500061,-0.3488442395794386
9543,token,2025-12-31,-0.5313004360189917,0.18385827322202256,0.1845060768285131,-17.577065145749895,1.1791178757728686,-0.6957965965476801,-0.38830462492071843,-0.3999449780625881,0.049805197526047645,-0.40046168892898293
9543,token,2026-01-31,-0.6268004048589458,0.18785570109374652,0.184410187579784,-17.531684520103315,1.3489153623050512,-0.887413678852958,-0.34469122664730345,-0.3086024065102242,0.27604124417948905,-0.17796383832532822
9543,token,2026-02-28,-0.7016568906406465,0.18433499206870643,0.1825583318271616,-17.477696848372815,1.4029068745412339,-0.9927857053298702,-0.22930209366426282,-0.3580138210540247,0.31827644452523685,-0.18345943943257617
9640,token,2023-05-31,-0.1656574938610712,0.4755194344840948,0.26248548982933056,-16.60362177138437,,-0.04952932385970839,0.6945424694742101,-0.8120318212581885,-0.0116134139137809,
9640,token,2023-06-30,-0.1674403773622064,0.4723603513877664,0.257089057037225,-16.58799132442899,1.5755738341191763,0.2443234365710739,0.7531944313967356,-0.8176103424465757,0.019540946801741784,-0.3492562955398737
9640,token,2023-07-31,-0.35554383739169726,0.42388979810821376,0.25511092503126526,-16.557871382711944,1.6593435139892487,-0.6696085784829136,0.8294786864402536,-0.8285669650382828,0.059736375884195794,-0.2965495692613717
9640,token,2023-08-31,-0.4860317186102082,0.42964136156148747,0.2482590373519153,-16.257629627809074,1.7392144514090337,-1.1359791226368146,0.8812281551115998,-0.7010029023784794,0.14941680568138174,-0.14790789844855387
9640,token,2023-09-30,-0.3903600890364852,0.4272066573505494,0.24287190897444,-16.14322248581143,1.6735969401932476,-0.7992243479700248,0.8589015179156636,-0.7042540709896062,0.21242267789629704,-0.13090881602012108
9640,token,2023-10-31,-0.38684498657377786,0.4224063585124886,0.2531868396971985,-16.180482808037155,1.6909777201850273,-1.0574526541750273,0.9212962329748301,-0.5833621714638513,0.23331814255662595,-0.19456839031811982
9640,token,2023-11-30,-0.00025221140791797936,0.434541832271663,0.2556394739387054,-16.09544422173895,1.4595976483105475,-0.16485443223490678,0.7910064566273096,-0.5932006560967537,0.3027444051830132,-0.3685934615620766
9640,token,2023-12-31,2.072518381107391,0.8750232096117616,0.5451739215615098,-16.12313829466829,2.669116456890561,3.4721091539931708,3.617948481629192,1.4856291962370851,0.3991558255311084,0.7069333650918183
9640,token,2024-01-31,1.7097993134805143,0.8228321882349342,0.5337467366002685,-16.284742560738827,2.7178552655105563,3.37776006693653,3.7301743564687917,1.56099747447096,0.3661402589771082,0.9222176469147013
9640,token,2024-02-29,1.918244474854324,0.8175963123273806,0.5385628072811417,-16.30677225040696,2.682768442856988,2.9470478435541523,3.5725307378766646,1.7385959984563384,0.367199912473741,1.0851359838763226
9640,token,2024-03-31,1.2213226275622864,0.8110743488088894,0.5386740793480718,-16.35329892117844,2.748117602756792,1.025185547008752,3.4108729686645836,1.8601271511641084,0.42699046555040854,1.2152071400897881
9640,token,2024-04-30,0.17493810567975143,0.83379140083689,0.5289025442923837,-16.339133975616235,2.769177208863369,0.378156928225599,3.451213569736643,1.9300219465775195,0.40211505046959,1.279941685828871
9640,token,2024-05-31,0.3711180890969925,0.8250227546590924,0.5193906997743631,-16.395718614401588,2.755324698099424,0.9699246874110382,3.4799691581094203,1.8677252953330439,0.3623457349221628,1.2462329341618188
9640,token,2024-06-30,-0.19974063342424198,0.8417389424441164,0.512196368988075,-16.36616759958019,2.787370038693359,-0.17375385429362894,3.540762253006967,1.8355424999040757,0.3595317728680245,1.2585679147841486
9640,token,2024-07-31,-0.2954241096140968,0.8339929750562247,0.5041063682183428,-16.50365076276908,2.844597152905441,-0.18119807652533926,3.077060046597874,1.7725916900980987,0.2778709872051439,1.4740145953711596
9640,token,2024-08-31,-0.5158660590111356,0.8358438689141855,0.49608562708100346,-16.76447258513021,2.8916082094297164,-0.9801808127456919,3.0963065352450716,1.8010609872844696,0.19741831421731307,1.3914048219948956
9640,token,2024-09-30,-0.4298949610543382,0.8354348821683725,0.4882656938079874,-17.01669875466996,2.899201902875238,-0.8781616622723514,3.057702343974286,2.1147377497591493,0.09419842749902539,1.604628443497296
9640,token,2024-10-31,-0.35185415607115744,0.8333767660101412,0.48096169744131007,-17.013653013867767,2.9350752735062398,-0.2399694469226869,2.9959096544936785,2.085402701795117,0.13281034649488913,1.585413843442422
9640,token,2024-11-30,0.022870756438946094,0.8341891180176274,0.4796628764795114,-17.31663436531522,2.837757776600233,-0.4100099536670636,3.3885483390151703,2.3250850900952096,0.14426405891267163,1.769866845260591
9640,token,2024-12-31,-0.2289911904947466,0.31952802302950434,0.4744157675137842,-17.614886725056316,2.8696868041602612,-0.7975221864444444,-0.2252278060887136,2.3592993094896326,-0.06415384922211492,1.823968338075858
9640,token,2025-01-31,-0.2428074072596269,0.32072151878094207,0.4770106167988728,-17.608408385823676,2.9361815012047976,-0.6449411513266972,-0.19643718480958838,2.4007440929532464,-0.05946830582797524,1.8964369270220793
9640,token,2025-02-28,-0.4893506465733036,0.30899132154597486,0.4767353111432843,-17.56241780919076,2.9647994246239677,-1.2646473556339495,-0.14955710978922332,2.4613347615521377,-0.12173371289356769,1.9138580750222387
9640,token,2025-03-31,-0.6001657306380244,0.3170404127020007,0.4766186038579944,-17.451898321586054,2.951385104649202,-1.4687675141346845,0.17027538268926487,2.550977491432311,0.10622727873894584,1.7979756285858186
9640,token,2025-04-30,-0.5474127674791719,0.3014610786092159,0.47513299945193677,-17.536840236071196,3.0887866047726003,-1.3350777221513805,0.08459343142531581,2.5825420552095895,-0.05635999679176794,1.9783904690760343
9640,token,2025-05-31,-0.45646718756404003,0.283956260831015,0.4753052929275587,-17.55108139951391,3.1669522420308964,-0.7351404648497084,-0.08011550623821932,2.56838438218993,0.058581217688286634,1.8908914216699944
9640,token,2025-06-30,-0.48290263995027627,0.26807454028616623,0.46588155798187336,-17.722240337984807,3.1684544709474776,-0.7113928437092594,-0.22341501029041552,2.515189933084369,0.02044802558920242,1.8966911002116322
9640,token,2025-07-31,-0.4665498940518352,0.26802021470377213,0.4668738971514095,-17.734232935791606,3.4530536084427284,-1.0233447589706173,-0.31711526490887487,2.690403763349087,0.03168907004212153,2.245364900278335
9640,token,2025-08-31,-0.38963426760756936,0.2579809102287564,0.4663040085755844,-18.161436181432197,3.443542147212394,-0.8449957015631079,-0.40425174565221594,2.6581713600783443,-0.12527042013269685,2.243039112433884
9640,token,2025-09-30,-0.37420390382933755,0.24977550100572601,0.46727363586265197,-18.13553676307469,3.4506667493493413,-1.0861751466430773,-0.4659610654503861,2.728986292117117,-0.11540706333426243,2.2919638204946136
9640,token,2025-10-31,-0.49124259210866705,0.2561065292060125,0.46786012811769817,-17.94640767129562,3.4687648254520536,-1.0796733307353172,-0.44979064149894915,3.123280891590672,-0.08567248972011678,2.6389283116381113
9640,token,2025-11-30,-0.5047915679339223,0.16454203839554746,0.4691384504849653,-17.86908226270822,3.492809202523586,-0.8869060981514312,-0.5867038677347316,2.739865003258589,-0.034160854620657245,2.5157588840919827
9640,token,2025-12-31,-0.6163040420814199,0.16326205662206056,0.47034428928949995,-17.783414998302295,3.4694625388381914,-1.2496383721780964,-0.6216052382246665,2.808706329914608,-0.03679333615001486,2.4989335135837654
9640,token,2026-01-31,-0.6607580282958647,0.16369333822667795,0.4598321963505191,-17.74209661742811,4.15410461426014,-1.1117793887237888,-0.6147646542118237,2.8538924534036956,0.14293663748747804,3.297081499331523
9640,token,2026-02-28,-0.695808117576663,0.14901280411283763,0.4598243937606891,-17.688670791285386,4.14867755325953,-0.9614767181816557,-0.7113634064445735,2.8571848952086616,0.1944477520790197,3.0264487048901323
9640,token,2026-03-31,-0.6870841224169866,0.13677559947078624,0.45437423046232917,-17.70698194786477,4.157766742730832,-0.8378323917137875,-0.7569185154790818,2.8907383070496833,0.2138338258146428,3.0233198911070502
9640,token,2026-04-30,-0.5786429422901487,0.1534952935005199,0.4542192063784761,-17.538529287447062,4.128049787279394,-0.692246547253667,-0.6059684102028563,2.7453977457290333,0.23118410116091098,2.616626565888426
9640,token,2026-05-31,-0.5234115271418256,0.1395080045146107,0.4542359159712125,-17.503047617907395,4.127836249459744,-0.5395206159150794,-0.7364910833119596,2.6450956571854,0.2478930809830539,2.7594759433741314
9903,token,2022-10-31,-0.6057771227315002,0.46715806965748286,0.36457103747267805,-17.64537431367767,,-0.7010356206298382,1.0469154621960823,-0.1977743626141207,-0.14724970535097656,
9903,token,2022-11-30,-0.6279278044254035,0.4700380314677232,0.34899517485750164,-17.528097044654814,,-0.5125366679811165,1.812560272283548,-0.2566880316632239,-0.176520433027008,
9903,token,2022-12-31,-0.6683215437555309,0.3962349423307639,0.3382134114802078,-17.256943361418504,,-0.5377083864716382,0.9574550793488968,-0.251385838175048,-0.15729065347976967,
9903,token,2023-01-31,-0.20128859231263752,0.4688266508585379,0.32757270681415385,-17.212999357181424,,-0.037743914354370245,0.8916687803359178,-0.35759886470369734,-0.2036404942513852,
9903,token,2023-02-28,0.06842423609272208,0.4618734340436201,0.31697131070916457,-17.219564621337657,,0.13005091536616667,0.7176958473624329,-0.5470978384068076,-0.13922436901416033,
9903,token,2023-03-31,0.033604776954900384,0.4352038409640027,0.32414015705094695,-17.24028049818743,,0.06371574158562213,0.42702003735816735,-0.5403290658586444,-0.1338611920261758,
9903,token,2023-04-30,-0.013751646027208797,0.4324846264374824,0.3151500275294641,-17.273827452800035,0.8194200530021447,0.2578044461224569,0.4512116663715885,-0.5101051635456549,-0.22711241351433262,-0.9953915236964671
9903,token,2023-05-31,-0.15229743022504805,0.4048298547522299,0.3079069730712216,-17.27340417755472,0.897370932504041,-0.003832341279788595,0.3127249218383094,-0.5334559823726845,-0.2726474694066592,-0.9754234251378486
9903,token,2023-06-30,-0.21721359063142587,0.3647542221615959,0.3034182432707242,-17.277249918279093,0.9475255647235116,-0.0021240204920643688,0.17712109999877065,-0.5212695806900692,-0.2664158949689354,-0.9248673872740636
9903,token,2023-07-31,-0.30494084080120176,0.2977346668326398,0.29736736914249207,-17.44941616461508,1.0072491282341531,-0.42873594745350774,0.0616124910685864,-0.5591355752003646,-0.3169854388106996,-0.8810111441952722
9903,token,2023-08-31,-0.37045258678404136,0.2869118390160976,0.29021893776541,-17.448436671228336,1.0645211042112206,-0.38489587660843394,0.009330459484706224,-0.4206490272352846,-0.33364057733246266,-0.7500289786026981
9903,token,2023-09-30,-0.27461335307278734,0.28991365336554054,0.28378705163001033,-17.353610584501332,1.0199717525023355,-0.16466752063879386,0.01507432335525064,-0.4240114432036174,-0.2830347667022583,-0.7029795155508147
9903,token,2023-10-31,-0.33303400685358087,0.2892011933579551,0.29077311100788056,-17.356182936655337,1.0598017175905907,-0.7747711059993981,0.056843403240796384,-0.3290910862200533,-0.28757301570556465,-0.7357604619319987
9903,token,2023-11-30,-0.1013368631655881,0.2942800348721528,0.28548040094427646,-17.289164835055956,0.9562233269566303,-0.46598462279053365,-0.07272778453654151,-0.38523929776492194,-0.23655815681546083,-0.7943095415212462
9903,token,2023-12-31,-0.1145273404616215,0.2854938790537747,0.2864390461780311,-17.575019258024874,0.9933974079820626,-0.8715406612145765,-0.15339279236371053,-0.36757322336213266,-0.2931061877321924,-0.7177138491142414
9903,token,2024-01-31,-0.16050314022695633,0.13285399801920408,0.2812613760232537,-17.75137516492373,1.0370137194773679,-0.8178341484953476,-0.8013597269773677,-0.23281272408152015,-0.31764242405370574,-0.5496022991411287
9903,token,2024-02-29,0.43569963058671335,0.2542060651412161,0.2772269920660681,-17.571575201138874,0.9096570590407177,-0.1606497140633446,-0.13985835286105638,-0.16208650597047566,-0.21831347247599334,-0.5387999276499812
9903,token,2024-03-31,0.21269867084938676,0.25612771374366616,0.28298013100118957,-17.536973080658875,0.9595575903662066,-0.8476369969275391,-0.18334782453809403,-0.03274114978758016,-0.13289910218009646,-0.38714182508065786
9903,token,2024-04-30,-0.2798208064609453,0.2852357945378443,0.27949422207093333,-17.353127649855168,0.979479999088377,-1.0600523071699002,-0.13853526542008165,0.006889175957409009,-0.08465322024702386,-0.34572263921726726
9903,token,2024-05-31,-0.16334484663069582,0.28429046485559656,0.27482557202613006,-17.37854933756007,0.9432987530629394,-1.107396260466594,-0.11178012948928992,-0.03741796677044116,-0.09350035393446718,-0.3940314505889572
9903,token,2024-06-30,0.007813062196939002,0.2895517430770333,0.27835295961085527,-17.397370152800875,0.8831134261350686,0.7971522031313273,-0.1513386295636482,0.001928513019957135,-0.1288537661220137,-0.4688273612330621
9903,token,2024-07-31,-0.11303479868176147,0.2885553357446795,0.27476417066103126,-17.399759600356184,0.9219666015303474,0.7903511813479037,-0.21560293831695557,0.008752016551653695,-0.14844916586634146,-0.4368694702756248
9903,token,2024-08-31,-0.355759313844378,0.2992557071025435,0.27123299197108675,-17.381615862679055,0.9672304488420411,-0.0425353733686646,-0.15592271620538042,0.026023886251912775,-0.1154168474964264,-0.4372300790776506
9903,token,2024-09-30,-0.3309894710576867,0.29735907855965504,0.26774475183860297,-17.492643020345547,0.9788668319761076,-0.3352371189419454,-0.1594103411911902,0.1689096298773613,-0.13676962966522918,-0.3114218746264398
9903,token,2024-10-31,-0.45596327492837607,0.3042036547285638,0.26812503556440204,-17.408706059718263,1.023141522071368,-0.8166927556014874,-0.12417655616418286,0.2153131535434634,-0.06564016266366281,-0.29227535005199956
9903,token,2024-11-30,0.23367571221781747,0.4890653070446813,0.29034806115048006,-17.51825941652139,1.3468969189258555,0.6593269810005559,0.8974472744052597,0.5169723823750509,0.008245010784672217,0.05842559158250085
9903,token,2024-12-31,0.518367274884004,0.48752380083545227,0.23219895209592353,-17.524220726896537,1.4702638635065948,1.8692231815131386,1.1310262707515095,-0.02051019715555321,-0.004342439927339514,0.18879137670405124
9903,token,2025-01-31,0.147910907852155,0.49571987291763286,0.2398797310954432,-17.51569024567701,1.5206984812456807,0.6745807346072438,1.1920951391463916,0.026575390039924505,-0.0047446367125322485,0.20654906283962315
9903,token,2025-02-28,-0.221342888765641,0.46914562050732733,0.2316378965976244,-17.63384688672523,1.5127540701902016,0.4309989534847445,1.1435127412608872,-0.03438512436751356,-0.15656893978783618,0.19191590474410447
9903,token,2025-03-31,-0.24985210181275774,0.46694796159577273,0.22305073947008933,-17.733068810582328,1.6856871362961425,0.6914725872310714,2.0209442633352133,-0.0471207993886341,-0.0707103545329415,0.31089908182384673
9903,token,2025-04-30,0.07505083110402988,0.4572556871449581,0.22533941456068646,-17.946992024325038,1.5273654634677132,1.9749072961551297,2.026286313746465,-0.04152976822202965,-0.24908250332437948,0.14990194466250678
9903,token,2025-05-31,0.003965005724243742,0.4589830841174957,0.22822099082810793,-18.055157465073385,1.657249356451731,1.5144878932749959,1.9844416886469163,-0.017293717257197413,-0.21803865177131718,0.19645072262527905
9903,token,2025-06-30,-0.15078395349242324,0.45978968010602345,0.22825588148162113,-17.992701818610968,1.8623518403492445,0.7679061088565582,1.9284236063645068,0.005655741850570627,-0.12811246644352337,0.41897177224346177
9903,token,2025-07-31,0.4097015851711061,0.5041078445715428,0.24316305672642038,-17.95610579990078,1.8514241016721902,2.303508446245458,2.0852594458933003,0.1998285539571046,-0.08921718807002725,0.4015659902187402
9903,token,2025-08-31,0.1016960957945896,0.4965415961016553,0.24354144171333664,-18.04952901942799,1.88585980893538,0.982671190831106,1.9915613292257057,0.1857580586160695,-0.06646319249115099,0.46559327894931885
9903,token,2025-09-30,0.023120787149972788,0.49890056938668814,0.24344528411672398,-17.99822166511554,1.8921557084513763,0.9100167150736754,1.9989029618298109,0.2079184159099337,-0.05363590663817008,0.48786890268552646
9903,token,2025-10-31,-0.23159518882474595,0.5039437085969086,0.24459519129362126,-18.071775704754394,1.8965289066219433,0.24599164708860102,1.9187542953956132,0.3507934284716264,-0.14000637650025763,0.626143281304895
9903,token,2025-11-30,-0.33549430395677693,0.33020078069541053,0.2457241738818195,-18.01260161383118,1.900334396673927,0.054638619002785827,1.2483288779907133,0.256282907531742,-0.09249774991446102,0.5294745644571462
9903,token,2025-12-31,-0.39569272381320864,0.3229730665946828,0.24571500779033598,-17.991757826158125,1.90992231740991,0.18775669720400773,1.1874977296512144,0.2871504060695968,-0.12422825878780855,0.5246789356360512
9903,token,2026-01-31,-0.28229961973786133,0.3205794764053063,0.2522343751790221,-17.99609236037872,2.1513078937359826,1.3887810421449809,1.1388211729843727,0.47017938227185974,-0.017738551328779415,0.8160334199261016
9903,token,2026-02-28,-0.30110966732330313,0.30559757565459816,0.2544156743122749,-18.058775174776443,2.171716569923923,1.1513781611605378,1.4256350327555807,0.47524948459920574,-0.022780694446734993,0.7153077160951784
9903,token,2026-03-31,-0.2628973278775919,0.3047331342932885,0.24899266784507554,-18.070938321173394,2.1524183934241954,1.005003833433004,1.47749778188932,0.5044607178446605,0.0007249147111749332,0.6925120507350446
9903,token,2026-04-30,-0.28746102235815507,0.27900595594463784,0.2507658254334217,-18.145429158025557,2.15714238433658,0.5061991911797273,0.7715720759931441,0.38361685794258293,-0.08857964248468907,0.5464416940274895
9903,token,2026-05-31,-0.24272867466897596,0.27872021567533983,0.25053525607558874,-18.139367178923532,2.1579370314054493,0.5024185355145991,0.7871366102046107,0.3585717820298795,-0.06991352445086758,0.608094506249742
10804,token,2024-07-31,0.37537916226440804,0.9386015106013039,0.6672877722932203,-18.756169906407777,2.600850991872889,3.392028981798741,3.7085541498104515,3.0275976922986154,-0.7937558797926474,1.2317576236162102
10804,token,2024-08-31,-0.012218913646165008,0.9394034196313676,0.6486998511819679,-19.095601728041462,2.675579010533784,1.9693666808022152,3.7239748739806413,3.00583187997196,-0.9842508198850736,1.1861236444410632
10804,token,2024-09-30,0.10576923076923084,0.9358631991914975,0.6318468506278773,-19.093554179954776,2.7327451705704466,2.0622740681821288,3.6581553107831453,3.3816661871684457,-0.9136659322242205,1.4385431182227333
10804,token,2024-10-31,-0.07032428988228989,0.9359658880114872,0.6205876131432772,-19.288630891351442,2.8157859584333975,1.3195945730458263,3.600790926984441,3.3122259535633067,-1.0099995187957889,1.4682611138337063
10804,token,2024-11-30,0.36078116513566494,0.9357246966398547,0.6246781389376231,-19.272756452769777,2.719391518118181,1.3040867538461491,4.121431379708764,3.710100512201358,-1.1753629555184812,1.6339877008274135
10804,token,2024-12-31,-0.027027919494113872,0.9486232065815893,0.6110869917448181,-19.369271856149272,2.7766075360977465,-0.07687119714233974,4.8535480926639964,3.7021106174029255,-1.2215033436990808,1.7152084554873377
10804,token,2025-01-31,-0.20997469335509755,0.9500112147863211,0.6059525821440029,-19.96132768882863,2.832665290850439,-0.5340595189690239,4.796690255425573,3.6917188122793787,-1.4481973850491847,1.772853114883491
10804,token,2025-02-28,-0.4969607662552957,0.9491302347373096,0.5936286081182947,-20.095816026146082,2.8503662839475683,-1.3127954818534229,5.018860687921254,3.651608132375055,-1.357245982509313,1.7781548409556265
10804,token,2025-03-31,-0.5910116125608385,0.36976364219666785,0.582768684710063,-20.273293718609512,2.899324670594483,-1.412317832090376,0.8211648197654311,3.63860878216388,-1.6692471882138893,1.7368094954065438
10804,token,2025-04-30,-0.3383796114563351,0.39088749354934177,0.5729735816462587,-20.261738979206616,2.8426075265547808,-0.22353221757930153,1.1991290049776193,3.6103535381827796,-1.3367379711518543,1.6901046200092011
10804,token,2025-05-31,-0.3320197199020284,0.33928360113095324,0.5668865749248951,-20.3050069039685,2.9082407276834257,-0.1271018514984895,0.57250708237571,3.5267605848371266,-1.452679811335559,1.60052215536653
10804,token,2025-06-30,-0.3906745577608476,0.32843394928798264,0.5576238825345418,-20.315370798996156,2.970744682515795,-0.3005972126802604,0.4540677763618068,3.484068817045988,-1.4039201923951559,1.6730030309515789
10804,token,2025-07-31,-0.07033919140025591,0.3576422195842806,0.548108283635151,-20.18157331261193,2.9325267982038765,0.4809435387521325,0.5948581331760325,3.5947870678962457,-1.3019520152531225,1.6461334542303738
10804,token,2025-08-31,-0.1854544812798361,0.35396124096487264,0.5396819807844553,-20.11878211664357,2.988188964680929,-0.0854809974781963,0.5596578376359896,3.4725841093968994,-1.153855954103271,1.7234430451447433
10804,token,2025-09-30,-0.1738392594022784,0.35019588592962986,0.5323633158678709,-20.0908060079583,3.0456813911793916,-0.07952672619066303,0.5276065269769227,3.4621172831366573,-0.9949843618530818,1.8231625048231304
10804,token,2025-11-30,-0.39907862096896674,0.2906022924567408,0.5163590998975315,-19.740145685015758,3.1276713770864673,-0.29898480272462163,0.8096890477567557,3.264792779642207,-0.7946996258815742,2.0603246539822333
10804,token,2025-12-31,-0.4729731537339986,0.2883181221518944,0.5089396137105974,-19.601201229606637,3.1790749219566603,-0.3157646533770294,0.7949489451073727,3.241954694852731,-0.7996609622730714,2.131325757060088
10804,token,2026-01-31,-0.5205328027413916,0.284488093012131,0.5021335226851006,-19.584785305719322,3.232800072449349,-0.185279560731663,0.7354118014686049,3.339611542076866,-1.0227299578709461,2.155777022155761
10804,token,2026-02-28,-0.5791683024793888,0.26991340457887586,0.4823878132626363,-19.54774383248555,3.532595324745563,-0.3370937182087559,0.9386335373858192,3.1188320542993018,-0.8967134627883001,2.3062256439451523
10804,token,2026-03-31,-0.5409462095414421,0.26035621259858654,0.4702721073127158,-19.641296800462264,3.5478485855927526,-0.20295114792865576,0.8871311921053474,3.0754518069402135,-0.9187737123387456,2.3144146163031944
10804,token,2026-04-30,-0.42916570372082274,0.20407249854566412,0.47053034916822806,-19.557148269140562,3.52773363537161,-0.07702854334037725,-0.050859017330809136,2.934745030693522,-0.8323869982448477,1.9860716173618433
10804,token,2026-05-31,-0.4042031814594841,0.20433972430580613,0.47053434927207577,-19.482576327811778,3.5273705518318383,-0.09700037839679608,-0.0269311756819836,2.8280442882264047,-0.7407725804168283,2.1036907419451025
11156,token,2022-09-30,-0.6658303325675178,0.353966778453015,0.2850473688731996,-19.524122238175647,,-0.641226581893308,0.23530424302830547,-0.6753420719258982,-0.7118811861221425,
11156,token,2022-10-31,-0.4800799859743402,0.3715350462073656,0.28656741290285687,-19.488411764941365,,-0.09897014714578357,0.3715858187715789,-0.6419602987845318,-0.7312849388241655,
11156,token,2022-11-30,-0.35469144251635465,0.37501651139382924,0.29012440846221094,-19.47803567654136,,0.7328545111292645,0.8242386511692025,-0.6051919511821535,-0.7978840577962608,
11156,token,2022-12-31,-0.5125346466203754,0.3763250962863144,0.28500218618937684,-19.302077228198076,,0.15460296148016722,0.7690193948351676,-0.562349687468128,-0.8489897950629888,
11156,token,2023-01-31,0.6170896884577604,0.6849963319683899,0.4437599888270337,-19.24647428360789,,2.125432417885524,2.445988288396463,0.3349249609551221,-0.8894538770372467,
11156,token,2023-02-28,0.5047159059989055,0.686534794895369,0.43139687423152534,-19.23883475852179,,1.5091098492770032,2.3708741785774707,0.17620537657768198,-0.8988532871585639,
11156,token,2023-03-31,0.26657644885231546,0.6892627963010797,0.43101582097829805,-19.212094352204687,2.6177110859772164,1.0461501381333727,1.9265404325948092,0.11754441299025037,-0.9743360719207441,0.6521137783455493
11156,token,2023-04-30,0.23773181289384215,0.6721480976595501,0.41883094128315085,-19.26451613903182,2.6555582141973852,1.5052138188432675,1.873754000944715,0.11310962898249316,-0.9888835433032123,0.6728483501950682
11156,token,2023-05-31,-0.009704782790254107,0.6608450109336038,0.40838365291234907,-19.230982798950848,2.7432845457385966,0.48389390788888936,1.6955465408319053,0.08278050700196218,-1.0355738792102973,0.7164212585965269
11156,token,2023-06-30,-0.022208712917333173,0.6468554647617233,0.3983461700311507,-19.344650349439824,2.786855808499625,0.9634245762521705,1.687360375259656,0.08592895688773926,-1.124130696416342,0.7608929933706388
11156,token,2023-07-31,-0.03284897905746531,0.6084385835910672,0.38892618354010083,-19.442856996093926,2.824639469512548,0.8664340431753291,1.9527684990411476,0.024652747123369276,-1.159312894217425,0.7478862122867288
11156,token,2023-08-31,-0.020034504143435994,0.5901063150051857,0.38371534786906103,-19.726208269552064,2.858674703041257,1.8922725604464015,1.8614670057806644,0.20404456417528596,-1.2576310705614544,0.8511394742607544
11156,token,2023-09-30,-0.133542452595235,0.5878656711720301,0.37687196739267137,-19.570780252999942,2.9296266243000786,0.608723644913133,1.8463403602373416,0.21356085173286496,-1.1906058336887524,0.968402828558201
11156,token,2023-10-31,-0.03445268732185802,0.5857672617357766,0.37118157101905425,-19.631334354515577,2.9032960589217436,0.7937457673306431,1.9814487795780336,0.21487205981335047,-1.2955734644798274,0.8449151618124198
11156,token,2023-11-30,0.3551627212663395,0.5916212714637061,0.36597142215116013,-19.556980100817697,2.746032618673447,0.8939231817898999,1.7583039868773853,0.17570246187192723,-1.2611183171414901,0.7193763244855373
11156,token,2023-12-31,0.2249967467369851,0.5746559021528125,0.3661910146771856,-19.84056687657491,2.8093236014685434,-0.19721834409320124,1.6964365817787252,0.20365452771464068,-1.3733273595391935,0.8261333694510905
11156,token,2024-01-31,0.09161401024674687,0.16665388102860051,0.359497909968856,-19.952619121735474,2.872128711161897,-0.2522671964540805,-0.579373983013948,0.3230273934218898,-1.3439202352105202,1.057306367795188
11156,token,2024-02-29,0.3356178750964831,0.18012537329337897,0.36028394242840056,-19.911168616840538,2.8106696057079192,-0.37044021605163924,-0.6280037434207513,0.4419826006493434,-1.3013780395224916,1.2022765613805748
11156,token,2024-03-31,0.3067038929673658,0.17274061346724573,0.35654068225844665,-19.918315986673218,2.8456485365671234,-0.6730872075253002,-0.7234207446363693,0.5118178301007353,-1.2592978155318446,1.3025839067514837
11156,token,2024-04-30,-0.23264692024987033,0.2166610560531452,0.35101865972565793,-19.61665049800664,2.8368614505984096,-0.9108613468456883,-0.5872884725150574,0.5583983987805511,-1.1712587193880477,1.3414223969544632
11156,token,2024-05-31,-0.23301339299032264,0.20548920965219708,0.34679210569951013,-19.743377657426755,2.876602532074476,-1.3781801092361827,-0.6352080023495366,0.5231957151029926,-1.1903298638670703,1.3560148676235886
11156,token,2024-06-30,-0.44904571042660246,0.22573287261043107,0.34205339264397305,-19.492720581688555,2.9125116211464204,-1.3399668127473805,-0.5780520851534845,0.5014166332589293,-1.1212280047128647,1.3720867425183596
11156,token,2024-07-31,-0.5125023706887345,0.2286186332742368,0.3373411728571816,-19.30553801045313,2.9674733214419313,-1.3375280301250927,-0.5774249825590398,0.49002323615610816,-1.055115532086492,1.596140040811613
11156,token,2024-08-31,-0.6032082013916338,0.23538011551905652,0.33233966345094185,-18.904384375291585,3.01674946369052,-1.491689315296257,-0.5430689154434485,0.5084136476364218,-0.8873211219588955,1.510319969421779
11156,token,2024-09-30,-0.5227921395732429,0.23723537238598902,0.32755704762005144,-19.002689876813196,3.0236913025868,-1.3881046212098893,-0.5188852265386069,0.6966801264426593,-0.8695709549848069,1.7288400759019935
11156,token,2024-10-31,-0.4584245214129089,0.22963591350593948,0.2941747306428418,-19.010822976802434,3.0397798810559284,-0.8303270868840388,-0.5638394494377128,0.444198826113853,-0.870445798935621,1.6882430915571007
11156,token,2024-11-30,-0.0442134008584808,0.2848998618632848,0.29407930531808196,-18.913802992473695,2.695993490273454,-0.7503035054203702,-0.5762173690574355,0.5526088431735479,-0.9332079866808042,1.6071278165518006
11156,token,2024-12-31,-0.11321293716510095,0.28755885419465743,0.29411767426736785,-18.868521366359424,2.737904007952194,-0.38439898642745995,-0.48331950417613667,0.5878487370031505,-0.8911634907522386,1.6699847309728233
11156,token,2025-01-31,-0.20774470350090812,0.2933965337850267,0.29819804753568746,-18.80549754266884,2.7450042282364975,-0.5265284657672519,-0.413248509153842,0.610461884995233,-0.7660086960607199,1.6681981216523347
11156,token,2025-02-28,-0.433520859723895,0.2907761266813153,0.2977712764284986,-18.68540595210073,2.7150182102675653,-0.9114203715179825,-0.2966247780519271,0.6390221878758499,-0.6694034869987011,1.6176491411688638
11156,token,2025-03-31,-0.43270497487228987,0.2883749488658686,0.2972419731014643,-18.633029718986656,2.732473029300289,-0.43610589253789295,-0.18361127787113213,0.7130548551915404,-0.637046294477157,1.540774446950082
11156,token,2025-04-30,-0.3805527132522575,0.2717696865206363,0.2980209104454691,-18.730513217837448,2.7900732427256045,-0.4477900463708108,-0.28545509096225496,0.7219864986955191,-0.6172441758066661,1.6285848079745981
11156,token,2025-05-31,-0.43405726050934523,0.272091354736148,0.30237116707566414,-18.64966160205357,2.86954790161018,-0.6256476705998014,-0.2200699245658601,0.7586701346117913,-0.5442823836218429,1.5570946042332394
11156,token,2025-06-30,-0.4427053864443201,0.2621795952285818,0.29607027506005357,-18.727344354915335,2.913317406715422,-0.5323491541126798,-0.28958073110875315,0.7218348259012004,-0.5316407485814197,1.6080300392320073
11156,token,2025-07-31,-0.3646764932051205,0.2633880905617441,0.2873155245559485,-18.740205595307426,3.3757459758072974,-0.6365632719553752,-0.36425072008853426,0.691378456504502,-0.5165005002035529,2.156368207728691
11156,token,2025-08-31,-0.2909620007952537,0.2567829394665325,0.28739169166141443,-18.944640299202405,3.465160493146247,-0.4779513487541049,-0.41628270542647905,0.672446386781705,-0.5368442820610055,2.2677074533161834
11156,token,2025-09-30,-0.1968043413577225,0.2550784549066545,0.2873711244898505,-18.957008152741395,3.4684111521384593,-0.19490518301428622,-0.4134932010412713,0.7026726516280125,-0.4849457279576869,2.312504314627373
11289,token,2022-12-31,-0.6505368491218938,0.26420864295142293,0.22003073736266734,-18.243485722308176,,-0.45867384543419415,-0.2921008459866636,-0.9420397192401148,-0.4909560996627199,
11289,token,2023-01-31,-0.31425429386627646,0.29583120880145886,0.22560822382960682,-18.04631935853618,,-0.33634022085173876,-0.3522160651907424,-0.9653489782656477,-0.4846874851166996,
11289,token,2023-02-28,-0.13198345391942234,0.285533168786607,0.21953856049511186,-18.075919795837066,,-0.5034106755808035,-0.5799100441819413,-1.1629866250137733,-0.46137648862084446,
11289,token,2023-03-31,-0.0827730859141731,0.285933156212746,0.21179147780344978,-18.07686607966878,,-0.427046137522323,-0.45401340583800953,-1.231891707386381,-0.49045122443950423,
11289,token,2023-04-30,-0.20555702269970633,0.279319235231255,0.20494022580395274,-17.920639884099412,,-0.6935894373004309,-0.457914167746142,-1.1725643976541176,-0.47462627138685826,
11289,token,2023-05-31,-0.26535712202936,0.23625255151355787,0.19886422905200096,-17.962446519287905,,-0.39054358065908207,-0.5978162463764597,-1.202229252672146,-0.5411876926372713,
11289,token,2023-06-30,-0.33614279664252933,0.2286590910024441,0.1951559621695043,-17.854828482513916,0.338156265938156,-0.5909909725499936,-0.5514691407031318,-1.2137601996561902,-0.5060393738441967,-1.4833590581143516
11289,token,2023-07-31,-0.29506810511723336,0.22129367907926598,0.19171776001431248,-17.89216212338276,0.26240109195325106,-0.3817412637413967,-0.4036595104992179,-1.232768239328757,-0.5040675287083595,-1.5486063050814693
11289,token,2023-08-31,-0.37011785914836526,0.20596691642356274,0.1873076617749233,-17.734073529528917,0.2865071543251309,-0.38272067148994304,-0.48514111319700337,-1.1082477759345264,-0.4495107294494543,-1.4443571527666228
11289,token,2023-09-30,-0.18715761024370525,0.22084432773480342,0.19742633100709142,-17.64497474724101,0.1925661907129927,0.31478996245536184,-0.40943802312620914,-1.0155272907369877,-0.4023010943163928,-1.427147566969677
11289,token,2023-10-31,-0.17130050215136405,0.21874515776057457,0.19414375495219013,-17.693153479661795,0.12283921437159033,0.07485247897936055,-0.40039051312678164,-0.9827885766573914,-0.4368670169345776,-1.5391444246575898
11289,token,2023-11-30,-0.017420651446997337,0.20874366215513485,0.19141430391124842,-17.770439608547196,0.024422699919752888,-0.2159990474718934,-0.5994620439743139,-1.0407857326431116,-0.45398987029474713,-1.582356315895206
11289,token,2023-12-31,0.13389606710038882,0.20310264147321147,0.18740579279941522,-17.793375882711988,-0.06294183120320548,-0.3781516672360366,-0.6804666100630486,-1.0769042113474985,-0.39721940391888044,-1.6157825052783423
11289,token,2024-01-31,-0.08029329571968247,0.1529896037524331,0.18493118157791466,-17.67066907212157,-0.0002576396129792064,-0.6379017750076721,-0.6691161503471669,-0.9172012558747706,-0.28001512154063724,-1.4578834392548963
11289,token,2024-02-29,1.308735919899875,0.5630797737047625,0.3217770996358213,-17.650728343889597,2.755694597983949,1.6694013326220358,1.8954260557952298,0.1619242307839807,-0.2549557213848581,1.151926713032502
11289,token,2024-03-31,0.9203741466574706,0.5648515186961368,0.3226533783783733,-17.628657848024343,2.8120701120030027,0.466381548897539,1.8161624869108677,0.26095462534358566,-0.17626690264830647,1.2725014082724655
11289,token,2024-04-30,0.16061674322543862,0.5769660101134525,0.3166295647728001,-17.555281002134176,2.840954465610066,0.3328645431939747,1.770547769220634,0.29323164385131373,-0.1816970581016105,1.34514027082161
11289,token,2024-05-31,0.2962032984990155,0.572874174366668,0.310943222862798,-17.556639454132753,2.7881525521119483,0.6787500269957945,1.8051024991135987,0.2439357150403189,-0.1761002169533894,1.275949042759512
11289,token,2024-06-30,-0.100532810764843,0.5776527008923563,0.30572053674206834,-17.359606669925633,2.8396609079494732,0.2903259380496187,1.7749968628900052,0.21652328115375924,-0.11096868730741617,1.3060021733479117
11289,token,2024-07-31,-0.19895955449514746,0.5796592878869702,0.30065304990763625,-17.308808331591212,2.8919891614724995,0.3326481925230537,1.541714743666217,0.20785986850900626,-0.10517946781679002,1.5211170581636173
11289,token,2024-08-31,-0.34129445255983926,0.5798322042923731,0.2962369703137088,-17.26367489152513,2.950258445220332,0.042176305708583176,1.5446349113603637,0.22341089579206158,-0.05563156889766017,1.4471370541581385
11289,token,2024-09-30,-0.2685207288931327,0.5779787882527141,0.2916427616822955,-17.312602478144676,2.936258037097904,0.007674213010038288,1.518392715006982,0.3797803941130985,-0.04939886539326635,1.6416018961211296
11289,token,2024-10-31,-0.3362502221701199,0.5806322378952546,0.28816177083955313,-17.25558054049007,2.98737783583825,-0.1535298296577129,1.5056889683355088,0.39136594862449114,0.011280740934439634,1.636779616973634
11289,token,2024-11-30,0.15455291631576018,0.6204294719581244,0.28452500517416995,-17.187387469375736,2.578135173513924,0.2579657904173986,1.8456328259756845,0.4613573926541828,0.23145580246844202,1.4718317663852098
11289,token,2024-12-31,-0.05288514742934802,0.630766630651088,0.2807051051360774,-17.131510423743713,2.6232985048423396,-0.16913568067844828,2.2874462382818357,0.4560686230910959,0.2547244335741869,1.5360721925345693
11289,token,2025-01-31,0.9135867099431123,0.6767794954953337,0.32525627010020386,-17.27054195211484,2.449100253837428,3.260397522079813,2.628720870586323,0.8813704382128908,0.13994564805688434,1.3149303478610346
11289,token,2025-02-28,-0.05143293425655926,0.4781606292350822,0.31377424159185224,-17.243336680525182,2.3917415557082733,1.5059946536189603,1.2162990234176116,0.8019733902208293,0.03387887372258232,1.2342839091860405
11289,token,2025-03-31,-0.23042781603395368,0.48342075110825206,0.313070382199206,-17.206747717644518,2.397855528905701,0.8112541704383035,2.2243074638754297,0.8752353535860329,0.26049797695992427,1.1476302297555232
11289,token,2025-04-30,-0.20935742179901495,0.468069031361985,0.313946912010723,-17.35603746456205,2.3993055537350076,0.4625504959590831,2.1610547354372116,0.8892885212254601,0.028595778877605452,1.1709797351793254
11289,token,2025-05-31,-0.2752727544971312,0.4674699115447133,0.31684302622341354,-17.386060400645942,2.5538907183706643,0.1501584801491906,2.0845494338348156,0.9101146777845823,0.14913915186492016,1.2028113983548439
11289,token,2025-06-30,-0.3786677011200159,0.46140936376578545,0.3096908636096048,-17.591374262955412,2.5768586463226466,-0.24711714312493216,1.9466031713645155,0.8656801088405216,0.0923308255049184,1.227361934254003
11289,token,2025-07-31,-0.3413587237671798,0.45957898270152614,0.3067947568882597,-17.636178784696416,2.6054347766253234,-0.548032983753299,1.6321437459421997,0.9082409610334592,0.08512219512878978,1.2695845018501344
11289,token,2025-08-31,-0.32467349696014425,0.45437643296766217,0.2947489329079444,-17.886457220643273,2.665438558155731,-0.6033524841673742,1.568105767924197,0.7541034684727956,0.019231058183248495,1.3551578362566379
11289,token,2025-09-30,-0.34049065740783047,0.4564296164265261,0.29492770806575214,-17.891445034574346,2.6785729695774214,-0.916797029283217,1.5786918412221957,0.787785462219162,-0.0056024705872918775,1.3982066204455421
11289,token,2025-10-31,-0.4821064409006788,0.4635638895457294,0.2919159070815918,-17.771978985296677,2.660448017434299,-1.033027473563813,1.5328500650398413,0.9384185752332279,-0.01007595833325467,1.6041167089649704
11289,token,2025-11-30,-0.4563214645113821,0.3885545380305065,0.2944949039500279,-17.82157184257412,2.678896526926197,-0.6173401952814823,1.8947243175515627,0.7984421367205176,-0.014849100609499809,1.5005704621762175
11289,token,2025-12-31,-0.4361585282138116,0.38393786730039803,0.2944021276928409,-18.023384797143756,2.6803685489313156,-0.07589862284304474,1.8780675401581877,0.8336833192578116,-0.1375011023498145,1.5000029309676126
11289,token,2026-01-31,-0.4562118329663306,0.15078461559849626,0.2930523940561082,-17.98860725908365,2.896954532885934,0.23970365607001387,-0.7590511623175468,0.9388665996325747,-0.013003550458594765,1.7397343342624951
11289,token,2026-02-28,-0.5045268130901968,0.09762724306379715,0.2944823949291422,-17.84129950254326,2.9089612179956514,0.06246861844620144,-1.4126504005628848,0.9398662782805457,0.10486411210957461,1.5771741561973167
11289,token,2026-03-31,-0.4914996775953573,0.09015210541165049,0.2915477130558382,-17.81264911088478,2.9186471472181976,0.011864262289543848,-1.3771722901971106,0.9988972651178609,0.15196208595231525,1.5830964658961464
11289,token,2026-04-30,-0.4359993060964866,0.09006885680878671,0.29165799060381964,-17.8008742501243,2.906665852850969,-0.10515426504444263,-1.3021043618150272,0.8583120127295906,0.09295964032476656,1.3337197484436492
11289,token,2026-05-31,-0.4156795142676257,0.09025513981678332,0.2915839587921814,-17.620820116338162,2.905451593006379,-0.1396023412965295,-1.2755460125666398,0.8193402393031337,0.1890721987835755,1.4244758404160927
11841,token,2024-03-31,0.2763983673979411,0.19358659975821038,0.17807385328420944,-21.729869513328442,,-0.7293587952805887,-0.588407623288229,-0.8093483747341594,-2.116180525047841,
11841,token,2024-04-30,-0.2072344476898832,0.22783998739354752,0.18355037730867552,-21.538017695332016,,-0.8304924925928648,-0.5141335265137772,-0.7329127294407486,-2.0936121933933705,
11841,token,2024-05-31,-0.12808942139222612,0.22405691762286947,0.17659722992926669,-21.597619611887225,,-0.9703674255774306,-0.511874232324005,-0.8026090870927349,-2.050344638352688,
11841,token,2024-06-30,-0.37087345607709,0.24078258738800273,0.1754950135240865,-21.214234681383214,,-0.9742883552120737,-0.47742486076944035,-0.8046016736086201,-1.9365504540536178,
11841,token,2024-07-31,-0.47305819005654415,0.24592699446007987,0.1723484409591544,-21.07618834592574,,-1.1274172279913,-0.4729389770129321,-0.7789134421707307,-1.8974952636460365,
11841,token,2024-08-31,-0.5738418228894989,0.24611439959538586,0.1672547046212006,-20.892381396544106,,-1.31970873543457,-0.4780090517510557,-0.7948040202462672,-1.895053673304304,
11841,token,2024-09-30,-0.48107914151005937,0.25263105067047537,0.16760591150842682,-20.836990783969988,0.7988132856633677,-1.159128348758656,-0.4268356833821095,-0.7146933951535277,-1.7597275286316307,-0.49107367598124274
11841,token,2024-10-31,-0.5040405549237386,0.254617763341471,0.16500986324473943,-20.780980684016328,0.8812130527967503,-1.0830218562178262,-0.4165426130587913,-0.6907084139846593,-1.7596648594576203,-0.43166174500744875
11841,token,2024-11-30,-0.009414840491546617,0.3576323810238366,0.1855164914245209,-20.721491462701767,1.5838268201774661,-0.5737830543895263,-0.05123459431978017,-0.4842556148227556,-2.152699630013167,0.3304104687389222
11841,token,2024-12-31,-0.1616394455045489,0.33012184868223093,0.18247232276797562,-20.687542005648012,1.6113432551202913,-0.5571958072076129,-0.13970232789817608,-0.5090803445415533,-2.0911523529539373,0.35363773171900686
11841,token,2025-01-31,-0.15437766565168975,0.32727737392068085,0.18035062320967848,-20.679620492577545,1.6822965583560816,-0.3462989456605166,-0.14441945688518804,-0.5694336217574331,-1.8721448203426567,0.3994744639454411
11841,token,2025-02-28,-0.39568439121258825,0.3346511885940199,0.176265147240891,-20.60361647486519,1.6361928081713182,-0.6720345093097482,0.05761809984900198,-0.5982216379587223,-1.6048950416701946,0.3382986384008536
11841,token,2025-03-31,-0.46999788300521017,0.33680955552020564,0.1729208158366008,-20.514766935572812,1.691292476833554,-0.6660759222950481,0.4143333883112703,-0.5607602908342365,-1.8212037454634,0.3174848318670779
11841,token,2025-04-30,-0.4296558562388363,0.32349831204213925,0.1697266188673812,-20.579427083110954,1.7107121632677924,-0.708898756996262,0.3592469621535002,-0.6257400083072358,-1.4860135550538422,0.3646084884034024
11841,token,2025-05-31,-0.3697113966235941,0.32167392038634435,0.16633032854073412,-20.586672188671702,1.7006672594683019,-0.3112598362226663,0.3647892457707151,-0.6649646889740867,-1.6072481783129215,0.24518154419367716
11841,token,2025-06-30,-0.3392797334121982,0.3139216598548856,0.16402960285619905,-20.771254181400955,1.708663237199399,-0.07167811560347044,0.2911797287743578,-0.6726297219092098,-1.6543301932677514,0.24508909714392993
11841,token,2025-07-31,-0.20670342884587145,0.31443008740715866,0.1612030868080557,-20.825918744977017,1.6264838547455303,-0.03678888302374906,0.15514117892348583,-0.7126326788262761,-1.6530783031464615,0.1426143535520393
11841,token,2025-08-31,-0.005162549167559316,0.314228254942722,0.17032072248780636,-21.052116766236583,1.4904776332493959,0.5851748785513566,0.1606281020050009,-0.6269093599084367,-1.644323429297531,0.014429146482833879
11841,token,2025-09-30,-0.05100353224454279,0.3150059341407788,0.16888778381287634,-21.05233232176111,1.5428358691553055,0.5376100499708257,0.17943423404081849,-0.6318524061515175,-1.427526693177778,0.08350465358734654
11841,token,2025-10-31,-0.2646452939345241,0.32539282268045505,0.16819916400871598,-20.920554706009263,1.5352268018717654,0.0772498599445839,0.2123686842664806,-0.5978867847872747,-1.374653131701415,0.16360234889179803
11841,token,2025-11-30,-0.4103054859231432,0.1912401595105427,0.16552815266629553,-20.73447892559863,1.54546238862725,-0.361422878447072,-0.2909638070823412,-0.6352151894909495,-1.1988703087139836,0.08684482710041777
11841,token,2025-12-31,-0.4427886317997214,0.1848857586496107,0.1629247118830354,-20.672495997638446,1.5907475349036964,-0.11909712362120055,-0.37666593490919326,-0.6422046614829481,-1.249249633642894,0.12062890417789418
11841,token,2026-01-31,-0.5576771875743541,0.1906707194228445,0.16053197219936782,-20.614519260295904,1.618638328302707,-0.43070092498715684,-0.3132265204437303,-0.5827806892898808,-1.6741294485083766,0.15616675011745748
11841,token,2026-02-28,-0.660762561785778,0.18502800958928567,0.1581865182136253,-20.536620659819228,1.6301705648646683,-0.7738748324775192,-0.21984410266530277,-0.6406312582433683,-1.4771231703977268,0.08222027523993566
11841,token,2026-03-31,-0.6545085789407712,0.18081348896922475,0.15593016805707807,-20.585200250259625,1.6584531964956433,-0.6963112686033915,-0.1710622268582233,-0.576809454655428,-1.4714614824263688,0.11837840743558782
11841,token,2026-04-30,-0.4984079590285423,0.21679310620420053,0.16315947947984694,-20.295550355751487,1.4868099785973512,-0.36201562568544354,0.08875583066229095,-0.6333580999611096,-1.2214367031086315,-0.1576563287448985
11841,token,2026-05-31,-0.5239594739591298,0.21645800355864986,0.16346503564875733,-20.14160101623714,1.487084996078909,-0.5415546811841921,0.10569904197961547,-0.6187845894370402,-1.0699191475774448,-0.12456156195468462
11857,token,2023-10-31,-0.20441954431491127,0.21392666020885534,0.15880404897824013,-18.638046550622896,,-0.09912952546594327,-0.4316608008728904,-1.2218616497993715,-0.8554996547869865,
11857,token,2023-11-30,-0.11542865360806853,0.2112450110000171,0.15201138495494818,-18.62316663850827,,-0.5079639289208742,-0.5840587004661264,-1.3153845930223977,-0.8392373618878499,
11857,token,2023-12-31,0.02613363531459889,0.20541515657521842,0.14610843966549072,-18.78876127654259,,-0.5921765786937065,-0.6656729718183221,-1.372698717740969,-0.8718227041185133,
11857,token,2024-01-31,-0.15087470885336607,0.177644227401697,0.14968317691552385,-18.746959624181176,,-0.7962349729744902,-0.507193253412924,-1.167624607539691,-0.7818100763971374,
11857,token,2024-02-29,0.05653126733090774,0.1765396352724395,0.14954103582101946,-18.776488794073373,,-0.9554591263870582,-0.6516315125872638,-1.0907401728865191,-0.7761023643842327,
11857,token,2024-03-31,-0.03414331307831231,0.17666037145864924,0.15518962052288532,-18.713325390173036,,-1.3059755374836837,-0.6980336627318741,-0.978757307036091,-0.6893253625639205,
11857,token,2024-04-30,-0.4310427032481211,0.21505127316974998,0.16247301367222927,-18.491789910630327,-0.3036550035723205,-1.5383029202904912,-0.5978228944846198,-0.8954356491512452,-0.6312687206088046,-1.5112532030748995
11857,token,2024-05-31,-0.11535619904001215,0.25830563857917943,0.18546961967347386,-18.55667986018506,-0.041859231260787194,-0.9208766419177108,-0.2843812169897503,-0.7334938632848121,-0.6399283178216115,-1.2858065156565472
11857,token,2024-06-30,-0.3105057315877653,0.2667761021445074,0.18206817258046998,-18.368214238818776,0.06833137995511182,-0.6918969036687512,-0.30362387645903827,-0.7530601894338136,-0.5886530662151679,-1.2079350257531514
11857,token,2024-07-31,-0.3401339927585134,0.26727060700789007,0.17762725992915626,-18.349409274157022,0.1225766778986046,-0.4193581614914609,-0.34409322465663555,-0.7383147628699791,-0.6002411550952244,-1.2313754486675612
11857,token,2024-08-31,-0.34706151120551476,0.2464843626402622,0.17473626763279082,-18.367720036415747,0.16463799004202048,0.008402236839058597,-0.4757667275215382,-0.735742884881793,-0.615281416843689,-1.1998914502271227
11857,token,2024-09-30,-0.33046143322144617,0.24164982726810097,0.17147688710676479,-18.453813536952794,0.19407766236174068,-0.3323385467685323,-0.49249154984085225,-0.6805367608522468,-0.6032101413692997,-1.0944599813020717
11857,token,2024-10-31,-0.3041520800375569,0.2388315821170368,0.16819988932397562,-18.46516446697159,0.2291958565376846,0.024281172263475648,-0.5096203702373767,-0.6626792465619906,-0.5963403079388306,-1.0720006910976962
11857,token,2024-11-30,-0.01016690369641926,0.2643127807882496,0.16474262022171873,-18.406799479958703,0.17933803131102174,-0.5775979977299399,-0.7248147649851563,-0.682663227270023,-0.59117640500336,-1.2818795321830874
11857,token,2024-12-31,-0.08435703969341368,0.2638285530122563,0.16162051388297796,-18.34684515807448,0.24956069695170752,-0.28143456642603115,-0.6748976387198159,-0.7139518887803717,-0.5470191605029815,-1.2375577538109928
11857,token,2025-01-31,-0.22743184131724847,0.26403374924248285,0.1657526389838347,-18.36696276414401,0.317254343921395,-0.5930152625600431,-0.6462288457964993,-0.7155895186234625,-0.5071787402651721,-1.2301941648852661
11857,token,2025-02-28,-0.3090027595070961,0.25602857687315467,0.16441193661974135,-18.33701102522368,0.37502118264458273,-0.1236123663384772,-0.5771730327424681,-0.7189177028847203,-0.49949486231126805,-1.1572914265524294
11857,token,2025-03-31,-0.49676626263993595,0.26932230177011846,0.16748093857006907,-18.152464408445564,0.3816030157196004,-0.831145512448962,-0.4188238561184116,-0.6164981733240728,-0.33463159589605107,-1.221277597923448
11857,token,2025-04-30,-0.3603849546629131,0.2509709137607429,0.16684900866162597,-18.243374113115618,0.3016884907794602,-0.340546861491415,-0.5446734901640159,-0.6559691907861571,-0.38834679688328133,-1.2854163176004565
11857,token,2025-05-31,-0.3059616565259282,0.19307260870618065,0.16412135304583117,-18.3230121718275,0.2895279671348106,0.00021539343616740523,-1.1521483202295224,-0.6880810889673449,-0.36502824139649964,-1.3386346303602545
11857,token,2025-06-30,-0.30363102439399303,0.185253906689792,0.16144851810133862,-18.482069277942088,0.3118295478564168,0.08710577720723042,-1.1530058490523682,-0.6998882258646428,-0.39691477564749145,-1.3352829902729533
11857,token,2025-07-31,-0.3331237439328365,0.18575002002403032,0.16195892605013062,-18.454531103941044,0.3507290566055135,-0.5167673371822142,-1.1542782931542805,-0.7042179123580028,-0.36082651128255866,-1.3260369770898486
11857,token,2025-08-31,-0.18798012853243729,0.1951655117834314,0.16432096128316806,-18.282540668670304,0.2865853872470051,-0.09487598343730201,-1.0350931282057376,-0.693499943851196,-0.18891084333596098,-1.3593126004950913
11857,token,2025-09-30,-0.07488894221607334,0.19591282484342729,0.16217246096798282,-18.28994670912383,0.2723149973917327,0.417607789649631,-0.9988828374274626,-0.7074897620564504,-0.18486833244885068,-1.3872197670740392
11857,token,2025-10-31,-0.33818094793967357,0.21925307420525136,0.16536296508710407,-18.066326310359948,0.26204313885023445,-0.29819637946728006,-0.801993908432719,-0.6331064931075147,-0.13764463587244796,-1.4663343464238727
11857,token,2025-11-30,-0.3613175635970317,0.17471755996369168,0.15375842454367294,-17.990757204305833,0.35910063608218473,-0.0889771319125147,-0.47398771992901695,-0.7660532293931256,-0.08361856378893762,-1.3928971052923464
11857,token,2025-12-31,-0.36741546427229155,0.17382349675362174,0.15379583133992253,-17.975257070415843,0.3416512250805397,0.3719974413272845,-0.5019720789933395,-0.7446800941510857,-0.11730341133018501,-1.4606282343571306
11857,token,2026-01-31,-0.45990557748341077,0.1710788785849193,0.1520573699183406,-17.953778792418678,0.3285908809939599,0.21529824936669442,-0.5322131997063179,-0.6800891297924435,0.00902859225595197,-1.4419334008801827
11857,token,2026-02-28,-0.38329438939074956,0.17536424887414567,0.15269892874983262,-17.928131143482275,0.3562157058294731,0.7114362487559602,-0.35173075653157787,-0.7042657704383474,0.05389929431265191,-1.4070803823901488
11857,token,2026-03-31,-0.37151279283646665,0.1517460342821894,0.15270314889331865,-18.07171407858828,0.40841481558226794,0.5331350340878437,-0.5577599391363135,-0.6143033923404037,0.00027068219845975835,-1.3345358755149133
11857,token,2026-04-30,-0.22623961312280283,0.14642022315931713,0.15444664387542564,-17.94123795660044,0.33056542428886726,0.7581740975067776,-0.6836207438604112,-0.7345007229706769,0.019004732059585513,-1.3721426008685946
11857,token,2026-05-31,-0.24535875675901464,0.1451734839454119,0.15282990290731702,-17.87267194691558,0.30709678151889414,0.4926552547265418,-0.6744844440534901,-0.7381631174261579,0.06328606827343905,-1.4132593377410996
11865,token,2023-11-30,-0.40235350510221435,0.3222490914915338,0.3131185512873882,-16.928968910364542,,-1.3627102598743372,0.09950608343821885,-0.19262908541931167,-0.07382779693023472,
11865,token,2023-12-31,-0.2741096829299239,0.3223500302200298,0.2998229135572423,-16.946295658475012,,-1.1884841094181067,0.08238364298728246,-0.27171055554826384,0.0066714633255828305,
11865,token,2024-01-31,-0.38242136561111617,0.2841085907153062,0.29186638186658886,-17.14381526033067,,-1.31565674444769,0.1920272406104771,-0.15746828591683434,-0.0343820216331056,
11865,token,2024-02-29,-0.2035080632995444,0.2836145139630537,0.28131727443136423,-17.159290375739474,,-1.5005513007043652,0.053924917486598445,-0.1323380839124972,-0.027455059674757133,
11865,token,2024-03-31,-0.0032965843293568664,0.27637042608722406,0.27461968791367025,-17.320436145068605,,-1.24869903852365,-0.05224192530602614,-0.09463239830788933,-0.030474993066706462,
11865,token,2024-04-30,-0.28830997490002686,0.29056211544233607,0.268593435406248,-17.253034078237853,,-1.0868999403310458,-0.10367981222078135,-0.07716439480428075,-0.036603241234502856,
11865,token,2024-05-31,-0.11620694874496196,0.2885655314822673,0.2606820152444919,-17.292130288698466,0.6639604291535766,-0.9241832887688843,-0.08338351290040119,-0.1475951704985824,-0.05341839017607553,-0.6468913532076687
11865,token,2024-06-30,-0.24968068711089397,0.2937441143963596,0.25480707529500374,-17.201264650488095,0.7508307953929328,-0.4073661756130948,-0.1233070890536725,-0.18269958032713995,-0.03597667699261709,-0.5888239992576549
11865,token,2024-07-31,-0.2857519994215051,0.20450015469472885,0.24841504233176945,-17.271776791429023,0.8209961910686381,-0.12967679256606768,-0.7230218683395002,-0.19389554855203597,-0.08756186244540798,-0.5372229928570174
11865,token,2024-08-31,-0.32602414864905693,0.19788661421804182,0.24225375868574917,-17.24648856763389,0.8893962211711033,0.13160496035354097,-0.7703148190033917,-0.2027446768374471,-0.04691967555072872,-0.5111918490232967
11865,token,2024-09-30,-0.22603523753625343,0.19082173945347086,0.23724277086774603,-17.417039738647127,0.8358490585106326,0.24089095349514714,-0.7963886680061227,-0.1002331179956846,-0.10008057939515326,-0.45412053930143687
11865,token,2024-10-31,-0.3143999387028965,0.19378300481445096,0.23437836505304763,-17.338084291982998,0.9074015452185344,-0.03248790830527785,-0.7752337240813556,-0.08120200157616914,-0.030164102139770263,-0.4059423134751634
11865,token,2024-11-30,0.03064596986778012,0.24409613756684054,0.23125547483686906,-17.268059527498657,0.7779257465862475,-0.3705691214358831,-0.87073834327932,-0.04741057972958255,0.1770333163201993,-0.5947277402546363
11865,token,2024-12-31,-0.1898156957472792,0.25432316492974205,0.22824578063657633,-17.184488691722343,0.8328722301220319,-0.6577350909676963,-0.751636003857478,-0.059350584864073894,0.21977522511553127,-0.5559785452430271
11865,token,2025-01-31,-0.269281005193706,0.2535096260116589,0.22714762815775402,-17.169625669884176,0.8960053015359836,-0.7343469726623031,-0.7297329756460913,-0.10089919104327351,0.19950798643442028,-0.5392468303950819
11865,token,2025-02-28,-0.4144014261886604,0.2484838360560577,0.2227618663328898,-17.098481186358367,0.9458393092714814,-0.790454481680842,-0.6380885182951195,-0.12476586249478595,0.10452340925850866,-0.4803733118415327
11865,token,2025-03-31,-0.24830925759688516,0.24112000681845255,0.22576578157539987,-17.08571606763056,0.8681436040357209,0.7009866730988256,-0.7669925108326026,-0.0193020287792671,0.3366619221197054,-0.6496379840318882
11865,token,2025-04-30,-0.25156736501248145,0.22714235761865045,0.2225445114110587,-17.13048770354352,0.9023521031455336,0.2380967608681504,-0.8416525595422484,-0.07089011631644307,0.1345773119007414,-0.5820144657936589
11865,token,2025-05-31,-0.26029569334956326,0.22265303191622268,0.21957499572423775,-17.143750735789627,0.9358689362724129,0.2233349911970202,-0.8032276552747545,-0.1077719872162743,0.28211048782184583,-0.6132028556527349
11865,token,2025-06-30,-0.4158435557590042,0.2246096342380548,0.2189805537904762,-17.21017878112809,0.9766882609644365,-0.4127031371402778,-0.7112714382777309,-0.09229980032250387,0.30171586698960773,-0.5830644833109364
11865,token,2025-07-31,-0.4443896194419339,0.22510597502251786,0.2180461184057489,-17.192474603136766,1.0220826906384899,-0.9392091171343296,-0.7538009320117685,-0.0797985924004587,0.3269120711304525,-0.5531734069184402
11865,token,2025-08-31,-0.46408943863553553,0.22492344785767765,0.21465193635156882,-17.22618100521807,1.0618383454304285,-1.121956502668698,-0.7362406493608159,-0.134882874621468,0.3662062920413663,-0.47468413257273406
11865,token,2025-09-30,-0.4829688468837773,0.22079254300050943,0.21263952073966466,-17.173732519928567,1.1085228587943161,-1.6326191484749806,-0.7527208486207668,-0.1390591668946846,0.317260294424317,-0.4192456472890426
11865,token,2025-10-31,-0.5364751884721992,0.22323881202408025,0.21002346435559857,-17.041865269440272,1.1507376667420814,-1.3106144766770351,-0.7639027747546414,-0.07851571821972468,0.3063517216703169,-0.3286227467482011
11865,token,2025-11-30,-0.5161043517673818,0.12474393644174207,0.20873293298527487,-17.072988549622412,1.1792852026487064,-0.9498220106976569,-1.0275548562733128,-0.15492977317159742,0.2894305999181312,-0.3698857912085639
11865,token,2025-12-31,-0.5630987968738475,0.12003066066534542,0.2048114883975219,-16.936753263514113,1.2615910725982562,-0.9029791086055334,-1.1113025154763572,-0.1720083952349585,0.3185239264764235,-0.29605714446562487
11865,token,2026-01-31,-0.5906267605080688,0.12011725798794964,0.19879717035710717,-16.608338379069473,1.4069914816744553,-0.6484062168473691,-1.101833796192958,-0.14340588032836635,0.8601408587239088,-0.10601962005085945
11865,token,2026-02-28,-0.5660755729195841,0.11301234772187846,0.19165398936744255,-16.46896906130757,1.5841755614449404,-0.2670072065526195,-1.2026814213477997,-0.2525398721576487,0.910337441167933,0.02845040391766913
11865,token,2026-03-31,-0.49746598918312956,0.07197165565578878,0.1803576862922511,-16.487159307005946,1.6467293229206281,-0.014055769323884214,-1.6190351710194262,-0.29299216072860906,0.9280817241811472,0.10475179914200948
11865,token,2026-04-30,-0.45561441642374656,0.0716593105075253,0.1805012283833267,-16.428857541756887,1.6311143658830158,-0.18588608172487323,-1.504158074771714,-0.4320470628538361,0.8158485718938067,-0.006083119848380715
12147,token,2023-08-31,-0.41651913894710524,0.3457145237024201,0.2636173020783137,-16.363582392884194,,-0.6842562800418884,0.36854083418749345,-0.5983870956418157,0.10643648766671236,
12147,token,2023-09-30,-0.5465111964899416,0.34899625474536744,0.2614333721637954,-16.295423331770035,,-1.6552895363741318,0.3782064883060174,-0.5771198883343813,0.15012113817857414,
12147,token,2023-10-31,-0.49402358285060877,0.34697948326740746,0.2540098693223161,-16.40315556100154,,-1.6204866610703468,0.43180338434570026,-0.5777943769296014,0.1346635065812331,
12147,token,2023-11-30,-0.331359871979784,0.3438481389015727,0.24825683527105313,-16.576874116515278,,-1.1512209200124965,0.2325133396580591,-0.6446502496402599,0.08524261055950079,
12147,token,2023-12-31,-0.1720817916259837,0.3309885090562935,0.2406373671950778,-17.136435930026728,,-0.9858484594919324,0.13764578193612836,-0.695630205193874,-0.08398809521185754,
12147,token,2024-01-31,0.33968864995633496,0.3051149981935442,0.2846568273587657,-17.229086037149738,,0.30423131067116715,0.32998993683516664,-0.20868936413538097,-0.07413749985654887,
12147,token,2024-02-29,0.9608279754110911,0.30836904158208017,0.27639470876188993,-17.263403011663307,0.6783685185711601,0.9401197371653833,0.21704176009831105,-0.16813966142364659,-0.07565177034856384,-0.7506296921087824
12147,token,2024-03-31,0.9632204850983805,0.29082618937145904,0.26963709889299076,-17.28468639427716,0.6554694260265245,0.5459390371201801,0.041383662624075696,-0.1315178423119032,-0.013565007867839093,-0.6595706796199057
12147,token,2024-04-30,0.3208276237898975,0.307721029200254,0.26250900500712737,-17.213056189617923,0.7214156619847963,0.8395434930445759,0.008608149050115647,-0.12408010069125845,-0.017411831855119214,-0.5801343509328575
12147,token,2024-05-31,0.06948604643131762,0.3002732588669907,0.2651937237234518,-17.219488268341316,0.8010702335632864,-0.20244203606887634,-0.005616339963934541,-0.11244931348942558,-0.0197263411932811,-0.5227781584769697
12147,token,2024-06-30,-0.20966090006867577,0.3104130134544267,0.25936082777005615,-17.095101141667445,0.8739422383615736,-0.22015942152540124,-0.011853478766598148,-0.14699267606457456,0.014303185401547196,-0.47714675806798695
12147,token,2024-07-31,-0.3751799259612677,0.31417929026623026,0.2552499878227391,-16.995395942479913,0.9452729655947877,-0.60604043042795,-0.06091789185271669,-0.1413289116578944,0.04392520797259641,-0.4137054985562275
12147,token,2024-08-31,-0.34335147153463363,0.29933073061051274,0.256169053509666,-17.061661164801524,0.9314614233919477,0.03012962736021577,-0.15546800314137957,-0.09289422046105505,0.0467709025656587,-0.47121950134961565
12147,token,2024-09-30,-0.33836410800829286,0.2839302311883986,0.2508764037763454,-17.277067831476852,0.9440560974681375,-0.37571891018296677,-0.23970035783099478,0.020067049656335677,-0.032154475882163906,-0.34615493758971083
12147,token,2024-10-31,-0.2670613441278975,0.2842206701202855,0.24654685871981086,-17.292522653396176,0.9089488195438375,0.22974916747806737,-0.24199931282896958,0.025716480528860126,-0.007276719114568932,-0.4044227523095045
12147,token,2024-11-30,-0.012075130355673092,0.29123499517857954,0.24371370400890702,-17.285901640849843,0.7869239430328276,-0.587277738127495,-0.5304904245684807,0.07157578931132728,0.1649967798873398,-0.5843982151831957
12147,token,2024-12-31,-0.035945532610094144,0.2952446274221556,0.23918657840647042,-17.336258659984793,0.8345246695922268,-0.10869127354734347,-0.42127115147584154,0.048144076471302935,0.11965416678445476,-0.5540477272799731
12147,token,2025-01-31,-0.19866622471652107,0.26178047808677624,0.24175285102120106,-17.39980253365319,0.8814182465600765,-0.4958689062235471,-0.6641075272833687,0.04532917949820481,0.06365406927213864,-0.5566617246964347
12147,token,2025-02-28,-0.42273844864234944,0.2128339944622789,0.23772083361788032,-17.341142973544397,0.8997896102881532,-0.8432016165708058,-0.9259217869528132,0.027554765591714686,-0.013820250032269289,-0.5349824315676369
12147,token,2025-03-31,-0.6498698617265184,0.22816121706347514,0.2411829648704716,-17.167919727712434,0.8603621511239787,-1.7752724524123267,-0.9269739734563743,0.1386649820045715,0.2849320228934529,-0.6587804622645439
12147,token,2025-04-30,-0.34668819069195667,0.337040052161697,0.2684477067584046,-17.146861801541146,0.8689541588077244,-0.2677135526098414,0.5280198141251765,0.41132115251533335,0.1268834353928564,-0.6211248354083878
12147,token,2025-05-31,-0.5998036896127272,0.353299731599762,0.2789283456909273,-17.04687383984874,0.8721434291004017,-1.435469122279692,0.7378366156465288,0.5133466181895815,0.3352732466588019,-0.6847262619805288
12147,token,2025-06-30,-0.7465781804751492,0.36500905706097925,0.2817746964455287,-16.994624822577656,0.8829303193023966,-1.885837302332546,0.8645921063036294,0.5708610597451567,0.4201164690558111,-0.6891418460684476
12147,token,2025-07-31,-0.6533394180634424,0.3737099066282304,0.2786466414386855,-17.031829415546582,0.8152327550425501,-1.7325262455569521,0.7583593087229613,0.594867686870112,0.4144532339185987,-0.7912994430494241
12147,token,2025-08-31,-0.5970524859957393,0.3728548501076131,0.2752729623819769,-17.04734789340257,0.8142508317586242,-1.616556832046633,0.7494022443901158,0.5379421570570138,0.46018311468641465,-0.7572021940444498
12147,token,2025-09-30,-0.5404913197158667,0.37256445577941943,0.2728430109451784,-17.029805071623933,0.8595166488969248,-1.9216167736923353,0.7489230067786965,0.5390367222487945,0.382006014991324,-0.7074892503115492
12147,token,2026-01-31,,0.4284429234712123,0.2778619797715011,-16.74868338710691,0.745017155386693,,2.3444586769934195,0.7644447830557385,0.7713599980532655,-0.926067962461824
12220,token,2026-04-30,-0.6396988254575557,0.15456186418180107,0.2860086501279568,-16.805786060489808,2.248551775171077,-0.9435401818493719,-0.5942622788970112,0.7927318572044552,0.617252262881675,0.6424555086638591
12220,token,2026-05-31,-0.31279175769422196,0.27513804050430535,0.3108569563052901,-16.677440519123085,1.9550924344461953,0.24233328758897696,0.7479309884555666,1.035678119514796,0.6602383954470484,0.38656230982085377
12387,token,2023-10-31,-0.07372668208921906,0.17429143307638492,0.12753724054661575,-14.663618521592193,,0.5874303703316133,-0.6888789366115938,-1.4333815754207142,0.9053612731646908,
12387,token,2023-11-30,0.6400057588255672,0.30114432621599213,0.26137952420763727,-14.644710722357836,,1.7424678093588957,-0.03045737602244567,-0.5531982576928028,0.958160994513097,
12387,token,2023-12-31,0.5257861753025608,0.28344025476536,0.2554579631138498,-14.789733442241749,,0.4001738059291544,-0.16653025243349567,-0.5894768921707921,1.0349280072269342,
12387,token,2024-01-31,0.8509548896680545,0.2903911430675189,0.2642496307261573,-14.85902998378374,,1.4511397551465348,0.23328883484461563,-0.3536745520281765,1.0308449493810998,
12387,token,2024-02-29,1.50925237052979,0.3349792876123245,0.26369892370997305,-14.840191838359246,,2.0897221656100964,0.39238662550540204,-0.2604754804092031,1.0461218432473234,
12387,token,2024-03-31,2.854899951583983,0.4797324291347877,0.3722764052845506,-14.826648069103383,,4.058427439915523,1.2648719982967236,0.6283072953432196,1.1491113962116797,
12387,token,2024-04-30,1.0762868814222974,0.4930229567914174,0.3623731874288177,-14.845857901396867,1.5809906550067692,3.228740169097388,1.2212242832840021,0.645950666990238,1.118963124394534,0.20065716688667853
12387,token,2024-05-31,0.47102413845592106,0.5014436769342961,0.36713688995141913,-14.876365954287133,1.6502328235452004,1.358233988729437,1.3306339994447918,0.6816799969519347,1.067035720071732,0.24589248723059773
12387,token,2024-06-30,-0.1836675860016479,0.5357803263276759,0.36369525006490144,-15.120896492716813,1.6070410823492265,-0.09856647178439346,1.4950247243420942,0.6711148624065921,0.9493018416238952,0.18786418195267487
12387,token,2024-07-31,-0.32628554391770326,0.5434933786824004,0.3560016619974387,-15.312702541237748,1.6829064717555497,-0.34559040544694053,1.3233907007857448,0.6335385221520181,0.8444597840197932,0.3194213687983203
12387,token,2024-08-31,-0.5255007117701994,0.5569265348224689,0.3479353039256575,-15.240883383720696,1.7308234605581148,-1.036604970329486,1.4058049975162563,0.6315291292204063,0.969738602791677,0.2883721701463746
12387,token,2024-09-30,-0.4351717288289354,0.5459848175229766,0.340352154994449,-15.588744170174087,1.705765336510727,-0.9071275643105575,1.3271032937151452,0.8095813298551955,0.7871617004815156,0.41385473567110964
12387,token,2024-10-31,-0.5375587371779853,0.5559294591518591,0.3372158711762118,-15.437354635501794,1.7699030242786604,-1.2686993183148736,1.3600375781211855,0.8223798516311437,0.9246463266455394,0.4411109410577098
12387,token,2024-11-30,-0.2730199957823246,0.528719750720859,0.33091070434509207,-15.256908395625938,1.5573962790590639,-1.910956213719374,1.183672749778164,0.9043790969072846,1.5337836851975128,0.3000693955299639
12387,token,2024-12-31,-0.43881265026778005,0.5397285679763815,0.3257196855663038,-14.99545443265284,1.6009974486702243,-1.5462129845934531,1.5524828644235498,0.8983423201533268,1.663858196537279,0.34154901724784104
12387,token,2025-01-31,-0.47032636049525134,0.5446941661084961,0.32657575706671066,-14.90756760385126,1.6460506350403135,-1.4133111679032107,1.5806838745884082,0.8945812211545124,1.5346093692888532,0.3562019237074285
12387,token,2025-02-28,-0.5674114489212914,0.5182120373649737,0.3205469608960307,-13.445690757789118,1.6711337069168533,-1.7585267584951187,1.539670101688595,0.8709370318019654,1.8859517542488742,0.37973412582116034
12387,token,2025-04-30,,0.30077476568616607,0.3205469608960307,-13.273530695042576,1.6711337069168533,,0.07603980476098138,0.958621776203754,1.9468878846070221,0.3182604844361863
12573,token,2025-12-31,-0.6868685171346185,0.24544508609545232,0.15709075248953722,-16.755461187931385,,-1.709401857167069,0.3093109369020855,-0.7076932512605962,0.39460650040783685,
12573,token,2026-01-31,-0.7613205461990091,0.24873646832372875,0.15052248057702824,-16.649858157965337,,-1.7762187231681057,0.33580006342303037,-0.6977132829024355,0.8338758582313632,
12573,token,2026-02-28,-0.7572112622926932,0.22699658878939669,0.1613739047596838,-16.6648159836988,,-1.2901730529074207,0.3529241644082689,-0.6036700771321469,0.7953873767925793,
12573,token,2026-03-31,-0.6973617742970109,0.22261071729125084,0.1627661425810058,-16.744677383502328,,-0.8824826010974222,0.38498551608025483,-0.4973839570647555,0.7772960781634383,
12573,token,2026-04-30,-0.5952640116028549,0.21257194272416735,0.16143007764671752,-16.825250559373387,,-0.7606554982306751,0.04242651107012733,-0.653433795817405,0.6069967968106967,
12573,token,2026-05-31,-0.43480005335449845,0.22842676548519805,0.17555964633562368,-16.68486470041089,,-0.21058080718974345,0.23669284616063696,-0.48302353637809947,0.65653042543048,
13663,token,2024-03-31,0.14948577233060512,0.22975356830775398,0.16404571969875406,-17.477815254441158,,-0.96501130736862,-0.35416515351886313,-0.9131967823992524,-0.10491686611991868,
13663,token,2024-04-30,-0.2598568477713924,0.24525200456771712,0.15797689248591668,-17.31716305630059,,-0.9969147874955502,-0.4001892560497367,-0.9301042516945065,-0.06738839556778962,
13663,token,2024-05-31,-0.24545090459191754,0.2413112870882461,0.15257919098554154,-17.37480107968561,,-1.4265215407225151,-0.3972641555746531,-0.9897077363722934,-0.0917618768479884,
13663,token,2024-06-30,-0.28650104145848276,0.23843215103531645,0.15165400550770775,-17.35764683217351,,-0.5796064480188204,-0.4931406327795953,-0.9915438922354884,-0.11004049292512595,
13663,token,2024-07-31,-0.2010159510848697,0.24081878349656824,0.1549972817011509,-17.243335152667164,,0.32169420311202457,-0.5037758975817448,-0.9123588499816561,-0.07403086790326255,
13663,token,2024-08-31,-0.3806968107636206,0.24446347491277196,0.1504652453447311,-17.004329328056507,,-0.18857875356137713,-0.4880152090367679,-0.9273437750391795,0.07583289687386666,
13663,token,2024-09-30,-0.4355218682348062,0.24654187261503646,0.14867442866680736,-16.926599939572725,0.9652510461111192,-0.9090495938868816,-0.46324239751607016,-0.8817406213049422,0.13792192576677073,-0.32500728023271275
13663,token,2024-10-31,-0.5164043428046524,0.24557997884273577,0.15039736815059077,-16.829341512076443,1.0468781416657387,-1.151512347086956,-0.46983078320241084,-0.8191011171423986,0.22539718200585435,-0.2689638759651026
13663,token,2024-11-30,-0.21387528383558307,0.2947927927063728,0.14894134384613025,-16.621630377615986,1.0590138004195153,-1.6109365830553264,-0.5048102688464895,-0.8335784557651834,0.6131233612984144,-0.2720512887467698
13663,token,2024-12-31,-0.36758059098620666,0.2830749820812125,0.14815997869116124,-16.49235684860067,1.078068639986365,-1.2920407594311305,-0.5195184486574339,-0.846203275038402,0.6763673522097927,-0.26947508101229317
13663,token,2025-01-31,-0.38554615574340456,0.28451559263087517,0.14723524111379235,-16.433722693955254,1.147319443144338,-1.1269940659469906,-0.4837147367965219,-0.9009868208434344,0.6338492155844154,-0.23921305251644942
13663,token,2025-02-28,-0.3313484849049986,0.2419821659770537,0.16309194823514334,-16.472962145810776,1.1280871787590292,-0.2649905380208264,-0.6905823546464211,-0.7323585678841775,0.40958261562505616,-0.2642503849951256
13663,token,2025-03-31,-0.37322515186190064,0.23913236537239074,0.1595187897702499,-16.458987582706705,1.1892964354019109,-0.06931828190436407,-0.7915307425444381,-0.6980796672488168,0.7310555699821318,-0.2723134916237233
13663,token,2025-04-30,-0.242826890587568,0.22690765662919182,0.15756425729085036,-16.47197777625043,1.0914169221713688,0.2845747227364501,-0.8445776751479082,-0.7535051401990589,0.4439985734898482,-0.3606117687159478
13663,token,2025-05-31,-0.3679107117915301,0.2350116226894995,0.16444188907949134,-16.35210602958526,1.1346755647984998,-0.30246185962305916,-0.6574498994970176,-0.6847267560725536,0.7165382860264424,-0.3900688563524458
13663,token,2025-06-30,0.02844835199639517,0.29576016348222073,0.20405121525312594,-16.29538791684591,1.0926813297877582,1.566229637723136,0.0873324516753231,-0.24996662346964424,0.8041969618581605,-0.4518303860087542
13663,token,2025-07-31,0.0855856683170686,0.29367255447393964,0.20035150405308008,-16.336414431212248,1.0801627482999598,1.0729415343315125,-0.0560828153422819,-0.27679292563343055,0.7934091009578921,-0.4863115349563379
13663,token,2025-08-31,0.2549031611210315,0.2883292599560167,0.2028851079233699,-16.433806859300624,0.9853468113694983,1.552575885992034,-0.09946987092086917,-0.2654814017065581,0.7825990049089361,-0.5619673707352922
13663,token,2025-09-30,0.10262718626049239,0.29043337877066133,0.20079924089360893,-16.430187800186687,1.0386730216503577,1.309463390455568,-0.06368866075165905,-0.272420954766303,0.6517436693507336,-0.5001021397323695
13663,token,2025-10-31,-0.06678239048764167,0.2872845157960755,0.19759948334669272,-16.438706044570136,1.0901101236494033,1.087465707253736,-0.15182702497478173,-0.2327957949715973,0.5677579520334054,-0.4062384593148154
13663,token,2025-11-30,-0.07653181339111315,0.23757203598201282,0.1981134122944028,-16.640748756805557,1.1006646640807234,1.4948554258503854,0.2222630188352198,-0.27298154611133674,0.4651248692837215,-0.46794871966758617
13663,token,2025-12-31,-0.27302162499290206,0.23009555122113434,0.1965264391373166,-16.63292209202867,1.1395619533697814,0.9870213676848838,0.13544133892381746,-0.2650114752519158,0.446032299321217,-0.45053635825538146
13663,token,2026-01-31,-0.39352867452713036,0.23237663322098248,0.1935817741282779,-16.652732796733034,1.185412551973463,0.6538654823910669,0.15293894322145776,-0.20329094121983837,0.8320573902467717,-0.38050977291444105
13663,token,2026-02-28,-0.45026974286252175,0.23440876903754604,0.19096770088630552,-16.575575646296553,1.2282669428799113,0.3529113995003673,0.45408226213005765,-0.26049812650782106,0.8477659508544915,-0.38762002112591476
13663,token,2026-03-31,-0.47984243020139183,0.23267034421456267,0.1883202535683444,-16.565497943464184,1.2579653747153026,0.06250798354546917,0.5188133575441585,-0.20047706053488565,0.8822117717987257,-0.34710688109389637
13663,token,2026-04-30,-0.6103101248043901,0.2411884442180461,0.19443056895698563,-16.4963202289938,1.214647506607795,-0.8225822492136264,0.35650651521844234,-0.27034883894857387,0.7803037934665108,-0.44352801980445183
14519,token,2023-04-30,-0.22753104609555885,0.2725116280754365,0.1232338280882904,-15.022077738462869,,-0.8025850859922914,-0.49832128246794155,-1.6636927438178122,0.6345581911141439,
14519,token,2023-05-31,-0.307781649245064,0.2316787414289125,0.11879325398531501,-15.076846489496207,,-0.5356531350709379,-0.6225208910567056,-1.693314912090027,0.5834161658213797,
14519,token,2023-06-30,-0.32100329364073965,0.2180792457934605,0.11603181955838651,-15.082140797727465,,-0.5160291251842303,-0.6081087273051532,-1.7198711547792223,0.6442821754732068,
14519,token,2023-07-31,-0.2933736596095684,0.1948816633677295,0.11294390546965397,-15.110665453270027,,-0.37367562385706077,-0.5644210571081507,-1.7350383559763254,0.6712525386649073,
14519,token,2023-08-31,-0.3401805166511048,0.19565025614069242,0.10963993215668756,-14.989110955319536,,-0.1881748566440221,-0.5481629195254003,-1.6271824911619102,0.6639983355970119,
14519,token,2023-09-30,-0.33900523560209417,0.19553609755289003,0.10628926031622712,-14.910882376401188,0.1702435837040157,-0.5176823019497541,-0.5649869021938199,-1.639758089444665,0.7168659074237305,-1.4466849251490455
14519,token,2023-10-31,-0.2276830491474423,0.19751148668334462,0.10333972378248638,-14.79806616133669,0.04589413067310753,-0.22133810810549812,-0.5381892766136075,-1.5970777504672546,0.8457945647095007,-1.6051197929797636
14519,token,2023-11-30,0.14119259766963665,0.20857572415687106,0.1326286452125762,-14.889417963119511,0.2402203359438787,0.256508272884136,-0.600496208673343,-1.4504628660352812,0.8476064473183066,-1.3998509321768844
14519,token,2023-12-31,0.2802768166089964,0.20152204210342545,0.1293438260357106,-14.961663296439932,0.1439200919967292,-0.08742765114327507,-0.6905780317208636,-1.492776161867152,0.9529512405282802,-1.4399145620189666
14519,token,2024-01-31,0.07281041153710865,0.17917047387618584,0.12770012276568377,-15.126134336472413,0.21218428064352315,-0.29444875367712403,-0.49716940335945586,-1.3238056496373232,0.9063138770392475,-1.2718598034458914
14519,token,2024-02-29,0.36981526664342956,0.19873215264421895,0.12725345151434173,-15.075648300617788,0.12708551925633854,-0.29875594248766785,-0.5053967138869276,-1.2528366751312547,0.9371223266463302,-1.2555321298081137
14519,token,2024-03-31,0.6525974025974026,0.2092279493808593,0.12796402906872928,-15.003918994229037,0.047873140658657734,-0.030828853135676817,-0.48710335275982003,-1.18030474048696,1.0652604978501279,-1.2039087350141564
14519,token,2024-04-30,0.3236655353286024,0.2176126408530533,0.12740669715297223,-14.99763458712976,0.10803751579715803,0.8485186015586408,-0.5810612999407593,-1.165824310774344,1.0461026354918288,-1.1372939445076522
14519,token,2024-05-31,0.07922272047832579,0.21504109671469343,0.13459165979706114,-15.084437931218662,0.16523595962462512,-0.1645980704569898,-0.5717607398152199,-1.1298292007900974,0.970529989583278,-1.0983418345944524
14519,token,2024-06-30,-0.15546464056107545,0.22248393744301898,0.13213468320979663,-14.89733360627208,0.2308987312327893,0.03336281274858187,-0.5997755086822552,-1.1445988894888577,1.055182961151257,-1.0604664163337396
14519,token,2024-07-31,-0.24755887421022404,0.22444872433181923,0.12980597483111408,-14.819918759279343,0.25624108093421455,0.07376990211795409,-0.6025976216209387,-1.1061017675917062,1.0788996740685644,-1.098527680425109
14519,token,2024-08-31,-0.3205275229357798,0.21917932448781918,0.12888354092595117,-14.690794257191714,0.2815169583898558,0.16379527205245675,-0.6412609558912612,-1.0977145871407414,1.2485834466311108,-1.0888275182385638
14519,token,2024-09-30,-0.2903415783274441,0.21792077093655454,0.12663454887632555,-14.736328600517,0.2538800645351493,-0.11210755759345555,-0.6343657014366691,-1.076215656066438,1.2008251947580841,-1.0347910133988436
14519,token,2024-10-31,-0.35683364254792826,0.22022059660836402,0.1267566278022413,-14.594529717386495,0.2941069696531391,-0.26755383096058416,-0.6193536087833256,-1.0268205065018692,1.3480300617877656,-1.0082521979592118
14519,token,2024-11-30,0.4556592765460912,0.44696930993146705,0.19892901795008336,-14.234657271357323,2.3431164499796875,1.785368934560645,0.5935986847385094,-0.35615491857585035,2.2234084319191676,1.2020408353450789
14519,token,2024-12-31,0.06301531213191991,0.45923877439066313,0.19727711919134747,-14.131959273195118,2.367098382407378,0.24442357903038578,0.9026771840644,-0.36362142910042083,2.2334969084540357,1.236711273447018
14519,token,2025-01-31,0.01742377100186676,0.4560464822513625,0.19598792094512388,-14.100794668518471,2.4152341461024363,0.23390358626943714,0.8773048337585998,-0.41287205546672495,2.0107791360098917,1.2744989730854395
14519,token,2025-02-28,-0.3865857768790023,0.47219233218867507,0.1933821726794175,-13.967327149653517,2.3305300357129037,-0.6144688927804257,1.168111587782913,-0.4239264465797662,1.6315550478356564,1.1616947870453256
14519,token,2025-03-31,-0.13424465474938663,0.47598235510470177,0.20817605613090517,-13.815967731070478,2.1769011422419697,1.4043761759389521,2.132477478612669,-0.19952926586890193,2.3942801811728387,0.8880295236412852
14519,token,2025-04-30,-0.20977011494252873,0.47465446706202763,0.21081428672316674,-13.771628938923133,2.188134132454847,0.4603559770742879,2.243130063626908,-0.1941156671224014,1.7128410151082056,0.9236892955403548
14519,token,2025-05-31,-0.08174288800864227,0.4730236843076807,0.20888679265676344,-13.768393005224606,2.407363037083924,1.0957271917705356,2.1500598584728383,-0.2196214748574941,2.134392471835622,1.0383535642468718
14519,token,2025-06-30,-0.30062248260710367,0.4756248563890456,0.20677439297563335,-13.789530820705002,2.4408117621096395,0.10050620571537074,2.106159928385622,-0.2212074939677814,2.1806272110179483,1.0734390298806105
14519,token,2025-07-31,0.11031774366297742,0.5026339620905113,0.2204509325266215,-13.70927009228159,2.239279125126251,1.166841500365405,2.0702615487094973,-0.05302577074701101,2.225031633149688,0.8480654250023117
14519,token,2025-08-31,0.8943419818693341,0.5541701372821839,0.2778795581043709,-13.731602385533169,1.9235229585012608,3.93118150340366,2.5703122325493615,0.5668724303356785,2.2026077941307673,0.5085700827730235
14519,token,2025-09-30,0.2987431517885919,0.5727633512880835,0.2842739560204006,-13.709265875042185,1.8750969324039726,2.2947660993685184,2.7297074338437772,0.6677880095590973,1.8757496023759261,0.4681220735880358
14519,token,2025-10-31,-0.028646690813302622,0.5800149789549927,0.28516401463164576,-13.735900570558986,1.900959431511458,1.282172686116917,2.6457566874200755,0.8545740744527324,1.7391405011738832,0.6318152635229133
14519,token,2025-11-30,-0.2681258549931602,0.4331220886653479,0.2842854788540072,-13.907174809703587,1.9808679198273045,0.429307445506265,2.3884073775356445,0.6849491864862691,1.5762518070952778,0.6299235471706626
14519,token,2025-12-31,-0.3775649794801642,0.4271690017186801,0.28443596471394633,-13.94708111868008,1.9828916067924156,0.3058681818181317,2.3677618548717567,0.7218090474366199,1.5731951593965037,0.6170522849306709
14519,token,2026-01-31,-0.44601270289343686,0.42834344931933865,0.2829165798800792,-13.95490015940276,2.136193787399439,0.3070916186911511,2.3433468103561044,0.8224835248892013,2.538679569666495,0.7973101894984039
14519,token,2026-02-28,-0.4573082489146165,0.4047516631980112,0.28522419493394213,-14.082091971665555,2.1402267194248714,0.31523366895467614,2.778845362433638,0.8325074744951518,2.311287079591704,0.6784949085421479
14519,token,2026-03-31,-0.49300037835792654,0.39409836730585995,0.28089437571118697,-14.288365533372893,2.1399825025872814,0.005344621027794971,2.666364558675699,0.8751187728723911,2.2155507210289644,0.6780578678123064
14519,token,2026-04-30,-0.5112490302560124,0.3930490803401275,0.2824475131271709,-14.302425238600518,2.160286058127351,-0.4148668710274465,2.02325076183404,0.7513925328433789,1.9362244144822789,0.549743719233749
14519,token,2026-05-31,-0.5012573344509639,0.39047978126217003,0.28221930923010974,-14.123582461901814,2.159733392932883,-0.4572807479304155,2.0103049495601084,0.7142227850095967,1.9357499617258964,0.6100563623736822
14803,token,2024-02-29,1.0412273493951343,0.424292890006637,0.27130621277672207,-14.802523595147985,0.9349055581758998,1.1086522028983967,0.9809073619560821,-0.20514804194315217,1.0635595481285243,-0.5156756361745554
14803,token,2024-03-31,1.3240747160630013,0.4211488425080714,0.26770012222603445,-14.81757581809908,0.8073288757921117,1.2159766009986108,0.8854439021710726,-0.1458570230248962,1.1534026605367973,-0.5235216622553694
14803,token,2024-04-30,0.27659153869076714,0.44280036457182087,0.2624986201594967,-14.770631682718474,0.863106121738029,0.6996435495166368,0.8925675530480441,-0.12416017596949512,1.155075515732789,-0.4514303867303456
14803,token,2024-05-31,-0.029489498306016326,0.4335157905315743,0.26451339140781227,-14.915120585202633,0.90822595444853,-0.5871347035417427,0.8794311728413989,-0.11774904914293294,1.0490609595034623,-0.42577970595932596
14803,token,2024-06-30,-0.20673830705380947,0.42779754584090485,0.26065947728240757,-14.942521558680534,0.9406870632255434,-0.20648795567638756,0.7730171885016995,-0.13680969970338666,1.033781595896747,-0.41660098161734155
14803,token,2024-07-31,-0.2828102110054831,0.4232612395405078,0.2562509241215974,-14.986128966910515,0.9489749244630349,-0.1140065082835277,0.5975810286675419,-0.1336308466117627,0.9998258404144272,-0.4100261571414383
14803,token,2024-08-31,-0.4655905635312977,0.42489742078009296,0.25209642781479796,-15.042453253498643,0.9976066899593641,-0.6857485638108233,0.6055843119126283,-0.12504444055287403,1.0703245187939483,-0.4083651359213919
14803,token,2024-09-30,-0.3707331496262206,0.4184771756420934,0.24936206131331182,-15.020236230464175,0.93412575374048,-0.5534031533837366,0.5647451846914893,0.006704825999088241,1.0630494121043577,-0.35606312421130254
14803,token,2024-10-31,-0.4076281984910113,0.37316199387430465,0.24621765376511562,-15.150568321049795,0.9606571228507803,-0.548935564740709,0.28241243804495025,0.022823920856202433,1.068710245960927,-0.3536405940571527
14803,token,2024-11-30,0.16738317294306793,0.4313136508011054,0.24804039556579832,-15.243882261867286,1.0204488088217551,0.32304901980426337,0.4805962552136716,0.11289926403676791,1.542571295189627,-0.316322165689044
14803,token,2024-12-31,0.058855489833566255,0.36842682205126887,0.24464967550296005,-15.405864405123681,1.0519000843461928,0.22958038482097864,0.16953923146424335,0.10181966618427474,1.3931150365838412,-0.30005212677316856
14803,token,2025-01-31,-0.04537346872699277,0.3715676966867877,0.2444102726649474,-15.402651053158326,1.0922261030185525,0.021826678191134822,0.2070041042252577,0.07193544497185397,1.2424035202332582,-0.30498676054618645
14803,token,2025-02-28,-0.3083191135874659,0.377650475562414,0.23605403395178884,-15.274081857474402,1.0943619410978291,-0.11928703751274615,0.40479005811719476,0.010582472839382132,0.9942642089594904,-0.30424425209724415
14803,token,2025-03-31,-0.4223143414996109,0.3599556197035298,0.23603634602847048,-15.105366385060849,1.1413677198250325,-0.3720311291165519,0.7000808440572525,0.08593187385150303,1.5828751614090586,-0.32862524263612575
14803,token,2025-04-30,-0.3431235382887382,0.3467088367592629,0.23310465122875518,-15.185147896773064,1.080765919246772,-0.24875831397905376,0.6485234079930152,0.04004373876706396,1.0486554028791897,-0.373084532217052
14803,token,2025-05-31,-0.3771733347569439,0.34385772970583783,0.23549505099778265,-15.26714074077558,1.1333537883551823,-0.3477181635856393,0.6264619555904894,0.058827581890403845,1.3119304838798136,-0.39155237461421066
14803,token,2025-06-30,-0.4567333407086288,0.34446239392826117,0.23490234102419252,-15.233401395838008,1.2579795909872653,-0.5948314500387372,0.6339733705380186,0.07584814579609865,1.3875304544050342,-0.2648125899094059
14803,token,2025-07-31,-0.3968406929033359,0.3452124695856806,0.23544926205106678,-15.23856289546894,1.3551963967045113,-0.7586806930342076,0.46837578814611824,0.11395079429074939,1.3916666737455483,-0.16969227999484832
14803,token,2025-08-31,-0.33275027021401005,0.33822097785096045,0.23696544587274468,-15.383231877151085,1.30293676401639,-0.6333967317307658,0.40158179911210173,0.11277191998581142,1.3346762895375817,-0.19957067134587603
14803,token,2025-09-30,-0.2882089722431389,0.33489269691827694,0.23646992009487017,-15.442277949465085,1.2928500173105852,-0.6541295514948072,0.37619550944306485,0.12935211265489086,1.0961546270495857,-0.20587295940497735
14803,token,2025-10-31,0.005129235343578786,0.3415682973106108,0.24409177190066272,-15.458683716335537,1.182996186320014,1.4546202509045494,0.36695541185626823,0.3445420037046094,0.992494790884907,-0.2873252133885211
14803,token,2025-11-30,-0.2674281482833324,0.18140360968691036,0.24331406699919836,-15.376535646767033,1.238751900551802,0.4331877330627734,-0.3999251017337986,0.22949098360694112,0.9789947220409659,-0.29571333387894283
14803,token,2025-12-31,-0.38701305460528246,0.1854566227983277,0.23529782591903478,-15.26358759659365,1.4381343026120272,0.24430916160736513,-0.3701995552533707,0.17021326198026687,1.0206988568687267,-0.07256737788483261
14803,token,2026-01-31,-0.4892149788852298,0.18639695309388377,0.23392762920112103,-15.146025553519722,1.6066163022005617,0.021644395361741727,-0.3609962988972022,0.2599747210130913,1.7851854544489958,0.14127396321321123
14803,token,2026-02-28,-0.5740711496519169,0.17843768074971886,0.2338211221998236,-15.095260871708412,1.6385857663855503,-0.30980821907552175,-0.3097859425089942,0.23643346415948402,1.7166194235415413,0.09205795910310705
14803,token,2026-03-31,-0.5468210221583294,0.17466446573867414,0.22422965443461998,-15.311127671769729,1.6216816912892602,-0.22847367160388024,-0.2528655096568133,0.21674538843763116,1.616688490234121,0.07563904364028934
14803,token,2026-04-30,-0.5229367920622193,0.16812673257200234,0.22474959937142105,-15.328234939728215,1.6048313985338507,-0.4629713286522354,-0.44538125928051137,0.08160848039608813,1.3957452247472373,-0.03368999844278584
14803,token,2026-05-31,-0.42508467008071316,0.1767351016070216,0.22536471242207803,-15.297449079021542,1.5746278213114413,-0.1745157675376289,-0.3290538649364795,0.07603441055603798,1.3494681818238625,-0.02895362047597307
17751,token,2023-04-30,-0.024693760749277538,0.6655748017300646,0.45327847243782954,-17.53963290632496,,0.20352931995608792,1.8347376598657439,0.32017002423201535,-0.3288274240210798,
17751,token,2023-05-31,-0.1915304625315124,0.6526209140209323,0.4347726679127299,-17.5152679379306,,-0.13802565373017733,1.6511255027294427,0.24462775342374535,-0.366908945471194,
17751,token,2023-06-30,-0.25107839334244275,0.6461663363030731,0.4230025551454482,-17.57424537530392,,-0.1698024556160473,1.6836711009609646,0.24364146040780912,-0.3896321793487403,
17751,token,2023-07-31,-0.17335715529819407,0.6456810140509497,0.4082150495018793,-17.568610837845053,,0.19760855115684603,2.179451338609171,0.14764052032074837,-0.36735109010788736,
17751,token,2023-08-31,-0.3934703316467181,0.6509986269182229,0.39438923539342546,-17.567134254618452,,-0.5344751497397994,2.233442372134792,0.275361838544597,-0.38179090052660364,
17751,token,2023-09-30,-0.3547717277856869,0.649634567617437,0.38181662661778826,-17.65753557158585,,-0.6041187372830241,2.2259829719199558,0.24742861327088644,-0.4074427128920224,
17751,token,2023-10-31,-0.22034287604812164,0.6489240179013377,0.3755976842041049,-17.675730458463295,3.4825707260328547,-0.18277847759175958,2.3913130406283005,0.24474706079018707,-0.42914778864531994,1.3416052384925714
17751,token,2023-11-30,-0.07923282061567283,0.6378924694170696,0.367271027109414,-17.873730548157354,3.529906535642683,-0.4001368958669395,2.0432427142641076,0.18475940612713762,-0.500654950667448,1.3823178313482927
17751,token,2023-12-31,-0.019801187187597824,0.6339787992446094,0.36508163690570883,-17.916406627694993,3.6046565970832862,-0.6834068539940903,2.075937445770294,0.1957085499360236,-0.45588090122119135,1.5023021683358098
17751,token,2024-01-31,0.0637621607939074,0.1700031580492242,0.3561443784864411,-17.94176994122136,3.677899212725434,-0.314746427137745,-0.557377109505361,0.2992018577133046,-0.40640947491590784,1.7628750152048636
17751,token,2024-02-29,0.3558321119927226,0.18138720779697123,0.363522770817861,-18.036586330678286,3.6032785982430897,-0.3280673091716599,-0.6196890438517605,0.46553843990399013,-0.43358039633821577,1.928201744944746
17751,token,2024-03-31,0.9460296119726113,0.24887873962817167,0.3597991079247318,-18.044375945579603,3.2728177994691334,0.5140188606008617,-0.2302972280464802,0.5359395220476685,-0.3729056685398664,1.685279606991808
17751,token,2024-04-30,0.22204196048191638,0.2601761335405402,0.3519024054451434,-18.166597948025803,3.287377214935138,0.5271264089561772,-0.3025257302727081,0.5652127678396905,-0.47516012416538467,1.7506465953009485
17751,token,2024-05-31,0.22794436225701253,0.24899300280555015,0.34665460043199653,-18.42788807952446,3.3420726901686106,0.4134449727878781,-0.3462392815742688,0.5221245597983942,-0.5801934844391714,1.7773632068002385
17751,token,2024-06-30,-0.1966800237802948,0.27001381777746414,0.34074426769401206,-18.079362107111294,3.3638411266519936,-0.15943676668972945,-0.28197547033942194,0.49115151684953223,-0.4518504530022909,1.7814981897970525
17751,token,2024-07-31,-0.23955918198975157,0.2704129774213413,0.3341326637822443,-18.1033436394547,3.431588986762555,0.11638256949569181,-0.32512356433337275,0.46534702890081664,-0.483176425174257,2.0574201493815787
17751,token,2024-08-31,-0.24689639830278565,0.25231367341168004,0.3309692945524632,-18.373648115564247,3.492946395827173,0.5950068873808468,-0.4404356181981551,0.49759564839122017,-0.6182864104432929,1.962824850595854
17751,token,2024-09-30,-0.16599472740201793,0.2528611491618732,0.3250036663781198,-18.425848187591864,3.5172006099536515,0.5704729266197738,-0.4254599426954837,0.6741496539308055,-0.589639009462405,2.2212482393036757
17751,token,2024-10-31,-0.2632527423933425,0.25061135053175226,0.32151501490649537,-18.33828087625677,3.5854089617317224,0.25084731351851935,-0.44016504038041493,0.6844242618860864,-0.5326017456224417,2.2240994347344465
17751,token,2024-11-30,0.13733661569892686,0.2998846940849806,0.3181010626520112,-18.22705135846863,3.2944731062419548,0.17063375374918854,-0.46805696309983724,0.7820364483071373,-0.4699158362316952,2.2941555153349587
17751,token,2024-12-31,-0.0909243735815134,0.3105048772464622,0.3132314801100956,-18.148010130993175,3.3435844181808525,-0.3048683107899827,-0.29807295978245896,0.7756441911470815,-0.4158497758573765,2.377701193229414
17751,token,2025-01-31,-0.08478326929392299,0.3127156922834011,0.3098664145996512,-18.101695216023167,3.4042139304756316,-0.11126688911061505,-0.2599597757885638,0.7272862784739214,-0.3506137627163648,2.4552018935502264
17751,token,2025-02-28,-0.23115033036037647,0.3100722762085232,0.3071572566115433,-18.070683586763376,3.4540139960887397,0.36894868942505665,-0.14082958955680938,0.7345955232172089,-0.3696097081531912,2.494004692583118
17751,token,2025-03-31,-0.3489289952222968,0.2513786091996627,0.30296722815867116,-17.9135722885791,3.5001516616375965,0.0805061256070987,-0.6403459454933249,0.7717167657398264,-0.18429929591902125,2.4427249265614033
17751,token,2025-04-30,-0.2285016463215248,0.2428678146922653,0.2986078104433213,-17.902881188377467,3.4972942552354507,0.3607500107566802,-0.6456636972955834,0.7281518601807093,-0.22835566240224922,2.456769768066583
17751,token,2025-05-31,-0.32204986808285707,0.2441043451769136,0.3029236562186535,-17.855317542437383,3.64552914285632,-0.07839009392452213,-0.5501952211568968,0.7644518012942623,-0.10837327170405822,2.4280303422664082
17751,token,2025-06-30,-0.2151305451835117,0.23064631949119177,0.2973245828984133,-18.113800998410323,3.649002585335665,0.48129818954610054,-0.6435148048866628,0.7350814095745475,-0.19463045523106082,2.440381327927375
17751,token,2025-07-31,-0.18675365553997414,0.23038750565581612,0.29571278723642874,-18.139456821979703,3.691322112402033,0.03895417572111647,-0.70005726219362,0.7848652728743556,-0.18913155159351197,2.5196600515880294
17751,token,2025-08-31,-0.20617958967042305,0.2307782525785107,0.2950664401162522,-18.06515317073534,3.695642474371719,-0.16257493929052688,-0.6774421191264496,0.7576274404586986,-0.07467368595896601,2.5307066715493614
17751,token,2025-09-30,-0.19726812685584316,0.2289259418062974,0.29523606994356416,-18.01719965330617,3.695700949926742,-0.19723527942648958,-0.6722483282670403,0.7912586648690267,-0.0621731490807223,2.575609521006557
17751,token,2025-10-31,-0.2643808607406507,0.23026239155660333,0.2928670380538388,-17.89165599604122,3.6909580754789633,0.07859995942433386,-0.6967794166631762,0.9502296492596739,-0.06194338396466958,2.9233813266970903
17751,token,2025-11-30,-0.2807356040828177,0.1246656932693119,0.29662775488297405,-17.870430238097857,3.745915897251372,0.35917847613550186,-1.028421570468685,0.8221519482440159,-0.03470877166841888,2.8314573535972287
17751,token,2025-12-31,-0.40836944919594653,0.12677336738384493,0.2968752691772066,-17.68781668478501,3.719716634803885,0.10516137660080357,-1.0349254971477828,0.8614453479603443,0.0033262649550995626,2.8157354067455556
17751,token,2026-01-31,-0.4373026247258138,0.12685139614902488,0.13858102032002154,-17.66978174776361,1.2000133892020848,0.3646410780854297,-1.0265633524511588,-0.834829437312906,0.18868230709039643,-0.3624223760295977
17751,token,2026-02-28,-0.4693191232735865,0.122306540501869,0.13616322921631427,-17.571280439639185,1.2143315836130395,0.2509384215874116,-1.0758384642140781,-0.896015022192858,0.26334864831991056,-0.40391097490129524
17751,token,2026-03-31,-0.48640624324279236,0.11444066278332864,0.13660957034807134,-17.55970038436637,1.306157917818555,0.03399216786356338,-1.0540504458082984,-0.8012907018303171,0.30007222119546734,-0.29109289362315866
17751,token,2026-04-30,-0.45287788164120835,0.091355254904746,0.13298291706858353,-17.583295559136342,1.312415668011806,-0.1746230594569603,-1.2879855178535562,-0.9836615848723018,0.2075976228662698,-0.3408351340879359
17751,token,2026-05-31,-0.484577368255404,0.09244044960801727,0.13300618313328896,-17.505243854442654,1.3218565655575372,-0.39536207469989276,-1.251628581120969,-0.9606828116722812,0.24679618168785405,-0.3050121022924689
17799,token,2024-03-31,1.500053888044207,0.4375449054553358,0.3523557448606498,-16.72811525362101,,1.5427363991931093,0.9916362216628226,0.48083729500019273,0.24969863851439514,
17799,token,2024-04-30,0.19309290706192672,0.470149938655091,0.3406341513042264,-16.79475705265136,,0.4355728519547358,1.0715432130906646,0.47832573611172746,0.18339291941346456,
17799,token,2024-05-31,0.07311194546036637,0.4642410619452176,0.3357097948564503,-16.9799023922678,,-0.18834909247181125,1.083520097790443,0.43686537837188283,0.09139583069245732,
17799,token,2024-06-30,-0.35310721409409607,0.4838029691161015,0.3271634353558467,-17.05285312592219,,-0.8911804543513286,1.1474874278337646,0.3846614336134552,0.03431217381663909,
17799,token,2024-07-31,-0.3957455238601705,0.48542016896367846,0.3167147902700763,-17.04681833637897,,-0.7155890178657911,0.9728180701594731,0.3313885308276554,0.019461212173406538,
17799,token,2024-08-31,-0.4925989316588312,0.4853538047005059,0.30869564124544147,-17.004609376550892,1.618767597542966,-0.8439197462517716,0.9720068948467339,0.3217624366693602,0.07569093791682069,0.18189138130337268
17799,token,2024-09-30,-0.3830653512789539,0.48385844411182993,0.30072709090806876,-16.98023559719259,1.5697033260545217,-0.6210986367264245,0.9556546193018494,0.45993851016280957,0.11189340829403122,0.2780963139405192
17799,token,2024-10-31,-0.2673341745395186,0.4826226733515464,0.293040135382675,-16.971170240844646,1.5645435031928658,0.22823779499287614,0.9278094723331356,0.4342297036947046,0.15415109560556944,0.23942960495775373
17799,token,2024-11-30,0.006820269695191561,0.36245621841733855,0.2966042079719171,-17.074840587389055,1.414679766584048,-0.4914282402110178,-0.016416172395829577,0.5767237470505695,0.3073814856413588,0.1362372540034786
17799,token,2024-12-31,-0.27227354258848646,0.34822082315523956,0.29307043213606976,-17.633038958162544,1.4286497420643174,-0.9519634851079916,0.0064132961742283555,0.5775594564033579,-0.07612868726467936,0.14016672530427057
17799,token,2025-01-31,-0.25175222697878574,0.3438391845666886,0.2899849434023138,-17.818733364673818,1.4976552079919778,-0.6751493215830283,-0.013009024263304943,0.5282317919840223,-0.1836053358751819,0.17903863193131211
17799,token,2025-02-28,-0.37684910775165537,0.2846980522690339,0.2851463956201014,-17.965944834753792,1.5537847212595715,-0.5528663958827641,-0.3456985451997999,0.5104685425863258,-0.3185296954074632,0.2405730683337824
17799,token,2025-03-31,-0.39227146435939575,0.25085159688966924,0.2791388185760002,-17.99663247560153,1.6159322726777647,-0.18676905930690488,-0.6468521240615129,0.5275669387924656,-0.23656819854579625,0.2289436514580658
17799,token,2025-04-30,-0.34745899161096283,0.22178256660795412,0.27403090727174334,-18.164866171370353,1.6430331906755735,-0.2718123296304004,-0.9084524838400804,0.46997245518189057,-0.35145741166255995,0.2853536215033992
17799,token,2025-05-31,-0.42839646444861146,0.22385686305142835,0.27453392600651894,-18.06281532078972,1.7015971968903796,-0.5979895538707353,-0.789027670467011,0.4673600676835092,-0.22224102358248815,0.2462252752685692
17799,token,2025-06-30,-0.38257800512441664,0.20309015426945934,0.269890857447019,-18.161104382263552,1.721007705650274,-0.2645341354646812,-0.9528092117173614,0.44535736532497033,-0.22061350451326958,0.25905557971275833
17799,token,2025-07-31,-0.3233896904608691,0.20412514310474386,0.2659729907380774,-18.1675851994963,1.7421477957724354,-0.4798101761835505,-0.967297166605177,0.45377179635598375,-0.20445968505387221,0.2757669006904946
17799,token,2025-08-31,-0.34608768737270534,0.20256251511621848,0.2614525371484488,-18.288984114279735,1.7947593891390108,-0.6830096960145253,-0.9608066327810525,0.3845510211020679,-0.1922968748102958,0.3616400802664211
17799,token,2025-09-30,-0.27641302677365576,0.18981214608284158,0.2571986836758149,-18.348254761408956,1.8397681236608807,-0.5948657531907069,-1.0592434575637106,0.3628284331021455,-0.21109819273282374,0.4272262938129126
17799,token,2025-10-31,-0.5218486232269619,0.20848001545863706,0.2575145130763556,-18.14578269945384,1.7785953505603498,-1.2359365671496096,-0.9049505100688103,0.5112246102960044,-0.17208064264291398,0.47516409721948916
17799,token,2025-11-30,-0.6038784686311991,0.15008237918087824,0.2536752142415066,-18.083651097050886,1.809486167854123,-1.4379767161816193,-0.7468762062577352,0.34467055123992535,-0.1213775227871504,0.4161601109357948
17799,token,2025-12-31,-0.7426219357700963,0.1615007295637851,0.25502037224383994,-17.889734325150922,1.7669718856001329,-2.0726637681013083,-0.6415564113408619,0.3916069431010659,-0.08141220886851673,0.3437149947627676
17799,token,2026-01-31,-0.7252504690035224,0.16413741409890736,0.2531875754148631,-17.925377961721903,1.7986264801799399,-1.5378955528174263,-0.6098010215749196,0.4811243712354149,0.026994676182130983,0.3791345900157921
17799,token,2026-02-28,-0.7315628734346111,0.16159168488991582,0.2504378263980239,-17.927688134146436,1.8431801223211273,-1.1528750130714933,-0.5396925068875764,0.4291220522759011,0.054159313469715274,0.3312363779310856
17799,token,2026-03-31,-0.7343432523029435,0.16146435417726673,0.24578300666650865,-17.876541844203437,1.8422148183667169,-1.0431448569859014,-0.4284726619709958,0.4671684582973465,0.11455070419470809,0.3319637574146408
17799,token,2026-04-30,-0.5960699620726401,0.20000601051821462,0.2480172671722527,-17.796089780057606,1.6972308430344663,-0.7639726269388312,-0.09549069869841487,0.3517103231873331,0.0954804845925821,0.06336374030106247
17799,token,2026-05-31,-0.5542894355037429,0.19943820924195038,0.24801697549419444,-17.766549840082256,1.693427313447267,-0.6541442965321614,-0.0805764991001778,0.3303042807039188,0.1162882209659284,0.1007905917042137
18037,token,2024-08-31,-0.5426785990017351,0.34250871763418206,0.318825166056942,-17.41246889283422,,-1.1372051518146973,0.10623123364949572,0.4017271760083224,-0.1310565101632303,
18037,token,2024-09-30,-0.4671287928100102,0.33505686338334933,0.30906132845630113,-17.48148602620156,,-1.082550327684896,0.06598173357888709,0.5334779828056239,-0.13135532079111745,
18037,token,2024-10-31,-0.6028303193231317,0.34402947701735914,0.3082448231633938,-17.419258075600005,,-1.6302780467745357,0.11064262928241299,0.5678257085014163,-0.07094085062538388,
18037,token,2024-11-30,-0.14437604883257305,0.43255712469308233,0.3280945464726249,-17.404544104406448,,-1.2583922197348505,0.4895716403874323,0.8774824653504559,0.08495893308213848,
18037,token,2024-12-31,-0.3348707991384179,0.43639890855428465,0.3219143439785256,-17.36976940726909,1.0142342224462277,-1.175324765784439,0.718287662139312,0.8609543788124089,0.09754747781310892,-0.34406337442376533
18037,token,2025-01-31,-0.4707745802929506,0.3810311802399161,0.3246619839626226,-17.202882200725718,1.0769084343687494,-1.4148248820289584,0.28209254077409923,0.8754204096274736,0.17987947159556356,-0.3232739049300294
18037,token,2025-02-28,-0.6197077273564248,0.3900874056541068,0.3160315396249624,-17.115167852998603,1.1333048081463757,-2.089397746090994,0.5052045923849677,0.8249584698477332,0.09638549346026631,-0.2580629363431116
18037,token,2025-03-31,-0.6307073974950914,0.38896596260528593,0.3081357392388377,-17.051350529601248,1.2071393416508012,-1.6571054150277684,1.058225175155569,0.8246741853871651,0.3582877939767702,-0.25134974824083445
18037,token,2025-04-30,-0.5896897213707559,0.37556511153604255,0.30092407295230006,-17.173165087428814,1.224216054788747,-1.5598877902730968,1.0081637310502924,0.7524841070962108,0.11452402277662309,-0.20509850991632686
18037,token,2025-05-31,-0.6219019841804445,0.3671598767583964,0.29743954390204447,-17.19211029080475,1.2877775911744138,-1.5434393095307035,0.9013261989692768,0.7070618781325034,0.2555724021847901,-0.2182321942677441
18037,token,2025-06-30,-0.6182946813291521,0.354943227264104,0.29089022119389696,-17.29365161660956,1.331415351922884,-1.3144462495071163,0.7516117684651856,0.6671289436034218,0.25586547276051397,-0.18172766169904817
18037,token,2025-07-31,-0.588583728453115,0.3522859369294182,0.28616408180598185,-17.38759452717883,1.3657439365286084,-1.486669115903784,0.5403538035711443,0.6785594318982151,0.22058442266486739,-0.15754993224883707
18037,token,2025-08-31,-0.31191950013949454,0.3959985209273469,0.3092970099382464,-17.396554417179484,1.1649522583414138,-0.5559097461012902,0.9818290960639516,0.915570718859881,0.2766750427286099,-0.3570225334300935
18037,token,2025-09-30,-0.2888371486921051,0.39543744454080904,0.30486035578172205,-17.41671167202006,1.2232984846763586,-0.6572855615380233,0.975230249003389,0.8996608296026416,0.2079561938497944,-0.28638414171841475
18037,token,2025-10-31,-0.5100233144213155,0.4064502776779964,0.3045090126586197,-17.04536304612211,1.214243888519094,-1.1755608517088656,0.9870233390032338,1.0947988283562482,0.30483580252434406,-0.24732173397086582
18037,token,2025-11-30,-0.4696566183712856,0.2603570365621185,0.3016610894310845,-17.113692325231423,1.247330822894636,-0.691503494641865,0.47465671442530005,0.8781049506911052,0.27288557043474865,-0.28501289524949486
18037,token,2025-12-31,-0.4585628536291838,0.2543741412383162,0.2965247880860382,-17.232441196526008,1.2789638163940766,-0.2218742107579669,0.4104534953396754,0.8575110537947169,0.19443301432986154,-0.27406462481197996
18037,token,2026-01-31,-0.5436739819591402,0.24717136261055586,0.29159357914888984,-17.301784650504864,1.329828340241963,-0.3381785735875928,0.3183061839219691,0.9221159606177954,0.42147362240539865,-0.20160868402829105
18037,token,2026-02-28,-0.6559513060616959,0.24407122736322936,0.2872377458722214,-17.135609884350757,1.3670446027576264,-0.7481197652208211,0.5859511415715996,0.8558567670365416,0.5190603938269861,-0.225383770245902
18876,token,2026-03-31,-0.752019664401027,0.16747169754040647,0.11291982395888561,-18.82054601208964,0.845856732162972,-1.1199382248236311,-0.34855421158011174,-1.0765360071151622,-0.4381960397804894,-0.8260990000831743
18876,token,2026-04-30,-0.46888836728490335,0.3253656359117288,0.1819271066115539,-18.797981441312665,1.4425003492560464,-0.240518971862568,1.2803920825020842,-0.4154948093002454,-0.4323967549013933,-0.20419789848235617
18876,token,2026-05-31,-0.4609385151778793,0.31872797058720265,0.18190121937379808,-18.741142186783826,1.4373312470510637,-0.3076109124918296,1.225007130548255,-0.41183987813537126,-0.37046702649573293,-0.17889900780208007
18934,token,2024-02-29,0.1987598529514809,0.16356658614454045,0.13063648465621752,-18.742548507391838,,-0.6573208070873141,-0.7371157862262833,-1.228232041819255,-0.7603904369811776,
18934,token,2024-03-31,0.3396944032701221,0.14779957493773485,0.12690930283732554,-18.759088058452996,,-0.6118301146119781,-0.8849562754830448,-1.1881127385350714,-0.7109715566252215,
18934,token,2024-04-30,-0.12126489853234124,0.1810310960283801,0.1268210168387972,-18.569490786903284,,-0.5586073326536335,-0.8204509924617681,-1.170340362986495,-0.6685690728076885,
18934,token,2024-05-31,0.22282338678788505,0.21701063781447805,0.1582500156017692,-18.590341436331617,,0.3935410488588929,-0.5586782996217213,-0.9455324550979385,-0.6555408719162225,
18934,token,2024-06-30,-0.3239374965226264,0.25559518109578044,0.16988839686488683,-18.32417189177951,,-0.7547287501368896,-0.3783831039805629,-0.8485643012182033,-0.5677942685619051,
18934,token,2024-07-31,-0.35562438981743905,0.25617646158554336,0.16455721525581787,-18.282041923275457,,-0.5018722281866541,-0.41106565073916773,-0.8388347002186116,-0.5681914105383223,
18934,token,2024-08-31,-0.46093246458080384,0.2604152855177217,0.15980435369909687,-18.029212384466536,0.2547999729128103,-0.6584689808516644,-0.39133222429133463,-0.8536187603803176,-0.4436890170050822,-1.1142152633556421
18934,token,2024-09-30,-0.3662349415525856,0.2612295985230871,0.15821395284704215,-18.135961698464566,0.14114921027082625,-0.5287110198705605,-0.3754256456418595,-0.7975659654449552,-0.4489617831135191,-1.147270336642356
18934,token,2024-10-31,-0.44506804868906824,0.2668468851357966,0.15793086613213825,-17.985340193252412,0.2348198640628777,-0.7563375149221834,-0.34443782642947296,-0.7529080293875516,-0.35530591413684254,-1.0664774149139575
18934,token,2024-11-30,-0.11628486900788615,0.30942419848637626,0.156532959597629,-17.971135501457415,0.5422238522537324,-1.1158958727493575,-0.39920089227941363,-0.7610722607874866,-0.29727145963618595,-0.8653029206641589
18934,token,2024-12-31,-0.15612333919565813,0.3103984161161145,0.15320263037985163,-17.98873420275618,0.6026138858383444,-0.5375130824779997,-0.2989324357999208,-0.7966586123082648,-0.3107771143531179,-0.8250274001663539
18934,token,2025-01-31,-0.14853929496973828,0.3082573973346071,0.15082041210074473,-17.988820169546685,0.6530538772838649,-0.326581779622815,-0.2953343178902271,-0.8650918730952082,-0.28399317816841857,-0.8292966986311253
18934,token,2025-02-28,-0.31368843711033145,0.3010007269221078,0.14887182515399724,-17.972379476797535,0.7174068165068516,-0.153257970624858,-0.21407237455010858,-0.8771558682540266,-0.32166780419052865,-0.751265361564428
18934,token,2025-03-31,-0.3800145160845597,0.29983279868066176,0.14635895062479715,-17.878353888859703,0.7831292417944131,-0.11118549930537955,-0.042159521453056466,-0.8329175564025271,-0.16213672716502914,-0.7495218958244292
18934,token,2025-04-30,-0.2992190519275091,0.2878742499139898,0.14358686356161993,-17.92841766633802,0.7330149504246456,-0.015293750873864828,-0.08474136660644567,-0.900337113749746,-0.24035476659127403,-0.7803152523759672
18934,token,2025-05-31,-0.3698059024660656,0.2508624126474414,0.1457244317410495,-17.80628555570914,0.7909661470626311,-0.3117215828735988,-0.4704793435684638,-0.8806004684295013,-0.08146617832112324,-0.7758369645144659
18934,token,2025-06-30,-0.4317948956333919,0.22210416935654978,0.14336058513341574,-17.813779455665934,0.843886402393358,-0.4837524376775951,-0.7393931405583185,-0.8909125583369769,-0.029833058177201877,-0.7333159785634135
18934,token,2025-07-31,-0.3706999949338361,0.2236726355048499,0.14085458397920442,-17.809748929831866,0.8121821020212092,-0.6594326268243368,-0.7683862731038347,-0.939172781208005,-0.009462227588103597,-0.794811360563394
18934,token,2025-08-31,-0.32945844503528443,0.21951688545725517,0.14044871413105892,-18.021634116248116,0.791887487563816,-0.6211516918495606,-0.7905375794760182,-0.9584549685038241,-0.05180441737829411,-0.782720640254613
18934,token,2025-09-30,-0.20391769461414144,0.21662442019481187,0.13999571511539954,-18.058966510227425,0.7465089349201643,-0.23064325367126243,-0.7939606003319006,-0.9572752835583114,-0.08096195746327559,-0.8383042635572874
18934,token,2025-10-31,-0.2974120515806544,0.21847700679858867,0.13804268856432642,-17.910030690085154,0.7962811833614535,-0.09004525835405928,-0.8094106750827326,-0.9723676651742711,-0.06990688565053747,-0.7823998772083368
18934,token,2025-11-30,-0.31995044085501667,0.11508678126744298,0.1382849278719402,-17.776430601396083,0.84147749852326,0.14108562850440684,-1.134528962978247,-0.9380641674428353,0.0034996435802595754,-0.7912313241435218
18934,token,2025-12-31,-0.33873992542295106,0.11511359538498458,0.1361995205169831,-17.62625265745077,0.8784005420165282,0.5588331779407866,-1.1669998490131315,-0.9422059086721374,0.029162748133512644,-0.7811460500498275
18934,token,2026-01-31,-0.03165615267016064,0.18775325826107336,0.16960284298787512,-17.50132997123722,0.8282861905897938,3.044839202916946,-0.34583627554428725,-0.4786256786876717,0.29524323084995363,-0.8229149675784854
18934,token,2026-02-28,0.052521163833500806,0.17904836389407963,0.17211802368112697,-17.514121347489926,0.8031078493778789,3.0443945300261217,-0.3014516139948272,-0.4790804424588652,0.296897510063414,-0.8846468294615893
18934,token,2026-03-31,0.6767132883476934,0.2613167172281961,0.20005160822096518,-17.446874281173876,1.019121538023335,5.0870462340991205,0.8999092267458622,-0.06417335176072067,0.366135765506617,-0.6247140546199582
18934,token,2026-04-30,0.3025595054350696,0.2704200589389893,0.204167742020715,-17.376315608723228,1.0630954128666017,2.9346040429890676,0.6773376858204695,-0.15731523323427138,0.3166513350389071,-0.6027140126590194
18934,token,2026-05-31,1.0318650940025198,0.3367487297687706,0.24562057074285543,-17.434017414708276,1.1310690776288077,5.233912241121699,1.422237872868189,0.30340482597814405,0.2823698688977502,-0.5133763963657858
21159,token,2025-01-31,0.45007533650874043,0.5302417380437059,0.3118883476757276,-19.78055445794839,,1.6950411567121566,1.4660104330774386,0.7475299941517244,-1.3415022501384626,
21159,token,2025-02-28,-0.05666079145020464,0.5021604716336618,0.2987703736517842,-19.890792905586387,,1.4729187575049154,1.410071359451166,0.6491955583813821,-1.2572583140444473,
21159,token,2025-03-31,-0.22313383287640587,0.36579350626786644,0.29107108317085456,-19.95159458848925,,0.8562331653134373,0.7721518976705357,0.6498268960009592,-1.4668053070893794,
21159,token,2025-04-30,-0.0674922830533764,0.3570277617586557,0.28295704938974603,-19.96951708339226,,1.2169263099614382,0.7771298046638608,0.5637412284431992,-1.1994284729662728,
21159,token,2025-05-31,-0.1372315050559738,0.3038123604973856,0.2914938622928706,-20.059140106409384,,0.8246150317556042,0.15410032799116283,0.6448417427677785,-1.3177564414473903,
21159,token,2025-06-30,-0.21414665475666772,0.3045322529237537,0.28426436846422976,-20.037883986937416,,0.4856805628879708,0.1857916595750135,0.5971541655572371,-1.251500789689085,
21159,token,2025-07-31,-0.07545605412191936,0.3003397936346855,0.2780958940026144,-20.13539427076163,1.224460398359334,0.4615164090412501,0.01176151330643538,0.5887362096993632,-1.2767874455535266,-0.32019580795521674
21159,token,2025-08-31,-0.11696104553437214,0.2800082901408588,0.270336940879313,-20.780955595946846,1.3027963180483664,0.16930314407474728,-0.18303556074052832,0.4831578843159085,-1.5018282003668129,-0.19973093194237831
21159,token,2025-09-30,-0.09925500904006757,0.2776069230198578,0.26432235928453157,-20.810778831864635,1.3755996515782853,0.2951906698471352,-0.19059467459893067,0.44306522883230487,-1.3188639263251332,-0.11008397189360028
21159,token,2025-10-31,-0.2489278342593767,0.2862700740589838,0.25889899522808224,-20.718732975383258,1.4359481203788624,0.15749747870824463,-0.16152190145000733,0.5284170071997724,-1.2871845900080379,0.03650523735345841
21159,token,2025-11-30,-0.3814021211583173,0.17524396211449003,0.2534929215520832,-20.434319057626617,1.4835620541971704,-0.20067715956778193,-0.4681566652516443,0.34264409676925606,-1.0768631044430896,0.009636909457400963
21159,token,2025-12-31,-0.5244736765871129,0.18051528262727412,0.25233136822620655,-20.156434565637458,1.5239135426392336,-0.6513167827998179,-0.4261718590430076,0.3614217688234562,-1.0326749051162225,0.03602235580058096
21159,token,2026-01-31,-0.5925991894995446,0.1720759198670946,0.2467911305546664,-20.084717339525046,1.5859259448510101,-0.661438501973693,-0.5210688278590011,0.40767808390935917,-1.3389820060111768,0.11564291896480536
21159,token,2026-02-28,-0.5918607865654424,0.15744930800173312,0.24498042934942274,-20.08546591345724,1.64779067047338,-0.4050376812898808,-0.5962258010097596,0.3658376536645595,-1.21232315973451,0.10281883466647573
21159,token,2026-03-31,-0.5339110220055231,0.15702780258813281,0.24006076858191822,-20.1313390047822,1.6842039457003921,-0.1723874938762693,-0.4874941472848443,0.4006831889900882,-1.2057101921371323,0.14830839349643066
21159,token,2026-04-30,-0.5080769087655543,0.13910648893327346,0.24020175168340913,-20.13996353345635,1.7362046450798345,-0.40181106219522106,-0.7638925295833037,0.26098420684555196,-1.1394610310565128,0.10430070937061606
21159,token,2026-05-31,-0.23979657617487282,0.1949496242953838,0.24850144707496782,-20.088827151989854,1.6345972131254811,0.5133029489724878,-0.12970245056857654,0.33574243606797266,-1.0435615064179031,0.03654061149382134
22461,token,2023-11-30,-0.21474099262245283,0.3149073845814619,0.24409617050595045,-18.06989104700982,,-0.8038144171198143,0.05429574274397854,-0.6736459137479001,-0.589276909954951,
22461,token,2023-12-31,-0.06176196568206582,0.2763683187459401,0.23386399272555253,-18.427385145107763,,-0.7667443562492839,-0.21177089240611874,-0.7441448630542474,-0.6995172778430565,
22461,token,2024-01-31,-0.1575879642481176,0.18987196501012446,0.22516187801694365,-18.50908863730302,,-0.8112946203834444,-0.42688577337692346,-0.6313778188157871,-0.6709083678447563,
22461,token,2024-02-29,0.20378179552489595,0.19064606629827496,0.21884363515530722,-18.537225713369182,,-0.6467938549143382,-0.5586789616492437,-0.5867057834264383,-0.6653406554591037,
22461,token,2024-03-31,0.2948265202800011,0.19075451450177983,0.21243071374060835,-18.517800100757896,,-0.6951412259566326,-0.6067501792631635,-0.5550091050776391,-0.5968399696082467,
22461,token,2024-04-30,-0.19169058613284384,0.22115108423833313,0.20633202737279338,-18.22419942296523,,-0.7813338622763982,-0.5579057203154337,-0.5572484315661818,-0.5028117467142498,
22461,token,2024-05-31,-0.1308647059314083,0.21250945696430992,0.20026086189736786,-18.24607366896669,0.6568306457368993,-0.9811542478698216,-0.5885768527815843,-0.618271240499435,-0.4958662590099673,-0.6533453059457057
22461,token,2024-06-30,-0.3517760042238076,0.22260667884759752,0.19514399018629158,-17.882044541643484,0.7364450087989739,-0.8849532478306318,-0.5989548202478042,-0.6505300299743965,-0.3583993213480667,-0.6018736794532308
22461,token,2024-07-31,-0.4207507189365418,0.22475589075831098,0.1903575946140357,-17.762073911459524,0.8132746729705483,-0.8487863998573103,-0.6007433390232166,-0.6404074888756087,-0.32081873314510595,-0.5448973356399769
22461,token,2024-08-31,-0.5240715361763548,0.23058595088792214,0.18585177990843713,-17.49648730884165,0.8927773549695304,-1.0282351794362816,-0.5721260649657252,-0.6479945394972259,-0.17364615784279494,-0.5079789355321787
22461,token,2024-09-30,-0.43606263718502036,0.23343475852308343,0.18279501793621963,-17.472560170544384,0.8231548581421779,-0.9120180513036763,-0.5416087963177466,-0.5806680724829048,-0.1270237473520722,-0.46678641570128604
22461,token,2024-10-31,-0.5021368242542812,0.23218202905699825,0.18221846287897556,-17.377511517629287,0.8949947910421948,-1.0724759418678207,-0.5488271597876196,-0.5395050356181816,-0.04996993096807461,-0.41812685084512796
22461,token,2024-11-30,-0.005332232950591043,0.3605682928241852,0.19421816308851084,-17.141531332711367,1.2828564567540826,-0.5530734699437231,-0.03004320508809817,-0.4011474698700035,0.2623909864775814,-0.01508998051210285
22461,token,2024-12-31,-0.12843867852892243,0.3649208079176697,0.19011114382087843,-17.085648404956668,1.3449478148122584,-0.4387279023849637,0.14123467509827384,-0.43402800381162465,0.2849791269811083,0.042363938820682304
22461,token,2025-01-31,-0.2532025816372775,0.3696028253100184,0.19400750606166606,-17.04936577843321,1.3950320773208662,-0.6800474147622503,0.19141374377575912,-0.4327000885006406,0.270487219810021,0.05652103146547904
22461,token,2025-02-28,-0.5028545784163159,0.36503084094401883,0.1905798220528149,-17.004203521617907,1.3794420942645285,-1.3500847786977508,0.302900385706635,-0.45246155862530196,0.15050165727257211,0.03382475941687295
22461,token,2025-03-31,-0.611877107566221,0.3681267300246818,0.18835447854271925,-17.00141201884861,1.4137677574243903,-1.5409867599782976,0.8009564817637752,-0.4026244292783273,0.38971357387720335,-0.008580715916865317
22461,token,2025-04-30,-0.5299609592313343,0.3605245187808804,0.1851158336134793,-17.068395047960617,1.3812456889517795,-1.242276755196557,0.8207104412794244,-0.46407691028350045,0.1637534670801425,-0.021210334929784885
22461,token,2025-05-31,-0.5480888735547462,0.35861394539500074,0.18519960856106063,-17.072398924598023,1.4270044149532553,-1.1827953986888762,0.8005212837454293,-0.46750218857915793,0.32126594479761295,-0.061968601700592714
22461,token,2025-06-30,-0.0050123872613014875,0.5028375330108154,0.29350781210119725,-17.23753487989333,1.621064899606909,1.417191241046621,2.4115989692057127,0.6947729843370662,0.2866895664485792,0.14598068596263297
22461,token,2025-07-31,-0.43042719406598795,0.5219104788515541,0.3082568185586911,-17.270564327054913,1.5832250474800231,-0.8861981485756818,2.2664150549521613,0.9245181094454943,0.284358258369879,0.09281473300967923
22461,token,2025-08-31,-0.3139370819700137,0.5182363954037845,0.30662540196907484,-17.48655257560387,1.553612109613869,-0.5634148135447157,2.20943747941663,0.8859188829508571,0.2293809992107895,0.08647086462119934
22461,token,2025-09-30,-0.25553065498661887,0.5189464359044315,0.3020587702657239,-17.519526491227563,1.5917231869417499,-0.4899510032115841,2.1972384227946935,0.8681054560686956,0.16170497746981252,0.140095437514694
22461,token,2025-10-31,-0.4576107633993791,0.5294648559541442,0.29991914205035397,-17.53882618998358,1.598640287475608,-0.9079614749794428,2.1626562979332546,1.0378021548087923,0.09097131211931198,0.24478464031256628
22461,token,2025-11-30,-0.5162682700575806,0.4415111997320353,0.2961786051381479,-17.73846507464607,1.6415427297893366,-0.9507336403162104,2.4813351234618657,0.8171589805540775,0.018931645895349045,0.20668526311509897
22461,token,2025-12-31,-0.5840824374290412,0.4419196493809114,0.2928787417608047,-17.637833814957734,1.7307891195669505,-1.0396982112721167,2.534847646066794,0.8165826866261644,0.024302501101739794,0.2979104746213123
22461,token,2026-01-31,-0.6270973222716729,0.4393527528516223,0.28897830965142873,-17.692784098406356,2.0086996080654,-0.8893754794543244,2.4664026702659987,0.8920864928206337,0.1741312481245795,0.6393714503690011
28480,token,2025-07-31,-0.44857892561944923,0.32730586660796346,0.1970865065033082,-17.781025896058285,,-0.9551146043315185,0.28616221696436456,-0.3131421787171854,0.0061899547963258665,
28480,token,2025-08-31,-0.48436571275090334,0.31936664902837847,0.18935792006745827,-17.70866605390765,,-1.1973808559391979,0.21223187606880478,-0.4156179334292172,0.11266033855839304,
28480,token,2025-09-30,-0.47338228789193415,0.3192972858307992,0.1836211627220928,-17.63445680895165,,-1.58445548919114,0.22189322252351917,-0.4659044912145537,0.11000360762206014,
28480,token,2025-10-31,-0.5566908246494062,0.32472211368648307,0.17776672289256404,-17.473403348626334,,-1.4138281446960794,0.20595881309337308,-0.47907754659944746,0.11932524858198053,
28480,token,2025-11-30,-0.638786014129818,0.24186923809840133,0.17538809080991855,-17.359376976166025,,-1.6321146146976993,0.2698639271187068,-0.5256073067235707,0.17302112954421536,
28480,token,2025-12-31,-0.682558031256121,0.23914109933729708,0.17011859313647473,-17.14156378100367,1.8613799058516611,-1.681316846855582,0.2379034543773436,-0.5614503904058042,0.23257140324151032,0.46322808177110514
28480,token,2026-01-31,-0.6881606027205389,0.23394606188547157,0.17178257949136302,-17.10874577298537,1.89440554369383,-1.2928344049707723,0.17048114226335134,-0.4535971578406489,0.5435881024908162,0.4977849049195412
28480,token,2026-02-28,-0.6763899481811917,0.22981875747129976,0.17563527024825928,-17.06929471858888,1.9242998622217395,-0.8575295809968533,0.3914398515278046,-0.43829417901009765,0.557983306070469,0.42606837384046786
28480,token,2026-03-31,-0.6716789648089434,0.226173872015387,0.17118629244646247,-17.087428043319335,1.9582594850934447,-0.7709062571436999,0.43238780139046035,-0.3995523179164468,0.5766038379655757,0.46684197901316427
28480,token,2026-04-30,-0.6023175663145253,0.2184029510096876,0.1684327243469166,-17.02437681846641,1.8045906559421374,-0.7896864991492157,0.10642465937266549,-0.5721438361046313,0.5020810419184839,0.17613142294075773
28480,token,2026-05-31,-0.5554411190814328,0.21695580340627485,0.1651338313339957,-17.070361815506416,1.8258704233181042,-0.6584195281648804,0.11114728267161966,-0.6000524892120864,0.46399582951543844,0.24543537628998618
29270,token,2025-04-30,-0.3476830936969244,0.39871569502568255,0.31654640081517066,-17.934164307904407,,-0.2730040050131737,1.2966931198776523,0.91659604927926,-0.24305500391446955,
29270,token,2025-05-31,-0.4296026850578504,0.3999734548306687,0.31348053365188794,-17.940423212288234,,-0.6038830342316954,1.288384064883636,0.8749269975965954,-0.1550763804070777,
29270,token,2025-06-30,-0.1295089491317316,0.4093153587745815,0.3404837765711182,-18.128038558156423,,0.8626676894296472,1.3618924816317255,1.1908801001155482,-0.20245093627083416,
29270,token,2025-07-31,-0.11112124943983792,0.40933995251638,0.3322335660916536,-18.191517290633673,,0.32610680098752565,1.1209226553682436,1.1914514994144518,-0.21750111578419695,
29270,token,2025-08-31,0.28875707137894513,0.4076490113117549,0.3414986427432857,-18.660243999296934,,1.6785067780460823,1.0988324367006208,1.2729725319087313,-0.3873939908604701,
29270,token,2025-09-30,0.20879497905808342,0.31928394071449023,0.33335938754472877,-18.992557969380172,,1.8428590962110338,0.22176118483922028,1.2206567754704845,-0.5009378025856682,
29270,token,2025-10-31,0.31246364222714895,0.3192792160692074,0.32443662322636085,-18.99930823738847,0.8032840641865286,3.0237576831796718,0.15394180892508186,1.342258421675708,-0.5419943970717832,-0.7734347508395111
29270,token,2025-11-30,-0.1311529277859793,0.3276225619107843,0.31801196207119353,-18.822612828142255,0.8380380593219967,1.1910807487209012,1.2197694682683478,1.0598692280502404,-0.42174630787085254,-0.7955213161287712
29270,token,2025-12-31,-0.4599419370393416,0.3442522443233941,0.3193452990918126,-18.68590067968983,0.8731685185417006,-0.23085964137679618,1.428534484659958,1.113680660569668,-0.41553815086683943,-0.7877693779737769
29270,token,2026-01-31,-0.47503653431930126,0.3431109015567312,0.31228714726205914,-18.691714220169015,0.9109048168987823,0.11532459020247404,1.3906648876093328,1.159726974651363,-0.4577820432712993,-0.7205676938754486
29270,token,2026-02-28,-0.499105681694631,0.3147068119494598,0.3056435267958944,-18.77066719293319,0.9620460749714965,0.09148840282418377,1.549953787081145,1.0692916273469724,-0.4406174024035079,-0.6988421267122324
29270,token,2026-03-31,-0.5300429576975061,0.3042405541717929,0.29952399816467523,-18.85372642367958,1.0134752273921375,-0.15558308336709425,1.4709447620894482,1.0915717494180819,-0.45762430619499367,-0.6312767374041842
29270,token,2026-04-30,-0.32085365738989935,0.3024420575907184,0.29783740808539094,-18.727778005283344,0.8720192136656374,0.3687618765339477,1.0287946754711355,0.9300455471532334,-0.39540792921566353,-0.8034149975799229
29270,token,2026-05-31,-0.33837364988720864,0.29950944166169413,0.29178281111937765,-18.709341609778182,0.9202749174005795,0.14736925680229268,1.0146672282120566,0.8215723410253246,-0.35458438819860955,-0.7435905307808263
29587,token,2025-04-30,-0.5923553880845045,0.2937884096805676,0.17570281899341,-18.96669864666545,,-1.5740626221932106,-0.011032256698193306,-0.5629602601054235,-0.7282232063845874,
29587,token,2025-05-31,-0.6031426317860364,0.2927355371865539,0.17070777609122736,-18.941624094733214,,-1.4517828794598115,0.023441867570968496,-0.6191557477883649,-0.7045015095240127,
29587,token,2025-06-30,-0.6099994235567421,0.2805402826329593,0.16473543189792988,-19.043126891421043,,-1.2774981142941737,-0.083497704894999,-0.6651755522273933,-0.705095426452811,
29587,token,2025-07-31,-0.5238799123952499,0.27464646783023927,0.15897082718898367,-19.24540400912674,,-1.2410089339287278,-0.2496880009420403,-0.7374844493422952,-0.7918007270444112,
29587,token,2025-08-31,-0.4385812913816304,0.27517162909912446,0.16502016069463477,-19.428092842793948,,-1.027070455123292,-0.23160909547924713,-0.6857396188125916,-0.7908986542360701,
29587,token,2025-09-30,-0.20174399395621223,0.2541802957645219,0.17543716998195497,-19.478061249664602,,-0.21972240313848598,-0.422379661864355,-0.5580840611186138,-0.719341311366897,
29587,token,2025-10-31,-0.37285056458978605,0.26407309649658106,0.17390813168469166,-19.39793047521862,0.572427519697982,-0.4752068020879065,-0.37365528252302666,-0.526993246669974,-0.7147553070164389,-1.0689785628946094
29587,token,2025-11-30,-0.48833361435966405,0.21656790525321973,0.16908561181889803,-19.189415009143747,0.6525006505435194,-0.7953753853745008,-0.010403649689072363,-0.5956687379748838,-0.5708418845940915,-1.0269410185998193
29587,token,2025-12-31,-0.5438724387722126,0.2182437937561688,0.16484498907005507,-18.97308714732617,0.730016626856486,-0.7777095958969156,0.0011922999371520677,-0.6206487615395477,-0.5360612657675372,-0.9689883511161166
29587,token,2026-01-31,-0.6492339734428845,0.2226190279476039,0.16068950365608206,-18.87547270493799,0.8104142838650941,-1.0356373479687155,0.04387386893624963,-0.5809718562762918,-0.5740258389107631,-0.84505453840973
29587,token,2026-02-28,-0.6792138560072539,0.2040478748456236,0.1598415748403312,-18.883836241019868,0.862327214674786,-0.8726462033835848,0.0397304521677731,-0.6214390934886259,-0.5070406538083692,-0.8154171867818535
29587,token,2026-03-31,-0.7295704595478985,0.18772847566432077,0.15936237390113378,-18.84058738674238,0.9316641290072061,-1.0224099460991405,-0.07906897997033105,-0.5369315036707439,-0.44993095045243614,-0.7263654284094027
29587,token,2026-04-30,-0.7371301726381198,0.1786565200296264,0.1578961160851673,-18.691069292177996,0.9576422954794538,-1.3445478503393746,-0.32981172716706036,-0.6944576551185948,-0.37606682189957585,-0.7134789567550679
29587,token,2026-05-31,-0.7063566165119308,0.18066301187266437,0.15661731879634158,-18.673144506919133,0.9228821263678489,-1.2186417289333837,-0.28606429664730354,-0.6956496721587964,-0.33650592716904976,-0.7407431257341722
29676,token,2025-03-31,-0.682398397135449,0.3097005216079573,0.16445765127978607,-18.765235147514428,,-1.9758625546721438,0.07966148008518625,-0.6474752750972249,-0.7202417810052957,
29676,token,2025-04-30,-0.6280816536802627,0.2971240970749879,0.15889007919739276,-18.842847723242066,,-1.7640390387276992,0.030540943634399513,-0.7395774330108982,-0.6700280184514786,
29676,token,2025-05-31,-0.6435890386769205,0.2900666168495893,0.15580566737702664,-18.806717939598975,,-1.6494002165016926,-0.008039813812442105,-0.7751027497244893,-0.6304695814634902,
29676,token,2025-06-30,-0.6538589403636209,0.27598187131824664,0.15148995667688683,-18.788856304122007,,-1.4728539913284893,-0.13466197656813012,-0.8050593115748909,-0.565428352712251,
29676,token,2025-07-31,-0.5564109346109298,0.28362185290142683,0.14911800158964497,-18.76875028156958,,-1.3645190655443282,-0.15835649777599523,-0.8471760634525364,-0.5320554948118354,
29676,token,2025-08-31,-0.5268034220878146,0.27733581426143183,0.14959172928387465,-18.89012732148003,,-1.3552420469452913,-0.2098746546624762,-0.8569778101207844,-0.5081977054440622,
29676,token,2025-09-30,-0.2480379349150622,0.281673295441864,0.17248704162377068,-18.941607216616344,1.0115418205758235,-0.4523069625351842,-0.15036164959801004,-0.591312531848491,-0.4780176213416901,-0.5315085659226014
29676,token,2025-10-31,-0.515715657361362,0.3058921021243187,0.17568312014637819,-18.689603321533287,1.0065711834665838,-1.2046238794223807,0.026003050778605808,-0.5049515713079153,-0.4077698155012178,-0.5131854678623604
29676,token,2025-11-30,-0.5191320866316815,0.21826687414521123,0.17953321097221134,-18.651864314458592,1.0553759181143532,-0.9666607220829154,0.008416145194616444,-0.4795281287219184,-0.3523414639498239,-0.5244371021766776
29676,token,2025-12-31,-0.5371348627858303,0.21419241347936613,0.17547945068050155,-18.48320785488006,1.0829142550272122,-0.7338108577068877,-0.04469911408630161,-0.5012725631572211,-0.330474356548267,-0.5222478641507499
29676,token,2026-01-31,-0.6107915418139426,0.21384258057793143,0.17200904163730962,-18.357615224120224,1.144300599388003,-0.7816394945084788,-0.054224369055100946,-0.45099683778736893,-0.24643433070786547,-0.4314389211187917
29676,token,2026-02-28,-0.6561009837217109,0.1984686824000001,0.17052469911001186,-18.223551127727074,1.1969879486418642,-0.748921002656864,-0.036411853567973065,-0.4975567575185397,-0.11949401609571057,-0.42418632985997035
29676,token,2026-03-31,-0.627330936844464,0.19041495006869708,0.16778134227339592,-18.26462739766687,1.141644833301403,-0.5782407769853456,-0.04332957597190283,-0.43911359199970235,-0.11268666758624403,-0.48230575066564707
29676,token,2026-04-30,-0.49880452358608895,0.20913796515932645,0.1712439972886095,-18.10262749792101,0.9689970422545158,-0.3636478049914819,0.004736939266908902,-0.5395092803494012,-0.0660282798419011,-0.701552254890512
29676,token,2026-05-31,-0.47265210564475657,0.20810501204495901,0.16869839756567498,-18.10043757773621,0.9573404250149468,-0.3510936133541255,0.014278547413414453,-0.5600405138091392,-0.050470330869826815,-0.7031102644259286
30171,token,2025-05-31,-0.3716027145897902,0.49636472342179505,0.23534549905437868,-19.569650213200795,,-0.32050063778477944,2.425382859452325,0.05726255658728385,-1.0491409692748088,
30171,token,2025-06-30,-0.45557518725283497,0.4829079024203891,0.22629014447418996,-19.775536076881064,,-0.5896728869589578,2.1879058964497315,-0.015104153728798175,-1.1073969619961475,
30171,token,2025-07-31,0.11888492672118822,0.5709142139208048,0.31058188935482606,-19.900721411809563,,1.1993684188273936,2.765066059797921,0.9504031478009634,-1.148906024045337,
30171,token,2025-08-31,0.1952756557032771,0.5450147384484556,0.30397445305040305,-20.635076241985068,,1.3307715245162386,2.4783665536068775,0.8564963392068977,-1.425168581598987,
30171,token,2025-09-30,0.09760459641443608,0.5387832546090378,0.2975417494143385,-20.893347128726997,,1.2842294867917232,2.393505547409759,0.8172284510969917,-1.3560072505437983,
30171,token,2025-10-31,-0.14385079079522112,0.5515875270223805,0.28931308971965064,-20.79281595045259,1.7487343970904534,0.6939825532051895,2.374079542331184,0.9060969818499524,-1.3192917856679003,0.4369359411165509
30171,token,2025-11-30,-0.36395627685243315,0.4060825401250249,0.28471749719368983,-20.979568508653706,1.80994623363309,-0.10365230425341812,2.088885261695179,0.6897517131187428,-1.2984928699394471,0.4167339482357044
30171,token,2025-12-31,-0.48239478379267486,0.40780047089156346,0.2777309797845021,-20.78829456920194,1.8895561423484122,-0.37715137051462816,2.1483676715356252,0.6465428383507198,-1.2978466467986691,0.4988969687473596
30171,token,2026-01-31,-0.6204834933039494,0.4131061771027692,0.27072263015868137,-20.72571894587511,1.9558726120343146,-0.845676413350239,2.1730330725440123,0.682468195366026,-1.7444732671456105,0.5739298028465405
30171,token,2026-02-28,-0.6969990604247318,0.39966817878585925,0.2668789946263502,-20.68146665679433,2.028318047358592,-0.9678519380639342,2.7094682566812454,0.6197751116981055,-1.5621388370904077,0.5476695047055938
30171,token,2026-03-31,-0.717899688132383,0.3987927537032907,0.26258961143831144,-20.656476093620487,2.0933528342586345,-0.9717074711122108,2.7288161389733547,0.6624402431961631,-1.5131959277625804,0.6238604030317185
30171,token,2026-04-30,-0.6642804980487513,0.4022318353100949,0.25715005391560547,-20.552968761867348,2.072162237972851,-1.0447133617204427,2.1240359580844355,0.4577279331306411,-1.3570654570650797,0.45718097424530085
30171,token,2026-05-31,-0.6584180876392636,0.40338176152961197,0.25182892533625106,-20.466622201710237,2.1354232465190064,-1.0406863260496053,2.1515124935878567,0.3730931176631311,-1.2322493445061145,0.5835065788876784
30494,token,2025-10-31,-0.33124959953056765,0.2860390389814012,0.20263232896931205,-19.668940468604042,,-0.2628074415505793,-0.16372987107182996,-0.1702982904775513,-0.8322097002189337,
30494,token,2025-11-30,-0.4986414736164124,0.27533086631854,0.19466121105727535,-19.37439674708375,,-0.8527024218567373,0.6405246158138896,-0.3113578992868574,-0.6460321651592976,
30494,token,2025-12-31,-0.6523593675692052,0.2860239122527919,0.19695565306710616,-19.226213433803267,,-1.4845571763806156,0.7689616200124525,-0.2601933726428769,-0.6422903954356441,
30494,token,2026-01-31,-0.7185216983069038,0.2878009934691882,0.18981026476832896,-19.16416904002561,,-1.4934370406748034,0.7724415566519003,-0.24659677221784065,-0.7566522782829548,
30494,token,2026-02-28,-0.7848105138788415,0.27794151228897657,0.1833760621207,-19.025949376007144,,-1.4379142293487128,1.0481975357063102,-0.3485313572728494,-0.5904522990663803,
30494,token,2026-03-31,-0.7761904698710914,0.25860718403481886,0.17750623513996486,-19.193183247199315,,-1.224945821676282,0.8638630610770168,-0.32612246655890414,-0.6563878925262313,
30494,token,2026-04-30,-0.7188833419298744,0.2633036618438499,0.17366544058188044,-19.076765379328528,0.5118610170651433,-1.2694475951198212,0.5992317709642966,-0.5114000473430917,-0.5792825922690015,-1.1817148857257553
30494,token,2026-05-31,-0.6193379426354046,0.21728908169376748,0.18233296370286511,-18.97029742310243,0.3698786465291565,-0.8956146454523437,0.11479489392811551,-0.4069935820218456,-0.4849174571182434,-1.3446935259811776
33038,token,2026-05-31,0.043144540669125764,0.13141924592101556,0.13099165357371037,-17.839549772857236,,1.563625134997436,-0.8250196433902316,-0.9832957474258681,0.07982877157375017,
33824,token,2026-04-30,-0.2668915953593173,0.4337215272610023,0.3858231769382149,-18.37705881635889,,0.5908587817701436,2.4696506231295587,1.9514250214511621,-0.21062080656900087,
33824,token,2026-05-31,-0.4741431072670753,0.2723169520974561,0.38674080771097435,-18.306016375218203,,-0.3566284472474405,0.7170551882172426,1.8874683791377032,-0.1531456276540527,
34104,token,2025-12-31,-0.270280138870188,0.21582748016054257,0.16210596965907226,-18.450797986955294,,1.0048835456841914,-0.026178136815552863,-0.6513953791452133,-0.3168729557999583,
34104,token,2026-01-31,-0.23650617038353172,0.21778477344159347,0.16778259338515245,-18.462227470088376,,1.691348734813592,-0.010160734026232247,-0.4995264412594915,-0.31261100035659256,
34104,token,2026-02-28,0.1428124718147905,0.2618375174899598,0.2514404877518271,-18.365051136292667,,3.5277316966858803,0.8284174676221795,0.4407489909466968,-0.20254579395942113,
34104,token,2026-03-31,-0.018912866739838385,0.2289888355480439,0.2448965149403161,-18.595158727902387,,2.0649694173352504,0.46983655533004015,0.45686853014278667,-0.3062240721705597,
34104,token,2026-04-30,0.2279450100592273,0.24014183253910532,0.24541147094629678,-18.449609109880864,,2.6275059098720766,0.3450194436582198,0.3214610361253952,-0.24884614584458925,
34104,token,2026-05-31,0.2718913306773634,0.23992964947365186,0.23821356234881544,-18.488576922455188,,2.4127694064541347,0.36258778349398324,0.2202617397204562,-0.24432457508558383,
