cmc_id,symbol,month_end,market_cap,tvl_usd,tvl0_smooth,tvl_nmonths_12,g,g_window_years,g_capped,beta,r_e,tvl_star,nv_tvl_gl,nv_tvl_raw,asset_class,sector
1104,REP,2020-03-31,112051091.3522,221693.0,,1.0,,,False,0.7456580954708141,0.26369742864124424,,,505.4336012061725,token,Prediction Market;DePIN;Storage
1104,REP,2020-04-30,116816923.1438,348671.0,,2.0,,,False,0.7119609885677547,0.2535882965703264,,,335.0348125992698,token,Prediction Market;DePIN;Storage
1104,REP,2020-05-31,138229033.53489998,390095.0,,3.0,,,False,0.7581213536529303,0.2674364060958791,,,354.3471040000512,token,Prediction Market;DePIN;Storage
1104,REP,2020-06-30,180830516.7306,363280.0,,4.0,,,False,0.7420064006214203,0.2626019201864261,,,497.77173731171547,token,Prediction Market;DePIN;Storage
1104,REP,2020-07-31,219677258.196,546132.0,,5.0,,,False,0.7641771947055168,0.26925315841165504,,,402.24205539320167,token,Prediction Market;DePIN;Storage
1104,REP,2020-08-31,240552866.9247,792265.0,443689.3333333333,6.0,,,False,0.7409698319892981,0.26229094959678945,,,303.6267750370141,token,Prediction Market;DePIN;Storage
1104,REP,2020-09-30,156181854.5237817,843496.0,500804.5714285714,7.0,,,False,0.7505640747581739,0.26516922242745217,,,185.1601602423505,token,Prediction Market;DePIN;Storage
1104,REP,2020-10-31,135112382.99944407,3045705.0,818917.125,8.0,,,False,0.8320290017657344,0.28960870052972026,,,44.361611843380786,token,Prediction Market;DePIN;Storage
1104,REP,2020-11-30,172898187.23860154,9202045.0,1750375.7777777778,9.0,,,False,0.8170786635752985,0.2851235990725895,,,18.7891047303726,token,Prediction Market;DePIN;Storage
1104,REP,2020-12-31,177929434.1792904,11721230.0,2747461.2,10.0,,,False,0.4853004828454108,0.18559014485362324,,,15.180099202838816,token,Prediction Market;DePIN;Storage
1104,REP,2021-01-31,191522727.89013177,12434865.0,3628134.272727273,11.0,,,False,0.5116302103696686,0.19348906311090058,,,15.40207536552522,token,Prediction Market;DePIN;Storage
1104,REP,2021-02-28,259622306.9269522,2561768.0,3539270.4166666665,12.0,,,False,0.5358843778976481,0.20076531336929443,,,101.34497227186544,token,Prediction Market;DePIN;Storage
1104,REP,2021-03-31,451834165.5225754,2785393.0,3752912.0833333335,12.0,,,False,0.5536233523318154,0.2060870056995446,,,162.21558879575534,token,Prediction Market;DePIN;Storage
1104,REP,2021-04-30,441332511.9533994,3608558.0,4024569.3333333335,12.0,,,False,0.5013456854460047,0.1904037056338014,,,122.30162628767486,token,Prediction Market;DePIN;Storage
1104,REP,2021-05-31,267169932.50091925,3411357.0,4276341.166666667,12.0,,,False,0.5594990291728652,0.20784970875185957,,,78.31778746725108,token,Prediction Market;DePIN;Storage
1104,REP,2021-06-30,176805775.11800864,1846481.0,4399941.25,12.0,,,False,0.5863290600173197,0.2158987180051959,,,95.75282665676421,token,Prediction Market;DePIN;Storage
1104,REP,2021-07-31,290623582.521799,2054251.0,4525617.833333333,12.0,,,False,0.6447162334030937,0.23341487002092812,,,141.474231981291,token,Prediction Market;DePIN;Storage
1104,REP,2021-08-31,309400506.7787697,2725935.0,4686757.0,12.0,2.0,1.0,True,0.6163860281882259,0.22491580845646775,65730575393.79369,0.004707101754779152,113.50252547429402,token,Prediction Market;DePIN;Storage
1104,REP,2021-09-30,224152243.75854972,2405650.0,4816936.5,12.0,2.0,1.0,True,0.6142700287071255,0.22428100861213768,67931000959.91318,0.0032997047090594822,93.17741307278686,token,Prediction Market;DePIN;Storage
1104,REP,2021-10-31,275748288.35458523,3480615.0,4853179.0,12.0,2.0,1.0,True,0.6176452651189287,0.2252935795356786,67841264329.829094,0.004064610102399604,79.22401309957729,token,Prediction Market;DePIN;Storage
1104,REP,2021-11-30,242230047.3777212,3536212.0,4381026.25,12.0,1.502906121999708,1.0,False,0.5677562401649648,0.21032687204948947,11831963471.062998,0.02047251480873267,68.4998657822894,token,Prediction Market;DePIN;Storage
1104,REP,2021-12-31,199630668.67576653,2958147.0,3650769.3333333335,12.0,0.32877921381868225,1.0,False,0.5799079761798488,0.21397239285395464,28118340.785967417,7.099660331856889,67.48504001855436,token,Prediction Market;DePIN;Storage
1104,REP,2022-01-31,143770040.72409233,2043350.0,2784809.75,12.0,-0.2324402735220008,1.0,False,0.6704781411261185,0.24114344233783555,1250455.8577570464,114.9741031098642,70.35996805446563,token,Prediction Market;DePIN;Storage
1104,REP,2022-02-28,162670062.82547018,2109442.0,2747115.9166666665,12.0,-0.22381858596327942,1.0,False,0.6723961370534184,0.2417188411160255,1272484.5149050672,127.83657554968838,77.11521000599693,token,Prediction Market;DePIN;Storage
1104,REP,2022-03-31,176568325.24919277,2696677.0,2739722.9166666665,12.0,-0.26997412786892494,1.0,False,0.674021241290129,0.24220637238703868,1080503.6252951776,163.4129873474112,65.47626031934591,token,Prediction Market;DePIN;Storage
1104,REP,2022-04-30,128540298.72651169,2258777.0,2627241.1666666665,12.0,-0.34719942705256746,1.0,False,0.667700621406284,0.24031018642188517,798039.0338262761,161.07018990062764,56.907033640997625,token,Prediction Market;DePIN;Storage
1104,REP,2022-05-31,119419095.84324291,1610258.0,2477149.5833333335,12.0,-0.42073153502291116,1.0,False,0.8122020930331617,0.2836606279099485,630555.2593653727,189.38720131116375,74.16146719546987,token,Prediction Market;DePIN;Storage
1104,REP,2022-06-30,87898901.70478179,910048.0,2399113.5,12.0,-0.4547396513532993,1.0,False,0.8477229016029548,0.2943168704808864,556564.9481167786,157.93107705075744,96.58710497114635,token,Prediction Market;DePIN;Storage
1104,REP,2022-07-31,96180333.21340749,1383529.0,2343220.0,12.0,-0.48223202084341554,1.0,False,0.8318443419900021,0.28955330259700063,494288.1042249914,194.58354832190713,69.51811867579754,token,Prediction Market;DePIN;Storage
1104,REP,2022-08-31,86093266.54679652,1264922.0,2221468.9166666665,12.0,1.2375905870977961,2.0,False,0.8160232753127117,0.2848069825938135,1128522165.3309224,0.07628850295691883,68.06211493419872,token,Prediction Market;DePIN;Storage
1104,REP,2022-09-30,77830405.4478731,1096958.0,2112411.25,12.0,1.0537855484401186,2.0,False,0.836541841625147,0.29096255248754405,457737698.2160813,0.17003276276172516,70.95112615785938,token,Prediction Market;DePIN;Storage
1104,REP,2022-10-31,78060804.70455422,1288898.0,1929768.1666666667,12.0,0.5350855812839961,2.0,False,0.8366652478689327,0.2909995743606798,31385317.00115795,2.4871759205641983,60.56398931843653,token,Prediction Market;DePIN;Storage
1104,REP,2022-11-30,65752828.37529038,1053076.0,1722840.1666666667,12.0,-0.007896808263038624,2.0,False,0.8878513117280608,0.3063553935184182,1810569.9407426224,36.31609411803293,62.43882528449075,token,Prediction Market;DePIN;Storage
1104,REP,2022-12-31,46872437.8903917,991066.0,1558916.75,12.0,-0.2467386613511625,2.0,False,0.8928516830037809,0.3078555049011342,704480.366927668,66.53476816509252,47.29497116275979,token,Prediction Market;DePIN;Storage
1104,REP,2023-01-31,63913032.85800301,1281455.0,1495425.5,12.0,-0.35799159275431913,2.0,False,0.8517257765538536,0.2955177329661561,470629.23553454777,135.80336288588114,49.87536266041571,token,Prediction Market;DePIN;Storage
1104,REP,2023-02-28,98477116.36498444,1327141.0,1430233.75,12.0,-0.3643081580086084,2.0,False,0.8262017944724223,0.28786053834172665,437207.22494798736,225.24128318487837,74.20245201149271,token,Prediction Market;DePIN;Storage
1104,REP,2023-03-31,89062749.7377852,1467422.0,1327795.8333333333,12.0,-0.40518562532656777,2.0,False,0.8233759324063432,0.2870127797219029,356612.53241665557,249.74655022422743,60.69334502125851,token,Prediction Market;DePIN;Storage
1104,REP,2023-04-30,82353204.6831297,1539854.0,1267885.5833333333,12.0,-0.4387190207788404,2.0,False,0.8633121754618748,0.2989936526385624,311458.5936373365,264.4114060921435,53.48117723052296,token,Prediction Market;DePIN;Storage
1104,REP,2023-05-31,70823649.62752315,1540994.0,1262113.5833333333,12.0,-0.45673334749797423,2.0,False,0.8646025936384971,0.2993807780915491,293035.6579243459,241.68952723769866,45.95971796614598,token,Prediction Market;DePIN;Storage
1104,REP,2023-06-30,41321342.29385315,1500111.0,1311285.5,12.0,-0.4540847949470119,2.0,False,0.8655364196970111,0.2996609259091033,307140.87792532775,134.53546975892678,27.545523160521554,token,Prediction Market;DePIN;Storage
1104,REP,2023-07-31,17864863.56123922,1517124.0,1322418.4166666667,12.0,-0.45943800856832206,2.0,False,0.88526422963093,0.30557926888927894,307061.30991915875,58.18011903206748,11.775480159327266,token,Prediction Market;DePIN;Storage
1104,REP,2023-08-31,13182773.14727406,1388662.0,1332730.0833333333,12.0,0.44284962527793437,3.0,False,0.8960838981476924,0.3088251694443077,12170531.877369728,1.0831714899647504,9.493147466607468,token,Prediction Market;DePIN;Storage
1104,REP,2023-09-30,7017375.40590633,1357129.0,1354411.0,12.0,0.393244688042363,3.0,False,0.8814571174741377,0.30443713524224125,9700114.506915562,0.723432223496268,5.170750463593608,token,Prediction Market;DePIN;Storage
1104,REP,2023-10-31,7414676.74159217,1483448.0,1370623.5,12.0,0.18729709960959884,3.0,False,0.9080381114550791,0.31241143343652367,3366936.8169980515,2.202202519559921,4.998272094196878,token,Prediction Market;DePIN;Storage
1104,REP,2023-11-30,7159458.4777628,1638894.0,1419441.6666666667,12.0,-0.06747156168765567,3.0,False,0.9120612552807115,0.31361837658421343,1183830.733355102,6.0477045206219096,4.3684695152723725,token,Prediction Market;DePIN;Storage
1104,REP,2023-12-31,10375878.28395756,1839298.0,1490127.6666666667,12.0,-0.1844874727066077,3.0,False,1.0579359392793606,0.35738078178380817,846710.0679973164,12.25434617601647,5.641216531501453,token,Prediction Market;DePIN;Storage
1104,REP,2024-01-31,8784085.62428117,1877082.0,1539763.25,12.0,-0.2485094341422578,3.0,False,1.0603117345404593,0.35809352036213776,719609.902313028,12.206732558913734,4.679649383607733,token,Prediction Market;DePIN;Storage
1104,REP,2025-10-31,21206105.64010611,3002163.0,2463507.6666666665,12.0,0.08479979232765467,3.0,False,0.9754574239235125,0.33263722717705374,3693982.5493706875,5.740716247757807,7.063609017933441,token,Prediction Market;DePIN;Storage
1552,MLN,2021-03-31,215681641.80716124,21885132.0,,1.0,,,False,0.5851382096616515,0.21554146289849546,,,9.855167508569801,token,Indexes
1552,MLN,2021-04-30,211672205.9595328,29221254.0,,2.0,,,False,0.5747117052424803,0.21241351157274407,,,7.2437755737496,token,Indexes
1552,MLN,2021-05-31,149476167.97093782,90590635.0,,3.0,,,False,0.5587775749400273,0.2076332724820082,,,1.6500178850820266,token,Indexes
1552,MLN,2021-06-30,122844235.8640888,80965407.0,,4.0,,,False,0.5354158514317289,0.20062475542951866,,,1.5172434798492251,token,Indexes
1552,MLN,2021-07-31,141281757.79484284,91271311.0,,5.0,,,False,0.5810728988160707,0.21432186964482122,,,1.5479317240752994,token,Indexes
1552,MLN,2021-08-31,196769653.2686659,121645376.0,72596519.16666667,6.0,,,False,0.5161146379108399,0.19483439137325198,,,1.617567882470649,token,Indexes
1552,MLN,2021-09-30,249369458.121798,107538580.0,77588242.14285715,7.0,,,False,0.525752560935725,0.1977257682807175,,,2.31888367990165,token,Indexes
1552,MLN,2021-10-31,235291700.8650933,148717088.0,86479347.875,8.0,,,False,0.4583365812144364,0.1775009743643309,,,1.58214300743364,token,Indexes
1552,MLN,2021-11-30,187376795.2985277,148871372.0,93411795.0,9.0,,,False,0.33197116747795113,0.13959135024338534,,,1.258648944932997,token,Indexes
1552,MLN,2021-12-31,159122205.21341702,124913569.0,96561972.4,10.0,,,False,0.3834775684741035,0.15504327054223105,,,1.2738584485838926,token,Indexes
1552,MLN,2022-01-31,101408840.84754422,90724136.0,96031260.0,11.0,,,False,0.4354784390769891,0.17064353172309674,,,1.1177713596252294,token,Indexes
1552,MLN,2022-02-28,102864479.77147044,106960015.0,96941989.58333333,12.0,,,False,0.4205917048363528,0.16617751145090584,,,0.961709661049229,token,Indexes
1552,MLN,2022-03-31,125010119.9598692,228816602.0,114186278.75,12.0,,,False,0.4146405330131138,0.16439215990393413,,,0.546333259331721,token,Indexes
1552,MLN,2022-04-30,103754983.68117674,184893596.0,127158973.91666667,12.0,,,False,0.5039392785916279,0.19118178357748838,,,0.5611605048839914,token,Indexes
1552,MLN,2022-05-31,59615063.26850438,124866910.0,130015330.16666667,12.0,,,False,0.827698784096993,0.2883096352290979,,,0.4774288341763593,token,Indexes
1552,MLN,2022-06-30,49874111.30004829,34689641.0,126159016.33333333,12.0,,,False,0.937829301359312,0.32134879040779357,,,1.437723477739314,token,Indexes
1552,MLN,2022-07-31,57215371.2826267,49133122.0,122647500.58333333,12.0,,,False,0.9483743840168202,0.32451231520504603,,,1.1644969615939875,token,Indexes
1552,MLN,2022-08-31,46874032.44467578,45715745.0,116320031.33333333,12.0,0.6022811102869337,1.0,False,0.9482174342893797,0.32446523028681384,2266585565.716199,0.020680460139551122,1.0253367290563848,token,Indexes
1552,MLN,2022-09-30,39455590.37773758,40382196.0,110723666.0,12.0,0.42706759351672363,1.0,False,0.9501755962318273,0.3250526788695482,869454312.5407442,0.045379716689700846,0.9770541051739133,token,Indexes
1552,MLN,2022-10-31,49220885.84061105,45265352.0,102102688.0,12.0,0.18065978188899479,1.0,False,0.9488709265882608,0.3246612779764782,236685963.10777813,0.20795861822273615,1.0873854651701604,token,Indexes
1552,MLN,2022-11-30,42897236.72967648,39045531.0,92950534.58333333,12.0,-0.004937924773489977,1.0,False,0.9407924146687648,0.3222377244006294,97934508.55674069,0.43801962517454146,1.098646519359065,token,Indexes
1552,MLN,2022-12-31,38737125.62073159,36931781.0,85618718.91666667,12.0,-0.11332881062124345,1.0,False,0.9350479227737033,0.320514376832111,60612086.75384964,0.6390990262065395,1.0488832266370147,token,Indexes
1552,MLN,2023-01-31,48181584.52860417,48087679.0,82065680.83333333,12.0,-0.14542742817981014,1.0,False,0.8119051822108598,0.28357155466325795,51416957.59227072,0.9370757583651176,1.0019527981087248,token,Indexes
1552,MLN,2023-02-28,50718893.05049014,71306694.0,79094570.75,12.0,-0.1841041112323295,1.0,False,0.7902754743390946,0.27708264230172835,43102521.392008945,1.1767036222593985,0.7112781452256101,token,Indexes
1552,MLN,2023-03-31,43121623.53853323,76995580.0,66442818.916666664,12.0,-0.41811906260526366,1.0,False,0.6820980743543225,0.24462942230629675,16108075.990394635,2.6770188794892062,0.5600532334262984,token,Indexes
1552,MLN,2023-04-30,42148940.65983814,78673098.0,57591110.75,12.0,-0.5,1.0,True,0.7226247698936515,0.2567874309680955,10883388.232113088,3.8727774623964346,0.5357478189029513,token,Indexes
1552,MLN,2023-05-31,37541368.72842855,77299742.0,53627180.083333336,12.0,-0.5,1.0,True,0.7391367656037297,0.2617410296811189,10217659.829442263,3.6741650588379167,0.4856596898917017,token,Indexes
1552,MLN,2023-06-30,35169078.4754202,74962032.0,56983212.666666664,12.0,-0.5,1.0,True,0.8635324168141486,0.29905972504424455,11508132.658985503,3.056019557435352,0.4691585531648902,token,Indexes
1552,MLN,2023-07-31,49851745.8618693,63627154.0,58191048.666666664,12.0,-0.5,1.0,True,0.8501819203590743,0.29505457610772223,11682146.72933648,4.267344608562434,0.783497967893854,token,Indexes
1552,MLN,2023-08-31,35770943.43656055,62801245.0,59614840.333333336,12.0,-0.09380994089729044,2.0,False,0.8990524888661001,0.30971574665983,45171996.333909504,0.7918831652279265,0.5695897181108519,token,Indexes
1552,MLN,2023-09-30,35989786.23855058,64534079.0,61627497.25,12.0,-0.10877100096961612,2.0,False,0.8575040713107334,0.29725122139321997,44196742.28669498,0.8143085751681063,0.5576865246430585,token,Indexes
1552,MLN,2023-10-31,38256507.03058657,104942176.0,66600565.916666664,12.0,-0.12242800277838761,2.0,False,0.9076376309009587,0.3122912892702876,45604007.995190516,0.8388847540466438,0.36454844456995605,token,Indexes
1552,MLN,2023-11-30,35910883.59205736,121999659.0,73513409.91666667,12.0,-0.11287988820546413,2.0,False,0.9053177126746731,0.3115953138024019,52046821.735379405,0.6899726514452378,0.29435232759181207,token,Indexes
1552,MLN,2023-12-31,49636850.59629157,136401101.0,81802519.91666667,12.0,-0.07959222841105873,2.0,False,1.1114071330700936,0.3734221399210281,65339417.671293095,0.7596769662993117,0.36390359192402394,token,Indexes
1552,MLN,2024-01-31,39089425.48143113,139326273.0,89405736.08333333,12.0,-0.035113171482486605,2.0,False,1.0966076591251763,0.36898229773755287,83010416.11782123,0.4708978380008283,0.28056033251841256,token,Indexes
1552,MLN,2024-02-29,46930374.13030827,190235239.0,99316448.16666667,12.0,0.012172713896724918,2.0,False,1.1174860722185982,0.3752458216655794,108728705.71131945,0.43162818708530326,0.2466965341279818,token,Indexes
1552,MLN,2024-03-31,72333433.83229981,194456120.0,109104826.5,12.0,-0.022503926422232312,2.0,False,0.6639848800099466,0.23919546400298397,113685366.64414534,0.6362598456379689,0.37197818115624137,token,Indexes
1552,MLN,2024-04-30,53945913.63272751,157058299.0,115636926.58333333,12.0,-0.04638129118367462,2.0,False,0.6815344000685424,0.24446032002056273,107795565.6767767,0.5004465006889381,0.3434770017006711,token,Indexes
1552,MLN,2024-05-31,57710285.22783805,179160936.0,124125359.41666667,12.0,-0.02291357858356846,2.0,False,0.6763774514372023,0.2429132354311607,128601609.03721152,0.4487524352136161,0.322114220411519,token,Indexes
1552,MLN,2024-06-30,45547512.15464273,160381661.0,131243661.83333333,12.0,0.019952677826840848,2.0,False,0.6796496821976061,0.24389490465928185,165611256.9290914,0.2750266678680211,0.28399451577348817,token,Indexes
1552,MLN,2024-07-31,46285677.05027644,153925695.0,138768540.25,12.0,0.06369265120050494,2.0,False,0.6706235280808198,0.24118705842424595,217682939.15144047,0.2126288685310144,0.3007014329237003,token,Indexes
1552,MLN,2024-08-31,41005837.40141352,108344971.0,142563850.75,12.0,0.25226970209897437,3.0,False,0.637819707711638,0.2313459123134914,642078862.3800244,0.06386417588863652,0.3784747646608676,token,Indexes
1552,MLN,2024-09-30,42745442.04664977,157098110.0,150277520.0,12.0,0.2465203385440371,3.0,False,0.6714208834351415,0.24142626503054246,627403019.5930728,0.06813075600811426,0.2720939293709502,token,Indexes
1552,MLN,2024-10-31,41778205.14834217,154668854.0,154421409.83333334,12.0,0.21319804661319064,3.0,False,0.771579963195098,0.27147398895852937,482350085.10152453,0.08661386498884671,0.2701138856847169,token,Indexes
1552,MLN,2024-11-30,49292295.01608943,209876885.0,161744512.0,12.0,0.20081456092236638,3.0,False,0.7469223237308626,0.2640766971192588,484557159.74372715,0.10172648164389764,0.23486290553668848,token,Indexes
1552,MLN,2024-12-31,49755003.21994595,147029976.0,162630251.58333334,12.0,0.18977562851861562,3.0,False,0.7493173269776937,0.2647951980933081,458698576.17962444,0.10846993168006282,0.3384004036016843,token,Indexes
1552,MLN,2025-01-31,41452765.3597809,140999356.0,162769675.16666666,12.0,0.19230387807713378,3.0,False,0.6985692457037188,0.24957077371111563,488539615.55172956,0.0848503663576319,0.2939925864610396,token,Indexes
1552,MLN,2025-02-28,31676827.61755826,106953464.0,155829527.25,12.0,0.17141992865394529,3.0,False,0.7146457875552265,0.2543937362665679,411842961.77405053,0.07691482083633888,0.29617392866825015,token,Indexes
1552,MLN,2025-03-31,38605433.61416317,88357417.0,146987968.66666666,12.0,0.08781728696603563,3.0,False,0.7054287751789382,0.25162863255368145,254452038.56087652,0.1517198833717616,0.43692351955199377,token,Indexes
1552,MLN,2025-04-30,27023814.49541413,93519850.0,141693097.91666666,12.0,0.036733726321827254,3.0,False,0.6682906388073903,0.24048719164221707,194862441.43187696,0.1386814939648672,0.288963407184829,token,Indexes
1552,MLN,2025-05-31,23957804.69162457,118659045.0,136651273.66666666,12.0,0.01673172160959613,3.0,False,0.602679569816624,0.22080387094498719,176324515.46556228,0.13587336184288984,0.20190458040197923,token,Indexes
1552,MLN,2025-06-30,21218785.70833106,114213593.0,132803934.66666667,12.0,0.01725745842685633,3.0,False,0.6641180881403161,0.23923542644209483,166604411.29806417,0.1273602874198182,0.18578161452578643,token,Indexes
1552,MLN,2025-07-31,22879068.20978146,155623751.0,132945439.33333333,12.0,0.027239191703844368,3.0,False,0.6529120934238407,0.23587362802715223,175956117.97935563,0.13002712535670846,0.1470152728151467,token,Indexes
1552,MLN,2025-08-31,24370733.52882331,169287291.0,138023966.0,12.0,0.05868476629424513,3.0,False,0.6226911352348934,0.22680734057046803,217693274.90089872,0.11194986863933984,0.14396079814888946,token,Indexes
1552,MLN,2025-09-30,22226432.44126474,164752836.0,138661859.83333334,12.0,0.07788440399288166,3.0,False,0.6121322974766081,0.22363968924298244,243583933.2874251,0.09124753074349083,0.13490773804503578,token,Indexes
1552,MLN,2025-10-31,19809862.18692987,148247935.0,138126783.25,12.0,0.1059790677991912,3.0,False,0.6179041729258841,0.22537125187776522,280549348.3741989,0.07061097201518829,0.1336265640862375,token,Indexes
1552,MLN,2025-11-30,17916419.15102702,128292913.0,131328118.91666667,12.0,0.12210959835146862,3.0,False,0.6051391074417145,0.22154173223251436,294629958.89772075,0.06080990276092938,0.1396524463594261,token,Indexes
1552,MLN,2025-12-31,13906476.12836704,123694114.0,129383463.75,12.0,0.14754576900303573,3.0,False,0.6201935333444846,0.22605806000334538,329088796.5119571,0.042257519173436106,0.1124263368616476,token,Indexes
1556,TIME,2021-09-30,20154728.15835811,737455.0,,1.0,,,False,-0.10933807558370025,0.05,,,27.330112560574012,token,Lending;Yield
1556,TIME,2021-10-31,32224839.67043221,1056763.0,,2.0,,,False,0.006351709990194991,0.05,,,30.493913649921705,token,Lending;Yield
1556,TIME,2021-11-30,38825854.20822206,1192975.0,,3.0,,,False,-0.11978419779764356,0.05,,,32.54540473037747,token,Lending;Yield
1556,TIME,2021-12-31,126003051.59089296,2068155.0,,4.0,,,False,-0.44310977671978014,0.05,,,60.92534243849855,token,Lending;Yield
1556,TIME,2022-01-31,200337524.8991601,1902507.0,,5.0,,,False,-0.42941274507308985,0.05,,,105.30185954593601,token,Lending;Yield
1556,TIME,2022-02-28,115305887.22265545,1036391.0,1332374.3333333333,6.0,,,False,-0.5394853774127668,0.05,,,111.25712903976921,token,Lending;Yield
1556,TIME,2022-03-31,54109811.5694387,848498.0,1263249.142857143,7.0,,,False,-0.5264862786751822,0.05,,,63.77128946613746,token,Lending;Yield
1556,TIME,2022-04-30,36028861.49775343,305415.0,1143519.875,8.0,,,False,-0.4924684346234437,0.05,,,117.9669024041171,token,Lending;Yield
1556,TIME,2022-05-31,22646859.93242104,215642.0,1040422.3333333334,9.0,,,False,-0.45008564682036684,0.05,,,105.02063574081598,token,Lending;Yield
1556,TIME,2022-06-30,18397119.59705373,167172.0,953097.3,10.0,,,False,-0.34408170899355567,0.05,,,110.04904886616018,token,Lending;Yield
1556,TIME,2022-07-31,57322965.35355778,327655.0,896238.9090909091,11.0,,,False,-0.3523928515419223,0.05,,,174.9491549146443,token,Lending;Yield
1556,TIME,2022-08-31,42163513.51784628,280715.0,844945.25,12.0,,,False,-0.3079307050950108,0.05,,,150.2004293245686,token,Lending;Yield
1556,TIME,2022-09-30,41613744.47013187,288445.0,807527.75,12.0,,,False,-0.31780303301226615,0.05,,,144.26925226692043,token,Lending;Yield
1556,TIME,2022-10-31,40526885.27315759,298463.0,744336.0833333334,12.0,,,False,-0.30900220779906773,0.05,,,135.78529088415513,token,Lending;Yield
1556,TIME,2022-11-30,53195156.76675385,383156.0,676851.1666666666,12.0,,,False,-0.30664215153252977,0.05,,,138.83420008235248,token,Lending;Yield
1556,TIME,2022-12-31,35599632.70699288,677.0,504561.3333333333,12.0,,,False,-0.29793294087228595,0.05,,,52584.39099998948,token,Lending;Yield
1556,TIME,2023-01-31,41950812.1995908,324456.0,373057.0833333333,12.0,,,False,-0.5192517988492147,0.05,,,129.29584350294277,token,Lending;Yield
1556,TIME,2023-02-28,36104414.73146632,305089.0,312115.25,12.0,-0.5,1.0,True,-0.5362381019101439,0.05,37971.744680579,950.8231722081566,118.34059809257732,token,Lending;Yield
1556,TIME,2023-03-31,28091221.75780249,271390.0,264022.9166666667,12.0,-0.5,1.0,True,-0.6269443984926993,0.05,32120.861705695108,874.547576437585,103.5086840259497,token,Lending;Yield
1556,TIME,2023-04-30,22905429.10745733,247684.0,259212.0,12.0,-0.5,1.0,True,-0.6362486373958877,0.05,31535.56861493389,726.3363279459087,92.47843666711346,token,Lending;Yield
1556,TIME,2023-05-31,16283193.3462582,207325.0,258518.91666666666,12.0,-0.5,1.0,True,-0.6861604426777274,0.05,31451.24853324708,517.7280427848598,78.5394590438114,token,Lending;Yield
1556,TIME,2023-06-30,12543924.98966114,159927.0,257915.16666666666,12.0,-0.5,1.0,True,-0.7063830378499224,0.05,31377.79668861309,399.77073961389056,78.43531729889975,token,Lending;Yield
1556,TIME,2023-07-31,12597403.65821789,162716.0,244170.25,12.0,-0.5,1.0,True,-0.7183982088279013,0.05,29705.598786323786,424.0750623757038,77.41957556858509,token,Lending;Yield
1556,TIME,2023-08-31,9669966.13395702,137006.0,232194.5,12.0,-0.5,1.0,True,-0.6814515049663992,0.05,28248.636586115867,342.3162071726245,70.58060328713356,token,Lending;Yield
1556,TIME,2023-09-30,10932863.80968997,141583.0,219956.0,12.0,-0.5,1.0,True,-0.6633787675828321,0.05,26759.708386441973,408.55691145084364,77.21876079536365,token,Lending;Yield
1556,TIME,2023-10-31,9990821.68945098,143094.0,207008.58333333334,12.0,-0.5,1.0,True,-0.7217309312395135,0.05,25184.53383172304,396.70465040993935,69.81999028226885,token,Lending;Yield
1556,TIME,2023-11-30,16424793.64602103,182072.0,190251.58333333334,12.0,-0.5,1.0,True,-0.7796205965863026,0.05,23145.8877687304,709.6203787962099,90.21043129103339,token,Lending;Yield
1556,TIME,2023-12-31,14111655.62029238,204279.0,207218.41666666666,12.0,-0.5,1.0,True,-0.8598613414887404,0.05,25210.06202286015,559.7628283300579,69.0803049764899,token,Lending;Yield
1556,TIME,2024-01-31,14822481.96478564,206732.0,197408.08333333334,12.0,-0.4708367910630299,1.0,False,-0.8666139103803715,0.05,27337.92968352454,542.1947505307451,71.69902078432773,token,Lending;Yield
1556,TIME,2024-02-29,15573732.98375114,241682.0,192124.16666666666,12.0,-0.5,2.0,True,-0.8487296573998625,0.05,23373.705077325354,666.2928676574727,64.43894449628496,token,Lending;Yield
1556,TIME,2024-03-31,24123914.13705432,369769.0,200322.41666666666,12.0,-0.5,2.0,True,-0.8029048198451102,0.05,24371.099007380224,989.8574590234502,65.24049916854663,token,Lending;Yield
1556,TIME,2024-04-30,21990344.66308383,351281.0,208955.5,12.0,-0.5,2.0,True,-0.6901606302059454,0.05,25421.394486820893,865.0329813529385,62.60043857505481,token,Lending;Yield
1556,TIME,2024-05-31,21010492.71663168,352591.0,221061.0,12.0,-0.5,2.0,True,0.17403076452437422,0.09220922935731227,29586.749498659563,710.1318351170536,59.5888514358894,token,Lending;Yield
1556,TIME,2024-06-30,16817414.07780236,286160.0,231580.41666666666,12.0,-0.5,2.0,True,0.19578507048146554,0.09873552114443966,31504.779711833424,533.8051632681506,58.769269212337015,token,Lending;Yield
1556,TIME,2024-07-31,13586938.24954971,277959.0,241184.0,12.0,-0.4812449355507339,2.0,False,0.23838819783003026,0.11151645934900908,36306.20564922706,374.2318429201915,48.88108767677862,token,Lending;Yield
1556,TIME,2024-08-31,12517824.05929928,242772.0,249997.83333333334,12.0,-0.4560564416817089,2.0,False,0.25458103241744934,0.1163743097252348,41782.453474502996,299.595237195395,51.56205847173183,token,Lending;Yield
1727,BNT,2020-11-30,90382590.98425113,81303562.0,,1.0,,,False,0.9952654132362826,0.33857962397088476,,,1.1116682807113805,token,Dexs;DEX;Payments
1727,BNT,2020-12-31,121894997.64129254,124954208.0,,2.0,,,False,0.7995365544277188,0.2798609663283156,,,0.9755173482536302,token,Dexs;DEX;Payments
1727,BNT,2021-01-31,221618942.4031871,286308474.0,,3.0,,,False,0.914994125519668,0.31449823765590035,,,0.7740565247928607,token,Dexs;DEX;Payments
1727,BNT,2021-02-28,674903621.5985632,821198941.0,,4.0,,,False,1.1035376817946856,0.37106130453840563,,,0.821851548878901,token,Dexs;DEX;Payments
1727,BNT,2021-03-31,1286449611.5114915,1801250945.0,,5.0,,,False,1.0796606403276474,0.3638981920982942,,,0.7141978829115848,token,Dexs;DEX;Payments
1727,BNT,2021-04-30,1228309890.2065606,1877256097.0,832045371.1666666,6.0,,,False,0.9944670114681146,0.33834010344043436,,,0.6543113068960035,token,Dexs;DEX;Payments
1727,BNT,2021-05-31,964041721.058715,1516761227.0,929861922.0,7.0,,,False,0.9986627720905799,0.3395988316271739,,,0.6355922764227642,token,Dexs;DEX;Payments
1727,BNT,2021-06-30,746450276.6948161,1233812480.0,967855741.75,8.0,,,False,1.0007562799671688,0.3402268839901506,,,0.604994915187449,token,Dexs;DEX;Payments
1727,BNT,2021-07-31,841556572.72363,1378095416.0,1013437927.7777778,9.0,,,False,1.0314973062371504,0.3494491918711451,,,0.6106664044832945,token,Dexs;DEX;Payments
1727,BNT,2021-08-31,992620963.3545344,1562667333.0,1068360868.3,10.0,,,False,1.0171797112720637,0.3451539133816191,,,0.6352093899914745,token,Dexs;DEX;Payments
1727,BNT,2021-09-30,806156419.758103,1336268560.0,1092716113.0,11.0,,,False,1.0253859493896036,0.34761578481688105,,,0.6032892218597907,token,Dexs;DEX;Payments
1727,BNT,2021-10-31,1007669358.151312,1706789803.0,1143888920.5,12.0,,,False,0.9816696583519072,0.33450089750557216,,,0.5903886678840863,token,Dexs;DEX;Payments
1727,BNT,2021-11-30,964033379.855758,1590673581.0,1269669755.4166667,12.0,,,False,0.9327494421951756,0.31982483265855266,,,0.6060535557833961,token,Dexs;DEX;Payments
1727,BNT,2021-12-31,758082150.523817,1270269984.0,1365112736.75,12.0,,,False,0.9427988044923653,0.32283964134770954,,,0.5967882104374883,token,Dexs;DEX;Payments
1727,BNT,2022-01-31,604142363.1037189,989038763.0,1423673594.1666667,12.0,,,False,0.940560657804213,0.3221681973412639,,,0.6108379021174106,token,Dexs;DEX;Payments
1727,BNT,2022-02-28,633539089.0324825,962715699.0,1435466657.3333333,12.0,,,False,0.9383067473824329,0.32149202421472983,,,0.658074953686283,token,Dexs;DEX;Payments
1727,BNT,2022-03-31,696860866.6061537,1223373458.0,1387310200.0833333,12.0,,,False,0.9397499062670923,0.32192497188012764,,,0.5696223520701507,token,Dexs;DEX;Payments
1727,BNT,2022-04-30,533122209.486272,932523616.0,1308582493.3333333,12.0,0.5727297316713413,1.0,False,1.0038873693153965,0.3411662107946189,20217732044.394726,0.02636904121172571,0.5716983466574984,token,Dexs;DEX;Payments
1727,BNT,2022-05-31,338550699.88690275,620461227.0,1233890826.6666667,12.0,0.32696134498414997,1.0,False,1.1763392818310296,0.39290178454930885,4769770274.370053,0.07097840785038968,0.5456436037491554,token,Dexs;DEX;Payments
1727,BNT,2022-06-30,113702550.68453611,182266747.0,1146262015.5833333,12.0,0.18433147228196756,1.0,False,1.2854742595471909,0.4256422778641572,2284412438.324734,0.04977321466867843,0.6238249848423317,token,Dexs;DEX;Payments
1727,BNT,2022-07-31,119651704.29409912,176796678.0,1046153787.4166666,12.0,0.03228205570579612,1.0,False,1.2588480698666296,0.41765442095998884,1206800097.6661706,0.0991479073671716,0.6767757496783912,token,Dexs;DEX;Payments
1727,BNT,2022-08-31,94275150.38384622,136165791.0,927278658.9166666,12.0,-0.13205482676263358,1.0,False,1.2519645447660037,0.4155893634298011,633505960.3208903,0.1488149382779176,0.692355618040997,token,Dexs;DEX;Payments
1727,BNT,2022-09-30,86065331.07776608,120315595.0,825949245.1666666,12.0,-0.24413190641157256,1.0,False,1.261918881215459,0.41857566436463767,407637829.5511945,0.21113185489316144,0.7153298047336762,token,Dexs;DEX;Payments
1727,BNT,2022-10-31,94071690.83226526,127191361.0,694316041.6666666,12.0,-0.393021447079689,1.0,False,1.2706040456439311,0.4211812136931793,224804988.51415482,0.41845908960486455,0.739607549543127,token,Dexs;DEX;Payments
1727,BNT,2022-11-30,77130996.60166179,91693946.0,569401072.0833334,12.0,-0.5,1.0,True,1.2798150405459758,0.4239445121637927,134573525.77367562,0.5731513398213249,0.8411787251653646,token,Dexs;DEX;Payments
1727,BNT,2022-12-31,57917670.72454135,75097430.0,469803359.25,12.0,-0.5,1.0,True,1.2809203714028206,0.42427611142084615,111073561.01187843,0.5214352560313387,0.7712337256353693,token,Dexs;DEX;Payments
1727,BNT,2023-01-31,67528317.45008536,91675723.0,395023105.9166667,12.0,-0.5,1.0,True,1.2799224167551797,0.42397672502655387,93363847.49363285,0.7232812192609199,0.7365997806211505,token,Dexs;DEX;Payments
1727,BNT,2023-02-28,73053919.22135755,97725906.0,322940623.1666667,12.0,-0.5,1.0,True,1.2908959141987786,0.42726877425963355,76593920.20179178,0.9537822196447465,0.7475389301722877,token,Dexs;DEX;Payments
1727,BNT,2023-03-31,89030514.00579785,107662202.0,229964685.16666666,12.0,-0.5,1.0,True,1.2645634697457773,0.41936904092373317,54084768.56210334,1.6461291482382463,0.8269430900716469,token,Dexs;DEX;Payments
1727,BNT,2023-04-30,74898602.06846794,97872033.0,160410386.58333334,12.0,-0.5,2.0,True,1.3218413349077982,0.43655240047233945,38415812.543924026,1.9496815792411024,0.7652707292640784,token,Dexs;DEX;Payments
1727,BNT,2023-05-31,64582736.18279742,85049310.0,115792726.83333333,12.0,-0.5,2.0,True,1.2804400226808639,0.4241320068042591,27372173.634777386,2.3594303121306597,0.7593563802316259,token,Dexs;DEX;Payments
1727,BNT,2023-06-30,58209701.07848816,74353415.0,106799949.16666667,12.0,-0.5,2.0,True,1.3160642226362453,0.43481926679087357,25531178.794240087,2.2799456910160547,0.7828786489294158,token,Dexs;DEX;Payments
1727,BNT,2023-07-31,56106590.49397212,74198774.0,98250123.83333333,12.0,-0.5,2.0,True,1.2750166295386367,0.422504988861591,23185035.88904834,2.4199483995827915,0.7561660047640696,token,Dexs;DEX;Payments
1727,BNT,2023-08-31,60527292.36917611,67408988.0,92520390.25,12.0,-0.5,2.0,True,1.2462815138680179,0.4138844541604053,21630575.53959635,2.7982284733190053,0.8979113047829187,token,Dexs;DEX;Payments
1727,BNT,2023-09-30,59478342.61118963,63120379.0,87754122.25,12.0,-0.5,2.0,True,1.2287831581275734,0.408634947438272,20398180.607905947,2.915865083974056,0.9423001501811267,token,Dexs;DEX;Payments
1727,BNT,2023-10-31,75839544.70480229,75884445.0,83478545.91666667,12.0,-0.5,2.0,True,1.3413891800861066,0.44241675402583197,20112169.436908282,3.770828648928717,0.9994083069962796,token,Dexs;DEX;Payments
1727,BNT,2023-11-30,103186305.39136602,82248002.0,82691383.91666667,12.0,-0.5,2.0,True,1.3085437217954923,0.43256311653864765,19721618.68740363,5.2321417945917394,1.2545752222815822,token,Dexs;DEX;Payments
1727,BNT,2023-12-31,99139580.82195768,84930606.0,83510815.25,12.0,-0.5,2.0,True,1.4273440027568856,0.4682032008270656,20636950.904269375,4.8039839451984,1.1673009942017567,token,Dexs;DEX;Payments
1727,BNT,2024-01-31,91995411.0483874,82001807.0,82704655.58333333,12.0,-0.5,2.0,True,1.4007414155941005,0.4602224246782301,20281384.467932113,4.5359532133442775,1.1218705344918485,token,Dexs;DEX;Payments
1727,BNT,2024-02-29,113231548.36499724,105579490.0,83359120.91666667,12.0,-0.5,2.0,True,1.0091678608090158,0.3427503582427047,17894434.091266766,6.3277524054398,1.0724767505980304,token,Dexs;DEX;Payments
1727,BNT,2024-03-31,121735525.92439435,106054270.0,83225126.58333333,12.0,-0.5,2.0,True,0.9381351785064382,0.32144055355193146,17357324.585733555,7.013495963799168,1.1478606747695719,token,Dexs;DEX;Payments
1727,BNT,2024-04-30,85652650.65476035,84694776.0,82127021.83333333,12.0,-0.5,3.0,True,0.9504359146774518,0.3251307744032355,17216200.116955757,4.975119368553543,1.01130972534552,token,Dexs;DEX;Payments
1727,BNT,2024-05-31,108314398.8070679,97368045.0,83153583.08333333,12.0,-0.5,3.0,True,0.9875562812426836,0.33626688437280505,17697319.400856074,6.120384469177202,1.1124224462663075,token,Dexs;DEX;Payments
1727,BNT,2024-06-30,79529180.16302483,69719722.0,82767442.0,12.0,-0.5,3.0,True,0.9816268558192253,0.33448805674576754,17573123.268251464,4.525614425450851,1.1406984692656237,token,Dexs;DEX;Payments
1727,BNT,2024-07-31,71656656.95362322,66867836.0,82156530.5,12.0,-0.5,3.0,True,0.9921200223845899,0.3376360067153769,17517150.83460422,4.090657072614185,1.0716162095274508,token,Dexs;DEX;Payments
1727,BNT,2024-08-31,60048501.38341304,54354111.0,81068624.08333333,12.0,-0.5,3.0,True,0.9804892989900449,0.33414678969701345,17204525.095159303,3.4902736955121414,1.1047646678171783,token,Dexs;DEX;Payments
1727,BNT,2024-09-30,63781187.56207881,60127396.0,80819208.83333333,12.0,-0.5,3.0,True,0.9760503509929255,0.3328151052978776,17120801.913298868,3.725362157980212,1.0607675004265744,token,Dexs;DEX;Payments
1727,BNT,2024-10-31,61536577.69747325,56613701.0,79213313.5,12.0,-0.5,3.0,True,1.0106849925154353,0.34320549775463055,17014649.900877185,3.616681980291628,1.0869555710105094,token,Dexs;DEX;Payments
1727,BNT,2024-11-30,96010549.57637411,76074393.0,78698846.08333333,12.0,-0.5,3.0,True,1.1072301427669708,0.3721690428300912,17535019.42003199,5.47536032191055,1.2620613295774061,token,Dexs;DEX;Payments
1727,BNT,2024-12-31,78326188.33274461,69380840.0,77403032.25,12.0,-0.5,3.0,True,1.1211274142586989,0.37633822427760966,17333555.819524746,4.518760556014534,1.1289311045058639,token,Dexs;DEX;Payments
1727,BNT,2025-01-31,79153309.3832772,68259532.0,76257842.66666667,12.0,-0.5,3.0,True,1.1210213427865263,0.37630640283595784,17076449.010467242,4.635232379680289,1.159593496528473,token,Dexs;DEX;Payments
1727,BNT,2025-02-28,52588279.82308923,47667292.0,71431826.16666667,12.0,-0.5,3.0,True,1.1481135803473805,0.38443407410421415,16151380.715813307,3.2559618739964256,1.1032361524352847,token,Dexs;DEX;Payments
1727,BNT,2025-03-31,47682520.90230441,39817923.0,65912130.583333336,12.0,-0.5,3.0,True,1.1456797890485046,0.3837039367145514,14890495.934461866,3.2022117404397674,1.1975140165473828,token,Dexs;DEX;Payments
1727,BNT,2025-04-30,52818927.72431735,43063733.0,62442877.0,12.0,-0.5,3.0,True,1.1450638055482398,0.38351914166447193,14103663.02165634,3.745050320843122,1.2265292403776829,token,Dexs;DEX;Payments
1727,BNT,2025-05-31,73387482.1582441,53780721.0,58810600.0,12.0,-0.5,3.0,True,1.146390284862562,0.38391708545876857,13289501.906947335,5.522214652746272,1.3645685813368718,token,Dexs;DEX;Payments
1727,BNT,2025-06-30,68535223.94828174,52086795.0,57341189.416666664,12.0,-0.5,3.0,True,1.0548601224495546,0.35645803673486637,12529244.253096813,5.47002058255366,1.3157888472170678,token,Dexs;DEX;Payments
1727,BNT,2025-07-31,83407263.57919595,65450229.0,57223055.5,12.0,-0.5,3.0,True,1.0605173784177657,0.3581552135253297,12530325.179833619,6.65643248536216,1.2743616768582422,token,Dexs;DEX;Payments
1727,BNT,2025-08-31,85534041.07617597,68840904.0,58430288.25,12.0,-0.5,3.0,True,1.0366225609986592,0.35098676829959774,12678247.079575429,6.746519494321162,1.242488638385341,token,Dexs;DEX;Payments
1727,BNT,2025-09-30,76099752.95152292,62730307.0,58647197.5,12.0,-0.5,3.0,True,1.0375040873422217,0.35125122620266647,12729644.125279272,5.978152429289015,1.2131257854600157,token,Dexs;DEX;Payments
1727,BNT,2025-10-31,66430224.73970447,53655404.0,58400672.75,12.0,-0.5,3.0,True,1.045102176407852,0.3535306529223556,12713250.385300346,5.225274632875491,1.238090104394787,token,Dexs;DEX;Payments
1727,BNT,2025-11-30,56392986.41615831,42576539.0,55609184.916666664,12.0,-0.5,3.0,True,1.0320381508836955,0.3496114452651086,12044736.521744935,4.681960980578477,1.3245084673547165,token,Dexs;DEX;Payments
1727,BNT,2025-12-31,46614976.96916846,39732190.0,53138464.083333336,12.0,-0.5,3.0,True,1.0432818426858326,0.35298455280574975,11559638.313606385,4.032563623924102,1.1732294889652057,token,Dexs;DEX;Payments
1727,BNT,2026-01-31,36891935.53932774,35360683.0,50396893.333333336,12.0,-0.4965839139942245,3.0,False,1.1469762892928121,0.3840928867878436,11513018.653424084,3.2043668693575613,1.0433038168218567,token,Dexs;DEX;Payments
1727,BNT,2026-02-28,31489019.14633698,26900780.0,48666350.666666664,12.0,-0.4678484059892798,3.0,False,1.1397710879897225,0.38193132639691674,12119928.373515207,2.5981192442644816,1.1705615653649069,token,Dexs;DEX;Payments
1727,BNT,2026-03-31,31137696.98123263,27175562.0,47612820.583333336,12.0,-0.40840986878899077,3.0,False,1.1365313982906589,0.38095941948719764,14163648.89861336,2.1984233868068452,1.1457977200704306,token,Dexs;DEX;Payments
1727,BNT,2026-04-30,33076816.50511981,29340590.0,46469225.333333336,12.0,-0.33832562515949094,3.0,False,1.1318152875605483,0.37954458626816445,16958755.558338128,1.9504271048270934,1.1273398559851664,token,Dexs;DEX;Payments
1727,BNT,2026-05-31,35339302.55882516,29245138.0,44424593.416666664,12.0,-0.2733687690215977,3.0,False,1.1139578569192812,0.3741873570757843,19518978.36382505,1.8105098484211788,1.2083821440276725,token,Dexs;DEX;Payments
1732,NMR,2021-03-31,256615203.9819649,11398882.0,,1.0,,,False,0.2783918400874055,0.12351755202622164,,,22.512313398977625,token,Derivatives;AI/Big Data;Payments
1732,NMR,2021-04-30,342308931.44361675,16470006.0,,2.0,,,False,0.2261924272991128,0.10785772818973383,,,20.783776972735573,token,Derivatives;AI/Big Data;Payments
1732,NMR,2021-05-31,259602674.2546085,16617830.0,,3.0,,,False,0.22521790200198616,0.10756537060059584,,,15.621935851709189,token,Derivatives;AI/Big Data;Payments
1732,NMR,2021-06-30,180203451.990663,11256939.0,,4.0,,,False,0.21347607428590082,0.10404282228577025,,,16.00821075699735,token,Derivatives;AI/Big Data;Payments
1732,NMR,2021-07-31,213023785.3936797,12455990.0,,5.0,,,False,0.1948237102425527,0.09844711307276581,,,17.102115961371172,token,Derivatives;AI/Big Data;Payments
1732,NMR,2021-08-31,447866870.6080386,13533025.0,13622112.0,6.0,,,False,0.13833981203254248,0.08150194360976273,,,33.094365125907814,token,Derivatives;AI/Big Data;Payments
1732,NMR,2021-09-30,420072685.5398224,12181687.0,13416337.0,7.0,,,False,0.12014271645206388,0.07604281493561917,,,34.48395000953664,token,Derivatives;AI/Big Data;Payments
1732,NMR,2021-10-31,439318384.60049736,13448762.0,13420390.125,8.0,,,False,0.12751571772747355,0.07825471531824207,,,32.66608365888975,token,Derivatives;AI/Big Data;Payments
1732,NMR,2021-11-30,234897372.03720832,11927966.0,13254565.222222222,9.0,,,False,-0.015524429803961595,0.05,,,19.692994768530387,token,Derivatives;AI/Big Data;Payments
1732,NMR,2021-12-31,185718105.5066796,9171865.0,12846295.2,10.0,,,False,0.02284404260248268,0.05,,,20.248674125347417,token,Derivatives;AI/Big Data;Payments
1732,NMR,2022-01-31,148239602.10770416,7032496.0,12317768.0,11.0,,,False,0.09424300397941696,0.06827290119382509,,,21.07923020613224,token,Derivatives;AI/Big Data;Payments
1732,NMR,2022-02-28,182147997.63341832,8047667.0,11961926.25,12.0,,,False,0.09274924584272737,0.06782477375281822,,,22.633639989504825,token,Derivatives;AI/Big Data;Payments
1732,NMR,2022-03-31,184009316.551603,8835373.0,11748300.5,12.0,,,False,0.10622863045779714,0.07186858913733915,,,20.826434441602295,token,Derivatives;AI/Big Data;Payments
1732,NMR,2022-04-30,138420616.43928784,6329852.0,10903287.666666666,12.0,,,False,0.15210619943811762,0.08563185983143529,,,21.867907249535666,token,Derivatives;AI/Big Data;Payments
1732,NMR,2022-05-31,74799268.52897137,3408374.0,9802499.666666666,12.0,,,False,0.27026952546660543,0.12108085763998164,,,21.945733810013625,token,Derivatives;AI/Big Data;Payments
1732,NMR,2022-06-30,144923136.3686789,3782901.0,9179663.166666666,12.0,,,False,0.07988436607784406,0.06396530982335322,,,38.31005262064191,token,Derivatives;AI/Big Data;Payments
1732,NMR,2022-07-31,123437136.98818734,4359108.0,8504923.0,12.0,,,False,0.04779297629178946,0.054337892887536834,,,28.31706325885648,token,Derivatives;AI/Big Data;Payments
1732,NMR,2022-08-31,101943328.78517114,4288287.0,7734528.166666667,12.0,-0.4322078568531321,1.0,False,0.06114126444167344,0.05834237933250203,1279272.3090002558,79.68852922708793,23.772506081139422,token,Derivatives;AI/Big Data;Payments
1732,NMR,2022-09-30,87257032.86174557,3660681.0,7024444.333333333,12.0,-0.4764260667175152,1.0,False,0.053046362398558235,0.05591390871956747,953192.0953226364,91.54191824493762,23.83628424922728,token,Derivatives;AI/Big Data;Payments
1732,NMR,2022-10-31,87674396.1011529,3679482.0,6210337.666666667,12.0,-0.5,1.0,True,0.03978064652708995,0.051934193958126984,757454.9881878217,115.7486549938896,23.82791819640724,token,Derivatives;AI/Big Data;Payments
1732,NMR,2022-11-30,68612304.44424172,2789441.0,5448793.916666667,12.0,-0.5,1.0,True,0.06748605016155908,0.060245815048467724,674848.5247501818,101.67067412593204,24.59715206173628,token,Derivatives;AI/Big Data;Payments
1732,NMR,2022-12-31,72592992.87367374,2909126.0,4926899.0,12.0,-0.5,1.0,True,0.06454508839219901,0.05936352651765971,609078.0045411416,119.18505073642054,24.9535402982455,token,Derivatives;AI/Big Data;Payments
1732,NMR,2023-01-31,97058271.91765748,3831480.0,4660147.666666667,12.0,-0.5,1.0,True,0.1273999036273563,0.07821997108820689,602230.00418994,161.16478960262137,25.33179656886046,token,Derivatives;AI/Big Data;Payments
1732,NMR,2023-02-28,123050386.14351337,4607405.0,4373459.166666667,12.0,-0.5,1.0,True,0.14568771869740205,0.08370631560922062,572983.0083214506,214.75398808768963,26.707091333085188,token,Derivatives;AI/Big Data;Payments
1732,NMR,2023-03-31,118967985.91484024,4704018.0,4029179.5833333335,12.0,-0.5,1.0,True,0.28324540840983653,0.12497362252295097,584367.2567386131,203.5842777687568,25.290716556535337,token,Derivatives;AI/Big Data;Payments
1732,NMR,2023-04-30,102156520.13148671,4065764.0,3840505.5833333335,12.0,-0.5,1.0,True,0.2601718426491586,0.11805155279474758,547850.862666511,186.46775444373384,25.12603292554283,token,Derivatives;AI/Big Data;Payments
1732,NMR,2023-05-31,89357040.04763472,3635971.0,3859472.0,12.0,-0.5,1.0,True,0.2699860611529651,0.12099581834588952,554466.9295350153,161.158466425709,24.57583958937921,token,Derivatives;AI/Big Data;Payments
1732,NMR,2023-06-30,84086939.23357113,2825305.0,3779672.3333333335,12.0,-0.5,1.0,True,0.26024425916356475,0.11807327774906942,539201.2026327115,155.94723977433105,29.762074973700585,token,Derivatives;AI/Big Data;Payments
1732,NMR,2023-07-31,84688262.74757503,2946026.0,3661915.5,12.0,-0.5,1.0,True,0.2810055677565156,0.12430167032695466,530253.9512649134,159.7126481482172,28.74661077246943,token,Derivatives;AI/Big Data;Payments
1732,NMR,2023-08-31,69303646.33946986,2616365.0,3522588.6666666665,12.0,-0.4914791744141569,2.0,False,0.3130383846445779,0.13391151539337337,538113.6777759789,128.7899735719439,26.4885237111297,token,Derivatives;AI/Big Data;Payments
1732,NMR,2023-09-30,77811917.53669952,2653256.0,3438636.5833333335,12.0,-0.493737032639218,2.0,False,0.28098812366287185,0.12429643709886154,509466.62574608397,152.73211944501475,29.326954329585806,token,Derivatives;AI/Big Data;Payments
1732,NMR,2023-10-31,85715231.69804357,2850705.0,3369571.8333333335,12.0,-0.49892263007605997,2.0,False,0.33116786188639574,0.1393503585659187,507358.4963507735,168.94411410188044,30.068082000081933,token,Derivatives;AI/Big Data;Payments
1732,NMR,2023-11-30,97715099.66161571,3329341.0,3414563.5,12.0,-0.4924429628351611,2.0,False,0.2522121591502875,0.11566364774508625,498001.7306953914,196.21437765923005,29.34968201263124,token,Derivatives;AI/Big Data;Payments
1732,NMR,2023-12-31,125143925.039806,3914568.0,3498350.3333333335,12.0,-0.47815358953438714,2.0,False,0.434730268744293,0.1704190806232879,606661.2412273379,206.2830399163576,31.96877025505905,token,Derivatives;AI/Big Data;Payments
1732,NMR,2024-01-31,124855535.3740952,3486341.0,3469588.75,12.0,-0.469270790391472,2.0,False,0.4229532984586342,0.16688598953759026,616185.7734519712,202.626449284336,35.812772007699536,token,Derivatives;AI/Big Data;Payments
1732,NMR,2024-02-29,194288201.77844945,4749734.0,3481449.5,12.0,-0.4605148561756056,2.0,False,0.45288095149162805,0.17586428544748842,649055.6017016015,299.3398427948119,40.90507000569915,token,Derivatives;AI/Big Data;Payments
1732,NMR,2024-03-31,229205812.01718807,6988793.0,3671847.4166666665,12.0,-0.4409446734452087,2.0,False,0.4218369770145576,0.16655109310436728,719553.6588017981,318.53887366629743,32.79619413784155,token,Derivatives;AI/Big Data;Payments
1732,NMR,2024-04-30,141587052.9817754,4628733.0,3718761.5,12.0,-0.4159898060450259,2.0,False,0.47654276379309096,0.1829628291379273,819487.7900422371,172.77506108355547,30.588727624119905,token,Derivatives;AI/Big Data;Payments
1732,NMR,2024-05-31,189369867.1263841,5639280.0,3885703.9166666665,12.0,-0.3703975136050107,2.0,False,0.4630530281448617,0.1789159084434585,996566.4304536763,190.02232198427103,33.58050444850834,token,Derivatives;AI/Big Data;Payments
1732,NMR,2024-06-30,125801588.87560564,3309774.0,3926076.3333333335,12.0,-0.34601769638924107,2.0,False,0.4714690754337823,0.1814407226301347,1101907.9042897273,114.16706276981958,38.009117503372025,token,Derivatives;AI/Big Data;Payments
1732,NMR,2024-07-31,100691011.3644694,2748834.0,3909643.6666666665,12.0,-0.32199422145796386,2.0,False,0.4730924851558052,0.18192774554674157,1196879.7690417946,84.12792493358062,36.63044453192495,token,Derivatives;AI/Big Data;Payments
1732,NMR,2024-08-31,107965056.76857646,2992582.0,3940995.0833333335,12.0,-0.33861580039976946,3.0,False,0.4524316701533923,0.1757295010460177,1126398.51828539,95.84978585813613,36.0775600363086,token,Derivatives;AI/Big Data;Payments
1732,NMR,2024-09-30,115743575.89861888,3428790.0,4005622.9166666665,12.0,-0.3316375615783633,3.0,False,0.4523159139443605,0.17569477418330814,1174096.2827468938,98.58099169501445,33.75639100050422,token,Derivatives;AI/Big Data;Payments
1732,NMR,2024-10-31,104078207.96455516,2874550.0,4007610.0,12.0,-0.3315943633805839,3.0,False,0.48821013106108274,0.18646303931832484,1192633.417143126,87.26755972834266,36.206782962395906,token,Derivatives;AI/Big Data;Payments
1732,NMR,2024-11-30,164154516.25570288,3890588.0,4054380.5833333335,12.0,-0.3262175796701975,3.0,False,0.611878978390058,0.2235636935170174,1292182.9822254782,127.0365873206175,42.19272671783877,token,Derivatives;AI/Big Data;Payments
1732,NMR,2024-12-31,114728314.59911875,2913222.0,3970935.0833333335,12.0,-0.32385740424621223,3.0,False,0.6099220624234357,0.22297661872703073,1274807.3243320615,89.99659196281364,39.38193333673807,token,Derivatives;AI/Big Data;Payments
1732,NMR,2025-01-31,102170104.35749193,2312460.0,3873111.6666666665,12.0,-0.31999934226352555,3.0,False,0.5789174860034556,0.2136752458010367,1244961.2065785497,82.06689800261306,44.182430985829775,token,Derivatives;AI/Big Data;Payments
1732,NMR,2025-02-28,81513502.9254531,1926082.0,3637807.3333333335,12.0,-0.3275197648288689,3.0,False,0.5864272709370056,0.2159281812811017,1142829.6372545406,71.32603169206901,42.3208892069253,token,Derivatives;AI/Big Data;Payments
1732,NMR,2025-03-31,64283448.18753939,1523942.0,3182403.0833333335,12.0,-0.35296657951644905,3.0,False,0.5961296438141692,0.21883889314425076,920651.573839307,69.82386172378347,42.18234564539818,token,Derivatives;AI/Big Data;Payments
1732,NMR,2025-04-30,73696903.4336287,1668666.0,2935730.8333333335,12.0,-0.35426708954839403,3.0,False,0.5762842614852516,0.21288527844557548,838392.0455845458,87.90267491415135,44.16516153240295,token,Derivatives;AI/Big Data;Payments
1732,NMR,2025-05-31,66980549.4116439,1663449.0,2604411.5833333335,12.0,-0.35712837005893583,3.0,False,0.49097282038382317,0.18729184611514696,709045.1987612278,94.46583874859537,40.26606731654767,token,Derivatives;AI/Big Data;Payments
1732,NMR,2025-06-30,58307082.08553915,1352083.0,2441270.6666666665,12.0,-0.3569228737104849,3.0,False,1.1125218177213807,0.37375654531641417,839073.7409226069,69.4898186438624,43.123892605364574,token,Derivatives;AI/Big Data;Payments
1732,NMR,2025-07-31,65722533.67207169,2102484.0,2387408.1666666665,12.0,-0.3452350403447493,3.0,False,1.1591629770998169,0.38774889312994504,860412.6266590736,76.38490142487566,31.259469119418597,token,Derivatives;AI/Big Data;Payments
1732,NMR,2025-08-31,111756128.00466315,3708429.0,2447062.0833333335,12.0,-0.3185975028399076,3.0,False,1.031768886132105,0.3495306658396315,920276.0219825952,121.43761799193845,30.13570652280606,token,Derivatives;AI/Big Data;Payments
1732,NMR,2025-09-30,123987072.9473993,3867711.0,2483638.8333333335,12.0,-0.29288157184443697,3.0,False,1.0213693893384388,0.34641081680153163,1005973.4132616286,123.2508447170595,32.05696417012525,token,Derivatives;AI/Big Data;Payments
1732,NMR,2025-10-31,90345062.8620096,2652825.0,2465161.75,12.0,-0.26507435516479316,3.0,False,1.0477053621163561,0.3543116086349068,1092860.612521257,82.66842251143196,34.05617138786373,token,Derivatives;AI/Big Data;Payments
1732,NMR,2025-11-30,84708493.17869149,2569625.0,2355081.5,12.0,-0.24391866060720535,3.0,False,0.9966008157005065,0.3389802447101519,1100266.9280529476,76.98903876770447,32.96531329617804,token,Derivatives;AI/Big Data;Payments
1732,NMR,2025-12-31,73565260.83890438,2138333.0,2290507.4166666665,12.0,-0.22532534458739595,3.0,False,1.0207347731703507,0.3462204319511052,1139132.2733828702,64.5800865780392,34.40308915351556,token,Derivatives;AI/Big Data;Payments
1732,NMR,2026-01-31,69786752.18917708,2176459.0,2279174.0,12.0,-0.2121214665538379,3.0,False,1.0098625039366482,0.34295875118099445,1178304.914363855,59.22639491566039,32.06435415929135,token,Derivatives;AI/Big Data;Payments
1732,NMR,2026-02-28,57493085.98206914,1717435.0,2261786.75,12.0,-0.19732045989174285,3.0,False,1.0272475506866867,0.348174265206006,1228491.6463853938,46.79973701997223,33.47613503979431,token,Derivatives;AI/Big Data;Payments
1732,NMR,2026-03-31,49155130.70211845,1413773.0,2252606.0,12.0,-0.1761979456434829,3.0,False,1.1127011589597258,0.3738103476879177,1324091.161083057,37.1236755797927,34.76875757431953,token,Derivatives;AI/Big Data;Payments
1732,NMR,2026-04-30,66195447.77452053,4901.0,2113958.9166666665,12.0,-0.18046146198013546,3.0,False,1.140742420574487,0.38222272617234604,1231590.9519998268,53.74791660090877,13506.518623652424,token,Derivatives;AI/Big Data;Payments
1732,NMR,2026-05-31,64293340.72937234,4851.0,1975742.4166666667,12.0,-0.20004146498467645,3.0,False,1.1326616405625347,0.3797984921687604,1083605.472876732,59.33279439673536,13253.626206838248,token,Derivatives;AI/Big Data;Payments
1934,LRC,2020-08-31,247267083.9811163,18748444.0,,1.0,,,False,0.7778341523704922,0.27335024571114763,,,13.18867229627783,token,Dexs;DEX;Layer-2;Modular Blockchain;Privacy;Smart Contract Platform;Zero Knowledge
1934,LRC,2020-09-30,234971332.2086472,18675139.0,,2.0,,,False,0.7811131027030888,0.2743339308109266,,,12.582039266676794,token,Dexs;DEX;Layer-2;Modular Blockchain;Privacy;Smart Contract Platform;Zero Knowledge
1934,LRC,2020-10-31,159287174.0958951,14011966.0,,3.0,,,False,0.7393440093649916,0.2618032028094975,,,11.3679389527419,token,Dexs;DEX;Layer-2;Modular Blockchain;Privacy;Smart Contract Platform;Zero Knowledge
1934,LRC,2020-11-30,224208652.2424764,25371739.0,,4.0,,,False,0.8071679998030618,0.2821503999409185,,,8.836944611580483,token,Dexs;DEX;Layer-2;Modular Blockchain;Privacy;Smart Contract Platform;Zero Knowledge
1934,LRC,2020-12-31,204177515.095628,35291236.0,,5.0,,,False,0.5225052861417608,0.19675158584252825,,,5.785501961326262,token,Dexs;DEX;Layer-2;Modular Blockchain;Privacy;Smart Contract Platform;Zero Knowledge
1934,LRC,2021-01-31,601786267.7260197,148068604.0,43361188.0,6.0,,,False,0.8212586166317714,0.28637758498953136,,,4.064239490810758,token,Dexs;DEX;Layer-2;Modular Blockchain;Privacy;Smart Contract Platform;Zero Knowledge
1934,LRC,2021-02-28,631052183.8206937,188518802.0,64097990.0,7.0,,,False,0.7645830524307421,0.2693749157292226,,,3.3474230534347114,token,Dexs;DEX;Layer-2;Modular Blockchain;Privacy;Smart Contract Platform;Zero Knowledge
1934,LRC,2021-03-31,668976291.2247473,168926841.0,77201596.375,8.0,,,False,0.7131761011233929,0.2539528303370179,,,3.9601539179007514,token,Dexs;DEX;Layer-2;Modular Blockchain;Privacy;Smart Contract Platform;Zero Knowledge
1934,LRC,2021-04-30,685880493.1532509,210330539.0,91993701.1111111,9.0,,,False,0.5470155672924605,0.20410467018773815,,,3.2609648433090874,token,Dexs;DEX;Layer-2;Modular Blockchain;Privacy;Smart Contract Platform;Zero Knowledge
1934,LRC,2021-05-31,452033768.6024039,140684728.0,96862803.8,10.0,,,False,0.536981269401401,0.2010943808204203,,,3.213097647687842,token,Dexs;DEX;Layer-2;Modular Blockchain;Privacy;Smart Contract Platform;Zero Knowledge
1934,LRC,2021-06-30,328135572.3154057,142410169.0,101003473.36363636,11.0,,,False,0.5249178373513086,0.19747535120539259,,,2.304158295854601,token,Dexs;DEX;Layer-2;Modular Blockchain;Privacy;Smart Contract Platform;Zero Knowledge
1934,LRC,2021-07-31,309700880.79392785,124714950.0,102979429.75,12.0,,,False,0.5508705369436528,0.20526116108309586,,,2.4832698950200265,token,Dexs;DEX;Layer-2;Modular Blockchain;Privacy;Smart Contract Platform;Zero Knowledge
1934,LRC,2021-08-31,731118936.6927335,142399494.0,113283683.91666667,12.0,,,False,0.5371266756624546,0.20113800269873638,,,5.134280439878062,token,Dexs;DEX;Layer-2;Modular Blockchain;Privacy;Smart Contract Platform;Zero Knowledge
1934,LRC,2021-09-30,482548397.71025664,107077259.0,120650527.25,12.0,,,False,0.5557192723967584,0.20671578171902755,,,4.506544173961874,token,Dexs;DEX;Layer-2;Modular Blockchain;Privacy;Smart Contract Platform;Zero Knowledge
1934,LRC,2021-10-31,831361929.8686197,144818198.0,131551046.58333333,12.0,,,False,0.6302720173860552,0.22908160521581655,,,5.74072831557136,token,Dexs;DEX;Layer-2;Modular Blockchain;Privacy;Smart Contract Platform;Zero Knowledge
1934,LRC,2021-11-30,3677613712.0156302,685787317.0,186585678.08333334,12.0,,,False,0.19914849277682486,0.09974454783304745,,,5.362615523575847,token,Dexs;DEX;Layer-2;Modular Blockchain;Privacy;Smart Contract Platform;Zero Knowledge
1934,LRC,2021-12-31,2781593337.391529,524328738.0,227338803.25,12.0,,,False,0.24133328707877946,0.11239998612363383,,,5.305056037938415,token,Dexs;DEX;Layer-2;Modular Blockchain;Privacy;Smart Contract Platform;Zero Knowledge
1934,LRC,2022-01-31,1330484796.9293857,325435674.0,242119392.41666666,12.0,2.0,1.0,True,0.362240579416051,0.1486721738248153,7299750525288.266,0.0001822644201771327,4.088318839099937,token,Dexs;DEX;Layer-2;Modular Blockchain;Privacy;Smart Contract Platform;Zero Knowledge
1934,LRC,2022-02-28,1093434598.8464212,269668870.0,248881898.08333334,12.0,2.0,1.0,True,0.3576894229759053,0.14730682689277158,7627025423954.282,0.0001433631773944609,4.054730525056233,token,Dexs;DEX;Layer-2;Modular Blockchain;Privacy;Smart Contract Platform;Zero Knowledge
1934,LRC,2022-03-31,1545556875.443503,425286711.0,270245220.5833333,12.0,2.0,1.0,True,0.35326471871184356,0.14597941561355307,8415141737737.865,0.00018366379600148899,3.6341527620492777,token,Dexs;DEX;Layer-2;Modular Blockchain;Privacy;Smart Contract Platform;Zero Knowledge
1934,LRC,2022-04-30,907485150.7408648,283125730.0,276311486.5,12.0,2.0,1.0,True,0.4819071699588789,0.18457215098766366,5640067340781.888,0.00016089970135268976,3.2052373012543396,token,Dexs;DEX;Layer-2;Modular Blockchain;Privacy;Smart Contract Platform;Zero Knowledge
1934,LRC,2022-05-31,750984627.0547171,234373488.0,284118883.1666667,12.0,1.9332093643841715,1.0,False,0.6127501983716742,0.22382505951150228,3224082533548.337,0.00023292971542766431,3.2042217465087908,token,Dexs;DEX;Layer-2;Modular Blockchain;Privacy;Smart Contract Platform;Zero Knowledge
1934,LRC,2022-06-30,511134087.3122344,159087417.0,285508653.8333333,12.0,1.8267211445831641,1.0,False,0.7468579352589506,0.2640573805776852,1619334386700.687,0.00031564455835069653,3.212913358900248,token,Dexs;DEX;Layer-2;Modular Blockchain;Privacy;Smart Contract Platform;Zero Knowledge
1934,LRC,2022-07-31,556750138.8254535,203807639.0,292099711.25,12.0,1.8364860046236564,1.0,False,0.7099661547900397,0.2529898464370119,1870294096325.4543,0.0002976805305215336,2.7317432337531447,token,Dexs;DEX;Layer-2;Modular Blockchain;Privacy;Smart Contract Platform;Zero Knowledge
1934,LRC,2022-08-31,468186171.7226966,164617098.0,293951178.25,12.0,1.5948236152545614,1.0,False,0.7169737865751479,0.2550921359725444,776642703302.2239,0.0006028334132697129,2.844092001443839,token,Dexs;DEX;Layer-2;Modular Blockchain;Privacy;Smart Contract Platform;Zero Knowledge
1934,LRC,2022-09-30,393846400.8950784,137687413.0,296502024.4166667,12.0,1.4575277968100773,1.0,False,0.7189182805140955,0.25567548415422864,460164807971.6776,0.0008558811844631957,2.8604386727425726,token,Dexs;DEX;Layer-2;Modular Blockchain;Privacy;Smart Contract Platform;Zero Knowledge
1934,LRC,2022-10-31,365120509.9672637,122151093.0,294613099.0,12.0,1.2395344366445018,1.0,False,0.7250657776422886,0.25751973329268657,184218955452.51038,0.001981992076061835,2.989089176363438,token,Dexs;DEX;Layer-2;Modular Blockchain;Privacy;Smart Contract Platform;Zero Knowledge
1934,LRC,2022-11-30,338735398.4200946,87025952.0,244716318.58333334,12.0,0.3115493166310308,1.0,False,0.719689103112016,0.2559067309336048,1383203145.246735,0.24489200995828503,3.892349243362424,token,Dexs;DEX;Layer-2;Modular Blockchain;Privacy;Smart Contract Platform;Zero Knowledge
1934,LRC,2022-12-31,249677622.40824467,73572148.0,207153269.41666666,12.0,-0.0887905344127976,1.0,False,0.7161561905681888,0.25484685717045663,160743660.47240573,1.5532657504157428,3.3936432358648094,token,Dexs;DEX;Layer-2;Modular Blockchain;Privacy;Smart Contract Platform;Zero Knowledge
1934,LRC,2023-01-31,463625412.35414827,103310344.0,188642825.25,12.0,1.0857850958933395,2.0,False,0.8074924892413963,0.2822477467724189,50164617999.57849,0.00924207999267619,4.487695949924901,token,Dexs;DEX;Layer-2;Modular Blockchain;Privacy;Smart Contract Platform;Zero Knowledge
1934,LRC,2023-02-28,461176549.2315544,114873738.0,175743230.91666666,12.0,0.6558351504514224,2.0,False,0.8369444242320471,0.2910833272696141,5414415136.456224,0.08517569074568558,4.014638656849091,token,Dexs;DEX;Layer-2;Modular Blockchain;Privacy;Smart Contract Platform;Zero Knowledge
1934,LRC,2023-03-31,480140394.3230956,117195105.0,150068930.41666666,12.0,0.3942230332547576,2.0,False,0.7504111834713062,0.26512335504139184,1288961033.9869041,0.3725018690735486,4.096932157047819,token,Dexs;DEX;Layer-2;Modular Blockchain;Privacy;Smart Contract Platform;Zero Knowledge
1934,LRC,2023-04-30,452521050.7901041,115295897.0,136083111.0,12.0,0.21625060315105715,2.0,False,0.7815336087588923,0.2744600826276677,427872966.0012659,1.0576060811207346,3.92486690823095,token,Dexs;DEX;Layer-2;Modular Blockchain;Privacy;Smart Contract Platform;Zero Knowledge
1934,LRC,2023-05-31,371049880.6219517,103987819.0,125217638.58333333,12.0,0.13698369495118623,2.0,False,0.7975239318420535,0.27925717955261603,260098347.66370565,1.4265753087432178,3.5682052397113138,token,Dexs;DEX;Layer-2;Modular Blockchain;Privacy;Smart Contract Platform;Zero Knowledge
1934,LRC,2023-06-30,308048773.82872283,88095020.0,119301605.5,12.0,0.0868134131260283,2.0,False,0.805757678979703,0.28172730369391086,194039422.6048795,1.5875576709790538,3.4967785219723297,token,Dexs;DEX;Layer-2;Modular Blockchain;Privacy;Smart Contract Platform;Zero Knowledge
1934,LRC,2023-07-31,288087504.1711222,88987876.0,109733291.91666667,12.0,0.032271560839600255,2.0,False,0.8058181803772474,0.2817454541131742,139411863.78851786,2.0664489831951407,3.2373792601940763,token,Dexs;DEX;Layer-2;Modular Blockchain;Privacy;Smart Contract Platform;Zero Knowledge
1934,LRC,2023-08-31,238731667.2750892,95474937.0,103971445.16666667,12.0,-0.04198268500359181,2.0,False,0.8326974771544388,0.2898092431463316,96211988.15377092,2.4813089497073486,2.5004642556097125,token,Dexs;DEX;Layer-2;Modular Blockchain;Privacy;Smart Contract Platform;Zero Knowledge
1934,LRC,2023-09-30,239526241.54606825,80852657.0,99235215.5,12.0,-0.09308142596648972,2.0,False,0.8280776018583756,0.28842328055751265,75395562.67130859,3.1769275678768665,2.9625030324738524,token,Dexs;DEX;Layer-2;Modular Blockchain;Privacy;Smart Contract Platform;Zero Knowledge
1934,LRC,2023-10-31,261636056.74540016,94036014.0,96892292.25,12.0,-0.14178231145729991,2.0,False,0.88690861278153,0.30607258383445896,61924453.40762328,4.225084636971396,2.7822963311205444,token,Dexs;DEX;Layer-2;Modular Blockchain;Privacy;Smart Contract Platform;Zero Knowledge
1934,LRC,2023-11-30,287899764.7542728,95596052.0,97606467.25,12.0,-0.2767305114840294,2.0,False,0.8954627930781497,0.3086388379234449,40144524.46443422,7.1715823912507854,3.011628186844712,token,Dexs;DEX;Layer-2;Modular Blockchain;Privacy;Smart Contract Platform;Zero Knowledge
1934,LRC,2023-12-31,407653717.7289336,131060247.0,102397142.16666667,12.0,-0.32886925713758863,2.0,False,1.137709813226885,0.3813129439680655,38476720.57695842,10.594814516834235,3.110429951569781,token,Dexs;DEX;Layer-2;Modular Blockchain;Privacy;Smart Contract Platform;Zero Knowledge
1934,LRC,2024-01-31,314526783.7619498,105086439.0,102545150.08333333,12.0,0.33230804666224567,3.0,False,0.9847036866456926,0.33541110599370777,479496696.10912657,0.6559519310856065,2.9930292315067386,token,Dexs;DEX;Layer-2;Modular Blockchain;Privacy;Smart Contract Platform;Zero Knowledge
1934,LRC,2024-02-29,392598676.59234434,130802307.0,103872530.83333333,12.0,0.17458766043606944,3.0,False,1.006604118489363,0.34198123554680887,226382624.68201134,1.7342261895929894,3.0014659954915346,token,Dexs;DEX;Layer-2;Modular Blockchain;Privacy;Smart Contract Platform;Zero Knowledge
1934,LRC,2024-03-31,522609886.54324526,142932410.0,106017306.25,12.0,0.11151883963230147,3.0,False,1.0873197066504507,0.3661959119951352,170552567.30451313,3.0642158884078907,3.6563427884777515,token,Dexs;DEX;Layer-2;Modular Blockchain;Privacy;Smart Contract Platform;Zero Knowledge
1934,LRC,2024-04-30,322749761.8811717,104068539.0,105081693.08333333,12.0,0.04533700142591646,3.0,False,1.1250500028322024,0.37751500084966066,129648101.4913561,2.4894291406395186,3.101319236173496,token,Dexs;DEX;Layer-2;Modular Blockchain;Privacy;Smart Contract Platform;Zero Knowledge
1934,LRC,2024-05-31,371933013.4473526,113225326.0,105851485.33333333,12.0,0.030022330540357745,3.0,False,1.1208304745402728,0.37624914236208185,123551564.19848596,3.0103464562362086,3.2848924051439923,token,Dexs;DEX;Layer-2;Modular Blockchain;Privacy;Smart Contract Platform;Zero Knowledge
1934,LRC,2024-06-30,245048852.8317569,67223208.0,104112167.66666667,12.0,0.010155873424928297,3.0,False,1.1282432050810767,0.37847296152432297,113006094.92555436,2.1684569579471713,3.6453013791272335,token,Dexs;DEX;Layer-2;Modular Blockchain;Privacy;Smart Contract Platform;Zero Knowledge
1934,LRC,2024-07-31,197062646.08580467,61249860.0,101800666.33333333,12.0,-0.0038301819062075415,3.0,False,1.1727811090076439,0.3918343327022931,104730653.6630609,1.8816138274071499,3.217356677807993,token,Dexs;DEX;Layer-2;Modular Blockchain;Privacy;Smart Contract Platform;Zero Knowledge
1934,LRC,2024-08-31,172091263.92841557,49813621.0,97995556.66666667,12.0,-0.047175299781007096,3.0,False,1.0800233403730044,0.3640070021119013,87333898.87722664,1.9704978953285965,3.454702960228801,token,Dexs;DEX;Layer-2;Modular Blockchain;Privacy;Smart Contract Platform;Zero Knowledge
1934,LRC,2024-09-30,180062214.83125463,49269787.0,95363650.83333333,12.0,-0.07540569321513091,3.0,False,1.0523172284736975,0.3556951685421092,77182036.01643342,2.332954974042356,3.6546172775468793,token,Dexs;DEX;Layer-2;Modular Blockchain;Privacy;Smart Contract Platform;Zero Knowledge
1934,LRC,2024-10-31,160613927.8819081,45639425.0,91330601.75,12.0,-0.11452968988469192,3.0,False,0.9164620054322952,0.3149386016296885,64322685.27007061,2.497002841338806,3.5191926252775554,token,Dexs;DEX;Layer-2;Modular Blockchain;Privacy;Smart Contract Platform;Zero Knowledge
1934,LRC,2024-11-30,336182046.0272758,66723837.0,88924583.83333333,12.0,-0.21888583763170189,3.0,False,1.4373123018789946,0.47119369056369836,48539785.80841555,6.9259070766025195,5.038409976741533,token,Dexs;DEX;Layer-2;Modular Blockchain;Privacy;Smart Contract Platform;Zero Knowledge
1934,LRC,2024-12-31,265195156.35602275,58283149.0,82859825.66666667,12.0,-0.28568437736020647,3.0,False,1.4613017343506258,0.4783905203051877,37854312.01734841,7.0056789365102015,4.550117159181339,token,Dexs;DEX;Layer-2;Modular Blockchain;Privacy;Smart Contract Platform;Zero Knowledge
1934,LRC,2025-01-31,224371808.86281985,52048571.0,78440003.33333333,12.0,-0.3131909497226164,3.0,False,1.40397598207674,0.46119279462302193,32853916.132237803,6.82937790307,4.310815927354083,token,Dexs;DEX;Layer-2;Modular Blockchain;Privacy;Smart Contract Platform;Zero Knowledge
1934,LRC,2025-02-28,169266364.4189018,38495723.0,70747788.0,12.0,-0.3424837076610492,3.0,False,1.4157527173562012,0.46472581520686035,27401019.255304363,6.177374748062876,4.397017414607379,token,Dexs;DEX;Layer-2;Modular Blockchain;Privacy;Smart Contract Platform;Zero Knowledge
1934,LRC,2025-03-31,134125193.23168756,30862994.0,61408670.0,12.0,-0.3897742125454714,3.0,False,1.4129252062816953,0.46387756188450857,20831510.370877493,6.438572664380349,4.345825723573272,token,Dexs;DEX;Layer-2;Modular Blockchain;Privacy;Smart Contract Platform;Zero Knowledge
1934,LRC,2025-04-30,135850536.89667413,31336717.0,55347684.833333336,12.0,-0.4148954078344489,3.0,False,1.3796477118614903,0.45389431355844706,17334609.901998427,7.836953797328462,4.335187278765486,token,Dexs;DEX;Layer-2;Modular Blockchain;Privacy;Smart Contract Platform;Zero Knowledge
1934,LRC,2025-05-31,118157212.34171474,31753608.0,48558375.0,12.0,-0.44504894424056196,3.0,False,1.3887864353343626,0.45663593060030877,13974428.560900692,8.455244651098576,3.7210641493626406,token,Dexs;DEX;Layer-2;Modular Blockchain;Privacy;Smart Contract Platform;Zero Knowledge
1934,LRC,2025-06-30,101689507.79698712,23620432.0,44924810.333333336,12.0,-0.46013025221559045,3.0,False,1.5419648686105383,0.5025894605831615,12882497.09612603,7.89361775424477,4.3051502105036485,token,Dexs;DEX;Layer-2;Modular Blockchain;Privacy;Smart Contract Platform;Zero Knowledge
1934,LRC,2025-07-31,112247009.19134498,26554403.0,42033522.25,12.0,-0.47597152648769747,3.0,False,1.5576438245916406,0.5072931473774922,11556014.281211026,9.713297894919348,4.227058284509163,token,Dexs;DEX;Layer-2;Modular Blockchain;Privacy;Smart Contract Platform;Zero Knowledge
1934,LRC,2025-08-31,145243972.12235433,26077423.0,40055505.75,12.0,-0.4854088201333189,3.0,False,1.5175667300617204,0.4952700190185161,10600241.486576114,13.701949366558086,5.569721061868511,token,Dexs;DEX;Layer-2;Modular Blockchain;Privacy;Smart Contract Platform;Zero Knowledge
1934,LRC,2025-09-30,114505034.734062,24714073.0,38009196.25,12.0,-0.49577968308952924,3.0,False,1.5155943665861107,0.4946783099758332,9747616.092179013,11.746978302308701,4.633191572027079,token,Dexs;DEX;Layer-2;Modular Blockchain;Privacy;Smart Contract Platform;Zero Knowledge
1934,LRC,2025-10-31,90811360.48105922,20940374.0,35950942.0,12.0,-0.5,3.0,True,1.5231948344155608,0.4969584503246682,9122279.729177214,9.954897588878254,4.336663732990596,token,Dexs;DEX;Layer-2;Modular Blockchain;Privacy;Smart Contract Platform;Zero Knowledge
1934,LRC,2025-11-30,72352166.95800619,16996193.0,31806971.666666668,12.0,-0.4934529422602316,3.0,False,1.55328294443105,0.505984883329315,8295613.422461536,8.721738016636909,4.256963130390799,token,Dexs;DEX;Layer-2;Modular Blockchain;Privacy;Smart Contract Platform;Zero Knowledge
1934,LRC,2025-12-31,67574235.41125555,16502086.0,28325216.416666668,12.0,-0.48481823626351905,3.0,False,1.530362903104449,0.49910887093133466,7534267.35237052,8.968919239372964,4.094890513311805,token,Dexs;DEX;Layer-2;Modular Blockchain;Privacy;Smart Contract Platform;Zero Knowledge
1934,LRC,2026-01-31,55962911.14654831,15017853.0,25239323.25,12.0,-0.4885390614448091,3.0,False,1.3281397059440108,0.4384419117832032,6271719.851171596,8.923056589667999,3.72642555141193,token,Dexs;DEX;Layer-2;Modular Blockchain;Privacy;Smart Contract Platform;Zero Knowledge
1934,LRC,2026-02-28,43069957.12080018,11229423.0,22967131.583333332,12.0,-0.49253115583679596,3.0,False,1.3201425989944378,0.4360427796983313,5624448.594097018,7.657631926088372,3.8354559375668886,token,Dexs;DEX;Layer-2;Modular Blockchain;Privacy;Smart Contract Platform;Zero Knowledge
1934,LRC,2026-03-31,27081180.4646477,10455362.0,21266495.583333332,12.0,-0.4786431936329508,3.0,False,1.3775515868343002,0.45326547605029005,5524871.514117495,4.901685115291493,2.5901714799208,token,Dexs;DEX;Layer-2;Modular Blockchain;Privacy;Smart Contract Platform;Zero Knowledge
1934,LRC,2026-04-30,22675330.26376314,11107993.0,19580768.583333332,12.0,-0.4759872728588772,3.0,False,1.3491457412213985,0.4447437223664195,5085206.017286225,4.45907799736776,2.041352588515598,token,Dexs;DEX;Layer-2;Modular Blockchain;Privacy;Smart Contract Platform;Zero Knowledge
1934,LRC,2026-05-31,21495043.9764036,10077335.0,17774412.5,12.0,-0.4783531588747314,3.0,False,1.3405280927199628,0.4421584278159888,4571754.445108308,4.701705709370042,2.1330087742844315,token,Dexs;DEX;Layer-2;Modular Blockchain;Privacy;Smart Contract Platform;Zero Knowledge
1982,KNCL,2020-10-31,155945949.34574354,9908589.0,,1.0,,,False,0.9293768041882925,0.31881304125648774,,,15.738461787621178,token,DEX
1982,KNCL,2020-11-30,211457115.14138928,10551753.0,,2.0,,,False,1.0406899947044301,0.352206998411329,,,20.039998580462346,token,DEX
1982,KNCL,2020-12-31,159165911.37908155,13893721.0,,3.0,,,False,0.6844826824735166,0.245344804742055,,,11.45595995335458,token,DEX
1982,KNCL,2021-01-31,261045797.35550192,3232311.0,,4.0,,,False,0.8440257499993398,0.2932077249998019,,,80.76134918808924,token,DEX
1982,KNCL,2021-02-28,320815870.8349074,11682093.0,,5.0,,,False,0.8110127770600556,0.28330383311801666,,,27.46219113603251,token,DEX
1982,KNCL,2021-03-31,563402394.5767984,25019623.0,12381348.333333334,6.0,,,False,0.8246999687708014,0.2874099906312404,,,22.518420624355468,token,DEX
1982,KNCL,2021-04-30,667127112.2798022,50103737.0,17770261.0,7.0,,,False,0.6207888837037276,0.22623666511111828,,,13.314917254172123,token,DEX
1982,KNCL,2021-05-31,348209242.100396,35839087.0,20028864.25,8.0,,,False,0.6309879209969084,0.2292963762990725,,,9.715907163047875,token,DEX
1982,KNCL,2021-06-30,343925963.9006545,187167535.0,38599827.666666664,9.0,,,False,0.6031182710998125,0.22093548132994376,,,1.8375300176959348,token,DEX
2239,LEND,2020-05-31,80071972.29941511,63417218.0,,1.0,,,False,1.1614419105670646,0.38843257317011937,,,1.2626219633194113,token,Lending;Onchain Capital Allocator;Yield
2239,LEND,2020-06-30,171694128.00979707,114006809.0,,2.0,,,False,1.1257324404513638,0.3777197321354091,,,1.5059988917837097,token,Lending;Onchain Capital Allocator;Yield
2239,LEND,2020-07-31,398280282.3990316,462325379.0,,3.0,,,False,1.2729406185176009,0.42188218555528023,,,0.8614718129048061,token,Lending;Onchain Capital Allocator;Yield
2239,LEND,2020-08-31,966798711.344852,1700088445.0,,4.0,,,False,1.2847602430152263,0.42542807290456786,,,0.5686755381393419,token,Lending;Onchain Capital Allocator;Yield
2539,REN,2020-10-31,252315330.2686215,300381654.0,,1.0,,,False,1.1230210811649588,0.3769063243494876,,,0.8399824919687722,token,Bridge
2539,REN,2020-11-30,297956864.0833397,337501114.0,,2.0,,,False,1.0143994696807952,0.3443198409042385,,,0.882832238839187,token,Bridge
2539,REN,2020-12-31,284236865.692362,381953027.0,,3.0,,,False,0.8449173099458898,0.2934751929837669,,,0.7441670718644731,token,Bridge
2539,REN,2021-01-31,558059649.6056045,545306326.0,,4.0,,,False,0.880864952874832,0.30425948586244955,,,1.0233874484808463,token,Bridge
2539,REN,2021-02-28,1035279397.6480654,772783817.0,,5.0,,,False,0.9219659986944081,0.3165897996083224,,,1.3396753074709709,token,Bridge
2539,REN,2021-03-31,1022363538.4300172,687183714.0,504184942.0,6.0,,,False,0.8672633479469514,0.3001790043840854,,,1.4877586846157667,token,Bridge
2539,REN,2021-04-30,973148403.5993006,791123220.0,545176124.5714285,7.0,,,False,0.8750047277100149,0.3025014183130044,,,1.2300844912620572,token,Bridge
2539,REN,2021-05-31,559408004.8458706,541389802.0,544702834.25,8.0,,,False,0.9264949317569035,0.317948479527071,,,1.0332813857581133,token,Bridge
2539,REN,2021-06-30,371805259.69537777,487569276.0,538354661.1111112,9.0,,,False,0.8987961452864028,0.3096388435859208,,,0.7625690911979814,token,Bridge
2539,REN,2021-07-31,440442587.7808246,652743358.0,549793530.8,10.0,,,False,0.9359531683383746,0.3207859505015124,,,0.6747561386611989,token,Bridge
2539,REN,2021-08-31,758967734.0460999,884174498.0,580191800.5454545,11.0,,,False,0.919506999536615,0.31585209986098445,,,0.8583913421647905,token,Bridge
2539,REN,2021-09-30,935608668.794422,1273996266.0,638008839.3333334,12.0,,,False,0.9304574202660911,0.3191372260798273,,,0.734388862639274,token,Bridge
2539,REN,2021-10-31,1027498158.0978776,1660071715.0,751316344.4166666,12.0,,,False,0.866595575254559,0.2999786725763677,,,0.6189480543603368,token,Bridge
2539,REN,2021-11-30,894443712.0552552,1507546771.0,848820149.1666666,12.0,,,False,0.7906383643039011,0.2771915092911703,,,0.593310754439774,token,Bridge
2539,REN,2021-12-31,528610749.5453939,1148142304.0,912669255.5833334,12.0,,,False,0.8601442683261208,0.2980432804978362,,,0.4604052543868237,token,Bridge
2539,REN,2022-01-31,332441948.09872144,1233329111.0,970004487.6666666,12.0,,,False,0.8949579006431985,0.3084873701929595,,,0.26954844828820507,token,Bridge
2539,REN,2022-02-28,348967371.1472903,1136108444.0,1000281539.9166666,12.0,,,False,0.8954046268257972,0.30862138804773914,,,0.30716026536925406,token,Bridge
2539,REN,2022-03-31,493695710.2954624,1418048766.0,1061186960.9166666,12.0,1.1047573469908718,1.0,False,0.8938658202084764,0.30815974606254287,257933936006.81393,0.0019140393774412852,0.3481514332458877,token,Bridge
2539,REN,2022-04-30,276915081.46816343,980089771.0,1076934173.5,12.0,0.975387631559608,1.0,False,1.0032287959332225,0.3409686387799667,118718242626.83362,0.002332540267956872,0.28254052808409874,token,Bridge
2539,REN,2022-05-31,158619254.67202738,325739150.0,1058963285.8333334,12.0,0.9441119437012244,1.0,False,1.0396087974875157,0.3518826392462547,94807010549.23724,0.0016730751634621975,0.4869517669952395,token,Bridge
2539,REN,2022-06-30,112798566.87508813,155873319.0,1031321956.0833334,12.0,0.9156924432581044,1.0,False,0.9692930560644306,0.3307879168193292,91461807117.94154,0.0012332860067987993,0.7236553863017963,token,Bridge
2539,REN,2022-07-31,143952420.5278822,152517899.0,989636501.1666666,12.0,0.8000148159740164,1.0,False,0.9969775233305406,0.33909325699916215,48059605940.907295,0.002995289239468212,0.9438395196348869,token,Bridge
2539,REN,2022-08-31,119491094.4483604,120093557.0,925963089.4166666,12.0,0.5959603161336353,1.0,False,0.9866815346048965,0.3360044603814689,16501060652.944187,0.007241419019148948,0.9949833898946002,token,Bridge
2539,REN,2022-09-30,116823691.4580275,106690232.0,828687586.5833334,12.0,0.29886536908993855,1.0,False,0.9550596053203556,0.3265178815961067,3375658321.1824603,0.034607676590060005,1.0949801989185617,token,Bridge
2539,REN,2022-10-31,129242704.5474595,139964084.0,702011950.6666666,12.0,-0.06562401326205769,1.0,False,0.9522868801518759,0.3256860640455627,588628487.5455748,0.2195658335979752,0.9233990667738696,token,Bridge
2539,REN,2022-11-30,103958713.38132878,57632794.0,581185785.9166666,12.0,-0.315301614261574,1.0,False,0.955007216889622,0.32650216506688656,215849945.54491755,0.48162492290133735,1.803811791275099,token,Bridge
2539,REN,2022-12-31,61657539.78973752,26406226.0,487707779.4166667,12.0,-0.46562484006876315,1.0,False,0.9615168021922172,0.3284550406576651,114540059.46327412,0.5383054634217932,2.334962208902458,token,Bridge
2539,REN,2023-01-31,83313728.99193016,30265044.0,387452440.5,12.0,-0.5,1.0,True,0.9303722203543261,0.3191116661062978,80543845.78355448,1.0343897560568338,2.7528038284672625,token,Bridge
2539,REN,2023-02-28,110490080.84184548,31236991.0,295379819.4166667,12.0,-0.5,1.0,True,0.9355005642621075,0.3206501692786322,61536123.4124494,1.795532034107501,3.537155062145566,token,Bridge
2539,REN,2023-03-31,110050930.13482064,32199241.0,179892359.0,12.0,-0.40267399425493533,2.0,False,0.9206163305159988,0.3161848991547996,50562228.84848669,2.1765442829784276,3.417811312223808,token,Bridge
2539,REN,2023-04-30,92273343.08906671,28014106.0,100552720.25,12.0,-0.5,2.0,True,0.9128632605035384,0.3138589781510615,20748405.8376335,4.447249769989612,3.293817160864127,token,Bridge
2539,REN,2023-05-31,72823917.84799238,23317675.0,75350930.66666667,12.0,-0.5,2.0,True,0.9224878479049591,0.3167463543714877,15611941.672940139,4.664629126447263,3.123120887824038,token,Bridge
2539,REN,2023-06-30,63584644.44789665,20058422.0,64033022.583333336,12.0,-0.5,2.0,True,0.9451684385478375,0.3235505315643512,13393868.995404094,4.747294786123022,3.169972415970541,token,Bridge
2539,REN,2023-07-31,59369192.81061357,19804000.0,52973531.0,12.0,-0.5,2.0,True,0.9656151344402673,0.32968454033208017,11174364.06794264,5.312981790250932,2.997838457413329,token,Bridge
2539,REN,2023-08-31,46437472.2661372,17215509.0,44400360.333333336,12.0,-0.5,2.0,True,0.9961997978745234,0.338859939362357,9482349.69535866,4.89725371432642,2.697420812021137,token,Bridge
2539,REN,2023-09-30,47998840.96439176,16929252.0,36920278.666666664,12.0,-0.5,2.0,True,0.9626435032375775,0.3287930509712732,7778581.955089374,6.1706415438596816,2.8352605870827463,token,Bridge
2539,REN,2023-10-31,48982648.83761754,26322951.0,27450184.25,12.0,-0.5,2.0,True,0.9344663483572709,0.32033990450718125,5716184.813441037,8.56911566652634,1.8608342521177637,token,Bridge
2539,REN,2023-11-30,58456030.16523603,21162734.0,24411012.583333332,12.0,-0.5,2.0,True,0.9839608166218684,0.33518824498656047,5187809.691259373,11.267959629229473,2.7622154191058694,token,Bridge
2539,REN,2023-12-31,71073118.26187445,23916350.0,24203522.916666668,12.0,-0.5,2.0,True,1.163078788117129,0.38892363643513866,5501500.076624165,12.918861632641546,2.971737671587615,token,Bridge
2539,REN,2024-01-31,53188963.38753579,21811482.0,23499059.416666668,12.0,-0.5,2.0,True,1.088117601131759,0.36643528033952766,5199175.108350711,10.230269663759884,2.4385763144171397,token,Bridge
2539,REN,2024-02-29,81031542.12465006,31469568.0,23518440.833333332,12.0,-0.5,2.0,True,1.041143892478353,0.3523431677435058,5111951.828584654,15.8513900055833,2.5749175242777422,token,Bridge
2539,REN,2024-03-31,100990928.62794366,35772873.0,23816243.5,12.0,-0.5,3.0,True,1.1181269135087486,0.3754380740526245,5327601.838175592,18.956170467597754,2.823114839782191,token,Bridge
2539,REN,2024-04-30,56794912.94646862,29289528.0,23922528.666666668,12.0,-0.5,3.0,True,1.1495825559976933,0.384874766799308,5411908.316673312,10.494433686448762,1.9390859745663578,token,Bridge
2539,REN,2024-05-31,68846817.5177488,31717195.0,24622488.666666668,12.0,-0.5,3.0,True,1.1670347300304864,0.3901104190091459,5604462.36349189,12.284285815928547,2.1706464748143333,token,Bridge
2539,REN,2024-06-30,49381828.04941355,5834307.0,23437145.75,12.0,-0.5,3.0,True,1.163060599076581,0.38891817972297427,5327267.438799723,9.269635627780623,8.464043467272727,token,Bridge
2539,REN,2024-07-31,43803208.39589614,28618395.0,24171678.666666668,12.0,-0.5,3.0,True,1.159900623602221,0.3879701870806662,5488155.370966427,7.981408220988956,1.5305962614568753,token,Bridge
2539,REN,2024-08-31,41210789.24824925,25932765.0,24898116.666666668,12.0,-0.5,3.0,True,1.087857179844693,0.36635715395340784,5508185.164195542,7.481736365024321,1.5891398101301286,token,Bridge
2539,REN,2024-09-30,39146272.74662196,28301154.0,25845775.166666668,12.0,-0.5,3.0,True,1.1179195434860467,0.375375863045814,5781166.190584975,6.771345340387263,1.3832041176349896,token,Bridge
2586,SNX,2019-08-31,45167446.9863123,44181999.0,,1.0,,,False,,,,,1.0223042870086594,token,Derivatives;Synthetics;DEX;Perpetuals;RWA;Yield
2586,SNX,2019-09-30,64861345.7960809,56622187.0,,2.0,,,False,,,,,1.1455111367577677,token,Derivatives;Synthetics;DEX;Perpetuals;RWA;Yield
2586,SNX,2019-10-31,105189991.61444196,95646640.0,,3.0,,,False,,,,,1.099777175805046,token,Derivatives;Synthetics;DEX;Perpetuals;RWA;Yield
2586,SNX,2019-11-30,203231234.76799187,177509722.0,,4.0,,,False,,,,,1.1449019945397236,token,Derivatives;Synthetics;DEX;Perpetuals;RWA;Yield
2586,SNX,2019-12-31,190172227.2159265,178438052.0,,5.0,,,False,,,,,1.065760498304064,token,Derivatives;Synthetics;DEX;Perpetuals;RWA;Yield
2586,SNX,2020-01-31,193544091.2783369,161583074.0,118996945.66666667,6.0,,,False,,,,,1.1977992897841325,token,Derivatives;Synthetics;DEX;Perpetuals;RWA;Yield
2586,SNX,2020-02-29,147308271.19149974,127687701.0,120238482.14285715,7.0,,,False,,,,,1.1536606113027263,token,Derivatives;Synthetics;DEX;Perpetuals;RWA;Yield
2586,SNX,2020-03-31,106570747.35170178,88399031.0,116258550.75,8.0,,,False,,,,,1.2055646554734496,token,Derivatives;Synthetics;DEX;Perpetuals;RWA;Yield
2586,SNX,2020-04-30,138662567.4750133,119230443.0,116588761.0,9.0,,,False,,,,,1.162979554433202,token,Derivatives;Synthetics;DEX;Perpetuals;RWA;Yield
2586,SNX,2020-05-31,146725087.873892,130655081.0,117995393.0,10.0,,,False,-0.09701771182808801,0.05,,,1.122995651993756,token,Derivatives;Synthetics;DEX;Perpetuals;RWA;Yield
2586,SNX,2020-06-30,168167734.6773944,269085138.0,131730824.36363636,11.0,,,False,-0.28028833079234616,0.05,,,0.624961065955989,token,Derivatives;Synthetics;DEX;Perpetuals;RWA;Yield
2586,SNX,2020-07-31,351979180.8938057,531174460.0,165017794.0,12.0,,,False,0.1208639180002976,0.07625917540008928,,,0.662643269583793,token,Derivatives;Synthetics;DEX;Perpetuals;RWA;Yield
2586,SNX,2020-08-31,702546287.3267283,977120375.0,242762658.66666666,12.0,,,False,0.11474362622647963,0.07442308786794388,,,0.718996661313841,token,Derivatives;Synthetics;DEX;Perpetuals;RWA;Yield
2586,SNX,2020-09-30,498024266.7519222,699925946.0,296371305.25,12.0,,,False,0.2711816230784596,0.12135448692353787,,,0.7115385128927942,token,Derivatives;Synthetics;DEX;Perpetuals;RWA;Yield
2586,SNX,2020-10-31,314410062.5664573,513993380.0,331233533.5833333,12.0,,,False,-0.06268523031225229,0.05,,,0.6117006070515096,token,Derivatives;Synthetics;DEX;Perpetuals;RWA;Yield
2586,SNX,2020-11-30,512545021.5746103,782065002.0,381613140.25,12.0,,,False,0.13600294498732296,0.08080088349619688,,,0.655373939843699,token,Derivatives;Synthetics;DEX;Perpetuals;RWA;Yield
2586,SNX,2020-12-31,798306202.908765,1245035600.0,470496269.25,12.0,,,False,0.23847292325121566,0.11154187697536469,,,0.6411914670622791,token,Derivatives;Synthetics;DEX;Perpetuals;RWA;Yield
2586,SNX,2021-01-31,1984711724.8838167,2052810957.0,628098592.8333334,12.0,2.0,1.0,True,0.3107953913298516,0.13323861739895548,22960436039045.266,8.6440506683267e-05,0.9668263500426244,token,Derivatives;Synthetics;DEX;Perpetuals;RWA;Yield
2586,SNX,2021-02-28,2145425406.2727733,1980172913.0,782472360.5,12.0,2.0,1.0,True,0.20945137201151937,0.1028354116034558,44965809511134.734,4.7712371457284867e-05,1.0834535672051047,token,Derivatives;Synthetics;DEX;Perpetuals;RWA;Yield
2586,SNX,2021-03-31,2028584759.245226,1980332020.0,940133442.9166666,12.0,2.0,1.0,True,0.11973874916778043,0.07592162475033412,93722679104946.86,2.164454514764456e-05,1.0243659844702333,token,Derivatives;Synthetics;DEX;Perpetuals;RWA;Yield
2586,SNX,2021-04-30,2093015243.1093287,2104878033.0,1105604075.4166667,12.0,2.0,1.0,True,0.1545186485181101,0.08635559455543303,86767383843455.2,2.4122143026526244e-05,0.9943641438103833,token,Derivatives;Synthetics;DEX;Perpetuals;RWA;Yield
2586,SNX,2021-05-31,1530221683.4329505,1538460776.0,1222921216.6666667,12.0,2.0,1.0,True,0.3483521773943176,0.14450565321829528,38768027403559.93,3.9471228894468736e-05,0.9946445871772752,token,Derivatives;Synthetics;DEX;Perpetuals;RWA;Yield
2586,SNX,2021-06-30,841355447.2133296,1248965433.0,1304577907.9166667,12.0,2.0,1.0,True,0.4310649575311336,0.1693194872593401,31173656828265.38,2.6989308692538967e-05,0.6736418999142385,token,Derivatives;Synthetics;DEX;Perpetuals;RWA;Yield
2586,SNX,2021-07-31,1166288497.553844,1688039707.0,1400983345.1666667,12.0,2.0,1.0,True,0.4393900704325316,0.17181702112975947,32600724836468.574,3.577492535531552e-05,0.6909129522945777,token,Derivatives;Synthetics;DEX;Perpetuals;RWA;Yield
2586,SNX,2021-08-31,1331878905.372036,1995055743.0,1485811292.5,12.0,2.0,1.0,True,0.43370511429943537,0.1701115342898306,35205662394614.12,3.783138321453061e-05,0.6675898205076047,token,Derivatives;Synthetics;DEX;Perpetuals;RWA;Yield
2586,SNX,2021-09-30,1101359835.132543,1772576063.0,1575198802.25,12.0,2.0,1.0,True,0.47814513380048373,0.18344354014014513,32518717401703.023,3.3868489384973845e-05,0.6213329053245503,token,Derivatives;Synthetics;DEX;Perpetuals;RWA;Yield
2586,SNX,2021-10-31,1155483940.6683714,1975927384.0,1697026635.9166667,12.0,2.0,1.0,True,0.39898596705743744,0.15969579011723123,45052657638534.98,2.5647409081590986e-05,0.5847805693796546,token,Derivatives;Synthetics;DEX;Perpetuals;RWA;Yield
2586,SNX,2021-11-30,880539861.7157202,1734480105.0,1776394561.1666667,12.0,2.0,1.0,True,0.4461751889373203,0.1738525566811961,40461188367795.89,2.176258032046742e-05,0.5076678937840686,token,Derivatives;Synthetics;DEX;Perpetuals;RWA;Yield
2586,SNX,2021-12-31,631617747.1900995,1333141249.0,1783736698.5833333,12.0,2.0,1.0,True,0.5170613481358488,0.19511840444075465,32835989597092.188,1.923553256473296e-05,0.4737815649046049,token,Derivatives;Synthetics;DEX;Perpetuals;RWA;Yield
2586,SNX,2022-01-31,658961644.8601234,1020632535.0,1697721830.0833333,12.0,2.0,2.0,True,0.5205010646441147,0.1961503193932344,30945081229754.207,2.1294552112098542e-05,0.6456404457654521,token,Derivatives;Synthetics;DEX;Perpetuals;RWA;Yield
2586,SNX,2022-02-28,476504658.5763323,874536212.0,1605585438.3333333,12.0,2.0,2.0,True,0.5026897484596121,0.19080692453788364,30815881489627.984,1.5462957265613652e-05,0.5448655550655829,token,Derivatives;Synthetics;DEX;Perpetuals;RWA;Yield
2586,SNX,2022-03-31,783368244.983751,1294238896.0,1548411011.3333333,12.0,2.0,2.0,True,0.4966797668583574,0.18900393005750724,30247834367373.957,2.58983249997134e-05,0.6052732980015083,token,Derivatives;Synthetics;DEX;Perpetuals;RWA;Yield
2586,SNX,2022-04-30,503631083.5589507,1026537727.0,1458549319.1666667,12.0,2.0,2.0,True,0.5632568283524485,0.20897704850573456,23580854958839.273,2.135762610974225e-05,0.4906113728823049,token,Derivatives;Synthetics;DEX;Perpetuals;RWA;Yield
2586,SNX,2022-05-31,359291726.7398455,479259239.0,1370282524.4166667,12.0,2.0,2.0,True,0.6094902359144797,0.2228470707743439,19568152952895.297,1.8361044478992835e-05,0.7496813780565335,token,Derivatives;Synthetics;DEX;Perpetuals;RWA;Yield
2586,SNX,2022-06-30,261855726.83553416,380211893.0,1297886396.0833333,12.0,2.0,2.0,True,0.7038503009155679,0.25115509027467037,14602956283849.71,1.7931692853531046e-05,0.6887099842390626,token,Derivatives;Synthetics;DEX;Perpetuals;RWA;Yield
2586,SNX,2022-07-31,409721049.31623286,606198357.0,1207732950.25,12.0,1.705328882090682,2.0,False,0.7218172529497037,0.2565451758849111,4734732982421.817,8.653519656490965e-05,0.675886109859966,token,Derivatives;Synthetics;DEX;Perpetuals;RWA;Yield
2586,SNX,2022-08-31,693078736.1353929,514835953.0,1084381301.0833333,12.0,1.1134893681990294,2.0,False,0.757734653480425,0.2673203960441275,363061888700.571,0.0019089823462770492,1.3462127734023908,token,Derivatives;Synthetics;DEX;Perpetuals;RWA;Yield
2586,SNX,2022-09-30,566693398.8307952,411363932.0,970946956.8333334,12.0,0.8100045893020855,2.0,False,0.8091189790964954,0.28273569372894863,69300167413.37473,0.008177374167806483,1.377596222584714,token,Derivatives;Synthetics;DEX;Perpetuals;RWA;Yield
2586,SNX,2022-10-31,762483434.8671587,423512849.0,841579078.9166666,12.0,0.593970635689341,2.0,False,0.7955651519384397,0.2786695455815319,20079579188.6621,0.03797307840483498,1.8003785166554855,token,Derivatives;Synthetics;DEX;Perpetuals;RWA;Yield
2586,SNX,2022-11-30,533741250.31604695,295177675.0,721637209.75,12.0,0.37514279924050276,2.0,False,0.9494086539376798,0.32482259618130394,4343666497.188475,0.12287804569285457,1.808203314549608,token,Derivatives;Synthetics;DEX;Perpetuals;RWA;Yield
2586,SNX,2022-12-31,359502408.5276904,248089513.0,631216231.75,12.0,0.1582731447351602,2.0,False,0.9523516264259222,0.32570548792777665,1317807187.6922069,0.27280349650942826,1.4490834545178475,token,Derivatives;Synthetics;DEX;Perpetuals;RWA;Yield
2586,SNX,2023-01-31,575934740.8800411,385832682.0,578316244.0,12.0,0.6938561511714878,3.0,False,1.0402127617709822,0.35206382853129464,15563863468.944069,0.037004612770425147,1.49270595195469,token,Derivatives;Synthetics;DEX;Perpetuals;RWA;Yield
2586,SNX,2023-02-28,702353730.8365152,479726732.0,545415454.0,12.0,0.6611054697437322,3.0,False,1.0173982251594422,0.3452194675478326,12906650206.54778,0.05441797209939093,1.464070446748661,token,Derivatives;Synthetics;DEX;Perpetuals;RWA;Yield
2586,SNX,2023-03-31,663224521.3800573,407638263.0,471532067.9166667,12.0,0.5947603995519848,3.0,False,0.9540251408556242,0.32620754225668724,8762982054.310663,0.0756847973976856,1.626992806070458,token,Derivatives;Synthetics;DEX;Perpetuals;RWA;Yield
2586,SNX,2023-04-30,630424139.2622885,419693276.0,420961697.0,12.0,0.5341293010961852,3.0,False,0.9802271916082113,0.3340681574824633,5518535813.370995,0.11423757325898266,1.5021068368564676,token,Derivatives;Synthetics;DEX;Perpetuals;RWA;Yield
2586,SNX,2023-05-31,605313923.7138839,427587689.0,416655734.5,12.0,0.5227809581013896,3.0,False,0.9868022179098842,0.33604066537296523,5107765185.033667,0.11850856525032172,1.41564862433138,token,Derivatives;Synthetics;DEX;Perpetuals;RWA;Yield
2586,SNX,2023-06-30,606737510.0235108,399810852.0,418288981.0833333,12.0,0.4698161156726488,3.0,False,1.0594877463072176,0.35784632389216525,3581552495.1823,0.1694062870332515,1.517561384310576,token,Derivatives;Synthetics;DEX;Perpetuals;RWA;Yield
2586,SNX,2023-07-31,687586574.1024694,512527109.0,410483043.75,12.0,0.3549444227436569,3.0,False,0.9580581412044158,0.3274174423613247,2208752516.5538206,0.31130086732182566,1.3415613770050736,token,Derivatives;Synthetics;DEX;Perpetuals;RWA;Yield
2586,SNX,2023-08-31,519681901.3387537,371546060.0,398542219.3333333,12.0,0.17967981900991603,3.0,False,0.9796298035490565,0.3338889410647169,902627485.4619529,0.5757434929790414,1.3987011498352417,token,Derivatives;Synthetics;DEX;Perpetuals;RWA;Yield
2586,SNX,2023-09-30,564092396.2547714,390333331.0,396789669.25,12.0,0.10215176682755112,3.0,False,0.9587846601295561,0.3276353980388668,644478100.4251513,0.875270076489254,1.4451555925537176,token,Derivatives;Synthetics;DEX;Perpetuals;RWA;Yield
2586,SNX,2023-10-31,618601840.1047748,444117844.0,398506752.1666667,12.0,0.06357257179557818,3.0,False,1.023626679033754,0.34708800371012616,539759961.5209055,1.1460684085601924,1.392877697804853,token,Derivatives;Synthetics;DEX;Perpetuals;RWA;Yield
2586,SNX,2023-11-30,965438339.331047,665619976.0,429376943.9166667,12.0,0.04009210551622,3.0,False,0.9948017258229759,0.3384405177468927,533825723.34144354,1.8085271973931034,1.4504347437599245,token,Derivatives;Synthetics;DEX;Perpetuals;RWA;Yield
2586,SNX,2023-12-31,1173879273.214037,768625579.0,472754949.4166667,12.0,0.0015976573089870882,3.0,False,0.9770491276584353,0.3331147382975306,507838206.8105139,2.311522168815546,1.5272446107521969,token,Derivatives;Synthetics;DEX;Perpetuals;RWA;Yield
2586,SNX,2024-01-31,930268095.7298115,644718272.0,494328748.5833333,12.0,-0.07672867099843461,3.0,False,0.8611806345277638,0.2983541903583291,399066447.33772194,2.331110776002033,1.4429063610125379,token,Derivatives;Synthetics;DEX;Perpetuals;RWA;Yield
2586,SNX,2024-02-29,1273629191.8976495,761280850.0,517791591.75,12.0,-0.1285777136821713,3.0,False,0.9217786121103817,0.31653358363311446,347414007.6443517,3.6660271718274116,1.6730083147338457,token,Derivatives;Synthetics;DEX;Perpetuals;RWA;Yield
2586,SNX,2024-03-31,1527029700.7476902,919546985.0,560450651.9166666,12.0,-0.1583801714105193,3.0,False,0.9900404182243685,0.3370121254673105,342715466.51274383,4.455677814269021,1.6606326002446632,token,Derivatives;Synthetics;DEX;Perpetuals;RWA;Yield
2586,SNX,2024-04-30,868226972.5287478,657636516.0,580279255.25,12.0,-0.19336114441583885,3.0,False,1.0280166894320932,0.34840500682962794,319148812.56747675,2.720445567520891,1.320223180138537,token,Derivatives;Synthetics;DEX;Perpetuals;RWA;Yield
2586,SNX,2024-05-31,932177030.3333462,599956082.0,594643288.0,12.0,-0.21364374235403027,3.0,False,1.067116035707083,0.3601348107121249,309331330.2380093,3.013522844957541,1.5537421126324147,token,Derivatives;Synthetics;DEX;Perpetuals;RWA;Yield
2586,SNX,2024-06-30,652196340.6274192,440891529.0,598066677.75,12.0,-0.2289310849359133,3.0,False,1.0555512523258048,0.3566653756977414,296274801.7711904,2.201322342394487,1.4792671161242004,token,Derivatives;Synthetics;DEX;Perpetuals;RWA;Yield
2586,SNX,2024-07-31,540787672.4515965,346463702.0,584228060.5,12.0,-0.25289241323442313,3.0,False,1.0223443944160395,0.3467033183248118,267122121.60051808,2.0244960215625496,1.5608782949839763,token,Derivatives;Synthetics;DEX;Perpetuals;RWA;Yield
2586,SNX,2024-08-31,438028720.6815139,287641273.0,577235994.9166666,12.0,-0.27032424415434575,3.0,False,1.023276889742614,0.3469830669227842,250385859.4756945,1.7494147696628783,1.5228298641325855,token,Derivatives;Synthetics;DEX;Perpetuals;RWA;Yield
2586,SNX,2024-09-30,517734003.88246775,302109911.0,569884043.25,12.0,-0.28744721585214117,3.0,False,1.0249642481467829,0.3474892744440348,234854518.55658135,2.2044881531957192,1.7137273059620601,token,Derivatives;Synthetics;DEX;Perpetuals;RWA;Yield
2586,SNX,2024-10-31,454215442.7960027,251129972.0,553801720.5833334,12.0,-0.31152440940668036,3.0,False,1.1301706790506398,0.3790512037151919,218456692.5154875,2.0792013170473185,1.8086867098284973,token,Derivatives;Synthetics;DEX;Perpetuals;RWA;Yield
2586,SNX,2024-11-30,861420605.9707227,470535744.0,537544701.25,12.0,-0.3286354840580126,3.0,False,1.285946092422892,0.42578382772686757,209937665.61454335,4.103220846288424,1.830722993853412,token,Derivatives;Synthetics;DEX;Perpetuals;RWA;Yield
2586,SNX,2024-12-31,649959803.7698665,381332449.0,505270273.75,12.0,-0.3432536512711373,3.0,False,1.2938957124477355,0.42816871373432064,189713529.45109376,3.426006598740864,1.7044439975520322,token,Derivatives;Synthetics;DEX;Perpetuals;RWA;Yield
2586,SNX,2025-01-31,544732221.0013685,304162159.0,476890597.6666667,12.0,-0.3450862996752804,3.0,False,1.340139707365973,0.4420419122097919,180160899.98010838,3.0235873658574786,1.79092699365462,token,Derivatives;Synthetics;DEX;Perpetuals;RWA;Yield
2586,SNX,2025-02-28,308908904.96817183,180384310.0,428482552.6666667,12.0,-0.3561768716728926,3.0,False,1.405909540213817,0.4617728620641451,159405894.35368815,1.9378763013792197,1.7125042913553392,token,Derivatives;Synthetics;DEX;Perpetuals;RWA;Yield
2586,SNX,2025-03-31,258657239.77297848,93925619.0,359680772.1666667,12.0,-0.38528049952548293,3.0,False,1.396748230974589,0.4590244692923766,123071278.98484583,2.10168645281429,2.7538518513567474,token,Derivatives;Synthetics;DEX;Perpetuals;RWA;Yield
2586,SNX,2025-04-30,241463061.736954,86534725.0,312088956.25,12.0,-0.40188353120465814,3.0,False,1.3634569562669128,0.4490370868800738,101015191.07724693,2.390363856781756,2.7903603060731283,token,Derivatives;Synthetics;DEX;Perpetuals;RWA;Yield
2586,SNX,2025-05-31,232495275.44383755,88429476.0,269461739.0833333,12.0,-0.41848311462863474,3.0,False,1.351572481216725,0.44547174436501746,82901768.81984122,2.804467006597735,2.629160388147472,token,Derivatives;Synthetics;DEX;Perpetuals;RWA;Yield
2586,SNX,2025-06-30,200166514.8836212,82951995.0,239633444.58333334,12.0,-0.43057449356735744,3.0,False,1.5167605516607423,0.49502816549822265,74322176.6662778,2.6932272958367585,2.413040396239068,token,Derivatives;Synthetics;DEX;Perpetuals;RWA;Yield
2586,SNX,2025-07-31,199994706.34847605,78278241.0,217284656.16666666,12.0,-0.4354712712478138,3.0,False,1.4538999293988806,0.47616997881966416,65412834.171233945,3.057423040636665,2.5549208029403223,token,Derivatives;Synthetics;DEX;Perpetuals;RWA;Yield
2586,SNX,2025-08-31,233546187.02626723,90660077.0,200869556.5,12.0,-0.42995295305278036,3.0,False,1.4283845938744584,0.46851537816233746,61030843.740892164,3.826691107496283,2.576064291521253,token,Derivatives;Synthetics;DEX;Perpetuals;RWA;Yield
2586,SNX,2025-09-30,369984638.6186788,142249112.0,187547823.25,12.0,-0.42194099056474055,3.0,False,1.415330705401095,0.46459921162032847,58108424.3766822,6.36714284696982,2.600962729515519,token,Derivatives;Synthetics;DEX;Perpetuals;RWA;Yield
2586,SNX,2025-10-31,343295871.1269037,127270559.0,177226205.5,12.0,-0.4050538349211439,3.0,False,1.4091275860665873,0.4627382758199762,57524569.00878252,5.967813006551883,2.6973706552738856,token,Derivatives;Synthetics;DEX;Perpetuals;RWA;Yield
2586,SNX,2025-11-30,186654686.8793817,69930848.0,143842464.16666666,12.0,-0.415852218149682,3.0,False,1.4494534786035775,0.47483604358107323,45745112.975558534,4.08031972681127,2.669132324541262,token,Derivatives;Synthetics;DEX;Perpetuals;RWA;Yield
2586,SNX,2025-12-31,140828385.14593372,53125577.0,116491891.5,12.0,-0.43065893037441394,3.0,False,1.4588401455696023,0.47765204367088065,35601589.74549527,3.9556768715293953,2.6508584583642962,token,Derivatives;Synthetics;DEX;Perpetuals;RWA;Yield
2586,SNX,2026-01-31,122980269.14053036,55426199.0,95763894.83333333,12.0,-0.4508654068219501,3.0,False,1.3798454120741308,0.45395362362223923,27028250.471118785,4.550063988490181,2.2188111643832977,token,Derivatives;Synthetics;DEX;Perpetuals;RWA;Yield
2586,SNX,2026-02-28,110836720.97913574,45960416.0,84561903.66666667,12.0,-0.46278379570044326,3.0,False,1.3496372833101726,0.44489118499305175,22845897.145260297,4.851493477117854,2.411569142001146,token,Derivatives;Synthetics;DEX;Perpetuals;RWA;Yield
2586,SNX,2026-03-31,98926633.1523527,36488125.0,79775445.83333333,12.0,-0.4469224859306139,3.0,False,1.4421847558745067,0.47265542676235195,23164833.310183078,4.270552342324231,2.71120078525144,token,Derivatives;Synthetics;DEX;Perpetuals;RWA;Yield
2586,SNX,2026-04-30,103711002.56014618,41182717.0,75996111.83333333,12.0,-0.43482501616684643,3.0,False,1.436192092366278,0.4708576277098834,22815678.496714137,4.545602383689023,2.518313751862127,token,Derivatives;Synthetics;DEX;Perpetuals;RWA;Yield
2586,SNX,2026-05-31,101375225.70381822,39312345.0,71903017.58333333,12.0,-0.4432546678714576,3.0,False,1.4454863755407217,0.47364591266221645,21120014.38769566,4.79996006834534,2.5787122519355745,token,Derivatives;Synthetics;DEX;Perpetuals;RWA;Yield
2873,MET,2021-03-31,34550074.36803703,49717332.0,,1.0,,,False,,,,,0.6949301778308826,token,Dexs;Launchpad;Synthetics;Yield;Yield Aggregator;Payments
2873,MET,2021-04-30,46276351.26395795,68836419.0,,2.0,,,False,,,,,0.6722655236315815,token,Dexs;Launchpad;Synthetics;Yield;Yield Aggregator;Payments
2873,MET,2021-05-31,43926707.030605,64934337.0,,3.0,,,False,,,,,0.676478871734765,token,Dexs;Launchpad;Synthetics;Yield;Yield Aggregator;Payments
2873,MET,2021-06-30,37566571.72365548,55869223.0,,4.0,,,False,,,,,0.6724019004820503,token,Dexs;Launchpad;Synthetics;Yield;Yield Aggregator;Payments
2873,MET,2021-07-31,41739864.7569847,62914344.0,,5.0,,,False,,,,,0.6634395608890828,token,Dexs;Launchpad;Synthetics;Yield;Yield Aggregator;Payments
2873,MET,2021-08-31,53089491.1603979,82114022.0,64064279.5,6.0,,,False,,,,,0.6465338058875973,token,Dexs;Launchpad;Synthetics;Yield;Yield Aggregator;Payments
2873,MET,2021-09-30,47652356.37759265,72817916.0,65314799.0,7.0,,,False,,,,,0.6544042866812153,token,Dexs;Launchpad;Synthetics;Yield;Yield Aggregator;Payments
2873,MET,2021-10-31,72066453.49186093,107110044.0,70539204.625,8.0,,,False,,,,,0.6728262896788739,token,Dexs;Launchpad;Synthetics;Yield;Yield Aggregator;Payments
2873,MET,2021-11-30,73138433.93465386,105967223.0,74475651.1111111,9.0,,,False,0.5500392357301156,0.20501177071903467,,,0.6901986469406097,token,Dexs;Launchpad;Synthetics;Yield;Yield Aggregator;Payments
2873,MET,2021-12-31,59240588.22883796,90942675.0,76122353.5,10.0,,,False,0.6326544864594963,0.2297963459378489,,,0.6514058249203464,token,Dexs;Launchpad;Synthetics;Yield;Yield Aggregator;Payments
2873,MET,2022-01-31,42406189.15750371,60397181.0,74692792.36363636,11.0,,,False,0.7365266321206284,0.2609579896361885,,,0.7021219940298821,token,Dexs;Launchpad;Synthetics;Yield;Yield Aggregator;Payments
2873,MET,2022-02-28,30207311.14423025,53985435.0,72967179.25,12.0,,,False,0.7086476620016061,0.2525942986004818,,,0.5595455726943804,token,Dexs;Launchpad;Synthetics;Yield;Yield Aggregator;Payments
2873,MET,2022-03-31,40350133.25765085,68390840.0,74523304.91666667,12.0,,,False,0.6971177370976633,0.249135321129299,,,0.5899932397036044,token,Dexs;Launchpad;Synthetics;Yield;Yield Aggregator;Payments
2873,MET,2022-04-30,31945989.58516472,57550680.0,73582826.66666667,12.0,,,False,0.7359234926174192,0.26077704778522576,,,0.5550931732720572,token,Dexs;Launchpad;Synthetics;Yield;Yield Aggregator;Payments
2873,MET,2022-05-31,22973372.64273498,40815978.0,71572963.41666667,12.0,,,False,0.7838050080522339,0.27514150241567015,,,0.5628524359439575,token,Dexs;Launchpad;Synthetics;Yield;Yield Aggregator;Payments
2873,MET,2022-06-30,10778272.37394053,20786948.0,68649440.5,12.0,,,False,0.8887209945518104,0.3066162983655431,,,0.5185115378140422,token,Dexs;Launchpad;Synthetics;Yield;Yield Aggregator;Payments
2873,MET,2022-07-31,15267720.4197258,31628915.0,66042321.416666664,12.0,,,False,0.9209532469438156,0.3162859740831447,,,0.48271401088927013,token,Dexs;Launchpad;Synthetics;Yield;Yield Aggregator;Payments
2873,MET,2022-08-31,17069658.76516533,3225915.0,59468312.5,12.0,-0.07173993114212729,1.0,False,0.8842100982884846,0.3052630294865454,48871021.655691884,0.3492797610294539,5.291416161047433,token,Dexs;Launchpad;Synthetics;Yield;Yield Aggregator;Payments
2873,MET,2022-09-30,14454307.60956271,2772468.0,53631191.833333336,12.0,-0.17888146860356513,1.0,False,0.8900993283258839,0.3070297984977651,30222772.536565904,0.4782588226171091,5.213516480465315,token,Dexs;Launchpad;Synthetics;Yield;Yield Aggregator;Payments
2873,MET,2022-10-31,15892274.4576342,3083120.0,44962281.5,12.0,-0.3625916008122271,1.0,False,0.8891933826173162,0.3067580147851948,14137153.960471308,1.1241494930358937,5.154607818584486,token,Dexs;Launchpad;Synthetics;Yield;Yield Aggregator;Payments
2873,MET,2022-11-30,13539041.48439434,2271400.0,36320962.916666664,12.0,-0.5,1.0,True,0.8920635791392768,0.307619073741783,7427780.798562978,1.8227572745568477,5.96065927815195,token,Dexs;Launchpad;Synthetics;Yield;Yield Aggregator;Payments
2873,MET,2022-12-31,13300409.55186142,2232370.0,28928437.5,12.0,-0.5,1.0,True,0.8906929169743909,0.30720787509231723,5912458.147544608,2.249556651387877,5.957977195474505,token,Dexs;Launchpad;Synthetics;Yield;Yield Aggregator;Payments
2873,MET,2023-01-31,16431408.71949357,2928041.0,24139342.5,12.0,-0.5,1.0,True,0.853952400213204,0.29618572006396116,4854300.778973158,3.3849177188747137,5.611741338148465,token,Dexs;Launchpad;Synthetics;Yield;Yield Aggregator;Payments
2873,MET,2023-02-28,20122646.66723056,3031515.0,19893182.5,12.0,-0.5,1.0,True,0.8477828878453872,0.29433486635361616,3989349.072687666,5.044092733071795,6.637818604635162,token,Dexs;Launchpad;Synthetics;Yield;Yield Aggregator;Payments
2873,MET,2023-03-31,21129130.19782485,3364772.0,14474343.5,12.0,-0.5,1.0,True,0.8231727724596458,0.28695183173789374,2870348.5248044413,7.361172350756392,6.279513202625572,token,Dexs;Launchpad;Synthetics;Yield;Yield Aggregator;Payments
2873,MET,2023-04-30,21063258.85318145,3517869.0,9971609.25,12.0,-0.5,1.0,True,0.8224088796479094,0.2867226638943728,1976735.254546319,10.6555790942352,5.987505178044279,token,Dexs;Launchpad;Synthetics;Yield;Yield Aggregator;Payments
2873,MET,2023-05-31,21473915.17361176,3505478.0,6862400.916666667,12.0,-0.5,1.0,True,0.8167547511762353,0.2850264253528706,1356836.6484637612,15.826455747583893,6.125816557288838,token,Dexs;Launchpad;Synthetics;Yield;Yield Aggregator;Payments
2873,MET,2023-06-30,19876835.60244524,3393942.0,5412983.75,12.0,-0.5,1.0,True,0.8041910570522698,0.2812573171156809,1064031.1003682779,18.68069043805727,5.856563135859494,token,Dexs;Launchpad;Synthetics;Yield;Yield Aggregator;Payments
2933,BMX,2025-10-31,161866195.85591456,5489697.0,34503347.0,12.0,2.0,1.0,True,,,,,29.485451720908195,token,CEX;Derivatives;Dexs;Exchange Token
2933,BMX,2025-11-30,161915402.07945287,3284933.0,33710672.416666664,12.0,2.0,1.0,True,,,,,49.29032101399111,token,CEX;Derivatives;Dexs;Exchange Token
2933,BMX,2025-12-31,120883095.14013414,5324458.0,30414061.75,12.0,1.0551353144623805,1.0,False,,,,,22.703361570348406,token,CEX;Derivatives;Dexs;Exchange Token
2933,BMX,2026-01-31,113162601.6810474,3887293.0,27414384.083333332,12.0,0.5341326845665735,1.0,False,,,,,29.110901000013993,token,CEX;Derivatives;Dexs;Exchange Token
2933,BMX,2026-02-28,102912132.65035369,16416661.0,25440109.25,12.0,0.2585827145579025,1.0,False,,,,,6.268761513096584,token,CEX;Derivatives;Dexs;Exchange Token
2933,BMX,2026-03-31,102128684.47963986,17615185.0,23529081.75,12.0,1.4787020390522505,2.0,False,,,,,5.797763945121204,token,CEX;Derivatives;Dexs;Exchange Token
2933,BMX,2026-04-30,103853367.97020371,15562072.0,21470973.083333332,12.0,0.9899279705420556,2.0,False,,,,,6.673492319673351,token,CEX;Derivatives;Dexs;Exchange Token
2933,BMX,2026-05-31,100304836.57968812,14877804.0,19632761.833333332,12.0,0.6868814454116108,2.0,False,,,,,6.741911412442866,token,CEX;Derivatives;Dexs;Exchange Token
2943,RPL,2021-10-31,353929658.49436176,14714266.0,,1.0,,,False,0.7626938568440796,0.26880815705322386,,,24.053504163535017,other,Liquid Staking
2943,RPL,2021-11-30,527025632.8416782,477491641.0,,2.0,,,False,0.6674845535490508,0.24024536606471525,,,1.1037379245800834,other,Liquid Staking
2943,RPL,2021-12-31,425446278.4542261,625373897.0,,3.0,,,False,0.7630862634916953,0.2689258790475086,,,0.6803070618955273,other,Liquid Staking
2943,RPL,2022-01-31,283459834.88957626,541825773.0,,4.0,,,False,0.8734059491034168,0.30202178473102503,,,0.5231567950710537,other,Liquid Staking
2943,RPL,2022-02-28,235250478.4710693,596165775.0,,5.0,,,False,0.8512581232058426,0.2953774369617527,,,0.3946058098874752,other,Liquid Staking
2943,RPL,2022-03-31,351209728.2868267,827318535.0,513814981.1666667,6.0,,,False,0.8395540255043813,0.2918662076513144,,,0.42451572571963075,other,Liquid Staking
2943,RPL,2022-04-30,304716065.41295606,726800755.0,544241520.2857143,7.0,,,False,0.8743122570229775,0.30229367710689325,,,0.41925667153848245,other,Liquid Staking
2943,RPL,2022-05-31,188958774.9890684,570215786.0,547488303.5,8.0,,,False,0.957886115451888,0.32736583463556634,,,0.33138117117835875,other,Liquid Staking
2943,RPL,2022-06-30,107968573.18006068,319966114.0,522208060.2222222,9.0,,,False,1.0280228499749933,0.34840685499249796,,,0.33743752371246627,other,Liquid Staking
2943,RPL,2022-07-31,226947277.35637265,535862664.0,523573520.6,10.0,,,False,1.1189941390123472,0.37569824170370414,,,0.42351761487225514,other,Liquid Staking
2943,RPL,2022-08-31,242967507.5231897,489665952.0,520491014.3636364,11.0,,,False,1.1040707073059415,0.3712212121917824,,,0.4961903243033522,other,Liquid Staking
2943,RPL,2022-09-30,249319903.933555,490940476.0,518028469.5,12.0,,,False,1.1068075196464164,0.3720422558939249,,,0.5078414107651515,other,Liquid Staking
2943,RPL,2022-10-31,220636697.65553445,606619930.0,567353941.5,12.0,,,False,1.1008969202911179,0.37026907608733534,,,0.36371488430248977,other,Liquid Staking
2943,RPL,2022-11-30,199292876.007866,492207590.0,568580270.5833334,12.0,,,False,1.1068647860139098,0.3720594358041729,,,0.40489598302997726,other,Liquid Staking
2943,RPL,2022-12-31,204181260.69471404,503412701.0,558416837.5833334,12.0,,,False,1.1085386078442434,0.37256158235327297,,,0.4055941780752052,other,Liquid Staking
2943,RPL,2023-01-31,392721434.9438398,723739397.0,573576306.25,12.0,,,False,1.204199029224938,0.4012597087674814,,,0.5426282396284139,other,Liquid Staking
2943,RPL,2023-02-28,888690752.7044102,779769699.0,588876633.25,12.0,,,False,1.2004976185471357,0.40014928556414064,,,1.139683619207176,other,Liquid Staking
2943,RPL,2023-03-31,850922130.6509023,884915012.0,593676339.6666666,12.0,0.1554282405675813,1.0,False,1.1407263660266433,0.382217909807993,1117932104.2333386,0.7611572540306034,0.9615862756444031,other,Liquid Staking
2943,RPL,2023-04-30,903188097.557579,1029953708.0,618939085.75,12.0,0.13725076584577978,1.0,False,1.1407051954554477,0.38221155863663425,1083036776.969481,0.833940376507667,0.8769210601818417,other,Liquid Staking
2943,RPL,2023-05-31,944337178.7092444,1087773453.0,662068891.3333334,12.0,0.20928408351528072,1.0,False,1.1395659268351244,0.3818697780505373,1561318827.8411047,0.6048330180037702,0.8681377322684527,other,Liquid Staking
2943,RPL,2023-06-30,752412111.4510068,1108068315.0,727744074.75,12.0,0.3935902759530623,1.0,False,1.1146397511384627,0.37439192534153876,4047382312.6007514,0.18590092394002797,0.6790304363598798,other,Liquid Staking
2943,RPL,2023-07-31,570545594.4846991,1148741387.0,778817301.6666666,12.0,0.487503227386604,1.0,False,1.1105771940330897,0.3731731582099269,6860726929.542229,0.08316109944967127,0.49667018263763413,other,Liquid Staking
2943,RPL,2023-08-31,441663277.5143763,1092221671.0,829030278.25,12.0,0.5927849960360803,1.0,False,1.0639584011759102,0.359187520352773,13042793494.06293,0.033862629023101616,0.4043714652814065,other,Liquid Staking
2943,RPL,2023-09-30,433718314.3939352,1074729963.0,877679402.1666666,12.0,0.6942686625192644,1.0,False,1.0632951319255461,0.3589885395776638,22863101259.960487,0.01897023109255497,0.4035602703243282,other,Liquid Staking
2943,RPL,2023-10-31,462997374.811259,1212979723.0,928209384.9166666,12.0,0.6360323195475088,1.0,False,0.9948194878774712,0.3384458463632413,20028935175.14069,0.023116424850479187,0.38170248523705863,other,Liquid Staking
2943,RPL,2023-11-30,538613769.1594433,1360182159.0,1000540599.0,12.0,0.75971740625734,1.0,False,1.0596504006842402,0.35789512020527203,36101320661.97934,0.01491950320052121,0.39598649754046894,other,Liquid Staking
2943,RPL,2023-12-31,601821762.5773817,1566571706.0,1089137182.75,12.0,0.9504017598456931,1.0,False,1.3350180776739213,0.44050542330217635,62719200646.62265,0.009595494782661728,0.3841648360380777,other,Liquid Staking
2943,RPL,2024-01-31,575855576.7771721,1642768462.0,1165722938.1666667,12.0,1.032376382120939,1.0,False,1.280135087931307,0.42404052637939205,104600969374.89793,0.005505260421758247,0.3505397078758699,other,Liquid Staking
2943,RPL,2024-02-29,628964816.4155661,2379300748.0,1299017192.25,12.0,1.205924159497969,1.0,False,1.0334863441282487,0.35004590323847457,374960347375.44977,0.00167741688105964,0.2643485977736372,other,Liquid Staking
2943,RPL,2024-03-31,611542634.2568239,2497814884.0,1433425514.9166667,12.0,0.6702603975027184,2.0,False,0.8823512181840248,0.30470536545520743,44041458062.993904,0.013885612810141638,0.2448310473983163,other,Liquid Staking
2943,RPL,2024-04-30,393019858.5277895,2279773620.0,1537577174.25,12.0,0.6808254916384324,2.0,False,0.927130219137901,0.31813906574137024,46298405311.30548,0.008488842237333366,0.17239424786737795,other,Liquid Staking
2943,RPL,2024-05-31,446419119.2219575,2673612753.0,1669730449.25,12.0,0.7463679837598143,2.0,False,0.9747882613640538,0.33243647840921614,64631643478.587296,0.006907129313056349,0.16697224335163752,other,Liquid Staking
2943,RPL,2024-06-30,405853640.3622168,2447556882.0,1781354496.5,12.0,0.846942571468909,2.0,False,0.9476830106853584,0.3243049032056075,118202816469.87524,0.0034335361244598704,0.1658199012031038,other,Liquid Staking
2943,RPL,2024-07-31,302011339.34612525,2397565431.0,1885423166.8333333,12.0,0.8976476738019816,2.0,False,0.9085059290726423,0.31255177872179263,171358297376.27475,0.001762455299628461,0.12596583827960825,other,Liquid Staking
2943,RPL,2024-08-31,226676205.61812252,1858875556.0,1949310990.5833333,12.0,0.9352360588148123,2.0,False,0.9059640221531329,0.31178920664593984,212824359468.62405,0.0010650858115306139,0.12194264693323156,other,Liquid Staking
2943,RPL,2024-09-30,232838891.78303173,1976071557.0,2024422790.0833333,12.0,0.9768503541019469,2.0,False,0.9695684297364716,0.33087052892094143,238712716285.7666,0.0009753937511410023,0.11782918030383438,other,Liquid Staking
2943,RPL,2024-10-31,211633840.27338183,2000461596.0,2090046279.5,12.0,0.9193355756416826,2.0,False,1.0619677026660712,0.35859031079982134,160566447045.0143,0.001318045234033552,0.10579250343848232,other,Liquid Staking
2943,RPL,2024-11-30,308599314.4772495,2701430236.0,2201816952.5833335,12.0,0.9678623317884465,2.0,False,1.1397219047515932,0.3819165714254779,185705803070.4544,0.0016617645187973521,0.11423552989256225,other,Liquid Staking
2943,RPL,2024-12-31,238076222.2846689,2499599607.0,2279569277.6666665,12.0,1.0204455234743395,2.0,False,1.159361146564994,0.38780834396949815,235685021789.32584,0.0010101457465442182,0.09524574320541125,other,Liquid Staking
2943,RPL,2025-01-31,177630897.10717416,2428584483.0,2345053946.0833335,12.0,1.0219984459003668,2.0,False,1.1176592560950411,0.3752977768285123,261797474096.58133,0.0006785050074304508,0.07314174094028178,other,Liquid Staking
2943,RPL,2025-02-28,138482451.38508314,1658128803.0,2284956284.0,12.0,0.9698211078837142,2.0,False,1.1396661431537676,0.3818998429461302,194453107555.4065,0.0007121637351340587,0.08351730645685138,other,Liquid Staking
2943,RPL,2025-03-31,92860122.2083464,1274213951.0,2182989539.5833335,12.0,0.6196268355982426,3.0,False,1.1433121526582932,0.38299364579748796,35259616932.344734,0.0026336112041864795,0.07287639735498894,other,Liquid Staking
2943,RPL,2025-04-30,96067913.93383676,1213837924.0,2094161564.9166667,12.0,0.5670138601813834,3.0,False,1.1587505646075567,0.387625169382267,25682083540.005566,0.0037406588832323354,0.07914393844053003,other,Liquid Staking
2943,RPL,2025-05-31,101839421.65648904,1692332731.0,2012388229.75,12.0,0.5432832444684139,3.0,False,1.1271374105374492,0.3781412231612347,22848197653.603466,0.004457219041976714,0.06017694971621337,other,Liquid Staking
2943,RPL,2025-06-30,107834669.27429868,1667221894.0,1947360314.0833333,12.0,0.55072307069963,3.0,False,1.1439280418037063,0.38317841254111185,22465019365.504387,0.004800114681400257,0.06467925455056354,other,Liquid Staking
2943,RPL,2025-07-31,157745120.91876698,2563959381.0,1961226476.5833333,12.0,0.5530425612912386,3.0,False,1.004709138064486,0.34141274141934574,27384231876.24443,0.0057604362113077715,0.0615240327470566,other,Liquid Staking
2943,RPL,2025-08-31,151869475.71357813,2850369945.0,2043851009.0,12.0,0.5776548581832992,3.0,False,1.0618782472279493,0.35856347416838474,29900231797.233055,0.005079207303256827,0.0532806192332968,other,Liquid Staking
2943,RPL,2025-09-30,102447047.32828449,2675960332.0,2102175073.5833333,12.0,0.5950406342773373,3.0,False,1.0797367715467667,0.36392103146403,32740026804.854534,0.0031291070083392276,0.03828421748379059,other,Liquid Staking
2943,RPL,2025-10-31,71346895.14931656,2434712383.0,2138362639.1666667,12.0,0.5562370858552279,3.0,False,1.1031032264556586,0.37093096793669755,26657729054.21368,0.0026764055934479177,0.02930403428654865,other,Liquid Staking
2943,RPL,2025-11-30,54709097.10838492,1816881437.0,2064650239.25,12.0,0.5370390512265906,3.0,False,1.1388681518362822,0.38166044555088463,22417563342.81796,0.002440456898537654,0.03011153947321931,other,Liquid Staking
2943,RPL,2025-12-31,41927768.28384668,1736365351.0,2001047384.5833333,12.0,0.5302637459143269,3.0,False,1.1709181864370883,0.39127545593112645,20248108119.36971,0.002070700533435902,0.024146858413006123,other,Liquid Staking
2943,RPL,2026-01-31,39700047.40527306,1562023326.0,1928833954.8333333,12.0,0.498193401394301,3.0,False,0.8316494882517514,0.2894948464755254,25932243814.75342,0.001530914474230218,0.025415783967155083,other,Liquid Staking
2943,RPL,2026-02-28,41422143.24673492,1093278533.0,1881763099.0,12.0,0.47292355917414564,3.0,False,0.780535770595556,0.2741607311786668,23858933876.160023,0.0017361271656871537,0.037888005660433946,other,Liquid Staking
2943,RPL,2026-03-31,39927735.9955347,1172406649.0,1873279157.1666667,12.0,0.4667325162114637,3.0,False,0.8191375977288062,0.28574127931864185,21651843641.596172,0.0018440801927290858,0.034056217635400586,other,Liquid Staking
2943,RPL,2026-04-30,40549044.69360375,1211712551.0,1873102042.75,12.0,0.446453609194156,3.0,False,0.8219016612934207,0.2865704983880262,19318510344.466583,0.0020989736770888365,0.033464244189052514,other,Liquid Staking
2943,RPL,2026-05-31,36543691.98274983,1096357689.0,1823437455.9166667,12.0,0.4017241737853663,3.0,False,0.8506957786626638,0.2952087335987991,14206689100.983103,0.0025722877246761883,0.03333190650223079,other,Liquid Staking
3783,ANKR,2020-12-31,54705429.82179298,22563493.0,,2.0,,,False,0.2281920763445536,0.10845762290336608,,,2.42451068288908,other,Liquid Staking;DePIN;Storage;Layer-1
3783,ANKR,2021-01-31,74893955.6483165,45320088.0,,3.0,,,False,0.2407985077267653,0.1122395523180296,,,1.6525553888667759,other,Liquid Staking;DePIN;Storage;Layer-1
3783,ANKR,2021-02-28,170155548.15802664,55786434.0,,4.0,,,False,0.5216401440757691,0.19649204322273073,,,3.0501241244067803,other,Liquid Staking;DePIN;Storage;Layer-1
3783,ANKR,2021-03-31,1126563826.484731,77615610.0,,5.0,,,False,1.0120062756868078,0.3436018827060423,,,14.514655318494965,other,Liquid Staking;DePIN;Storage;Layer-1
3783,ANKR,2021-04-30,1240344122.8930604,122727761.0,54499534.333333336,6.0,,,False,1.0150439742022106,0.3445131922606631,,,10.106467459249586,other,Liquid Staking;DePIN;Storage;Layer-1
3783,ANKR,2021-05-31,745173145.011594,128229110.0,65032330.85714286,7.0,,,False,1.089077314210226,0.36672319426306776,,,5.811263487764939,other,Liquid Staking;DePIN;Storage;Layer-1
3783,ANKR,2021-06-30,554241557.3362266,113581560.0,71100984.5,8.0,,,False,1.1259310372744022,0.37777931118232067,,,4.879679037127388,other,Liquid Staking;DePIN;Storage;Layer-1
3783,ANKR,2021-07-31,654367013.1707522,125216768.0,77113849.33333333,9.0,,,False,1.10548362387907,0.37164508716372097,,,5.225873687865447,other,Liquid Staking;DePIN;Storage;Layer-1
3783,ANKR,2021-08-31,779894879.4168067,171399923.0,86542456.7,10.0,,,False,1.1017623902011047,0.37052871706033136,,,4.550147198238862,other,Liquid Staking;DePIN;Storage;Layer-1
3783,ANKR,2021-09-30,607492307.1683006,155004886.0,92766313.9090909,11.0,,,False,1.1313861213910346,0.37941583641731036,,,3.919181664817331,other,Liquid Staking;DePIN;Storage;Layer-1
3783,ANKR,2021-10-31,980766916.1459112,225329409.0,103813238.5,12.0,,,False,1.1246098470308905,0.37738295410926714,,,4.352591703402156,other,Liquid Staking;DePIN;Storage;Layer-1
3783,ANKR,2021-11-30,1209716795.3387113,235848225.0,123218605.58333333,12.0,,,False,1.1001742562305266,0.3700522768691579,,,5.129217297856328,other,Liquid Staking;DePIN;Storage;Layer-1
3783,ANKR,2021-12-31,819553915.4368105,197568846.0,137802385.0,12.0,,,False,1.1407368078608155,0.3822210423582446,,,4.148194070216974,other,Liquid Staking;DePIN;Storage;Layer-1
3783,ANKR,2022-01-31,650067831.0804722,136968638.0,145439764.16666666,12.0,,,False,1.1583024254306227,0.3874907276291868,,,4.746107142282252,other,Liquid Staking;DePIN;Storage;Layer-1
3783,ANKR,2022-02-28,587043285.0466326,140299303.0,152482503.25,12.0,,,False,1.1477152729039015,0.3843145818711704,,,4.184220965421565,other,Liquid Staking;DePIN;Storage;Layer-1
3783,ANKR,2022-03-31,771060391.4880745,181623099.0,161149794.0,12.0,,,False,1.144382179603847,0.38331465388115404,,,4.245387264799807,other,Liquid Staking;DePIN;Storage;Layer-1
3783,ANKR,2022-04-30,489148996.1279464,157487607.0,164046447.83333334,12.0,2.0,1.0,True,1.1822826209827386,0.39468478629482157,668244213939.1312,0.0007319913677135135,3.105952305999204,other,Liquid Staking;DePIN;Storage;Layer-1
3783,ANKR,2022-05-31,316823551.4983556,113198240.0,162793875.33333334,12.0,1.5032760349762673,1.0,False,1.2140853364892361,0.4042256009467708,110856626693.57758,0.0028579577148247345,2.7988381400484283,other,Liquid Staking;DePIN;Storage;Layer-1
3783,ANKR,2022-06-30,224560364.70256627,68749934.0,159057906.5,12.0,1.2370703812125132,1.0,False,1.5220073040663769,0.496602191219913,23169975812.25212,0.00969186875818059,3.2663357131741577,other,Liquid Staking;DePIN;Storage;Layer-1
3783,ANKR,2022-07-31,291850065.2404536,105670126.0,157429019.66666666,12.0,1.0415142160283288,1.0,False,1.570759786829155,0.5112279360487465,9602799590.64988,0.03039218537108951,2.7618975796475684,other,Liquid Staking;DePIN;Storage;Layer-1
3783,ANKR,2022-08-31,341956387.9373378,110491437.0,152353312.5,12.0,0.7604458933738589,1.0,False,1.5273623610216511,0.4982087083064953,2936620004.8950276,0.11644556918066809,3.0948677763810584,other,Liquid Staking;DePIN;Storage;Layer-1
3783,ANKR,2022-09-30,294304368.9458178,169836270.0,153589261.16666666,12.0,0.6556576918339236,1.0,False,1.509666226238041,0.4928998678714122,1906096442.478558,0.15440161493776489,1.732871129033968,other,Liquid Staking;DePIN;Storage;Layer-1
3783,ANKR,2022-10-31,284473633.8883364,199136341.0,151406505.5,12.0,0.45845084584274876,1.0,False,1.4828437098193132,0.4848531129457939,820688825.5174867,0.3466278875053052,1.4285370136851938,other,Liquid Staking;DePIN;Storage;Layer-1
3783,ANKR,2022-11-30,220908260.9338206,174656636.0,146307206.41666666,12.0,0.1873791764160031,1.0,False,1.5116245678993165,0.4934873703697949,272938398.1885156,0.809370401526434,1.2648145870267455,other,Liquid Staking;DePIN;Storage;Layer-1
3783,ANKR,2022-12-31,148287658.56419155,141994979.0,141676050.83333334,12.0,0.028110296010721125,1.0,False,1.5345296302203213,0.5003588890660964,157066766.21887603,0.9441058865218463,1.0443162118020493,other,Liquid Staking;DePIN;Storage;Layer-1
3783,ANKR,2023-01-31,248689657.56330493,157336098.0,143373339.16666666,12.0,-0.01420811572295988,1.0,False,1.5114712405140749,0.4934413721542224,140233087.7739872,1.7734021371911635,1.580626828328391,other,Liquid Staking;DePIN;Storage;Layer-1
3783,ANKR,2023-02-28,377564430.1241968,161993361.0,145181177.33333334,12.0,-0.04788304074924521,1.0,False,1.6096895964596545,0.5229068789378963,128845671.7687861,2.9303617649007037,2.3307401475804728,other,Liquid Staking;DePIN;Storage;Layer-1
3783,ANKR,2023-03-31,347697638.0407048,185867401.0,145534869.16666666,12.0,-0.09689695807698862,1.0,False,1.5889396041721815,0.5166818812516545,112698244.19147865,3.0852090068941367,1.8706757407163872,other,Liquid Staking;DePIN;Storage;Layer-1
3783,ANKR,2023-04-30,310233373.51059794,181635313.0,147547178.0,12.0,0.6453907748360377,2.0,False,1.5839875127609566,0.5151962538282869,1623445331.5319521,0.19109567010664197,1.7080014254199454,other,Liquid Staking;DePIN;Storage;Layer-1
3783,ANKR,2023-05-31,254895712.6858826,158044925.0,151284401.75,12.0,0.5252197351449097,2.0,False,1.7226310871444754,0.5567893261433426,898813863.2832613,0.28359121181640273,1.612805426595524,other,Liquid Staking;DePIN;Storage;Layer-1
3783,ANKR,2023-06-30,229855333.98815992,139548085.0,157184247.66666666,12.0,0.4868484459380704,2.0,False,1.6956823379853756,0.5487047013956127,818240258.7949619,0.2809142321189039,1.6471407256370443,other,Liquid Staking;DePIN;Storage;Layer-1
3783,ANKR,2023-07-31,255200323.9016765,93027852.0,156130724.83333334,12.0,0.4229118515796997,2.0,False,1.7191531007871905,0.5557459302361571,625896323.1515859,0.40773577741543865,2.743267939817384,other,Liquid Staking;DePIN;Storage;Layer-1
3783,ANKR,2023-08-31,186109121.5812904,70445155.0,152793534.66666666,12.0,0.3287334835247582,2.0,False,1.7058081428046927,0.5517424428414078,436506839.4083966,0.4263601501262306,2.6419009452288154,other,Liquid Staking;DePIN;Storage;Layer-1
3783,ANKR,2023-09-30,198895386.5137613,64631818.0,144026497.0,12.0,0.2460229712428954,2.0,False,1.7070448516882992,0.5521134555064898,308962593.66631573,0.6437523201548836,3.0773602332176595,other,Liquid Staking;DePIN;Storage;Layer-1
3783,ANKR,2023-10-31,228773619.57801387,68966110.0,133178977.75,12.0,0.13263888872688723,2.0,False,1.6214220201964302,0.5264266060589291,201746952.32006842,1.1339631996773267,3.3171889726419814,other,Liquid Staking;DePIN;Storage;Layer-1
3783,ANKR,2023-11-30,260333665.9212106,64250953.0,123978504.16666667,12.0,0.0030787988157892077,2.0,False,1.7150357633424094,0.5545107290027228,126716820.29453626,2.0544523238201515,4.051825751459447,other,Liquid Staking;DePIN;Storage;Layer-1
3783,ANKR,2023-12-31,285209526.4991332,74723710.0,118372565.08333333,12.0,-0.073176232603123,2.0,False,1.944996393467287,0.6234989180401861,99075681.48208328,2.8787036559593098,3.8168544696072133,other,Liquid Staking;DePIN;Storage;Layer-1
3783,ANKR,2024-01-31,234821606.0111901,71618191.0,111229406.16666667,12.0,-0.12548305598837972,2.0,False,1.9446201474678582,0.6233860442403575,81696498.11103956,2.8743166652263015,3.27879834344308,other,Liquid Staking;DePIN;Storage;Layer-1
3783,ANKR,2024-02-29,368463514.539371,98708800.0,105955692.75,12.0,-0.16641068122684632,2.0,False,1.7066800787516627,0.5520040236254988,68808232.44596191,5.354933580494767,3.7328334914351204,other,Liquid Staking;DePIN;Storage;Layer-1
3783,ANKR,2024-03-31,598928781.7436672,108203802.0,99483726.16666667,12.0,-0.21429205561902487,2.0,False,1.1790355400588732,0.3937106620176619,52717662.31865138,11.361064876576815,5.535191653835484,other,Liquid Staking;DePIN;Storage;Layer-1
3783,ANKR,2024-04-30,471354738.2997413,67791437.0,89996736.5,12.0,0.18198325288064154,3.0,False,1.187068288662655,0.39612048659879645,185102571.22501463,2.5464515980534514,6.953012934358381,other,Liquid Staking;DePIN;Storage;Layer-1
3783,ANKR,2024-05-31,428800331.4960721,79580217.0,83458010.83333333,12.0,0.08670809732533202,3.0,False,1.181495751293678,0.3944487253881033,118596840.04847339,3.6156134625577803,5.388277987430873,other,Liquid Staking;DePIN;Storage;Layer-1
3783,ANKR,2024-06-30,310895026.71025693,61526140.0,76956182.08333333,12.0,0.026729325245315128,3.0,False,1.183592745689471,0.3950778237068413,87944244.23498432,3.535137852564347,5.053055932165693,other,Liquid Staking;DePIN;Storage;Layer-1
3783,ANKR,2024-07-31,287929846.78533584,56367541.0,73901156.16666667,12.0,-0.014084676226369996,3.0,False,1.1999468579863346,0.39998405739590037,73272643.96360499,3.9295681336182233,5.108078899261116,other,Liquid Staking;DePIN;Storage;Layer-1
3783,ANKR,2024-08-31,238021544.3595594,43630702.0,71666618.41666667,12.0,-0.0609344733226308,3.0,False,1.1985444192524894,0.3995633257757468,60902472.42245838,3.9082410761338258,5.455368202866857,other,Liquid Staking;DePIN;Storage;Layer-1
3783,ANKR,2024-09-30,284585638.836678,49908496.0,70439674.91666667,12.0,-0.08769018413226848,3.0,False,1.1947588062224668,0.39842764186674,54951909.492878504,5.178812555613903,5.702148164045617,other,Liquid Staking;DePIN;Storage;Layer-1
3783,ANKR,2024-10-31,243927079.03634632,47084659.0,68616220.66666667,12.0,-0.12892004872089569,3.0,False,1.1432239309186405,0.3829671792755921,46862149.65158185,5.205204644898582,5.18060625725985,other,Liquid Staking;DePIN;Storage;Layer-1
3783,ANKR,2024-11-30,446144135.4914516,65403123.0,68712234.83333333,12.0,-0.1769000131495937,3.0,False,1.315903876959548,0.43477116308786434,41460116.96040789,10.760802626714597,6.8214500321559814,other,Liquid Staking;DePIN;Storage;Layer-1
3783,ANKR,2024-12-31,335800372.1714475,56686011.0,67209093.25,12.0,-0.2128507233807213,3.0,False,1.3158358128647882,0.43475074385943646,36601668.1349294,9.174455408249255,5.923866686817097,other,Liquid Staking;DePIN;Storage;Layer-1
3783,ANKR,2025-01-31,276506561.625694,53711740.0,65716889.0,12.0,-0.2326421420317667,3.0,False,1.310199480768493,0.43305984423054783,33808089.96810962,8.17870994446939,5.147972521942018,other,Liquid Staking;DePIN;Storage;Layer-1
3783,ANKR,2025-02-28,208747037.2889157,38244255.0,60678176.916666664,12.0,-0.2644635992161345,3.0,False,1.3242529402456071,0.4372758820736821,28620192.129962582,7.29369797173296,5.45825869242101,other,Liquid Staking;DePIN;Storage;Layer-1
3783,ANKR,2025-03-31,175986936.5109732,31315592.0,54270826.083333336,12.0,-0.30426226469576045,3.0,False,1.322688126854412,0.4368064380563236,22893081.728432897,7.6873414684227415,5.619786351507364,other,Liquid Staking;DePIN;Storage;Layer-1
3783,ANKR,2025-04-30,197965245.3349569,32241147.0,51308301.916666664,12.0,-0.3212024435709223,3.0,False,1.3007997656866137,0.43023992970598407,20535541.128106784,9.640128015131966,6.1401427602732905,other,Liquid Staking;DePIN;Storage;Layer-1
3783,ANKR,2025-05-31,160240001.689903,44177174.0,48358048.333333336,12.0,-0.3327679470216043,3.0,False,1.2584928802024329,0.41754786406072986,18540907.127872847,8.642511425399007,3.62721258924129,other,Liquid Staking;DePIN;Storage;Layer-1
3783,ANKR,2025-06-30,138811327.3478511,40241718.0,46584346.5,12.0,-0.3359080000883857,3.0,False,1.3831514746015217,0.4549454423804565,18238619.065427434,7.610846350257821,3.449438399917496,other,Liquid Staking;DePIN;Storage;Layer-1
3783,ANKR,2025-07-31,161014425.8764059,57395877.0,46670041.166666664,12.0,-0.33321708354016555,3.0,False,1.3998685538085922,0.45996056614257763,18478853.95329398,8.71344220173914,2.8053308755332007,other,Liquid Staking;DePIN;Storage;Layer-1
3783,ANKR,2025-08-31,151843515.18864933,65629411.0,48503266.916666664,12.0,-0.317179795404648,3.0,False,1.4964268088609896,0.4889280426582968,20483822.872176073,7.4128504301266895,2.313650433167065,other,Liquid Staking;DePIN;Storage;Layer-1
3783,ANKR,2025-09-30,132485196.8291203,65977311.0,49842334.833333336,12.0,-0.3128062899348103,3.0,False,1.4947977688303986,0.48843933064911954,21293462.007024296,6.22187208380751,2.0080417771060763,other,Liquid Staking;DePIN;Storage;Layer-1
3783,ANKR,2025-10-31,96531372.62051472,57278626.0,50691832.083333336,12.0,-0.305619018754377,3.0,False,1.5125121357418714,0.4937536407225614,22158450.93492025,4.356413402003101,1.6852948361665436,other,Liquid Staking;DePIN;Storage;Layer-1
3783,ANKR,2025-11-30,77716693.36405851,51230041.0,49510741.916666664,12.0,-0.3031415476036342,3.0,False,1.4965897133479216,0.48897691400437643,21720315.73080277,3.5780646251768893,1.5170140770345764,other,Liquid Staking;DePIN;Storage;Layer-1
3783,ANKR,2025-12-31,62248163.88504117,56691180.0,49511172.666666664,12.0,-0.295627719382604,3.0,False,1.4809763266273466,0.48429289798820396,22099983.63501038,2.8166610850529676,1.0980220183287976,other,Liquid Staking;DePIN;Storage;Layer-1
3783,ANKR,2026-01-31,50232816.11369995,31363574.0,47648825.5,12.0,-0.30732752004607133,3.0,False,1.3811162117425977,0.4543348635227793,20184214.141327232,2.488717953643195,1.6016292057053176,other,Liquid Staking;DePIN;Storage;Layer-1
3783,ANKR,2026-02-28,42856822.69393444,21156079.0,46224810.833333336,12.0,-0.31715582417610344,3.0,False,1.3806158792551984,0.4541847637765595,19053347.421533957,2.2493067357548924,2.025745068069298,other,Liquid Staking;DePIN;Storage;Layer-1
3783,ANKR,2026-03-31,49523663.67455515,20943383.0,45360460.083333336,12.0,-0.3219889107912758,3.0,False,1.4756282763767112,0.48268848291301336,18827659.308225755,2.630367528103634,2.364644894024769,other,Liquid Staking;DePIN;Storage;Layer-1
3783,ANKR,2026-04-30,47230653.1924931,24194070.0,44689870.333333336,12.0,-0.32842777068532425,3.0,False,1.4570262420862046,0.47710787262586135,18154988.36503099,2.6015248395017347,1.9521582434246534,other,Liquid Staking;DePIN;Storage;Layer-1
3783,ANKR,2026-05-31,46297534.095247,21103520.0,42767065.833333336,12.0,-0.3436959247197442,3.0,False,1.4447188794071228,0.47341566382213685,16616098.63167911,2.786305926649912,2.1938299437841176,other,Liquid Staking;DePIN;Storage;Layer-1
3814,CELR,2021-11-30,678460954.2497782,20338654.0,,1.0,,,False,1.2828368890036248,0.4248510667010874,,,33.358203264079236,token,Bridge;DePIN;Interoperability;Privacy;Zero Knowledge
3814,CELR,2021-12-31,449132804.2180165,108865321.0,,2.0,,,False,1.3244567245214325,0.4373370173564297,,,4.125581958445854,token,Bridge;DePIN;Interoperability;Privacy;Zero Knowledge
3814,CELR,2022-01-31,325025460.4807549,145597908.0,,3.0,,,False,1.3573446188450322,0.44720338565350964,,,2.232349797778378,token,Bridge;DePIN;Interoperability;Privacy;Zero Knowledge
3814,CELR,2022-02-28,282115085.5736658,350382277.0,,4.0,,,False,1.3444589775036266,0.44333769325108796,,,0.8051636857581863,token,Bridge;DePIN;Interoperability;Privacy;Zero Knowledge
3814,CELR,2022-03-31,522330949.83879536,481058543.0,,5.0,,,False,1.3350450022269142,0.44051350066807426,,,1.085794977429172,token,Bridge;DePIN;Interoperability;Privacy;Zero Knowledge
3814,CELR,2022-04-30,229951889.08976576,744258446.0,308416858.1666667,6.0,,,False,1.4001192201222556,0.4600357660366767,,,0.3089677924726779,token,Bridge;DePIN;Interoperability;Privacy;Zero Knowledge
3814,CELR,2022-05-31,133570609.15457612,436742901.0,326749150.0,7.0,,,False,1.4394927918416573,0.47184783755249715,,,0.3058334980345247,token,Bridge;DePIN;Interoperability;Privacy;Zero Knowledge
3814,CELR,2022-06-30,105177546.63299692,267006853.0,319281362.875,8.0,,,False,1.4864955929565695,0.4859486778869708,,,0.39391328518821545,token,Bridge;DePIN;Interoperability;Privacy;Zero Knowledge
3814,CELR,2022-07-31,145367592.74336797,243503978.0,310861653.4444444,9.0,,,False,1.5553815056920772,0.5066144517076232,,,0.5969824145680609,token,Bridge;DePIN;Interoperability;Privacy;Zero Knowledge
3814,CELR,2022-08-31,122951426.77070974,174758933.0,297251381.4,10.0,,,False,1.5312038136920465,0.4993611441076139,,,0.7035487380247952,token,Bridge;DePIN;Interoperability;Privacy;Zero Knowledge
3814,CELR,2022-09-30,108550774.14693598,150423812.0,283903420.54545456,11.0,,,False,1.5189748292126068,0.495692448763782,,,0.7216329163825205,token,Bridge;DePIN;Interoperability;Privacy;Zero Knowledge
3814,CELR,2022-10-31,108972124.11742868,156329159.0,273272232.0833333,12.0,,,False,1.5025292101913181,0.4907587630573954,,,0.6970684472077834,token,Bridge;DePIN;Interoperability;Privacy;Zero Knowledge
3814,CELR,2022-11-30,86981669.93789554,137123690.0,283004318.4166667,12.0,,,False,1.5339505189185438,0.5001851556755631,,,0.6343299975219128,token,Bridge;DePIN;Interoperability;Privacy;Zero Knowledge
3814,CELR,2022-12-31,67128637.58319096,122035863.0,284101863.5833333,12.0,,,False,1.5941813098733737,0.5182543929620121,,,0.5500730353600315,token,Bridge;DePIN;Interoperability;Privacy;Zero Knowledge
3814,CELR,2023-01-31,129227237.31236915,133588254.0,283101059.0833333,12.0,,,False,1.6155926916110321,0.5246778074833096,,,0.9673547893841711,token,Bridge;DePIN;Interoperability;Privacy;Zero Knowledge
3814,CELR,2023-02-28,143801070.7820106,148591010.0,266285120.16666666,12.0,,,False,1.7306831868583021,0.5592049560574907,,,0.9677642731011157,token,Bridge;DePIN;Interoperability;Privacy;Zero Knowledge
3814,CELR,2023-03-31,165414137.7850354,142151962.0,238042905.08333334,12.0,,,False,1.6885284338625117,0.5465585301587536,,,1.1636430159510243,token,Bridge;DePIN;Interoperability;Privacy;Zero Knowledge
3814,CELR,2023-04-30,163147303.1183099,144562645.0,188068255.0,12.0,-0.3902140884323223,1.0,False,1.6428433887350287,0.5328530166205085,67152872.78677772,2.429491045548141,1.12855781739681,token,Bridge;DePIN;Interoperability;Privacy;Zero Knowledge
3814,CELR,2023-05-31,148991123.59304303,126377667.0,162204485.5,12.0,-0.5,1.0,True,1.755660568187012,0.5666981704561036,43577260.605003916,3.4190107759076205,1.1789355439916693,token,Bridge;DePIN;Interoperability;Privacy;Zero Knowledge
3814,CELR,2023-06-30,127495292.74832349,110024409.0,149122615.16666666,12.0,-0.5,1.0,True,1.7245082483940462,0.5573524745182139,39778245.17105351,3.2051512629597187,1.1587909801753489,token,Bridge;DePIN;Interoperability;Privacy;Zero Knowledge
3814,CELR,2023-07-31,109361830.49135058,91573392.0,136461733.0,12.0,-0.5,1.0,True,1.7454676482455482,0.5636402944736645,36576534.82835514,2.9899450837691237,1.1942533535434678,token,Bridge;DePIN;Interoperability;Privacy;Zero Knowledge
3814,CELR,2023-08-31,88244013.2801889,83816355.0,128883184.83333333,12.0,-0.5,1.0,True,1.7025581503290521,0.5507674450987157,34204043.683788754,2.579929264972047,1.052825707825029,token,Bridge;DePIN;Interoperability;Privacy;Zero Knowledge
3814,CELR,2023-09-30,95737606.5164775,87669149.0,123653629.58333333,12.0,-0.5,1.0,True,1.702816555008553,0.5508449665025659,32818173.26734176,2.917213147014144,1.09203303110057,token,Bridge;DePIN;Interoperability;Privacy;Zero Knowledge
3814,CELR,2023-10-31,107976089.15281951,89713465.0,118102321.75,12.0,-0.5,1.0,True,1.5940867518583497,0.5182260255575049,30524692.032882176,3.5373359061740643,1.2035661441994188,token,Bridge;DePIN;Interoperability;Privacy;Zero Knowledge
3814,CELR,2023-11-30,112715477.1720755,96372803.0,114706414.5,12.0,-0.5,1.0,True,1.734489947140051,0.5603469841420153,30668229.294873845,3.6753174136113476,1.16957765742349,token,Bridge;DePIN;Interoperability;Privacy;Zero Knowledge
3814,CELR,2023-12-31,167358139.99922755,97945178.0,112698857.41666667,12.0,-0.5,1.0,True,1.9762082414834352,0.6328624724450306,31715089.042428106,5.2769248030594404,1.7086919786824784,token,Bridge;DePIN;Interoperability;Privacy;Zero Knowledge
3814,CELR,2024-01-31,119176859.24603602,101385895.0,110015327.5,12.0,-0.5,1.0,True,1.928828552015674,0.6186485656047023,30670127.10165069,3.885763461333091,1.1754777057107995,token,Bridge;DePIN;Interoperability;Privacy;Zero Knowledge
3814,CELR,2024-02-29,222059629.5967717,110148514.0,106811786.16666667,12.0,-0.5,1.0,True,1.6354432614469887,0.5306329784340966,27893028.446331806,7.9611158044036126,2.016002046080909,token,Bridge;DePIN;Interoperability;Privacy;Zero Knowledge
3814,CELR,2024-03-31,258887121.4245827,136502312.0,106340982.0,12.0,-0.5,1.0,True,1.1477471483423702,0.384324144502711,24041540.394560665,10.768325039736439,1.8965768244612786,token,Bridge;DePIN;Interoperability;Privacy;Zero Knowledge
3814,CELR,2024-04-30,186071925.80066484,115265831.0,103899580.83333333,12.0,-0.41958604811845035,2.0,False,1.1596552334837262,0.38789657004511785,30119012.315870617,6.177889362680659,1.6142852065211315,token,Bridge;DePIN;Interoperability;Privacy;Zero Knowledge
3814,CELR,2024-05-31,194388931.44247964,118944539.0,103280153.5,12.0,-0.4377865849935024,2.0,False,1.1779019085033058,0.3933705725509917,28525405.66044107,6.814589554183185,1.6342821038843964,token,Bridge;DePIN;Interoperability;Privacy;Zero Knowledge
3814,CELR,2024-06-30,123764503.54324712,105746417.0,102923654.16666667,12.0,-0.4322321274088422,2.0,False,1.1793714304014196,0.3938114291204258,28915234.89244273,4.280252399941394,1.1703895702040394,token,Bridge;DePIN;Interoperability;Privacy;Zero Knowledge
3814,CELR,2024-07-31,100040441.23766388,94227954.0,103144867.66666667,12.0,-0.4239764555601331,2.0,False,1.1960200651643729,0.39880601954931183,29851059.133356825,3.3513196563894945,1.0616853809397568,token,Bridge;DePIN;Interoperability;Privacy;Zero Knowledge
3814,CELR,2024-08-31,86890947.45620216,87012008.0,103411172.08333333,12.0,-0.4101768835626505,2.0,False,1.169941413756665,0.39098242412699946,30922995.98149007,2.8099136160096996,0.9986086915291297,token,Bridge;DePIN;Interoperability;Privacy;Zero Knowledge
3814,CELR,2024-09-30,97624100.6447092,88670344.0,103494605.0,12.0,-0.39622720138065537,2.0,False,1.3427037694780246,0.44281113084340734,33857769.11181358,2.883358921915691,1.1009780298665492,token,Bridge;DePIN;Interoperability;Privacy;Zero Knowledge
3814,CELR,2024-10-31,91499457.9115764,71091973.0,101942814.0,12.0,-0.3892259783483637,2.0,False,1.5615228033828443,0.5084568410148533,35863960.538441256,2.5512926218369416,1.2870575122676142,token,Bridge;DePIN;Interoperability;Privacy;Zero Knowledge
3814,CELR,2024-11-30,176355063.33777913,79726282.0,100555603.91666667,12.0,-0.4039171758179846,2.0,False,1.695929023004435,0.5487787069013306,34972498.40526705,5.04267842960911,2.2120066170623525,token,Bridge;DePIN;Interoperability;Privacy;Zero Knowledge
3814,CELR,2024-12-31,150842147.9458511,77942993.0,98888755.16666667,12.0,-0.41002118980443336,2.0,False,1.6999214483283507,0.5499764344985052,33851642.253828175,4.4559772555434245,1.9352881142997818,token,Bridge;DePIN;Interoperability;Privacy;Zero Knowledge
3814,CELR,2025-01-31,123095836.0964838,69209466.0,96207386.08333333,12.0,-0.4170471087910441,2.0,False,1.682771204703401,0.5448313614110203,32187627.481589064,3.8243215088435187,1.778598264238649,token,Bridge;DePIN;Interoperability;Privacy;Zero Knowledge
3814,CELR,2025-02-28,91760958.43878604,62180753.0,92210072.66666667,12.0,-0.4115416460485416,2.0,False,1.6915520920352973,0.5474656276105893,31379162.958822176,2.924264058897966,1.4757132072489705,token,Bridge;DePIN;Interoperability;Privacy;Zero Knowledge
3814,CELR,2025-03-31,70976433.05299614,57365840.0,85615366.66666667,12.0,-0.40028040421183386,2.0,False,1.6834301726866918,0.5450290518060076,29995603.449755337,2.366227876424839,1.237259544233923,token,Bridge;DePIN;Interoperability;Privacy;Zero Knowledge
3814,CELR,2025-04-30,80796916.6257312,54819178.0,80578145.58333333,12.0,-0.3607171508561968,3.0,False,1.6339933725358033,0.530198011760741,31107001.45938503,2.5973868529637607,1.4738804844124296,token,Bridge;DePIN;Interoperability;Privacy;Zero Knowledge
3814,CELR,2025-05-31,63480188.86864433,56633958.0,75385597.16666667,12.0,-0.3866741006763742,3.0,False,1.5854275036771412,0.5156282511031424,26848261.013092432,2.3644059791317025,1.1208856154578553,token,Bridge;DePIN;Interoperability;Privacy;Zero Knowledge
3814,CELR,2025-06-30,57112862.9189238,66291722.0,72097705.91666667,12.0,-0.39104861042831784,3.0,False,1.8162435858551622,0.5848730757565487,26581301.286614873,2.1486104951409293,0.8615383821063481,token,Bridge;DePIN;Interoperability;Privacy;Zero Knowledge
3814,CELR,2025-07-31,55597614.0266001,67776949.0,69893455.5,12.0,-0.391925973455986,3.0,False,1.790289044655188,0.5770867133965564,25583181.875588216,2.173209505251261,0.8203026965200233,token,Bridge;DePIN;Interoperability;Privacy;Zero Knowledge
3814,CELR,2025-08-31,59021824.309407,65205039.0,68076208.08333333,12.0,-0.3881797809545977,3.0,False,1.7951667278035843,0.5785500183410753,25192117.402079187,2.3428687381607607,0.9051727476063162,token,Bridge;DePIN;Interoperability;Privacy;Zero Knowledge
3814,CELR,2025-09-30,55944651.51827242,61132612.0,65781397.083333336,12.0,-0.38579857088519265,3.0,False,1.798449646610776,0.5795348939832328,24513135.557182573,2.2822315565370475,0.9151359591550321,token,Bridge;DePIN;Interoperability;Privacy;Zero Knowledge
3814,CELR,2025-10-31,41333657.41571772,56499654.0,64565370.5,12.0,-0.3817918666816402,3.0,False,1.8117275852208523,0.5835182755662557,24377718.74810446,1.6955506724324525,0.7315736378795827,token,Bridge;DePIN;Interoperability;Privacy;Zero Knowledge
3814,CELR,2025-11-30,34224022.24562451,51684053.0,62228518.083333336,12.0,-0.39642376445686744,3.0,False,1.792944744454943,0.5778834233364829,22515877.012948647,1.5199950784036809,0.6621776013894366,token,Bridge;DePIN;Interoperability;Privacy;Zero Knowledge
3814,CELR,2025-12-31,28380145.40712884,49458524.0,59854812.333333336,12.0,-0.4049661619409912,3.0,False,1.7866449068054535,0.5759934720416361,21138788.723711655,1.3425625175625349,0.5738170715957646,token,Bridge;DePIN;Interoperability;Privacy;Zero Knowledge
3814,CELR,2026-01-31,23046390.49480986,50480652.0,58294077.833333336,12.0,-0.4094894684971029,3.0,False,1.5978560668443165,0.519356820053295,19549202.799632415,1.1788915758366987,0.45653908144470595,token,Bridge;DePIN;Interoperability;Privacy;Zero Knowledge
3814,CELR,2026-03-31,19048075.86074914,22506954.0,54771754.09090909,11.0,-0.3872258033295284,3.0,False,1.6005277084299327,0.5201583125289798,19540966.059971232,0.9747765695048335,0.8463195801950428,token,Bridge;DePIN;Interoperability;Privacy;Zero Knowledge
3814,CELR,2026-04-30,21494177.73438847,18061169.0,51430116.90909091,11.0,-0.35091634622427303,3.0,False,1.6043113032679635,0.5212933909803891,20264138.430791352,1.060700301066246,1.1900767737895852,token,Bridge;DePIN;Interoperability;Privacy;Zero Knowledge
3814,CELR,2026-05-31,20996921.90192449,17853581.0,47904628.09090909,11.0,-0.3340552425204387,3.0,False,1.5983164981112599,0.5194949494333779,19725614.20233901,1.0644495875537672,1.1760622085801438,token,Bridge;DePIN;Interoperability;Privacy;Zero Knowledge
3928,IDEX,2020-06-30,26065116.74642747,11221911.0,8159024.916666667,12.0,-0.2282086334705179,1.0,False,,,,,2.322698580164062,token,Derivatives;Dexs;DEX
3928,IDEX,2020-07-31,26963026.04607358,14922718.0,8614602.166666666,12.0,-0.3081437645572348,2.0,False,,,,,1.8068441718240322,token,Derivatives;Dexs;DEX
3928,IDEX,2020-08-31,68084338.9300687,20174147.0,9698938.25,12.0,-0.24983611093866143,2.0,False,,,,,3.3748311108305447,token,Derivatives;Dexs;DEX
3928,IDEX,2020-09-30,35671385.58352244,13469097.0,10197486.666666666,12.0,-0.21553907007155004,2.0,False,,,,,2.648387310858511,token,Derivatives;Dexs;DEX
3928,IDEX,2020-10-31,24633033.31866518,10354805.0,10402874.75,12.0,-0.19517302370510337,2.0,False,,,,,2.378898812547912,token,Derivatives;Dexs;DEX
3928,IDEX,2020-12-31,19274231.7689866,16794128.0,11932698.25,12.0,-0.10979656954936212,2.0,False,,,,,1.1476768409164562,token,Derivatives;Dexs;DEX
3928,IDEX,2021-01-31,30101185.98887938,28594315.0,13655949.416666666,12.0,-0.018656394565134682,2.0,False,,,,,1.0526982719774676,token,Derivatives;Dexs;DEX
3928,IDEX,2021-02-28,31375192.09328154,28975424.0,15338150.416666666,12.0,0.05624070981197615,2.0,False,,,,,1.0828208102591197,token,Derivatives;Dexs;DEX
3928,IDEX,2021-03-31,88204314.2064935,35671672.0,17874444.333333332,12.0,0.1534390075251122,2.0,False,,,,,2.4726711494345848,token,Derivatives;Dexs;DEX
3928,IDEX,2021-04-30,78942158.94925122,52184736.0,21461016.083333332,12.0,0.32600311150146677,2.0,False,,,,,1.5127442428615758,token,Derivatives;Dexs;DEX
3928,IDEX,2021-05-31,31998809.90532409,43691664.0,24156764.666666668,12.0,0.48228736707240283,2.0,False,,,,,0.732377917795122,token,Derivatives;Dexs;DEX
3928,IDEX,2021-06-30,22073006.81189135,39681768.0,26528419.416666668,12.0,0.5841143055338041,2.0,False,,,,,0.5562505887311108,token,Derivatives;Dexs;DEX
3928,IDEX,2021-07-31,26816895.16406806,44560481.0,28998233.0,12.0,0.17234654891012524,3.0,False,0.9845940919598094,0.3353782275879428,63348784.73028711,0.4233213830106338,0.6018089249096764,token,Derivatives;Dexs;DEX
3928,IDEX,2021-08-31,36212550.98627153,58345346.0,32179166.25,12.0,0.23136735022653787,3.0,False,0.9798270890610742,0.33394812671832225,92594743.82235388,0.3910864644298441,0.6206587751878535,token,Derivatives;Dexs;DEX
3928,IDEX,2021-09-30,189187569.91185373,51185410.0,35322192.333333336,12.0,0.2869619708859208,3.0,False,0.02377664130716048,0.05,1967876717.42756,0.09613791770409416,3.6961229755091094,token,Derivatives;Dexs;DEX
3928,IDEX,2021-10-31,143457670.54338834,76613169.0,40843722.666666664,12.0,0.364978045328084,3.0,False,-0.23567730658770636,0.05,4047781263.1209145,0.03544106294735398,1.872493624997921,token,Derivatives;Dexs;DEX
3928,IDEX,2021-11-30,245547735.15668848,78982782.0,46273407.916666664,12.0,0.4538640059803074,3.0,False,-0.31520299062688656,0.05,8531302658.6465645,0.02878197445120802,3.1088767569201154,token,Derivatives;Dexs;DEX
3928,IDEX,2021-12-31,160054148.9366787,64724540.0,50267608.916666664,12.0,0.49454627133931295,3.0,False,-0.012004507529508972,0.05,12169281912.34707,0.01315230841799188,2.4728510845604883,token,Derivatives;Dexs;DEX
3928,IDEX,2022-01-31,74206212.65071464,46191885.0,51734073.083333336,12.0,0.5394502395585428,3.0,False,0.2511446379279272,0.11534339137837815,3505918665.5662446,0.021165982365631837,1.6064772557065952,token,Derivatives;Dexs;DEX
3928,IDEX,2022-02-28,107785908.74612106,49079527.0,53409415.0,12.0,0.572015694709227,3.0,False,0.2571040278874342,0.11713120836623026,4312845201.980881,0.024991833394951254,2.1961480750643965,token,Derivatives;Dexs;DEX
3928,IDEX,2022-03-31,103834750.17233476,59646676.0,55407332.0,12.0,0.6036440818647817,3.0,False,0.26864593769118256,0.12059378130735476,5169173111.080796,0.020087303702356465,1.7408304558720884,token,Derivatives;Dexs;DEX
3928,IDEX,2022-04-30,76812078.93044533,49637763.0,55195084.25,12.0,0.6536606884787255,3.0,False,0.39121477742568517,0.15736443322770555,4541426780.206033,0.0169136446865627,1.5474524694121556,token,Derivatives;Dexs;DEX
3928,IDEX,2022-05-31,50753649.23713534,35190715.0,54486671.833333336,12.0,0.704925641291551,3.0,False,0.5049122623928621,0.19147367871785864,4364398149.140205,0.011629014471819878,1.4422454683610533,token,Derivatives;Dexs;DEX
3928,IDEX,2022-06-30,44300354.3241375,19347180.0,52792122.833333336,12.0,0.7092683887597124,3.0,False,0.5513425850734973,0.2054027755220492,3861481555.762083,0.011472372374285392,2.28975769720122,token,Derivatives;Dexs;DEX
3928,IDEX,2022-07-31,53121327.82476099,29793301.0,51561524.5,12.0,0.7499692747400555,3.0,False,0.5423504991201773,0.2027051497360532,4796632995.287667,0.011074711756548545,1.7829957084903412,token,Derivatives;Dexs;DEX
3928,IDEX,2022-08-31,45132233.49650617,26716449.0,48925783.083333336,12.0,0.7504930714299951,3.0,False,0.5814319981856737,0.2144295994557021,4156002965.497014,0.010859528703706984,1.6893050980130693,token,Derivatives;Dexs;DEX
3928,IDEX,2022-09-30,42169320.29790093,23330865.0,46604571.0,12.0,0.7485234159996632,3.0,False,0.5926738846634194,0.21780216539902583,3816654248.751131,0.011048766157348256,1.8074477863508673,token,Derivatives;Dexs;DEX
3928,IDEX,2022-10-31,39217129.68400969,27791951.0,42536136.166666664,12.0,0.7208595389831414,3.0,False,0.5887228467129242,0.21661685401387726,3033853274.2655625,0.012926508350507954,1.41109667630062,token,Derivatives;Dexs;DEX
3928,IDEX,2022-11-30,33345190.68907896,21318001.0,37730737.75,12.0,0.6504191875828027,3.0,False,0.6191091439651739,0.22573274318955217,1717500878.5369503,0.019414948257542666,1.5641799946007584,token,Derivatives;Dexs;DEX
3928,IDEX,2022-12-31,24636250.17076346,20984677.0,34085749.166666664,12.0,0.6098356871110568,3.0,False,0.6381134964283671,0.23143404892851013,1192438015.661623,0.020660403180029496,1.1740114070263488,token,Derivatives;Dexs;DEX
3928,IDEX,2023-01-31,34452603.93551153,27004671.0,32486814.666666668,12.0,0.570957778512112,3.0,False,0.6456308994435597,0.2336892698330679,901776313.8932978,0.03820526598970764,1.2758016542957153,token,Derivatives;Dexs;DEX
3928,IDEX,2023-02-28,39458226.64891402,28034418.0,30733055.583333332,12.0,0.5421645528488477,3.0,False,0.6442186041675947,0.2332655812502784,727826325.5629107,0.05421379422954575,1.407492270712166,token,Derivatives;Dexs;DEX
3928,IDEX,2023-03-31,36597028.99659107,30758004.0,28325666.25,12.0,0.5010408170038294,3.0,False,0.6000323457258963,0.22000970371776887,579079980.9217495,0.06319857394886595,1.18983757842645,token,Derivatives;Dexs;DEX
3928,IDEX,2023-04-30,63641944.54106299,32708552.0,26914898.666666668,12.0,0.4722504975217394,3.0,False,0.5913794311432464,0.21741382934297393,473767222.5855029,0.13433167493890363,1.9457279717262626,token,Derivatives;Dexs;DEX
3928,IDEX,2023-05-31,53096932.49103519,32564526.0,26696049.583333332,12.0,0.46701593780826167,3.0,False,0.6111311181810498,0.22333933545431495,438638722.0698249,0.12104935068314132,1.6305145203414044,token,Derivatives;Dexs;DEX
3928,IDEX,2023-06-30,39768390.44658639,31714910.0,27726693.75,12.0,0.503441758432239,3.0,False,0.5876891653198812,0.21630674959596438,589276265.6667007,0.06748683557039731,1.2539335740377757,token,Derivatives;Dexs;DEX
3928,IDEX,2023-07-31,34136164.36404173,31829836.0,27896405.0,12.0,0.47946378185691296,3.0,False,0.6005123621620422,0.22015370864861267,502922728.6653986,0.06787556500901949,1.072458066200584,token,Derivatives;Dexs;DEX
3928,IDEX,2023-08-31,30732957.14839354,29198149.0,28103213.333333332,12.0,0.42564237390135085,3.0,False,0.6457298510449766,0.233718955313493,341105931.1793302,0.09009798522745782,1.0525652550233078,token,Derivatives;Dexs;DEX
3928,IDEX,2023-09-30,33304836.05917259,28495665.0,28533613.333333332,12.0,0.4091412941208934,3.0,False,0.6472953543221207,0.2341886062966362,313990877.0846225,0.10606943860409272,1.1687685147608449,token,Derivatives;Dexs;DEX
3928,IDEX,2023-10-31,34045491.22380391,30927660.0,28794922.416666668,12.0,0.40406597251033016,3.0,False,0.5701936331139345,0.21105808993418035,353557092.1012736,0.0962941827060051,1.1008104468234554,token,Derivatives;Dexs;DEX
3928,IDEX,2023-11-30,39562080.09925136,34650018.0,29905923.833333332,12.0,0.39527310077495303,3.0,False,0.6620419946878563,0.2386125984063569,296358961.8525484,0.133493786899332,1.141762180303957,token,Derivatives;Dexs;DEX
3928,IDEX,2023-12-31,40480951.62343788,39029073.0,31409623.5,12.0,0.3807276566100508,3.0,False,0.886918939587331,0.30607568187619927,209199333.62140864,0.19350420922801267,1.0371999258972378,token,Derivatives;Dexs;DEX
3928,IDEX,2024-01-31,32463825.04702709,39938912.0,32487476.916666668,12.0,0.3349490629370706,3.0,False,0.8588701409255487,0.2976610422776646,175762759.91236463,0.18470252209975288,0.8128369908280698,token,Derivatives;Dexs;DEX
3928,IDEX,2024-02-29,57148825.84255748,57476588.0,34940991.083333336,12.0,0.3157925071959149,3.0,False,0.9609873922601223,0.3282962176780367,153975231.17094588,0.37115596715104066,0.9942974666930035,token,Derivatives;Dexs;DEX
3928,IDEX,2024-03-31,76737515.3454062,59602836.0,37344727.083333336,12.0,0.2783965209920294,3.0,False,0.6449535444608889,0.2334860633382667,193559774.7668395,0.3964538367429058,1.287480940427167,token,Derivatives;Dexs;DEX
3928,IDEX,2024-04-30,45662494.96198367,54655914.0,39173673.916666664,12.0,0.22212231663723703,3.0,False,0.6900228381446738,0.24700685144340215,139654533.37518433,0.3269675094564284,0.8354538716886827,token,Derivatives;Dexs;DEX
3928,IDEX,2024-05-31,47965178.47491685,63674498.0,41766171.583333336,12.0,0.20022305990272393,3.0,False,0.5437305710783377,0.2031191713235013,157829174.54019117,0.3039056537845766,0.7532871083634904,token,Derivatives;Dexs;DEX
3928,IDEX,2024-06-30,36880218.58247329,57308442.0,43898965.916666664,12.0,0.18280814093267805,3.0,False,0.5390428532739303,0.20171285598217908,150533527.32335442,0.24499670763213116,0.6435390196521709,token,Derivatives;Dexs;DEX
3928,IDEX,2024-07-31,30211832.86190039,55666501.0,45885354.666666664,12.0,0.16529044645251423,3.0,False,0.5347250189722889,0.20041750569168665,142646170.90785754,0.21179561056297655,0.5427291516292786,token,Derivatives;Dexs;DEX
3928,IDEX,2024-08-31,32852618.78802255,42848104.0,47022850.916666664,12.0,0.13477925950207403,3.0,False,0.505471494961967,0.1916414484885901,126709976.75680692,0.25927412843801734,0.7667228120063971,token,Derivatives;Dexs;DEX
3928,IDEX,2024-09-30,33848890.26242375,45065382.0,48403660.666666664,12.0,0.11073430579375954,3.0,False,0.7657512715261874,0.2697253814578562,90283309.87810154,0.3749185791717843,0.7511062540737754,token,Derivatives;Dexs;DEX
3928,IDEX,2024-10-31,27909545.14207908,45061372.0,49581470.0,12.0,0.06675501528514349,3.0,False,0.9456921183490082,0.32370763550470244,69653908.97708045,0.4006888565473431,0.6193674072347172,token,Derivatives;Dexs;DEX
3928,IDEX,2024-11-30,39772732.59622553,60946956.0,51772881.5,12.0,0.03814245165619745,3.0,False,1.0529686715952578,0.3558906014785773,63066452.55625974,0.6306480067313988,0.6525794757694795,token,Derivatives;Dexs;DEX
3928,IDEX,2024-12-31,53235726.07172121,56908713.0,53262851.5,12.0,0.01948004291883687,3.0,False,1.0007228723108357,0.34021686169325066,61029210.16551959,0.8722991159043124,0.9354582675542357,token,Derivatives;Dexs;DEX
3928,IDEX,2025-01-31,36883033.1057968,54981342.0,54516387.333333336,12.0,0.017614918941692315,3.0,False,0.9058365854014964,0.3117509756204489,63255624.75275044,0.5830791056125498,0.6708281712330121,token,Derivatives;Dexs;DEX
3928,IDEX,2025-02-28,30961423.66231195,39022201.0,52978521.75,12.0,-0.002696511155113157,3.0,False,0.8905146164747307,0.3071543849424192,56818533.9227614,0.5449176795797059,0.793430992329519,token,Derivatives;Dexs;DEX
3928,IDEX,2025-03-31,24315348.23665035,30567623.0,50558920.666666664,12.0,-0.03006301790730781,3.0,False,0.8999666902799855,0.30999000708399566,48611229.22249546,0.5002002340931984,0.7954608782190997,token,Derivatives;Dexs;DEX
3928,IDEX,2025-04-30,24525757.54533601,30462557.0,48542807.583333336,12.0,-0.0419059049632986,3.0,False,0.8783374524052034,0.303501235721561,44694770.83540813,0.5487388588623481,0.8051115848658408,token,Derivatives;Dexs;DEX
3928,IDEX,2025-05-31,22383441.80546364,42777993.0,46801432.166666664,12.0,-0.04941792482952656,3.0,False,0.8329233256703519,0.28987699770110553,42052038.43355934,0.5322795906987635,0.5232466564166215,token,Derivatives;Dexs;DEX
3928,IDEX,2025-06-30,18477520.75444587,41771734.0,45506706.5,12.0,-0.048295565197315926,3.0,False,0.960680234370506,0.3282040703111518,40624618.45650546,0.45483555185210495,0.44234507369135956,token,Derivatives;Dexs;DEX
3928,IDEX,2025-07-31,24080333.20302816,63486203.0,46158348.333333336,12.0,-0.036226819154819734,3.0,False,0.9551912908647882,0.3265573872594364,43102314.77665632,0.5586784219781572,0.37930025840462,token,Derivatives;Dexs;DEX
3928,IDEX,2025-08-31,32068677.19788063,73115663.0,48680644.916666664,12.0,-0.001672933361319684,3.0,False,0.8908436061635014,0.3072530818490504,52420600.67252944,0.6117571486487362,0.4386020160670721,token,Derivatives;Dexs;DEX
3928,IDEX,2025-09-30,24541175.69092387,69945662.0,50754001.583333336,12.0,0.02883861974814872,3.0,False,0.8927933879195876,0.30783801637587627,61868952.58957321,0.396663829978266,0.3508605821891266,token,Derivatives;Dexs;DEX
3928,IDEX,2025-10-31,19101067.59191882,63165024.0,52262639.25,12.0,0.07105334045183898,3.0,False,0.9107657643529831,0.3132297293058949,75684927.7304356,0.2523761092822924,0.30239943535711816,token,Derivatives;Dexs;DEX
3930,TT,2023-04-30,47362979.94149027,4580098.0,,1.0,,,False,1.1926560987142478,0.3977968296142743,,,10.341040724781493,token,Dexs;Staking Pool
3930,TT,2023-05-31,36360273.71473311,3899198.0,,2.0,,,False,1.299291027988253,0.4297873083964759,,,9.325064722215469,token,Dexs;Staking Pool
3930,TT,2023-06-30,34287385.70274669,3453173.0,,3.0,,,False,1.287445122434805,0.42623353673044145,,,9.929240644110992,token,Dexs;Staking Pool
3930,TT,2023-07-31,39131830.97806213,2285115.0,,4.0,,,False,1.2691979584791355,0.42075938754374065,,,17.12466592624972,token,Dexs;Staking Pool
3930,TT,2023-08-31,36509981.17625893,1946447.0,,5.0,,,False,1.2933582937664057,0.4280074881299217,,,18.757243930227194,token,Dexs;Staking Pool
3930,TT,2023-09-30,47409708.80239838,2485607.0,3108273.0,6.0,,,False,1.2944123020335494,0.4283236906100648,,,19.073694595484476,token,Dexs;Staking Pool
3930,TT,2023-10-31,47731876.27488996,3087032.0,3105238.5714285714,7.0,,,False,1.2249290348558872,0.40747871045676615,,,15.462060735000467,token,Dexs;Staking Pool
3930,TT,2023-11-30,48744373.08555912,2669823.0,3050811.625,8.0,,,False,1.2845968124824985,0.4253790437447495,,,18.257529838329777,token,Dexs;Staking Pool
3930,TT,2023-12-31,53592874.19985546,3061093.0,3051954.0,9.0,,,False,1.4710024988607864,0.4813007496582359,,,17.507757588500404,token,Dexs;Staking Pool
3930,TT,2024-01-31,43767109.42908926,2171219.0,2963880.5,10.0,,,False,1.4995774525642749,0.48987323576928243,,,20.15785115600465,token,Dexs;Staking Pool
3930,TT,2024-02-29,57569276.91129936,2716102.0,2941355.1818181816,11.0,,,False,1.3328165687811795,0.4398449706343538,,,21.19555042899691,token,Dexs;Staking Pool
3930,TT,2024-03-31,66997302.00738124,2474362.0,2902439.0833333335,12.0,,,False,0.8963802872062188,0.3089140861618656,,,27.07659671761094,token,Dexs;Staking Pool
3930,TT,2024-04-30,47694170.34035247,2243335.0,2707708.8333333335,12.0,,,False,0.9055654279613978,0.31166962838841933,,,21.260387031073144,token,Dexs;Staking Pool
3930,TT,2024-05-31,47634465.88083016,2539207.0,2594376.25,12.0,,,False,0.8576693635060466,0.29730080905181394,,,18.75958355535022,token,Dexs;Staking Pool
3930,TT,2024-06-30,34928346.50982969,1904562.0,2465325.3333333335,12.0,,,False,0.8557561533611616,0.2967268460083485,,,18.339306627891187,token,Dexs;Staking Pool
3930,TT,2024-07-31,38295369.88953448,2165193.0,2455331.8333333335,12.0,,,False,0.812903560354914,0.28387106810647417,,,17.686815858694573,token,Dexs;Staking Pool
3930,TT,2024-08-31,36684784.3661171,2078903.0,2466369.8333333335,12.0,,,False,0.8032365876573478,0.28097097629720436,,,17.646222246115908,token,Dexs;Staking Pool
3930,TT,2024-09-30,39144818.71200339,2466230.0,2464755.0833333335,12.0,-0.2070339113284665,1.0,False,0.7981451345939025,0.2794435403781707,1242813.446972769,31.49693850460976,15.87233093101754,token,Dexs;Staking Pool
3930,TT,2024-10-31,35345551.35425704,2094760.0,2382065.75,12.0,-0.23288800676460564,1.0,False,0.7232494839299645,0.25697484517898933,1081453.941691585,32.6833626395317,16.873317876156236,token,Dexs;Staking Pool
3930,TT,2024-11-30,54305645.38411999,2457776.0,2364395.1666666665,12.0,-0.22499470393663967,1.0,False,0.8488337877651274,0.2946501363295382,1134676.7224096593,47.86001537847155,22.09544131935538,token,Dexs;Staking Pool
3930,TT,2024-12-31,41595709.15073112,2070184.0,2281819.4166666665,12.0,-0.25234147806072227,1.0,False,0.8123249567995846,0.28369748703987535,992320.7481732358,41.91760499546613,20.09275946038184,token,Dexs;Staking Pool
3930,TT,2025-01-31,43513192.69892137,2026605.0,2269768.25,12.0,-0.23419036293804696,1.0,False,0.8039792741006491,0.2811937822301947,1045847.9536222878,41.60565840207814,21.470978655890697,token,Dexs;Staking Pool
3930,TT,2025-02-28,34866816.40463981,2213870.0,2227915.5833333335,12.0,-0.2483112651359144,1.0,False,0.813577284953455,0.2840731854860365,982083.4284765796,35.50290677312992,15.749260979479288,token,Dexs;Staking Pool
3930,TT,2025-03-31,31423305.9137258,1885279.0,2178825.3333333335,12.0,-0.2493122953571032,1.0,False,0.810531784678447,0.28315953540353406,956547.44509154,32.85075515592292,16.667721813973316,token,Dexs;Staking Pool
3930,TT,2025-04-30,37626819.74646654,2171520.0,2172840.75,12.0,-0.19753530244789375,1.0,False,0.827009758614512,0.2881029275843536,1137768.4964233967,33.0707168151934,17.327411097510748,token,Dexs;Staking Pool
3930,TT,2025-05-31,33407564.07856841,1976001.0,2125906.9166666665,12.0,-0.1805710846039904,1.0,False,0.7951669170658956,0.27855007511976865,1173787.5869418287,28.46133700017058,16.90665342708248,token,Dexs;Staking Pool
3930,TT,2025-06-30,31298262.99350523,1912391.0,2126559.3333333335,12.0,-0.13741229014263967,1.0,False,0.8613263530001277,0.2983979059000383,1376830.689539408,22.732107318130346,16.366037590380433,token,Dexs;Staking Pool
3930,TT,2025-07-31,36318448.99759707,1622215.0,2081311.1666666667,12.0,-0.15232998716874047,1.0,False,0.8539832079330111,0.2961949623799033,1277998.004307394,28.418236081111655,22.38818467194365,token,Dexs;Staking Pool
3930,TT,2025-08-31,33195258.32299619,1459105.0,2029661.3333333333,12.0,-0.17706529414113958,1.0,False,0.8946024926725643,0.3083807478017693,1151538.7797150642,28.826869670172982,22.750424625367053,token,Dexs;Staking Pool
3930,TT,2025-09-30,27211001.74180849,1190538.0,1923353.6666666667,12.0,-0.2133709207472102,2.0,False,0.885371231028369,0.3056113693085107,966304.6138115736,28.15985906812047,22.856054776755123,token,Dexs;Staking Pool
3930,TT,2025-10-31,20631515.09651919,942548.0,1827336.0,12.0,-0.23288280237097636,2.0,False,0.9056277295488542,0.3116883188646562,865731.5427537254,23.831308064500355,21.88908691814018,token,Dexs;Staking Pool
3930,TT,2025-11-30,16345077.68034222,795591.0,1688820.5833333333,12.0,-0.2559809413995786,2.0,False,0.9029847919568366,0.31089543758705096,742984.8995021534,21.99920575949047,20.544573380470894,token,Dexs;Staking Pool
3930,TT,2025-12-31,14698234.82786379,709835.0,1575458.1666666667,12.0,-0.2815203924841104,2.0,False,0.8961988788332542,0.30885966364997625,638440.2458252539,23.022099443096216,20.706551280035207,token,Dexs;Staking Pool
3930,TT,2026-01-31,13231653.59828851,674622.0,1462792.9166666667,12.0,-0.2974761388183057,2.0,False,0.8874038824914205,0.3062211647474261,562493.592511045,23.523207685301223,19.613433297889056,token,Dexs;Staking Pool
3930,TT,2026-02-28,11864974.11304586,589628.0,1327439.4166666667,12.0,-0.33076752086574046,2.0,False,0.8865194063932993,0.30595582191798976,460118.82657874125,25.7867607836633,20.122813219599237,token,Dexs;Staking Pool
3930,TT,2026-03-31,11271253.89611526,571535.0,1217960.75,12.0,-0.352208731772096,2.0,False,0.9666393531092181,0.3299918059327654,405829.42989663495,27.77337734965662,19.72102127798868,token,Dexs;Staking Pool
4090,WXT,2022-02-28,37601146.78045082,2917782.0,,1.0,,,False,0.5914403268711671,0.21743209806135014,,,12.886893805106352,token,CEX;Lending;Exchange Token;Payments
4090,WXT,2022-03-31,58959899.91123893,18400091.0,,2.0,,,False,0.5798424464668913,0.2139527339400674,,,3.204326538995863,token,CEX;Lending;Exchange Token;Payments
4090,WXT,2022-04-30,88122273.71019134,29315321.0,,3.0,,,False,0.4594514865939953,0.1778354459781986,,,3.0060142855059078,token,CEX;Lending;Exchange Token;Payments
4090,WXT,2022-05-31,116076419.3487544,18046443.0,,4.0,,,False,0.39511527544788116,0.15853458263436435,,,6.432094089054248,token,CEX;Lending;Exchange Token;Payments
4090,WXT,2022-06-30,107864719.0187515,12380309.0,,5.0,,,False,0.3834227666742498,0.15502683000227493,,,8.712603136056742,token,CEX;Lending;Exchange Token;Payments
4090,WXT,2022-07-31,73329463.31440948,15168518.0,16038077.333333334,6.0,,,False,0.34472878451428085,0.14341863535428426,,,4.8343195633488705,token,CEX;Lending;Exchange Token;Payments
4090,WXT,2022-08-31,57464027.39388127,13961713.0,15741453.857142856,7.0,,,False,0.36854497158058097,0.15056349147417428,,,4.115829296439575,token,CEX;Lending;Exchange Token;Payments
4090,WXT,2022-09-30,46133669.49211832,11659446.0,15231202.875,8.0,,,False,0.37802948463063274,0.1534088453891898,,,3.956763425304969,token,CEX;Lending;Exchange Token;Payments
4090,WXT,2022-10-31,51333122.72745239,11393089.0,14804745.777777778,9.0,,,False,0.3784169700367933,0.15352509101103798,,,4.505636945998789,token,CEX;Lending;Exchange Token;Payments
4090,WXT,2022-11-30,42606022.70835064,10112954.0,14335566.6,10.0,,,False,0.394168594415278,0.1582505783245834,,,4.213014585881696,token,CEX;Lending;Exchange Token;Payments
4090,WXT,2022-12-31,37055470.11970337,6683650.0,13639937.818181818,11.0,,,False,0.3995719328613098,0.15987157985839295,,,5.5441966769210485,token,CEX;Lending;Exchange Token;Payments
4090,WXT,2023-01-31,36816518.0936496,3139439.0,12764896.25,12.0,,,False,0.36214322484993455,0.14864296745498037,,,11.727100954549396,token,CEX;Lending;Exchange Token;Payments
4090,WXT,2023-02-28,45582046.05587366,1772336.0,12669442.416666666,12.0,,,False,0.36954344762657626,0.15086303428797287,,,25.718625619450073,token,CEX;Lending;Exchange Token;Payments
4090,WXT,2023-03-31,36296624.7120717,1024134.0,11221446.0,12.0,,,False,0.3385200719718204,0.14155602159154612,,,35.44128474601146,token,CEX;Lending;Exchange Token;Payments
4090,WXT,2023-04-30,34031885.9544051,1033017.0,8864587.333333334,12.0,,,False,0.34536367271374663,0.14360910181412398,,,32.94416834805729,token,CEX;Lending;Exchange Token;Payments
4090,WXT,2023-05-31,27729462.0788747,566916.0,7407960.083333333,12.0,,,False,0.3720689110104814,0.1516206733031444,,,48.91282320286374,token,CEX;Lending;Exchange Token;Payments
4090,WXT,2023-06-30,28945073.36864582,380952.0,6408013.666666667,12.0,,,False,0.3729503335384768,0.15188510006154304,,,75.98089357358886,token,CEX;Lending;Exchange Token;Payments
4090,WXT,2023-07-31,35333603.74267863,338495.0,5172178.416666667,12.0,-0.5,1.0,True,0.3581750671133444,0.1474525201340033,790164.341818165,44.71677836205079,104.38441850744805,token,CEX;Lending;Exchange Token;Payments
4090,WXT,2023-08-31,36887622.42840853,248358.0,4029398.8333333335,12.0,-0.5,1.0,True,0.3541333549076747,0.14624000647230243,613901.1544011856,60.087234180866844,148.5260085377098,token,CEX;Lending;Exchange Token;Payments
4090,WXT,2023-09-30,46643083.19534667,222615.0,3076329.5833333335,12.0,-0.5,1.0,True,0.35518758105836384,0.14655627431750914,469030.07846648863,99.44582519707046,209.5235415194244,token,CEX;Lending;Exchange Token;Payments
4090,WXT,2023-10-31,51803943.6235777,184166.0,2142252.6666666665,12.0,-0.5,1.0,True,0.3464802399794138,0.14394407199382414,324693.469999672,159.54722964902876,281.28939990865683,token,CEX;Lending;Exchange Token;Payments
4090,WXT,2023-11-30,49590542.90084685,230260.0,1318694.8333333333,12.0,-0.5,1.0,True,0.36460616430678855,0.14938184929203657,202333.28926238205,245.0933461400845,215.3675970678661,token,CEX;Lending;Exchange Token;Payments
4090,WXT,2023-12-31,51335133.1611764,264841.0,783794.0833333334,12.0,-0.5,1.0,True,0.4352139870853964,0.1705641961256189,125933.39070977077,407.6371871816318,193.8337838974192,token,CEX;Lending;Exchange Token;Payments
4090,WXT,2024-01-31,49221984.63409422,261909.0,543999.9166666666,12.0,-0.5,1.0,True,0.456727196566239,0.1770181589698717,88595.90242512943,555.5785683845899,187.935445647512,token,CEX;Lending;Exchange Token;Payments
4090,WXT,2024-02-29,49082696.78477092,264268.0,418327.5833333333,12.0,-0.5,1.0,True,0.34762500656975914,0.14428750197092774,63453.78906073854,773.5187687182639,185.7307611393393,token,CEX;Lending;Exchange Token;Payments
4090,WXT,2024-03-31,73629988.5247067,206133.0,350160.8333333333,12.0,-0.5,1.0,True,0.40974275322424936,0.1629228259672748,55349.749390281024,1330.2677850540647,357.1965115954588,token,CEX;Lending;Exchange Token;Payments
4090,WXT,2024-04-30,63247989.66707854,195971.0,280407.0,12.0,-0.5,1.0,True,0.44310111897599397,0.1729303356927982,45278.69939078956,1396.8596827660697,322.7415774123648,token,CEX;Lending;Exchange Token;Payments
4090,WXT,2024-05-31,62042441.63109662,197627.0,249632.91666666666,12.0,-0.5,1.0,True,0.2816533260311804,0.12449599780935411,36164.14133040424,1715.5790058517368,313.93707150893664,token,CEX;Lending;Exchange Token;Payments
4090,WXT,2024-06-30,68766010.11368302,161642.0,231357.08333333334,12.0,-0.5,1.0,True,0.23746501865797603,0.11123950559739282,32461.82945293852,2118.365208386558,425.4216732883967,token,CEX;Lending;Exchange Token;Payments
4090,WXT,2024-07-31,50747704.05067869,174993.0,217731.91666666666,12.0,-0.5,2.0,True,0.25043547487817974,0.11513064246345392,30840.950780277057,1645.4649667652952,289.99848022880167,token,CEX;Lending;Exchange Token;Payments
4090,WXT,2024-08-31,54730241.26785856,135853.0,208356.5,12.0,-0.5,2.0,True,0.13256063512460434,0.0797681905373813,27029.921677955805,2024.8020663890302,402.863692872874,token,CEX;Lending;Exchange Token;Payments
4090,WXT,2024-09-30,48876421.44613067,126903.0,200380.5,12.0,-0.5,2.0,True,0.08952837306705762,0.06685851192011728,25189.555445252336,1940.3447413893434,385.1478802402675,token,CEX;Lending;Exchange Token;Payments
4090,WXT,2024-10-31,28672763.5641818,74621.0,191251.75,12.0,-0.5,2.0,True,-0.006623908142852628,0.05,23267.567415286256,1232.3060272018147,384.24523343538414,token,CEX;Lending;Exchange Token;Payments
4090,WXT,2024-11-30,32552932.82963112,103640.0,180700.08333333334,12.0,-0.5,2.0,True,0.0232934209177899,0.05,21983.858296230905,1480.7652228731963,314.09622568150445,token,CEX;Lending;Exchange Token;Payments
4090,WXT,2024-12-31,34762423.00791911,91963.0,166293.58333333334,12.0,-0.5,2.0,True,-0.052600317233355315,0.05,20231.172582409614,1718.2604155205504,378.0044475269305,token,CEX;Lending;Exchange Token;Payments
4090,WXT,2025-01-31,27344220.6216663,116443.0,154171.41666666666,12.0,-0.5,2.0,True,-0.040300654071578776,0.05,18756.39742277837,1457.861016980724,234.8292350906993,token,CEX;Lending;Exchange Token;Payments
4090,WXT,2025-02-28,26119125.04792729,98487.0,140356.33333333334,12.0,-0.5,2.0,True,-0.018976617744119167,0.05,17075.663088027814,1529.6111731227634,265.20378372706335,token,CEX;Lending;Exchange Token;Payments
4090,WXT,2025-03-31,26541256.56287582,85655.0,130316.5,12.0,-0.5,2.0,True,-0.03159731806403731,0.05,15854.223289847814,1674.0811629587304,309.86231466786313,token,CEX;Lending;Exchange Token;Payments
4090,WXT,2025-04-30,23085026.02375785,88701.0,121377.33333333333,12.0,-0.5,2.0,True,0.059000528390082005,0.057700158517024605,14954.27607430173,1543.7073589559081,260.25666028294887,token,CEX;Lending;Exchange Token;Payments
4090,WXT,2025-05-31,26504794.55610095,86180.0,112090.08333333333,12.0,-0.5,2.0,True,0.14294358583277147,0.08288307574983145,14655.065991493824,1808.5755854995816,307.5515729415288,token,CEX;Lending;Exchange Token;Payments
4090,WXT,2025-06-30,37912710.82144772,87328.0,105897.25,12.0,-0.5,2.0,True,0.12970550269669365,0.0789116508090081,13708.662218758966,2765.6025231672775,434.1415218652405,token,CEX;Lending;Exchange Token;Payments
4090,WXT,2025-07-31,33604792.39850084,90456.0,98852.5,12.0,-0.5,3.0,True,0.1783667554905466,0.09351002664716399,13273.607161056863,2531.7000865516934,371.5042937837273,token,CEX;Lending;Exchange Token;Payments
4090,WXT,2025-08-31,30289888.00243547,74086.0,93705.25,12.0,-0.5,3.0,True,0.14334584126506295,0.08300375237951887,12255.070763463687,2471.6208161554955,408.8476635590459,token,CEX;Lending;Exchange Token;Payments
4090,WXT,2025-09-30,26800637.39551448,73944.0,89292.0,12.0,-0.5,3.0,True,0.12185077982781795,0.07655523394834537,11491.60733483031,2332.192235135245,362.44505836192906,token,CEX;Lending;Exchange Token;Payments
4090,WXT,2025-10-31,24569172.34732058,68184.0,88755.58333333333,12.0,-0.5,3.0,True,0.13159113484109786,0.07947734045232935,11505.840697624852,2135.3652456175923,360.3363303314645,token,CEX;Lending;Exchange Token;Payments
4090,WXT,2025-11-30,24737140.71055505,62730.0,85346.41666666667,12.0,-0.5,3.0,True,0.07936483884038038,0.06380945165211412,10653.586542234512,2321.954265118929,394.34306887541925,token,CEX;Lending;Exchange Token;Payments
4090,WXT,2025-12-31,24941259.83690091,74499.0,83891.08333333333,12.0,-0.5,3.0,True,0.06245042908432712,0.05873512872529814,10357.409104704615,2408.059736249282,334.78650501216003,token,CEX;Lending;Exchange Token;Payments
4090,WXT,2026-01-31,24021776.65642089,72176.0,80202.16666666667,12.0,-0.5,3.0,True,0.08653973073621295,0.06596191922086389,10061.021809064096,2387.608049391105,332.82222146448805,token,CEX;Lending;Exchange Token;Payments
4090,WXT,2026-02-28,24357521.45426728,73302.0,78103.41666666667,12.0,-0.5,3.0,True,0.09274562460747414,0.06782368738224225,9840.618345847502,2475.202329591976,332.28999828473,token,CEX;Lending;Exchange Token;Payments
4090,WXT,2026-03-31,24952511.71167434,63109.0,76224.58333333333,12.0,-0.5,3.0,True,0.15745791046866353,0.08723737314059907,10075.351327611335,2476.589738691532,395.38753128197783,token,CEX;Lending;Exchange Token;Payments
4090,WXT,2026-04-30,29561305.56795031,60452.0,73870.5,12.0,-0.5,3.0,True,0.1774586623363757,0.09323759870091271,9912.332241345448,2982.2754976519846,489.0045915428821,token,CEX;Lending;Exchange Token;Payments
4090,WXT,2026-05-31,18721600.71115932,69759.0,72502.08333333333,12.0,-0.5,3.0,True,0.1887556184085208,0.09662668552255624,9811.58253443862,1908.1122383108502,268.3754169520681,token,CEX;Lending;Exchange Token;Payments
4157,RUNE,2021-04-30,3622220706.2457166,23737380.0,,1.0,,,False,1.4203572747400772,0.46610718242202315,,,152.59564055703353,token,Dexs;DEX
4157,RUNE,2021-05-31,2703393722.626836,69648381.0,,2.0,,,False,1.5194295863436544,0.49582887590309627,,,38.81488246836399,token,Dexs;DEX
4157,RUNE,2021-06-30,1582540933.7198129,94838230.0,,3.0,,,False,1.6715044188546853,0.5414513256564056,,,16.686740502430432,token,Dexs;DEX
4157,RUNE,2021-07-31,1529093121.4110136,101753995.0,,4.0,,,False,1.5791672465629565,0.5137501739688869,,,15.027352207753745,token,Dexs;DEX
4157,RUNE,2021-08-31,2208080986.8673635,101749674.0,,5.0,,,False,1.572378143160629,0.5117134429481887,,,21.701111168841322,token,Dexs;DEX
4157,RUNE,2021-09-30,1562622284.2203958,147531022.0,89876447.0,6.0,,,False,1.6709661795408997,0.5412898538622699,,,10.591821726961234,token,Dexs;DEX
4157,RUNE,2021-10-31,3806725526.748232,268960730.0,115459916.0,7.0,,,False,1.727614887942055,0.5582844663826165,,,14.153462205238036,token,Dexs;DEX
4157,RUNE,2021-11-30,2916678230.2627378,300313833.0,138566655.625,8.0,,,False,1.799221306640834,0.5797663919922502,,,9.712100841730916,token,Dexs;DEX
4157,RUNE,2021-12-31,1756530877.7644815,190734898.0,144363127.0,9.0,,,False,1.8907931392498527,0.6072379417749558,,,9.209278932083429,token,Dexs;DEX
4157,RUNE,2022-01-31,1366137802.2436612,152934151.0,145220229.4,10.0,,,False,1.9645583718433957,0.6293675115530187,,,8.932849813536162,token,Dexs;DEX
4157,RUNE,2022-02-28,1325894134.8522766,149037350.0,145567240.36363637,11.0,,,False,1.9377066600660762,0.6213119980198228,,,8.896388286911144,token,Dexs;DEX
4157,RUNE,2022-03-31,3785081211.022223,517058729.0,176524864.41666666,12.0,,,False,1.9092495501580344,0.6127748650474103,,,7.320408686151826,token,Dexs;DEX
4157,RUNE,2022-04-30,2007289529.5951653,432175680.0,210561389.41666666,12.0,,,False,1.996772594417606,0.6390317783252818,,,4.644614730739049,token,Dexs;DEX
4157,RUNE,2022-05-31,1043532479.5187974,170284728.0,218947751.66666666,12.0,,,False,2.0726092000030043,0.6617827600009013,,,6.128162471027921,token,Dexs;DEX
4157,RUNE,2022-06-30,616777161.8349291,121996536.0,221210943.83333334,12.0,,,False,2.0372740646268745,0.6511822193880624,,,5.055694055402762,token,Dexs;DEX
4157,RUNE,2022-07-31,859595081.1817545,162659949.0,226286440.0,12.0,,,False,2.014534755371288,0.6443604266113864,,,5.284614230278374,token,Dexs;DEX
4157,RUNE,2022-08-31,633293249.5607069,128872954.0,228546713.33333334,12.0,,,False,2.041043507667832,0.6523130523003496,,,4.914089651120334,token,Dexs;DEX
4157,RUNE,2022-09-30,519589525.2951698,106269093.0,225108219.25,12.0,1.504640834878575,1.0,False,2.055126034566226,0.6565378103698678,42256392157.019104,0.012296116605611869,4.8893757406508565,token,Dexs;DEX
4157,RUNE,2022-10-31,521930085.4792851,108570325.0,211742352.16666666,12.0,0.833903570193717,1.0,False,2.0487118981483126,0.6546135694444938,3209081359.558744,0.16264158710860846,4.807299650979999,token,Dexs;DEX
4157,RUNE,2022-11-30,427463096.3692443,87930125.0,194043709.83333334,12.0,0.4003636658336456,1.0,False,2.0555545239526456,0.6566663571857937,609458810.0209568,0.701381437663598,4.8613952996114165,token,Dexs;DEX
4157,RUNE,2022-12-31,416918812.5647356,93312164.0,185925148.66666666,12.0,0.2878991507759918,1.0,False,2.0601646179062,0.65804938537186,410316375.5014613,1.0160910883832146,4.468000683862991,token,Dexs;DEX
4157,RUNE,2023-01-31,579002299.9946957,132359433.0,184210588.83333334,12.0,0.26849123978407197,1.0,False,1.9203927483976269,0.6161178245192881,398369703.63339937,1.4534295522822285,4.374469479592706,token,Dexs;DEX
4157,RUNE,2023-02-28,513345867.5369645,126285003.0,182314559.91666666,12.0,0.2524422353630742,1.0,False,1.9259166672299053,0.6177750001689716,374571355.0972906,1.3704888549302678,4.064978860054859,token,Dexs;DEX
4157,RUNE,2023-03-31,467086076.1490756,118291191.0,149083931.75,12.0,-0.15545080721260596,1.0,False,1.8246350797840287,0.5873905239352086,100664469.61138713,4.640029177645804,3.9486125061423687,token,Dexs;DEX
4157,RUNE,2023-04-30,438695387.28167474,114657460.0,122624080.08333333,12.0,-0.4176326418483103,1.0,False,1.8164521592947844,0.5849356477884353,42089455.74264091,10.422928487460377,3.8261390692038244,token,Dexs;DEX
4157,RUNE,2023-05-31,372978070.7474685,106265827.0,117289171.66666667,12.0,-0.4643052017029542,1.0,False,1.840131718081164,0.5920395154243492,35556037.97096776,10.489865913969739,3.5098590137304297,token,Dexs;DEX
4157,RUNE,2023-06-30,342768472.26078296,93411150.0,114907056.16666667,12.0,-0.48055437866021256,1.0,False,1.8218692981959528,0.5865607894587859,33137875.380521912,10.343706961438409,3.6694599334317473,token,Dexs;DEX
4157,RUNE,2023-07-31,316141824.5976536,89685852.0,108825881.41666667,12.0,-0.5,1.0,True,1.9231273173747734,0.616938195212432,30303623.98356988,10.432475824312645,3.5249910386941927,token,Dexs;DEX
4157,RUNE,2023-08-31,510432264.748196,114918838.0,107663038.41666667,12.0,-0.5,1.0,True,1.8905531254525094,0.6071659376357529,29780774.747049708,17.139657013078985,4.44167617452063,token,Dexs;DEX
4157,RUNE,2023-09-30,647639185.4423805,124020324.0,109142307.66666667,12.0,0.10197976091925254,2.0,False,1.8923278432203272,0.6076983529660982,145183100.39092168,4.460844159537438,5.222040747469588,token,Dexs;DEX
4157,RUNE,2023-10-31,995046031.9794688,191940751.0,116089843.16666667,12.0,0.002724193528904184,2.0,False,1.8364283101857284,0.5909284930557185,118172118.24202237,8.420311379555415,5.18413118004039,token,Dexs;DEX
4157,RUNE,2023-11-30,2181486614.8183794,319999607.0,135428966.66666666,12.0,-0.011386777419618355,2.0,False,1.9987910438423209,0.6396373131526962,132583247.70196213,16.453712310036398,6.817154043624745,token,Dexs;DEX
4157,RUNE,2023-12-31,1742455625.1114786,321449342.0,154440398.16666666,12.0,0.03431379251155686,2.0,False,1.6648017777461503,0.5394405333238451,172863283.98015282,10.079963685704001,5.420622777667651,token,Dexs;DEX
4157,RUNE,2024-01-31,1579724486.4034047,294191942.0,167926440.58333334,12.0,0.07534044892024916,2.0,False,1.5028677642677617,0.49086032928032847,216196280.20575324,7.30689947532856,5.369706850785889,token,Dexs;DEX
4157,RUNE,2024-02-29,1958988520.119969,379045479.0,188989813.58333334,12.0,0.13942927620518364,2.0,False,1.4555863113607226,0.47667589340821676,303291143.4999177,6.459102291987964,5.1682149732749325,token,Dexs;DEX
4157,RUNE,2024-03-31,2921310159.127029,447769592.0,216446347.0,12.0,0.10731755975327051,2.0,False,1.406554132523759,0.46196623975712764,314671488.73352766,9.283682391704936,6.524136992149813,token,Dexs;DEX
4157,RUNE,2024-04-30,1622867398.0171838,313208853.0,232992296.41666666,12.0,0.051916850581530616,2.0,False,1.4759942304897289,0.48279826914691865,279452898.80555034,5.807302071131535,5.181422499628973,token,Dexs;DEX
4157,RUNE,2024-05-31,2036284642.6104736,360574175.0,254184658.75,12.0,0.07746810396860959,2.0,False,1.5808857740181503,0.5142657322054451,326115873.8615497,6.244052515747715,5.647339115760228,token,Dexs;DEX
4157,RUNE,2024-06-30,1396213376.4849198,244731785.0,266794711.66666666,12.0,0.09820977266272712,2.0,False,1.5693707354936104,0.5108112206480832,365724321.35044724,3.8176661900126385,5.705075768907254,token,Dexs;DEX
4157,RUNE,2024-07-31,1430250289.0148792,261725413.0,281131341.75,12.0,0.1146162430750639,2.0,False,1.6204690187875315,0.5261407056362595,402459619.38015753,3.5537733977328183,5.464697801488919,token,Dexs;DEX
4157,RUNE,2024-08-31,1315382235.0657146,220924347.0,289965134.1666667,12.0,0.12638121841564187,2.0,False,1.591105895517636,0.5173317686552908,433036476.6862567,3.0375783701444035,5.953993993544381,token,Dexs;DEX
4157,RUNE,2024-09-30,1705887214.3528073,268550391.0,302009306.4166667,12.0,0.49781488935392937,3.0,False,1.5785268013062812,0.5135580403918844,1790931046.3375037,0.9525141785002761,6.3522052900411055,token,Dexs;DEX
4157,RUNE,2024-10-31,1895510590.2682984,277773194.0,309162010.0,12.0,0.388624942065803,3.0,False,1.3826648031417286,0.45479944094251856,1343878862.3676763,1.4104772709414781,6.823950731071258,token,Dexs;DEX
4157,RUNE,2024-11-30,2102038788.342161,342688345.0,311052738.1666667,12.0,0.3093580758311445,3.0,False,1.2294310400424207,0.40882931201272615,1070028808.1973625,1.9644693416090235,6.133966383776959,token,Dexs;DEX
4157,RUNE,2024-12-31,1529515528.0413003,289920554.0,308425339.1666667,12.0,0.2879467972185399,3.0,False,1.203280977929768,0.4009842933789304,983369015.3384131,1.555383080190846,5.275636745786917,token,Dexs;DEX
4157,RUNE,2025-01-31,746219720.005936,179889381.0,298900125.75,12.0,0.2720367535387884,3.0,False,1.1200916627781072,0.3760274988334321,939326846.6676387,0.7944196662250519,4.148214396301336,token,Dexs;DEX
4157,RUNE,2025-02-28,453144182.86192745,119035774.0,277232650.3333333,12.0,0.23953913417420258,3.0,False,1.179886902028929,0.3939660706086787,727504397.9930762,0.6228748363748587,3.8067899055449286,token,Dexs;DEX
4157,RUNE,2025-03-31,400895703.3215407,110151855.0,249097838.91666666,12.0,0.12164310520133514,3.0,False,1.1449342319601874,0.3834802695880562,409070453.4496782,0.9800162782249364,3.639482088808588,token,Dexs;DEX
4157,RUNE,2025-04-30,469611465.0985983,126589080.0,233546191.16666666,12.0,0.03513744037383382,3.0,False,1.0994888075131766,0.3698466422539529,278789671.91065323,1.6844650731864264,3.7097312429997777,token,Dexs;DEX
4157,RUNE,2025-05-31,583997179.0838435,146594246.0,215714530.41666666,12.0,-0.004946793898500279,3.0,False,1.049607180575794,0.35488215417273816,223850484.60465336,2.6088716319522476,3.9837660414300538,token,Dexs;DEX
4157,RUNE,2025-06-30,469889175.69230926,139221416.0,206921999.66666666,12.0,-0.02201239032338065,3.0,False,1.0529188778184373,0.35587566334553117,201796353.47339457,2.3285315497748122,3.375121365611662,token,Dexs;DEX
4157,RUNE,2025-07-31,462969127.012056,150013574.0,197612679.75,12.0,-0.04415950503122379,3.0,False,1.013792098416893,0.3441376295250679,178516105.06698292,2.5934305862114817,3.08618156788969,token,Dexs;DEX
4157,RUNE,2025-08-31,417451694.0132544,143873286.0,191191758.0,12.0,-0.05775307507849248,3.0,False,0.9890639127229036,0.33671917381687105,164708143.50608623,2.5344933476093057,2.9015233169363657,token,Dexs;DEX
4157,RUNE,2025-09-30,400251237.024164,141179758.0,180577538.58333334,12.0,-0.0708393862775214,3.0,False,0.9739877041273427,0.33219631123820276,148533278.53562623,2.694690650945016,2.8350469124912654,token,Dexs;DEX
4157,RUNE,2025-10-31,297222470.57644534,115089547.0,167020568.0,12.0,-0.07603807635370985,3.0,False,0.999687224549155,0.3399061673647465,134860842.84896335,2.203919716780341,2.5825322831138204,token,Dexs;DEX
4157,RUNE,2025-11-30,222699049.51162127,92848435.0,146200575.5,12.0,-0.09005214757071522,3.0,False,1.0171911680564203,0.3451573504169261,112499762.97873712,1.9795512773987998,2.3985223823279442,token,Dexs;DEX
4157,RUNE,2025-12-31,195716858.38275352,85619276.0,129175469.0,12.0,-0.11431225292365554,3.0,False,1.030522606899043,0.34915678206971285,91660535.66690236,2.135235812869298,2.285897142867145,token,Dexs;DEX
4157,RUNE,2026-01-31,166484431.11293834,80139230.0,120862956.41666667,12.0,-0.13105382836669377,3.0,False,1.0226189793824816,0.34678569381474444,81101002.00216419,2.0528036276111075,2.077439864507537,token,Dexs;DEX
4157,RUNE,2026-02-28,140162494.53911483,63759955.0,116256638.16666667,12.0,-0.13927291594442925,3.0,False,1.0121886417525503,0.3436565925257651,75860090.65059637,1.8476447014107669,2.1982840881728167,token,Dexs;DEX
4157,RUNE,2026-03-31,145036159.38157243,63846403.0,112397850.5,12.0,-0.08985820963884772,3.0,False,1.0963114722233451,0.3688934416670035,86753828.08122541,1.6718127901604383,2.2716418242320153,token,Dexs;DEX
4157,RUNE,2026-04-30,174975420.42411023,74708298.0,108074452.0,12.0,-0.04122707828207728,3.0,False,1.1082715015022033,0.37248145045066094,98202187.3763553,1.7817874031005552,2.342114933793703,token,Dexs;DEX
4157,RUNE,2026-05-31,145685726.92997378,67099807.0,101449915.41666667,12.0,-0.04720839187309489,3.0,False,1.108819585579637,0.37264587567389107,90318835.89172696,1.613015994854273,2.171179522617312,token,Dexs;DEX
4279,SXP,2021-03-31,312027106.7542666,45482254.0,,1.0,,,False,1.4674516211158242,0.4802354863347472,,,6.860414322347935,token,Dexs;Payments
4279,SXP,2021-04-30,480758984.717688,50200975.0,,2.0,,,False,1.378832788553436,0.45364983656603075,,,9.576686204156156,token,Dexs;Payments
4279,SXP,2021-05-31,201984345.40569875,6397407.0,,3.0,,,False,1.4885112098484106,0.4865533629545231,,,31.572845905489324,token,Dexs;Payments
4279,SXP,2021-06-30,192880792.0645916,4474815.0,,4.0,,,False,1.4891248135014972,0.4867374440504491,,,43.10363491330739,token,Dexs;Payments
4279,SXP,2021-07-31,231173247.8224764,5069057.0,,5.0,,,False,1.45492108461955,0.47647632538586493,,,45.60478365551549,token,Dexs;Payments
4279,SXP,2021-08-31,659217238.8721306,6167841.0,19632058.166666668,6.0,,,False,1.4710708546315205,0.4813212563894561,,,106.87973942131948,token,Dexs;Payments
4279,SXP,2021-09-30,408518375.2698213,4866168.0,17522645.285714287,7.0,,,False,1.524700912462703,0.4974102737388108,,,83.9507339799656,token,Dexs;Payments
4279,SXP,2021-10-31,470628742.7762672,4266406.0,15865615.375,8.0,,,False,1.3687130903092866,0.4506139270927859,,,110.31035086118554,token,Dexs;Payments
4279,SXP,2021-11-30,438300573.0690321,3884960.0,14534431.444444444,9.0,,,False,1.3698878027909869,0.45096634083729603,,,112.8198419209032,token,Dexs;Payments
4279,SXP,2021-12-31,392027571.40454566,3214488.0,13402437.1,10.0,,,False,1.3458383614226335,0.44375150842679,,,121.95645819942263,token,Dexs;Payments
4279,SXP,2022-01-31,265691227.579127,2107835.0,12375655.090909092,11.0,,,False,1.3752373731287793,0.45257121193863376,,,126.04934806525512,token,Dexs;Payments
4279,SXP,2022-02-28,275120755.92984504,2001857.0,11511171.916666666,12.0,,,False,1.3656022674522317,0.4496806802356695,,,137.43277163645806,token,Dexs;Payments
4279,SXP,2022-03-31,750103492.9404672,1941486.0,7882774.583333333,12.0,,,False,1.3639109759079575,0.4491732927723872,,,386.3553447928377,token,Dexs;Payments
4279,SXP,2022-04-30,460243799.2532985,1800739.0,3849421.5833333335,12.0,,,False,1.3994480593382008,0.4598344178014602,,,255.58606730531105,token,Dexs;Payments
4279,SXP,2022-05-31,250684796.54883924,1640405.0,3453004.75,12.0,,,False,1.4422990786453769,0.47268972359361305,,,152.81884446148314,token,Dexs;Payments
4279,SXP,2022-06-30,187843694.02429733,1627454.0,3215724.6666666665,12.0,,,False,1.3693372779279527,0.45080118337838576,,,115.42181470216505,token,Dexs;Payments
4279,SXP,2022-07-31,213487039.49913543,1636155.0,2929649.5,12.0,,,False,1.3555367077771845,0.4466610123331553,,,130.48093823576338,token,Dexs;Payments
4279,SXP,2022-08-31,182818462.88006893,177214.0,2430430.5833333335,12.0,-0.5,1.0,True,1.3530367765734874,0.4459110329720462,587627.6170039317,311.1127822960127,1031.6253957366175,token,Dexs;Payments
4279,SXP,2022-09-30,177119925.98249897,172111.0,2039259.1666666667,12.0,-0.5,1.0,True,1.3528418812380356,0.44585256437141063,493021.463912,359.2539857739608,1029.1028811784197,token,Dexs;Payments
4279,SXP,2022-10-31,165545689.44308478,171460.0,1698013.6666666667,12.0,-0.5,1.0,True,1.3498084038275044,0.4449425211482513,410143.7193033928,403.6284883851331,965.5061789518534,token,Dexs;Payments
4279,SXP,2022-11-30,125222379.7616054,160150.0,1387612.8333333333,12.0,-0.5,1.0,True,1.3765287505259938,0.4529586251577981,337864.4998779343,370.6289941880443,781.906835851423,token,Dexs;Payments
4279,SXP,2022-12-31,102789110.12181962,142782.0,1131637.3333333333,12.0,-0.5,1.0,True,1.4208897461572747,0.4662669238471824,279130.2667288076,368.24781248708376,719.9024395359332,token,Dexs;Payments
4279,SXP,2023-01-31,156760770.34530023,166766.0,969881.5833333334,12.0,-0.5,1.0,True,1.3892244328480527,0.4567673298544158,237040.15025967552,661.3258141018309,940.0043794616422,token,Dexs;Payments
4279,SXP,2023-02-28,174552627.6742061,171296.0,817334.8333333334,12.0,-0.5,1.0,True,1.3610973808091402,0.448329214242742,198094.94055232665,881.1564151387206,1019.0116971453281,token,Dexs;Payments
4279,SXP,2023-03-31,366963056.5072303,188228.0,671230.0,12.0,-0.5,1.0,True,1.421030643641968,0.46630919309259034,165572.6486854961,2216.3265456015843,1949.566783407518,token,Dexs;Payments
4279,SXP,2023-04-30,308572840.1596115,195452.0,537456.0833333334,12.0,-0.5,1.0,True,1.3630766702429533,0.44892300107288596,130338.97265096499,2367.4641121035947,1578.765324272003,token,Dexs;Payments
4279,SXP,2023-05-31,235968822.5479034,183150.0,416018.1666666667,12.0,-0.5,1.0,True,1.3912628214314942,0.4573788464294482,101736.22126925472,2319.417996894038,1288.391059502612,token,Dexs;Payments
4279,SXP,2023-06-30,203983495.9685115,167670.0,294369.5,12.0,-0.5,1.0,True,1.3839648763788137,0.4551894629136441,71832.84113337168,2839.696895599275,1216.5771811803631,token,Dexs;Payments
4279,SXP,2023-07-31,198179408.2290362,171366.0,172303.75,12.0,-0.5,1.0,True,1.387790806857902,0.45633724205737053,42093.47282135238,4708.079304126874,1156.4686590632693,token,Dexs;Payments
4279,SXP,2023-08-31,145052172.60563794,140052.0,169206.91666666666,12.0,-0.5,2.0,True,1.1059807520226788,0.3717942256068036,37684.06727521471,3849.1644637584172,1035.7022577730982,token,Dexs;Payments
4279,SXP,2023-09-30,167939776.7242884,138235.0,166383.91666666666,12.0,-0.5,2.0,True,1.1073488851968145,0.3722046655590443,37073.88166607777,4529.867636653532,1214.8860760609716,token,Dexs;Payments
4279,SXP,2023-10-31,180230911.3444349,144869.0,164168.0,12.0,-0.5,2.0,True,1.0504620556277475,0.35513861668832425,35811.15634913284,5032.814623111134,1244.0957785615617,token,Dexs;Payments
4279,SXP,2023-11-30,201309375.09969527,144900.0,162897.16666666666,12.0,-0.5,2.0,True,1.1835365616681122,0.3950609685004336,37290.33734647434,5398.432661771784,1389.2986549323346,token,Dexs;Payments
4279,SXP,2023-12-31,233061196.722784,32436.0,153701.66666666666,12.0,-0.5,2.0,True,1.415149158144881,0.46454474744346425,37849.54595877758,6157.569154901195,7185.26318666864,token,Dexs;Payments
4279,SXP,2024-01-31,184664035.59646776,32851.0,142542.08333333334,12.0,-0.5,2.0,True,1.3594031409275833,0.44782094227827496,34529.90510094395,5347.94506549106,5621.2607103731325,token,Dexs;Payments
4279,SXP,2024-02-29,238068955.77260223,38143.0,131446.0,12.0,-0.5,2.0,True,1.2681449562483156,0.4204434868744946,30950.169661264226,7692.008101350027,6241.48482742842,token,Dexs;Payments
4279,SXP,2024-03-31,296690658.1361383,43990.0,119426.16666666667,12.0,-0.5,2.0,True,1.1736646677453488,0.39209940032360463,27245.95534003041,10889.346856567488,6744.502344535993,token,Dexs;Payments
4279,SXP,2024-04-30,196074886.19267088,21077.0,104894.91666666667,12.0,-0.5,2.0,True,1.2087188079034379,0.4026156423710313,24219.32800588168,8095.802086046894,9302.789115750385,token,Dexs;Payments
4279,SXP,2024-05-31,206135455.9351996,22510.0,91508.25,12.0,-0.5,2.0,True,1.1620660823735511,0.3886198247120653,20792.611019251643,9913.880259883721,9157.505816756979,token,Dexs;Payments
4279,SXP,2024-06-30,149785615.2871413,20258.0,79223.91666666667,12.0,-0.5,2.0,True,1.1816486597773994,0.3944945979332198,18124.11839717768,8264.435930327301,7393.899461306214,token,Dexs;Payments
4279,SXP,2024-07-31,152028805.11192766,21398.0,66726.58333333333,12.0,-0.5,2.0,True,1.195593198020347,0.39867795940610407,15338.190676818476,9911.782185737062,7104.813772872589,token,Dexs;Payments
4279,SXP,2024-08-31,124013891.05350432,20295.0,56746.833333333336,12.0,-0.5,3.0,True,1.1459840387101876,0.38379521161305624,12821.305476747388,9672.485479611641,6110.563737546407,token,Dexs;Payments
4279,SXP,2024-09-30,156936185.62982905,22814.0,47128.416666666664,12.0,-0.5,3.0,True,1.1359648165909384,0.3807894449772815,10610.265967996444,14790.975655388176,6878.942124565137,token,Dexs;Payments
4279,SXP,2024-10-31,151125144.1493758,23140.0,36984.333333333336,12.0,-0.5,3.0,True,1.232669007928668,0.40980070237860033,8607.980746192641,17556.398951777315,6530.905105850294,token,Dexs;Payments
4279,SXP,2024-11-30,263633097.56244525,34213.0,27760.416666666668,12.0,-0.5,3.0,True,1.3465402905588024,0.4439620871676407,6698.699585821192,39355.862161734265,7705.641059317957,token,Dexs;Payments
4279,SXP,2024-12-31,208964890.64391765,37171.0,28155.0,12.0,-0.5,3.0,True,1.394236153343015,0.45827084600290446,6891.242609612068,30323.252638420898,5621.718292322446,token,Dexs;Payments
4279,SXP,2025-01-31,183903880.15521985,35865.0,28406.166666666668,12.0,-0.5,3.0,True,1.3743808539941504,0.4523142561982451,6912.096046172169,26606.094436008814,5127.6698774632605,token,Dexs;Payments
4279,SXP,2025-02-28,141579117.17576116,28277.0,27584.0,12.0,-0.5,3.0,True,1.3683780602076783,0.45051341806230344,6700.042149853002,21131.078582672406,5006.864843362491,token,Dexs;Payments
4279,SXP,2025-03-31,117605028.39472078,27286.0,26192.0,12.0,-0.5,3.0,True,1.3709465024609078,0.4512839507382723,6366.8082587051695,18471.583188314573,4310.0867988976315,token,Dexs;Payments
4279,SXP,2025-04-30,130729364.49254993,27324.0,26712.583333333332,12.0,-0.5,3.0,True,1.3474552440602137,0.4442365732180641,6447.643310430006,20275.5267620149,4784.415330572022,token,Dexs;Payments
4279,SXP,2025-05-31,112079972.05013204,28863.0,27242.0,12.0,-0.5,3.0,True,1.290666313610179,0.4271998940830537,6460.691899094866,17347.98281679928,3883.171259055955,token,Dexs;Payments
4279,SXP,2025-06-30,107514025.83679757,28168.0,27901.166666666668,12.0,-0.5,3.0,True,1.4426949687810937,0.47280849063432806,6925.004874811525,15525.480166499337,3816.885325078016,token,Dexs;Payments
4279,SXP,2025-07-31,118742516.18720792,28925.0,28528.416666666668,12.0,-0.5,3.0,True,1.4527006936696008,0.4758102081008802,7100.66471915775,16722.732431914155,4105.186385037439,token,Dexs;Payments
4279,SXP,2025-08-31,113292601.01469176,28753.0,29233.25,12.0,-0.5,3.0,True,1.466085373384263,0.47982561201527885,7303.33598806991,15512.445435860629,3940.2010577919436,token,Dexs;Payments
4279,SXP,2025-09-30,101171949.69262224,31961.0,29995.5,12.0,-0.5,3.0,True,1.476474992470524,0.48294249774115716,7515.347505245749,13462.045450593434,3165.481358299873,token,Dexs;Payments
4279,SXP,2025-10-31,73341961.98788498,32807.0,30801.083333333332,12.0,-0.5,3.0,True,1.4948873662022997,0.4884662098606899,7756.198171694874,9455.916463756159,2235.5583255977376,token,Dexs;Payments
4279,SXP,2025-11-30,47103297.09219176,29070.0,30372.5,12.0,-0.5,3.0,True,1.5225493704412103,0.49676481113236304,7705.466318241709,6112.971642051139,1620.3404572477386,token,Dexs;Payments
4279,SXP,2025-12-31,40456958.07112712,30179.0,29789.833333333332,12.0,-0.5,3.0,True,1.5184317948507382,0.4955295384552214,7549.339314322156,5359.006448998072,1340.5665552578653,token,Dexs;Payments
4279,SXP,2026-01-31,24381006.13467964,28945.0,29213.166666666668,12.0,-0.5,3.0,True,1.6096278853950976,0.5228883656185292,7580.044870951171,3216.4725341025883,842.3218564408237,token,Dexs;Payments
4279,SXP,2026-02-28,13626436.8228047,21036.0,28609.75,12.0,-0.5,3.0,True,1.6536731904003819,0.5361019571201145,7504.569900770515,1815.7518689253113,647.7674853966867,token,Dexs;Payments
5326,ORC,2022-08-31,92414288.79319592,290926763.0,,1.0,,,False,0.9371580896891634,0.32114742690674897,,,0.31765482089111174,other,Bridge
5326,ORC,2022-09-30,80203098.90371725,273342266.0,,2.0,,,False,0.9335080871741006,0.3200524261522302,,,0.293416382608452,other,Bridge
5326,ORC,2022-10-31,73172543.2992617,237781316.0,,3.0,,,False,0.9209870186658358,0.3162961055997507,,,0.3077304160401808,other,Bridge
5326,ORC,2022-11-30,57035784.55157753,194292667.0,,4.0,,,False,0.9173052254947569,0.31519156764842704,,,0.29355603292829124,other,Bridge
5326,ORC,2022-12-31,50625887.96747493,173748609.0,,5.0,,,False,0.9148855727596192,0.31446567182788576,,,0.2913743497507651,other,Bridge
5326,ORC,2023-01-31,68952567.5921393,191692214.0,226963972.5,6.0,,,False,0.9691697869501787,0.33075093608505357,,,0.3597045813876369,other,Bridge
5326,ORC,2023-02-28,74287780.16173711,193829826.0,222230523.0,7.0,,,False,0.9711737198962977,0.3313521159688893,,,0.38326289454408896,other,Bridge
5326,ORC,2023-03-31,62019169.81600318,186896363.0,217813753.0,8.0,,,False,0.8836946592517761,0.30510839777553284,,,0.33183722155151396,other,Bridge
5326,ORC,2023-04-30,58445378.62101471,150701521.0,210356838.33333334,9.0,,,False,0.8823733282427306,0.30471199847281916,,,0.38782208854424705,other,Bridge
5326,ORC,2023-05-31,48121684.58628209,137312239.0,203052378.4,10.0,,,False,0.8830195488109946,0.3049058646432984,,,0.3504544455522431,other,Bridge
5326,ORC,2023-06-30,43217667.1804329,124945206.0,195951726.36363637,11.0,,,False,0.8644535405636247,0.29933606216908737,,,0.3458929603144029,other,Bridge
5326,ORC,2023-07-31,43572589.9703737,134388824.0,190821484.5,12.0,,,False,0.8582589535582472,0.29747768606747416,,,0.32422777931573904,other,Bridge
5326,ORC,2023-08-31,35578533.2324103,120193219.0,176593689.16666666,12.0,,,False,0.8574878034660568,0.297246341039817,,,0.29601115211341744,other,Bridge
5326,ORC,2023-09-30,31092510.13462713,118413987.0,163682999.25,12.0,,,False,0.8521972460543741,0.2956591738163122,,,0.2625746410736692,other,Bridge
5326,ORC,2023-10-31,35232603.8309679,123789933.0,154183717.33333334,12.0,,,False,0.8486254788112378,0.2945876436433713,,,0.28461606672788087,other,Bridge
5326,ORC,2023-11-30,46484034.87025831,126541060.0,148537750.08333334,12.0,,,False,0.8759279595193554,0.3027783878558066,,,0.36734349206698846,other,Bridge
5326,ORC,2023-12-31,42646329.63295976,149251389.0,146496315.08333334,12.0,,,False,0.8624770484343677,0.29874311453031027,,,0.2857348927785172,other,Bridge
5326,ORC,2024-01-31,33646118.92477558,61556150.0,135651643.08333334,12.0,-0.40232081070341086,1.0,False,0.8615365703825846,0.2984609711147753,37321154.39854042,0.901529426594892,0.5465923213972216,other,Bridge
5326,ORC,2024-02-29,37183844.50731992,65351274.0,124945097.08333333,12.0,-0.43776806445560434,1.0,False,0.8008218345696827,0.2802465503709048,29984405.34713781,1.2401061177246038,0.5689842329213034,other,Bridge
5354,PEAK,2021-08-31,271008656.9873586,1878.0,538114.6666666666,6.0,,,False,,,,,144307.0590987,token,Algo-Stables;Yield
5354,PEAK,2021-09-30,276601917.836265,862018.0,584386.5714285715,7.0,,,False,,,,,320.87719494983287,token,Algo-Stables;Yield
5354,PEAK,2021-10-31,257496868.20925704,1139540.0,653780.75,8.0,,,False,,,,,225.96562490939945,token,Algo-Stables;Yield
5354,PEAK,2021-11-30,192668321.9247129,993296.0,691504.6666666666,9.0,,,False,,,,,193.96868800912608,token,Algo-Stables;Yield
5354,PEAK,2021-12-31,132218302.27037483,838426.0,706196.8,10.0,,,False,,,,,157.69823725692527,token,Algo-Stables;Yield
5354,PEAK,2022-01-31,112404670.98385122,625055.0,698820.2727272727,11.0,,,False,,,,,179.83164838910372,token,Algo-Stables;Yield
5354,PEAK,2022-02-28,102939474.7825578,511045.0,683172.3333333334,12.0,,,False,,,,,201.42937467846824,token,Algo-Stables;Yield
5354,PEAK,2022-03-31,74749660.20274241,704509.0,693750.75,12.0,,,False,,,,,106.1017818122159,token,Algo-Stables;Yield
5354,PEAK,2022-04-30,65232534.81774342,581544.0,693011.3333333334,12.0,,,False,,,,,112.17127993366525,token,Algo-Stables;Yield
5354,PEAK,2022-05-31,28654665.92741635,446326.0,674407.25,12.0,,,False,,,,,64.20120254570953,token,Algo-Stables;Yield
5354,PEAK,2022-06-30,16722505.79527177,338073.0,643741.25,12.0,,,False,,,,,49.464186123327714,token,Algo-Stables;Yield
5354,PEAK,2022-07-31,15979757.95617103,361798.0,616959.0,12.0,,,False,,,,,44.16762380159932,token,Algo-Stables;Yield
5354,PEAK,2022-08-31,15113069.91041792,339593.0,645101.9166666666,12.0,0.1988186842457369,1.0,False,0.42892207698853496,0.16867662309656048,2909913.888240246,5.193648503309307,44.5034789009724,token,Algo-Stables;Yield
5354,PEAK,2022-09-30,13035470.38973988,227048.0,592187.75,12.0,0.013349346054201794,1.0,False,0.4301136503114494,0.1690340950934348,851780.1554639094,15.30379676741859,57.41283953058331,token,Algo-Stables;Yield
5354,PEAK,2022-10-31,16573963.24289031,249767.0,518040.0,12.0,-0.2076242685334495,1.0,False,0.5038074607059043,0.1911422382117713,247144.30311241598,67.06188665555233,66.35769834642011,token,Algo-Stables;Yield
5354,PEAK,2022-11-30,9612193.61947573,85228.0,442367.6666666667,12.0,-0.36028245651752644,1.0,False,0.5399272962087672,0.20197818886263016,121797.29657118929,78.91959747938658,112.78210939451506,token,Algo-Stables;Yield
5354,PEAK,2022-12-31,5575780.05878849,54668.0,377054.5,12.0,-0.46607730309738027,1.0,False,0.5322859944500468,0.19968579833501404,72193.49303557217,77.23383125458571,101.99348903908117,token,Algo-Stables;Yield
5354,PEAK,2023-01-31,5494680.52591357,54104.0,329475.25,12.0,-0.5,1.0,True,0.5214782546185678,0.19644347638557033,55809.62894608234,98.45398777372232,101.55775036806095,token,Algo-Stables;Yield
5566,KEEP,2020-10-31,36716177.22426591,12962531.0,,1.0,,,False,,,,,2.8324852009430805,token,Cross Chain Bridge;Privacy
5566,KEEP,2020-12-31,85314454.37732536,154685914.0,,3.0,,,False,,,,,0.5515334407069887,token,Cross Chain Bridge;Privacy
5566,KEEP,2021-01-31,122009852.71658298,231210716.0,,4.0,,,False,,,,,0.5276998178431443,token,Cross Chain Bridge;Privacy
5566,KEEP,2021-02-28,147650095.55668378,243418202.0,,5.0,,,False,,,,,0.6065696580762838,token,Cross Chain Bridge;Privacy
5566,KEEP,2021-03-31,358682756.26885456,361544288.0,184427505.16666666,6.0,,,False,,,,,0.9920852525510085,token,Cross Chain Bridge;Privacy
5566,KEEP,2021-04-30,338052723.65498066,368898254.0,210780469.2857143,7.0,,,False,,,,,0.9163847212325941,token,Cross Chain Bridge;Privacy
5566,KEEP,2021-05-31,142518135.39216846,192917977.0,208547657.75,8.0,,,False,,,,,0.7387498957246916,token,Cross Chain Bridge;Privacy
5566,KEEP,2021-06-30,146580365.0393601,157509157.0,202876713.2222222,9.0,,,False,,,,,0.9306148787232739,token,Cross Chain Bridge;Privacy
5566,KEEP,2021-07-31,165239312.22473922,172354483.0,199824490.2,10.0,,,False,,,,,0.9587178084874022,token,Cross Chain Bridge;Privacy
5566,KEEP,2021-08-31,261897225.38059127,232853042.0,202827085.8181818,11.0,,,False,,,,,1.1247318185372526,token,Cross Chain Bridge;Privacy
5566,KEEP,2021-09-30,208885356.6586373,185411436.0,201375781.66666666,12.0,,,False,,,,,1.1266044919615277,token,Cross Chain Bridge;Privacy
5566,KEEP,2021-10-31,389959746.25109166,259475109.0,221918496.5,12.0,,,False,1.0463648228225264,0.3539094468467579,,,1.5028792077743829,token,Cross Chain Bridge;Privacy
5566,KEEP,2021-11-30,488757877.404729,272631008.0,236075798.83333334,12.0,,,False,0.9281840304747714,0.31845520914243136,,,1.7927450035497394,token,Cross Chain Bridge;Privacy
5566,KEEP,2021-12-31,443978298.4237319,221635874.0,241654962.16666666,12.0,,,False,0.9084430201462528,0.3125329060438758,,,2.00318788836383,token,Cross Chain Bridge;Privacy
5566,KEEP,2022-01-31,279108943.73415136,141510562.0,234179949.33333334,12.0,,,False,0.9935147448234509,0.33805442344703523,,,1.972354146499336,token,Cross Chain Bridge;Privacy
5566,KEEP,2022-02-28,525676532.8647328,177777280.0,228709872.5,12.0,,,False,1.0159796927522955,0.34479390782568864,,,2.956938776792697,token,Cross Chain Bridge;Privacy
5566,KEEP,2022-03-31,425303773.226902,184336891.0,213942589.41666666,12.0,0.16003623875585848,1.0,False,1.0252661752677918,0.3475798525803375,433000114.72888297,0.9822255439659643,2.307209213086392,token,Cross Chain Bridge;Privacy
5566,KEEP,2022-04-30,302095971.5454351,139058406.0,194789268.75,12.0,-0.07586661415976892,1.0,False,1.0844136581942698,0.3653240974582809,157455191.50666842,1.9186155035900543,2.1724394823383424,token,Cross Chain Bridge;Privacy
5566,KEEP,2022-05-31,174764470.21191046,71405108.0,184663196.33333334,12.0,-0.11452759371336863,1.0,False,1.1565712949909153,0.3869713884972745,132086344.1524937,1.3231077847846622,2.447506559501464,token,Cross Chain Bridge;Privacy
5566,KEEP,2022-06-30,144080624.9954748,24004215.0,173537784.5,12.0,-0.14461457037745695,1.0,False,1.0569969812609195,0.3570990943782758,111817363.85684408,1.288535340360342,6.0023052199571945,token,Cross Chain Bridge;Privacy
5566,KEEP,2022-07-31,155001888.63613123,32256610.0,161862961.75,12.0,-0.1899743540544261,1.0,False,1.0343633168466888,0.3503089950540066,90067757.498227,1.7209475726003556,4.805275217579629,token,Cross Chain Bridge;Privacy
5566,KEEP,2022-08-31,134276174.82059568,28345463.0,144820663.5,12.0,-0.2859895269124949,1.0,False,1.032467239171488,0.34974017175144634,60061660.1563142,2.2356387497637193,4.737131117618212,token,Cross Chain Bridge;Privacy
5566,KEEP,2022-09-30,124810396.4905883,24273811.0,131392528.08333333,12.0,-0.3475256706845474,1.0,False,1.0326414409493403,0.34979243228480206,45335875.002819896,2.753016159560725,5.141771784026345,token,Cross Chain Bridge;Privacy
5566,KEEP,2022-10-31,109209872.22784162,27772923.0,112084012.58333333,12.0,-0.4949316332298902,1.0,False,1.0280436293341184,0.34841308880023547,24632662.061692264,4.433539174707409,3.932242646114045,token,Cross Chain Bridge;Privacy
5566,KEEP,2022-11-30,78147507.21354869,22293583.0,91222560.5,12.0,-0.5,1.0,True,1.0438691720306648,0.3531607516091994,19848855.931597553,3.937129045767572,3.50538122174209,token,Cross Chain Bridge;Privacy
5566,KEEP,2022-12-31,67720523.95022283,21291167.0,74527168.25,12.0,-0.5,1.0,True,1.0462548806408312,0.35387646419224933,16231001.996585941,4.1722947212049695,3.180686335804084,token,Cross Chain Bridge;Privacy
5566,KEEP,2023-01-31,201647927.3133039,28133977.0,65079119.5,12.0,-0.5,1.0,True,1.4756806141751575,0.48270418425254724,16301947.263022272,12.369560768406002,7.167416370366119,token,Cross Chain Bridge;Privacy
5566,KEEP,2023-02-28,153046282.89697042,6094040.0,50772182.833333336,12.0,-0.5,1.0,True,1.4812033940739673,0.48436101822219013,12737494.083687808,12.01541542562663,25.114092276547318,token,Cross Chain Bridge;Privacy
5566,KEEP,2023-03-31,194195375.5393186,2530597.0,35621658.333333336,12.0,-0.5,2.0,True,1.4543721956533724,0.47631165869601166,8870314.263795877,21.892727784394925,76.7389574631277,token,Cross Chain Bridge;Privacy
5566,KEEP,2023-04-30,140329404.97357732,970103.0,24114299.75,12.0,-0.5,2.0,True,1.4566473363980181,0.4769942009194054,6008639.740245444,23.354604542798747,144.65412948272225,token,Cross Chain Bridge;Privacy
5566,KEEP,2023-05-31,101612829.3906458,927913.0,18241200.166666668,12.0,-0.5,2.0,True,1.4687994684381567,0.480639840531447,4560628.809151837,22.280442816731505,109.5068496622483,token,Cross Chain Bridge;Privacy
5566,KEEP,2023-06-30,100867722.99271204,977446.0,16322302.75,12.0,-0.5,2.0,True,1.4582184037937904,0.4774655211381371,4068868.917783772,24.790113673077624,103.19518724585505,token,Cross Chain Bridge;Privacy
5566,KEEP,2023-07-31,109331407.87396406,950352.0,13713447.916666666,12.0,-0.5,2.0,True,1.4477421345196477,0.4743226403558943,3408495.566357356,32.07614789148928,115.04306601550168,token,Cross Chain Bridge;Privacy
5566,KEEP,2023-08-31,80033811.08778556,890234.0,11425512.166666666,12.0,-0.5,2.0,True,1.4566842221559646,0.4770052666467893,2846961.991199276,28.112005476431214,89.90199328242413,token,Cross Chain Bridge;Privacy
5566,KEEP,2023-09-30,81216794.58248638,875657.0,9475666.0,12.0,-0.5,2.0,True,1.4553608821784016,0.47660826465352046,2360233.062649801,34.41049778842832,92.74955214483111,token,Cross Chain Bridge;Privacy
5566,KEEP,2023-10-31,103085936.40436926,907916.0,7236915.416666667,12.0,-0.5,2.0,True,1.434693025453635,0.47040790763609047,1792116.091296071,57.521907707338755,113.54127078316635,token,Cross Chain Bridge;Privacy
5566,KEEP,2023-11-30,106606167.2165771,1005426.0,5462902.333333333,12.0,-0.5,2.0,True,1.6031770155351446,0.5209531046605433,1415184.588447381,75.33022058524269,106.03084385780465,token,Cross Chain Bridge;Privacy
5566,KEEP,2023-12-31,112203257.90927248,1128770.0,3782702.5833333335,12.0,-0.5,2.0,True,1.973726829979076,0.6321180489937228,1063990.7001155615,105.45511149400642,99.40311835827713,token,Cross Chain Bridge;Privacy
5566,KEEP,2024-01-31,115892253.61051863,549983.0,1484036.4166666667,12.0,-0.5,2.0,True,1.9640417665241376,0.6292125299572413,416633.5458476287,278.16351987389606,210.7197015371723,token,Cross Chain Bridge;Privacy
5566,KEEP,2024-02-29,165748362.57407397,1671646.0,1115503.5833333333,12.0,-0.5,2.0,True,1.9676449930781408,0.6302934979234422,313392.45906880015,528.884335847043,99.1527886730049,token,Cross Chain Bridge;Privacy
5566,KEEP,2024-03-31,239690448.9380965,1797171.0,1054384.75,12.0,-0.5,3.0,True,1.816305200175554,0.5848915600526662,287101.747045999,834.8623838213484,133.37097523724591,token,Cross Chain Bridge;Privacy
5566,KEEP,2024-04-30,150038856.45154667,1624810.0,1108943.6666666667,12.0,-0.5,3.0,True,1.8305272803513997,0.5891581841054199,302887.5219394578,495.36162959376367,92.34240092782952,token,Cross Chain Bridge;Privacy
5566,KEEP,2024-05-31,158314822.83496156,1833169.0,1184381.6666666667,12.0,-0.5,3.0,True,1.8345560578180367,0.590366817345411,323772.14695527015,488.96986452893714,86.36128083933427,token,Cross Chain Bridge;Privacy
5566,KEEP,2024-06-30,105571841.85318184,1640624.0,1239646.5,12.0,-0.5,3.0,True,1.8602167392064595,0.5980650217619379,340734.680846102,309.83591570728595,64.34859044679453,token,Cross Chain Bridge;Privacy
5566,KEEP,2024-07-31,102469108.03741936,1695692.0,1301758.1666666667,12.0,-0.5,3.0,True,1.895855702161839,0.6087567106485517,360474.752375864,284.26153943390653,60.42908030315609,token,Cross Chain Bridge;Privacy
5566,KEEP,2024-08-31,102119525.40404265,1416097.0,1345580.0833333333,12.0,-0.5,3.0,True,1.847713310298446,0.5943139930895338,368873.94051081646,276.841257104331,72.11336893167815,token,Cross Chain Bridge;Privacy
5566,KEEP,2024-09-30,123150054.38743638,1541857.0,1401096.75,12.0,-0.5,3.0,True,1.8459654640934846,0.5937896392280454,383950.30660065217,320.74477418122,79.87125549738813,token,Cross Chain Bridge;Privacy
5566,KEEP,2024-10-31,98290193.521839,1638707.0,1461996.0,12.0,-0.5,3.0,True,1.773039076245085,0.5719117228735255,394313.2199256112,249.2693335018842,59.980334203636765,token,Cross Chain Bridge;Privacy
5566,KEEP,2024-11-30,149789826.23284662,2205207.0,1561977.75,12.0,-0.5,3.0,True,1.77768668518425,0.573306005555275,421716.6287347734,355.1907039621448,67.92551730193429,token,Cross Chain Bridge;Privacy
5566,KEEP,2024-12-31,113788153.87592916,1894688.0,1625804.25,12.0,-0.5,3.0,True,1.8417057113869992,0.5925117134160998,445123.66040552955,255.63267918012392,60.05640711079036,token,Cross Chain Bridge;Privacy
5566,KEEP,2025-01-31,109729924.6381069,1704192.0,1721988.3333333333,12.0,-0.5,3.0,True,1.8243211567091389,0.5872963470127417,469700.5151404108,233.6167858051094,64.38824066660735,token,Cross Chain Bridge;Privacy
5566,KEEP,2025-02-28,89506565.2262857,1299174.0,1690949.0,12.0,-0.5,3.0,True,1.7317312147065356,0.5595193644119607,451810.29203335615,198.10652126463208,68.8949788298455,token,Cross Chain Bridge;Privacy
5566,KEEP,2025-03-31,71158653.63046227,1159591.0,1637817.3333333333,12.0,-0.5,3.0,True,1.742534734696068,0.5627604204088205,438698.90086129337,162.20385665602802,61.36530348240222,token,Cross Chain Bridge;Privacy
5566,KEEP,2025-04-30,111379219.09095035,1271052.0,1608337.5,12.0,-0.5,3.0,True,1.7762493098309873,0.5728747929492962,434094.04193264345,256.57854826819437,87.62758651176377,token,Cross Chain Bridge;Privacy
5566,KEEP,2025-05-31,69201046.35234402,1530296.0,1583098.0833333333,12.0,-0.5,3.0,True,1.7106895908789301,0.553206877263679,420935.62796882034,164.39816863748558,45.22069348174733,token,Cross Chain Bridge;Privacy
5566,KEEP,2025-06-30,78402138.92142525,1557099.0,1576137.6666666667,12.0,-0.5,3.0,True,1.9833230500165357,0.6349969150049607,444163.7095021837,176.51630973925796,50.35141562702516,token,Cross Chain Bridge;Privacy
5566,KEEP,2025-07-31,78506684.71032235,1963523.0,1598456.9166666667,12.0,-0.5,3.0,True,2.021333900518496,0.6464001701555488,453755.93885040516,173.01522247669035,39.982564355152626,token,Cross Chain Bridge;Privacy
5566,KEEP,2025-08-31,77404375.64476953,2005344.0,1647560.8333333333,12.0,-0.5,3.0,True,2.0448328090101984,0.6534498427030595,469770.56440115254,164.7705955000437,38.59905115769141,token,Cross Chain Bridge;Privacy
5566,KEEP,2025-09-30,67313816.40908545,2010102.0,1686581.25,12.0,-0.5,3.0,True,2.0540420351202537,0.6562126105360762,481723.0163184831,139.7355204729974,33.48776152109965,token,Cross Chain Bridge;Privacy
5566,KEEP,2025-10-31,97484918.78345412,1869298.0,1705797.1666666667,12.0,-0.5,3.0,True,1.9748142135479119,0.6324442640643736,479905.1773888516,203.13370927537474,52.150549983712665,token,Cross Chain Bridge;Privacy
5566,KEEP,2025-11-30,50342352.77966982,1243306.0,1625638.75,12.0,-0.5,3.0,True,2.0268246914653285,0.6480474074395985,461952.51688140025,108.97733195508167,40.490718117398146,token,Cross Chain Bridge;Privacy
5566,KEEP,2025-12-31,70246115.17412095,1223206.0,1569681.9166666667,12.0,-0.5,3.0,True,1.9657854294727486,0.6297356288418245,440829.26469357044,159.3499361321905,57.42787001872207,token,Cross Chain Bridge;Privacy
5601,STAKE,2020-10-31,32359751.60204957,4281213.0,,1.0,,,False,,,,,7.558547449531142,token,Canonical Bridge
5601,STAKE,2020-12-31,28132954.13371265,3920635.0,,3.0,,,False,,,,,7.175611637837403,token,Canonical Bridge
5601,STAKE,2021-01-31,62404468.53739873,10076155.0,,4.0,,,False,,,,,6.1932819153138015,token,Canonical Bridge
5601,STAKE,2021-02-28,95489331.70856264,23634730.0,,5.0,,,False,,,,,4.040212505434276,token,Canonical Bridge
5601,STAKE,2021-03-31,90123901.7573051,65195913.0,18623411.833333332,6.0,,,False,,,,,1.3823550834744058,token,Canonical Bridge
5601,STAKE,2021-04-30,107164914.37041742,78688999.0,27204210.0,7.0,,,False,,,,,1.3618792427441784,token,Canonical Bridge
5601,STAKE,2021-05-31,54038144.34367745,130884770.0,40164280.0,8.0,,,False,,,,,0.41286808498557515,token,Canonical Bridge
5601,STAKE,2021-06-30,45440503.42987567,110919349.0,48025954.333333336,9.0,,,False,,,,,0.4096715662285006,token,Canonical Bridge
5601,STAKE,2021-07-31,39923395.73433227,278705779.0,71093936.8,10.0,,,False,,,,,0.14324566888271187,token,Canonical Bridge
5601,STAKE,2021-08-31,57789456.4492403,458607659.0,106322457.0,11.0,,,False,,,,,0.12601066579492146,token,Canonical Bridge
5601,STAKE,2021-09-30,82703853.4218135,447566859.0,134759490.5,12.0,,,False,0.4581659609263625,0.17744978827790875,,,0.18478547229032768,token,Canonical Bridge
5601,STAKE,2021-10-31,94214105.2781046,359324659.0,164346444.33333334,12.0,,,False,0.43464728459579427,0.1703941853787383,,,0.2621977170737525,token,Canonical Bridge
5601,STAKE,2021-11-30,102386049.87482405,285904498.0,187785833.75,12.0,,,False,0.4035923822820693,0.1610777146846208,,,0.3581127634963758,token,Canonical Bridge
5601,STAKE,2021-12-31,135887061.75177333,1186632790.0,286345180.0,12.0,,,False,0.2652696988230477,0.11958090964691431,,,0.11451483803323295,token,Canonical Bridge
5601,STAKE,2022-01-31,73142206.13926212,695337236.0,343450270.0833333,12.0,,,False,0.40059527427531905,0.1601785822825957,,,0.10518954307699714,token,Canonical Bridge
5601,STAKE,2022-02-28,93991901.23609816,730116617.0,402323760.6666667,12.0,,,False,0.4103537928707036,0.1631061378612111,,,0.12873546368839617,token,Canonical Bridge
5601,STAKE,2022-03-31,117493276.71496724,752341738.0,459585912.75,12.0,2.0,1.0,True,0.40125698065401494,0.16037709419620447,12108481753193.766,9.703386362536896e-06,0.15617008970857768,token,Canonical Bridge
5601,STAKE,2022-04-30,84578378.2134784,565358036.0,500141665.8333333,12.0,2.0,1.0,True,0.4570208379217919,0.17710625137653757,11013071699592.736,7.679817268111141e-06,0.14960144338246995,token,Canonical Bridge
5601,STAKE,2022-05-31,56070662.65128608,325635207.0,516370868.9166667,12.0,2.0,1.0,True,0.5129950446295868,0.19389851338887604,9617867364430.252,5.829843615711748e-06,0.17218857619190445,token,Canonical Bridge
5601,STAKE,2022-06-30,29483380.6523656,219185404.0,525393040.1666667,12.0,2.0,1.0,True,0.6071169190547622,0.22213507571642865,7549793623011.703,3.905190277321028e-06,0.1345134307043803,token,Canonical Bridge
5601,STAKE,2022-07-31,41518823.8468412,273840115.0,524987568.1666667,12.0,2.0,1.0,True,0.6489342638237492,0.23468027914712475,6770809170525.617,6.13203278975563e-06,0.15161702604032723,token,Canonical Bridge
5601,STAKE,2022-08-31,20914954.87515108,242032008.0,506939597.25,12.0,2.0,1.0,True,0.703889996390289,0.2511669989170867,5703196798261.05,3.6672335910849534e-06,0.08641400386659222,token,Canonical Bridge
5601,STAKE,2022-09-30,13249477.05037383,279678552.0,492948905.0,12.0,2.0,1.0,True,0.7181451753384684,0.2554435526015405,5357636475446.921,2.473007847974342e-06,0.047373947539508965,token,Canonical Bridge
5601,STAKE,2022-10-31,10940081.40958997,231125798.0,482265666.5833333,12.0,1.9344453939337125,1.0,False,0.7141162578014854,0.2542348773404456,4262318771253.212,2.566697142263096e-06,0.04733388269184027,token,Canonical Bridge
5601,STAKE,2022-11-30,7654935.72972347,160236098.0,471793299.9166667,12.0,1.5124009116937271,1.0,False,0.7310945945007293,0.25932837835021877,881538140527.4617,8.68361262865291e-06,0.04777285409011564,token,Canonical Bridge
5601,STAKE,2022-12-31,4193538.43149698,140498165.0,384615414.5,12.0,0.3431880169940349,1.0,False,0.7469911064106911,0.26409733192320733,2499785896.878331,0.001677559040849764,0.029847638447783143,token,Canonical Bridge
5601,STAKE,2023-01-31,4251809.42910162,161575230.0,340135247.3333333,12.0,-0.009652118628981299,1.0,False,0.6968696357404305,0.24906089072212914,371773772.99802643,0.011436550230035163,0.02631473542758763,token,Canonical Bridge
5601,STAKE,2023-02-28,6432944.605839,163747431.0,292937815.1666667,12.0,-0.27188537241435373,1.0,False,0.6804099338217385,0.24412298014652156,114997868.29561982,0.05593968567575636,0.03928577423507182,token,Canonical Bridge
5631,ORN,2023-03-31,31656280.27875655,324560.0,,1.0,,,False,1.377780602871508,0.4533341808614524,,,97.53598804152253,token,DEX Aggregator;Dexs;DEX
5631,ORN,2023-04-30,31351700.35772886,963608.0,,2.0,,,False,1.3765775396047109,0.45297326188141324,,,32.53574104587017,token,DEX Aggregator;Dexs;DEX
5631,ORN,2023-05-31,31270816.35207099,1485078.0,,3.0,,,False,1.3667472126594369,0.45002416379783106,,,21.056682781692942,token,DEX Aggregator;Dexs;DEX
5631,ORN,2023-06-30,23428493.69344662,4808231.0,,4.0,,,False,1.3434496740913873,0.44303490222741615,,,4.872580725311788,token,DEX Aggregator;Dexs;DEX
5631,ORN,2023-07-31,21741601.22475549,1530413.0,,5.0,,,False,1.3420227893239975,0.44260683679719925,,,14.20636208968134,token,DEX Aggregator;Dexs;DEX
5631,ORN,2023-08-31,18070554.01917936,2031735.0,1857270.8333333333,6.0,,,False,1.3409317214852357,0.4422795164455707,,,8.894149098765025,token,DEX Aggregator;Dexs;DEX
5631,ORN,2023-09-30,17766830.20676436,2870303.0,2001989.7142857143,7.0,,,False,1.3396575805555782,0.4418972741666734,,,6.189879677080907,token,DEX Aggregator;Dexs;DEX
5631,ORN,2023-10-31,18477791.75708444,2707190.0,2090139.75,8.0,,,False,1.2880906900361098,0.4264272070108329,,,6.825450654399743,token,DEX Aggregator;Dexs;DEX
5631,ORN,2023-11-30,22762496.9253573,2986742.0,2189762.222222222,9.0,,,False,1.431685113483049,0.4695055340449147,,,7.621179507757048,token,DEX Aggregator;Dexs;DEX
5631,ORN,2023-12-31,29172654.40532609,5700947.0,2540880.7,10.0,,,False,1.5001653371994865,0.4900496011598459,,,5.117159378139473,token,DEX Aggregator;Dexs;DEX
5631,ORN,2024-01-31,27166960.56266763,7491644.0,2990950.090909091,11.0,,,False,1.464086597271873,0.4792259791815619,,,3.626301591835868,token,DEX Aggregator;Dexs;DEX
5631,ORN,2024-02-29,61754939.83186617,8021987.0,3410203.1666666665,12.0,,,False,1.2013293275807642,0.4003987982742292,,,7.698209911318251,token,DEX Aggregator;Dexs;DEX
5631,ORN,2024-03-31,76511105.28789346,35565734.0,6346967.666666667,12.0,,,False,1.0710715206011314,0.3613214561803394,,,2.1512589979977204,token,DEX Aggregator;Dexs;DEX
5631,ORN,2024-04-30,50397115.25316333,49013026.0,10351085.833333334,12.0,,,False,1.0816035172581653,0.36448105517744955,,,1.0282392124322894,token,DEX Aggregator;Dexs;DEX
5631,ORN,2024-05-31,52280047.48043406,79529424.0,16854781.333333332,12.0,,,False,1.063740675155263,0.35912220254657884,,,0.6573673597891776,token,DEX Aggregator;Dexs;DEX
5631,ORN,2024-06-30,56438890.19341099,349263859.0,45559417.0,12.0,,,False,1.033173843391182,0.34995215301735455,,,0.1615938458534039,token,DEX Aggregator;Dexs;DEX
5631,ORN,2024-07-31,40888536.03948985,338859806.0,73670199.75,12.0,,,False,1.050579413182299,0.35517382395468966,,,0.12066505178690284,token,DEX Aggregator;Dexs;DEX
5631,ORN,2024-08-31,38448799.52652408,134818179.0,84735736.75,12.0,2.0,1.0,True,1.0168550163304193,0.34505650489912576,477258673868.9427,8.056176164350298e-05,0.2851900226787968,token,DEX Aggregator;Dexs;DEX
5631,ORN,2024-09-30,43037623.18556123,172523165.0,98873475.25,12.0,2.0,1.0,True,1.0292442960235153,0.34877328880705455,543091131552.738,7.924567477747881e-05,0.24945996779946178,token,DEX Aggregator;Dexs;DEX
5631,ORN,2024-10-31,68941590.89404447,145569728.0,110778686.75,12.0,2.0,1.0,True,1.1704003617402077,0.39112010852206225,461542951778.4421,0.00014937199371888366,0.4735984042921649,token,DEX Aggregator;Dexs;DEX
5692,COMP,2020-06-30,555330185.3733069,605770555.0,143256288.25,12.0,2.0,1.0,True,,,,,0.9167335400996948,token,Lending;Yield
5692,COMP,2020-07-31,344725386.3574521,720442966.0,195661368.16666666,12.0,2.0,1.0,True,,,,,0.4784908766219422,token,Lending;Yield
5692,COMP,2020-08-31,629867028.0092553,773733337.0,251172288.91666666,12.0,2.0,1.0,True,,,,,0.8140621553821653,token,Lending;Yield
5692,COMP,2020-09-30,539967906.2561133,829472924.0,311505899.9166667,12.0,2.0,1.0,True,,,,,0.6509771333489763,token,Lending;Yield
5692,COMP,2020-10-31,370169804.7769666,1081824089.0,391991394.9166667,12.0,2.0,1.0,True,,,,,0.3421719007192181,token,Lending;Yield
5692,COMP,2020-12-31,661598285.8835019,1976622971.0,676760809.5,12.0,2.0,1.0,True,,,,,0.3347114222540834,token,Lending;Yield
5692,COMP,2021-01-31,1591139860.629611,3327266034.0,945838352.0833334,12.0,2.0,1.0,True,,,,,0.4782123955134304,token,Lending;Yield
5692,COMP,2021-02-28,1866377964.9239216,4478244070.0,1307068240.75,12.0,2.0,2.0,True,,,,,0.4167655750223372,token,Lending;Yield
5692,COMP,2021-03-31,2003322646.592878,7714501392.0,1942764741.5833333,12.0,2.0,2.0,True,,,,,0.2596827124395025,token,Lending;Yield
5692,COMP,2021-04-30,3770473466.9238033,8904741255.0,2676912728.75,12.0,2.0,2.0,True,,,,,0.42342313593970937,token,Lending;Yield
5692,COMP,2021-05-31,2281673536.982783,7150814625.0,3264437655.6666665,12.0,2.0,2.0,True,,,,,0.31907882620894856,token,Lending;Yield
5692,COMP,2021-06-30,1784464824.9485412,6158683293.0,3727180383.8333335,12.0,2.0,2.0,True,,,,,0.2897477821236198,token,Lending;Yield
5692,COMP,2021-07-31,2187342258.609606,8897665108.0,4408615562.333333,12.0,2.0,2.0,True,0.6192810323455245,0.22578430970365734,61364616245899.34,3.5645008352118125e-05,0.24583328682970315,token,Lending;Yield
5692,COMP,2021-08-31,2433954239.574791,10541855179.0,5222625715.833333,12.0,2.0,2.0,True,0.613788417329958,0.2241365251989874,73745130762175.72,3.300494845448399e-05,0.23088481090343302,token,Lending;Yield
5692,COMP,2021-09-30,1755093822.7154584,9732370014.0,5964533806.666667,12.0,2.0,2.0,True,0.7192049324434682,0.2557614797330404,64660574626206.45,2.7143183197201774e-05,0.18033570653301903,token,Lending;Yield
5692,COMP,2021-10-31,2081578407.6380136,10979517086.0,6789341556.416667,12.0,2.0,2.0,True,0.6123415986447657,0.2237024795934297,96231626453302.81,2.163091786303868e-05,0.18958742823873717,token,Lending;Yield
5692,COMP,2021-11-30,1726729615.1704693,11795385817.0,7638138903.666667,12.0,2.0,2.0,True,0.6692895598193823,0.2407868679458147,93585036627292.75,1.8450915631387304e-05,0.14639026157854326,token,Lending;Yield
5692,COMP,2021-12-31,1262961770.157218,9071744157.0,8229399002.5,12.0,2.0,2.0,True,0.744028985604965,0.26320869568148947,84082649130170.3,1.5020480244408065e-05,0.13921928884895668,token,Lending;Yield
5692,COMP,2022-01-31,797472188.3379382,6645654833.0,8505931402.416667,12.0,2.0,2.0,True,0.8310073459545836,0.28930220378637506,71152728338564.16,1.1207893315676488e-05,0.11999903822539353,token,Lending;Yield
5692,COMP,2022-02-28,796476463.5262122,6734976625.0,8693992448.666666,12.0,2.0,3.0,True,0.824073069431384,0.28722192082941517,73865664042975.3,1.078276996281817e-05,0.11825972202631248,token,Lending;Yield
5692,COMP,2022-03-31,993398231.2977777,6959133625.0,8631045134.75,12.0,2.0,3.0,True,0.8146199476413977,0.2843859842924193,74909883138907.6,1.3261243906303927e-05,0.14274740001098593,token,Lending;Yield
5692,COMP,2022-04-30,700663962.0376656,5920313454.0,8382342818.0,12.0,2.0,3.0,True,0.8588327231040304,0.29764981693120907,65918861208286.09,1.0629187901528724e-05,0.1183491326061915,token,Lending;Yield
5692,COMP,2022-05-31,453378689.8076891,4331470642.0,8147397486.083333,12.0,2.0,3.0,True,0.9151041772970347,0.3145312531891104,56712703761380.27,7.994305679998754e-06,0.10467084444980733,token,Lending;Yield
5692,COMP,2022-06-30,336295726.183291,2755666207.0,7863812728.916667,12.0,2.0,3.0,True,0.8806097503653909,0.30418292510961725,58962879628336.875,5.703515979936489e-06,0.12203790333133444,token,Lending;Yield
5692,COMP,2022-07-31,411688381.4044345,2962563786.0,7369220952.083333,12.0,2.0,3.0,True,0.8880953722054171,0.3064286116616251,54363801012939.91,7.572840267486865e-06,0.13896355020267384,token,Lending;Yield
5692,COMP,2022-08-31,336208840.6451396,2667408413.0,6713017054.916667,12.0,2.0,3.0,True,0.8949548855608757,0.30848646566826265,48793760304645.78,6.890406448406647e-06,0.12604325569589467,token,Lending;Yield
5692,COMP,2022-09-30,443045334.3285796,2339544221.0,6096948238.833333,12.0,2.0,3.0,True,0.8731463793263387,0.3019439137979016,46464732944152.46,9.535088361770869e-06,0.1893724984344203,token,Lending;Yield
5692,COMP,2022-10-31,365483328.54967695,2362045748.0,5378825627.333333,12.0,2.0,3.0,True,0.8691703021974744,0.30075109065924227,41349901993735.58,8.838795521330302e-06,0.15473168919744265,token,Lending;Yield
5692,COMP,2022-11-30,280221828.6319926,1686136601.0,4536388192.666667,12.0,2.0,3.0,True,0.8818662201101792,0.30455986603305374,33921037806893.168,8.26100398894777e-06,0.16619165283868514,token,Lending;Yield
5692,COMP,2022-12-31,226701348.3986128,1646498589.0,3917617728.6666665,12.0,2.0,3.0,True,0.8885926422616945,0.3065777926785083,28869715339788.914,7.85256611401941e-06,0.13768693754927525,token,Lending;Yield
5692,COMP,2023-01-31,378324213.5002864,1932028765.0,3524815556.3333335,12.0,2.0,3.0,True,0.9759274042907344,0.3327782212872203,21590688720908.434,1.752256347125773e-05,0.19581707081896702,token,Lending;Yield
5692,COMP,2023-02-28,355106971.1305039,1941744208.0,3125379521.5833335,12.0,2.0,3.0,True,0.9763837159815159,0.33291511479445474,19125931574806.875,1.8566780380949346e-05,0.18288040704200925,token,Lending;Yield
5692,COMP,2023-03-31,321556960.82515603,1994811731.0,2711686030.4166665,12.0,2.0,3.0,True,0.933769992919933,0.3201309978759799,18141613314549.902,1.7724827183217577e-05,0.16119664619375354,token,Lending;Yield
5692,COMP,2023-04-30,310605655.0152775,1948270577.0,2380682457.3333335,12.0,1.9794438483711634,3.0,False,0.9333810070195002,0.32001430210585,14908125559217.27,2.083465515376203e-05,0.1594263438980619,token,Lending;Yield
5692,COMP,2023-05-31,268012118.95337632,1903365820.0,2178340388.8333335,12.0,1.8275806337606246,3.0,False,0.9368723114505827,0.32106169343517477,8145178081359.548,3.290439033699325e-05,0.14080956804897143,token,Lending;Yield
5692,COMP,2023-06-30,432571013.46298647,1869622374.0,2104503402.75,12.0,1.449130796033221,3.0,False,0.9602092098590186,0.32806276295770553,1880149457327.3774,0.0002300726741574491,0.23136811982920058,token,Lending;Yield
5692,COMP,2023-07-31,515315580.7552058,2245772738.0,2044770815.4166667,12.0,1.1863172631049914,3.0,False,0.9460117036521167,0.323803511095635,640907376725.6395,0.0008040406452924988,0.2294602530504161,token,Lending;Yield
5692,COMP,2023-08-31,321405595.6416082,1947898576.0,1984811662.3333333,12.0,0.991815892602615,3.0,False,1.0589814284197705,0.35769442852593114,213860585397.64703,0.0015028743844687166,0.16500119646969144,token,Lending;Yield
5692,COMP,2023-09-30,370158463.19308335,1920609261.0,1949900415.6666667,12.0,0.8429577754561615,3.0,False,1.0604516933009898,0.3581355079902969,104858990082.43745,0.0035300593959761983,0.19272970859275854,token,Lending;Yield
5692,COMP,2023-10-31,362532574.8703485,2215368187.0,1937677285.5833333,12.0,0.7034718908437223,3.0,False,0.9824354890831152,0.3347306467249345,59830801589.78166,0.006059296637139899,0.16364438967649964,token,Lending;Yield
5692,COMP,2023-11-30,406113678.46840346,2235886774.0,1983489800.0,12.0,0.563721141061706,3.0,False,1.0788904936583497,0.3636671480975049,26469624255.112194,0.01534263103073588,0.18163427736632046,token,Lending;Yield
5692,COMP,2023-12-31,462272537.43654704,2284810982.0,2036682499.4166667,12.0,0.4437634512058657,3.0,False,1.0287084656740868,0.348612539702226,15865443972.433668,0.029137069106906128,0.2023241927137004,token,Lending;Yield
5692,COMP,2024-01-31,439188399.4192877,2182554995.0,2057559685.25,12.0,0.29572202385859336,3.0,False,0.9176929231001841,0.3153078769300552,8546665730.849317,0.05138710384261674,0.20122672758552307,token,Lending;Yield
5692,COMP,2024-02-29,731750977.2682114,2854631784.0,2133633649.9166667,12.0,0.17744472922720433,3.0,False,1.0499289462115418,0.3549786838634625,4599797045.251469,0.15908331825718777,0.2563381313728872,token,Lending;Yield
5692,COMP,2024-03-31,642663982.3789665,2768752603.0,2198128722.5833335,12.0,0.042023794237917134,3.0,False,1.0870697122534936,0.36612091367604804,2698601136.7755985,0.23814708058221906,0.23211318399579178,token,Lending;Yield
5692,COMP,2024-04-30,432508236.4150975,2351985973.0,2231771672.25,12.0,-0.05882182156958082,3.0,False,1.1348442494062017,0.3804532748218605,1909897799.2061503,0.2264562201154793,0.18389065299714585,token,Lending;Yield
5692,COMP,2024-05-31,492901632.26810914,2550919192.0,2285734453.25,12.0,-0.11201465465645855,3.0,False,1.148949980978616,0.3846849942935847,1647074043.803675,0.2992589398894451,0.19322510639063362,token,Lending;Yield
5692,COMP,2024-06-30,415210757.83506817,2264260889.0,2318620996.1666665,12.0,-0.1463435668652885,3.0,False,1.142382123449755,0.3827146370349265,1499846002.6820889,0.27683559318261375,0.18337584677287078,token,Lending;Yield
5692,COMP,2024-07-31,441292713.26023966,2193373374.0,2314254382.5,12.0,-0.19331690635780385,3.0,False,1.134769484726459,0.3804308454179377,1295685700.549888,0.3405862340480839,0.2011936127661955,token,Lending;Yield
5692,COMP,2024-08-31,379006043.2843602,1955530622.0,2314890386.3333335,12.0,-0.23754565650278636,3.0,False,1.1350205390125399,0.38050616170376195,1135770490.6663845,0.33369949862140547,0.19381237962754858,token,Lending;Yield
5692,COMP,2024-09-30,405672191.40286905,2057351245.0,2326285551.6666665,12.0,-0.2693733550583034,3.0,False,1.1214042197468086,0.37642126592404257,1036002567.6916286,0.3915745038226772,0.19718178526334673,token,Lending;Yield
5692,COMP,2024-10-31,377943303.8662552,2146969345.0,2320585648.1666665,12.0,-0.3008184148265708,3.0,False,1.2290235906353901,0.408707077190617,967543709.8663663,0.390621426207665,0.1760357243788477,token,Lending;Yield
5692,COMP,2024-11-30,636787588.4567237,2766086768.0,2364768981.0,12.0,-0.32350116034821186,3.0,False,1.3094990397460191,0.4328497119238057,942293522.1534631,0.6757847459265625,0.23021244157035195,token,Lending;Yield
5692,COMP,2024-12-31,649226411.2697333,2703435845.0,2399654386.25,12.0,-0.33687786396731556,3.0,False,1.3022532691876891,0.4306759807563067,919255792.6897602,0.706252184030393,0.24014862881635474,token,Lending;Yield
5692,COMP,2025-01-31,618718394.402238,2906221677.0,2459959943.0833335,12.0,-0.33869462421994156,3.0,False,1.264568655216194,0.4193705965648582,928826367.7176155,0.6661292313681846,0.21289442553498578,token,Lending;Yield
5692,COMP,2025-02-28,451921893.3018184,2350912916.0,2417983370.75,12.0,-0.3472533017958471,3.0,False,1.279969368312927,0.42399081049387805,894521067.5530527,0.5052110114500077,0.19223251113475884,token,Lending;Yield
5692,COMP,2025-03-31,354084529.2306364,2123029701.0,2364173128.9166665,12.0,-0.35056060451606197,3.0,False,1.2840508498743346,0.42521525496230034,867340212.0048789,0.4082417998494052,0.1667826545544105,token,Lending;Yield
5692,COMP,2025-04-30,363013607.96399,2329302485.0,2362282838.25,12.0,-0.3443750202449286,3.0,False,1.263257113381437,0.41897713401443104,877362338.7411608,0.41375563086608186,0.15584648636305815,token,Lending;Yield
5692,COMP,2025-05-31,368418814.3133181,2561819848.0,2363191226.25,12.0,-0.3380477638120062,3.0,False,1.2241624907105857,0.40724874721317567,884772283.9034323,0.4163995877989424,0.14381136698622302,token,Lending;Yield
5692,COMP,2025-06-30,412310455.97526544,2589689575.0,2390310283.4166665,12.0,-0.32763199500848716,3.0,False,1.344142475001842,0.44324274250055257,949133666.7474837,0.4344071550935305,0.15921230867034147,token,Lending;Yield
5692,COMP,2025-07-31,423416309.8765265,2900133346.0,2449206947.75,12.0,-0.3073168315079182,3.0,False,1.3377336288090744,0.4413200886427223,1027783954.1203592,0.41197015012645555,0.14599891086405462,token,Lending;Yield
5692,COMP,2025-08-31,401868591.0427055,2738082181.0,2514419577.6666665,12.0,-0.2791581382718,3.0,False,1.3371994025353984,0.4411598207606195,1141232521.4194114,0.352135593317022,0.14677009836714813,token,Lending;Yield
5692,COMP,2025-09-30,402843793.8951513,2838176927.0,2579488384.5,12.0,-0.24928742701590623,3.0,False,1.3861088391481213,0.4558326517444364,1283981106.663696,0.3137458890979346,0.14193751984340308,token,Lending;Yield
5692,COMP,2025-10-31,337047262.2186536,2551151364.0,2613170219.4166665,12.0,-0.2138717347972695,3.0,False,1.3908802563787235,0.45726407691361703,1435983594.626544,0.23471525961709155,0.13211574466917975,token,Lending;Yield
5692,COMP,2025-11-30,350030161.6695446,2044634855.0,2553049226.6666665,12.0,-0.17437470059443227,3.0,False,1.3123655211607919,0.43370965634823755,1550976904.8858833,0.225683671089415,0.17119446086599388,token,Lending;Yield
5692,COMP,2025-12-31,246865080.4079201,1900179001.0,2486111156.3333335,12.0,-0.14065775513827716,3.0,False,1.3245759059006603,0.43737277177019807,1667448229.8514235,0.14804962216423162,0.1299167500945981,token,Lending;Yield
5692,COMP,2026-01-31,196566357.4675388,1725230033.0,2387695186.0,12.0,-0.12175808092042772,3.0,False,1.2178477055761137,0.4053543116728341,1677905179.2294004,0.11714986037400185,0.11393631788668196,token,Lending;Yield
5692,COMP,2026-02-28,180736695.0981386,1414509576.0,2309661574.3333335,12.0,-0.09590265136617815,3.0,False,1.177556182097722,0.3932668546293166,1754284537.5280392,0.10302587250345062,0.12777339804883625,token,Lending;Yield
5692,COMP,2026-03-31,175676858.74996307,1381130543.0,2247836644.5,12.0,-0.060618980184682925,3.0,False,1.2770449240314918,0.42311347720944753,1913245458.7023351,0.09182139069030718,0.127197866733415,token,Lending;Yield
5692,COMP,2026-04-30,235121941.56698543,1440253199.0,2173749204.0,12.0,-0.029856478014229304,3.0,False,1.3055258042560218,0.4316577412768065,2037606422.496632,0.11539124483073426,0.16325042133580112,token,Lending;Yield
5692,COMP,2026-05-31,184375581.64712384,1309240028.0,2069367552.3333333,12.0,-0.016961265931396685,3.0,False,1.3180093384076719,0.43540280152230154,2019910388.532493,0.09127908975262836,0.14082641662642767,token,Lending;Yield
5728,BAL,2020-08-31,235754105.20221904,659046749.0,151950776.57142857,7.0,,,False,,,,,0.3577198515278907,token,Dexs;DEX;Yield
5728,BAL,2020-09-30,106467380.43046068,489153726.0,194101145.25,8.0,,,False,,,,,0.21765628016592206,token,Dexs;DEX;Yield
5728,BAL,2020-10-31,69353606.523638,314544112.0,207483697.1111111,9.0,,,False,,,,,0.22048928553346436,token,Dexs;DEX;Yield
5728,BAL,2020-12-31,95269688.53742445,577939616.0,262542481.36363637,11.0,,,False,,,,,0.16484367207217795,token,Dexs;DEX;Yield
5728,BAL,2021-01-31,184838283.84150252,863364922.0,312611018.0833333,12.0,,,False,,,,,0.21409056487182893,token,Dexs;DEX;Yield
5728,BAL,2021-02-28,238281822.1292564,1261314541.0,417720552.6666667,12.0,,,False,,,,,0.18891546429040684,token,Dexs;DEX;Yield
5728,BAL,2021-03-31,393084662.24459904,2017671390.0,585852881.8333334,12.0,,,False,,,,,0.19482095260546814,token,Dexs;DEX;Yield
5728,BAL,2021-04-30,428889239.6559362,2425310230.0,787741290.5833334,12.0,,,False,,,,,0.1768389191414643,token,Dexs;DEX;Yield
5728,BAL,2021-05-31,214113632.2129824,1423445261.0,905675782.1666666,12.0,,,False,,,,,0.15041929470653695,token,Dexs;DEX;Yield
5728,BAL,2021-06-30,154268744.440594,1220415951.0,998834900.8333334,12.0,,,False,,,,,0.12640669299199778,token,Dexs;DEX;Yield
5728,BAL,2021-07-31,150600801.45837754,1972041141.0,1138910170.3333333,12.0,2.0,1.0,True,,,,,0.07636798154322964,token,Dexs;DEX;Yield
5728,BAL,2021-08-31,193047569.0879928,2432957059.0,1286736029.5,12.0,2.0,1.0,True,,,,,0.07934688710344098,token,Dexs;DEX;Yield
5728,BAL,2021-09-30,137324666.9238771,2050600591.0,1416856601.5833333,12.0,2.0,1.0,True,1.3359759601731815,0.44079278805195443,4351012569741.6763,3.156154222097092e-05,0.06696802269861293,token,Dexs;DEX;Yield
5728,BAL,2021-10-31,171144262.84145588,2914979939.0,1633559587.1666667,12.0,2.0,1.0,True,1.2564973185177484,0.4169491955553245,5794020346087.478,2.953808454556503e-05,0.05871198650518599,token,Dexs;DEX;Yield
5728,BAL,2021-11-30,146677406.03633124,2753210889.0,1826104294.1666667,12.0,2.0,1.0,True,1.2426688532149073,0.41280065596447213,6644242570905.7705,2.2075865604096326e-05,0.05327503484108559,token,Dexs;DEX;Yield
5728,BAL,2021-12-31,121731960.46160474,2412563670.0,1978989632.0,12.0,2.0,1.0,True,1.1877865704891268,0.396335971146738,7977995039681.734,1.5258465298125955e-05,0.050457512054637194,token,Dexs;DEX;Yield
5728,BAL,2022-01-31,84596040.41031854,1954406869.0,2069909794.25,12.0,2.0,1.0,True,1.1973907858082227,0.39921723574246676,8194848717889.23,1.0323075302860279e-05,0.04328476416663604,token,Dexs;DEX;Yield
5728,BAL,2022-02-28,90814431.78170484,1741905702.0,2109959057.6666667,12.0,2.0,1.0,True,1.1931626923460885,0.3979488077038265,8420162433042.367,1.0785353905446196e-05,0.052135102191487544,token,Dexs;DEX;Yield
5728,BAL,2022-03-31,108160265.67797986,2149654120.0,2120957618.5,12.0,2.0,1.0,True,1.1825333233704065,0.3947599970111219,8635636537116.476,1.2524874711099831e-05,0.050315194743040734,token,Dexs;DEX;Yield
5728,BAL,2022-04-30,84303547.80646782,2203828646.0,2102500819.8333333,12.0,1.669024519809546,1.0,False,1.1701882367008756,0.39105647101026264,2850543576126.224,2.95745515039742e-05,0.03825322261759357,token,Dexs;DEX;Yield
5728,BAL,2022-05-31,51783093.74347531,1053013060.0,2071631469.75,12.0,1.2873875072534169,1.0,False,1.2019595016086115,0.40058785048258344,619484421678.8063,8.359063106565753e-05,0.049176117287163854,token,Dexs;DEX;Yield
5728,BAL,2022-06-30,185164047.2777876,528290793.0,2013954373.25,12.0,1.0163035668554903,1.0,False,1.1586505806122447,0.3875951741836734,204661261183.649,0.000904734223794478,0.35049644955252435,token,Dexs;DEX;Yield
5728,BAL,2022-07-31,259314770.18714577,822049712.0,1918121754.1666667,12.0,2.0,2.0,True,1.183115583580219,0.39493467507406566,7801177314183.219,3.32404661172986e-05,0.31544901287812355,token,Dexs;DEX;Yield
5728,BAL,2022-08-31,309555926.5813755,898774660.0,1790273220.9166667,12.0,2.0,2.0,True,1.1255137344389117,0.37765412033167345,8129679972792.062,3.807725859042166e-05,0.344419953474629,token,Dexs;DEX;Yield
5728,BAL,2022-09-30,234129825.1794681,853803439.0,1690540124.9166667,12.0,1.9512003428273732,2.0,False,1.1330476565577718,0.37991429696733153,6456613577050.613,3.6262016053068305e-05,0.27421981979094384,token,Dexs;DEX;Yield
5728,BAL,2022-10-31,307120713.1499207,1089687319.0,1538432406.5833333,12.0,1.7229973632473161,2.0,False,1.1361389755668898,0.3808416926700669,2692317357131.984,0.00011407299824307632,0.2818429725618572,token,Dexs;DEX;Yield
5728,BAL,2022-11-30,281671346.4864157,845545792.0,1379460315.1666667,12.0,1.4436894488904404,2.0,False,1.1170066339311522,0.37510199017934565,892582392201.8466,0.0003155690151937471,0.3331237044183832,token,Dexs;DEX;Yield
5728,BAL,2022-12-31,239281802.9796393,873819584.0,1251231641.3333333,12.0,1.1830770617195134,2.0,False,1.1200662086740658,0.3760198626022197,280311742345.4193,0.0008536274683947413,0.2738343330373782,token,Dexs;DEX;Yield
5728,BAL,2023-01-31,313145332.43623227,1093805241.0,1179514839.0,12.0,0.9424487274663322,2.0,False,1.0901742195230322,0.36705226585690964,96169716179.61713,0.0032561740314525586,0.28628984457044876,token,Dexs;DEX;Yield
5728,BAL,2023-02-28,335208194.60723865,1255211882.0,1138957020.6666667,12.0,0.6512420740940008,2.0,False,1.0864409373473862,0.36593228120421584,23209311190.876698,0.014442832527447215,0.26705307638829273,token,Dexs;DEX;Yield
5728,BAL,2023-03-31,344118639.10342544,1359668166.0,1073124857.8333334,12.0,0.353414553442271,2.0,False,1.0544558048568164,0.3563367414570449,5207228819.597555,0.06608479308770245,0.25309016398889894,token,Dexs;DEX;Yield
5728,BAL,2023-04-30,297249750.0955776,1225822835.0,991624373.5833334,12.0,0.12197141247983034,2.0,False,1.054473152837579,0.35634194585127366,1685098400.894758,0.17639904585853453,0.2424899762089826,token,Dexs;DEX;Yield
5728,BAL,2023-05-31,259254405.6607216,1071325925.0,993150445.6666666,12.0,0.04717952842622597,2.0,False,1.0551862938390284,0.35655588815170847,1251782550.8465474,0.2071081798395374,0.24199396244492224,token,Dexs;DEX;Yield
5728,BAL,2023-06-30,244524773.8736089,1032466213.0,1035165064.0,12.0,0.01802384097015275,2.0,False,1.0454527523131185,0.35363582569393553,1170237560.2483804,0.20895310677065349,0.23683561824565866,token,Dexs;DEX;Yield
5728,BAL,2023-07-31,224274693.6998925,1000932517.0,1050071964.4166666,12.0,1.4971523371168014,3.0,False,1.0448288964109091,0.3534486689232727,956252239165.6776,0.0002345350782086224,0.2240657485802237,token,Dexs;DEX;Yield
5728,BAL,2023-08-31,178537230.49361777,712957649.0,1034587213.5,12.0,0.8953440703480036,3.0,False,1.0492657701669348,0.3547797310500804,72592909618.41615,0.00245943069966608,0.2504177222083745,token,Dexs;DEX;Yield
5728,BAL,2023-09-30,174264640.34039745,718272699.0,1023292985.1666666,12.0,0.7404329616897654,3.0,False,1.048285973410457,0.35448579202313707,34208080854.324215,0.005094253637978314,0.2426162661939034,token,Dexs;DEX;Yield
5728,BAL,2023-10-31,180426255.1566161,808080526.0,999825752.4166666,12.0,0.6890666235215157,3.0,False,0.9781939899427967,0.33345819698283896,28915239839.325703,0.006239832564391539,0.22327756869692972,token,Dexs;DEX;Yield
5728,BAL,2023-11-30,196907753.5518084,835083106.0,998953861.9166666,12.0,0.6292063051448944,3.0,False,1.0752576507801281,0.3625772952340384,18544887252.05811,0.010617899741070445,0.23579420076522106,token,Dexs;DEX;Yield
5728,BAL,2023-12-31,230856185.05814067,942548546.0,1004681275.4166666,12.0,0.5641422273632559,3.0,False,1.115430179647016,0.3746290538941048,12821023896.24439,0.018006064642447504,0.24492763374136134,token,Dexs;DEX;Yield
5728,BAL,2024-01-31,197723614.67541915,946735255.0,992425443.25,12.0,0.46970849030655804,3.0,False,1.040365615363252,0.3521096846089755,8686226495.63458,0.022762889590179202,0.20884784170778467,token,Dexs;DEX;Yield
5728,BAL,2024-02-29,275629727.8115697,1307861837.0,996812939.5,12.0,0.33631632608121165,3.0,False,1.043999029292697,0.3531997087878091,4495971727.366845,0.06130592995810445,0.21074835277999604,token,Dexs;DEX;Yield
5728,BAL,2024-03-31,292484513.18710685,1254490152.0,988048105.0,12.0,0.190318471255702,3.0,False,0.9469333405450842,0.3240800021635252,2398581862.584842,0.12194060071475302,0.23315010701423733,token,Dexs;DEX;Yield
5728,BAL,2024-04-30,198073431.92530444,1088517119.0,976605962.0,12.0,0.07426622163199292,3.0,False,0.9703980724410581,0.3311194217323174,1403994295.6375074,0.14107851615975822,0.1819662993516085,token,Dexs;DEX;Yield
5728,BAL,2024-05-31,230018491.1101952,1133282957.0,981769048.0,12.0,0.027256411205363484,3.0,False,0.9442245078391244,0.32326735235173726,1173749615.305974,0.19596895974294634,0.20296651395790397,token,Dexs;DEX;Yield
5728,BAL,2024-06-30,173986458.84164333,914137187.0,971908295.8333334,12.0,-0.009067984378711591,3.0,False,0.9421431291874391,0.32264293875623173,1007563751.8014275,0.17268034755177744,0.1903286085676365,token,Dexs;DEX;Yield
5728,BAL,2024-07-31,138369553.32571384,825802444.0,957314123.0833334,12.0,-0.056254272995827415,3.0,False,0.961431958262748,0.32842958747882434,830121267.909696,0.16668595140820588,0.16755769413261004,token,Dexs;DEX;Yield
5728,BAL,2024-08-31,109915883.39241686,717367174.0,957681583.5,12.0,-0.0937586142939606,3.0,False,0.9474223435822704,0.3242267030746811,726341329.495312,0.15132814136955466,0.15322123366689883,token,Dexs;DEX;Yield
5728,BAL,2024-09-30,130878374.60446198,781423950.0,962944187.75,12.0,-0.12079178085374587,3.0,False,0.941942783307949,0.32258283499238466,664605903.8838359,0.19692628945911042,0.16748702750211583,token,Dexs;DEX;Yield
5728,BAL,2024-10-31,112315032.95347533,786489863.0,961144965.8333334,12.0,-0.16205025797760075,3.0,False,0.9479424399535377,0.32438273198606127,577567852.2389311,0.1944620576060253,0.14280544255848257,token,Dexs;DEX;Yield
5728,BAL,2024-11-30,178618914.71389082,1000614546.0,974939252.5,12.0,-0.18875756592445225,3.0,False,1.0415831920859229,0.35247495762577685,545213397.2338455,0.32761284961103043,0.17850921259132968,token,Dexs;DEX;Yield
5728,BAL,2024-12-31,153611306.47761557,1069230983.0,985496122.25,12.0,-0.20737007089103443,3.0,False,1.0618133454110945,0.35854400362332833,522078994.67147493,0.29423000742306726,0.1436652219398094,token,Dexs;DEX;Yield
5728,BAL,2025-01-31,153882623.92440122,1045037180.0,993687949.3333334,12.0,-0.2169919965460716,3.0,False,1.0450288370161134,0.353508651104834,509486796.6075636,0.3020345668406606,0.147250860418575,token,Dexs;DEX;Yield
5728,BAL,2025-02-28,106966711.7519534,765365499.0,948479921.1666666,12.0,-0.23396013491722623,3.0,False,1.0583919630859404,0.3575175889257821,463013505.27850246,0.23102287629302076,0.13975899343740003,token,Dexs;DEX;Yield
5728,BAL,2025-03-31,82805091.78170013,649091813.0,898030059.5833334,12.0,-0.24909275508723316,3.0,False,1.0613660881415774,0.3584098264424732,419056764.17437947,0.19759874761797896,0.12757069203967936,token,Dexs;DEX;Yield
5728,BAL,2025-04-30,59149861.60163389,654818663.0,861888521.5833334,12.0,-0.2571434203236308,3.0,False,1.030724205661476,0.3492172616984428,389781150.2513697,0.15175146762096672,0.09033014015001263,token,Dexs;DEX;Yield
5728,BAL,2025-05-31,66889065.97786319,778880534.0,832354986.3333334,12.0,-0.26209798666803474,3.0,False,1.0062610856706358,0.3418783257011907,368634999.4723605,0.18145066549189234,0.08587846666850091,token,Dexs;DEX;Yield
5728,BAL,2025-06-30,62754635.59958581,762697277.0,819734993.8333334,12.0,-0.2589037495570695,3.0,False,1.0361105183157098,0.3508331554947129,369214706.01301503,0.16996786579073497,0.0822798736694399,token,Dexs;DEX;Yield
5728,BAL,2025-07-31,85542314.13657168,886726002.0,824811957.0,12.0,-0.24520978900646628,3.0,False,1.0051080318636203,0.34153240955908604,384558048.701849,0.22244317711028677,0.09646983842092371,token,Dexs;DEX;Yield
5728,BAL,2025-08-31,84703112.80838028,949801691.0,844181500.0833334,12.0,-0.2216549430519127,3.0,False,1.081739442240972,0.3645218326722916,429775510.42055655,0.19708687618215867,0.08917978732929027,token,Dexs;DEX;Yield
5728,BAL,2025-09-30,75254259.77856651,962542714.0,859274730.4166666,12.0,-0.20194004562701662,3.0,False,1.0665624108196214,0.3599687232458864,463259530.2146729,0.16244514115811914,0.07818277431640973,token,Dexs;DEX;Yield
5728,BAL,2025-10-31,66727719.48178604,779100898.0,858658983.3333334,12.0,-0.17665705956072986,3.0,False,1.0668164287846063,0.36004492863538184,500632196.98014295,0.1332869117973104,0.0856470832636443,token,Dexs;DEX;Yield
5728,BAL,2025-11-30,47123910.09318305,255557155.0,796570867.4166666,12.0,-0.16726835389854722,3.0,False,1.1211166856550197,0.37633500569650585,481816482.65583014,0.09780468661725812,0.18439675497711283,token,Dexs;DEX;Yield
5728,BAL,2025-12-31,41126568.57402132,248515324.0,728177895.8333334,12.0,-0.1651023132711159,3.0,False,1.1178565885079697,0.37535697655239086,443202934.57460445,0.0927939897633924,0.16548906486757056,token,Dexs;DEX;Yield
5728,BAL,2026-01-31,28671645.27756761,258647615.0,662645432.0833334,12.0,-0.17486324428017974,3.0,False,1.1602986559812178,0.38808959679436533,393761288.06360626,0.072814789433887,0.1108521541076944,token,Dexs;DEX;Yield
5794,PNT,2021-09-30,29407287.11189918,175931126.0,,1.0,,,False,1.253962425593586,0.41618872767807574,,,0.1671522702122601,token,Bridge;NFT
5794,PNT,2021-10-31,44009777.10073707,235182788.0,,2.0,,,False,1.1620579552169963,0.38861738656509887,,,0.1871300934689875,token,Bridge;NFT
5794,PNT,2021-11-30,51117639.69456126,239443957.0,,3.0,,,False,1.10625721272904,0.37187716381871194,,,0.21348477670940452,token,Bridge;NFT
5794,PNT,2021-12-31,39092828.48894484,160624196.0,,4.0,,,False,1.134923473189295,0.38047704195678844,,,0.24338069520326092,token,Bridge;NFT
5794,PNT,2022-01-31,26149303.09633248,120084866.0,,5.0,,,False,1.185652989735987,0.3956958969207961,,,0.2177568578569466,token,Bridge;NFT
5794,PNT,2022-02-28,28157636.51596583,132603610.0,177311757.16666666,6.0,,,False,1.1755977988992885,0.3926793396697865,,,0.2123444189488192,token,Bridge;NFT
5794,PNT,2022-03-31,30174495.95427513,145803604.0,172810592.42857143,7.0,,,False,1.1718006810475985,0.3915402043142795,,,0.20695301848831618,token,Bridge;NFT
5794,PNT,2022-04-30,21660709.57157212,90500138.0,162521785.625,8.0,,,False,1.2092636824471659,0.40277910473414974,,,0.2393444921771514,token,Bridge;NFT
5794,PNT,2022-05-31,13684152.25289475,87247536.0,154157980.1111111,9.0,,,False,1.2485809848166851,0.4145742954450055,,,0.15684285058657416,token,Bridge;NFT
5794,PNT,2022-06-30,10991943.30853892,60968015.0,144838983.6,10.0,,,False,1.1620207626922088,0.3886062288076626,,,0.18029032614132048,token,Bridge;NFT
5794,PNT,2022-07-31,18788106.41546432,65561624.0,137631950.9090909,11.0,,,False,1.2224636414406447,0.40673909243219336,,,0.28657170565915696,token,Bridge;NFT
5794,PNT,2022-08-31,14024267.02657352,64726082.0,131556461.83333333,12.0,,,False,1.2364663657496875,0.41093990972490624,,,0.2166710326537843,token,Bridge;NFT
5794,PNT,2022-09-30,15672129.99900626,57928192.0,121722884.0,12.0,,,False,1.2321866283995728,0.40965598851987184,,,0.27054409015572695,token,Bridge;NFT
5794,PNT,2022-10-31,13486915.07717546,57297424.0,106899103.66666667,12.0,,,False,1.2287204144060075,0.4086161243218022,,,0.2353843181008532,token,Bridge;NFT
5794,PNT,2022-11-30,10444378.81252804,57858267.0,91766962.83333333,12.0,,,False,1.2427203627946435,0.41281610883839304,,,0.18051662025286794,token,Bridge;NFT
5794,PNT,2022-12-31,8716837.43963761,23110005.0,80307446.91666667,12.0,,,False,1.2478162537024424,0.4143448761107327,,,0.3771889032320681,token,Bridge;NFT
5794,PNT,2023-01-31,11528586.56140972,35698938.0,73275286.25,12.0,,,False,1.1926907625003835,0.39780722875011504,,,0.32293920232052054,token,Bridge;NFT
5794,PNT,2023-02-28,15521048.31229488,35507960.0,65183982.083333336,12.0,-0.5,1.0,True,1.1827806267878074,0.3948341880363422,14918004.148484752,1.0404239171545866,0.43711461633658705,token,Bridge;NFT
5794,PNT,2023-03-31,15593368.27956524,34890780.0,55941246.75,12.0,-0.5,1.0,True,1.135742187483676,0.38072265624510276,12593343.366527073,1.238223069579139,0.4469194520605512,token,Bridge;NFT
5794,PNT,2023-10-31,9446804.89440529,20395372.0,34576887.0,6.0,-0.5,1.0,True,1.0352119681763667,0.35056359045290997,7498429.710969497,1.2598377605094442,0.4631837504314847,token,Bridge;NFT
5794,PNT,2023-11-30,18349298.33533592,26483123.0,29347696.333333332,6.0,-0.5,1.0,True,1.1513022579041416,0.38539067737124244,6643255.549731488,2.762094307222244,0.692867617438318,token,Bridge;NFT
5794,PNT,2023-12-31,14875245.1049452,32819789.0,30965993.666666668,6.0,-0.5,1.0,True,1.3645505137251979,0.44936515411755934,7512909.368225523,1.979958013051153,0.4532401200064144,token,Bridge;NFT
5794,PNT,2024-01-31,12859174.15942288,31191073.0,30214682.833333332,6.0,-0.5,1.0,True,1.2072044863001823,0.40216134589005464,6972744.382449141,1.844205588805216,0.41227097764231707,token,Bridge;NFT
5794,PNT,2024-02-29,16849832.03646909,59831451.0,34268598.0,6.0,-0.5,2.0,True,1.2083170554188654,0.40249511662565957,7911250.339264239,2.129857015501314,0.2816216514031908,token,Bridge;NFT
5810,BZRX,2021-02-28,58529425.88669127,71211059.0,,1.0,,,False,,,,,0.8219148361027923,token,DEX;Smart Contract Platform
5810,BZRX,2021-03-31,134972474.0465564,154022991.0,,2.0,,,False,,,,,0.8763138098425606,token,DEX;Smart Contract Platform
5810,BZRX,2021-04-30,166714098.6674579,613488517.0,,3.0,,,False,,,,,0.2717477084700803,token,DEX;Smart Contract Platform
5810,BZRX,2021-05-31,74337261.2115631,136346994.0,,4.0,,,False,,,,,0.5452064547280235,token,DEX;Smart Contract Platform
5810,BZRX,2021-06-30,51505294.8137141,89872592.0,,5.0,,,False,,,,,0.5730923484849987,token,DEX;Smart Contract Platform
5810,BZRX,2021-07-31,68240292.36591889,105654476.0,195099438.16666666,6.0,,,False,,,,,0.6458816980543152,token,DEX;Smart Contract Platform
5810,BZRX,2021-08-31,111898227.35817698,134635391.0,186461717.14285713,7.0,,,False,1.2072862675358538,0.4021858802607561,,,0.8311204544886491,token,DEX;Smart Contract Platform
5810,BZRX,2021-09-30,82835591.04808632,88681133.0,174239144.125,8.0,,,False,1.328135527763773,0.43844065832913187,,,0.9340835896637261,token,DEX;Smart Contract Platform
5810,BZRX,2021-10-31,136710317.42800966,198373842.0,176920777.2222222,9.0,,,False,1.2697528281879984,0.42092584845639947,,,0.6891549614087207,token,DEX;Smart Contract Platform
5810,BZRX,2021-11-30,102731171.2658303,143929707.0,173621670.2,10.0,,,False,1.3555787787933322,0.4466736336379996,,,0.7137593302113113,token,DEX;Smart Contract Platform
5810,BZRX,2021-12-31,92226443.43625768,99994569.0,166928297.36363637,11.0,,,False,1.3565580459103552,0.44696741377310656,,,0.9223145252644439,token,DEX;Smart Contract Platform
5810,BZRX,2022-01-31,89748792.30111872,8276745.0,153707334.66666666,12.0,,,False,1.3400430749295027,0.44201292247885077,,,10.843488871666182,token,DEX;Smart Contract Platform
5810,BZRX,2022-02-28,95552538.458882,75879934.0,154096407.58333334,12.0,,,False,1.3240185257417258,0.43720555772251773,,,1.2592596411441528,token,DEX;Smart Contract Platform
5810,BZRX,2022-03-31,89521394.22196959,64246641.0,146615045.08333334,12.0,,,False,1.3272312706489446,0.43816938119468335,,,1.3934019402192497,token,DEX;Smart Contract Platform
5810,BZRX,2022-04-30,86094198.42944127,69927987.0,101318334.25,12.0,,,False,1.3058947417812563,0.43176842253437686,,,1.2311837094558618,token,DEX;Smart Contract Platform
5810,BZRX,2022-05-31,30874422.59028278,28185755.0,92304897.66666667,12.0,,,False,1.425974405092413,0.4677923215277239,,,1.0953910083403045,token,DEX;Smart Contract Platform
5810,BZRX,2022-06-30,23050209.93068339,18645867.0,86369337.25,12.0,,,False,1.3677623443007767,0.450328703290233,,,1.236210144086268,token,DEX;Smart Contract Platform
5810,BZRX,2022-07-31,25721496.83872001,29284499.0,80005172.5,12.0,-0.5,1.0,True,1.3385953068056862,0.4415785920417058,19258919.801110785,1.3355627991782013,0.8783314626185003,token,DEX;Smart Contract Platform
5810,BZRX,2022-08-31,39921515.39500248,36580586.0,71833938.75,12.0,-0.5,1.0,True,1.2398376654547383,0.41195129963642146,16758730.471599163,2.382132433161153,1.0913306690877635,token,DEX;Smart Contract Platform
5810,BZRX,2022-09-30,29744954.30865204,752556.0,64506557.333333336,12.0,-0.5,1.0,True,1.253782426521505,0.41613472795645146,15118152.93378372,1.9674992334667152,39.52523707026725,token,DEX;Smart Contract Platform
5829,SWAP,2022-06-30,20910703.65393795,131699505.0,,1.0,,,False,2.3813700889803977,0.7544110266941193,,,0.15877587128317566,token,Bridge;Dexs;Interface;Token Locker
5829,SWAP,2022-07-31,22252240.4624646,178891549.0,,2.0,,,False,2.3279956543086215,0.7383986962925865,,,0.12438955661602887,token,Bridge;Dexs;Interface;Token Locker
5829,SWAP,2022-08-31,20772437.35867422,156827837.0,,3.0,,,False,2.2946066166772745,0.7283819850031824,,,0.13245376430635986,token,Bridge;Dexs;Interface;Token Locker
5829,SWAP,2022-09-30,20134208.47071325,142599736.0,,4.0,,,False,2.290627296369986,0.7271881889109958,,,0.14119386918579743,token,Bridge;Dexs;Interface;Token Locker
5829,SWAP,2022-10-31,22717547.33827585,131442750.0,,5.0,,,False,2.285976277556879,0.7257928832670637,,,0.17283225844160938,token,Bridge;Dexs;Interface;Token Locker
5829,SWAP,2022-11-30,17837490.28087872,102329656.0,140631838.83333334,6.0,,,False,2.2668667480956017,0.7200600244286806,,,0.17431398656200622,token,Bridge;Dexs;Interface;Token Locker
5829,SWAP,2022-12-31,16817464.20312985,85106454.0,132699641.0,7.0,,,False,2.2647028408221006,0.7194108522466302,,,0.19760503948537028,token,Bridge;Dexs;Interface;Token Locker
5829,SWAP,2023-01-31,21534486.07503089,108061984.0,129619933.875,8.0,,,False,2.0907908082725157,0.6672372424817548,,,0.19927901818858784,token,Bridge;Dexs;Interface;Token Locker
5829,SWAP,2023-02-28,41741145.80354547,111997650.0,127661902.33333333,9.0,,,False,2.0648462803845167,0.659453884115355,,,0.37269662179113106,token,Bridge;Dexs;Interface;Token Locker
5829,SWAP,2023-03-31,33479718.18536157,112074891.0,126103201.2,10.0,,,False,1.9643836752006643,0.6293151025601993,,,0.2987263060140881,token,Bridge;Dexs;Interface;Token Locker
5829,SWAP,2023-04-30,27605152.78961747,110237012.0,124660820.36363636,11.0,,,False,1.9647530519668381,0.6294259155900515,,,0.25041637367327657,token,Bridge;Dexs;Interface;Token Locker
5829,SWAP,2023-05-31,21138716.40987408,106732100.0,123166760.33333333,12.0,,,False,1.9729276683615213,0.6318783005084564,,,0.19805397260874733,token,Bridge;Dexs;Interface;Token Locker
5829,SWAP,2023-06-30,16593257.40031368,90569727.0,119739278.83333333,12.0,,,False,1.9442855904011151,0.6232856771203346,,,0.18320975396462968,token,Bridge;Dexs;Interface;Token Locker
5829,SWAP,2023-07-31,11986113.92014161,94840256.0,112735004.41666667,12.0,,,False,1.9544128515340342,0.6263238554602103,,,0.12638213376545093,token,Bridge;Dexs;Interface;Token Locker
5829,SWAP,2023-08-31,10926854.89450692,89265653.0,107104822.41666667,12.0,,,False,1.940685609060294,0.6222056827180882,,,0.12240827829385754,token,Bridge;Dexs;Interface;Token Locker
5829,SWAP,2023-09-30,8731436.16988132,85824455.0,102373549.0,12.0,,,False,1.937796699984651,0.6213390099953953,,,0.10173599319542803,token,Bridge;Dexs;Interface;Token Locker
5829,SWAP,2023-10-31,9689755.10507076,93635283.0,99222926.75,12.0,,,False,1.8427298450492755,0.5928189535147826,,,0.10348401579638265,token,Bridge;Dexs;Interface;Token Locker
5829,SWAP,2023-11-30,12448581.73100154,108298251.0,99720309.66666667,12.0,-0.2909122820697243,1.0,False,2.0280588130563926,0.6484176439169178,49155879.68746215,0.2532470542720592,0.11494720935984035,token,Bridge;Dexs;Interface;Token Locker
5829,SWAP,2023-12-31,22882907.51784421,125621276.0,103096544.83333333,12.0,-0.22308346837702953,1.0,False,1.741326758368912,0.5623980275106736,58069670.23981534,0.3940595395727699,0.1821578975033195,token,Bridge;Dexs;Interface;Token Locker
5829,SWAP,2024-01-31,30529544.61497191,130978309.0,105006238.58333333,12.0,-0.18989128103863318,1.0,False,1.728810295884398,0.5586430887653194,64319664.58153289,0.4746533554488931,0.2330885537312282,token,Bridge;Dexs;Interface;Token Locker
5829,SWAP,2024-02-29,28749167.06140883,176129883.0,110350591.33333333,12.0,-0.135602796790534,1.0,False,0.8499647710518176,0.2949894313155452,71837760.31676386,0.40019575964842546,0.16322708317139362,token,Bridge;Dexs;Interface;Token Locker
5829,SWAP,2024-03-31,25430088.81041198,211038564.0,118597564.08333333,12.0,-0.05951979842892896,1.0,False,0.8363966595537757,0.2909189978661327,102398458.48887385,0.24834444957171983,0.12049972445041836,token,Bridge;Dexs;Interface;Token Locker
5829,SWAP,2024-04-30,15979125.96206563,212342398.0,127106346.25,12.0,0.019617437774194224,1.0,False,0.8631639777507234,0.29894919332521697,150298297.92119154,0.10631608064147363,0.07525169778889673,token,Bridge;Dexs;Interface;Token Locker
5829,SWAP,2024-05-31,22459499.79865344,216966615.0,136292555.83333334,12.0,0.10656930055216929,1.0,False,0.7694100265776737,0.27082300797330205,248539399.47877234,0.09036595342933423,0.10351592478249909,token,Bridge;Dexs;Interface;Token Locker
5829,SWAP,2024-07-31,12538142.08429715,154127748.0,145838948.63636363,11.0,0.29364388098434224,1.0,False,0.7845665198102781,0.27536995594308344,689561627.2523688,0.018182772342273022,0.08134902538313316,token,Bridge;Dexs;Interface;Token Locker
5829,SWAP,2024-08-31,11536001.43668493,116723314.0,148335099.63636363,11.0,0.3849525753312959,1.0,False,0.7486098088409657,0.2645829426522897,1213197784.6810532,0.009508755771193332,0.0988320245661028,token,Bridge;Dexs;Interface;Token Locker
5829,SWAP,2025-02-28,12037212.9584966,90891732.0,152959149.0,11.0,0.09460410749853287,2.0,False,0.6986725019551939,0.24960175058655817,275178060.03692853,0.04374336005160158,0.13243463067132002,token,Bridge;Dexs;Interface;Token Locker
5864,YFI,2020-07-31,129550480.80514172,202988946.0,38668856.333333336,6.0,,,False,,,,,0.6382144612206702,token,Indexes;Risk Curators;Yield Aggregator;Yield
5864,YFI,2020-08-31,1051757572.8144132,1437930217.0,238563336.42857143,7.0,,,False,,,,,0.7314385360151404,token,Indexes;Risk Curators;Yield Aggregator;Yield
5864,YFI,2020-09-30,714680033.6675912,1252561036.0,365313048.875,8.0,,,False,,,,,0.570575016407896,token,Indexes;Risk Curators;Yield Aggregator;Yield
5864,YFI,2020-10-31,314068236.7040097,585601127.0,389789502.0,9.0,,,False,,,,,0.5363176780635016,token,Indexes;Risk Curators;Yield Aggregator;Yield
5864,YFI,2020-12-31,681431945.1027373,540140111.0,436957122.54545456,11.0,,,False,,,,,1.2615836728754575,token,Indexes;Risk Curators;Yield Aggregator;Yield
5864,YFI,2021-01-31,904342176.710276,884126688.0,474221253.0,12.0,,,False,,,,,1.0228649230756803,token,Indexes;Risk Curators;Yield Aggregator;Yield
5864,YFI,2021-02-28,1124520897.5893283,1029285395.0,559447769.5833334,12.0,,,False,,,,,1.0925258466232568,token,Indexes;Risk Curators;Yield Aggregator;Yield
5864,YFI,2021-03-31,1323750114.4636793,1729930618.0,702800475.5,12.0,,,False,,,,,0.7652041652364576,token,Indexes;Risk Curators;Yield Aggregator;Yield
5864,YFI,2021-04-30,1791497597.429246,3057829952.0,957388309.6666666,12.0,,,False,,,,,0.585872211846673,token,Indexes;Risk Curators;Yield Aggregator;Yield
5864,YFI,2021-05-31,1722611740.0859427,3907146592.0,1282770592.8333333,12.0,,,False,,,,,0.4408874096541558,token,Indexes;Risk Curators;Yield Aggregator;Yield
5864,YFI,2021-06-30,1239916793.7151196,4078236735.0,1622005011.3333333,12.0,,,False,,,,,0.3040325695352552,token,Indexes;Risk Curators;Yield Aggregator;Yield
5864,YFI,2021-07-31,1215373773.785614,3727845615.0,1915743067.0833333,12.0,2.0,1.0,True,,,,,0.3260257798486148,token,Indexes;Risk Curators;Yield Aggregator;Yield
5864,YFI,2021-08-31,1407400468.4558806,4701077857.0,2187672037.0833335,12.0,2.0,1.0,True,0.38565408230159354,0.15569622469047806,60768252710472.44,2.316012729807085e-05,0.29937825138552704,token,Indexes;Risk Curators;Yield Aggregator;Yield
5864,YFI,2021-09-30,1068992771.6895046,4687917496.0,2473951742.0833335,12.0,2.0,1.0,True,0.5400845589614851,0.20202536768844553,42655032626390.97,2.5061351635870306e-05,0.22803148148439698,token,Indexes;Risk Curators;Yield Aggregator;Yield
5864,YFI,2021-10-31,1248554198.3768446,5877957683.0,2914981455.0833335,12.0,2.0,1.0,True,0.42115425666235284,0.16634627699870586,71919804936400.92,1.7360366862520664e-05,0.21241292736554815,token,Indexes;Risk Curators;Yield Aggregator;Yield
5864,YFI,2021-11-30,1085603928.7815695,5944342365.0,3347153092.25,12.0,2.0,1.0,True,0.5084678233562466,0.192540347006874,63167766238351.84,1.7186042714970234e-05,0.18262809611598968,token,Indexes;Risk Curators;Yield Aggregator;Yield
5864,YFI,2021-12-31,1207129219.4713297,4094159671.0,3643321388.9166665,12.0,2.0,1.0,True,0.5055763420666088,0.19167290261998265,69338605811300.305,1.74091937002085e-05,0.29484175422413067,token,Indexes;Risk Curators;Yield Aggregator;Yield
5864,YFI,2022-01-31,908855480.9187942,4040709017.0,3906369916.3333335,12.0,2.0,1.0,True,0.6132922521639149,0.2239876756491745,55230878664211.69,1.6455568024625892e-05,0.22492475382292398,token,Indexes;Risk Curators;Yield Aggregator;Yield
5864,YFI,2022-02-28,788865597.0078923,3393905263.0,4103421572.0,12.0,2.0,1.0,True,0.5918268580313055,0.21754805740939165,61404909596860.17,1.2846946639723243e-05,0.23243595088172392,token,Indexes;Risk Curators;Yield Aggregator;Yield
5864,YFI,2022-03-31,815949467.1508148,3001608221.0,4209394705.5833335,12.0,2.0,1.0,True,0.5942231059655096,0.2182669317896529,62589440976408.51,1.3036535467034545e-05,0.2718374308286567,token,Indexes;Risk Curators;Yield Aggregator;Yield
5864,YFI,2022-04-30,609266246.8277414,2338892564.0,4149483256.5833335,12.0,2.0,1.0,True,0.6725948908550758,0.24177846725652274,50423172726424.67,1.2083060503419104e-05,0.26049347293907654,token,Indexes;Risk Curators;Yield Aggregator;Yield
5864,YFI,2022-05-31,294995988.4108863,1194722269.0,3923447896.3333335,12.0,2.0,1.0,True,0.7929546826510959,0.2778864047953288,35772748444930.02,8.24638869627294e-06,0.24691595366160057,token,Indexes;Risk Curators;Yield Aggregator;Yield
5864,YFI,2022-06-30,197417131.1349918,547405696.0,3629211976.4166665,12.0,1.2374850577270124,1.0,False,0.8419441802164495,0.2925832540649348,1745001926837.2886,0.00011313290151650348,0.3606413535291233,token,Indexes;Risk Curators;Yield Aggregator;Yield
5864,YFI,2022-07-31,398920404.5053336,623510361.0,3370517371.9166665,12.0,2.0,2.0,True,0.9370859672964751,0.3211257901889425,22391873226589.668,1.7815410102966632e-05,0.6397975550326639,token,Indexes;Risk Curators;Yield Aggregator;Yield
5864,YFI,2022-08-31,330645551.7312064,509192752.0,3021193613.1666665,12.0,2.0,2.0,True,0.9591427365690017,0.3277428209707005,19163001466608.457,1.7254371780295302e-05,0.6493524317314053,token,Indexes;Risk Curators;Yield Aggregator;Yield
5864,YFI,2022-09-30,297206910.0488482,452539172.0,2668245419.5,12.0,1.7025907973041194,2.0,False,0.9670146869672511,0.33010440609017533,6053331700025.401,4.909807107507442e-05,0.6567539970856893,token,Indexes;Risk Curators;Yield Aggregator;Yield
5864,YFI,2022-10-31,297873792.3619321,454099428.0,2216257231.5833335,12.0,1.38448730006957,2.0,False,0.962651176532492,0.32879535295974754,1526905365907.194,0.00019508333588503282,0.6559660153589361,token,Indexes;Risk Curators;Yield Aggregator;Yield
5864,YFI,2022-11-30,247777519.0695658,371610982.0,1751862949.6666667,12.0,1.0263752727887883,2.0,False,0.9784567248879094,0.33353701746637276,254938594362.5985,0.000971910587681175,0.6667658682637259,token,Indexes;Risk Curators;Yield Aggregator;Yield
5864,YFI,2022-12-31,186433242.4327388,357569995.0,1440480476.6666667,12.0,0.8156589585104972,2.0,False,0.9918434772446779,0.33755304317340334,76128704440.92319,0.0024489217805803236,0.521389504264022,token,Indexes;Risk Curators;Yield Aggregator;Yield
5864,YFI,2023-01-31,264809815.0382822,430186693.0,1139603616.3333333,12.0,0.5501952524848441,2.0,False,0.9803434745413261,0.3341030423623978,16219392239.425377,0.016326740924027614,0.6155695174845452,token,Indexes;Risk Curators;Yield Aggregator;Yield
5864,YFI,2023-02-28,333348923.6386408,445147246.0,893873781.5833334,12.0,0.26403274965448986,2.0,False,0.9745365988229463,0.3323609796468839,3018559949.28833,0.11043309698627411,0.748850917609947,token,Indexes;Risk Curators;Yield Aggregator;Yield
5864,YFI,2023-03-31,289740733.90353864,426528050.0,679283767.3333334,12.0,-0.01687306462254856,2.0,False,0.9278814065840065,0.31836442197520193,684729381.4988128,0.4231463432594662,0.6793005381557875,token,Indexes;Risk Curators;Yield Aggregator;Yield
5864,YFI,2023-04-30,270192916.2509344,472930684.0,523786944.0,12.0,-0.2603380563595399,2.0,False,0.9284569416677496,0.31853708250032486,228772168.75741613,1.1810567593011707,0.5713161048584753,token,Indexes;Risk Curators;Yield Aggregator;Yield
5864,YFI,2023-05-31,214294493.84999144,453780814.0,462041822.75,12.0,-0.39984124402217913,2.0,False,0.9438449344831964,0.3231534803449589,132123437.53691554,1.6219264185441524,0.47224229680629787,token,Indexes;Risk Curators;Yield Aggregator;Yield
5864,YFI,2023-06-30,219010031.3604885,443601837.0,453391501.1666667,12.0,-0.47129844021707035,2.0,False,0.9344601918046065,0.3203380575413819,103469502.92329866,2.1166626413856395,0.4937085762349729,token,Indexes;Risk Curators;Yield Aggregator;Yield
5864,YFI,2023-07-31,221804654.03725764,414159664.0,435945609.75,12.0,1.2422824972352648,3.0,False,0.9341008535739735,0.320230256072192,177436125068.58127,0.0012500535274399583,0.5355534913637984,token,Indexes;Risk Curators;Yield Aggregator;Yield
5864,YFI,2023-08-31,182421644.58747643,378049746.0,425017025.9166667,12.0,0.21227423775620258,3.0,False,0.9468038018554888,0.3240411405566466,1144204693.7780726,0.1594309528526183,0.4825334404205007,token,Indexes;Risk Curators;Yield Aggregator;Yield
5864,YFI,2023-09-30,173909769.05283716,337606220.0,415439279.9166667,12.0,0.043792384255676886,3.0,False,0.9499902939121599,0.324997088173648,530215695.7207927,0.3279981533108304,0.5151260810681663,token,Indexes;Risk Curators;Yield Aggregator;Yield
5864,YFI,2023-10-31,188406230.8571368,341744285.0,406076351.3333333,12.0,0.013738296357274082,3.0,False,0.908027985840804,0.31240839575224116,463598556.17984444,0.40639952032992976,0.5513076271550138,token,Indexes;Risk Curators;Yield Aggregator;Yield
5864,YFI,2023-11-30,274382642.52040654,344068410.0,403781137.0,12.0,-0.01818751339493685,3.0,False,1.0522471280144934,0.355674138404348,399251373.7294654,0.6872428263861892,0.7974653718439497,token,Indexes;Risk Curators;Yield Aggregator;Yield
5864,YFI,2023-12-31,268301637.40451863,347627940.0,402952632.4166667,12.0,-0.02664396754255527,3.0,False,0.7957749017795227,0.2787324705338568,399134291.51765656,0.6722089359557064,0.7718068846955127,token,Indexes;Risk Curators;Yield Aggregator;Yield
5864,YFI,2024-01-31,236231884.054434,321537084.0,393898498.3333333,12.0,-0.059985750259457515,3.0,False,0.7751002732994314,0.2725300819898294,341519460.8277434,0.6917084124046018,0.7346956099609151,token,Indexes;Risk Curators;Yield Aggregator;Yield
5864,YFI,2024-02-29,287459242.3373247,366503725.0,387344871.5833333,12.0,-0.1153338275455763,3.0,False,0.8074472618192823,0.28223417854578464,270766245.55151033,1.0616509519191109,0.7843282966287033,token,Indexes;Risk Curators;Yield Aggregator;Yield
5864,YFI,2024-03-31,304457171.7412743,358499840.0,381675854.0833333,12.0,-0.18413015847501968,3.0,False,0.811569427290872,0.2834708281872616,208683492.3375892,1.4589422878200213,0.8492532988055846,token,Indexes;Risk Curators;Yield Aggregator;Yield
5864,YFI,2024-04-30,223454631.7365653,306582576.0,367813511.75,12.0,-0.2730355285582924,3.0,False,0.8409008199910735,0.292270245997322,150751041.84330255,1.482275870231359,0.728856266562798,token,Indexes;Risk Curators;Yield Aggregator;Yield
5864,YFI,2024-05-31,232662905.6772388,332247231.0,357685713.1666667,12.0,-0.3466926671685179,3.0,False,0.9391298905630519,0.32173896716891554,120114687.3744693,1.9370062959235734,0.7002704130203535,token,Indexes;Risk Curators;Yield Aggregator;Yield
5864,YFI,2024-06-30,212106698.7679324,276308518.0,343744603.25,12.0,-0.4037964390529517,3.0,False,0.9222703839840499,0.31668111519521497,96341754.26249604,2.201607188820947,0.7676444443451157,token,Indexes;Risk Curators;Yield Aggregator;Yield
5864,YFI,2024-07-31,186589955.2135136,283548914.0,332860374.0833333,12.0,-0.4419904759994575,3.0,False,0.9430446340629847,0.32291339021889537,83554759.64182557,2.233145735962491,0.6580520890780545,token,Indexes;Risk Curators;Yield Aggregator;Yield
5864,YFI,2024-08-31,173310451.41969076,224906769.0,320098459.3333333,12.0,-0.4730527738525142,3.0,False,0.9300760577951948,0.3190228173385584,72516544.29463091,2.3899436067380635,0.7705879738092309,token,Indexes;Risk Curators;Yield Aggregator;Yield
5864,YFI,2024-09-30,179298832.834911,219725523.0,310275067.9166667,12.0,-0.49944490628976645,3.0,False,0.9185625315177339,0.31556875945532015,64294043.17398554,2.78873164578734,0.8160127707827142,token,Indexes;Risk Curators;Yield Aggregator;Yield
5864,YFI,2024-10-31,158396281.12781093,209711931.0,299272371.75,12.0,-0.5,3.0,True,0.9617026387797889,0.32851079163393665,63028142.96130122,2.5131040466330252,0.7553040991635851,token,Indexes;Risk Curators;Yield Aggregator;Yield
5864,YFI,2024-11-30,270585322.101152,242994489.0,290849545.0,12.0,-0.5,3.0,True,1.0872982924783137,0.3661894877434941,64331014.99312332,4.20614103679347,1.1135450981406907,token,Indexes;Risk Curators;Yield Aggregator;Yield
5864,YFI,2024-12-31,268928523.562308,252915195.0,282956816.25,12.0,-0.5,3.0,True,1.1572026906344994,0.3871608071903498,64184302.335043915,4.1899423033141865,1.0633150118256358,token,Indexes;Risk Curators;Yield Aggregator;Yield
5864,YFI,2025-01-31,241467832.8733424,255296914.0,277436802.0833333,12.0,-0.5,3.0,True,1.1448310285164414,0.38344930855493237,62658104.698747344,3.8537366240854363,0.945831381547144,token,Indexes;Risk Curators;Yield Aggregator;Yield
5864,YFI,2025-02-28,188266854.2201668,197853481.0,263382615.08333334,12.0,-0.5,3.0,True,1.159893175215776,0.38796795256473277,59800602.250916615,3.1482434479542567,0.951546837935931,token,Indexes;Risk Curators;Yield Aggregator;Yield
5864,YFI,2025-03-31,161811267.86723644,238285634.0,253364764.58333334,12.0,-0.5,3.0,True,1.1635038866915874,0.3890511660074762,57598777.25130399,2.8092830367084423,0.6790643025808112,token,Indexes;Risk Curators;Yield Aggregator;Yield
5864,YFI,2025-04-30,188243934.72832185,209580402.0,245281250.08333334,12.0,-0.5,3.0,True,1.1648013414522034,0.38944040243566097,55786375.87141967,3.374371103837245,0.8981943584988535,token,Indexes;Risk Curators;Yield Aggregator;Yield
5864,YFI,2025-05-31,175942612.7356657,327021229.0,244845749.91666666,12.0,-0.5,3.0,True,1.0923446078220391,0.3677033823466117,54257020.22756958,3.242762171562531,0.5380158752191152,token,Indexes;Risk Curators;Yield Aggregator;Yield
5864,YFI,2025-06-30,173400056.69108877,440017231.0,258488142.66666666,12.0,-0.5,3.0,True,1.1500067403266359,0.3850020220979907,58485610.112752326,2.9648328256608245,0.3940756053962095,token,Indexes;Risk Curators;Yield Aggregator;Yield
5864,YFI,2025-07-31,176029353.17735443,606813365.0,285426846.9166667,12.0,-0.5,3.0,True,1.0112981981700422,0.3433894594510126,61323178.01302695,2.8705190905135463,0.29008812813039214,token,Indexes;Risk Curators;Yield Aggregator;Yield
5864,YFI,2025-08-31,177874297.1137598,730394954.0,327550862.3333333,12.0,-0.5,3.0,True,0.9964871541927782,0.3389461462578334,69961321.82199146,2.5424662153516837,0.2435316620680813,token,Indexes;Risk Curators;Yield Aggregator;Yield
5864,YFI,2025-09-30,182602353.95198083,758018414.0,372408603.25,12.0,-0.4812820092595421,3.0,False,0.9941103361517096,0.33823310084551284,84331977.71133502,2.1652801097232817,0.24089435108627957,token,Indexes;Risk Curators;Yield Aggregator;Yield
5864,YFI,2025-10-31,159761517.80648068,689515298.0,412392217.1666667,12.0,-0.42909554551903484,3.0,False,0.9987963445398446,0.33963890336195335,110000078.47091787,1.4523763985197418,0.23170119396898525,token,Indexes;Risk Curators;Yield Aggregator;Yield
5864,YFI,2025-11-30,140789210.2832214,610595695.0,443025651.0,12.0,-0.36762273460673267,3.0,False,0.9794860126394936,0.3338458037918481,141482569.87551826,0.9950993285398554,0.23057681447167983,token,Indexes;Risk Curators;Yield Aggregator;Yield
5864,YFI,2025-12-31,114407552.9670729,542037995.0,467119217.6666667,12.0,-0.3129735572771468,3.0,False,0.9749999743510639,0.3324999923053191,175758052.95798486,0.6509377581374445,0.21106924979875794,token,Indexes;Risk Curators;Yield Aggregator;Yield
5864,YFI,2026-01-31,100184392.6495493,527453315.0,489798917.75,12.0,-0.24533420271702888,3.0,False,0.9207008280864337,0.3162102484259301,223828886.35274494,0.4475936697985572,0.18993982936584503,token,Indexes;Risk Curators;Yield Aggregator;Yield
5864,YFI,2026-02-28,94164472.3434019,356253521.0,502998921.0833333,12.0,-0.17441153173417034,3.0,False,0.9092997508414604,0.3127899252524381,288553076.3384876,0.3263332816904094,0.26431871347989255,token,Indexes;Risk Curators;Yield Aggregator;Yield
5864,YFI,2026-03-31,88888541.23963974,317267058.0,509580706.4166667,12.0,-0.0913696339237724,3.0,False,0.9644545139182268,0.329336354175468,389871199.86931944,0.22799463327743677,0.2801694629123448,token,Indexes;Risk Curators;Yield Aggregator;Yield
5864,YFI,2026-04-30,94242689.6479724,225470656.0,510904894.25,12.0,-0.008266162583856485,3.0,False,0.9641863818507106,0.32925591455521314,529547907.71844923,0.1779682032056663,0.41798206170106855,token,Indexes;Risk Curators;Yield Aggregator;Yield
5864,YFI,2026-05-31,82141288.58620249,253022668.0,504738347.5,12.0,0.029899872420859896,3.0,False,0.9543516966729515,0.32630550900188543,608408561.3369756,0.13501008007792872,0.32464003812576386,token,Indexes;Risk Curators;Yield Aggregator;Yield
5906,NVT,2021-06-30,10223122.5878223,10592704.0,,1.0,,,False,,,,,0.9651098140590259,token,Dexs;DEX
5906,NVT,2021-07-31,8728046.37163575,10087426.0,,2.0,,,False,,,,,0.8652401882934011,token,Dexs;DEX
5906,NVT,2021-08-31,17206208.12289645,13795033.0,,3.0,,,False,,,,,1.247275604407503,token,Dexs;DEX
5906,NVT,2021-11-30,24045818.04525512,19148588.0,13305540.166666666,6.0,,,False,,,,,1.2557488857797305,token,Dexs;DEX
5906,NVT,2022-01-31,10069913.52748437,12340218.0,13541647.375,8.0,,,False,0.6090634454801439,0.22271903364404316,,,0.8160239573955963,token,Dexs;DEX
5906,NVT,2022-07-31,4167057.32323877,3157781.0,10557589.75,12.0,,,False,0.5318097692197736,0.1995429307659321,,,1.3196156805170371,token,Dexs;DEX
5906,NVT,2022-12-31,3063109.83506527,2253488.0,5346766.75,12.0,-0.5,1.0,True,0.5556130582261531,0.20668391746784595,923878.8735950219,3.315488558739325,1.359274970652282,token,Dexs;DEX
5957,YFII,2021-04-30,99935726.44618148,651247.0,,1.0,,,False,,,,,153.45287801123303,token,Yield Aggregator;Yield
5957,YFII,2021-05-31,73118515.56954184,429146.0,,2.0,,,False,,,,,170.38144493841685,token,Yield Aggregator;Yield
5957,YFII,2021-06-30,76129977.20101078,378230.0,,3.0,,,False,,,,,201.27958438254706,token,Yield Aggregator;Yield
5957,YFII,2021-07-31,135689377.5897842,291062.0,,4.0,,,False,,,,,466.18719582008026,token,Yield Aggregator;Yield
5957,YFII,2021-08-31,244325994.0884232,564976.0,,5.0,,,False,,,,,432.4537574842528,token,Yield Aggregator;Yield
5957,YFII,2021-09-30,155981050.8366612,1219174.0,588972.5,6.0,,,False,0.607764849597935,0.2223294548793805,,,127.93994199077505,token,Yield Aggregator;Yield
5957,YFII,2021-10-31,145497699.70984042,1072137.0,657996.0,7.0,,,False,0.4693587152343371,0.18080761457030112,,,135.7081228516882,token,Yield Aggregator;Yield
5957,YFII,2021-11-30,133932250.37726554,1050645.0,707077.125,8.0,,,False,0.48456674737986744,0.18537002421396023,,,127.47621734959529,token,Yield Aggregator;Yield
5957,YFII,2021-12-31,108461770.0695436,1026867.0,742609.3333333334,9.0,,,False,0.5253320303209114,0.19759960909627342,,,105.62397084485488,token,Yield Aggregator;Yield
5957,YFII,2022-01-31,90819606.58206426,1139675.0,782315.9,10.0,,,False,0.5464323380558124,0.2039297014167437,,,79.68903992986093,token,Yield Aggregator;Yield
5957,YFII,2022-02-28,79647654.0855244,295868.0,738093.3636363636,11.0,,,False,0.5356971106785883,0.20070913320357647,,,269.19996108238945,token,Yield Aggregator;Yield
5957,YFII,2022-03-31,86479937.0855459,317238.0,703022.0833333334,12.0,,,False,0.5313543702189426,0.1994063110656828,,,272.6027054941271,token,Yield Aggregator;Yield
5957,YFII,2022-04-30,60080470.94200403,141056.0,660506.1666666666,12.0,,,False,0.5849995875160586,0.2154998762548176,,,425.9334657299515,token,Yield Aggregator;Yield
5957,YFII,2022-05-31,20573655.24414442,113613.0,634211.75,12.0,,,False,0.7072485598981768,0.25217456796945303,,,181.08539730615706,token,Yield Aggregator;Yield
5957,YFII,2022-06-30,36345692.41514228,86232.0,609878.5833333334,12.0,,,False,0.3006472704508434,0.13019418113525302,,,421.48729491537114,token,Yield Aggregator;Yield
5957,YFII,2022-07-31,71548371.63372792,108736.0,594684.75,12.0,,,False,0.41147283150772695,0.16344184945231807,,,658.0007691447903,token,Yield Aggregator;Yield
5957,YFII,2022-08-31,38625215.12870496,96602.0,555653.5833333334,12.0,,,False,0.4776984781513553,0.1833095434454066,,,399.8386692688035,token,Yield Aggregator;Yield
5957,YFII,2022-09-30,35604134.36337427,92046.0,461726.25,12.0,-0.21604786301567558,1.0,False,0.48119280688052035,0.18435784206415612,212222.38451569286,167.7680440949975,386.80805644323783,token,Yield Aggregator;Yield
5957,YFII,2022-10-31,49805497.1149931,101777.0,380862.9166666667,12.0,-0.4211774590321724,1.0,False,0.4872270502038937,0.1861681150611681,82918.94206776173,600.6528288107177,489.35906064231705,token,Yield Aggregator;Yield
5957,YFII,2022-11-30,40114380.24729475,93419.0,301094.0833333333,12.0,-0.5,1.0,True,0.5093456841112951,0.19280370523338852,50635.95473170414,792.2113932647618,429.4028007931443,token,Yield Aggregator;Yield
5957,YFII,2022-12-31,44215054.49851621,92322.0,223215.33333333334,12.0,-0.5,1.0,True,0.503861565116893,0.19115846953506788,37415.868240689306,1181.7193233119435,478.9221907943525,token,Yield Aggregator;Yield
5957,YFII,2023-01-31,49991819.97163308,101678.0,136715.58333333334,12.0,-0.5,1.0,True,0.47920036129243476,0.18376010838773044,22576.75030341765,2214.30539381327,491.66801050013845,token,Yield Aggregator;Yield
5957,YFII,2023-02-28,49138219.26020566,102290.0,120584.08333333333,12.0,-0.5,1.0,True,0.47964312368613904,0.1838929371058417,19918.244338630953,2466.9955054674806,480.38145723145624,token,Yield Aggregator;Yield
5957,YFII,2023-03-31,42792680.63945951,98575.0,102362.16666666667,12.0,-0.5,1.0,True,0.44380666761123433,0.1731420002833703,16536.274105376357,2587.8066828576907,434.1129154396096,token,Yield Aggregator;Yield
5957,YFII,2023-04-30,40419430.62379581,100306.0,98966.33333333333,12.0,-0.5,1.0,True,0.44409806740207153,0.17322942022062146,15990.623320674558,2527.6957510178363,402.961244828782,token,Yield Aggregator;Yield
5957,YFII,2023-05-31,33392135.63111833,101264.0,97937.25,12.0,-0.5,1.0,True,0.45564771920930563,0.17669431576279168,15939.339591439075,2094.951013469407,329.753274916242,token,Yield Aggregator;Yield
5957,YFII,2023-06-30,30161200.5438301,100810.0,99152.08333333333,12.0,-0.5,1.0,True,0.44630908865021673,0.17389272659506502,16042.942423420573,1880.0292208116848,299.1885779568505,token,Yield Aggregator;Yield
5957,YFII,2023-07-31,29075694.67448629,102351.0,98620.0,12.0,-0.5,1.0,True,0.4470719339630851,0.17412158018892554,15964.503297034003,1821.2714879696994,284.0782666948666,token,Yield Aggregator;Yield
5957,YFII,2023-08-31,18337343.20472619,97970.0,98734.0,12.0,-0.5,1.0,True,0.47949428150153345,0.18384828445046003,16307.532502097238,1124.4707439563838,187.1730448578768,token,Yield Aggregator;Yield
5957,YFII,2023-09-30,17371023.79846261,100184.0,99412.16666666667,12.0,-0.5,2.0,True,0.4788158685118392,0.18364476055355178,16412.726763536757,1058.3874360873933,173.39119817997496,token,Yield Aggregator;Yield
5957,YFII,2023-10-31,23655251.5556696,104914.0,99673.58333333333,12.0,-0.5,2.0,True,0.5077166916240408,0.19231500748721223,16746.122208547236,1412.5808507235147,225.4727830000724,token,Yield Aggregator;Yield
5957,YFII,2023-11-30,41289038.21966586,115400.0,101505.33333333333,12.0,-0.5,2.0,True,0.6534959712573672,0.2360487913772102,18512.21297388549,2230.367502681112,357.7906258203281,token,Yield Aggregator;Yield
5957,YFII,2023-12-31,33148931.78628086,120772.0,103876.16666666667,12.0,-0.5,2.0,True,0.6604094986656419,0.23812284959969257,19013.843447564523,1743.4103671726032,274.475307076813,token,Yield Aggregator;Yield
5957,YFII,2024-01-31,97535303.75973985,139417.0,107021.08333333333,12.0,-0.5,2.0,True,0.63314811447333,0.229944434341999,19307.30776446588,5051.729891582741,699.594050651928,token,Yield Aggregator;Yield
5957,YFII,2024-02-29,25675405.9239683,147209.0,110764.33333333333,12.0,-0.5,2.0,True,0.35210325861448805,0.1456309775843464,16852.37680042987,1523.5480566345618,174.4146480444015,token,Yield Aggregator;Yield
5957,YFII,2024-03-31,22357337.60901741,158555.0,115762.66666666667,12.0,-0.5,2.0,True,0.31209010738950926,0.13362703221685276,17134.629540591814,1304.8042594707424,141.0068279714762,token,Yield Aggregator;Yield
5957,YFII,2024-04-30,17744663.77766227,160653.0,120791.58333333333,12.0,-0.5,2.0,True,0.3433200227426432,0.14299600682279295,18268.562984899974,971.3223635777626,110.45336083149564,token,Yield Aggregator;Yield
5957,YFII,2024-05-31,19265192.77357753,184958.0,127766.08333333333,12.0,-0.5,2.0,True,0.27511963297514896,0.12253588989254469,18423.127813927305,1045.706948795831,104.15982424970821,token,Yield Aggregator;Yield
5957,YFII,2024-06-30,15369643.48121592,184586.0,134747.41666666666,12.0,-0.5,2.0,True,0.2971328429337959,0.12913985288013877,19736.344360575775,778.7482423501622,83.26548861352389,token,Yield Aggregator;Yield
5957,YFII,2024-07-31,11886707.80209431,192037.0,142221.25,12.0,-0.5,2.0,True,0.1974159136126554,0.09922477408379662,19371.74222463951,613.6106739524565,61.89800820724293,token,Yield Aggregator;Yield
5957,YFII,2024-08-31,18586621.45116815,182065.0,149229.16666666666,12.0,-0.481767318971446,2.0,False,0.06666861684194605,0.06000058505258382,19922.671108414088,932.9382265071035,102.08783374711312,token,Yield Aggregator;Yield
5957,YFII,2024-09-30,14651227.04831649,196418.0,157248.66666666666,12.0,-0.35608187255751034,3.0,False,0.02263155392104682,0.05,39938.913385912805,366.8409029246211,74.59207938333803,token,Yield Aggregator;Yield
5957,YFII,2024-10-31,13138664.91538509,208211.0,165856.75,12.0,-0.3683110220275856,3.0,False,0.05094898892734945,0.055284696678204834,37965.68140591809,346.0668801097044,63.10264546726681,token,Yield Aggregator;Yield
6536,OM,2024-03-31,571985484.9739271,884473.0,716935.6666666666,12.0,-0.5,2.0,True,,,,,646.696377361352,token,Lending;Layer-1;RWA
6536,OM,2024-04-30,520202104.3617551,934074.0,694358.75,12.0,-0.5,2.0,True,,,,,556.9174437590117,token,Lending;Layer-1;RWA
6536,OM,2024-05-31,581217159.19052,879455.0,686004.1666666666,12.0,-0.5,2.0,True,,,,,660.8833416041981,token,Lending;Layer-1;RWA
6536,OM,2024-06-30,647615830.746069,769031.0,683245.9166666666,12.0,-0.5,2.0,True,,,,,842.1192783464762,token,Lending;Layer-1;RWA
6536,OM,2024-07-31,970632440.7315218,5173.0,611106.0833333334,12.0,-0.5,2.0,True,,,,,187634.33998289617,token,Lending;Layer-1;RWA
6536,OM,2024-08-31,765929035.7866917,14622.0,552852.0833333334,12.0,-0.5,2.0,True,,,,,52381.96113983666,token,Lending;Layer-1;RWA
6536,OM,2024-09-30,1032946389.7313446,13344.0,514873.0,12.0,-0.5,2.0,True,,,,,77409.05198826024,token,Lending;Layer-1;RWA
6536,OM,2025-04-30,466109766.4468588,13414.0,282506.5,6.0,-0.5,3.0,True,1.885651894020289,0.6056955682060867,78065.1330815125,5970.780398979985,34748.00704091686,token,Lending;Layer-1;RWA
6536,OM,2025-05-31,300191241.3115601,14256.0,138306.66666666666,6.0,-0.5,3.0,True,1.6688679972021803,0.5406603991606541,36412.384881960315,8244.207081867988,21057.18583835298,token,Lending;Layer-1;RWA
6536,OM,2025-06-30,204831849.8802595,11629.0,12073.0,6.0,-0.5,3.0,True,1.6813526987760534,0.544405809632816,3188.001589178661,64250.861911593725,17613.88338466416,token,Lending;Layer-1;RWA
6536,OM,2025-07-31,242797050.83729145,13104.0,13394.833333333334,6.0,-0.5,3.0,True,1.6675402247722957,0.5402620674316887,3525.369852369,68871.36981503804,18528.468470489275,token,Lending;Layer-1;RWA
6536,OM,2025-08-31,221091885.2231174,12762.0,13084.833333333334,6.0,-0.5,3.0,True,1.6803483350826343,0.5441045005247903,3454.359829012357,64003.72172181329,17324.23485528267,token,Lending;Layer-1;RWA
6536,OM,2025-09-30,178895942.7232025,6292.0,11909.5,6.0,-0.5,3.0,True,1.647435223817049,0.5342305671451147,3119.218863051547,57352.80228082095,28432.285874634854,token,Lending;Layer-1;RWA
6536,OM,2025-10-31,114560999.653313,9780.0,11605.285714285714,7.0,-0.5,3.0,True,1.7279907564956456,0.5583972269486936,3098.184141087218,36976.82075575764,11713.803645533026,token,Lending;Layer-1;RWA
6536,OM,2025-11-30,87869792.13455378,10424.0,11457.625,8.0,-0.5,3.0,True,1.702411644732857,0.5507234934198572,3040.610984255393,28898.72877180044,8429.565630713141,token,Lending;Layer-1;RWA
6536,OM,2025-12-31,79812455.34546629,10036.0,11299.666666666666,9.0,-0.5,3.0,True,1.7086585698971277,0.5525975709691383,3003.0837916086048,26576.832643991816,7952.6161165271305,token,Lending;Layer-1;RWA
6536,OM,2026-01-31,59737957.71279538,3289.0,10498.6,10.0,-0.5,3.0,True,1.740988952852938,0.5622966858558814,2811.1180320488356,21250.604575026107,18162.954610153658,token,Lending;Layer-1;RWA
6536,OM,2026-02-28,81304503.61425091,2450.0,9766.90909090909,11.0,-0.5,3.0,True,1.4698878273147067,0.480966348194412,2442.6399910136074,33285.50417309449,33185.511679286086,token,Lending;Layer-1;RWA
6538,CRV,2020-08-31,114110202.21518888,1304475468.0,238614971.85714287,7.0,,,False,,,,,0.08747592807562778,token,CDP;Dexs;Lending;DEX;Yield
6538,CRV,2020-09-30,97826416.4927339,1574349659.0,405581807.75,8.0,,,False,,,,,0.062137668041845014,token,CDP;Dexs;Lending;DEX;Yield
6538,CRV,2020-10-31,43523599.92765557,962660806.0,467479474.2222222,9.0,,,False,,,,,0.04521177101673294,token,CDP;Dexs;Lending;DEX;Yield
6538,CRV,2020-12-31,97578496.6664202,1401696075.0,637581289.9090909,11.0,,,False,,,,,0.0696145893584101,token,CDP;Dexs;Lending;DEX;Yield
6538,CRV,2021-01-31,517419325.1587691,2530194437.0,795299052.1666666,12.0,,,False,,,,,0.2044978510711859,token,CDP;Dexs;Lending;DEX;Yield
6538,CRV,2021-02-28,410091166.465278,3330932344.0,1072358351.5833334,12.0,,,False,,,,,0.12311603002203698,token,CDP;Dexs;Lending;DEX;Yield
6538,CRV,2021-03-31,816924544.5150447,3986499461.0,1403870636.0833333,12.0,,,False,,,,,0.20492277811825463,token,CDP;Dexs;Lending;DEX;Yield
6538,CRV,2021-04-30,912032979.0581487,5812206833.0,1887163096.9166667,12.0,,,False,,,,,0.1569168140885651,token,CDP;Dexs;Lending;DEX;Yield
6538,CRV,2021-05-31,709203092.3470066,8139501736.0,2564177492.3333335,12.0,,,False,,,,,0.08713102046655875,token,CDP;Dexs;Lending;DEX;Yield
6538,CRV,2021-06-30,685578317.5276324,9349440988.0,3339034178.1666665,12.0,,,False,,,,,0.07332826833257428,token,CDP;Dexs;Lending;DEX;Yield
6538,CRV,2021-07-31,651253212.0639921,9801794171.0,4133177902.0,12.0,2.0,1.0,True,,,,,0.06644224523616475,token,CDP;Dexs;Lending;DEX;Yield
6538,CRV,2021-08-31,952492976.2100054,12750026521.0,5086973823.083333,12.0,2.0,1.0,True,,,,,0.07470517607482594,token,CDP;Dexs;Lending;DEX;Yield
6538,CRV,2021-09-30,996568759.8436332,13680499254.0,6095819622.666667,12.0,2.0,1.0,True,1.092314845434384,0.36769445363031517,29532234100357.38,3.374511919609812e-05,0.07284593503064221,token,CDP;Dexs;Lending;DEX;Yield
6538,CRV,2021-10-31,1830237531.086524,19283974827.0,7622595791.083333,12.0,2.0,1.0,True,1.2536484510936392,0.4160945353280917,27178460413325.688,6.734147200586655e-05,0.09490976562176177,token,CDP;Dexs;Lending;DEX;Yield
6538,CRV,2021-11-30,2186217182.2745247,21071065035.0,9261485973.5,12.0,2.0,1.0,True,1.2151474848168604,0.40454424544505807,35466132132174.03,6.164239094714364e-05,0.10375446986866199,token,CDP;Dexs;Lending;DEX;Yield
6538,CRV,2021-12-31,2309215749.333689,23073479403.0,11067467917.5,12.0,2.0,1.0,True,1.1523169719513187,0.38569509158539556,47729721532444.91,4.838108573007218e-05,0.10008095047136438,token,CDP;Dexs;Lending;DEX;Yield
6538,CRV,2022-01-31,1507612671.9889212,17197457677.0,12289739854.166666,12.0,2.0,1.0,True,1.2502175236497852,0.4150652570949355,44097095166614.78,3.418848035891287e-05,0.08766485723091576,token,CDP;Dexs;Lending;DEX;Yield
6538,CRV,2022-02-28,1105262897.2347288,17548896388.0,13474570191.166666,12.0,2.0,1.0,True,1.220380953316932,0.4061142859950796,51098259800151.51,2.163014751495415e-05,0.06298190340849648,token,CDP;Dexs;Lending;DEX;Yield
6538,CRV,2022-03-31,1234596482.43329,21009165365.0,14893125683.166666,12.0,2.0,1.0,True,1.21825373648352,0.405476120945056,56702241425820.445,2.1773327674328815e-05,0.05876466108882427,token,CDP;Dexs;Lending;DEX;Yield
6538,CRV,2022-04-30,924801881.2629062,19528676972.0,16036164861.416666,12.0,2.0,1.0,True,1.2458150600326394,0.4137445180097918,58009039565643.92,1.5942375329561977e-05,0.0473560949668468,token,CDP;Dexs;Lending;DEX;Yield
6538,CRV,2022-05-31,633924398.3344811,8926109100.0,16101715475.083334,12.0,2.0,1.0,True,1.286356163572162,0.4259068490716486,54074928270307.984,1.1723074234433387e-05,0.07101911832272823,token,CDP;Dexs;Lending;DEX;Yield
6538,CRV,2022-06-30,366779516.86397725,4969954889.0,15736758300.166666,12.0,2.0,1.0,True,1.3206908572155664,0.4362072571646699,49668058903716.35,7.384615484470512e-06,0.07379936539781684,token,CDP;Dexs;Lending;DEX;Yield
6538,CRV,2022-07-31,687654732.9390385,6031359734.0,15422555430.416666,12.0,2.0,2.0,True,1.3980452170504072,0.4594135651151221,42437552454300.125,1.6203920659174576e-05,0.11401321812436242,token,CDP;Dexs;Lending;DEX;Yield
6538,CRV,2022-08-31,602861504.81133,5795410736.0,14843004115.0,12.0,2.0,2.0,True,1.398145465404192,0.45944363962125756,40835663519133.91,1.4763112751403047e-05,0.10402394796049015,token,CDP;Dexs;Lending;DEX;Yield
6538,CRV,2022-09-30,486904801.24552,6070207990.0,14208813176.333334,12.0,2.0,2.0,True,1.4080963236786772,0.46242889710360313,38417278296232.14,1.2674109745386994e-05,0.08021221052847648,token,CDP;Dexs;Lending;DEX;Yield
6538,CRV,2022-10-31,470320045.543745,5949137470.0,13097576729.916666,12.0,2.0,2.0,True,1.4023359909371906,0.46070079728115715,35770633315636.695,1.3148216901660232e-05,0.07905684612524931,token,CDP;Dexs;Lending;DEX;Yield
6538,CRV,2022-11-30,356536195.61682504,3657622721.0,11646456537.083334,12.0,2.0,2.0,True,1.4128094359588903,0.4638428307876671,31231716991254.68,1.141583716696268e-05,0.09747757568592189,token,CDP;Dexs;Lending;DEX;Yield
6538,CRV,2022-12-31,278987012.89325804,3611001670.0,10024583392.666666,12.0,2.0,2.0,True,1.4215719881770532,0.4664715964531159,26475978839434.59,1.0537363494101356e-05,0.07726028354156314,token,CDP;Dexs;Lending;DEX;Yield
6538,CRV,2023-01-31,717559486.11489,4739574205.0,8986426436.666666,12.0,2.0,2.0,True,1.513671260850367,0.4941013782551101,20275206188463.133,3.539098342305347e-05,0.1513974578893401,token,CDP;Dexs;Lending;DEX;Yield
6538,CRV,2023-02-28,725995901.5937674,4930628785.0,7934904136.416667,12.0,1.720200229562602,2.0,False,1.513824520454704,0.4941473561364112,7079441881131.266,0.0001025498780530643,0.14724205233263518,token,CDP;Dexs;Lending;DEX;Yield
6538,CRV,2023-03-31,759923321.8809679,4673833628.0,6573626491.666667,12.0,1.1639088692250983,2.0,False,1.450894026461025,0.4752682079383075,792106597036.3131,0.0009593700200506348,0.16259100823110598,token,CDP;Dexs;Lending;DEX;Yield
6538,CRV,2023-04-30,738486280.5462202,4359299673.0,5309511716.75,12.0,0.6773456782515106,2.0,False,1.4502792938487854,0.4750837881546356,77380030639.44846,0.009543628691324642,0.1694047980046313,token,CDP;Dexs;Lending;DEX;Yield
6538,CRV,2023-05-31,670113402.4423329,4246263003.0,4919524542.0,12.0,0.38512039449432534,2.0,False,1.4519602144746988,0.47558806434240963,20077693464.82331,0.03337601520893775,0.15781250524729518,token,CDP;Dexs;Lending;DEX;Yield
6538,CRV,2023-06-30,658883443.6085215,3804973774.0,4822442782.416667,12.0,0.20177484551972324,2.0,False,1.4350727629684183,0.47052182889052546,9708659318.552683,0.06786554373675813,0.17316372798960622,token,CDP;Dexs;Lending;DEX;Yield
6538,CRV,2023-07-31,505014518.86937153,1841766037.0,4473309974.333333,12.0,2.0,3.0,True,1.4462136479491354,0.4738640943847406,11321681922385.521,4.4605962464891704e-05,0.27420123334013435,token,CDP;Dexs;Lending;DEX;Yield
6538,CRV,2023-08-31,392833270.6247768,2393098757.0,4189783976.0833335,12.0,1.5991498203121477,3.0,False,1.4516479262731794,0.4754943778819538,2701577897635.39,0.00014540882606739266,0.16415255303430706,token,CDP;Dexs;Lending;DEX;Yield
6538,CRV,2023-09-30,453815224.06987846,2112252757.0,3859954373.3333335,12.0,1.1191802678661906,3.0,False,1.4507849323770163,0.47523547971310487,386542561748.9191,0.0011740368822946248,0.21484892021844262,token,CDP;Dexs;Lending;DEX;Yield
6538,CRV,2023-10-31,431087176.4109466,1853359624.0,3518639552.8333335,12.0,0.9597653635824586,3.0,False,1.3130325037663575,0.4339097511299072,218189771577.572,0.0019757442032872024,0.23259769492579957,token,CDP;Dexs;Lending;DEX;Yield
6538,CRV,2023-11-30,516589917.4194837,1976180978.0,3378519407.5833335,12.0,0.8191871210394857,3.0,False,1.4722321001246426,0.4816696300373927,90171075323.83441,0.005728998080196304,0.26140820257378455,token,CDP;Dexs;Lending;DEX;Yield
6538,CRV,2023-12-31,637846605.7456167,1852990610.0,3232018485.9166665,12.0,0.7178269981537395,3.0,False,1.543913851942654,0.5031741555827962,50743010596.29717,0.012570137212003769,0.3442254927269257,token,CDP;Dexs;Lending;DEX;Yield
6538,CRV,2024-01-31,498143495.0259794,2021301983.0,3005495800.75,12.0,0.5576213340186866,3.0,False,1.2885987098697407,0.42657961296092217,30344797274.525085,0.016416108847897244,0.24644684426947372,token,CDP;Dexs;Lending;DEX;Yield
6538,CRV,2024-02-29,679650075.7940514,2730334556.97166,2822137948.414305,12.0,0.3806367629225422,3.0,False,1.414370514976386,0.4643111544929158,11597942007.105326,0.05860092035101338,0.2489255663041831,token,CDP;Dexs;Lending;DEX;Yield
6538,CRV,2024-03-31,808543498.3864224,2674827443.88856,2655554099.738352,12.0,0.23673320430355305,3.0,False,1.3225896442673497,0.43677689328020486,6396021459.886658,0.12641350618619568,0.3022787508157885,token,CDP;Dexs;Lending;DEX;Yield
6538,CRV,2024-04-30,490549382.085663,2266227068.68454,2481131382.7120633,12.0,0.0955026745513683,3.0,False,1.3521780075667218,0.4456534022700165,3502358321.334985,0.14006259128240242,0.21646082551225046,token,CDP;Dexs;Lending;DEX;Yield
6538,CRV,2024-05-31,565854956.1622577,2427225025.82909,2329544884.614487,12.0,-0.031482067420293025,3.0,False,1.383004020487719,0.4549012061463157,2169050374.083423,0.2608768163816257,0.23312834621461323,token,CDP;Dexs;Lending;DEX;Yield
6538,CRV,2024-06-30,356459352.5361641,2173476723.7322702,2193586797.092177,12.0,-0.130683372823849,3.0,False,1.4095046933450066,0.46285140800350194,1526170881.9782596,0.2335645088930755,0.16400421897505119,token,CDP;Dexs;Lending;DEX;Yield
6538,CRV,2024-07-31,310410699.0508344,2216313003.39929,2224799044.2921176,12.0,-0.18654119664267554,3.0,False,1.4483677138814939,0.4745103141644481,1329442785.9212623,0.2334893252557157,0.14005724758855775,token,CDP;Dexs;Lending;DEX;Yield
6538,CRV,2024-08-31,330703895.5770241,1954513747.00858,2188250293.459499,12.0,-0.2451178359964813,3.0,False,1.4081355807505163,0.46244067422515484,1106122470.8885667,0.29897584063305765,0.16920008676489107,token,CDP;Dexs;Lending;DEX;Yield
6538,CRV,2024-09-30,333691042.1688341,1935604083.81275,2173529570.693895,12.0,-0.2908940189559802,3.0,False,1.4203609555713501,0.466108286671405,971177652.0804318,0.3435942347458364,0.17239633092296952,token,CDP;Dexs;Lending;DEX;Yield
6538,CRV,2024-10-31,306793466.69697905,1775583021.63301,2167048187.1633124,12.0,-0.3424604310688628,3.0,False,1.2480242298847428,0.4144072689654228,806108555.3361073,0.3805857966227159,0.1727846363471194,token,CDP;Dexs;Lending;DEX;Yield
6538,CRV,2024-11-30,852298184.7257022,1973998027.44689,2166866274.61722,12.0,-0.3838064534059684,3.0,False,1.6956515428972143,0.5486954628691643,795836676.020348,1.0709461003829266,0.4317624297872471,token,CDP;Dexs;Lending;DEX;Yield
6538,CRV,2024-12-31,1126951670.2465053,2443749910.82899,2216096216.352969,12.0,-0.4149673375031473,3.0,False,1.7587703897933402,0.5676311169380021,757499108.220817,1.4877267286735736,0.4611567105343488,token,CDP;Dexs;Lending;DEX;Yield
6538,CRV,2025-01-31,996884168.3428372,2320059351.61687,2240992663.7377086,12.0,-0.43293534114402954,3.0,False,1.7347775094141396,0.5604332528242418,725491016.4283173,1.3740820296447256,0.4296804595313908,token,CDP;Dexs;Lending;DEX;Yield
6538,CRV,2025-02-28,579908619.1316639,1862933141.03791,2168709212.409896,12.0,-0.4560460504741498,3.0,False,1.7866464724037174,0.5759939417211153,665473404.6579959,0.8714226820675035,0.3112879396243791,token,CDP;Dexs;Lending;DEX;Yield
6538,CRV,2025-03-31,656863826.8403672,1813196632.23409,2096906644.7720232,12.0,-0.4797671799943254,3.0,False,1.7761779069961816,0.5728533720988545,600178376.9904835,1.0944476709309747,0.36226839117334286,token,CDP;Dexs;Lending;DEX;Yield
6538,CRV,2025-04-30,952540441.525826,2024334675.52117,2076748945.3417428,12.0,-0.49406526683099417,3.0,False,1.8177057663945322,0.5853117299183597,575519278.3226094,1.65509736581209,0.47054494152780946,token,CDP;Dexs;Lending;DEX;Yield
6538,CRV,2025-05-31,894795067.0574979,2328375562.00818,2068511490.0233333,12.0,-0.4954216683322107,3.0,False,1.8033510352496178,0.5810053105748854,569206939.1018615,1.5720030898944668,0.38430014541372093,token,CDP;Dexs;Lending;DEX;Yield
6538,CRV,2025-06-30,710802046.4724418,2164353761.54001,2067751243.173978,12.0,-0.49161311468531155,3.0,False,1.9212157189660584,0.6163647156898175,589648800.9936185,1.2054667884928583,0.3284130621819801,token,CDP;Dexs;Lending;DEX;Yield
6538,CRV,2025-07-31,1282043363.4997125,2532611776.43705,2094109474.2604582,12.0,-0.48601827144789245,3.0,False,1.8385766962078864,0.591573008862366,596624051.3539944,2.148829502582421,0.5062139311787168,token,CDP;Dexs;Lending;DEX;Yield
6538,CRV,2025-08-31,1048643159.8949318,2382388309.0016003,2129765687.759877,12.0,-0.4764759074415287,3.0,False,1.8879763755310455,0.6063929126593136,629904561.77839,1.6647651462220403,0.440164668342581,token,CDP;Dexs;Lending;DEX;Yield
6538,CRV,2025-09-30,960082344.6020132,2348378755.01448,2164163577.0266876,12.0,-0.4659555248462529,3.0,False,1.8788329787043285,0.6036498936112986,658151876.2809898,1.4587550065603976,0.40882772531984235,token,CDP;Dexs;Lending;DEX;Yield
6538,CRV,2025-10-31,674728592.2394158,2330285478.13179,2210388781.734919,12.0,-0.4473808818779623,3.0,False,1.900372860497092,0.6101118581491276,710844991.4781171,0.9491922997676306,0.2895476106130788,token,CDP;Dexs;Lending;DEX;Yield
6538,CRV,2025-11-30,588904816.0666922,2057502522.24898,2217347489.635093,12.0,-0.4247190634916015,3.0,False,1.858229897585833,0.5974689692757499,752601919.9588364,0.7824917801151802,0.2862231320246364,token,CDP;Dexs;Lending;DEX;Yield
6538,CRV,2025-12-31,519787749.0954,2093031309.55239,2188120939.52871,12.0,-0.3979004124208714,3.0,False,1.8490317138565442,0.5947095141569633,796928648.7305053,0.6522387542767016,0.24834208008410555,token,CDP;Dexs;Lending;DEX;Yield
6538,CRV,2026-01-31,421131699.1100411,1980998903.91773,2159865902.220448,12.0,-0.37825363491279584,3.0,False,1.6885365649312702,0.546560969479381,804084268.7784696,0.523740751388914,0.21258552858216548,token,CDP;Dexs;Lending;DEX;Yield
6538,CRV,2026-02-28,368622542.71188205,1832186630.6768,2157303693.0236893,12.0,-0.3521767445122096,3.0,False,1.6445812629604417,0.5333743788881325,853913427.0391154,0.4316860832017301,0.20119268230644977,token,CDP;Dexs;Lending;DEX;Yield
6538,CRV,2026-03-31,322700641.5981044,1718592196.4359,2149419990.040507,12.0,-0.3110747754225258,3.0,False,1.7590832649017991,0.5677249794705398,967786668.4327197,0.3334419166165012,0.18777034032118656,token,CDP;Dexs;Lending;DEX;Yield
6538,CRV,2026-04-30,352816393.1539803,1691687852.21314,2121699421.4315042,12.0,-0.26343723891565785,3.0,False,1.7497608025797733,0.564928240773932,1078680904.6474178,0.3270813376169882,0.2085588027911949,token,CDP;Dexs;Lending;DEX;Yield
6538,CRV,2026-05-31,326134526.321316,1610076168.84128,2061841138.6675959,12.0,-0.2516397873812263,3.0,False,1.7574808955693997,0.5672442686708199,1081663631.0045705,0.301511964508251,0.20255844576348492,token,CDP;Dexs;Lending;DEX;Yield
6622,HAKKA,2020-10-31,2194416.3205002,1846839.0,,1.0,,,False,,,,,1.1882012024330222,token,Derivatives
6622,HAKKA,2020-12-31,5338575.35305826,4922121.0,,3.0,,,False,,,,,1.0846087190985878,token,Derivatives
6622,HAKKA,2021-01-31,6936060.87786972,6538680.0,,4.0,,,False,,,,,1.0607738684061185,token,Derivatives
6622,HAKKA,2021-02-28,12263678.20069146,5651688.0,,5.0,,,False,,,,,2.1699142275177716,token,Derivatives
6622,HAKKA,2021-04-30,18131132.0896173,7305546.0,5252586.142857143,7.0,,,False,,,,,2.4818312128371103,token,Derivatives
6622,HAKKA,2021-05-31,10857677.299917,6971380.0,5467435.375,8.0,,,False,,,,,1.5574645622411918,token,Derivatives
6622,HAKKA,2021-06-30,6005808.52460125,7570750.0,5701137.0,9.0,,,False,,,,,0.7932910906582902,token,Derivatives
6748,CFG,2025-03-31,68920142.81624049,36424492.0,,1.0,,,False,1.5168653369465335,0.49505960108396,,,1.8921373787791054,token,RWA;RWA Lending
6748,CFG,2025-04-30,76833273.30967413,236909640.0,,2.0,,,False,1.5119256755325625,0.4935777026597687,,,0.3243146767251604,token,RWA;RWA Lending
6748,CFG,2025-05-31,108872962.57230005,441391682.0,,3.0,,,False,1.52748213056155,0.49824463916846495,,,0.24665839210875762,token,RWA;RWA Lending
6748,CFG,2025-06-30,96447409.39357533,446076242.0,,4.0,,,False,1.5312848008734121,0.4993854402620236,,,0.21621283608638212,token,RWA;RWA Lending
6748,CFG,2025-07-31,149083497.319526,647576684.0,,5.0,,,False,1.542845747269888,0.5028537241809664,,,0.23021751863988665,token,RWA;RWA Lending
6748,CFG,2025-08-31,200814614.6310577,1146932151.0,492551815.1666667,6.0,,,False,1.4605255032868065,0.4781576509860419,,,0.17508848666938948,token,RWA;RWA Lending
6748,CFG,2025-09-30,194517154.8083216,1148766267.0,586296736.8571428,7.0,,,False,1.4492679533964408,0.4747803860189322,,,0.16932700793548075,token,RWA;RWA Lending
6748,CFG,2025-10-31,109803116.0889355,1374635819.0,684839122.125,8.0,,,False,1.4925701665259898,0.4877710499577969,,,0.07987796809253338,token,RWA;RWA Lending
6748,CFG,2025-11-30,80056765.3072936,1372245827.0,761217644.8888888,9.0,,,False,1.556054144224255,0.5068162432672765,,,0.058339959016172394,token,RWA;RWA Lending
6748,CFG,2025-12-31,61995766.38221024,1345691378.0,819665018.2,10.0,,,False,1.5436269043160336,0.50308807129481,,,0.04606982506966039,token,RWA;RWA Lending
6748,CFG,2026-01-31,50996411.18626585,1341012022.0,867060200.3636364,11.0,,,False,1.4148989295351997,0.4644696788605599,,,0.03802830276659954,token,RWA;RWA Lending
6748,CFG,2026-02-28,62473098.7359029,1360594257.0,908188038.4166666,12.0,,,False,1.2974352659854538,0.4292305797956361,,,0.0459160388297177,token,RWA;RWA Lending
6748,CFG,2026-03-31,95266918.44617212,1578430724.0,1036688557.75,12.0,,,False,1.380038137750075,0.45401144132502247,,,0.06035546381456024,token,RWA;RWA Lending
6748,CFG,2026-04-30,116192264.25818925,1742008553.0,1162113467.1666667,12.0,,,False,1.3877630845335678,0.4563289253600703,,,0.06670016864044022,token,RWA;RWA Lending
6748,CFG,2026-05-31,154156694.1211217,1382692567.0,1240555207.5833333,12.0,,,False,1.3370514125087911,0.4411154237526373,,,0.11149021684233998,token,RWA;RWA Lending
6758,SUSHI,2020-09-30,180586133.1176368,381750840.0,,1.0,,,False,,,,,0.4730471139700355,token,DEX Aggregator;Dexs;Interface;Lending;Yield;NFT;DEX;Gaming;Meme;Metaverse
6758,SUSHI,2020-10-31,86690267.0983137,261389377.0,,2.0,,,False,,,,,0.3316518371682477,token,DEX Aggregator;Dexs;Interface;Lending;Yield;NFT;DEX;Gaming;Meme;Metaverse
6758,SUSHI,2020-12-31,509702505.29839706,1156882080.0,,4.0,,,False,,,,,0.4405829376304256,token,DEX Aggregator;Dexs;Interface;Lending;Yield;NFT;DEX;Gaming;Meme;Metaverse
6758,SUSHI,2021-01-31,1292332236.0824184,2158688386.0,,5.0,,,False,,,,,0.5986654880175089,token,DEX Aggregator;Dexs;Interface;Lending;Yield;NFT;DEX;Gaming;Meme;Metaverse
6758,SUSHI,2021-02-28,1913084313.314849,3004179306.0,1283698052.8333333,6.0,,,False,,,,,0.6368076331176382,token,DEX Aggregator;Dexs;Interface;Lending;Yield;NFT;DEX;Gaming;Meme;Metaverse
6758,SUSHI,2021-03-31,1866733204.5022376,4541945778.0,1749162013.5714285,7.0,,,False,,,,,0.41099856663727824,token,DEX Aggregator;Dexs;Interface;Lending;Yield;NFT;DEX;Gaming;Meme;Metaverse
6758,SUSHI,2021-04-30,1827368241.764572,4608029525.0,2106520452.5,8.0,,,False,,,,,0.396561747673388,token,DEX Aggregator;Dexs;Interface;Lending;Yield;NFT;DEX;Gaming;Meme;Metaverse
6758,SUSHI,2021-05-31,1593863648.263832,3972130662.0,2313810475.7777777,9.0,,,False,,,,,0.4012616361067309,token,DEX Aggregator;Dexs;Interface;Lending;Yield;NFT;DEX;Gaming;Meme;Metaverse
6758,SUSHI,2021-06-30,1037078668.0322548,3359893867.0,2418418814.9,10.0,,,False,,,,,0.30866411532166854,token,DEX Aggregator;Dexs;Interface;Lending;Yield;NFT;DEX;Gaming;Meme;Metaverse
6758,SUSHI,2021-07-31,1130420643.3692653,3857820938.0,2549273553.3636365,11.0,,,False,,,,,0.2930205060153223,token,DEX Aggregator;Dexs;Interface;Lending;Yield;NFT;DEX;Gaming;Meme;Metaverse
6758,SUSHI,2021-08-31,1538043715.989849,4657513505.0,2724960216.0,12.0,,,False,,,,,0.33022850375821916,token,DEX Aggregator;Dexs;Interface;Lending;Yield;NFT;DEX;Gaming;Meme;Metaverse
6758,SUSHI,2021-09-30,1290209699.5500755,4317762863.0,3052961217.9166665,12.0,,,False,2.782624111405775,0.8747872334217325,,,0.2988143954375559,token,DEX Aggregator;Dexs;Interface;Lending;Yield;NFT;DEX;Gaming;Meme;Metaverse
6758,SUSHI,2021-10-31,1379936393.7511892,6459085312.0,3569435879.1666665,12.0,,,False,2.3152410724039196,0.7345723217211759,,,0.2136426950713094,token,DEX Aggregator;Dexs;Interface;Lending;Yield;NFT;DEX;Gaming;Meme;Metaverse
6758,SUSHI,2021-11-30,1019369202.1720896,6575282334.0,4055767879.6666665,12.0,,,False,2.3517514070378236,0.7455254221113471,,,0.15503048392326108,token,DEX Aggregator;Dexs;Interface;Lending;Yield;NFT;DEX;Gaming;Meme;Metaverse
6758,SUSHI,2021-12-31,1202030511.4852307,3967358555.0,4289974252.5833335,12.0,,,False,2.135835120348523,0.6807505361045568,,,0.3029800545681283,token,DEX Aggregator;Dexs;Interface;Lending;Yield;NFT;DEX;Gaming;Meme;Metaverse
6758,SUSHI,2022-01-31,538454216.9975895,2808895717.0,4344158196.833333,12.0,,,False,2.2236773699237307,0.7071032109771193,,,0.19169605113452828,token,DEX Aggregator;Dexs;Interface;Lending;Yield;NFT;DEX;Gaming;Meme;Metaverse
6758,SUSHI,2022-02-28,445735240.3677861,2052513519.0,4264852714.5833335,12.0,2.0,1.0,True,2.190381974456428,0.6971145923369284,3417456622669.354,0.00013042893870577504,0.2171655563978705,token,DEX Aggregator;Dexs;Interface;Lending;Yield;NFT;DEX;Gaming;Meme;Metaverse
6758,SUSHI,2022-03-31,559141062.9878836,2305821839.0,4078509053.0,12.0,1.3316931315427576,1.0,False,2.179808705196434,0.6939426115589302,351355189707.73865,0.0015913841018058781,0.24249100842516721,token,DEX Aggregator;Dexs;Interface;Lending;Yield;NFT;DEX;Gaming;Meme;Metaverse
6758,SUSHI,2022-04-30,295535196.6308704,1803830996.0,3844825842.25,12.0,0.8252022370288379,1.0,False,2.2196969317226247,0.7059090795167874,48470986971.887985,0.0060971565691920766,0.16383751985979866,token,DEX Aggregator;Dexs;Interface;Lending;Yield;NFT;DEX;Gaming;Meme;Metaverse
6758,SUSHI,2022-05-31,238906945.0173956,1050290983.0,3601339202.3333335,12.0,0.5564538409839979,1.0,False,2.191571196742095,0.6974713590226286,17795347532.69158,0.013425247502388082,0.22746738654748175,token,DEX Aggregator;Dexs;Interface;Lending;Yield;NFT;DEX;Gaming;Meme;Metaverse
6758,SUSHI,2022-06-30,125591095.34428836,621629231.0,3373150482.6666665,12.0,0.3947751571748104,1.0,False,2.087586678939714,0.6662760036819143,10272610055.63777,0.012225821350569226,0.2020353758819433,token,DEX Aggregator;Dexs;Interface;Lending;Yield;NFT;DEX;Gaming;Meme;Metaverse
6758,SUSHI,2022-07-31,184107124.8297261,758564047.0,3114879075.0833335,12.0,0.22186929330256033,1.0,False,2.0882877619464177,0.6664863285839253,5633990274.402701,0.03267792734151366,0.24270478617835958,token,DEX Aggregator;Dexs;Interface;Lending;Yield;NFT;DEX;Gaming;Meme;Metaverse
6758,SUSHI,2022-08-31,132046789.19385412,644211368.0,2780437230.3333335,12.0,0.02035883460154464,1.0,False,2.0942628894206017,0.6682788668261805,2944350255.5870204,0.04484751396111592,0.2049743232625695,token,DEX Aggregator;Dexs;Interface;Lending;Yield;NFT;DEX;Gaming;Meme;Metaverse
6758,SUSHI,2022-09-30,140144037.37694103,512906610.0,2463365875.9166665,12.0,-0.19312244732749617,1.0,False,2.087090322453082,0.6661270967359246,1551100836.531075,0.09035133891769606,0.2732349995975701,token,DEX Aggregator;Dexs;Interface;Lending;Yield;NFT;DEX;Gaming;Meme;Metaverse
6758,SUSHI,2022-10-31,203989085.0287443,567499983.0,1972400431.8333333,12.0,-0.4474195647145741,1.0,False,2.088835528024488,0.6666506584073465,656185067.6325502,0.3108712695409489,0.3594521429769705,token,DEX Aggregator;Dexs;Interface;Lending;Yield;NFT;DEX;Gaming;Meme;Metaverse
6758,SUSHI,2022-11-30,187073456.6404624,412456406.0,1458831604.5,12.0,-0.5,1.0,True,2.059702692449207,0.6579108077347621,417110908.0603979,0.4484981165090366,0.4535593432884211,token,DEX Aggregator;Dexs;Interface;Lending;Yield;NFT;DEX;Gaming;Meme;Metaverse
6758,SUSHI,2022-12-31,205333750.4165988,388460985.0,1160590140.3333333,12.0,-0.5,1.0,True,2.075286693484192,0.6625860080452576,332792037.34563494,0.6170031953118545,0.5285826848649905,token,DEX Aggregator;Dexs;Interface;Lending;Yield;NFT;DEX;Gaming;Meme;Metaverse
6758,SUSHI,2023-01-31,280967981.7609987,472342725.0,965877391.0,12.0,-0.5,1.0,True,1.9385177838478695,0.6215553351543609,269792496.3198001,1.0414225213586064,0.5948392277260092,token,DEX Aggregator;Dexs;Interface;Lending;Yield;NFT;DEX;Gaming;Meme;Metaverse
6758,SUSHI,2023-02-28,283566566.93450683,526363700.0,838698239.4166666,12.0,-0.19170214844190148,2.0,False,1.937255580593044,0.6211766741779132,522580965.5206738,0.5426270485224718,0.5387274368169895,token,DEX Aggregator;Dexs;Interface;Lending;Yield;NFT;DEX;Gaming;Meme;Metaverse
6758,SUSHI,2023-03-31,253651394.90913224,474592485.0,686095793.25,12.0,-0.37370728559907684,2.0,False,1.8501316618387493,0.5950394985516249,266477264.23169753,0.9518688044192265,0.5344614652065809,token,DEX Aggregator;Dexs;Interface;Lending;Yield;NFT;DEX;Gaming;Meme;Metaverse
6758,SUSHI,2023-04-30,234807433.248126,449922695.0,573270101.5,12.0,-0.47832886635491245,2.0,False,1.8496007041774765,0.594880211253243,167346191.5038873,1.4031238544360398,0.5218839499708411,token,DEX Aggregator;Dexs;Interface;Lending;Yield;NFT;DEX;Gaming;Meme;Metaverse
6758,SUSHI,2023-05-31,193467398.47367927,397973880.0,518910342.9166667,12.0,-0.5,2.0,True,1.8540872346628243,0.5962261703988473,142445331.2784121,1.358187009271252,0.4861308950066755,token,DEX Aggregator;Dexs;Interface;Lending;Yield;NFT;DEX;Gaming;Meme;Metaverse
6758,SUSHI,2023-06-30,158793246.55054727,354760016.0,496671241.6666667,12.0,-0.5,2.0,True,1.8282433796559956,0.5884730138967987,135589904.97176412,1.171128828385971,0.447607507579285,token,DEX Aggregator;Dexs;Interface;Lending;Yield;NFT;DEX;Gaming;Meme;Metaverse
6758,SUSHI,2023-07-31,158154377.09618264,340203796.0,461807887.4166667,12.0,-0.5,2.0,True,1.823757496789221,0.5871272490367663,125950322.42266677,1.255688544928411,0.464881282794924,token,DEX Aggregator;Dexs;Interface;Lending;Yield;NFT;DEX;Gaming;Meme;Metaverse
6758,SUSHI,2023-08-31,136645833.00223196,290184356.0,432305636.4166667,12.0,-0.5,2.0,True,1.8176274032248896,0.5852882209674669,117747660.14116588,1.160497226343261,0.47089317593065544,token,DEX Aggregator;Dexs;Interface;Lending;Yield;NFT;DEX;Gaming;Meme;Metaverse
6758,SUSHI,2023-09-30,138852345.8573654,265814457.0,411714623.6666667,12.0,-0.5,2.0,True,1.8158027307466493,0.5847408192239948,112094836.04879335,1.2387042146787643,0.5223656659779246,token,DEX Aggregator;Dexs;Interface;Lending;Yield;NFT;DEX;Gaming;Meme;Metaverse
6758,SUSHI,2023-10-31,178164184.90323725,270557202.0,386969391.9166667,12.0,-0.5,2.0,True,1.7207049438551525,0.5562114831565458,103132681.65090433,1.7275240210111904,0.658508380432014,token,DEX Aggregator;Dexs;Interface;Lending;Yield;NFT;DEX;Gaming;Meme;Metaverse
6758,SUSHI,2023-11-30,295288647.28368,303780347.0,377913053.6666667,12.0,-0.5,2.0,True,1.9090655317793412,0.6127196595338024,104933221.34498799,2.8140625390014686,0.9720465797074095,token,DEX Aggregator;Dexs;Interface;Lending;Yield;NFT;DEX;Gaming;Meme;Metaverse
6758,SUSHI,2023-12-31,290604522.8718207,304288536.0,370898682.9166667,12.0,-0.5,2.0,True,1.1493411520291341,0.3848023456087402,83899931.6972126,3.463703926727695,0.9550294818593517,token,DEX Aggregator;Dexs;Interface;Lending;Yield;NFT;DEX;Gaming;Meme;Metaverse
6758,SUSHI,2024-01-31,245004598.1573283,297423110.0,356322048.3333333,12.0,-0.5,2.0,True,0.9274083765755502,0.318222512972665,73979995.873125,3.3117682052525237,0.823757771066708,token,DEX Aggregator;Dexs;Interface;Lending;Yield;NFT;DEX;Gaming;Meme;Metaverse
6758,SUSHI,2024-02-29,353984164.50616807,373129536.0,343552534.6666667,12.0,-0.3555685037279853,3.0,False,0.9059036767812388,0.3117711030343716,111028433.27775297,3.188229843977243,0.9486897453922492,token,DEX Aggregator;Dexs;Interface;Lending;Yield;NFT;DEX;Gaming;Meme;Metaverse
6758,SUSHI,2024-03-31,445805590.1922064,375338915.0,335281403.8333333,12.0,-0.4234196868743588,3.0,False,0.9789267963882373,0.3336780389164712,90342537.83923425,4.9346144225605375,1.1877414581224714,token,DEX Aggregator;Dexs;Interface;Lending;Yield;NFT;DEX;Gaming;Meme;Metaverse
6758,SUSHI,2024-04-30,224780897.39834124,310615569.0,323672476.6666667,12.0,-0.46439244175253136,3.0,False,1.0227803593574747,0.3468341078072424,78126120.95405614,2.8771542046805165,0.7236626873598253,token,DEX Aggregator;Dexs;Interface;Lending;Yield;NFT;DEX;Gaming;Meme;Metaverse
6758,SUSHI,2024-05-31,303346988.6321421,313124897.0,316601728.0833333,12.0,-0.4846979945301114,3.0,False,1.1257993156199546,0.37773979468598634,74494471.92401297,4.072073816988285,0.9687731366571664,token,DEX Aggregator;Dexs;Interface;Lending;Yield;NFT;DEX;Gaming;Meme;Metaverse
6758,SUSHI,2024-06-30,218578295.1489893,266705577.0,309263858.1666667,12.0,-0.4961910416327855,3.0,False,1.1204458837808227,0.3761337651342468,70072018.58753724,3.1193377835395317,0.8195490233374059,token,DEX Aggregator;Dexs;Interface;Lending;Yield;NFT;DEX;Gaming;Meme;Metaverse
6758,SUSHI,2024-07-31,174738088.06594044,236275275.0,300603148.0833333,12.0,-0.5,3.0,True,1.1294365363332783,0.37883096089998347,67518418.05592595,2.588006252178535,0.7395529983657428,token,DEX Aggregator;Dexs;Interface;Lending;Yield;NFT;DEX;Gaming;Meme;Metaverse
6758,SUSHI,2024-08-31,145763233.50192624,180968293.0,291501809.5,12.0,-0.5,3.0,True,1.1041258944542685,0.3712377683362805,64876328.09302884,2.2467861203998836,0.8054628304524387,token,DEX Aggregator;Dexs;Interface;Lending;Yield;NFT;DEX;Gaming;Meme;Metaverse
6758,SUSHI,2024-09-30,209371313.00625423,189852273.0,285171627.5,12.0,-0.5,3.0,True,1.1203904075001099,0.3761171222500329,63844041.1364132,3.279418239815025,1.102811726706344,token,DEX Aggregator;Dexs;Interface;Lending;Yield;NFT;DEX;Gaming;Meme;Metaverse
6758,SUSHI,2024-10-31,178456219.5433069,182464406.0,277830561.1666667,12.0,-0.5,3.0,True,1.2260994814153088,0.4078298444245926,64523285.91715468,2.7657645919093077,0.9780330501462674,token,DEX Aggregator;Dexs;Interface;Lending;Yield;NFT;DEX;Gaming;Meme;Metaverse
6758,SUSHI,2024-11-30,350015099.79127204,221428238.0,270967885.4166667,12.0,-0.5,3.0,True,1.3926334674710215,0.45779004024130643,66291188.74364401,5.279964146439167,1.580715734148018,token,DEX Aggregator;Dexs;Interface;Lending;Yield;NFT;DEX;Gaming;Meme;Metaverse
6758,SUSHI,2024-12-31,356069690.0561414,194960850.0,261857244.91666666,12.0,-0.5,3.0,True,1.4869733498459738,0.4860920049537921,65797564.20358874,5.411593793265687,1.8263650884582283,token,DEX Aggregator;Dexs;Interface;Lending;Yield;NFT;DEX;Gaming;Meme;Metaverse
6758,SUSHI,2025-01-31,336488195.5050987,180214009.0,252089819.83333334,12.0,-0.5,3.0,True,1.423331549339164,0.4669994648017492,62224192.80297893,5.4076747378712415,1.8671589260582884,token,DEX Aggregator;Dexs;Interface;Lending;Yield;NFT;DEX;Gaming;Meme;Metaverse
6758,SUSHI,2025-02-28,211992258.99166265,125473171.0,231451789.41666666,12.0,-0.5,3.0,True,1.4684018477935792,0.4805205543380737,57860738.76485939,3.663836022785317,1.6895425316991681,token,DEX Aggregator;Dexs;Interface;Lending;Yield;NFT;DEX;Gaming;Meme;Metaverse
6758,SUSHI,2025-03-31,156953072.4777639,101167285.0,208604153.58333334,12.0,-0.5,3.0,True,1.473490957790608,0.48204728733718233,52222567.15871818,3.005464515000613,1.5514212176175717,token,DEX Aggregator;Dexs;Interface;Lending;Yield;NFT;DEX;Gaming;Meme;Metaverse
6758,SUSHI,2025-04-30,177178222.82244593,104190499.0,191402064.41666666,12.0,-0.5,3.0,True,1.4331749451319067,0.469952483539572,47377454.23050593,3.739715983058508,1.7005218760152587,token,DEX Aggregator;Dexs;Interface;Lending;Yield;NFT;DEX;Gaming;Meme;Metaverse
6758,SUSHI,2025-05-31,173594307.35139954,121134104.0,175402831.66666666,12.0,-0.5,3.0,True,1.438867484734113,0.4716602454202339,43487442.08310248,3.99182612349719,1.433075423180573,token,DEX Aggregator;Dexs;Interface;Lending;Yield;NFT;DEX;Gaming;Meme;Metaverse
6758,SUSHI,2025-06-30,165710059.6436939,120313567.0,163203497.5,12.0,-0.5,3.0,True,1.4974269213928764,0.48922807641786287,41125587.9809143,4.029366333208346,1.3773181510252612,token,DEX Aggregator;Dexs;Interface;Lending;Yield;NFT;DEX;Gaming;Meme;Metaverse
6758,SUSHI,2025-07-31,215354025.06716195,156612598.0,156564941.08333334,12.0,-0.5,3.0,True,1.463364571922399,0.4790093715767197,39084998.55346311,5.509889549377522,1.3750747246218464,token,DEX Aggregator;Dexs;Interface;Lending;Yield;NFT;DEX;Gaming;Meme;Metaverse
6758,SUSHI,2025-08-31,209675750.05685195,166951540.0,155396878.33333334,12.0,-0.5,3.0,True,1.4363567441610057,0.4709070232483017,38499955.12082056,5.4461297266152,1.2559078524034697,token,DEX Aggregator;Dexs;Interface;Lending;Yield;NFT;DEX;Gaming;Meme;Metaverse
6758,SUSHI,2025-09-30,190824677.8933898,159715972.0,152885519.91666666,12.0,-0.5,3.0,True,1.456237480917186,0.4768712442751558,38090621.98814726,5.009754840778633,1.194775171849374,token,DEX Aggregator;Dexs;Interface;Lending;Yield;NFT;DEX;Gaming;Meme;Metaverse
6758,SUSHI,2025-10-31,139361932.1466895,141842969.0,149500400.16666666,12.0,-0.5,3.0,True,1.4776844377310205,0.48330533131930614,37469687.44715084,3.719324649912084,0.9825085665450891,token,DEX Aggregator;Dexs;Interface;Lending;Yield;NFT;DEX;Gaming;Meme;Metaverse
6758,SUSHI,2025-11-30,107144994.63243917,110090174.0,140222228.16666666,12.0,-0.5,3.0,True,1.5148821704276283,0.49446465112828847,35501356.25388538,3.0180535601569556,0.9732475727801027,token,DEX Aggregator;Dexs;Interface;Lending;Yield;NFT;DEX;Gaming;Meme;Metaverse
6758,SUSHI,2025-12-31,78558837.9365754,103380582.0,132590539.16666667,12.0,-0.5,3.0,True,1.5019903153677856,0.4905970946103356,33452797.52198851,2.3483488304659335,0.7598993584363396,token,DEX Aggregator;Dexs;Interface;Lending;Yield;NFT;DEX;Gaming;Meme;Metaverse
6758,SUSHI,2026-01-31,69877570.23288104,82344039.0,124434708.33333333,12.0,-0.4949436397508783,3.0,False,1.5490579300124057,0.5047173790037217,32274787.593630347,2.1650822652252515,0.8486050852191139,token,DEX Aggregator;Dexs;Interface;Lending;Yield;NFT;DEX;Gaming;Meme;Metaverse
6758,SUSHI,2026-02-28,60133745.89547896,62365375.0,119175725.33333333,12.0,-0.4781720253100795,3.0,False,1.5115820620873817,0.49347461862621445,32169747.317366604,1.8692638553308185,0.964216857438586,token,DEX Aggregator;Dexs;Interface;Lending;Yield;NFT;DEX;Gaming;Meme;Metaverse
6758,SUSHI,2026-03-31,56041944.57299605,40778511.0,114143327.5,12.0,-0.45000941198474953,3.0,False,1.6331804259491056,0.5299541277847317,34442963.33996477,1.62709416201624,1.3743009050280441,token,DEX Aggregator;Dexs;Interface;Lending;Yield;NFT;DEX;Gaming;Meme;Metaverse
6758,SUSHI,2026-04-30,59143065.37612519,40087174.0,108801383.75,12.0,-0.42532137728133257,3.0,False,1.6239277568965442,0.5271783270689633,35119780.64209983,1.684038575834026,1.475361305741462,token,DEX Aggregator;Dexs;Interface;Lending;Yield;NFT;DEX;Gaming;Meme;Metaverse
6758,SUSHI,2026-05-31,58828440.07669432,37400468.0,101823580.75,12.0,-0.41889847820415493,3.0,False,1.6108616530975537,0.5232584959292661,33363128.865498316,1.7632770689421262,1.5729332605328445,token,DEX Aggregator;Dexs;Interface;Lending;Yield;NFT;DEX;Gaming;Meme;Metaverse
6859,FARM,2021-01-31,93643341.83088262,568631738.0,,4.0,,,False,,,,,0.16468187681582175,token,Yield Aggregator;Yield
6859,FARM,2021-02-28,96444788.44054356,601912949.0,,5.0,,,False,,,,,0.16023045957189327,token,Yield Aggregator;Yield
6859,FARM,2021-03-31,158626852.63617817,535286029.0,484911023.6666667,6.0,,,False,,,,,0.29634035644927725,token,Yield Aggregator;Yield
6859,FARM,2021-04-30,104155176.70862526,542042382.0,493072646.28571427,7.0,,,False,,,,,0.19215319718048404,token,Yield Aggregator;Yield
6859,FARM,2021-05-31,42299014.0443676,312397770.0,470488286.75,8.0,,,False,,,,,0.13540113952915733,token,Yield Aggregator;Yield
6859,FARM,2021-06-30,32880348.81095773,289185295.0,450343509.8888889,9.0,,,False,,,,,0.11369993350096771,token,Yield Aggregator;Yield
6859,FARM,2021-07-31,144260729.8407006,432983158.0,448607474.7,10.0,,,False,,,,,0.3331786171708337,token,Yield Aggregator;Yield
6859,FARM,2021-08-31,152934135.9295934,464017128.0,450008352.27272725,11.0,,,False,,,,,0.32958726456665066,token,Yield Aggregator;Yield
6859,FARM,2021-09-30,101938004.1418663,385798632.0,444657542.25,12.0,,,False,,,,,0.26422593468881533,token,Yield Aggregator;Yield
6859,FARM,2021-10-31,101612999.0343139,463804175.0,454133183.75,12.0,,,False,,,,,0.21908599471816723,token,Yield Aggregator;Yield
6859,FARM,2021-11-30,80829001.04604901,338108354.0,437421566.9166667,12.0,,,False,,,,,0.2390624191617845,token,Yield Aggregator;Yield
6859,FARM,2021-12-31,90149444.20117705,285125294.0,434941075.3333333,12.0,,,False,,,,,0.3161748399676426,token,Yield Aggregator;Yield
6859,FARM,2022-01-31,70247722.55083652,211307286.0,405164037.6666667,12.0,,,False,1.6608467031293164,0.5382540109387949,,,0.33244344707941836,token,Yield Aggregator;Yield
6859,FARM,2022-02-28,64203442.04416369,218363897.0,373201616.6666667,12.0,,,False,1.6023742013767448,0.5207122604130234,,,0.2940204077973736,token,Yield Aggregator;Yield
6859,FARM,2022-03-31,72100478.09913383,254346696.0,349790005.5833333,12.0,-0.2786511576115809,1.0,False,1.592711628473028,0.5178134885419085,166741666.6567092,0.43240828489243555,0.2834732246694246,token,Yield Aggregator;Yield
6859,FARM,2022-04-30,55083516.06986722,273580500.0,327418182.0833333,12.0,-0.335963605870749,1.0,False,1.5951011415389154,0.5185303424616746,134048759.95414703,0.4109214892305546,0.20134299070974437,token,Yield Aggregator;Yield
6859,FARM,2022-05-31,32134684.48878145,124028029.0,311720703.6666667,12.0,-0.3374527858707278,1.0,False,1.6492129515015483,0.5347638854504645,128444534.98841482,0.25018335339592196,0.25909211609564037,token,Yield Aggregator;Yield
6859,FARM,2022-06-30,27278909.1443348,28860057.0,290026933.8333333,12.0,-0.35598731309597365,1.0,False,1.4570306347951094,0.4771091904385328,109230006.80528323,0.2497382353272487,0.9452132802209919,token,Yield Aggregator;Yield
6859,FARM,2022-07-31,36786249.25831473,31554002.0,256574504.16666666,12.0,-0.42806458064871233,1.0,False,1.4616811762768038,0.4785043528830411,79053425.8979908,0.4653340299986883,1.1658188162095804,token,Yield Aggregator;Yield
6859,FARM,2022-08-31,28527329.855016,29032756.0,220325806.5,12.0,-0.5,1.0,True,1.4712696378773793,0.48138089136321377,55123128.491488926,0.5175201523516695,0.9825911758090069,token,Yield Aggregator;Yield
6859,FARM,2022-09-30,26071510.78894895,21622885.0,189977827.58333334,12.0,-0.5,1.0,True,1.470224382040305,0.48106731461209146,47516640.002824605,0.5486816994509532,1.2057369212734077,token,Yield Aggregator;Yield
6859,FARM,2022-10-31,26261627.40505443,21052857.0,153081884.41666666,12.0,-0.5,1.0,True,1.4591796625711666,0.47775389877134994,38170924.38273897,0.6880008233945216,1.2474139450552688,token,Yield Aggregator;Yield
6859,FARM,2022-11-30,24509133.95625164,15901315.0,126231297.83333333,12.0,-0.5,1.0,True,1.4355356777609465,0.4706607033282839,31266818.917924818,0.7838704033367752,1.5413274912327464,token,Yield Aggregator;Yield
6859,FARM,2022-12-31,19762964.12680309,14540559.0,103682569.91666667,12.0,-0.5,1.0,True,1.4383155720254932,0.4714946716076479,25701890.45727393,0.7689303695250146,1.3591612349155964,token,Yield Aggregator;Yield
6859,FARM,2023-01-31,25163786.77711122,15060366.0,87328659.91666667,12.0,-0.5,1.0,True,1.3193870971388961,0.4358161291416688,20897982.385892484,1.20412517880666,1.6708615698390876,token,Yield Aggregator;Yield
6859,FARM,2023-02-28,27255169.38766592,15677436.0,70438121.5,12.0,-0.5,1.0,True,1.3167071494934655,0.43501214484803963,16842024.92133216,1.618283402083347,1.7384966130728214,token,Yield Aggregator;Yield
6859,FARM,2023-03-31,23945874.26469498,13692512.0,50383606.166666664,12.0,-0.5,2.0,True,1.2288394905168492,0.4086518471550547,11711736.127538048,2.044605001677809,1.7488298907238482,token,Yield Aggregator;Yield
6859,FARM,2023-04-30,22050117.54316207,12666145.0,28640743.25,12.0,-0.5,2.0,True,1.22575868364782,0.40772760509434597,6650763.202749136,3.315426646681318,1.7408704497826348,token,Yield Aggregator;Yield
6859,FARM,2023-05-31,18417199.97999961,10587242.0,19187344.333333332,12.0,-0.5,2.0,True,1.2308489049351121,0.4092546714805336,4463098.424747686,4.126550263350017,1.739565410897343,token,Yield Aggregator;Yield
6859,FARM,2023-06-30,16872253.61447517,10256888.0,17637080.25,12.0,-0.5,2.0,True,1.2078152580486985,0.4023445774146095,4071007.879170286,4.144490532873621,1.6449681047970075,token,Yield Aggregator;Yield
6859,FARM,2023-07-31,17260316.63271608,10061353.0,15846026.166666666,12.0,-0.5,2.0,True,1.2027127244811695,0.40081381734435084,3651289.0758572137,4.7271843653364725,1.715506516143115,token,Yield Aggregator;Yield
6859,FARM,2023-08-31,14594776.8074541,9275755.0,14199609.416666666,12.0,-0.5,2.0,True,1.2038455586228438,0.4011536675868531,3273172.4090537364,4.458908662154281,1.573432761802581,token,Yield Aggregator;Yield
6859,FARM,2023-09-30,15758087.1236426,9398283.0,13180892.583333334,12.0,-0.5,2.0,True,1.2034322340594172,0.40102967021782515,3037921.3283314942,5.187128111805763,1.6766985122327769,token,Yield Aggregator;Yield
6859,FARM,2023-10-31,17978201.38885958,9499507.0,12218113.416666666,12.0,-0.5,2.0,True,1.1604595912283835,0.388137877368515,2774653.561691555,6.479440041480079,1.8925404643482637,token,Yield Aggregator;Yield
6859,FARM,2023-11-30,23038854.17961923,10502696.0,11768228.5,12.0,-0.5,2.0,True,1.1694666886771246,0.39084000660313734,2680900.627276135,8.59369942519179,2.1936133521925445,token,Yield Aggregator;Yield
6859,FARM,2023-12-31,34566245.56469197,11074472.0,11479387.916666666,12.0,-0.5,2.0,True,1.196628253869455,0.3989884761608365,2639654.443358385,13.094988873132179,3.1212544999609886,token,Yield Aggregator;Yield
6859,FARM,2024-01-31,27014419.75353615,10587849.0,11106678.166666666,12.0,-0.5,2.0,True,1.198928760232917,0.3996786280698751,2555950.1109582293,10.569228107276478,2.5514549511932167,token,Yield Aggregator;Yield
6859,FARM,2024-02-29,32000008.78550194,12826248.0,10869079.166666666,12.0,-0.5,2.0,True,1.216785158758667,0.4050355476276001,2516391.7042658306,12.716624653965825,2.494884613606562,token,Yield Aggregator;Yield
6859,FARM,2024-03-31,37499528.44942625,14621509.0,10946495.583333334,12.0,-0.5,3.0,True,1.1732235395417294,0.3919670618625188,2496958.033026741,15.018085187427198,2.5646825132362365,token,Yield Aggregator;Yield
6859,FARM,2024-04-30,55195323.00072807,12994206.0,10973834.0,12.0,-0.5,3.0,True,1.0765516274994409,0.3629654882498322,2417528.894694959,22.831298158151924,4.247687238506767,token,Yield Aggregator;Yield
6859,FARM,2024-05-31,47181429.14639668,16755779.0,11487878.75,12.0,-0.5,3.0,True,0.9609711516978156,0.32829134550934463,2418674.116595181,19.507146011391967,2.8158302366244317,token,Yield Aggregator;Yield
6859,FARM,2024-06-30,33699629.4761019,14610975.0,11850719.333333334,12.0,-0.5,3.0,True,0.965901886782519,0.3297705660347557,2500112.387916577,13.479245828698472,2.306460005311206,token,Yield Aggregator;Yield
6859,FARM,2024-07-31,30285210.5246646,15114819.0,12271841.5,12.0,-0.5,3.0,True,0.5593847408130831,0.20781542224392494,2125068.5046094973,14.251404347188238,2.0036766913758344,token,Yield Aggregator;Yield
6859,FARM,2024-08-31,28481767.11652406,15216010.0,12766862.75,12.0,-0.5,3.0,True,0.5585908393488888,0.20757725180466663,2209784.37351862,12.888934982906406,1.8718288905254439,token,Yield Aggregator;Yield
6859,FARM,2024-09-30,30092540.36976086,20338585.0,13678554.583333334,12.0,-0.5,3.0,True,0.5374987310154065,0.20124961930462193,2338896.1547462447,12.866129310057252,1.4795788581044778,token,Yield Aggregator;Yield
6859,FARM,2024-10-31,26785325.33424136,22064616.0,14725647.0,12.0,-0.5,3.0,True,0.6015343884211214,0.2204603165263364,2611179.802663619,10.257939842717118,1.2139493084421393,token,Yield Aggregator;Yield
6859,FARM,2024-11-30,36550082.69872709,28363209.0,16214023.083333334,12.0,-0.5,3.0,True,0.6520892499243575,0.23562677497730725,2954858.7874010084,12.369485423320443,1.2886441269296114,token,Yield Aggregator;Yield
6859,FARM,2024-12-31,31163047.59558809,26329281.0,17485257.166666668,12.0,-0.5,3.0,True,0.7112150843040171,0.2533645252912051,3285439.595787878,9.485198764737877,1.1835890085866034,token,Yield Aggregator;Yield
6859,FARM,2025-01-31,26751344.44850806,20576802.0,18317669.916666668,12.0,-0.5,3.0,True,0.6830751801762847,0.2449225540528854,3392776.2792894007,7.884794706862013,1.3000729874597647,token,Yield Aggregator;Yield
6859,FARM,2025-02-28,21245111.92757328,16196942.0,18598561.083333332,12.0,-0.5,3.0,True,0.706709039511789,0.2520127118535367,3486679.201622835,6.093222432876814,1.3116742609545233,token,Yield Aggregator;Yield
6859,FARM,2025-03-31,20226526.89468318,14665469.0,18602224.416666668,12.0,-0.5,3.0,True,0.7043388382727808,0.2513016514818342,3483179.918087496,5.806914190579316,1.379194002911409,token,Yield Aggregator;Yield
6859,FARM,2025-04-30,21169995.73640807,18149569.0,19031838.0,12.0,-0.5,3.0,True,0.684291777428329,0.24528753322849872,3527267.497886698,6.0018118129945375,1.1664186480906555,token,Yield Aggregator;Yield
6859,FARM,2025-05-31,20748615.22669597,31373910.0,20250015.583333332,12.0,-0.5,3.0,True,0.620508513848511,0.22615255415455332,3628330.9214530536,5.71850133735505,0.6613334208804694,token,Yield Aggregator;Yield
6859,FARM,2025-06-30,17246431.8224683,34514920.0,21908677.666666668,12.0,-0.5,3.0,True,0.6809654722548459,0.24428964167645378,4053476.5396890547,4.254725950329858,0.49968048086069156,token,Yield Aggregator;Yield
6859,FARM,2025-07-31,19055451.9532679,42210562.0,24166656.25,12.0,-0.5,3.0,True,0.6421056749573528,0.23263170248720585,4380819.988970656,4.349745481723225,0.4514380062807005,token,Yield Aggregator;Yield
6859,FARM,2025-08-31,18627255.90711946,37848175.0,26052670.0,12.0,-0.5,3.0,True,0.60632448725745,0.221897346177235,4631933.1605225215,4.021486334448347,0.4921573076408429,token,Yield Aggregator;Yield
6859,FARM,2025-09-30,18183818.86161483,41315087.0,27800711.833333332,12.0,-0.4730318915316547,3.0,False,0.6017040753799556,0.2205112226139867,5400645.888063767,3.3669711435448457,0.4401253920054635,token,Yield Aggregator;Yield
6859,FARM,2025-10-31,14400119.975099,36875940.0,29034988.833333332,12.0,-0.42544366007922096,3.0,False,0.6218642000326849,0.22655926000980547,6677824.413426125,2.15640889660812,0.39050177365238686,token,Yield Aggregator;Yield
6929,HEGIC,2021-01-31,110186870.7386202,53020895.0,,4.0,,,False,,,,,2.078178249134048,token,Options;DEX;Derivatives
6929,HEGIC,2021-02-28,96703823.41019128,57751844.0,,5.0,,,False,,,,,1.6744716135850362,token,Options;DEX;Derivatives
6929,HEGIC,2021-03-31,112757441.78005052,67290598.0,58508461.166666664,6.0,,,False,,,,,1.675678997235996,token,Options;DEX;Derivatives
6929,HEGIC,2021-04-30,80104573.22514276,58015929.0,58438099.428571425,7.0,,,False,,,,,1.380734129503343,token,Options;DEX;Derivatives
6929,HEGIC,2021-05-31,68574403.17447044,43221087.0,56535972.875,8.0,,,False,,,,,1.5865959866874806,token,Options;DEX;Derivatives
6929,HEGIC,2021-06-30,44193021.85507716,39042423.0,54592245.11111111,9.0,,,False,,,,,1.1319231353821755,token,Options;DEX;Derivatives
6929,HEGIC,2021-07-31,68852514.0843959,45125783.0,53645598.9,10.0,,,False,,,,,1.525791011413495,token,Options;DEX;Derivatives
6929,HEGIC,2021-08-31,89263390.53847544,23162909.0,50874445.27272727,11.0,,,False,,,,,3.8537210735696212,token,Options;DEX;Derivatives
6929,HEGIC,2021-09-30,93534372.5687998,17653388.0,48106023.833333336,12.0,,,False,,,,,5.298380830285937,token,Options;DEX;Derivatives
6929,HEGIC,2021-10-31,82438772.50423141,22550699.0,48421164.416666664,12.0,,,False,,,,,3.6557080782387903,token,Options;DEX;Derivatives
6929,HEGIC,2021-11-30,67405119.45017786,16536259.0,43681439.25,12.0,,,False,,,,,4.076201240569458,token,Options;DEX;Derivatives
6929,HEGIC,2021-12-31,47548349.87151233,13841945.0,38101146.583333336,12.0,,,False,,,,,3.435091663166725,token,Options;DEX;Derivatives
6929,HEGIC,2022-01-31,28981005.84888476,8803684.0,34416379.0,12.0,,,False,0.6019806203731711,0.22059418611195133,,,3.2919180026094486,token,Options;DEX;Derivatives
6929,HEGIC,2022-02-28,25887065.6027352,6843709.0,30174034.416666668,12.0,,,False,0.593556534948128,0.2180669604844384,,,3.7826075893547197,token,Options;DEX;Derivatives
6929,HEGIC,2022-03-31,30595088.89544609,6862457.0,25138356.0,12.0,-0.5,1.0,True,0.5946500867439843,0.2183950260231953,4440601.392488491,6.889852565285252,4.458328685403215,token,Options;DEX;Derivatives
6929,HEGIC,2022-04-30,9008297.39159928,7375568.0,20918325.916666668,12.0,-0.5,1.0,True,0.7482574203473988,0.26447722610421964,4003480.642646355,2.2501163851374772,1.2213699869080294,token,Options;DEX;Derivatives
6929,HEGIC,2022-05-31,5609135.79994001,5802754.0,17800131.5,12.0,-0.5,1.0,True,0.7732972224877644,0.27198916674632934,3448233.9953047666,1.6266691319607662,0.9666333950982602,token,Options;DEX;Derivatives
6929,HEGIC,2022-06-30,4216703.33063377,4137600.0,14891396.25,12.0,-0.5,1.0,True,0.6805566730735239,0.24416700192205715,2754577.9824199677,1.530798313769025,1.0191181676899095,token,Options;DEX;Derivatives
6929,HEGIC,2022-07-31,6807835.56540174,4552002.0,11510247.833333334,12.0,-0.5,1.0,True,0.81417112955607,0.28425133886682097,2273093.13530855,2.994965520617633,1.495569546191267,token,Options;DEX;Derivatives
6929,HEGIC,2022-08-31,5616956.62701702,4328297.0,9940696.833333334,12.0,-0.5,1.0,True,0.8028317523922601,0.280849525717678,1952804.183167863,2.8763542578576025,1.2977290206788075,token,Options;DEX;Derivatives
6929,HEGIC,2022-09-30,5464862.78557415,2499524.0,8677874.833333334,12.0,-0.5,1.0,True,0.7969476413588193,0.27908429240764576,1700035.8796703792,3.214557322539413,2.1863613974397325,token,Options;DEX;Derivatives
6929,HEGIC,2022-10-31,12757169.28029184,2506291.0,7007507.5,12.0,-0.5,1.0,True,0.8843928112970546,0.30531784338911633,1428282.7800897371,8.931823206249343,5.09005908742913,token,Options;DEX;Derivatives
6929,HEGIC,2022-11-30,11095933.1876677,6158979.0,6142734.166666667,12.0,-0.5,1.0,True,0.8733753229557252,0.3020125968867175,1245982.9911412704,8.905364893869274,1.8015864622476712,token,Options;DEX;Derivatives
6929,HEGIC,2022-12-31,10924707.68067144,9301137.0,5764333.5,12.0,-0.5,1.0,True,0.8698175231208356,0.3009452569362506,1167393.3380999165,9.358206290994271,1.1745561516480663,token,Options;DEX;Derivatives
6929,HEGIC,2023-01-31,21387372.46341889,15023299.0,6282634.75,12.0,-0.5,1.0,True,1.1159818007325961,0.3747945402197788,1404309.2721924104,15.229816456334353,1.4236135793755347,token,Options;DEX;Derivatives
6929,HEGIC,2023-02-28,19031466.62431328,13134751.0,6806888.25,12.0,-0.5,1.0,True,1.1147002248357354,0.3744100674507206,1520784.352276408,12.514244110827255,1.4489400388567153,token,Options;DEX;Derivatives
6929,HEGIC,2023-03-31,12839397.69095371,10668082.0,7124023.666666667,12.0,-0.5,2.0,True,1.0053000196242596,0.34159000588727784,1526953.8704320074,8.408503976168692,1.2035338396305642,token,Options;DEX;Derivatives
6929,HEGIC,2023-04-30,9794552.18441271,8802869.0,7242965.416666667,12.0,-0.5,2.0,True,1.0015247867963366,0.34045743603890094,1550124.5851071347,6.318558055600269,1.1126545430146366,token,Options;DEX;Derivatives
6929,HEGIC,2023-05-31,8069933.16208813,8131724.0,7437046.25,12.0,-0.5,2.0,True,1.0048013921688468,0.341440417650654,1593731.876237368,5.06354505573446,0.9924012622769943,token,Options;DEX;Derivatives
6929,HEGIC,2023-06-30,9036398.1187764,8039997.0,7762246.0,12.0,-0.5,2.0,True,1.0083373778310774,0.34250121334932315,1665749.870949336,5.424822943931203,1.1239305336527363,token,Options;DEX;Derivatives
6929,HEGIC,2023-07-31,8160492.66632631,8376143.0,8080924.416666667,12.0,-0.5,2.0,True,1.0076303180508346,0.3422890954152503,1733652.5819156766,4.707109574000698,0.9742542201495735,token,Options;DEX;Derivatives
6929,HEGIC,2023-08-31,6601109.24704756,7393254.0,8336337.5,12.0,-0.5,2.0,True,1.0101527958634051,0.3430458387590215,1790230.5261058477,3.6872956587364483,0.8928557367361598,token,Options;DEX;Derivatives
6929,HEGIC,2023-09-30,7535545.41872235,7399821.0,8744695.583333334,12.0,-0.5,2.0,True,1.0127939479510577,0.34383818438531727,1879881.2804810063,4.008521972618519,1.0183415813331633,token,Options;DEX;Derivatives
6929,HEGIC,2023-10-31,9409146.47291536,9572199.0,9333521.25,12.0,-0.5,2.0,True,1.0145262949061336,0.34435788847184,2007831.3698003083,4.686223462008745,0.9829660324566342,token,Options;DEX;Derivatives
6929,HEGIC,2023-11-30,14301574.9639114,11396819.0,9770007.916666666,12.0,-0.5,2.0,True,1.0391880112038268,0.351756403361148,2122002.975448454,6.739658298965851,1.2548742735943599,token,Options;DEX;Derivatives
6929,HEGIC,2023-12-31,20450289.70408795,14713030.0,10220999.0,12.0,-0.48206214922041146,2.0,False,1.0645360969485178,0.3593608290845553,2371602.6133595402,8.622983289396316,1.3899441314323393,token,Options;DEX;Derivatives
6929,HEGIC,2024-01-31,18314732.76123779,13161801.0,10065874.166666666,12.0,-0.4591919335913832,2.0,False,1.0649260538436034,0.359477816153081,2507500.165413622,7.303980679186397,1.3915065849451598,token,Options;DEX;Derivatives
6929,HEGIC,2024-02-29,19003039.1767667,14635900.0,10190969.916666666,12.0,-0.4188462170928725,2.0,False,1.077339099298577,0.36320172978957305,2882343.58948007,6.592912533441079,1.2983854205594942,token,Options;DEX;Derivatives
6929,HEGIC,2024-03-31,17205455.70713008,13705707.0,10444105.333333334,12.0,-0.4369449528474555,3.0,False,1.1217883323597986,0.37653649970793956,2839371.409129753,6.059600252297894,1.2553497391364108,token,Options;DEX;Derivatives
6929,HEGIC,2024-04-30,13405542.41567289,11448658.0,10664587.75,12.0,-0.43278288100395723,3.0,False,1.1191901834471465,0.3757570550341439,2933307.4519288912,4.570111601106676,1.1709269694031292,token,Options;DEX;Derivatives
6929,HEGIC,2024-05-31,17579758.43242509,14085197.0,11160710.5,12.0,-0.41773280263349943,3.0,False,1.159522619759959,0.38785678592798767,3253031.8185301526,5.404115118790419,1.2481017079438144,token,Options;DEX;Derivatives
6929,HEGIC,2024-06-30,15162759.06631306,12516481.0,11533750.833333334,12.0,-0.40441118031010903,3.0,False,1.1383252969722164,0.38149758909166487,3473852.7206320437,4.364824961132578,1.2114234876650283,token,Options;DEX;Derivatives
6929,HEGIC,2024-07-31,15132307.75403864,12613538.0,11886867.083333334,12.0,-0.3948759189302755,3.0,False,1.0868254704464038,0.3660476411339211,3623248.64169437,4.176447506225295,1.1996878079757352,token,Options;DEX;Derivatives
6929,HEGIC,2024-08-31,12359454.19004039,11961663.0,12267567.833333334,12.0,-0.37757610003195463,3.0,False,1.081863899778409,0.36455916993352266,3930348.756643506,3.144620224642682,1.0332555088736732,token,Options;DEX;Derivatives
6929,HEGIC,2024-09-30,16045670.45713121,14768946.0,12881661.583333334,12.0,-0.3554487210694257,3.0,False,1.1049047616789587,0.3714714285036876,4436759.355543583,3.616529356518442,1.0864465519158382,token,Options;DEX;Derivatives
6929,HEGIC,2024-10-31,12102440.32105709,13402646.0,13200865.5,12.0,-0.3515810094891647,3.0,False,1.30393030545327,0.431179091635981,4853282.217072106,2.493660945264021,0.9029888815281021,token,Options;DEX;Derivatives
6929,HEGIC,2025-01-31,24574831.65615803,21661787.0,14088149.583333334,12.0,-0.25750033930949057,3.0,False,1.3642210615525683,0.4492663184657705,6827443.130988307,3.5994194583061576,1.1344785015270453,token,Options;DEX;Derivatives
6929,HEGIC,2025-02-28,17907601.48291081,17248921.0,14305901.333333334,12.0,-0.22024060753029573,3.0,False,1.3505253916393183,0.44515761749179544,7673468.744868522,2.3337035802597303,1.0381867644307032,token,Options;DEX;Derivatives
6929,HEGIC,2025-04-30,19044793.9885963,16292269.0,14543167.75,12.0,-0.11411497019865213,3.0,False,1.29337613849328,0.42801284154798397,10520103.171171263,1.810323879787192,1.1689466942017899,token,Options;DEX;Derivatives
6929,HEGIC,2025-05-31,24027308.2006975,17789961.0,14851898.083333334,12.0,-0.058573866600974966,3.0,False,1.329846192866821,0.43895385786004626,12728991.069619374,1.8876050795607928,1.350610504469206,token,Options;DEX;Derivatives
6929,HEGIC,2025-06-30,20443298.41540162,15663592.0,15114157.333333334,12.0,0.004961689627340782,3.0,False,1.3289752393841938,0.4386925718152581,15816495.298150515,1.29253023694776,1.3051475303622322,token,Options;DEX;Derivatives
6929,HEGIC,2025-07-31,24257976.81500851,19042793.0,15649928.583333334,12.0,0.10783707471924364,3.0,False,1.2141120874610283,0.40423362623830844,23863650.468212575,1.0165241419086821,1.2738665391683095,token,Options;DEX;Derivatives
6929,HEGIC,2025-08-31,31276578.23175856,23553054.0,16615877.833333334,12.0,0.1867761786801505,3.0,False,1.1222127264496997,0.3766638179349099,35933763.4431429,0.8703952838462554,1.327920287184777,token,Options;DEX;Derivatives
6929,HEGIC,2025-09-30,26061680.66455981,18531907.0,16929457.916666668,12.0,0.24952003332316064,3.0,False,1.1854403746462396,0.39563211239387186,46216219.09786228,0.5639076751253607,1.406314021787386,token,Options;DEX;Derivatives
6929,HEGIC,2025-10-31,23905823.96545054,16535614.0,17190538.583333332,12.0,0.3486791308920356,3.0,False,1.124648172491191,0.37739445174735725,76580542.86247511,0.31216576785543426,1.4457173447233673,token,Options;DEX;Derivatives
6929,HEGIC,2025-11-30,17146213.67790876,12258486.0,16974249.166666668,12.0,0.4032755249636002,3.0,False,1.149660297363364,0.3848980892090092,95614282.31568725,0.17932690872789842,1.3987219692471615,token,Options;DEX;Derivatives
6929,HEGIC,2025-12-31,15085500.16892013,12423736.0,16892617.75,12.0,0.43103180177971323,3.0,False,1.1597359459793475,0.38792078379380424,107494283.89211576,0.14033769631937226,1.2142482880286678,token,Options;DEX;Derivatives
6945,AMP,2020-12-31,63495018.23013716,130605135.0,,2.0,,,False,,,,,0.48616019753080275,token,Algo-Stables;Payments
6945,AMP,2021-01-31,95727805.16684304,193254842.0,,3.0,,,False,,,,,0.4953449247436866,token,Algo-Stables;Payments
6945,AMP,2021-02-28,224354973.04713708,430982195.0,,4.0,,,False,,,,,0.5205666861646966,token,Algo-Stables;Payments
6945,AMP,2021-03-31,289264420.6834609,550063217.0,,5.0,,,False,,,,,0.5258748662764354,token,Algo-Stables;Payments
6945,AMP,2021-04-30,565982191.103187,1201874827.0,438860145.0,6.0,,,False,,,,,0.47091608742312646,token,Algo-Stables;Payments
6945,AMP,2021-05-31,1579843242.0369864,979433706.0,516084939.4285714,7.0,,,False,,,,,1.6130170243875457,token,Algo-Stables;Payments
6945,AMP,2021-06-30,2438811718.722174,1361533487.0,621766007.875,8.0,,,False,,,,,1.7912241909641509,token,Algo-Stables;Payments
6945,AMP,2021-07-31,3082402373.985368,1693783147.0,740879023.3333334,9.0,,,False,,,,,1.8198329458200517,token,Algo-Stables;Payments
6945,AMP,2021-08-31,2245903910.0952663,1240763474.0,790867468.4,10.0,,,False,,,,,1.8100983444127936,token,Algo-Stables;Payments
6945,AMP,2021-09-30,2056914846.9484887,1355416038.0,842190065.6363636,11.0,,,False,,,,,1.5175523892897074,token,Algo-Stables;Payments
6945,AMP,2021-10-31,2046054125.1643767,1297947124.0,880169820.5,12.0,,,False,,,,,1.5763771014483767,token,Algo-Stables;Payments
6945,AMP,2021-11-30,2583287470.609561,1731428553.0,1013923812.0833334,12.0,,,False,,,,,1.4919977299286002,token,Algo-Stables;Payments
6945,AMP,2021-12-31,2040437829.4796748,1369875941.0,1117196379.25,12.0,,,False,1.0103309241303642,0.3430992772391092,,,1.4895055591604662,token,Algo-Stables;Payments
6945,AMP,2022-01-31,1258780677.8652706,813375265.0,1168873081.1666667,12.0,,,False,1.1630654748585891,0.3889196424575767,,,1.547601374213501,token,Algo-Stables;Payments
6945,AMP,2022-02-28,1234705829.041485,762561480.0,1196504688.25,12.0,,,False,1.1181287906841437,0.37543863720524306,,,1.6191557814348099,token,Algo-Stables;Payments
6945,AMP,2022-03-31,1141643382.556914,764575007.0,1214380670.75,12.0,,,False,1.1111893334833662,0.3733568000450098,,,1.4931738182711929,token,Algo-Stables;Payments
6945,AMP,2022-04-30,819691319.046086,582424347.0,1162759797.4166667,12.0,1.649499642800024,1.0,False,1.1819268835401442,0.39457806506204324,1438276130551.2031,0.0005699123427237498,1.4073781827085707,token,Algo-Stables;Payments
6945,AMP,2022-05-31,528041786.89994216,337220598.0,1109242038.4166667,12.0,1.1493400672471883,1.0,False,1.256390415157232,0.41691712454716956,170839493101.1687,0.0030908648656973207,1.5658645706450653,token,Algo-Stables;Payments
6945,AMP,2022-06-30,424015958.96803296,217096164.0,1013872261.5,12.0,0.6306331460047092,1.0,False,1.1794234300568225,0.3938270290170467,16479404398.16071,0.025730053630782797,1.9531250629008488,token,Algo-Stables;Payments
6945,AMP,2022-07-31,384272915.332363,234394314.0,892256525.4166666,12.0,0.20432148477124046,1.0,False,1.0991170172550782,0.3697351051765234,2105446986.5306811,0.18251369794190886,1.639429339281511,token,Algo-Stables;Payments
6945,AMP,2022-08-31,261914753.80433905,147503043.0,801151489.5,12.0,0.013003469621535313,1.0,False,1.1380553457293778,0.3814166037188133,877374818.432761,0.2985209380321545,1.7756566134323009,token,Algo-Stables;Payments
6945,AMP,2022-09-30,205868547.08924708,104342438.0,696895356.1666666,12.0,-0.17252009421401981,1.0,False,1.1449110236678726,0.38347330710036176,416166081.4092856,0.4946788224357529,1.973008787558204,token,Algo-Stables;Payments
6945,AMP,2022-10-31,204336332.09199783,107550074.0,597695602.0,12.0,-0.32093149744617944,1.0,False,1.1355251933279322,0.38065755799837964,229712337.51903436,0.8895313778044951,1.8999180985407582,token,Algo-Stables;Payments
6945,AMP,2022-11-30,148660399.39280567,76298449.0,459768093.3333333,12.0,-0.5,1.0,True,1.1590728070928542,0.3877218421278562,104359604.03387624,1.424501374540947,1.9484065710537009,token,Algo-Stables;Payments
6945,AMP,2022-12-31,128865756.64006533,72746656.0,351673986.25,12.0,-0.5,1.0,True,1.161874315999842,0.3885622947999525,79902412.71544152,1.6127893046108406,1.7714320317358,token,Algo-Stables;Payments
6945,AMP,2023-01-31,194288787.80893344,110089945.0,293066876.25,12.0,-0.5,1.0,True,1.1689540738565845,0.3906862221569753,66751177.45029606,2.9106421074535174,1.764818647233709,token,Algo-Stables;Payments
6945,AMP,2023-02-28,222373448.9977904,133659422.0,240658371.41666666,12.0,-0.5,1.0,True,1.1658766417800643,0.38976299253401925,54755491.65101013,4.0612081508666,1.6637319365169063,token,Algo-Stables;Payments
6945,AMP,2023-03-31,157025787.19349357,83336695.0,183888512.08333334,12.0,-0.5,1.0,True,1.0523825886193565,0.3557147765858069,40142350.64102023,3.9117237701828493,1.8842334363451008,token,Algo-Stables;Payments
6945,AMP,2023-04-30,146215127.1293213,77629215.0,141822251.08333334,12.0,-0.43152795071148986,2.0,False,1.0502137781799659,0.35506413345398974,38245432.9478634,3.8230741779977597,1.8835064495927378,token,Algo-Stables;Payments
6945,AMP,2023-05-31,109411152.62599105,62262426.0,118909070.08333333,12.0,-0.5,2.0,True,1.0645028144966617,0.3593508443489985,26077210.03488502,4.195661747542214,1.7572581034023802,token,Algo-Stables;Payments
6945,AMP,2023-06-30,86292965.23919871,47798826.0,104800958.58333333,12.0,-0.5,2.0,True,1.033276579035256,0.3499829737105768,22710381.295379985,3.799714505751317,1.8053365000889083,token,Algo-Stables;Payments
6945,AMP,2023-07-31,94363980.85501872,56154884.0,89947672.75,12.0,-0.5,2.0,True,1.0251327631910703,0.34753982895732105,19430094.15368783,4.856588964964353,1.6804233956750534,token,Algo-Stables;Payments
6945,AMP,2023-08-31,83495799.66642328,43556626.0,81285471.33333333,12.0,-0.5,2.0,True,1.0250763028676855,0.34752289086030563,17558537.672491185,4.755282086915213,1.91694828856632,token,Algo-Stables;Payments
6945,AMP,2023-09-30,69252863.45681654,37923025.0,75750520.25,12.0,-0.5,2.0,True,1.019608500323976,0.3458825500971928,16328011.66259385,4.241353135205631,1.8261429159940838,token,Algo-Stables;Payments
6945,AMP,2023-10-31,68217302.0257849,37586405.0,69920214.5,12.0,-0.5,2.0,True,0.9557329032689812,0.3267198709806943,14689411.481992817,4.643977882259603,1.8149461760385144,token,Algo-Stables;Payments
6945,AMP,2023-11-30,104633454.24658205,56091925.0,68236337.5,12.0,-0.5,2.0,True,0.9780382199385672,0.3334114659815701,14466885.207397388,7.23261799250882,1.8653924650755354,token,Algo-Stables;Payments
6945,AMP,2023-12-31,154840159.673982,79905577.0,68832914.25,12.0,-0.5,2.0,True,1.0039667269820791,0.3411900180946237,14745763.222410342,10.500654143059801,1.9377891442293445,token,Algo-Stables;Payments
6945,AMP,2024-01-31,146038053.8867353,88399066.0,67025341.0,12.0,-0.5,2.0,True,0.9761343472695959,0.33284030418087873,14199182.228279402,10.284962298454252,1.6520316389625123,token,Algo-Stables;Payments
6945,AMP,2024-02-29,208620181.886796,127743929.0,66532383.25,12.0,-0.5,2.0,True,0.7193343119749056,0.2558002935924717,12552403.353496583,16.61993930657773,1.6331123014604945,token,Algo-Stables;Payments
6945,AMP,2024-03-31,444399444.50670207,298373456.0,84452113.33333333,12.0,-0.5,2.0,True,0.8177329680808827,0.2853198904242648,16705450.315679478,26.60206316555236,1.4894067671579407,token,Algo-Stables;Payments
6945,AMP,2024-04-30,313993009.2801054,247062673.0,98571568.16666667,12.0,-0.3921330827620745,3.0,False,0.8720120480682632,0.3016036144204789,28106238.549690623,11.171648199205997,1.2709042829796688,token,Algo-Stables;Payments
6945,AMP,2024-05-31,298457742.0186399,251833012.0,114369117.0,12.0,-0.3948507107745789,3.0,False,0.8597562877009064,0.29792688631027187,32185058.365593456,9.27317697014643,1.1851414540466996,token,Algo-Stables;Payments
6945,AMP,2024-06-30,207902866.1784604,189264202.0,126157898.33333333,12.0,-0.4123810086590749,3.0,False,0.9310142293131805,0.3193042687939541,34547928.14576779,6.017809962474668,1.0984796067164375,token,Algo-Stables;Payments
6945,AMP,2024-07-31,174336400.23618454,157990468.0,134644197.0,12.0,-0.43356930394909865,3.0,False,0.909081251726813,0.3127243755180439,34238783.01244344,5.091781450667369,1.1034615090587905,token,Algo-Stables;Payments
6945,AMP,2024-08-31,312567301.927962,144516105.0,143057486.91666666,12.0,-0.43445266531721327,3.0,False,0.9347300678456542,0.32041902035369624,36643005.94469303,8.530067167517156,2.1628544578333466,token,Algo-Stables;Payments
6945,AMP,2024-09-30,333994098.7739909,151875576.0,152553532.83333334,12.0,-0.4341898702340008,3.0,False,0.9398122256021774,0.3219436676806532,39183850.31051798,8.523769260223467,2.1991297585201646,token,Algo-Stables;Payments
6945,AMP,2024-10-31,295594651.49712884,130812207.0,160322349.66666666,12.0,-0.4331399310005398,3.0,False,1.051567732030805,0.35547031960924147,43043537.65007758,6.867341014118436,2.2596870603760157,token,Algo-Stables;Payments
6945,AMP,2024-11-30,603847290.3229784,253825220.0,176800124.25,12.0,-0.4413252014183042,3.0,False,1.3136293188636206,0.43408879565908615,50359178.92719379,11.990808889000826,2.378988543072979,token,Algo-Stables;Payments
6945,AMP,2024-12-31,600029263.8256176,258483323.0,191681603.08333334,12.0,-0.4443299734345294,3.0,False,1.3248344807803902,0.43745034423411705,54293739.032700054,11.051536963851976,2.3213461389368533,token,Algo-Stables;Payments
6945,AMP,2025-01-31,610234531.8320816,233081202.0,203738447.75,12.0,-0.4413987815766387,3.0,False,1.2940182748237732,0.4282054824471319,57688901.68232665,10.578023051859049,2.6181198938217314,token,Algo-Stables;Payments
6945,AMP,2025-02-28,382242258.6236108,142377594.0,204957919.83333334,12.0,-0.4446286994338219,3.0,False,1.3268917161961333,0.43806751485884,58037706.78018588,6.586102033137337,2.6847079507721614,token,Algo-Stables;Payments
6945,AMP,2025-03-31,320223649.8735032,98823495.0,188328756.41666666,12.0,-0.46273658997551903,3.0,False,1.3336867173513136,0.44010601520539405,50651483.789127804,6.322098108846286,3.240359490154676,token,Algo-Stables;Payments
6945,AMP,2025-04-30,345966807.0136523,85970427.0,174904402.58333334,12.0,-0.46817316822477495,3.0,False,1.3248715944463276,0.43746147833389826,46164948.82171491,7.494144710302758,4.024253677530907,token,Algo-Stables;Payments
6945,AMP,2025-05-31,348791211.6694389,70366293.0,159782176.0,12.0,-0.4757955898555074,3.0,False,1.2963972607058802,0.42891917821176406,40866995.2532238,8.534789737004813,4.956793896609544,token,Algo-Stables;Payments
6945,AMP,2025-06-30,283069266.15705854,23219399.0,145945109.08333334,12.0,-0.4759145516106601,3.0,False,1.4823915465166757,0.4847174639550027,39354011.77485824,7.192894787359407,12.19106774284117,token,Algo-Stables;Payments
6945,AMP,2025-07-31,303288567.57354206,20293144.0,134470332.08333334,12.0,-0.46783589019156135,3.0,False,1.528585345521152,0.49857560365634557,37579673.01052202,8.070548338422837,14.945371085601229,token,Algo-Stables;Payments
6945,AMP,2025-08-31,280854434.98449886,17308427.0,123869692.25,12.0,-0.46327708441606774,3.0,False,1.502419285331974,0.4907257855995922,34844940.31896425,8.060120993567743,16.226456337395586,token,Algo-Stables;Payments
6945,AMP,2025-09-30,258894899.63364947,14761314.0,112443503.75,12.0,-0.45559479798519376,3.0,False,1.4896274876955968,0.486888246308679,32238010.972459145,8.030734273737382,17.538743477284573,token,Algo-Stables;Payments
6945,AMP,2025-10-31,210629331.3956445,11649506.0,102513278.66666667,12.0,-0.44439430602191865,3.0,False,1.4989055679239986,0.48967167037719955,30428661.504172698,6.922070212216228,18.080537612122306,token,Algo-Stables;Payments
6945,AMP,2025-11-30,185242725.0570653,10404633.0,82228229.75,12.0,-0.4365863422845919,3.0,False,1.4465334153676594,0.4739600246102978,24628288.90206823,7.521542637154504,17.803869204907592,token,Algo-Stables;Payments
6945,AMP,2025-12-31,157907866.65332362,7823299.0,61339894.416666664,12.0,-0.4412713688806531,3.0,False,1.448747289243922,0.4746241867731765,18136251.873306736,8.70675306873827,20.184306729593693,token,Algo-Stables;Payments
6945,AMP,2026-01-31,135312705.14144528,5771575.0,42397425.5,12.0,-0.4750423726733196,3.0,False,1.4389129688158113,0.47167389064474335,11327714.301324625,11.945278768694076,23.44467587122151,token,Algo-Stables;Payments
6945,AMP,2026-02-28,122505038.3392974,4770764.0,30930189.666666668,12.0,-0.49534582570913355,3.0,False,1.4063307939429572,0.46189923818288714,7705297.046515781,15.89880800178785,25.67828514244205,token,Algo-Stables;Payments
6945,AMP,2026-03-31,87985860.61784542,2845053.0,22931986.166666668,12.0,-0.5,3.0,True,1.5794883898677048,0.5138465169603115,5905003.9592146035,14.900220427548705,30.925912669410874,token,Algo-Stables;Payments
6945,AMP,2026-04-30,77003922.31334849,1552417.0,15897152.0,12.0,-0.5,3.0,True,1.5432930409614354,0.5029879122884306,4055289.668726502,18.988513424129902,49.602601822415295,token,Algo-Stables;Payments
6945,AMP,2026-05-31,62664709.75393681,1256160.0,10137974.25,12.0,-0.5,3.0,True,1.5367771462198652,0.5010331438659595,2581717.221326775,24.272491671931707,49.885929940403145,token,Algo-Stables;Payments
6950,PERP,2021-06-30,179905772.49642664,9350324.0,,1.0,,,False,,,,,19.24059235770083,token,Derivatives;DEX
6950,PERP,2021-07-31,645203241.6896813,12911678.0,,2.0,,,False,,,,,49.9705182927952,token,Derivatives;DEX
6950,PERP,2021-08-31,1191287614.8702002,13029307.0,,3.0,,,False,,,,,91.4313873232245,token,Derivatives;DEX
6950,PERP,2021-09-30,978490677.9439102,16115899.0,,4.0,,,False,,,,,60.71586065064755,token,Derivatives;DEX
6950,PERP,2021-10-31,1128600846.7979774,12757169.0,,5.0,,,False,,,,,88.46797018977936,token,Derivatives;DEX
6950,PERP,2021-11-30,867034784.9186919,10274533.0,12406485.0,6.0,,,False,,,,,84.3867828268878,token,Derivatives;DEX
6950,PERP,2021-12-31,651044093.6700099,20843609.0,13611788.42857143,7.0,,,False,,,,,31.234710537412685,token,Derivatives;DEX
6950,PERP,2022-01-31,468283693.5547568,30729706.0,15751528.125,8.0,,,False,0.9461205439373093,0.32383616318119274,,,15.238795110983386,token,Derivatives;DEX
6950,PERP,2022-02-28,350188392.81000644,34317471.0,17814410.666666668,9.0,,,False,0.8869056234181937,0.30607168702545806,,,10.2043764474954,token,Derivatives;DEX
6950,PERP,2022-03-31,376314548.3930472,48887181.0,20921687.7,10.0,,,False,0.8820164961148511,0.3046049488344553,,,7.697611944387777,token,Derivatives;DEX
6950,PERP,2022-04-30,237674509.1256467,53611635.0,23893501.09090909,11.0,,,False,0.9588735450122827,0.32766206350368476,,,4.433263584026988,token,Derivatives;DEX
6950,PERP,2022-05-31,106198592.50501,37922823.0,25062611.25,12.0,,,False,1.0613201232216725,0.3583960369665017,,,2.800387315707219,token,Derivatives;DEX
6950,PERP,2022-06-30,49226969.57702801,29641634.0,26753553.75,12.0,,,False,1.1197149609460515,0.3759144882838154,,,1.6607373796271827,token,Derivatives;DEX
6950,PERP,2022-07-31,78006306.20743814,21734063.0,27488752.5,12.0,,,False,1.1690357325418927,0.39071071976256777,,,3.589126718158411,token,Derivatives;DEX
6950,PERP,2022-08-31,62429784.41876004,21875766.0,28225957.416666668,12.0,,,False,1.1703589122450522,0.3911076736735156,,,2.8538330689201943,token,Derivatives;DEX
6950,PERP,2022-09-30,52145323.26033057,22555688.0,28762606.5,12.0,,,False,1.1702328600802956,0.39106985802408867,,,2.311848047389668,token,Derivatives;DEX
6950,PERP,2022-10-31,48907502.9751566,22432079.0,29568849.0,12.0,,,False,1.1618855126901242,0.3885656538070372,,,2.1802483387811087,token,Derivatives;DEX
6950,PERP,2022-11-30,48078913.9201258,17083203.0,30136238.166666668,12.0,1.429071422459034,1.0,False,1.123934340642753,0.3771803021928259,18190790255.98701,0.002643036022269671,2.814396920772164,token,Derivatives;DEX
6950,PERP,2022-12-31,34407918.40025914,17280696.0,29839328.75,12.0,1.1921681273980593,1.0,False,1.1289277274861436,0.378678318245843,6838809256.6301985,0.005031273297599403,1.9911187836565805,token,Derivatives;DEX
6950,PERP,2023-01-31,46184338.77830921,16740235.0,28673539.5,12.0,0.8203655716737006,1.0,False,1.3269866314849863,0.4380959894454959,931387759.1508977,0.04958658552739977,2.7588823441432697,token,Derivatives;DEX
6950,PERP,2023-02-28,59616717.18413314,17496006.0,27271750.75,12.0,0.5308814453811475,1.0,False,1.3225372501488692,0.4367611750446607,234829018.64909714,0.2538728711089061,3.4074472301926018,token,Derivatives;DEX
6950,PERP,2023-03-31,55570514.8166185,17460206.0,24652836.166666668,12.0,0.17833878988006635,1.0,False,1.2522210711466408,0.41566632134399223,48629754.00345095,1.1427266280778432,3.1826952566664164,token,Derivatives;DEX
6950,PERP,2023-04-30,45762071.63033267,17788104.0,21667541.916666668,12.0,-0.09316169973471766,1.0,False,1.2484650199278817,0.4145395059783645,16656741.629007524,2.7473603571204195,2.572622221588803,token,Derivatives;DEX
6950,PERP,2023-05-31,37927453.62737405,20582285.0,20222497.083333332,12.0,-0.19312090501609913,1.0,False,1.2511038036908517,0.4153311411072555,11536823.122573435,3.2875127948493548,1.8427231780812505,token,Derivatives;DEX
6950,PERP,2023-06-30,35502349.89432642,18676880.0,19308767.583333332,12.0,-0.27827279456908294,1.0,False,1.2333387119779218,0.4100016135933765,8594353.158352578,4.130892603572244,1.900871553189099,token,Derivatives;DEX
6950,PERP,2023-07-31,32437445.81052225,18050466.0,19001801.166666668,12.0,-0.30874268788055526,1.0,False,1.2318972516953113,0.40956917550859334,7750703.824058311,4.185096804994133,1.7970420160079108,token,Derivatives;DEX
6950,PERP,2023-08-31,27836651.7006134,12501637.0,18220623.75,12.0,-0.3544727825869527,1.0,False,1.2273147166237315,0.4081944149871194,6513335.262063566,4.273793775478732,2.2266405352045817,token,Derivatives;DEX
6950,PERP,2023-09-30,40776464.54276652,13311540.0,17450278.083333332,12.0,-0.3932998359055765,1.0,False,1.2371151516466639,0.41113454549399914,5592537.970485407,7.291227124064981,3.0632417092813093,token,Derivatives;DEX
6950,PERP,2023-10-31,38668766.98033451,11912295.0,16573629.416666666,12.0,-0.4394902075266215,1.0,False,1.1548988118510313,0.38646964355530933,4520548.909403428,8.553998143875317,3.246122345050598,token,Derivatives;DEX
6950,PERP,2023-11-30,41926343.80116325,8828483.0,15885736.083333334,12.0,0.13156444809022982,2.0,False,1.154783989730226,0.38643519691906775,27037100.48565532,1.5506967481001708,4.748986184961023,token,Derivatives;DEX
6950,PERP,2023-12-31,74943063.3146002,8482285.0,15152535.166666666,12.0,0.05507918511251142,2.0,False,1.206801155309215,0.4020403465927645,19078424.663267717,3.9281578346922115,8.83524466751591,token,Derivatives;DEX
6950,PERP,2024-01-31,71965538.0832247,8496128.0,14465526.25,12.0,-0.041690546527045735,2.0,False,1.2063071394572022,0.40189214183716065,13084779.622447481,5.499942693705352,8.470392405013754,token,Derivatives;DEX
6950,PERP,2024-02-29,86461092.99697936,8627990.0,13726524.916666666,12.0,-0.12220203125057427,2.0,False,1.2638244065631865,0.41914732196895593,9669378.95827673,8.94174210878052,10.021000603498539,token,Derivatives;DEX
6950,PERP,2024-03-31,96931007.01586896,7245693.0,12875315.5,12.0,-0.21552233644333785,2.0,False,1.1562894446769918,0.3868868334030975,6770417.29914435,14.316843812288965,13.37774137213224,token,Derivatives;DEX
6950,PERP,2024-04-30,64838217.89444603,7307078.0,12001896.666666666,12.0,-0.2912630977006577,2.0,False,1.176680979675955,0.39300429390278646,5079993.313488995,12.76344551916633,8.873344159518487,token,Derivatives;DEX
6950,PERP,2024-05-31,74547892.71822639,6952742.0,10866101.416666666,12.0,-0.34154861094143596,2.0,False,1.3390537279826524,0.4417161183947957,4144877.4013716523,17.985548304409793,10.722085289260898,token,Derivatives;DEX
6950,PERP,2024-06-30,49651368.81812244,5881181.0,9799793.166666666,12.0,-0.39477380663075323,2.0,False,1.3644717866605114,0.4493415359981534,3237651.033112963,15.335614712739202,8.442414681357782,token,Derivatives;DEX
6950,PERP,2024-07-31,39068047.82123128,5851771.0,8783235.25,12.0,-0.4347380635143384,2.0,False,1.2782240413497514,0.4234672124049254,2524430.6412239247,15.475983844931404,6.6762776296665205,token,Derivatives;DEX
6950,PERP,2024-08-31,37552328.58148695,5156237.0,8171118.583333333,12.0,-0.46195770607395514,2.0,False,1.2368892595818608,0.4110667778745582,2138865.015769956,17.557128806451924,7.282894207827714,token,Derivatives;DEX
6950,PERP,2024-09-30,43351649.48919778,5291816.0,7502808.25,12.0,-0.48926243245644463,2.0,False,1.2310095979307634,0.409302879379229,1804119.74082564,24.02925288615171,8.192206510807969,token,Derivatives;DEX
6950,PERP,2024-10-31,41462200.05137344,4438381.0,6879982.083333333,12.0,-0.5,2.0,True,1.324174090565719,0.4372522271697157,1648837.7415134325,25.146319135875785,9.341739713506668,token,Derivatives;DEX
6950,PERP,2024-11-30,64437328.3356477,3473768.0,6433755.833333333,12.0,-0.19658745881238182,3.0,False,1.360100536384918,0.4480301609154753,3693425.8465233366,17.4464930428489,18.54969253434533,token,Derivatives;DEX
6950,PERP,2024-12-31,51500183.78968705,3332750.0,6004627.916666667,12.0,-0.23875643057562146,3.0,False,1.3661467516893517,0.44984402550680547,3066618.93375819,16.793799589104072,15.45275936979583,token,Derivatives;DEX
6950,PERP,2025-01-31,42868380.20169952,3318989.0,5573199.666666667,12.0,-0.2927157782975943,3.0,False,1.354046526182304,0.4462139578546912,2444363.3566546207,17.537646391643506,12.916095895979021,token,Derivatives;DEX
6950,PERP,2025-02-28,29128694.85918033,3185603.0,5119667.416666667,12.0,-0.3400818143870855,3.0,False,1.3886077550380183,0.45658232651140546,1983812.2482294077,14.683191358042212,9.143855922781443,token,Derivatives;DEX
6950,PERP,2025-03-31,21766100.84985735,3034872.0,4768765.666666667,12.0,-0.38914740616658705,3.0,False,1.395642659059962,0.45869279771798854,1613584.7664462624,13.48928256046611,7.1719996262963805,token,Derivatives;DEX
6950,PERP,2025-04-30,23008056.46919008,2938062.0,4404681.0,12.0,-0.43086989796833564,3.0,False,1.370291868574268,0.4510875605722804,1314208.1948381043,17.507162532968692,7.831031635544138,token,Derivatives;DEX
6950,PERP,2025-06-30,15373037.01575923,2931280.0,3823969.9166666665,12.0,-0.4771493373734945,3.0,False,1.3181479581517979,0.4354443874455393,980532.0620566311,15.678260416609765,5.244479209000583,token,Derivatives;DEX
6950,PERP,2025-07-31,17631348.27366285,2948784.0,3582054.3333333335,12.0,-0.49301818794015784,3.0,False,1.3198802466898938,0.4359640740069681,875840.9594510029,20.13076470494664,5.9791928719305485,token,Derivatives;DEX
6950,PERP,2025-08-31,17532940.10957142,2767405.0,3382985.0,12.0,-0.5,3.0,True,1.262154239958078,0.4186462719874234,795015.411397068,22.05358519875868,6.335516525254316,token,Derivatives;DEX
6950,PERP,2025-09-30,18736056.98297382,2749411.0,3171117.9166666665,12.0,-0.5,3.0,True,1.2656884196858476,0.41970652590575425,746077.5864265772,25.11274607874535,6.814571187419349,token,Derivatives;DEX
6953,FRAX,2021-12-31,632904209.4712359,1340958687.0,312817797.4166667,12.0,,,False,,,,,0.4719789025619966,token,Algo-Stables;Dexs;Lending;Liquid Staking;RWA;Services
6953,FRAX,2022-01-31,350610821.7119402,2231620548.0,492746880.0,12.0,,,False,,,,,0.15711041109841054,token,Algo-Stables;Dexs;Lending;Liquid Staking;RWA;Services
6953,FRAX,2022-02-28,364080368.5497099,2450372013.0,690983134.25,12.0,,,False,,,,,0.1485816711169358,token,Algo-Stables;Dexs;Lending;Liquid Staking;RWA;Services
6953,FRAX,2022-03-31,364126223.1581176,2304164807.0,875310297.25,12.0,,,False,,,,,0.1580295914823065,token,Algo-Stables;Dexs;Lending;Liquid Staking;RWA;Services
6953,FRAX,2022-04-30,380539017.8216144,2337017615.0,1062601281.5833334,12.0,,,False,,,,,0.1628310438822321,token,Algo-Stables;Dexs;Lending;Liquid Staking;RWA;Services
6953,FRAX,2022-05-31,121319140.00298092,1261423945.0,1159496702.3333333,12.0,2.0,1.0,True,,,,,0.09617634141468666,token,Algo-Stables;Dexs;Lending;Liquid Staking;RWA;Services
6953,FRAX,2022-06-30,77890047.15767984,1312786220.0,1258384611.75,12.0,2.0,1.0,True,,,,,0.05933185919462183,token,Algo-Stables;Dexs;Lending;Liquid Staking;RWA;Services
6953,FRAX,2022-07-31,120049411.65811504,1277494074.0,1349793392.0833333,12.0,2.0,1.0,True,,,,,0.09397257811319995,token,Algo-Stables;Dexs;Lending;Liquid Staking;RWA;Services
6953,FRAX,2022-08-31,93643110.2900126,1311293684.0,1443143995.9166667,12.0,2.0,1.0,True,,,,,0.0714127669740325,token,Algo-Stables;Dexs;Lending;Liquid Staking;RWA;Services
6953,FRAX,2022-09-30,66632076.12967006,1364043554.29352,1538898797.7744598,12.0,2.0,1.0,True,,,,,0.04884893588620112,token,Algo-Stables;Dexs;Lending;Liquid Staking;RWA;Services
6953,FRAX,2022-10-31,111484439.27765204,1385634207.57621,1621830105.239144,12.0,2.0,1.0,True,,,,,0.08045733763506295,token,Algo-Stables;Dexs;Lending;Liquid Staking;RWA;Services
6953,FRAX,2022-11-30,79717872.94183636,1346045911.70945,1660237938.8815985,12.0,2.0,1.0,True,,,,,0.05922373988016229,token,Algo-Stables;Dexs;Lending;Liquid Staking;RWA;Services
6953,FRAX,2022-12-31,301535590.2880911,1358910829.71788,1661733950.7747548,12.0,2.0,1.0,True,1.8709865982141611,0.6012959794642484,2118310979977.8257,0.00014234717807639724,0.2218950527833325,token,Algo-Stables;Dexs;Lending;Liquid Staking;RWA;Services
6953,FRAX,2023-01-31,752671794.1673821,631707026.7948,1528407824.0076551,12.0,2.0,1.0,True,2.622220996703447,0.8266662990110341,692856810412.5586,0.001086330945811454,1.1914887158788492,token,Algo-Stables;Dexs;Lending;Liquid Staking;RWA;Services
6953,FRAX,2023-02-28,852487794.8801639,643669059.6031101,1377849244.557914,12.0,0.9940417880871222,1.0,False,2.607294371095906,0.8221883113287718,22910699688.021793,0.037209155830621045,1.3244194080197247,token,Algo-Stables;Dexs;Lending;Liquid Staking;RWA;Services
6953,FRAX,2023-03-31,641130495.0248716,525532311.24615,1229629869.91176,12.0,0.4047931045424018,1.0,False,2.1615005002928918,0.6884501500878676,3756495836.3851886,0.17067248918923877,1.2199639894730991,token,Algo-Stables;Dexs;Lending;Liquid Staking;RWA;Services
6953,FRAX,2023-04-30,550715055.6202106,511700514.39044,1077520111.52763,12.0,0.01403991337377919,1.0,False,2.1333446042988276,0.6800033812896483,1122240963.6668732,0.4907279928730932,1.076244873969389,token,Algo-Stables;Dexs;Lending;Liquid Staking;RWA;Services
6953,FRAX,2023-05-31,472104444.8916478,511464151.55704,1015023462.07405,12.0,2.0,2.0,True,2.1289507982513998,0.6786852394754199,886626227776.6594,0.000532472906960486,0.9230450334679954,token,Algo-Stables;Dexs;Lending;Liquid Staking;RWA;Services
6953,FRAX,2023-06-30,423610260.40948486,549973272.4023299,951455716.4409108,12.0,2.0,2.0,True,2.031321398912042,0.6493964196736127,955987263436.5881,0.00044311287044420284,0.770237903669608,token,Algo-Stables;Dexs;Lending;Liquid Staking;RWA;Services
6953,FRAX,2023-07-31,408609628.22782326,465482503.75291,883788085.5869867,12.0,2.0,2.0,True,2.0231798818504645,0.6469539645551393,898572790533.0283,0.0004547318064076237,0.8778195204619843,token,Algo-Stables;Dexs;Lending;Liquid Staking;RWA;Services
6953,FRAX,2023-08-31,411399238.3333412,442498188.95336,811388460.9997667,12.0,1.7351302864416578,2.0,False,1.9781050979682255,0.6334315293904677,374630610809.43774,0.001098146351267079,0.9297195979636049,token,Algo-Stables;Dexs;Lending;Liquid Staking;RWA;Services
6953,FRAX,2023-09-30,409780160.3764228,412344886.843,732080238.7122234,12.0,1.4791293959604572,2.0,False,1.9631675474286279,0.6289502642285884,142036299694.59482,0.0028850382701994383,0.9937801424283123,token,Algo-Stables;Dexs;Lending;Liquid Staking;RWA;Services
6953,FRAX,2023-10-31,433888770.47383744,407386174.95155,650559569.326835,12.0,1.1271234710284652,2.0,False,1.7335150570642515,0.5600545171192755,45240252688.761375,0.009590768059118831,1.065055215792336,token,Algo-Stables;Dexs;Lending;Liquid Staking;RWA;Services
6953,FRAX,2023-11-30,536833450.2706951,465695396.19118,577197026.3669792,12.0,0.6756783819021726,2.0,False,1.74228714654553,0.562686143963659,6198141899.701191,0.08661199742725728,1.152756618728331,token,Algo-Stables;Dexs;Lending;Liquid Staking;RWA;Services
6953,FRAX,2023-12-31,653754158.0875275,494293130.72415,505145551.450835,12.0,0.2707570841892506,2.0,False,1.7411866167735566,0.562355985032067,1164166656.980592,0.5615640631583785,1.322604174429379,token,Algo-Stables;Dexs;Lending;Liquid Staking;RWA;Services
6953,FRAX,2024-01-31,740209981.2333423,500758190.95267,494233148.46399087,12.0,0.001507010451451185,2.0,False,1.7376402023694872,0.5612920607108461,502639966.15886056,1.4726444991829344,1.4781784793677084,token,Algo-Stables;Dexs;Lending;Liquid Staking;RWA;Services
6953,FRAX,2024-02-29,692206561.1302092,683536454.34428,497555431.35908836,12.0,-0.1514312928592605,2.0,False,1.334280742214726,0.4402842226644178,323775402.01948524,2.1379220188214028,1.0126841907711366,token,Algo-Stables;Dexs;Lending;Liquid Staking;RWA;Services
6953,FRAX,2024-03-31,600553130.7954035,694591790.76702,511643721.31916076,12.0,-0.23545543434291782,2.0,False,1.2775766070177959,0.4232729821053387,259595695.9834159,2.3134171332092093,0.8646130558672858,token,Algo-Stables;Dexs;Lending;Liquid Staking;RWA;Services
6953,FRAX,2024-04-30,331377990.46718043,604537406.15204,519380128.9659608,12.0,-0.3008707100130661,2.0,False,1.3228745960125117,0.43686237880375345,221188646.98720968,1.498169074140331,0.5481513419929543,token,Algo-Stables;Dexs;Lending;Liquid Staking;RWA;Services
6953,FRAX,2024-05-31,375833864.437342,711330900.62566,536035691.3883458,12.0,0.8874228271183295,3.0,False,1.3233862935302445,0.4370158880590733,23704745473.39369,0.0158547943431487,0.5283530690242371,token,Algo-Stables;Dexs;Lending;Liquid Staking;RWA;Services
6953,FRAX,2024-06-30,246076296.9592516,610624594.1424401,541089968.2000216,12.0,0.8435875755253606,3.0,False,1.3452669075686325,0.4435800722705897,19043054974.142204,0.012922101905045629,0.4029911328822919,token,Algo-Stables;Dexs;Lending;Liquid Staking;RWA;Services
6953,FRAX,2024-07-31,179476939.02267334,595083105.41846,551890018.3388175,12.0,0.7783330116411582,3.0,False,1.3420677477075418,0.4426203243122625,14502401056.471912,0.012375670644039945,0.3015997889848778,token,Algo-Stables;Dexs;Lending;Liquid Staking;RWA;Services
6953,FRAX,2024-08-31,151168335.4335612,455893613.85504,553006303.7472908,12.0,0.7211514904103444,3.0,False,1.3384380033746437,0.4415314010123931,11234072371.466476,0.013456236566315439,0.3315868677239862,token,Algo-Stables;Dexs;Lending;Liquid Staking;RWA;Services
6953,FRAX,2024-09-30,179637727.59164855,465931607.82653,557471863.8292516,12.0,0.6727108976544833,3.0,False,1.3439194706409998,0.4431758411922999,9001495793.975643,0.019956430764748366,0.3855452701086746,token,Algo-Stables;Dexs;Lending;Liquid Staking;RWA;Services
6953,FRAX,2024-10-31,156588375.6115411,418106844.03953,558365252.9199166,12.0,0.571829992537505,3.0,False,1.3216729111882284,0.4365018733564685,5808677457.816155,0.026957664072195263,0.37451760918014637,token,Algo-Stables;Dexs;Lending;Liquid Staking;RWA;Services
6953,FRAX,2024-11-30,284187530.04338413,512672641.21178,562280023.3383,12.0,0.3985241414602321,3.0,False,1.4440747687511737,0.4732224306253521,2439142033.3220177,0.116511267552686,0.5543255231479947,token,Algo-Stables;Dexs;Lending;Liquid Staking;RWA;Services
6953,FRAX,2024-12-31,302999255.4707266,472971775.40834,560503243.7286491,12.0,0.21458773749763482,3.0,False,1.4336999450875376,0.47010998352626127,1183379998.1015842,0.2560456116858555,0.6406286193486542,token,Algo-Stables;Dexs;Lending;Liquid Staking;RWA;Services
6953,FRAX,2025-01-31,226755703.96066543,423543977.60023,554068725.9492792,12.0,0.03987208074429982,3.0,False,1.3806963585152319,0.45420890755456955,646164925.4161044,0.35092542947087974,0.5353769996812305,token,Algo-Stables;Dexs;Lending;Liquid Staking;RWA;Services
6953,FRAX,2025-02-28,142122068.5586282,295616610.56407,521742072.3009283,12.0,-0.08939617428246416,3.0,False,1.404348907940161,0.46130467238204825,408742755.4622503,0.3477054129018171,0.4807648267377235,token,Algo-Stables;Dexs;Lending;Liquid Staking;RWA;Services
6953,FRAX,2025-03-31,170692495.54456815,228271788.8322,482882072.1396933,12.0,-0.17985051840839905,3.0,False,1.3913486068029801,0.457404582040894,291803358.7249078,0.5849572681083679,0.7477599243331916,token,Algo-Stables;Dexs;Lending;Liquid Staking;RWA;Services
6953,FRAX,2025-04-30,215857674.27544132,220889303.14917,450911396.8894541,12.0,-0.24853811254701919,3.0,False,1.4700093589378647,0.4810028076813594,228209719.73995566,0.9458741482238817,0.977221038764694,token,Algo-Stables;Dexs;Lending;Liquid Staking;RWA;Services
6953,FRAX,2025-05-31,258347320.8376048,298665686.58681,416522629.0528833,12.0,-0.2891308056908888,3.0,False,1.3905134423253662,0.45715403269760985,185898225.70365474,1.3897245111389231,0.8650050288335138,token,Algo-Stables;Dexs;Lending;Liquid Staking;RWA;Services
6953,FRAX,2025-06-30,184123153.40658787,287997165.07666,389637009.96406835,12.0,-0.3234774647555968,3.0,False,1.5076003649360294,0.4922801094808088,162130830.79864657,1.1356455308321587,0.6393227980476037,token,Algo-Stables;Dexs;Lending;Liquid Staking;RWA;Services
6953,FRAX,2025-07-31,264080283.03656468,424526726.52565,375423978.3896675,12.0,-0.34724295162354435,3.0,False,1.4671637207014443,0.48014911621043327,145163993.82572842,1.819185846826432,0.6220580861841425,token,Algo-Stables;Dexs;Lending;Liquid Staking;RWA;Services
6953,FRAX,2025-08-31,230646069.41807088,481402824.0554,377549745.90636414,12.0,-0.3604298711287507,3.0,False,1.4747078060935968,0.482412341828079,141021859.24174544,1.635534169370778,0.47911241457845716,token,Algo-Stables;Dexs;Lending;Liquid Staking;RWA;Services
6953,FRAX,2025-09-30,192815498.5211973,504951150.99726,380801374.503925,12.0,-0.37218818827038114,3.0,False,1.4530638470469883,0.47591915411409647,137004490.47503334,1.4073662684533288,0.38184980495716025,token,Algo-Stables;Dexs;Lending;Liquid Staking;RWA;Services
6953,FRAX,2025-10-31,114562986.92582642,539089081.49157,390883227.6249283,12.0,-0.37767980773173804,3.0,False,1.492813775996835,0.4878441327990505,139785467.85511068,0.8195629251287575,0.21251216331232242,token,Algo-Stables;Dexs;Lending;Liquid Staking;RWA;Services
6953,FRAX,2025-11-30,73293759.84787168,464472881.53056,386866580.9848266,12.0,-0.38463853880489973,3.0,False,1.5065379430851569,0.49196138292554703,136137079.81009874,0.5383820480805899,0.15779986897480325,token,Algo-Stables;Dexs;Lending;Liquid Staking;RWA;Services
6953,FRAX,2025-12-31,56542162.31377121,395182243.12303,380384119.9610508,12.0,-0.3882786640378737,3.0,False,1.515484229895837,0.4946452689687511,132785014.57608178,0.42581734463247184,0.14307870178308654,token,Algo-Stables;Dexs;Lending;Liquid Staking;RWA;Services
6953,FRAX,2026-01-31,67810042.20731308,328269934.41544,372444616.36231834,12.0,-0.37539208551520675,3.0,False,0.9115305302286083,0.31345915906858246,113471990.64250211,0.5975927788290172,0.20656793418521383,token,Algo-Stables;Dexs;Lending;Liquid Staking;RWA;Services
6953,FRAX,2026-02-28,56005396.87705476,252987077.57822,368892155.2801642,12.0,-0.35548567796441777,3.0,False,0.9177543859545835,0.315326315786375,119731749.3186329,0.46775727570814907,0.22137651224394528,token,Algo-Stables;Dexs;Lending;Liquid Staking;RWA;Services
6953,FRAX,2026-03-31,40420404.46626729,327848116.93248,377190182.6218541,12.0,-0.32558276750873416,3.0,False,1.0254754097781371,0.3476426229334411,138667237.4128651,0.29149210167013256,0.12329003089742264,token,Algo-Stables;Dexs;Lending;Liquid Staking;RWA;Services
6953,FRAX,2026-04-30,43741775.33866498,362161504.0837,388962866.033065,12.0,-0.28797662349129927,3.0,False,1.0300795227520987,0.3490238568256296,160255122.27472126,0.27295087182099287,0.12077974838693986,token,Algo-Stables;Dexs;Lending;Liquid Staking;RWA;Services
6953,FRAX,2026-05-31,37688502.60752251,336420106.15873003,392109067.6640584,12.0,-0.27170007000184526,3.0,False,1.0328532070352077,0.34985596211056225,169781326.21593747,0.22198261403370206,0.11202809201225412,token,Algo-Stables;Dexs;Lending;Liquid Staking;RWA;Services
7064,BAKE,2021-07-31,340637436.6433335,194711542.0,,1.0,,,False,,,,,1.749446556400511,token,Dexs;NFT;DEX;Gaming
7064,BAKE,2021-08-31,510084710.6178546,173277039.0,,2.0,,,False,,,,,2.9437524646173956,token,Dexs;NFT;DEX;Gaming
7064,BAKE,2021-09-30,331751588.88937944,99675751.0,,3.0,,,False,,,,,3.3283078939568704,token,Dexs;NFT;DEX;Gaming
7064,BAKE,2021-10-31,387229694.97295296,139014458.0,,4.0,,,False,,,,,2.785535407928238,token,Dexs;NFT;DEX;Gaming
7064,BAKE,2021-11-30,335138404.4231039,82845803.0,,5.0,,,False,,,,,4.04532749140115,token,Dexs;NFT;DEX;Gaming
7064,BAKE,2021-12-31,206567165.02258083,47561925.0,122847753.0,6.0,,,False,,,,,4.343120364084944,token,Dexs;NFT;DEX;Gaming
7064,BAKE,2022-01-31,120039382.75050782,34508177.0,110227813.57142857,7.0,,,False,,,,,3.4785779251830027,token,Dexs;NFT;DEX;Gaming
7064,BAKE,2022-02-28,115733619.2681182,31846456.0,100430143.875,8.0,,,False,0.632997290914744,0.2298991872744232,,,3.634112984757808,token,Dexs;NFT;DEX;Gaming
7064,BAKE,2022-03-31,304665098.78268856,41171132.0,93845809.22222222,9.0,,,False,0.7315149935126668,0.25945449805380005,,,7.399968958412136,token,Dexs;NFT;DEX;Gaming
7064,BAKE,2022-04-30,104240737.43486124,33955435.0,87856771.8,10.0,,,False,0.9959763449905181,0.3387929034971554,,,3.0699279050573565,token,Dexs;NFT;DEX;Gaming
7064,BAKE,2022-05-31,69234370.1294587,23481576.0,82004481.27272727,11.0,,,False,1.0947134641668037,0.36841403925004107,,,2.9484549984830104,token,Dexs;NFT;DEX;Gaming
7064,BAKE,2022-06-30,44153804.19765198,14827464.0,76406396.5,12.0,,,False,1.1578123201722228,0.3873436960516668,,,2.9778392446376523,token,Dexs;NFT;DEX;Gaming
7064,BAKE,2022-07-31,62704507.91948651,6068175.0,60686115.916666664,12.0,,,False,1.1748498056456478,0.3924549416936943,,,10.333338758273534,token,Dexs;NFT;DEX;Gaming
7064,BAKE,2022-08-31,48492429.95290845,5355022.0,46692614.5,12.0,,,False,1.207257786488959,0.4021773359466877,,,9.05550527204341,token,Dexs;NFT;DEX;Gaming
7064,BAKE,2022-09-30,47565400.97514205,5197680.0,38819441.916666664,12.0,,,False,1.2049412824085797,0.40148238472257386,,,9.15127537192402,token,Dexs;NFT;DEX;Gaming
7064,BAKE,2022-10-31,74546379.66167107,8413366.0,27936017.583333332,12.0,,,False,1.186663918193227,0.3959991754579681,,,8.860470311367777,token,Dexs;NFT;DEX;Gaming
7064,BAKE,2022-11-30,38083683.71764131,6859860.0,21603855.666666668,12.0,,,False,1.2159345294611528,0.4047803588383458,,,5.551670692644064,token,Dexs;NFT;DEX;Gaming
7064,BAKE,2022-12-31,24754185.82389047,6090183.0,18147877.166666668,12.0,-0.5,1.0,True,1.2188964711469437,0.40566894134408304,4204539.19513624,5.8874907986411005,4.064604597906248,token,Dexs;NFT;DEX;Gaming
7064,BAKE,2023-01-31,37890612.99843316,7865841.0,15927682.5,12.0,-0.5,1.0,True,1.2024116239710445,0.40072348719131334,3669730.099578093,10.32517704852175,4.817108939582323,token,Dexs;NFT;DEX;Gaming
7064,BAKE,2023-02-28,44671356.08270503,8108946.0,13949556.666666666,12.0,-0.5,1.0,True,1.2008036202456944,0.4002410860737083,3212218.682689215,13.906698296551506,5.5088979606850295,token,Dexs;NFT;DEX;Gaming
7064,BAKE,2023-03-31,37658025.26901058,8564494.0,11232336.833333334,12.0,-0.5,1.0,True,1.0768806012462608,0.3630641803738782,2474781.447213786,15.216707443563383,4.396993595769999,token,Dexs;NFT;DEX;Gaming
7064,BAKE,2023-04-30,34562487.29173334,8816555.0,9137430.166666666,12.0,-0.5,1.0,True,1.070382895860985,0.36111486875829546,2008318.4501019763,17.209664777007035,3.92018053443021,token,Dexs;NFT;DEX;Gaming
7064,BAKE,2023-05-31,41582361.13189135,8563301.0,7894240.583333333,12.0,-0.5,1.0,True,1.0828958891402072,0.36486876674206214,1743218.759030807,23.85378250232361,4.855879891631901,token,Dexs;NFT;DEX;Gaming
7064,BAKE,2023-06-30,31490488.48290203,4045867.0,6995774.166666667,12.0,-0.5,1.0,True,1.031749205301855,0.3495247615905565,1515088.159504697,20.784591500732674,7.783372138259125,token,Dexs;NFT;DEX;Gaming
7064,BAKE,2023-07-31,26208064.11218491,4136861.0,6834831.333333333,12.0,-0.5,1.0,True,1.0382201986822899,0.3514660596046869,1483941.575871554,17.661115867578744,6.335253737600782,token,Dexs;NFT;DEX;Gaming
7064,BAKE,2023-08-31,27072647.15998048,4038356.0,6725109.166666667,12.0,-0.5,1.0,True,1.0257618863070748,0.3477285658921224,1453084.2364425207,18.631161553483267,6.703878300967146,token,Dexs;NFT;DEX;Gaming
7064,BAKE,2023-09-30,33480443.36768058,3981647.0,6623773.083333333,12.0,-0.5,1.0,True,1.030375371327463,0.3491126113982389,1433758.7843164043,23.35151751739298,8.408692023095112,token,Dexs;NFT;DEX;Gaming
7064,BAKE,2023-10-31,37767320.95675346,4095348.0,6263938.25,12.0,-0.5,1.0,True,0.9767988746209203,0.3330396623862761,1327360.1175734699,28.4529574579922,9.222005298878987,token,Dexs;NFT;DEX;Gaming
7064,BAKE,2023-11-30,53208121.36016424,4373198.0,6056716.416666667,12.0,-0.5,1.0,True,0.9950260713847634,0.338507821415429,1292894.9436734694,41.154249709559046,12.16686766987551,token,Dexs;NFT;DEX;Gaming
7064,BAKE,2023-12-31,137766772.40976155,4946816.0,5961435.833333333,12.0,-0.5,2.0,True,1.128072427772893,0.3784217283318679,1338341.4414195342,102.93843420378354,27.849584947117812,token,Dexs;NFT;DEX;Gaming
7064,BAKE,2024-01-31,93676605.49584456,4339526.0,5667576.25,12.0,-0.5,2.0,True,1.1298907458919907,0.37896722376759717,1273200.7092316106,73.57567806601311,21.586828952250674,token,Dexs;NFT;DEX;Gaming
7064,BAKE,2024-02-29,120669273.31725626,5756903.0,5471572.666666667,12.0,-0.5,2.0,True,1.0416813969752348,0.3525044190925704,1189543.187891897,101.44169168931629,20.96079668482451,token,Dexs;NFT;DEX;Gaming
7064,BAKE,2024-03-31,127817852.70208424,6257613.0,5279332.583333333,12.0,-0.5,2.0,True,1.0688283189489767,0.360648495684693,1159667.635919208,110.21938419517046,20.425975959536686,token,Dexs;NFT;DEX;Gaming
7064,BAKE,2024-04-30,65897657.7137549,5302029.0,4986455.416666667,12.0,-0.5,2.0,True,1.208383865516251,0.4025151596548753,1151199.3075428673,57.2426140999056,12.428762217965028,token,Dexs;NFT;DEX;Gaming
7064,BAKE,2024-05-31,88433699.51292747,5802456.0,4756385.0,12.0,-0.5,2.0,True,1.35955158462659,0.44786547538797694,1152255.1722540788,76.7483641144614,15.240735907851343,token,Dexs;NFT;DEX;Gaming
7064,BAKE,2024-06-30,83367154.61085078,5305447.0,4861350.0,12.0,-0.5,2.0,True,1.3184752622293057,0.43554257866879165,1163005.3147099474,71.68252247552495,15.713502483551487,token,Dexs;NFT;DEX;Gaming
7064,BAKE,2024-07-31,70641423.39246793,5177782.0,4948093.416666667,12.0,-0.5,2.0,True,1.3459169849515522,0.4437750954854656,1193768.7641508223,59.175131326809456,13.643182233718594,token,Dexs;NFT;DEX;Gaming
7064,BAKE,2024-08-31,75167422.21266185,4329705.0,4972372.5,12.0,-0.5,2.0,True,1.313182585063995,0.4339547755191985,1187611.1775996184,63.29295617155532,17.360864588386935,token,Dexs;NFT;DEX;Gaming
7064,BAKE,2024-09-30,74953652.04339327,4658927.0,5028812.5,12.0,-0.5,2.0,True,1.2868955936079842,0.42606867808239524,1191203.903620428,62.92260444713664,16.088179111497833,token,Dexs;NFT;DEX;Gaming
7064,BAKE,2024-10-31,67604872.09789342,4600638.0,5070920.0,12.0,-0.5,2.0,True,1.3967303789470045,0.4590191136841013,1242069.2229744026,54.42923055125621,14.69467323834073,token,Dexs;NFT;DEX;Gaming
7064,BAKE,2024-11-30,102299129.37506887,5811164.0,5190750.5,12.0,-0.5,2.0,True,1.395065119772027,0.45851953593160805,1270801.1384739727,80.49971492621862,17.60389646120276,token,Dexs;NFT;DEX;Gaming
7064,BAKE,2024-12-31,72169422.10941754,5539602.0,5240149.333333333,12.0,-0.5,3.0,True,1.3831326685787884,0.4549398005736365,1278401.2107838937,56.45287371494626,13.02790743981563,token,Dexs;NFT;DEX;Gaming
7064,BAKE,2025-01-31,54521775.26933668,5289814.0,5319340.0,12.0,-0.5,3.0,True,1.3225610876036438,0.4367683262810931,1274183.4030279482,42.78958204899863,10.306936173811911,token,Dexs;NFT;DEX;Gaming
7064,BAKE,2025-02-28,52059825.90843616,4189375.0,5188712.666666667,12.0,-0.5,3.0,True,1.3012409727741838,0.4303722918322551,1234662.5843781817,42.165225193614546,12.42663306780514,token,Dexs;NFT;DEX;Gaming
7064,BAKE,2025-03-31,37556339.15556997,3584891.0,4965985.833333333,12.0,-0.5,3.0,True,1.279133875101046,0.42374016253031377,1173416.890284558,32.00596434781369,10.476284817465851,token,Dexs;NFT;DEX;Gaming
7064,BAKE,2025-04-30,38634314.97434481,3506949.0,4816395.833333333,12.0,-0.5,3.0,True,1.184150511398818,0.3952451534196454,1102799.6929668668,35.03293954535547,11.016503226692151,token,Dexs;NFT;DEX;Gaming
7064,BAKE,2025-05-31,32121341.05372101,4286261.0,4690046.25,12.0,-0.5,3.0,True,1.1406918473706729,0.38220755421120184,1057674.475607778,30.36977992237444,7.494023591592068,token,Dexs;NFT;DEX;Gaming
7064,BAKE,2025-06-30,29351130.03715331,4189517.0,4597052.083333333,12.0,-0.5,3.0,True,1.1937526813940738,0.3981258044182221,1056044.2690414859,27.79346557487949,7.005850563956015,token,Dexs;NFT;DEX;Gaming
7064,BAKE,2025-07-31,24621428.52293872,5634951.0,4635149.5,12.0,-0.5,3.0,True,1.1464219926990105,0.3839265978097031,1047422.0575383438,23.506692785145386,4.369413065515339,token,Dexs;NFT;DEX;Gaming
7064,BAKE,2025-08-31,22595425.29221571,6279600.0,4797640.75,12.0,-0.5,3.0,True,1.13483142208023,0.380449426624069,1079680.7449521122,20.927876502250577,3.5982268444193433,token,Dexs;NFT;DEX;Gaming
7083,UNI,2020-09-30,846362923.1762416,2332735343.0,323636795.6666667,12.0,2.0,1.0,True,,,,,0.3628199511427566,token,Dexs;Launchpad;DEX;Layer-1;Yield
7083,UNI,2020-10-31,480662058.457911,2924666497.0,565437164.6666666,12.0,2.0,1.0,True,,,,,0.1643476474842359,token,Dexs;Launchpad;DEX;Layer-1;Yield
7083,UNI,2020-12-31,1387373840.4002287,2166260763.0,882924161.3333334,12.0,2.0,1.0,True,,,,,0.6404463691983645,token,Dexs;Launchpad;DEX;Layer-1;Yield
7083,UNI,2021-01-31,5111402819.631701,3626303421.0,1180506896.4166667,12.0,2.0,1.0,True,,,,,1.40953533839211,token,Dexs;Launchpad;DEX;Layer-1;Yield
7083,UNI,2021-02-28,6916197524.335552,4227322047.0,1527979243.5,12.0,2.0,1.0,True,,,,,1.6360706488505563,token,Dexs;Launchpad;DEX;Layer-1;Yield
7083,UNI,2021-03-31,14609704547.188416,5782512613.0,2006829679.5,12.0,2.0,1.0,True,,,,,2.5265322403869033,token,Dexs;Launchpad;DEX;Layer-1;Yield
7083,UNI,2021-04-30,21300516809.38528,8370824971.0,2698923076.0,12.0,2.0,2.0,True,,,,,2.5446138084572407,token,Dexs;Launchpad;DEX;Layer-1;Yield
7083,UNI,2021-05-31,16049165497.732157,6855373579.0,3263852485.0833335,12.0,2.0,2.0,True,,,,,2.341107353637942,token,Dexs;Launchpad;DEX;Layer-1;Yield
7083,UNI,2021-06-30,11089771197.485613,6011769446.0,3758824486.6666665,12.0,2.0,2.0,True,,,,,1.844676729055922,token,Dexs;Launchpad;DEX;Layer-1;Yield
7083,UNI,2021-07-31,12811642612.16343,6285263050.0,4269380164.3333335,12.0,2.0,2.0,True,,,,,2.038362199043273,token,Dexs;Launchpad;DEX;Layer-1;Yield
7083,UNI,2021-08-31,17994768053.07642,7405565359.0,4807155529.333333,12.0,2.0,2.0,True,,,,,2.4298979457668737,token,Dexs;Launchpad;DEX;Layer-1;Yield
7083,UNI,2021-09-30,14390174314.25562,6491019170.0,5153679181.583333,12.0,2.0,2.0,True,,,,,2.2169360369113837,token,Dexs;Launchpad;DEX;Layer-1;Yield
7083,UNI,2021-10-31,15685350733.040745,8812269785.0,5644312788.916667,12.0,2.0,2.0,True,1.1149802528744681,0.3744940758623404,26160233469573.766,0.0005995875668037878,1.779944454235833,token,Dexs;Launchpad;DEX;Layer-1;Yield
7083,UNI,2021-11-30,13338315148.913729,9927063306.0,6330128959.166667,12.0,2.0,2.0,True,1.1898111048273738,0.39694333144821214,25421626562666.91,0.0005246837811905315,1.3436315189862786,token,Dexs;Launchpad;DEX;Layer-1;Yield
7083,UNI,2021-12-31,10706722881.7687,8399903436.0,6849599181.916667,12.0,2.0,2.0,True,1.2399695670320485,0.41199087010961455,25046874022775.58,0.0004274674305477355,1.274624519596525,token,Dexs;Launchpad;DEX;Layer-1;Yield
7083,UNI,2022-01-31,7420645407.708192,6554040617.0,7093577281.583333,12.0,2.0,2.0,True,1.3146169550012945,0.4343850865003883,22634599557912.105,0.0003278452260099404,1.1322245071933754,token,Dexs;Launchpad;DEX;Layer-1;Yield
7083,UNI,2022-02-28,7223219172.297091,6705808813.0,7300117845.416667,12.0,2.0,2.0,True,1.294772581612298,0.42843177448368935,24144253495965.76,0.0002991692898479554,1.0771585313160181,token,Dexs;Launchpad;DEX;Layer-1;Yield
7083,UNI,2022-03-31,7764786429.456042,7805567193.0,7468705727.083333,12.0,2.0,2.0,True,1.2934015072200507,0.42802045216601514,24763359013611.418,0.0003135594983373642,0.9947754259830689,token,Dexs;Launchpad;DEX;Layer-1;Yield
7083,UNI,2022-04-30,4677876536.965796,6826955441.0,7340049932.916667,12.0,2.0,3.0,True,1.367038583510971,0.4501115750532913,21329458521325.098,0.00021931529730531493,0.6852068359597481,token,Dexs;Launchpad;DEX;Layer-1;Yield
7083,UNI,2022-05-31,4095010804.298029,5844129687.0,7255779608.583333,12.0,2.0,3.0,True,1.3670768294638092,0.4501230488391427,21083151385600.062,0.00019423143767278308,0.700704984936798,token,Dexs;Launchpad;DEX;Layer-1;Yield
7083,UNI,2022-06-30,3655384560.798504,4342804400.0,7116699188.083333,12.0,2.0,3.0,True,1.2468844010955786,0.41406532032867355,25693089694547.434,0.00014227111664091713,0.8417106146430412,token,Dexs;Launchpad;DEX;Layer-1;Yield
7083,UNI,2022-07-31,6235512339.833359,5683692717.0,7066568327.0,12.0,2.0,3.0,True,1.2898716370755994,0.4269614911226798,23580688297387.8,0.0002644330081121555,1.0970882224478566,token,Dexs;Launchpad;DEX;Layer-1;Yield
7083,UNI,2022-08-31,4578922096.182861,4855903745.0,6854096525.833333,12.0,2.0,3.0,True,1.3167892483707357,0.4350367745112207,21785088049899.53,0.0002101860724957675,0.942959814822866,token,Dexs;Launchpad;DEX;Layer-1;Yield
7083,UNI,2022-09-30,4916393296.373687,4447047442.0,6683765548.5,12.0,2.0,3.0,True,1.3139343868954874,0.43418031606864615,21353184613922.06,0.00023024168924986715,1.1055410045642788,token,Dexs;Launchpad;DEX;Layer-1;Yield
7083,UNI,2022-10-31,5315590772.447615,4245839301.0,6303229674.833333,12.0,2.0,3.0,True,1.3103020023917766,0.43309060071753297,20269740120646.625,0.0002622426701481579,1.251952887429268,token,Dexs;Launchpad;DEX;Layer-1;Yield
7083,UNI,2022-11-30,4472279533.763021,3565852415.0,5773128767.25,12.0,2.0,3.0,True,1.3142099428795597,0.4342629828638679,18434744532012.906,0.00024260057013519618,1.2541964762619098,token,Dexs;Launchpad;DEX;Layer-1;Yield
7083,UNI,2022-12-31,3935204673.789143,3306274915.0,5348659723.833333,12.0,2.0,3.0,True,1.3202823108127146,0.4360846932438144,16893738341584.105,0.00023293865420554062,1.190223068243901,token,Dexs;Launchpad;DEX;Layer-1;Yield
7083,UNI,2023-01-31,5006214131.023802,3799362674.0,5119103228.583333,12.0,2.0,3.0,True,1.2349717698064273,0.41049153094192814,18893092407148.1,0.0002649758982351522,1.317645763402002,token,Dexs;Launchpad;DEX;Layer-1;Yield
7083,UNI,2023-02-28,4946323132.800298,4107601583.0,4902585959.416667,12.0,2.0,3.0,True,1.2355862526649408,0.4106758757994822,18073389646598.152,0.00027367988127956477,1.2041876586257751,token,Dexs;Launchpad;DEX;Layer-1;Yield
7083,UNI,2023-03-31,3500307960.682884,3912243286.0,4578142300.5,12.0,2.0,3.0,True,1.1792754268421328,0.3937826280526398,18755574604921.37,0.0001866276045610685,0.8947061071607612,token,Dexs;Launchpad;DEX;Layer-1;Yield
7083,UNI,2023-04-30,3157892033.207349,4130660431.0,4353451049.666667,12.0,2.0,3.0,True,1.1801475251257694,0.39404425753773076,17805630400111.145,0.00017735356526257204,0.7645005165536806,token,Dexs;Launchpad;DEX;Layer-1;Yield
7083,UNI,2023-05-31,2899972492.02671,4198566269.0,4216320764.8333335,12.0,2.0,3.0,True,1.182746955117223,0.3948240865351669,17160126098973.283,0.00016899482412312925,0.6907054232866534,token,Dexs;Launchpad;DEX;Layer-1;Yield
7083,UNI,2023-06-30,3047308203.152027,3945989937.0,4183252892.9166665,12.0,2.0,3.0,True,1.1743319121210147,0.3922995736363044,17299218090480.281,0.00017615294444024344,0.7722544283700811,token,Dexs;Launchpad;DEX;Layer-1;Yield
7083,UNI,2023-07-31,3768526164.303612,3796091689.0,4025952807.25,12.0,2.0,3.0,True,1.1590243692351543,0.38770731077054627,17141094960961.123,0.00021985329250473427,0.9927384460242978,token,Dexs;Launchpad;DEX;Layer-1;Yield
7083,UNI,2023-08-31,2522098845.374575,3399259433.0,3904565781.25,12.0,2.0,3.0,True,1.184530604814553,0.3953591814443659,15837790499501.965,0.00015924562491553888,0.7419553861909001,token,Dexs;Launchpad;DEX;Layer-1;Yield
7083,UNI,2023-09-30,2575386841.140965,3213325498.0,3801755619.25,12.0,1.273223313145214,3.0,False,1.1833501074164638,0.3950050322249391,1108519389017.911,0.002323267293883439,0.8014708882570118,token,Dexs;Launchpad;DEX;Layer-1;Yield
7083,UNI,2023-10-31,2439178746.7173333,3416052972.0,3732606758.5,12.0,0.8758983266374181,3.0,False,1.1110649650148436,0.37331948950445304,216007941820.60547,0.011292079014127501,0.7140342280141121,token,Dexs;Launchpad;DEX;Layer-1;Yield
7083,UNI,2023-11-30,3500743303.8912435,3699064977.0,3743707805.3333335,12.0,0.7448953223082699,3.0,False,1.2499182104368034,0.414975463131041,95366473062.74837,0.03670832307689366,0.9463859990722308,token,Dexs;Launchpad;DEX;Layer-1;Yield
7083,UNI,2023-12-31,4324395753.49791,3726205092.0,3778701986.75,12.0,0.6235777094967843,3.0,False,1.0183374781918293,0.34550124345754873,73962707080.6705,0.05846724551038035,1.1605361612494705,token,Dexs;Launchpad;DEX;Layer-1;Yield
7083,UNI,2024-01-31,3587763475.3326025,4186994056.0,3811004601.9166665,12.0,0.4779406064707885,3.0,False,0.8091905832511237,0.2827571749753371,47515992656.630325,0.0755064405632694,0.8568828680784262,token,Dexs;Launchpad;DEX;Layer-1;Yield
7083,UNI,2024-02-29,6666127481.926775,5368375864.0,3916069125.3333335,12.0,0.36849841321939936,3.0,False,0.9813439380260858,0.3344031814078257,22016958389.916786,0.30277240679074424,1.2417400813213206,token,Dexs;Launchpad;DEX;Layer-1;Yield
7083,UNI,2024-03-31,7760088081.239975,6087815913.0,4097366844.25,12.0,0.2686196806392649,3.0,False,0.9879039365325405,0.3363711809597621,13992737526.068922,0.5545796929859279,1.2746916451052641,token,Dexs;Launchpad;DEX;Layer-1;Yield
7083,UNI,2024-04-30,4212136172.5742006,5630283169.0,4222335405.75,12.0,0.16088020948094428,3.0,False,1.043809849637825,0.35314295489134745,8498053528.864808,0.49565893628077307,0.748121550220772,token,Dexs;Launchpad;DEX;Layer-1;Yield
7083,UNI,2024-05-31,5978647101.505597,6203646899.0,4389425458.25,12.0,0.10380507225926627,3.0,False,1.097607420150431,0.3692822260451292,6823300527.791718,0.8762104317630748,0.9637310438267092,token,Dexs;Launchpad;DEX;Layer-1;Yield
7083,UNI,2024-06-30,5562769777.731352,5608474767.0,4527965860.75,12.0,0.0640214066650322,3.0,False,1.075701600669949,0.3627104802009846,6060434474.684999,0.9178830001326738,0.9918507274852025,token,Dexs;Launchpad;DEX;Layer-1;Yield
7083,UNI,2024-07-31,4327490343.851595,5491431901.0,4669244211.75,12.0,0.030292615359822195,3.0,False,1.0817899557784267,0.36453698673352797,5491703492.05605,0.788005097163652,0.7880440697195118,token,Dexs;Launchpad;DEX;Layer-1;Yield
7083,UNI,2024-08-31,3566719908.4315267,4535637179.0,4763942357.25,12.0,-0.003005471627911316,3.0,False,1.0642099049309284,0.3592629714792785,4970082435.991605,0.7176379777129217,0.7863768127101171,token,Dexs;Launchpad;DEX;Layer-1;Yield
7083,UNI,2024-09-30,4440677746.465345,4881969285.0,4902996006.166667,12.0,-0.016484097411717746,3.0,False,1.064647972870119,0.35939439186103567,4872120295.199767,0.9114466551329822,0.909607883054378,token,Dexs;Launchpad;DEX;Layer-1;Yield
7083,UNI,2024-10-31,4568679666.812602,4954515548.0,5031201220.833333,12.0,-0.03760460100311336,3.0,False,1.1893737337486137,0.39681212012458406,4614598823.369171,0.9900491552322975,0.9221243979457994,token,Dexs;Launchpad;DEX;Layer-1;Yield
7083,UNI,2024-11-30,7677686382.512108,6241718611.0,5243089023.666667,12.0,-0.06087177904358598,3.0,False,1.2697866972872556,0.42093600918617663,4458786922.297084,1.721922692496978,1.230059677631326,token,Dexs;Launchpad;DEX;Layer-1;Yield
7083,UNI,2024-12-31,7935313250.98426,5897923748.0,5424065578.333333,12.0,-0.07483344541651349,3.0,False,1.2744997098608641,0.4223499129582592,4416927833.9476185,1.796568463264226,1.345441818177989,token,Dexs;Launchpad;DEX;Layer-1;Yield
7083,UNI,2025-01-31,7064288529.576505,5817769753.0,5559963553.083333,12.0,-0.0779901797557696,3.0,False,1.24374992336918,0.41312497701075396,4479375377.105125,1.5770700008048721,1.2142605894524656,token,Dexs;Launchpad;DEX;Layer-1;Yield
7083,UNI,2025-02-28,4504210340.591652,4134524337.0,5457142592.5,12.0,-0.09243345803913106,3.0,False,1.292591981555447,0.42777759446663405,4213623642.865668,1.0689636100314734,1.0894143977538888,token,Dexs;Launchpad;DEX;Layer-1;Yield
7083,UNI,2025-03-31,3752328997.998354,3734694729.0,5261049160.5,12.0,-0.11023427814260722,3.0,False,1.3006769730025722,0.43020309190077166,3852091547.498052,0.9741017189572002,1.0047217430815492,token,Dexs;Launchpad;DEX;Layer-1;Yield
7083,UNI,2025-04-30,3313497372.645904,3942809571.0,5120426360.666667,12.0,-0.11311147301251134,3.0,False,1.2376491607006288,0.41129474821018863,3700204276.057604,0.8954903906484541,0.8403899080029661,token,Dexs;Launchpad;DEX;Layer-1;Yield
7083,UNI,2025-05-31,3807990346.386828,4831358648.0,5006069006.416667,12.0,-0.11636905540548703,3.0,False,1.249830312706263,0.4149490938118789,3585111309.647756,1.0621679544898064,0.7881820878611842,token,Dexs;Launchpad;DEX;Layer-1;Yield
7083,UNI,2025-06-30,4483935739.137452,4875771320.0,4945010385.833333,12.0,-0.11428051347285995,3.0,False,1.4365929561534359,0.4709778868460307,3612820616.0968065,1.2411177347581057,0.919636185713782,token,Dexs;Launchpad;DEX;Layer-1;Yield
7083,UNI,2025-07-31,5880796835.227662,5704623203.0,4962776327.666667,12.0,-0.11112904939921497,3.0,False,1.3697888378451828,0.4509366513535548,3641578775.4878945,1.614903095001634,1.030882606257853,token,Dexs;Launchpad;DEX;Layer-1;Yield
7083,UNI,2025-08-31,6049336250.27269,5911671031.0,5077445815.333333,12.0,-0.09517409250897746,3.0,False,1.3339421829822669,0.44018265489468,3896551692.0401692,1.552484537194824,1.0232870230009066,token,Dexs;Launchpad;DEX;Layer-1;Yield
7083,UNI,2025-09-30,4812193733.393949,5658795022.0,5142181293.416667,12.0,-0.08369077493927213,3.0,False,1.3505783514977494,0.44517350544932477,4087037608.5708284,1.1774282975283645,0.8503919499973627,token,Dexs;Launchpad;DEX;Layer-1;Yield
7083,UNI,2025-10-31,3619898860.954479,5304777207.0,5171369765.0,12.0,-0.06384559188803762,3.0,False,1.3706950558815676,0.45120851676447027,4364725118.3194475,0.8293532267957004,0.6823847109314575,token,Dexs;Launchpad;DEX;Layer-1;Yield
7083,UNI,2025-11-30,3819089521.4808416,4119517542.0,4994519675.916667,12.0,-0.04714351367123959,3.0,False,1.298569514944808,0.42957085448344234,4434308068.639287,0.8612594033532651,0.9270720375732877,token,Dexs;Launchpad;DEX;Layer-1;Yield
7083,UNI,2025-12-31,3544866489.4722366,4008799394.0,4837092646.416667,12.0,-0.032955456593175336,3.0,False,1.2933158611320426,0.42799475833961276,4491214006.620407,0.7892891508279991,0.884271359344612,token,Dexs;Launchpad;DEX;Layer-1;Yield
7083,UNI,2026-01-31,2506767232.524349,3677698915.0,4658753409.916667,12.0,-0.030922272753271307,3.0,False,1.4262341473951983,0.46787024421855944,4342354947.130453,0.5772828944305646,0.6816129570314076,token,Dexs;Launchpad;DEX;Layer-1;Yield
7083,UNI,2026-02-28,2417455206.6081853,2987189488.0,4563142172.5,12.0,-0.023633370241706753,3.0,False,1.3712695259847543,0.45138085779542625,4353806921.456654,0.5552508988614904,0.8092741409004935,token,Dexs;Launchpad;DEX;Layer-1;Yield
7083,UNI,2026-03-31,2240421044.9438896,3018483696.0,4503457919.75,12.0,-0.005467590121112198,3.0,False,1.474544875204249,0.48236346256127466,4526552060.0102625,0.49495090639448214,0.7422339394818748,token,Dexs;Launchpad;DEX;Layer-1;Yield
7083,UNI,2026-04-30,2028181025.7795613,3417356520.0,4459670165.5,12.0,0.008067681107703395,3.0,False,1.443302158654333,0.4729906475962999,4678414951.954446,0.4335188405919984,0.5934941273787733,token,Dexs;Launchpad;DEX;Layer-1;Yield
7083,UNI,2026-05-31,1918938298.3882616,3235075479.0,4326646568.083333,12.0,0.008647134407870682,3.0,False,1.4478147948945308,0.4743444384683592,4545778690.128305,0.4221363223325109,0.5931664688644075,token,Dexs;Launchpad;DEX;Layer-1;Yield
7102,LINA,2021-12-31,139822431.85881433,28387495.0,,1.0,,,False,,,,,4.925493843638346,token,Derivatives;DEX;Yield
7102,LINA,2022-01-31,79597837.5160758,14545699.0,,2.0,,,False,2.305519975653983,0.7316559926961949,,,5.472259361071324,token,Derivatives;DEX;Yield
7102,LINA,2022-02-28,67229367.6402655,10664735.0,,3.0,,,False,2.2302410912490687,0.7090723273747206,,,6.303894812226042,token,Derivatives;DEX;Yield
7102,LINA,2022-03-31,89036876.01903139,15354438.0,,4.0,,,False,2.219952931375827,0.705985879412748,,,5.798771405311702,token,Derivatives;DEX;Yield
7102,LINA,2022-04-30,64520687.48306927,12359302.0,,5.0,,,False,2.198934573865563,0.6996803721596689,,,5.220415156379322,token,Derivatives;DEX;Yield
7102,LINA,2022-05-31,40425351.39877794,6891377.0,14700507.666666666,6.0,,,False,2.2097408523466,0.70292225570398,,,5.866077476065805,token,Derivatives;DEX;Yield
7102,LINA,2022-06-30,29524330.30144399,5537483.0,13391504.142857144,7.0,,,False,1.97146230599636,0.631438691798908,,,5.331723871918702,token,Derivatives;DEX;Yield
7102,LINA,2022-07-31,39192020.96381289,6942349.0,12585359.75,8.0,,,False,1.951419540944033,0.6254258622832098,,,5.645354470628441,token,Derivatives;DEX;Yield
7102,LINA,2022-08-31,33350189.43144242,5883686.0,11840729.333333334,9.0,,,False,1.94337278012322,0.623011834036966,,,5.668247665059356,token,Derivatives;DEX;Yield
7102,LINA,2022-09-30,30529929.1128007,5685536.0,11225210.0,10.0,,,False,1.9397825783425455,0.6219347735027637,,,5.3697539005646435,token,Derivatives;DEX;Yield
7102,LINA,2022-10-31,33599270.93120709,6347838.0,10781812.545454545,11.0,,,False,1.9332816347323496,0.6199844904197049,,,5.293025898141555,token,Derivatives;DEX;Yield
7102,LINA,2022-11-30,28708330.76759293,5051220.0,10304263.166666666,12.0,,,False,1.9186547748489076,0.6155964324546723,,,5.683444943517196,token,Derivatives;DEX;Yield
7102,LINA,2022-12-31,22508423.41144601,4218133.0,8290149.666666667,12.0,,,False,1.9203302752113225,0.6160990825633967,,,5.336110409853366,token,Derivatives;DEX;Yield
7102,LINA,2023-01-31,34229761.06509762,6428684.0,7613731.75,12.0,,,False,1.8190428165839587,0.5857128449751876,,,5.324536260469113,token,Derivatives;DEX;Yield
7102,LINA,2023-02-28,47484533.09986013,8730656.0,7452558.5,12.0,,,False,1.813462214881669,0.5840386644645007,,,5.438827632180232,token,Derivatives;DEX;Yield
7102,LINA,2023-03-31,58576370.15014713,10539313.0,7051298.083333333,12.0,,,False,1.7561574325338465,0.566847229760154,,,5.5578926396955035,token,Derivatives;DEX;Yield
7102,LINA,2023-04-30,62656232.89125998,10309871.0,6880512.166666667,12.0,,,False,1.7537825295960188,0.5661347588788056,,,6.077305224406783,token,Derivatives;DEX;Yield
7102,LINA,2023-05-31,123882737.35264058,16416829.0,7674299.833333333,12.0,-0.4779568156863879,1.0,False,1.676921211698623,0.5430763635095869,2159249.7007510015,57.373048290595264,7.546081971898507,token,Derivatives;DEX;Yield
7102,LINA,2023-06-30,74957507.27615108,9508233.0,8005195.666666667,12.0,-0.40221833326045486,1.0,False,1.615419356511197,0.524625806953359,2749715.6355651254,27.26009420997663,7.883431892776615,token,Derivatives;DEX;Yield
7102,LINA,2023-07-31,70710402.41560036,9178001.0,8191500.0,12.0,-0.34912468433808574,1.0,False,1.6149313844507978,0.5244794153352393,3250015.2595305014,21.756944743027212,7.704335880503866,token,Derivatives;DEX;Yield
7102,LINA,2023-08-31,56571065.37334959,7922052.0,8361363.833333333,12.0,-0.29384722866733326,1.0,False,1.6196471059004218,0.5258941317701266,3846508.705422585,14.70712006802402,7.140961126403814,token,Derivatives;DEX;Yield
7102,LINA,2023-09-30,61021802.15995077,8042591.0,8557785.083333334,12.0,-0.23762806367690814,1.0,False,1.6173772531670159,0.5252131759501047,4563613.534408461,13.371378119523536,7.587331266746099,token,Derivatives;DEX;Yield
7102,LINA,2023-10-31,59159310.22823895,7237378.0,8631913.416666666,12.0,-0.19940052933810704,1.0,False,1.5016602575228732,0.49049807725686195,5015097.907714211,11.796242330033127,8.174135747537154,token,Derivatives;DEX;Yield
7102,LINA,2023-11-30,61671757.76381072,8598827.0,8927547.333333334,12.0,-0.1336064317327298,1.0,False,1.493966929424502,0.48819007882735055,6205918.340442479,9.937571585805552,7.172112866535252,token,Derivatives;DEX;Yield
7102,LINA,2023-12-31,63166809.26054431,8680242.0,9299389.75,12.0,0.12173966983869078,1.0,False,1.4799101130097982,0.48397303390293944,13980317.97489565,4.518266993209487,7.277079286561862,token,Derivatives;DEX;Yield
7102,LINA,2024-01-31,45584735.90185149,6418730.0,9298560.25,12.0,0.2212881350856628,1.0,False,1.482887679844662,0.4848663039533986,19756241.32986823,2.307358729868053,7.101831032283877,token,Derivatives;DEX;Yield
7102,LINA,2024-02-29,69501200.35585415,9294538.0,9345550.416666666,12.0,0.25400564338631715,1.0,False,1.48414974813642,0.485244924440926,22382705.33042688,3.105129577941356,7.4776390559546,token,Derivatives;DEX;Yield
7102,LINA,2024-03-31,86998712.33527322,10927888.0,9377931.666666666,12.0,0.32995819434050544,1.0,False,1.2157603269067896,0.40472809807203686,35672253.53999757,2.438834211517525,7.961164347152279,token,Derivatives;DEX;Yield
7102,LINA,2024-04-30,45585937.7774929,6312380.0,9044807.416666666,12.0,0.31455438164692806,1.0,False,1.2462695684041272,0.4138808705212381,31463706.511626545,1.4488419462165996,7.221671980693954,token,Derivatives;DEX;Yield
7102,LINA,2024-05-31,54154577.72484097,6850401.0,8247605.083333333,12.0,-0.25097250075855015,2.0,False,1.206996267279785,0.40209888018393547,3948273.072258418,13.716016276924957,7.905314991756098,token,Derivatives;DEX;Yield
7102,LINA,2024-06-30,39266099.12744653,4878450.0,7861789.833333333,12.0,-0.23379314193455325,2.0,False,1.1972776139541854,0.3991832841862556,3948164.7230854807,9.945405493811355,8.048888300063858,token,Derivatives;DEX;Yield
7102,LINA,2024-07-31,35704553.94009907,4315473.0,7456579.166666667,12.0,-0.23027250606107463,2.0,False,1.1416150782986607,0.38248452348959816,3742996.299999473,9.53902998517634,8.27361309874933,token,Derivatives;DEX;Yield
7102,LINA,2024-08-31,26063225.4679153,3172763.0,7060805.083333333,12.0,-0.22778562029887872,2.0,False,1.1229073897183657,0.37687221691550965,3557566.038979889,7.326139608469159,8.214677701396322,token,Derivatives;DEX;Yield
7102,LINA,2024-09-30,29395688.9589633,3700685.0,6698979.583333333,12.0,-0.22748469950894334,2.0,False,1.0999969709009965,0.3699990912702989,3363098.927985603,8.740655445592393,7.943310213909939,token,Derivatives;DEX;Yield
7102,LINA,2024-10-31,30333045.94866863,3361623.0,6376000.0,12.0,-0.23099658969222714,2.0,False,1.0516664522831873,0.3554999356849562,3136288.8992889044,9.671636422124916,9.023333654210669,token,Derivatives;DEX;Yield
7102,LINA,2024-11-30,46546180.28468426,4407608.0,6026731.75,12.0,-0.23522715348420598,2.0,False,1.0987600284299617,0.36962800852898847,2955456.3524191314,15.749236237775865,10.560417415678586,token,Derivatives;DEX;Yield
7102,LINA,2024-12-31,36518328.75984253,3391847.0,5586032.166666667,12.0,-0.1791372834702163,2.0,False,1.1214782106522945,0.37644346319568833,3258265.705137764,11.20790385580248,10.766502368721977,token,Derivatives;DEX;Yield
7102,LINA,2025-01-31,27138663.33360121,2247457.0,5238426.083333333,12.0,-0.17052820253931078,2.0,False,1.0612762230221118,0.3583828669066335,3110850.7100953762,8.723871976733065,12.075275893421415,token,Derivatives;DEX;Yield
7102,LINA,2025-02-28,18043185.8447267,1094772.0,4555112.25,12.0,-0.21819787793788104,2.0,False,1.1035180854403372,0.37105542563210114,2353156.147037926,7.667653448088796,16.481226999527482,token,Derivatives;DEX;Yield
7127,VELO,2025-07-31,260413815.27868152,151401.0,141616.08333333334,12.0,,,False,,,,,1720.027049218179,token,Dexs
7127,VELO,2025-08-31,241640969.1637292,147257.0,141344.16666666666,12.0,,,False,,,,,1640.9472497995287,token,Dexs
7127,VELO,2025-09-30,231683301.8061869,157235.0,141809.75,12.0,,,False,,,,,1473.4842866167642,token,Dexs
7127,VELO,2025-10-31,149032251.64328137,133781.0,142485.41666666666,12.0,,,False,,,,,1114.0016268624197,token,Dexs
7127,VELO,2025-11-30,124971795.6383444,103514.0,138344.25,12.0,,,False,,,,,1207.293657267079,token,Dexs
7127,VELO,2025-12-31,111424798.33500127,106383.0,132436.08333333334,12.0,,,False,,,,,1047.392894870433,token,Dexs
7127,VELO,2026-01-31,82498504.06756324,95971.0,125970.75,12.0,-0.1889294279873589,1.0,False,,,,,859.6190939717543,token,Dexs
7127,VELO,2026-02-28,58759221.61758299,64556.0,120585.16666666667,12.0,-0.20448438114553769,1.0,False,,,,,910.2054281179595,token,Dexs
7127,VELO,2026-03-31,65176080.84124314,67447.0,116371.33333333333,12.0,-0.21042687765584667,1.0,False,,,,,966.3303162667448,token,Dexs
7127,VELO,2026-04-30,57853338.53414265,64929.0,111744.58333333333,12.0,-0.22610445614610197,1.0,False,,,,,891.0246351267176,token,Dexs
7127,VELO,2026-05-31,70897291.70808804,73430.0,107848.25,12.0,-0.240353887429678,1.0,False,,,,,965.508534769005,token,Dexs
7186,CAKE,2021-04-30,6550668747.03961,6832856647.0,,1.0,,,False,,,,,0.9587013288088978,token,Derivatives;Dexs;Luck Games;Options;Prediction Market;Reserve Currency;NFT;DEX;Perpetuals;Privacy;Smart Contract Platform;Yield
7186,CAKE,2021-05-31,2959592505.3560696,3605056446.0,,2.0,,,False,,,,,0.8209559405484187,token,Derivatives;Dexs;Luck Games;Options;Prediction Market;Reserve Currency;NFT;DEX;Perpetuals;Privacy;Smart Contract Platform;Yield
7186,CAKE,2021-06-30,2615070949.5907435,3960633203.0,,3.0,,,False,,,,,0.6602658755700845,token,Derivatives;Dexs;Luck Games;Options;Prediction Market;Reserve Currency;NFT;DEX;Perpetuals;Privacy;Smart Contract Platform;Yield
7186,CAKE,2021-07-31,3256515502.671468,4831047746.0,,4.0,,,False,,,,,0.6740805874600991,token,Derivatives;Dexs;Luck Games;Options;Prediction Market;Reserve Currency;NFT;DEX;Perpetuals;Privacy;Smart Contract Platform;Yield
7186,CAKE,2021-08-31,4958140104.199404,5743608591.0,,5.0,,,False,,,,,0.8632447747168229,token,Derivatives;Dexs;Luck Games;Options;Prediction Market;Reserve Currency;NFT;DEX;Perpetuals;Privacy;Smart Contract Platform;Yield
7186,CAKE,2021-09-30,4283198555.434312,4591479388.0,4927447003.5,6.0,,,False,,,,,0.9328580602209843,token,Derivatives;Dexs;Luck Games;Options;Prediction Market;Reserve Currency;NFT;DEX;Perpetuals;Privacy;Smart Contract Platform;Yield
7186,CAKE,2021-10-31,4201376779.590752,5758975045.0,5046236723.714286,7.0,,,False,,,,,0.7295355070584009,token,Derivatives;Dexs;Luck Games;Options;Prediction Market;Reserve Currency;NFT;DEX;Perpetuals;Privacy;Smart Contract Platform;Yield
7186,CAKE,2021-11-30,3443585955.8417773,6542694210.0,5233293909.5,8.0,,,False,,,,,0.5263253707591169,token,Derivatives;Dexs;Luck Games;Options;Prediction Market;Reserve Currency;NFT;DEX;Perpetuals;Privacy;Smart Contract Platform;Yield
7186,CAKE,2021-12-31,2967686267.973799,5427373581.0,5254858317.444445,9.0,,,False,2.931235369775966,0.9193706109327898,,,0.5467997040710434,token,Derivatives;Dexs;Luck Games;Options;Prediction Market;Reserve Currency;NFT;DEX;Perpetuals;Privacy;Smart Contract Platform;Yield
7186,CAKE,2022-01-31,1947003906.1875985,4207423379.0,5150114823.6,10.0,,,False,3.018553116433006,0.9455659349299018,,,0.4627544534513551,token,Derivatives;Dexs;Luck Games;Options;Prediction Market;Reserve Currency;NFT;DEX;Perpetuals;Privacy;Smart Contract Platform;Yield
7186,CAKE,2022-02-28,1857199680.0348768,4541815965.0,5094814927.363636,11.0,,,False,2.909320519981894,0.9127961559945682,,,0.40891125804012557,token,Derivatives;Dexs;Luck Games;Options;Prediction Market;Reserve Currency;NFT;DEX;Perpetuals;Privacy;Smart Contract Platform;Yield
7186,CAKE,2022-03-31,2462529589.223403,5037136189.0,5090008365.833333,12.0,,,False,2.8937879043695154,0.9081363713108547,,,0.4888749275036532,token,Derivatives;Dexs;Luck Games;Options;Prediction Market;Reserve Currency;NFT;DEX;Perpetuals;Privacy;Smart Contract Platform;Yield
7186,CAKE,2022-04-30,2105894740.464417,4577702579.0,4902078860.166667,12.0,,,False,2.8801733092762394,0.9040519927828718,,,0.4600331070273356,token,Derivatives;Dexs;Luck Games;Options;Prediction Market;Reserve Currency;NFT;DEX;Perpetuals;Privacy;Smart Contract Platform;Yield
7186,CAKE,2022-05-31,772988259.5391508,4107242317.0,4943927682.75,12.0,,,False,2.9291469963027517,0.9187440988908255,,,0.18820127956408345,token,Derivatives;Dexs;Luck Games;Options;Prediction Market;Reserve Currency;NFT;DEX;Perpetuals;Privacy;Smart Contract Platform;Yield
7186,CAKE,2022-06-30,437920465.40102696,2950925002.0,4859785332.666667,12.0,,,False,2.723359025647238,0.8570077076941715,,,0.14840108274667257,token,Derivatives;Dexs;Luck Games;Options;Prediction Market;Reserve Currency;NFT;DEX;Perpetuals;Privacy;Smart Contract Platform;Yield
7186,CAKE,2022-07-31,580830780.7217064,3144316959.0,4719224433.75,12.0,,,False,2.6259048883339036,0.8277714665001711,,,0.1847239919815305,token,Derivatives;Dexs;Luck Games;Options;Prediction Market;Reserve Currency;NFT;DEX;Perpetuals;Privacy;Smart Contract Platform;Yield
7186,CAKE,2022-08-31,540843815.5275289,3036753555.0,4493653180.75,12.0,,,False,2.607371913428421,0.8222115740285263,,,0.17809934383283496,token,Derivatives;Dexs;Luck Games;Options;Prediction Market;Reserve Currency;NFT;DEX;Perpetuals;Privacy;Smart Contract Platform;Yield
7186,CAKE,2022-09-30,681552203.8060187,2951181093.0,4356961656.166667,12.0,-0.11577706405124466,1.0,False,2.600526370216344,0.8201579110649032,3385381070.914102,0.2013221523750027,0.23094218291876903,token,Derivatives;Dexs;Luck Games;Options;Prediction Market;Reserve Currency;NFT;DEX;Perpetuals;Privacy;Smart Contract Platform;Yield
7186,CAKE,2022-10-31,682514310.3137603,3161456934.0,4140501813.5833335,12.0,-0.17948720199243562,1.0,False,2.5717996719937664,0.8115399015981299,2789964153.989459,0.24463192809764642,0.21588600590241672,token,Derivatives;Dexs;Luck Games;Options;Prediction Market;Reserve Currency;NFT;DEX;Perpetuals;Privacy;Smart Contract Platform;Yield
7186,CAKE,2022-11-30,624232728.3856907,2802632090.0,3828829970.25,12.0,-0.2683709272854857,1.0,False,2.5703048794921672,0.8110914638476502,2110630791.2642555,0.2957564776223979,0.22273088594575063,token,Derivatives;Dexs;Luck Games;Options;Prediction Market;Reserve Currency;NFT;DEX;Perpetuals;Privacy;Smart Contract Platform;Yield
7186,CAKE,2022-12-31,527348095.3826404,2401272681.0,3576654895.25,12.0,-0.3193622588497481,1.0,False,2.5788318321796915,0.8136495496539075,1752887000.8183901,0.3008454595969001,0.21961191644550276,token,Derivatives;Dexs;Luck Games;Options;Prediction Market;Reserve Currency;NFT;DEX;Perpetuals;Privacy;Smart Contract Platform;Yield
7186,CAKE,2023-01-31,667895677.9947852,2690686885.0,3450260187.4166665,12.0,-0.33006150239483634,1.0,False,2.2297249739211367,0.708917492176341,1584803187.9047701,0.4214376164132998,0.2482249724849665,token,Derivatives;Dexs;Luck Games;Options;Prediction Market;Reserve Currency;NFT;DEX;Perpetuals;Privacy;Smart Contract Platform;Yield
7186,CAKE,2023-02-28,741966621.057274,2543976787.0,3283773589.25,12.0,-0.35546754179170503,1.0,False,2.2289018333514843,0.7086705500054453,1416298407.3856843,0.5238773249959765,0.2916562072613259,token,Derivatives;Dexs;Luck Games;Options;Prediction Market;Reserve Currency;NFT;DEX;Perpetuals;Privacy;Smart Contract Platform;Yield
7186,CAKE,2023-03-31,732140158.1875647,2480416254.0,3070713594.6666665,12.0,-0.39671737766114046,1.0,False,2.0850768822855343,0.6655230646856604,1167841448.8495834,0.6269174286533339,0.295168263394054,token,Derivatives;Dexs;Luck Games;Options;Prediction Market;Reserve Currency;NFT;DEX;Perpetuals;Privacy;Smart Contract Platform;Yield
7186,CAKE,2023-04-30,532942392.26391375,2223389896.0,2874520871.0833335,12.0,-0.41361186690790974,1.0,False,2.079174459592777,0.663752337877833,1044961532.1922443,0.5100114940555218,0.23969812637122542,token,Derivatives;Dexs;Luck Games;Options;Prediction Market;Reserve Currency;NFT;DEX;Perpetuals;Privacy;Smart Contract Platform;Yield
7186,CAKE,2023-05-31,329158963.69027823,1966697371.0,2696142125.5833335,12.0,-0.45465583265092646,1.0,False,2.108187441733571,0.6724562325200714,882405036.8034729,0.37302480149327133,0.16736635160238805,token,Derivatives;Dexs;Luck Games;Options;Prediction Market;Reserve Currency;NFT;DEX;Perpetuals;Privacy;Smart Contract Platform;Yield
7186,CAKE,2023-06-30,327954740.8634567,1534843407.0,2578135326.0,12.0,-0.46949604776363185,1.0,False,2.0683832489957825,0.6605149746987348,804525422.7389038,0.4076375110024203,0.21367309483674038,token,Derivatives;Dexs;Luck Games;Options;Prediction Market;Reserve Currency;NFT;DEX;Perpetuals;Privacy;Smart Contract Platform;Yield
7186,CAKE,2023-07-31,330561912.4070446,1555029311.0,2445694688.6666665,12.0,-0.4817591909433171,1.0,False,2.0687798760531897,0.6606339628159569,737599485.4556515,0.44815908758781225,0.21257600102371613,token,Derivatives;Dexs;Luck Games;Options;Prediction Market;Reserve Currency;NFT;DEX;Perpetuals;Privacy;Smart Contract Platform;Yield
7186,CAKE,2023-08-31,259586278.6975667,1375018452.0,2307216763.4166665,12.0,-0.4865610071332681,1.0,False,2.077598638697188,0.6632795916091564,687596318.295688,0.37752715043761537,0.1887874874115265,token,Derivatives;Dexs;Luck Games;Options;Prediction Market;Reserve Currency;NFT;DEX;Perpetuals;Privacy;Smart Contract Platform;Yield
7186,CAKE,2023-09-30,265516348.40567347,1380137880.0,2176296495.6666665,12.0,-0.3354188018333444,2.0,False,2.070107465476411,0.6610322396429232,965659138.9263613,0.27495866574708727,0.19238392935470583,token,Derivatives;Dexs;Luck Games;Options;Prediction Market;Reserve Currency;NFT;DEX;Perpetuals;Privacy;Smart Contract Platform;Yield
7186,CAKE,2023-10-31,279182442.06955016,1403598673.0,2029808307.25,12.0,-0.3657744950821098,2.0,False,1.9337315536956696,0.620119466108701,816407011.9049809,0.3419647773701916,0.19890474922780876,token,Derivatives;Dexs;Luck Games;Options;Prediction Market;Reserve Currency;NFT;DEX;Perpetuals;Privacy;Smart Contract Platform;Yield
7186,CAKE,2023-11-30,533938632.7511903,1423433041.0,1914875053.1666667,12.0,-0.39510129103272196,2.0,False,1.9613910805415258,0.6284173241624578,716707620.9006013,0.7449880776769935,0.37510625183751817,token,Derivatives;Dexs;Luck Games;Options;Prediction Market;Reserve Currency;NFT;DEX;Perpetuals;Privacy;Smart Contract Platform;Yield
7186,CAKE,2023-12-31,849435356.6226484,1655611798.0,1852736646.25,12.0,-0.4062189404009543,2.0,False,1.9732637146577332,0.63197911439732,674761910.070828,1.2588667853724662,0.5130643292399686,token,Derivatives;Dexs;Luck Games;Options;Prediction Market;Reserve Currency;NFT;DEX;Perpetuals;Privacy;Smart Contract Platform;Yield
7186,CAKE,2024-01-31,616248813.3956232,1562300305.0,1758704431.25,12.0,-0.4156299183772212,2.0,False,1.8105117655997596,0.5831535296799278,606247773.3401569,1.0164966215057005,0.39444965313222746,token,Derivatives;Dexs;Luck Games;Options;Prediction Market;Reserve Currency;NFT;DEX;Perpetuals;Privacy;Smart Contract Platform;Yield
7186,CAKE,2024-02-29,727660129.9915035,1932942507.0,1707784907.9166667,12.0,-0.4210349078793485,2.0,False,1.0219757285536244,0.3465927185660873,470762980.6680614,1.5457038039798254,0.37645202966789715,token,Derivatives;Dexs;Luck Games;Options;Prediction Market;Reserve Currency;NFT;DEX;Perpetuals;Privacy;Smart Contract Platform;Yield
7186,CAKE,2024-03-31,1158905207.932114,2402916424.0,1701326588.75,12.0,-0.4218578987050938,2.0,False,0.9165660193928032,0.31496980581784095,449979315.7346145,2.575463287773886,0.48229110107914175,token,Derivatives;Dexs;Luck Games;Options;Prediction Market;Reserve Currency;NFT;DEX;Perpetuals;Privacy;Smart Contract Platform;Yield
7186,CAKE,2024-04-30,663547396.4608893,2069763595.0,1688524397.0,12.0,-0.41310079226395247,2.0,False,0.9977604512106052,0.3393281353631815,472751129.9854809,1.4035871188319913,0.3205909109928515,token,Derivatives;Dexs;Luck Games;Options;Prediction Market;Reserve Currency;NFT;DEX;Perpetuals;Privacy;Smart Contract Platform;Yield
7186,CAKE,2024-05-31,734605612.8714848,2029476628.0,1693756001.75,12.0,-0.41468538437748304,2.0,False,0.9404050452838977,0.3221215135851693,462167828.6459764,1.5894780366337387,0.36196800827187686,token,Derivatives;Dexs;Luck Games;Options;Prediction Market;Reserve Currency;NFT;DEX;Perpetuals;Privacy;Smart Contract Platform;Yield
7186,CAKE,2024-06-30,572723572.9203739,1882003147.0,1722685980.0833333,12.0,-0.4046196231093909,2.0,False,0.9404793396247938,0.32214380188743813,484848521.6513176,1.1812422794850808,0.3043159485855918,token,Derivatives;Dexs;Luck Games;Options;Prediction Market;Reserve Currency;NFT;DEX;Perpetuals;Privacy;Smart Contract Platform;Yield
7186,CAKE,2024-07-31,432480825.7479133,1796718059.0,1742826709.0833333,12.0,-0.3922964300561972,2.0,False,0.9363763483724077,0.3209129045117223,508651358.9610543,0.850250015317519,0.240706004807799,token,Derivatives;Dexs;Luck Games;Options;Prediction Market;Reserve Currency;NFT;DEX;Perpetuals;Privacy;Smart Contract Platform;Yield
7186,CAKE,2024-08-31,471106694.1274399,1627907469.0,1763900793.8333333,12.0,-0.37347659069418915,2.0,False,0.8940702073421223,0.3082210622026367,537216780.8397664,0.8769396469540945,0.2893940245982371,token,Derivatives;Dexs;Luck Games;Options;Prediction Market;Reserve Currency;NFT;DEX;Perpetuals;Privacy;Smart Contract Platform;Yield
7186,CAKE,2024-09-30,549468622.5983465,1787713830.0,1797865456.3333333,12.0,-0.2854295125928523,3.0,False,0.894820204748454,0.3084460614245362,719425720.6517577,0.7637600475286871,0.30735826583516807,token,Derivatives;Dexs;Luck Games;Options;Prediction Market;Reserve Currency;NFT;DEX;Perpetuals;Privacy;Smart Contract Platform;Yield
7186,CAKE,2024-10-31,487082399.1008756,1760444993.0,1827602649.6666667,12.0,-0.28719393482343814,3.0,False,1.023202824643062,0.34696084739291855,753397902.8021379,0.6465141425125474,0.27668140784724626,token,Derivatives;Dexs;Luck Games;Options;Prediction Market;Reserve Currency;NFT;DEX;Perpetuals;Privacy;Smart Contract Platform;Yield
7186,CAKE,2024-11-30,874544367.459261,1904743216.0,1867711830.9166667,12.0,-0.2906755751453759,3.0,False,1.1446678669944155,0.3834003600983246,785809483.4492204,1.1129216252526617,0.45914029781705806,token,Derivatives;Dexs;Luck Games;Options;Prediction Market;Reserve Currency;NFT;DEX;Perpetuals;Privacy;Smart Contract Platform;Yield
7186,CAKE,2024-12-31,729720614.0457538,1907077063.0,1888667269.6666667,12.0,-0.2890078358735757,3.0,False,1.1690723735209962,0.39072171205629885,803188557.9060192,0.9085296433358033,0.38263824163342364,token,Derivatives;Dexs;Luck Games;Options;Prediction Market;Reserve Currency;NFT;DEX;Perpetuals;Privacy;Smart Contract Platform;Yield
7186,CAKE,2025-01-31,596278415.1704938,1799560528.0,1908438954.9166667,12.0,-0.2817310044564323,3.0,False,1.1246044000105486,0.37738132000316454,820230799.2213688,0.7269641858566283,0.3313466848671032,token,Derivatives;Dexs;Luck Games;Options;Prediction Market;Reserve Currency;NFT;DEX;Perpetuals;Privacy;Smart Contract Platform;Yield
7186,CAKE,2025-02-28,579014461.1351047,1656462057.0,1885398917.4166667,12.0,-0.28205427541266803,3.0,False,1.0941994972705196,0.36825984918115584,803599116.963803,0.7205265024714873,0.34954888262502753,token,Derivatives;Dexs;Luck Games;Options;Prediction Market;Reserve Currency;NFT;DEX;Perpetuals;Privacy;Smart Contract Platform;Yield
7186,CAKE,2025-03-31,580797460.7230095,1605581019.0,1818954300.3333333,12.0,-0.2903659749224523,3.0,False,1.0864990914527874,0.3659497274358362,755003035.612334,0.7692650669304426,0.36173662608738744,token,Derivatives;Dexs;Luck Games;Options;Prediction Market;Reserve Currency;NFT;DEX;Perpetuals;Privacy;Smart Contract Platform;Yield
7186,CAKE,2025-04-30,646390380.688367,1677942161.0,1786302514.1666667,12.0,-0.2857368600039376,3.0,False,1.087328427725945,0.36619852831778343,751832192.3793547,0.8597535290989714,0.38522804642034797,token,Derivatives;Dexs;Luck Games;Options;Prediction Market;Reserve Currency;NFT;DEX;Perpetuals;Privacy;Smart Contract Platform;Yield
7186,CAKE,2025-05-31,743228608.7021515,1761781253.0,1763994566.25,12.0,-0.29073524736871637,3.0,False,1.0580194547621466,0.357405836428644,726069148.4476255,1.023633369206244,0.42186202596750616,token,Derivatives;Dexs;Luck Games;Options;Prediction Market;Reserve Currency;NFT;DEX;Perpetuals;Privacy;Smart Contract Platform;Yield
7186,CAKE,2025-06-30,748895703.1951057,1762651899.0,1754048628.9166667,12.0,-0.2880084361640459,3.0,False,1.0986113820638461,0.3695834146191538,735387194.916752,1.0183692459859637,0.42486874669920616,token,Derivatives;Dexs;Luck Games;Options;Prediction Market;Reserve Currency;NFT;DEX;Perpetuals;Privacy;Smart Contract Platform;Yield
7186,CAKE,2025-07-31,936133486.0885012,2057040832.0,1775742193.3333333,12.0,-0.2780566936238035,3.0,False,1.079291079591777,0.36378732387753304,763083745.889053,1.2267768657525677,0.45508745938617384,token,Derivatives;Dexs;Luck Games;Options;Prediction Market;Reserve Currency;NFT;DEX;Perpetuals;Privacy;Smart Contract Platform;Yield
7186,CAKE,2025-08-31,848641196.0957286,2157533252.0,1819877675.25,12.0,-0.26014340578931305,3.0,False,1.12332788672763,0.37699836601828896,833176999.006598,1.0185605184823496,0.39333864046315453,token,Derivatives;Dexs;Luck Games;Options;Prediction Market;Reserve Currency;NFT;DEX;Perpetuals;Privacy;Smart Contract Platform;Yield
7186,CAKE,2025-09-30,862813100.7873125,2450934469.0,1875146061.8333333,12.0,-0.24499390998232295,3.0,False,1.1580298901606083,0.38740896704818245,904295719.3523488,0.9541271536762931,0.35203434106475595,token,Derivatives;Dexs;Luck Games;Options;Prediction Market;Reserve Currency;NFT;DEX;Perpetuals;Privacy;Smart Contract Platform;Yield
7186,CAKE,2025-10-31,825141549.0611502,2731051960.0,1956029975.75,12.0,-0.22117328112785628,3.0,False,1.1501107436419504,0.3850332230925851,1010336000.697969,0.816700135886595,0.30213322966625294,token,Derivatives;Dexs;Luck Games;Options;Prediction Market;Reserve Currency;NFT;DEX;Perpetuals;Privacy;Smart Contract Platform;Yield
7186,CAKE,2025-11-30,804015421.7466177,2629518496.0,2016427915.75,12.0,-0.19244482072101354,3.0,False,1.1001663420809205,0.3700499026242761,1125590977.5355058,0.714305140848782,0.30576526575860896,token,Derivatives;Dexs;Luck Games;Options;Prediction Market;Reserve Currency;NFT;DEX;Perpetuals;Privacy;Smart Contract Platform;Yield
7186,CAKE,2025-12-31,632349488.8312972,2387067887.0,2056427151.0833333,12.0,-0.16846838893682992,3.0,False,1.1011164877000235,0.370334946310007,1235898256.754001,0.5116517361972159,0.26490636997593575,token,Derivatives;Dexs;Luck Games;Options;Prediction Market;Reserve Currency;NFT;DEX;Perpetuals;Privacy;Smart Contract Platform;Yield
7186,CAKE,2026-01-31,511856729.019287,2406429807.0,2106999591.0,12.0,-0.1515930813433406,3.0,False,1.1698097836156862,0.39094293508470584,1345312862.5971673,0.38047412111345763,0.21270378530483644,token,Derivatives;Dexs;Luck Games;Options;Prediction Market;Reserve Currency;NFT;DEX;Perpetuals;Privacy;Smart Contract Platform;Yield
7186,CAKE,2026-02-28,433134379.6310856,1957902770.0,2132119650.4166667,12.0,-0.13407664004105502,3.0,False,1.1533900816653277,0.3860170244995983,1434279774.4683733,0.30198737187912317,0.22122364106522285,token,Derivatives;Dexs;Luck Games;Options;Prediction Market;Reserve Currency;NFT;DEX;Perpetuals;Privacy;Smart Contract Platform;Yield
7186,CAKE,2026-03-31,476197819.4511716,2047204064.0,2168921570.8333335,12.0,-0.10942975905321262,3.0,False,1.2332203006421463,0.40996609019264385,1584602251.4922712,0.30051567767414233,0.23260886778464873,token,Derivatives;Dexs;Luck Games;Options;Prediction Market;Reserve Currency;NFT;DEX;Perpetuals;Privacy;Smart Contract Platform;Yield
7186,CAKE,2026-04-30,473714303.9268251,2149790595.0,2208242273.6666665,12.0,-0.08414423302982355,3.0,False,1.2213687081283222,0.40641061243849663,1743820681.3920982,0.27165310572452744,0.22035369632214113,token,Derivatives;Dexs;Luck Games;Options;Prediction Market;Reserve Currency;NFT;DEX;Perpetuals;Privacy;Smart Contract Platform;Yield
7186,CAKE,2026-05-31,482579133.3915582,2333442144.0,2255880681.25,12.0,-0.05769582712090826,3.0,False,1.1659470654752015,0.38978411964256043,1937380652.708724,0.24908844460526966,0.2068099843968354,token,Derivatives;Dexs;Luck Games;Options;Prediction Market;Reserve Currency;NFT;DEX;Perpetuals;Privacy;Smart Contract Platform;Yield
7224,DODO,2021-02-28,354103836.4684486,50525385.0,,4.0,,,False,,,,,7.0084342052702535,token,DEX Aggregator;Dexs;DEX
7224,DODO,2021-03-31,850809761.8828331,55940770.0,,5.0,,,False,,,,,15.20911782020221,token,DEX Aggregator;Dexs;DEX
7224,DODO,2021-04-30,441261327.3504404,139376758.0,50038981.666666664,6.0,,,False,,,,,3.1659606212855116,token,DEX Aggregator;Dexs;DEX
7224,DODO,2021-05-31,179620552.22884655,100313643.0,57221076.14285714,7.0,,,False,,,,,1.7905894637765927,token,DEX Aggregator;Dexs;DEX
7224,DODO,2021-06-30,103718833.1439554,217756573.0,77288013.25,8.0,,,False,,,,,0.4763063255222858,token,DEX Aggregator;Dexs;DEX
7224,DODO,2021-07-31,135831257.2610641,227359101.0,93962578.55555555,9.0,,,False,,,,,0.5974304818396696,token,DEX Aggregator;Dexs;DEX
7224,DODO,2021-08-31,222027557.80911985,282558361.0,112822156.8,10.0,,,False,,,,,0.78577592616033,token,DEX Aggregator;Dexs;DEX
7224,DODO,2021-09-30,130579637.56688556,293690313.0,129264716.45454545,11.0,,,False,,,,,0.4446167673459681,token,DEX Aggregator;Dexs;DEX
7224,DODO,2021-10-31,191121150.2898301,311489031.0,144450076.0,12.0,,,False,,,,,0.6135726502992976,token,DEX Aggregator;Dexs;DEX
7224,DODO,2021-11-30,160697636.9685312,282658459.0,166514524.16666666,12.0,,,False,,,,,0.5685222990921747,token,DEX Aggregator;Dexs;DEX
7224,DODO,2021-12-31,93400026.9697749,240018237.0,185744030.08333334,12.0,,,False,,,,,0.3891372094770236,token,DEX Aggregator;Dexs;DEX
7224,DODO,2022-01-31,54418679.25601529,230797765.0,202707033.0,12.0,,,False,,,,,0.2357851223386643,token,DEX Aggregator;Dexs;DEX
7224,DODO,2022-02-28,50869687.21664788,367236479.0,229099624.16666666,12.0,,,False,1.67621275855144,0.542863827565432,,,0.13852024547008,token,DEX Aggregator;Dexs;DEX
7224,DODO,2022-03-31,57118884.26269033,186553989.0,239984059.08333334,12.0,,,False,1.674878465731766,0.5424635397195298,,,0.3061788416793936,token,DEX Aggregator;Dexs;DEX
7224,DODO,2022-04-30,31266732.35803676,151780132.0,241017673.58333334,12.0,2.0,1.0,True,1.6959739334181594,0.5487921800254478,403347327613.09796,7.751813441547997e-05,0.2060001658058695,token,DEX Aggregator;Dexs;DEX
7224,DODO,2022-05-31,18541483.50674736,120994378.0,242741068.16666666,12.0,2.0,1.0,True,1.7030274741435225,0.5509082422430568,401692943072.3773,4.615835011920173e-05,0.15324252096033222,token,DEX Aggregator;Dexs;DEX
7224,DODO,2022-06-30,12889526.76778006,111944224.0,233923372.41666666,12.0,2.0,1.0,True,1.4838967199017687,0.4851690159705306,555066755300.8698,2.322157946712804e-05,0.11514240134247623,token,DEX Aggregator;Dexs;DEX
7224,DODO,2022-07-31,19138278.35933488,126454387.0,225514646.25,12.0,1.4000474414041761,1.0,False,1.566846345125772,0.5100539035377316,57924274312.31652,0.0003304016940487674,0.1513453096675474,token,DEX Aggregator;Dexs;DEX
7224,DODO,2022-08-31,14082975.97798632,118648051.0,211855453.75,12.0,0.8777823413317338,1.0,False,1.5595889934592326,0.5078766980377698,6541124658.029394,0.0021529900000757693,0.11869538403109817,token,DEX Aggregator;Dexs;DEX
7224,DODO,2022-09-30,14061626.49520402,98547763.0,195593574.58333334,12.0,0.5131242302466328,1.0,False,1.5535153542866795,0.5060546062860038,1261160111.911383,0.01114975518365592,0.14268843926172145,token,DEX Aggregator;Dexs;DEX
7224,DODO,2022-10-31,14708302.37893807,97500505.0,177761197.41666666,12.0,0.23060646514763095,1.0,False,1.5518759103181834,0.505562773095455,380959530.274731,0.03860856917880778,0.1508536020294261,token,DEX Aggregator;Dexs;DEX
7224,DODO,2022-11-30,51628944.64625445,46518548.0,158082871.5,12.0,-0.05063613945308043,1.0,False,1.5028837488349316,0.49086512465047943,139016684.7164747,0.3713866774448834,1.1098571831230513,token,DEX Aggregator;Dexs;DEX
7224,DODO,2022-12-31,39998762.95206935,47541177.0,142043116.5,12.0,-0.23527492950232154,1.0,False,1.501634674868697,0.4904904024606091,74899120.27853511,0.5340351502570632,0.8413498671282233,token,DEX Aggregator;Dexs;DEX
7224,DODO,2023-01-31,58207602.28166994,44012336.0,126477664.08333333,12.0,-0.3760568530282157,1.0,False,1.4638985653841103,0.47916956961523305,45131754.22796567,1.2897261202756858,1.322529262742835,token,DEX Aggregator;Dexs;DEX
7224,DODO,2023-02-28,117063422.72252531,45966820.0,99705192.5,12.0,-0.5,1.0,True,1.4692579026714847,0.4807773708014454,24931263.327922963,4.6954468846115205,2.546693957130933,token,DEX Aggregator;Dexs;DEX
7224,DODO,2023-03-31,80031924.106347,40272571.0,87515074.33333333,12.0,-0.5,1.0,True,1.3208892402841315,0.4362667720852394,20952336.79933347,3.8197135180116493,1.9872563911141157,token,DEX Aggregator;Dexs;DEX
7224,DODO,2023-04-30,70789051.23291431,43949357.0,78529176.41666667,12.0,0.25274099596166466,2.0,False,1.3160956072136119,0.43482868216408355,202287690.63771206,0.34994245576560684,1.6106959479046374,token,DEX Aggregator;Dexs;DEX
7224,DODO,2023-05-31,57944644.39091381,41651658.0,71917283.08333333,12.0,0.12108521593394794,2.0,False,1.3173868511619664,0.43521605534858987,112005329.42933857,0.5173382792242013,1.3911725768735017,token,DEX Aggregator;Dexs;DEX
7224,DODO,2023-06-30,44953396.04421692,35840662.0,65575319.583333336,12.0,-0.07888440305688404,2.0,False,1.2781013912746324,0.4234304173823897,52741642.47546827,0.8523321219115636,1.2542568561991663,token,DEX Aggregator;Dexs;DEX
7224,DODO,2023-07-31,41597910.49061003,34767503.0,57934745.916666664,12.0,-0.214778666845858,2.0,False,1.2748688191956141,0.4224606457586842,31167347.49918502,1.3346631596319758,1.1964595355211456,token,DEX Aggregator;Dexs;DEX
7224,DODO,2023-08-31,45438343.53167991,32832478.0,50783448.166666664,12.0,-0.32909057327845337,2.0,False,1.2413462625492142,0.41240387876476425,19591676.926957663,2.319267702355681,1.3839449928719945,token,DEX Aggregator;Dexs;DEX
7224,DODO,2023-09-30,60299084.44216098,32595557.0,45287431.0,12.0,-0.408099313424766,2.0,False,1.2393686328071114,0.41181058984213337,13911882.864036422,4.3343582627510475,1.8499172891005047,token,DEX Aggregator;Dexs;DEX
7224,DODO,2023-10-31,68143127.92973185,33837858.0,39982210.416666664,12.0,-0.47389247591398476,2.0,False,1.1973697800269338,0.3992109340080801,9966322.916913733,6.8373389561848255,2.013813283622499,token,DEX Aggregator;Dexs;DEX
7224,DODO,2023-11-30,83583942.13643679,28497027.0,38480417.0,12.0,-0.5,2.0,True,1.2085361662917882,0.40256084988753643,8884247.768426582,9.408105707439052,2.9330758656486093,token,DEX Aggregator;Dexs;DEX
7224,DODO,2023-12-31,123086897.43891716,34044702.0,37355710.75,12.0,-0.5,2.0,True,1.2433982808853195,0.4130194842655958,8725230.47066109,14.107008159016704,3.615449400582715,token,DEX Aggregator;Dexs;DEX
7224,DODO,2024-01-31,97212915.7022741,33331407.0,36465633.333333336,12.0,-0.5,2.0,True,1.2435147089002359,0.4130544126700707,8517659.345854478,11.413102092370877,2.9165560188405517,token,DEX Aggregator;Dexs;DEX
7224,DODO,2024-02-29,133319934.90660928,34728474.0,35529104.5,12.0,-0.5,2.0,True,1.2066447474910276,0.4019934242473082,8197621.527642006,16.26324592530413,3.83892292263142,token,DEX Aggregator;Dexs;DEX
7224,DODO,2024-03-31,156139470.65108785,34505076.0,35048479.916666664,12.0,-0.5,2.0,True,1.2534319310163617,0.41602957930490847,8213239.059355207,19.01070570608057,4.525115975721596,token,DEX Aggregator;Dexs;DEX
7224,DODO,2024-04-30,102437532.84721154,29576149.0,33850712.583333336,12.0,-0.12215106991166502,3.0,False,1.2712083805773862,0.4213625141732158,23863547.71855137,4.292636369720385,3.463518284520799,token,DEX Aggregator;Dexs;DEX
7224,DODO,2024-05-31,112693848.544233,33710228.0,33188926.75,12.0,-0.16603902362151512,3.0,False,1.2342135966601593,0.41026407899804773,20450912.40544716,5.510455783587273,3.343016503603387,token,DEX Aggregator;Dexs;DEX
7224,DODO,2024-06-30,79197142.70588648,30690241.0,32759725.0,12.0,-0.2488222747082266,3.0,False,1.2243569296991426,0.4073070789097427,15835599.176889705,5.001209099903583,2.580531795298919,token,DEX Aggregator;Dexs;DEX
7224,DODO,2024-07-31,86991122.30874085,49177757.0,33960579.5,12.0,-0.2876828697031776,3.0,False,1.2064198818143965,0.40192596454431895,14624998.32774259,5.948111607214671,1.7689119556376036,token,DEX Aggregator;Dexs;DEX
7224,DODO,2024-08-31,79340023.23454434,58651811.0,36112190.583333336,12.0,-0.31595215562859535,3.0,False,1.157174650552081,0.3871523951656243,14161578.81345891,5.602484318989984,1.3527292999451344,token,DEX Aggregator;Dexs;DEX
7224,DODO,2024-09-30,90857036.92611824,47649188.0,37366659.833333336,12.0,-0.3387970840237493,3.0,False,1.137864170238419,0.38135925107152563,13640926.646693764,6.660620592673579,1.906790875977115,token,DEX Aggregator;Dexs;DEX
7224,DODO,2024-10-31,78043262.2352898,24135117.0,36558098.083333336,12.0,-0.36745910849401264,3.0,False,1.0918286340697685,0.3675485902209305,12105989.701130137,6.4466651766607885,3.2335978414892206,token,DEX Aggregator;Dexs;DEX
7224,DODO,2024-11-30,120848772.01557045,21300459.0,35958384.083333336,12.0,-0.40004867691736323,3.0,False,1.1532310516931292,0.3859693155079387,11021672.974137323,10.964648678938815,5.673529007781966,token,DEX Aggregator;Dexs;DEX
7224,DODO,2024-12-31,110482348.81957898,22654269.0,35009181.333333336,12.0,-0.426646637706235,3.0,False,1.1185879435654562,0.3755763830696368,9806370.20630176,11.266385675362422,4.8768887144219475,token,DEX Aggregator;Dexs;DEX
7224,DODO,2025-01-31,75099471.33888903,20931419.0,33975849.0,12.0,-0.4486418054872665,3.0,False,1.0564341175784884,0.3569302352735465,8715598.441203063,8.616674098230096,3.5878824717468527,token,DEX Aggregator;Dexs;DEX
7224,DODO,2025-02-28,62033169.57808817,17410144.0,32532654.833333332,12.0,-0.4782869387498676,3.0,False,1.0592464106287698,0.3577739231886309,7623136.2559149,8.137486658454485,3.5630474726738717,token,DEX Aggregator;Dexs;DEX
7224,DODO,2025-03-31,46480380.01131526,18408165.0,31191245.583333332,12.0,-0.4934564677643324,3.0,False,1.0666074726331918,0.3599822417899575,6988712.753568334,6.65077842662557,2.524987146264457,token,DEX Aggregator;Dexs;DEX
7224,DODO,2025-04-30,36070781.42325235,19174612.0,30324450.833333332,12.0,-0.4989112126264036,3.0,False,0.9855129188851076,0.33565387566553223,6471060.318775793,5.574168628685614,1.8811739931557598,token,DEX Aggregator;Dexs;DEX
7224,DODO,2025-05-31,30390736.99987024,20453356.0,29219711.5,12.0,-0.5,3.0,True,0.9266419931678636,0.31799259795035906,6064668.62738988,5.011112538386099,1.4858557686019958,token,DEX Aggregator;Dexs;DEX
7224,DODO,2025-06-30,27802518.08217117,18697104.0,28220283.416666668,12.0,-0.5,3.0,True,0.9725553980893962,0.33176661942681884,5969727.16351818,4.657251046928269,1.486995958420682,token,DEX Aggregator;Dexs;DEX
7224,DODO,2025-07-31,30043943.43993415,19984279.0,25787493.583333332,12.0,-0.5,3.0,True,0.9160046532570132,0.31480139597710394,5328214.557494039,5.6386512059049645,1.5033789029833975,token,DEX Aggregator;Dexs;DEX
7224,DODO,2025-08-31,32396875.29661154,21312629.0,22675895.083333332,12.0,-0.5,3.0,True,0.8627425454946346,0.29882276364839033,4577937.267631627,7.076740768309371,1.520078789745345,token,DEX Aggregator;Dexs;DEX
7224,DODO,2025-09-30,31145963.41963603,21730649.0,20516016.833333332,12.0,-0.5,3.0,True,0.8714256089156819,0.30142768267470454,4157859.2958699972,7.490865179245802,1.4332735032274475,token,DEX Aggregator;Dexs;DEX
7224,DODO,2025-10-31,21077232.17115975,20334457.0,20199295.166666668,12.0,-0.5,3.0,True,0.9026769696032793,0.31080309088098373,4149834.0335301347,5.0790542467140565,1.036527907834458,token,DEX Aggregator;Dexs;DEX
7224,DODO,2025-11-30,17439529.15607858,18127399.0,19934873.5,12.0,-0.49853238728811267,3.0,False,0.9342227829069066,0.32026683487207197,4170458.0760840625,4.1816819250833435,0.9620535828708013,token,DEX Aggregator;Dexs;DEX
7224,DODO,2025-12-31,12950568.56564384,18190888.0,19562925.083333332,12.0,-0.4835782403810386,3.0,False,0.9332258831008684,0.31996776493026047,4291676.732459431,3.017601131905911,0.7119261338777876,token,DEX Aggregator;Dexs;DEX
7224,DODO,2026-01-31,12723564.51556921,17799192.0,19301906.166666668,12.0,-0.4656053257399243,3.0,False,0.8300802624183253,0.28902407872549757,4292231.458546574,2.964323950945002,0.7148394441483192,token,DEX Aggregator;Dexs;DEX
7224,DODO,2026-03-31,14072003.63512616,12777224.0,18548320.75,12.0,-0.4037790340709314,3.0,False,0.9007450904312962,0.31022352712938883,5157047.528623126,2.7286938033869985,1.1013349719098735,token,DEX Aggregator;Dexs;DEX
7224,DODO,2026-04-30,18438189.08675012,12222879.0,17969009.666666668,12.0,-0.38835743648866405,3.0,False,1.0662175930694038,0.3598652779208211,5547632.61106593,3.3236139411920034,1.508498045898198,token,DEX Aggregator;Dexs;DEX
7224,DODO,2026-05-31,17710032.62698496,11899880.0,17256220.0,12.0,-0.3786006438234836,3.0,False,1.0561541163750223,0.35684623491250667,5467171.604163033,3.2393409077372803,1.488253043474805,token,DEX Aggregator;Dexs;DEX
7228,DDX,2021-03-31,177829353.91558802,33572034.0,,1.0,,,False,,,,,5.296949059314906,token,Derivatives;DEX
7228,DDX,2021-04-30,157347697.06124035,37901029.0,,2.0,,,False,,,,,4.151541560025728,token,Derivatives;DEX
7228,DDX,2021-05-31,76988928.34904002,31760698.0,,3.0,,,False,,,,,2.424031372013298,token,Derivatives;DEX
7228,DDX,2021-06-30,61941593.19186074,34699174.0,,4.0,,,False,,,,,1.7851028151811552,token,Derivatives;DEX
7228,DDX,2021-07-31,72769731.03176068,39516572.0,,5.0,,,False,,,,,1.8414990812401613,token,Derivatives;DEX
7228,DDX,2021-08-31,347284142.1495788,40010349.0,36243309.333333336,6.0,,,False,,,,,8.679857857515284,token,Derivatives;DEX
7228,DDX,2021-09-30,163343038.94824773,65251295.0,40387307.28571428,7.0,,,False,,,,,2.503291910884646,token,Derivatives;DEX
7228,DDX,2021-10-31,155343704.51776958,64600870.0,43414002.625,8.0,,,False,,,,,2.4046689234644916,token,Derivatives;DEX
7228,DDX,2021-11-30,172271749.98437122,62702498.0,45557168.777777776,9.0,,,False,,,,,2.747446361457102,token,Derivatives;DEX
7228,DDX,2021-12-31,112204566.45340428,64155359.0,47416987.8,10.0,,,False,,,,,1.7489508000945686,token,Derivatives;DEX
7228,DDX,2022-01-31,79638027.1143586,61230344.0,48672747.45454545,11.0,,,False,1.2313295660131478,0.4093988698039443,,,1.3006300783539384,token,Derivatives;DEX
7228,DDX,2022-02-28,60777359.88678066,3325249.0,44893789.25,12.0,,,False,1.164483252173976,0.3893449756521928,,,18.277536475247615,token,Derivatives;DEX
7228,DDX,2022-03-31,75153395.33975852,2357215.0,42292554.333333336,12.0,,,False,1.1598971917554464,0.38796915752663386,,,31.882282837907663,token,Derivatives;DEX
7228,DDX,2022-04-30,53014231.05647338,2182010.0,39315969.416666664,12.0,,,False,1.202125929580847,0.4006377788742541,,,24.296053206205922,token,Derivatives;DEX
7228,DDX,2022-05-31,30534869.92219703,1912744.0,36828639.916666664,12.0,,,False,1.270182010637925,0.42105460319137744,,,15.963908354801807,token,Derivatives;DEX
7228,DDX,2022-06-30,19649945.65119334,1728105.0,34081050.833333336,12.0,,,False,1.226686042468634,0.4080058127405902,,,11.37080539156668,token,Derivatives;DEX
7228,DDX,2022-07-31,25604554.49110719,1699583.0,30929635.083333332,12.0,,,False,1.2391910837943596,0.4117573251383079,,,15.0651980462897,token,Derivatives;DEX
7228,DDX,2022-08-31,20192726.89190929,1662023.0,27733941.25,12.0,-0.23478452271209083,1.0,False,1.245999529625683,0.4137998588877049,14016553.58912339,1.4406342303416515,12.149487035925068,token,Derivatives;DEX
7228,DDX,2022-09-30,15116118.39836184,1662618.0,22434884.833333332,12.0,-0.4445065457169274,1.0,False,1.2499124355914293,0.41497373067742876,6211825.432419021,2.4334422405806873,9.091756734476494,token,Derivatives;DEX
7228,DDX,2022-10-31,14287127.54728372,1659186.0,17189744.5,12.0,-0.5,1.0,True,1.2388862764872954,0.4116658829461886,4009080.3506443873,3.563691993598313,8.610925807765808,token,Derivatives;DEX
7228,DDX,2022-11-30,12772632.77097629,1652623.0,12102254.916666666,12.0,-0.5,1.0,True,1.2210300565258696,0.40630901695776084,2805877.3488663165,4.552099462272266,7.728703262012141,token,Derivatives;DEX
7228,DDX,2022-12-31,7946781.72060712,1644813.0,6893042.75,12.0,-0.5,1.0,True,1.2287054121633578,0.4086116236490073,1602225.5947884074,4.959839454853163,4.831419572077263,token,Derivatives;DEX
7228,DDX,2023-01-31,9970985.76697671,1645953.0,1927676.8333333333,12.0,-0.5,1.0,True,1.1516809295828598,0.38550427887485794,436414.4936290577,22.847512886342905,6.057880004457424,token,Derivatives;DEX
7228,DDX,2023-02-28,10776288.95099252,1643136.0,1787500.75,12.0,-0.5,1.0,True,1.148991602417746,0.3846974807253238,404295.50830233714,26.654485963108648,6.55836701952396,token,Derivatives;DEX
7228,DDX,2023-03-31,9763324.29810242,1636028.0,1727401.8333333333,12.0,-0.5,1.0,True,1.0825708260011144,0.3647712478003343,381401.4593476122,25.598549923753833,5.96770000152957,token,Derivatives;DEX
7228,DDX,2023-04-30,9404207.41177827,1632333.0,1681595.4166666667,12.0,-0.5,1.0,True,1.0805863930527206,0.36417591791581616,371013.1784599557,25.347367580888466,5.761206452224068,token,Derivatives;DEX
7228,DDX,2023-05-31,8400927.10619375,1632112.0,1658209.4166666667,12.0,-0.5,1.0,True,1.0794449350097164,0.36383348050291486,365697.70898887335,22.972326322255835,5.147273659034275,token,Derivatives;DEX
7228,DDX,2023-06-30,7494429.57356895,1631436.0,1650153.6666666667,12.0,-0.5,1.0,True,1.05952909634148,0.35785872890244397,361204.35726470425,20.748447306455798,4.593762534092021,token,Derivatives;DEX
7228,DDX,2023-07-31,7222835.06505317,1633142.0,1644616.9166666667,12.0,-0.5,1.0,True,1.056189171931388,0.3568567515794164,359536.1191272827,20.08931698596921,4.422662000642424,token,Derivatives;DEX
7228,DDX,2023-08-31,3698795.51389506,1635317.0,1642391.4166666667,12.0,-0.5,2.0,True,1.0916265453945189,0.3674879636183556,363852.01339847164,10.165659052831275,2.2618217225743145,token,Derivatives;DEX
7230,OPIUM,2021-02-28,32143155.49206858,8118379.0,,1.0,,,False,,,,,3.9593070848341254,token,Options;Derivatives
7230,OPIUM,2021-03-31,32293259.30747508,3685161.0,,2.0,,,False,,,,,8.763052498242295,token,Options;Derivatives
7230,OPIUM,2021-04-30,27988040.00809328,2780156.0,,3.0,,,False,,,,,10.067075375659956,token,Options;Derivatives
7230,OPIUM,2021-05-31,15018116.57870174,4648914.0,,4.0,,,False,,,,,3.2304569580555245,token,Options;Derivatives
7230,OPIUM,2021-06-30,7372213.56492252,548268.0,,5.0,,,False,,,,,13.446368500300073,token,Options;Derivatives
7230,OPIUM,2021-07-31,7544755.28229829,3045399.0,3804379.5,6.0,,,False,,,,,2.4774275168207156,token,Options;Derivatives
7230,OPIUM,2021-08-31,10310281.38120043,3635065.0,3780191.714285714,7.0,,,False,,,,,2.8363403078625637,token,Options;Derivatives
7230,OPIUM,2021-09-30,9038498.26891421,2772453.0,3654224.375,8.0,,,False,,,,,3.2601087444635524,token,Options;Derivatives
7232,ALPHA,2023-06-30,85698681.40150633,519105.0,,1.0,,,False,1.2372036908980526,0.41116110726941574,,,165.08930062608977,token,Lending;Leveraged Farming;Liquid Staking;Prediction Market;Yield Aggregator;Yield
7232,ALPHA,2023-07-31,81663248.35221943,1039117.0,,2.0,,,False,1.2328784525509904,0.4098635357652971,,,78.5890793358394,token,Lending;Leveraged Farming;Liquid Staking;Prediction Market;Yield Aggregator;Yield
7232,ALPHA,2023-08-31,61386524.86497032,1222414.0,,3.0,,,False,1.2380325694977237,0.41140977084931707,,,50.21745895005319,token,Lending;Leveraged Farming;Liquid Staking;Prediction Market;Yield Aggregator;Yield
7232,ALPHA,2023-09-30,64739097.94293039,1924242.0,,4.0,,,False,1.2375144831513478,0.4112543449454043,,,33.64394808081852,token,Lending;Leveraged Farming;Liquid Staking;Prediction Market;Yield Aggregator;Yield
7232,ALPHA,2023-10-31,63729765.54186428,2368532.0,,5.0,,,False,1.1702284594929155,0.39106853784787465,,,26.90686279174792,token,Lending;Leveraged Farming;Liquid Staking;Prediction Market;Yield Aggregator;Yield
7232,ALPHA,2023-11-30,78956381.8903634,5863434.0,2156140.6666666665,6.0,,,False,1.1799743960953,0.39399231882859,,,13.46589419960443,token,Lending;Leveraged Farming;Liquid Staking;Prediction Market;Yield Aggregator;Yield
7232,ALPHA,2023-12-31,106564888.28706633,6731312.0,2809736.5714285714,7.0,,,False,1.1967902294931592,0.3990370688479477,,,15.831221058697967,token,Lending;Leveraged Farming;Liquid Staking;Prediction Market;Yield Aggregator;Yield
7232,ALPHA,2024-01-31,79017835.1203581,6146191.0,3226793.375,8.0,,,False,1.1988080286855738,0.39964240860567213,,,12.856391075441374,token,Lending;Leveraged Farming;Liquid Staking;Prediction Market;Yield Aggregator;Yield
7232,ALPHA,2024-02-29,130075253.72845748,8248975.0,3784813.5555555555,9.0,,,False,1.4588340097286787,0.4776502029186036,,,15.76865655774899,token,Lending;Leveraged Farming;Liquid Staking;Prediction Market;Yield Aggregator;Yield
7232,ALPHA,2024-03-31,142317686.1013168,6710667.0,4077398.9,10.0,,,False,1.4415443459480906,0.47246330378442714,,,21.207681159162988,token,Lending;Leveraged Farming;Liquid Staking;Prediction Market;Yield Aggregator;Yield
7232,ALPHA,2024-04-30,91651113.26096864,3827315.0,4054664.0,11.0,,,False,1.4612403970515329,0.47837211911545985,,,23.94658220213613,token,Lending;Leveraged Farming;Liquid Staking;Prediction Market;Yield Aggregator;Yield
7232,ALPHA,2024-05-31,110958777.64799266,3600952.0,4016854.6666666665,12.0,,,False,1.4684391943081394,0.48053175829244177,,,30.813734159186975,token,Lending;Leveraged Farming;Liquid Staking;Prediction Market;Yield Aggregator;Yield
7232,ALPHA,2024-06-30,72361351.2802706,3264507.0,4245638.166666667,12.0,,,False,1.4620745697675919,0.47862237093027754,,,22.166088564144786,token,Lending;Leveraged Farming;Liquid Staking;Prediction Market;Yield Aggregator;Yield
7232,ALPHA,2024-07-31,57309568.80198984,4326136.0,4519556.416666667,12.0,,,False,1.4480706811202813,0.47442120433608437,,,13.247287834222004,token,Lending;Leveraged Farming;Liquid Staking;Prediction Market;Yield Aggregator;Yield
7232,ALPHA,2024-08-31,50001397.05714015,3588139.0,4716700.166666667,12.0,,,False,1.3654571546671261,0.4496371464001378,,,13.935189538961604,token,Lending;Leveraged Farming;Liquid Staking;Prediction Market;Yield Aggregator;Yield
7232,ALPHA,2024-09-30,56708548.5431327,1657268.0,4694452.333333333,12.0,,,False,1.3589426910725906,0.4476828073217771,,,34.2180917890967,token,Lending;Leveraged Farming;Liquid Staking;Prediction Market;Yield Aggregator;Yield
7232,ALPHA,2024-10-31,60970901.53894914,1386521.0,4612618.083333333,12.0,,,False,1.4712688350039953,0.48138065050119855,,,43.9740195344673,token,Lending;Leveraged Farming;Liquid Staking;Prediction Market;Yield Aggregator;Yield
7232,ALPHA,2024-11-30,103823696.81919403,1475812.0,4246982.916666667,12.0,0.9697151407252034,1.0,False,1.5512364403506986,0.5053709321052096,196512106.5580234,0.5283323182357643,70.35021860453367,token,Lending;Leveraged Farming;Liquid Staking;Prediction Market;Yield Aggregator;Yield
7232,ALPHA,2024-12-31,72628932.50484174,1108486.0,3778414.0833333335,12.0,0.3447574131165796,1.0,False,1.5731899054230452,0.5119569716269136,12214751.612054182,5.9460015898454746,65.52083878807828,token,Lending;Leveraged Farming;Liquid Staking;Prediction Market;Yield Aggregator;Yield
7232,ALPHA,2025-01-31,57923974.15728964,878484.0,3339438.5,12.0,0.03490930837801165,1.0,False,1.5367190352977071,0.5010157105893122,3778577.2918084576,15.329572398284,65.93628814786568,token,Lending;Leveraged Farming;Liquid Staking;Prediction Market;Yield Aggregator;Yield
7232,ALPHA,2025-02-28,41467616.79070902,642011.0,2705524.8333333335,12.0,-0.16154382418944524,1.0,False,1.5466000083955456,0.5039800025186637,1751017.8866788612,23.68200639535456,64.59019672670564,token,Lending;Leveraged Farming;Liquid Staking;Prediction Market;Yield Aggregator;Yield
7232,ALPHA,2025-03-31,31680841.68269836,597870.0,2196125.0833333335,12.0,-0.4613906715545213,1.0,False,1.5500009625105904,0.5050002887531772,628723.3340343978,50.38916160373504,52.989515584823394,token,Lending;Leveraged Farming;Liquid Staking;Prediction Market;Yield Aggregator;Yield
7232,ALPHA,2025-04-30,28883517.41009268,518510.0,1920391.3333333333,12.0,-0.5,1.0,True,1.5195383988536975,0.4958615196561092,486809.54135827965,59.33227464996446,55.70484158471906,token,Lending;Leveraged Farming;Liquid Staking;Prediction Market;Yield Aggregator;Yield
7232,ALPHA,2025-05-31,23024307.46397534,621720.0,1672122.0,12.0,-0.5,1.0,True,1.4860320192557839,0.48580960577673515,420050.29175024445,54.81321621760769,37.0332423984677,token,Lending;Leveraged Farming;Liquid Staking;Prediction Market;Yield Aggregator;Yield
7232,ALPHA,2025-06-30,12822408.6532401,620953.0,1451825.8333333333,12.0,-0.5,1.0,True,1.6724357618746897,0.5417307285624069,382553.7106590216,33.51793041335571,20.649563901358235,token,Lending;Leveraged Farming;Liquid Staking;Prediction Market;Yield Aggregator;Yield
7242,CORE,2021-03-31,54800667.152303,89974593.0,,1.0,,,False,,,,,0.6090682416568753,token,Canonical Bridge;Derivatives;Yield
7242,CORE,2021-04-30,66619894.24136331,48807509.0,,2.0,,,False,,,,,1.3649517380893852,token,Canonical Bridge;Derivatives;Yield
7242,CORE,2021-05-31,65136611.17096786,3620656.0,,3.0,,,False,,,,,17.9902788806691,token,Canonical Bridge;Derivatives;Yield
7242,CORE,2021-06-30,69273103.92798714,3558534.0,,4.0,,,False,,,,,19.466753423737735,token,Canonical Bridge;Derivatives;Yield
7242,CORE,2021-07-31,77619137.34158222,4023174.0,,5.0,,,False,,,,,19.29301028033643,token,Canonical Bridge;Derivatives;Yield
7242,CORE,2021-08-31,119582045.1344846,5713111.0,25949596.166666668,6.0,,,False,,,,,20.931160821920773,token,Canonical Bridge;Derivatives;Yield
7242,CORE,2021-09-30,106993062.6606924,3251451.0,22707004.0,7.0,,,False,,,,,32.90625098169783,token,Canonical Bridge;Derivatives;Yield
7242,CORE,2021-10-31,98602263.98794776,3522995.0,20309002.875,8.0,,,False,,,,,27.988192997136743,token,Canonical Bridge;Derivatives;Yield
7242,CORE,2021-11-30,134283273.47300735,3854875.0,18480766.444444444,9.0,,,False,-0.07071896415085122,0.05,,,34.834663503487754,token,Canonical Bridge;Derivatives;Yield
7242,CORE,2021-12-31,72215561.05040985,2949001.0,16927589.9,10.0,,,False,0.18708734139683178,0.09612620241904954,,,24.48814396821495,token,Canonical Bridge;Derivatives;Yield
7242,CORE,2022-01-31,99793678.19377504,2861490.0,15648853.545454545,11.0,,,False,0.07631079644956255,0.06289323893486877,,,34.874725473014074,token,Canonical Bridge;Derivatives;Yield
7242,CORE,2022-02-28,78620926.09842,2163560.0,14525079.083333334,12.0,,,False,0.05738157039243739,0.057214471117731217,,,36.33868536043373,token,Canonical Bridge;Derivatives;Yield
7242,CORE,2022-03-31,65103560.58357469,2299039.0,7218782.916666667,12.0,,,False,0.06543036157229659,0.05962910847168898,,,28.317727791296576,token,Canonical Bridge;Derivatives;Yield
7242,CORE,2022-04-30,67198617.32262619,2189051.0,3333911.4166666665,12.0,,,False,0.07327572545423643,0.06198271763627093,,,30.6976024417093,token,Canonical Bridge;Derivatives;Yield
7242,CORE,2022-05-31,61958830.79448518,1703264.0,3174128.75,12.0,,,False,0.10580104859454294,0.07174031457836288,,,36.37652812158608,token,Canonical Bridge;Derivatives;Yield
7242,CORE,2022-06-30,57940933.04175458,1287889.0,2984908.3333333335,12.0,,,False,0.13963138138027442,0.08188941441408232,,,44.98907362494328,token,Canonical Bridge;Derivatives;Yield
7242,CORE,2022-07-31,55277392.09964578,1590605.0,2782194.25,12.0,,,False,0.12243019594802815,0.07672905878440844,,,34.75243199892228,token,Canonical Bridge;Derivatives;Yield
7242,CORE,2022-08-31,57421701.6974245,10917584.0,3215900.3333333335,12.0,-0.5,1.0,True,0.12108232208063736,0.07632469662419121,413640.3884775018,138.8203456359236,5.259561245182496,token,Canonical Bridge;Derivatives;Yield
7242,CORE,2022-09-30,56346094.14751601,10007908.0,3778938.4166666665,12.0,-0.5,1.0,True,0.12409108773296813,0.07722732631989043,487148.74413481815,115.66507114287512,5.630157086527575,token,Canonical Bridge;Derivatives;Yield
7242,CORE,2022-10-31,56942692.11577685,10778341.0,4383550.583333333,12.0,-0.5,1.0,True,0.12275626108648985,0.07682687832594695,564529.3538265817,100.86754874622362,5.283066486370848,token,Canonical Bridge;Derivatives;Yield
7242,CORE,2022-11-30,58526391.13139972,9170894.0,4826552.166666667,12.0,-0.5,1.0,True,0.12207043594780177,0.07662113078434053,621263.892845851,94.20536394494985,6.381754181369856,token,Canonical Bridge;Derivatives;Yield
7242,CORE,2022-12-31,59172345.58318735,8691584.0,5305100.75,12.0,-0.5,1.0,True,0.12319839851837862,0.07695951955551358,683434.5656329528,86.58084995801427,6.808004799031724,token,Canonical Bridge;Derivatives;Yield
7242,CORE,2023-01-31,62862745.83398191,10461738.0,5938454.75,12.0,-0.5,1.0,True,0.11498525007772022,0.07449557502331607,760385.1454942338,82.6722434104397,6.008824330525378,token,Canonical Bridge;Derivatives;Yield
7242,CORE,2023-03-31,63802643.59211927,10050924.0,7294575.416666667,12.0,0.010499346063588044,1.0,False,0.10709818758759715,0.07212945627627915,21868910.484668538,2.917504447093918,6.3479381191340485,token,Canonical Bridge;Derivatives;Yield
7242,CORE,2023-04-30,59863069.55391232,10369692.0,7976295.5,12.0,1.3924737352424659,1.0,False,0.10778016097435408,0.07233404829230622,91711623053.8883,0.0006527315465645802,5.772887907751968,token,Canonical Bridge;Derivatives;Yield
7242,CORE,2023-05-31,60400592.76741076,9680570.0,8641071.0,12.0,1.7223442023263864,1.0,False,0.10925557909204867,0.0727766737276146,355074707297.9302,0.00017010671705414048,6.239363257267987,token,Canonical Bridge;Derivatives;Yield
7242,CORE,2023-06-30,57386160.50452822,8910591.0,9276296.166666666,12.0,2.0,1.0,True,0.1030294603801745,0.07090883811405235,1055295191523.6724,5.437924948911409e-05,6.44021934173931,token,Canonical Bridge;Derivatives;Yield
7242,CORE,2023-07-31,55136441.48631153,7348597.0,9756128.833333334,12.0,2.0,1.0,True,0.10675432916061352,0.07202629874818406,1076423870497.0853,5.122186807400499e-05,7.5029888679854855,token,Canonical Bridge;Derivatives;Yield
7242,CORE,2023-08-31,48603980.0244625,6417950.0,9381159.333333334,12.0,-0.39873911147536045,2.0,False,0.12106776495959488,0.07632032948787847,1825548.941231195,26.624309503136512,7.57313161125632,token,Canonical Bridge;Derivatives;Yield
7242,CORE,2023-09-30,57335197.04277704,6243731.0,9067477.916666666,12.0,-0.36807820413334424,2.0,False,0.12199882100361091,0.07659964630108326,2024568.4272951672,28.31971311504503,9.182842284969842,token,Canonical Bridge;Derivatives;Yield
7278,AAVE,2020-12-31,1053210331.410881,126438639.0,,1.0,,,False,,,,,8.329813890284607,token,Lending;RWA Lending;Yield
7278,AAVE,2021-01-31,3697226540.328945,750007695.0,,2.0,,,False,,,,,4.929584809565114,token,Lending;RWA Lending;Yield
7278,AAVE,2021-02-28,4282630707.728142,1867668421.0,,3.0,,,False,,,,,2.293035883443971,token,Lending;RWA Lending;Yield
7278,AAVE,2021-03-31,4698903088.593794,2919057794.0,,4.0,,,False,,,,,1.6097328042809536,token,Lending;RWA Lending;Yield
7278,AAVE,2021-04-30,5553793693.571046,6761616305.0,,5.0,,,False,,,,,0.821370726029543,token,Lending;RWA Lending;Yield
7278,AAVE,2021-05-31,4897954880.802668,10649925254.0,3845785684.6666665,6.0,,,False,,,,,0.4599050945416774,token,Lending;RWA Lending;Yield
7278,AAVE,2021-06-30,3212200185.367668,9439085464.0,4644828510.285714,7.0,,,False,,,,,0.34030841204042184,token,Lending;RWA Lending;Yield
7278,AAVE,2021-07-31,4280188593.571994,11373085997.0,5485860696.125,8.0,,,False,,,,,0.3763436410048271,token,Lending;RWA Lending;Yield
7278,AAVE,2021-08-31,5151167853.82618,13005240835.0,6321347378.222222,9.0,,,False,,,,,0.3960840033014414,token,Lending;RWA Lending;Yield
7278,AAVE,2021-09-30,3641646900.9454303,11353699667.0,6824582607.1,10.0,,,False,,,,,0.32074539645698297,token,Lending;RWA Lending;Yield
7278,AAVE,2021-10-31,4156685691.39188,12957614296.0,7382130942.454545,11.0,,,False,,,,,0.3207909725075737,token,Lending;RWA Lending;Yield
7278,AAVE,2021-11-30,3444502064.8895307,15181291662.0,8032061002.416667,12.0,,,False,1.7707352384068233,0.571220571522047,,,0.2268912383464312,token,Lending;RWA Lending;Yield
7278,AAVE,2021-12-31,3434662865.053646,14017782853.0,9189673020.25,12.0,,,False,1.7098061965253208,0.5529418589575963,,,0.2450218341282538,token,Lending;RWA Lending;Yield
7278,AAVE,2022-01-31,2126359642.2933087,11683368207.0,10100786396.25,12.0,,,False,1.8008255956594148,0.5802476786978245,,,0.18199885552004744,token,Lending;RWA Lending;Yield
7278,AAVE,2022-02-28,1987038896.061823,11410557686.0,10896027168.333334,12.0,,,False,1.7666937927724042,0.5700081378317213,,,0.17414038390952516,token,Lending;RWA Lending;Yield
7278,AAVE,2022-03-31,2817496472.002876,13898161619.0,11810952487.083334,12.0,,,False,1.7528557544143986,0.5658567263243196,,,0.20272439976170029,token,Lending;RWA Lending;Yield
7278,AAVE,2022-04-30,1955499437.0446863,11143989311.0,12176150237.583334,12.0,,,False,1.7960616734309596,0.5788185020292879,,,0.1754757100416862,token,Lending;RWA Lending;Yield
7278,AAVE,2022-05-31,1570231920.9381568,8918241366.0,12031843246.916666,12.0,2.0,1.0,True,1.8084116699000496,0.5825235009700149,16879197259738.123,9.302764205994703e-05,0.17606968195820827,token,Lending;RWA Lending;Yield
7278,AAVE,2022-06-30,792779715.2005712,4874071729.0,11651425435.666666,12.0,1.5084726830851198,1.0,False,1.7953498802079693,0.5786049640623908,3181025281104.364,0.0002492214443908286,0.16265245143678336,token,Lending;RWA Lending;Yield
7278,AAVE,2022-07-31,1368674449.4763832,5304595820.0,11145717920.916666,12.0,1.0317172706900068,1.0,False,1.8288448872897838,0.5886534661869351,468199018586.0403,0.0029232749218692858,0.25801672661205377,token,Lending;RWA Lending;Yield
7278,AAVE,2022-08-31,1189625033.9712286,4851432857.0,10466233922.75,12.0,0.6556966887798943,1.0,False,1.829262828626031,0.5887788485878094,95959521606.25688,0.012397154696670154,0.24521106836607068,token,Lending;RWA Lending;Yield
7278,AAVE,2022-09-30,1050199317.6973507,4334581308.0,9881307392.833334,12.0,0.4478991554081637,1.0,False,1.8359358530124366,0.590780755903731,40649489909.39804,0.02583548575979911,0.24228391234906113,token,Lending;RWA Lending;Yield
7278,AAVE,2022-10-31,1183141824.6814885,4385000066.0,9166922873.666666,12.0,0.24177191452237778,1.0,False,1.8295164317303367,0.588854929519101,18698749508.107136,0.06327384749277051,0.2698156914193051,token,Lending;RWA Lending;Yield
7278,AAVE,2022-11-30,921034275.12816,3341267759.0,8180254215.083333,12.0,0.018450210054689276,1.0,False,1.8365260073511196,0.5909578022053359,8686476866.690882,0.10603082115603775,0.2756541353644205,token,Lending;RWA Lending;Yield
7278,AAVE,2022-12-31,732551938.0645148,3223512665.0,7280731699.416667,12.0,-0.2077267946995356,1.0,False,1.8456686473153054,0.5937005941945916,4317389110.824549,0.1696747546399888,0.22725269424822153,token,Lending;RWA Lending;Yield
7278,AAVE,2023-01-31,1170001396.4779058,3947643453.0,6636087969.916667,12.0,-0.34301274083170696,1.0,False,1.77832267945995,0.5734968038379851,2758488921.152318,0.42414576600480053,0.2963797035896863,token,Lending;RWA Lending;Yield
7278,AAVE,2023-02-28,1092995086.5753844,4052707981.0,6022933827.833333,12.0,-0.4472357920199086,1.0,False,1.7797356402849909,0.5739206920854972,1891555469.9894087,0.5778287255734056,0.26969500188505796,token,Lending;RWA Lending;Yield
7278,AAVE,2023-03-31,1067583543.2800108,4212463248.0,5215792296.916667,12.0,-0.5,1.0,True,1.6979725163993276,0.5493917549197983,1382716784.2798562,0.7720912593362549,0.25343450623263714,token,Lending;RWA Lending;Yield
7278,AAVE,2023-04-30,1014417142.5327116,3936587120.0,4615175447.666667,12.0,-0.5,1.0,True,1.6970355090147067,0.5491106527044121,1223222043.6764185,0.8292992656377091,0.2576894938712068,token,Lending;RWA Lending;Yield
7278,AAVE,2023-05-31,920558257.6020144,3859801296.0,4193638775.1666665,12.0,0.044246360600735724,2.0,False,1.699602258671161,0.5498806776013483,4818917826.428946,0.19103007993896282,0.23849887261191655,token,Lending;RWA Lending;Yield
7278,AAVE,2023-06-30,1018077976.32196,3764917587.0,4101209263.3333335,12.0,-0.06033917184274917,2.0,False,1.6870546700519817,0.5461164010155946,3522313515.2499213,0.2890367288187643,0.2704117561131518,token,Lending;RWA Lending;Yield
7278,AAVE,2023-07-31,947501413.8712596,3470723589.0,3948386577.4166665,12.0,-0.15162581342458326,2.0,False,1.6895583611575535,0.546867508347266,2660626536.471722,0.35611965861535333,0.27299823497158926,token,Lending;RWA Lending;Yield
7278,AAVE,2023-08-31,806468105.857994,2450332680.0,3748294896.0,12.0,-0.22996219505449156,2.0,False,1.691449840815231,0.5474349522445693,2060607320.319861,0.39137398858352535,0.32912596417642115,token,Lending;RWA Lending;Yield
7278,AAVE,2023-09-30,984817338.3622938,2327176416.0,3581011155.0,12.0,-0.27562277141801383,2.0,False,1.690539800648734,0.5471619401946202,1748393426.4166527,0.5632698702034619,0.4231812129030676,token,Lending;RWA Lending;Yield
7278,AAVE,2023-10-31,1190291970.734224,2488662169.0,3422982996.9166665,12.0,-0.3190558412859018,2.0,False,1.631126771607968,0.5293380314823904,1476081857.2682102,0.8063861532294025,0.4782858780758137,token,Lending;RWA Lending;Yield
7278,AAVE,2023-11-30,1440363162.5763538,2349431933.0,3340330011.4166665,12.0,-0.35511661369667225,2.0,False,1.6299535638847715,0.5289860691654314,1308030929.884817,1.1011690394073401,0.6130686921996279,token,Lending;RWA Lending;Yield
7278,AAVE,2023-12-31,1603205693.180298,2335592933.0,3266336700.4166665,12.0,-0.4038158224841012,2.0,False,1.2132087884484495,0.4039626365345348,1008238325.1743935,1.5901058838474464,0.6864234218764431,token,Lending;RWA Lending;Yield
7278,AAVE,2024-01-31,1266011479.0908978,2000079875.0,3104039735.5833335,12.0,-0.44564745903458036,2.0,False,1.005746068866101,0.3417238206598303,788934109.6674554,1.6047112979112232,0.6329804598883321,token,Lending;RWA Lending;Yield
7278,AAVE,2024-02-29,1560221358.3029923,2602574382.0,2983195269.0,12.0,-0.4767529939008822,2.0,False,0.998132124519039,0.33943963735571164,686317777.180047,2.2733220822483338,0.5994915530921384,token,Lending;RWA Lending;Yield
7278,AAVE,2024-03-31,1897487693.6177704,2386251776.0,2831010979.6666665,12.0,-0.5,2.0,True,1.0479534898120506,0.35438604694361514,616956882.8314549,3.0755596483654775,0.7951749738656959,token,Lending;RWA Lending;Yield
7278,AAVE,2024-04-30,1234666860.7040372,1884438529.0,2659998597.0833335,12.0,-0.5,2.0,True,1.0787169619114072,0.3636150885734221,586470570.4636463,2.1052494752259197,0.6551908389175358,token,Lending;RWA Lending;Yield
7278,AAVE,2024-05-31,1542881944.8157763,1934207000.0,2499532405.75,12.0,-0.13378726506662597,3.0,False,1.1801047591967064,0.3940314277590119,1687247159.6748626,0.9144374230940143,0.7976819155425331,token,Lending;RWA Lending;Yield
7278,AAVE,2024-06-30,1444844812.1332953,1639724106.0,2322432949.0,12.0,-0.20629734443825576,3.0,False,1.1554080173246977,0.38662240519740926,1254978071.1023324,1.1512908834049906,0.8811511685693881,token,Lending;RWA Lending;Yield
7278,AAVE,2024-07-31,1601815131.3883295,1482354476.0,2156735522.9166665,12.0,-0.2674273418723999,3.0,False,1.1355769702853995,0.3806730910856198,969145474.8261535,1.6528118564198682,1.0805884539241135,token,Lending;RWA Lending;Yield
7278,AAVE,2024-08-31,1937378867.907032,1134740920.0,2047102876.25,12.0,-0.31328478384738,3.0,False,1.0963967059979232,0.3689190117993769,796213503.952925,2.4332404038472286,1.7073314566879565,token,Lending;RWA Lending;Yield
7278,AAVE,2024-09-30,2338857748.0986266,1079277720.0,1943111318.25,12.0,-0.3421293235639359,3.0,False,1.085306368296545,0.36559191048896345,692056323.7942324,3.3795771640026717,2.167058306455753,token,Lending;RWA Lending;Yield
7278,AAVE,2024-10-31,2147303510.8387167,878939353.0,1808967750.25,12.0,-0.3742276640077117,3.0,False,1.1764284782913335,0.39292854348740003,602179354.0663242,3.56588696762628,2.443062201629191,token,Lending;RWA Lending;Yield
7278,AAVE,2024-11-30,3178902139.8914604,869536712.0,1685643148.5,12.0,-0.40573582857972335,3.0,False,1.1866967639404873,0.39600902918214614,513312554.75728196,6.192917181607983,3.655857304264642,token,Lending;RWA Lending;Yield
7278,AAVE,2024-12-31,4641230931.534543,650120851.0,1545187141.6666667,12.0,-0.4480577044182239,3.0,False,1.2011559926538053,0.4003467977961416,416944550.75791687,11.131530375196817,7.139027958256554,token,Lending;RWA Lending;Yield
7278,AAVE,2025-01-31,5005834004.915871,572430037.0,1426216321.8333333,12.0,-0.4792730299164758,3.0,False,1.1595731483820262,0.3878719445146078,345286145.7372211,14.497639325284554,8.744883533978268,token,Lending;RWA Lending;Yield
7278,AAVE,2025-02-28,2904605776.979485,397777311.0,1242483232.5833333,12.0,-0.5,3.0,True,1.2253805976260295,0.4076141792878088,288484892.0654347,10.068484890781237,7.302090130976538,token,Lending;RWA Lending;Yield
7278,AAVE,2025-03-31,2409504370.9188547,307098294.0,1069220442.4166666,12.0,-0.5,3.0,True,1.2252652141988283,0.4075795642596485,248246483.70397165,9.706096678461455,7.846036327765646,token,Lending;RWA Lending;Yield
7278,AAVE,2025-04-30,2481807958.0222063,290320923.0,936377308.5833334,12.0,-0.5,3.0,True,1.1919413219753756,0.39758239659261263,214973522.51437017,11.544714572262297,8.548498442264206,token,Lending;RWA Lending;Yield
7278,AAVE,2025-05-31,3746940560.543372,323337228.0,802138160.9166666,12.0,-0.5,3.0,True,1.2135027425964007,0.4040508227789202,185505273.57873684,20.198566263147235,11.588336374750426,token,Lending;RWA Lending;Yield
7278,AAVE,2025-06-30,4167356138.787697,283618027.0,689129321.0,12.0,-0.5,3.0,True,1.1806804868107037,0.3942041460432111,157600078.01167253,26.442602004797514,14.693551685936017,token,Lending;RWA Lending;Yield
7278,AAVE,2025-07-31,3968651977.877421,330556163.0,593146128.25,12.0,-0.5,3.0,True,1.0949605144723555,0.3684881543417066,131566215.69317214,30.16467378778138,12.005983920733678,token,Lending;RWA Lending;Yield
7278,AAVE,2025-08-31,4806971065.487515,334329895.0,526445209.5,12.0,-0.5,3.0,True,1.0544931599410172,0.3563479479823051,115013993.58890557,41.794662679648084,14.377927721622129,token,Lending;RWA Lending;Yield
7278,AAVE,2025-09-30,4185898646.799679,320163761.0,463185712.9166667,12.0,-0.5,3.0,True,1.0445038480289615,0.3533511544086884,100807813.60986425,41.52355355111164,13.074242486799369,token,Lending;RWA Lending;Yield
7278,AAVE,2025-10-31,3487100274.203793,248467514.0,410646393.0,12.0,-0.5,3.0,True,1.0613524138369959,0.3584057241510987,89949071.9171431,38.767495871618856,14.034431375217096,token,Lending;RWA Lending;Yield
7278,AAVE,2025-11-30,2715954954.1627564,197276903.0,354624742.25,12.0,-0.5,3.0,True,1.0582954199909975,0.35748862599729925,77587960.95081894,35.004850248408154,13.767222177868215,token,Lending;RWA Lending;Yield
7278,AAVE,2025-12-31,2237818292.893331,183792240.0,315764024.6666667,12.0,-0.5,3.0,True,1.054764940422664,0.35642948212679915,68993009.8817148,32.435435078567565,12.175804010513888,token,Lending;RWA Lending;Yield
7278,AAVE,2026-01-31,1973899937.7478333,168777646.0,282126325.4166667,12.0,-0.5,3.0,True,0.9543311535786828,0.32629934607360483,59237148.43147242,33.32199455939897,11.695268802053521,token,Lending;RWA Lending;Yield
7278,AAVE,2026-02-28,1718008315.711274,131905127.0,259970310.08333334,12.0,-0.5,3.0,True,0.9477377586104667,0.32432132758314,54436386.34204194,31.559925835569903,13.024575729427665,token,Lending;RWA Lending;Yield
7278,AAVE,2026-03-31,1508166559.8033895,130235871.0,245231774.83333334,12.0,-0.5,3.0,True,1.0264846889220332,0.3479454066766099,53001780.86125951,28.455016705028317,11.580270076309388,token,Lending;RWA Lending;Yield
7278,AAVE,2026-04-30,1429104009.8339105,131929023.0,232032449.83333334,12.0,-0.5,3.0,True,1.0045322287578502,0.341359668627355,49718404.04033129,28.74396387853941,10.832370143709095,token,Lending;RWA Lending;Yield
7278,AAVE,2026-05-31,1264055092.5778654,120091327.0,215095291.41666666,12.0,-0.5,3.0,True,1.009257275298261,0.34277718258947826,46175443.766278856,27.375050231807048,10.525781704267997,token,Lending;RWA Lending;Yield
7288,XVS,2021-01-31,84011517.67018664,150038349.0,,3.0,,,False,,,,,0.5599336318355959,token,Lending;Privacy;RWA;Yield
7288,XVS,2021-02-28,396027674.9670954,1811489919.0,,4.0,,,False,,,,,0.21861986137119396,token,Lending;Privacy;RWA;Yield
7288,XVS,2021-03-31,614685498.8608223,2929059837.0,,5.0,,,False,,,,,0.20985761065584618,token,Lending;Privacy;RWA;Yield
7288,XVS,2021-04-30,1090341603.0916193,4992677707.0,1664930464.5,6.0,,,False,,,,,0.21838814100956333,token,Lending;Privacy;RWA;Yield
7288,XVS,2021-05-31,334894817.2194122,1997104746.0,1712383933.2857144,7.0,,,False,,,,,0.1676901614150048,token,Lending;Privacy;RWA;Yield
7288,XVS,2021-06-30,200477086.15089884,1658768441.0,1705681996.75,8.0,,,False,,,,,0.12085899465873601,token,Lending;Privacy;RWA;Yield
7288,XVS,2021-07-31,314001791.73404324,1857125265.0,1722509026.5555556,9.0,,,False,,,,,0.16907948949477203,token,Lending;Privacy;RWA;Yield
7288,XVS,2021-08-31,342089195.3626025,2378846677.0,1788142791.6,10.0,,,False,,,,,0.14380464225379014,token,Lending;Privacy;RWA;Yield
7288,XVS,2021-09-30,252144294.9510845,2106430071.0,1817077998.8181818,11.0,,,False,,,,,0.1197021911253775,token,Lending;Privacy;RWA;Yield
7288,XVS,2021-10-31,297520792.6247106,2413386404.0,1866770365.9166667,12.0,,,False,,,,,0.1232793854028485,token,Lending;Privacy;RWA;Yield
7288,XVS,2021-11-30,256411110.77760312,2243799810.0,2049486904.3333333,12.0,,,False,,,,,0.11427539552987266,token,Lending;Privacy;RWA;Yield
7288,XVS,2021-12-31,179576742.455929,2030681460.0,2214117390.5,12.0,,,False,,,,,0.08843176342188548,token,Lending;Privacy;RWA;Yield
7288,XVS,2022-01-31,94865798.57909144,1416450157.0,2319651707.8333335,12.0,,,False,3.0325562103806956,0.9497668631142087,,,0.0669743288249651,token,Lending;Privacy;RWA;Yield
7288,XVS,2022-02-28,112478703.04867847,1426524087.0,2287571221.8333335,12.0,,,False,2.9752505375852163,0.932575161275565,,,0.07884809241827997,token,Lending;Privacy;RWA;Yield
7288,XVS,2022-03-31,143706009.2763788,1778676225.0,2191705920.8333335,12.0,,,False,2.958091220199305,0.9274273660597915,,,0.08079379892559074,token,Lending;Privacy;RWA;Yield
7288,XVS,2022-04-30,94967794.102369,1535130077.0,1903576951.6666667,12.0,0.14333720972445252,1.0,False,2.9288227476519544,0.9186468242955863,2579502343.313751,0.036816324027978534,0.061863027456251836,token,Lending;Privacy;RWA;Yield
7288,XVS,2022-05-31,61067929.4718887,834526798.0,1806695456.0,12.0,0.05507615487452111,1.0,False,2.921044524824272,0.9163133574472816,2030877201.4939191,0.030069730177170215,0.07317671477805401,token,Lending;Privacy;RWA;Yield
7288,XVS,2022-06-30,58654762.98292084,625841389.0,1720618201.6666667,12.0,0.008756734810548616,1.0,False,2.4905276015954163,0.7871582804786249,1760795021.9694638,0.03331152249471662,0.09372145085617027,token,Lending;Privacy;RWA;Yield
7288,XVS,2022-07-31,77832233.98457839,713084965.0,1625281510.0,12.0,-0.05644528711119634,1.0,False,2.433008675853334,0.7699026027560002,1434125480.3811002,0.05427156483119976,0.10914861174303175,token,Lending;Privacy;RWA;Yield
7288,XVS,2022-08-31,59270336.51051381,674597464.0,1483260742.25,12.0,-0.17050207107744264,1.0,False,2.4326379450012956,0.7697913835003887,1010913422.1971468,0.05863047735749126,0.0878603013997008,token,Lending;Privacy;RWA;Yield
7288,XVS,2022-09-30,58226056.43311424,635424798.0,1360676969.5,12.0,-0.2511730534490113,1.0,False,2.4282478948817507,0.7684743684645252,770623184.1794391,0.0755571044687858,0.09163327685098345,token,Lending;Privacy;RWA;Yield
7288,XVS,2022-10-31,62117244.47816055,798069095.0,1226067193.75,12.0,-0.3432147755634921,1.0,False,2.410542891021755,0.7631628673065265,557417179.5684911,0.11143762114803651,0.0778344191841692,token,Lending;Privacy;RWA;Yield
7288,XVS,2022-11-30,52925617.98846574,988279547.0,1121440505.1666667,12.0,-0.45281889686850463,1.0,False,2.3860704201602725,0.7558211260480817,385123204.584161,0.13742515994488694,0.05355328676903777,token,Lending;Privacy;RWA;Yield
7288,XVS,2022-12-31,54921535.2868072,649589314.0,1006349493.0,12.0,-0.5,1.0,True,2.385735275828883,0.7557205827486648,303916424.82331336,0.18071262623840323,0.08454808923597411,token,Lending;Privacy;RWA;Yield
7288,XVS,2023-01-31,74889836.65946151,847415141.0,958929908.3333334,12.0,-0.5,1.0,True,2.1253474808401216,0.6776042442520365,277464197.1563108,0.2699081086028262,0.0883744377886464,token,Lending;Privacy;RWA;Yield
7288,XVS,2023-02-28,81627688.03418528,828678857.0,909109472.5,12.0,-0.5,1.0,True,2.121688441737688,0.6765065325213064,262877527.9709015,0.3105160363620767,0.09850340375485805,token,Lending;Privacy;RWA;Yield
7288,XVS,2023-03-31,74534568.42827943,835058453.0,830474658.1666666,12.0,-0.5,1.0,True,1.9910419918739861,0.6373125975621958,234382857.1364747,0.31800349794729227,0.08925670791129568,token,Lending;Privacy;RWA;Yield
7288,XVS,2023-04-30,94514469.2908802,862822124.0,774448995.4166666,12.0,-0.317978036984244,2.0,False,1.9896457006608885,0.6368937101982666,354946965.4141178,0.2662777217453032,0.10954108229482558,token,Lending;Privacy;RWA;Yield
7288,XVS,2023-05-31,72052109.59198962,799983329.0,771570373.0,12.0,-0.3287455166663936,2.0,False,1.9999473647688746,0.6399842094306624,344674121.28928524,0.2090441525533512,0.0900670138739724,token,Lending;Privacy;RWA;Yield
7288,XVS,2023-06-30,63617511.06318773,657872349.0,774239619.6666666,12.0,-0.32626569229869684,2.0,False,1.9574209112399474,0.6272262733719842,345870382.5654947,0.18393454389272834,0.09670190753554188,token,Lending;Privacy;RWA;Yield
7288,XVS,2023-07-31,67710827.27535626,701785649.0,773298010.0,12.0,-0.32997239939641276,2.0,False,1.9505507523872123,0.6251652257161637,341862303.1286776,0.1980646203330286,0.09648363053852682,token,Lending;Privacy;RWA;Yield
7288,XVS,2023-08-31,56011325.56334935,628195671.0,769431193.9166666,12.0,-0.34403027398807196,2.0,False,1.9498580460033363,0.6249574138010009,328140781.9549394,0.17069297278337342,0.08916222786793027,token,Lending;Privacy;RWA;Yield
7288,XVS,2023-09-30,73306793.2966399,617663587.0,767951093.0,12.0,-0.34990025388146884,2.0,False,1.9522236287498702,0.6256670886249611,322740843.8398789,0.22713825874796786,0.1186840131740515,token,Lending;Privacy;RWA;Yield
7288,XVS,2023-10-31,81870963.62278984,588534418.0,750489869.9166666,12.0,-0.3659449465620934,2.0,False,1.8454147666702563,0.5936244300010769,297244459.8088567,0.27543310201790483,0.13910989930038356,token,Lending;Privacy;RWA;Yield
7288,XVS,2023-11-30,108095637.40781347,677634306.0,724602766.5,12.0,-0.40539655635727045,2.0,False,1.8497389936344228,0.5949216980903269,258697550.86100787,0.4178456156544394,0.1595191336251702,token,Lending;Privacy;RWA;Yield
7288,XVS,2023-12-31,182406458.0591048,907656945.0,746108402.4166666,12.0,-0.41950211211147437,2.0,False,1.8810465329449944,0.6043139598834983,257953524.90612647,0.7071291548564242,0.2009640966930571,token,Lending;Privacy;RWA;Yield
7288,XVS,2024-01-31,191094807.9595415,1007441195.0,759443906.9166666,12.0,-0.4278150105240842,2.0,False,1.8798417516421448,0.6039525254926434,256658905.39186323,0.7445477399967113,0.1896833372587484,token,Lending;Privacy;RWA;Yield
7288,XVS,2024-02-29,197741272.7112866,1312863064.0,799792590.8333334,12.0,-0.40870885376025323,2.0,False,1.0214134292153922,0.34642402876461764,228820909.34012032,0.8641748399721775,0.15061835322627876,token,Lending;Privacy;RWA;Yield
7288,XVS,2024-03-31,278905674.8157709,1704397995.0,872237552.6666666,12.0,-0.36914979309869445,2.0,False,1.0113703565654768,0.343411106969643,280197079.1984728,0.9953910854945525,0.16363881888735202,token,Lending;Privacy;RWA;Yield
7288,XVS,2024-04-30,151559861.0896103,1652110314.0,938011568.5,12.0,-0.17408117529375622,3.0,False,1.074383158181047,0.3623149474543141,551917101.9460127,0.27460620545227377,0.09173713147680906,token,Lending;Privacy;RWA;Yield
7288,XVS,2024-05-31,161234277.33747768,1820714457.0,1023072495.8333334,12.0,-0.15776150286983703,3.0,False,0.9695374408543845,0.3308612322563153,625262715.0078562,0.25786645112119283,0.08855549903368383,token,Lending;Privacy;RWA;Yield
7288,XVS,2024-06-30,99824856.12585825,1662125038.0,1106760219.9166667,12.0,-0.1342646353788901,3.0,False,0.9692514358250882,0.3307754307475264,731271495.9890118,0.13650861092411323,0.06005857191464692,token,Lending;Privacy;RWA;Yield
7288,XVS,2024-07-31,121260866.9094613,1765953702.0,1195440891.0,12.0,-0.11463530445503123,3.0,False,0.9154726539088972,0.31464179617266913,841575077.8469318,0.14408799654534993,0.06866593771520138,token,Lending;Privacy;RWA;Yield
7288,XVS,2024-08-31,107370953.45065331,1555724967.0,1272734999.0,12.0,-0.10714980689976594,3.0,False,0.9223791722871238,0.31671375168613713,920149569.0331943,0.11668858744722177,0.06901666793823032,token,Lending;Privacy;RWA;Yield
7288,XVS,2024-09-30,124017678.4303332,1866807372.0,1376830314.4166667,12.0,-0.08833429777441959,3.0,False,0.9102611477147834,0.313078344314435,1064171818.1943779,0.11653914932718183,0.06643303443647061,token,Lending;Privacy;RWA;Yield
7288,XVS,2024-10-31,108020474.873063,1718866762.0,1471024676.4166667,12.0,-0.07634521025342655,3.0,False,0.9606683905656617,0.32820051716969845,1186712537.7772255,0.09102497145213531,0.06284400702901194,token,Lending;Privacy;RWA;Yield
7288,XVS,2024-11-30,163487231.7422981,1958078244.0,1577728337.9166667,12.0,-0.08350726613269777,3.0,False,1.011014550691703,0.34330436520751084,1241454734.7405205,0.13169004649732072,0.08349371749737805,token,Lending;Privacy;RWA;Yield
7288,XVS,2024-12-31,151202201.68787822,1747562842.0,1647720496.0,12.0,-0.09379253873475923,3.0,False,0.98763293960849,0.33628988188254694,1250749815.404113,0.12088924565543534,0.08652175364110781,token,Lending;Privacy;RWA;Yield
7288,XVS,2025-01-31,123822013.14967383,1904458299.0,1722471921.3333333,12.0,-0.09445551496364124,3.0,False,0.9087218937694471,0.3126165681308341,1302290151.3094325,0.09508020392012696,0.0650169201471572,token,Lending;Privacy;RWA;Yield
7288,XVS,2025-02-28,123649802.86282252,1691925185.0,1754060431.4166667,12.0,-0.08471437323740949,3.0,False,0.8709712127268554,0.3012913638180566,1374143460.929632,0.08998318325451353,0.07308231117962968,token,Lending;Privacy;RWA;Yield
7288,XVS,2025-03-31,90378293.57840212,1640604002.0,1748744265.3333333,12.0,-0.07249838574130818,3.0,False,0.878827852869244,0.30364835586077316,1433352849.8596766,0.0630537648753062,0.05508842686487737,token,Lending;Privacy;RWA;Yield
7288,XVS,2025-04-30,96652820.74719124,1686197962.0,1751584902.6666667,12.0,-0.02735673216561285,3.0,False,0.8382556403650091,0.2914766921095027,1717146245.4233382,0.05628688936938091,0.05731997246192333,token,Lending;Privacy;RWA;Yield
7288,XVS,2025-05-31,96739744.05042098,1604783037.0,1733590617.6666667,12.0,-0.013673885544329467,3.0,False,0.786538587699994,0.2759615763099982,1816469307.8307781,0.053257020987570264,0.06028213273693831,token,Lending;Privacy;RWA;Yield
7288,XVS,2025-06-30,95995699.8168352,1665681369.0,1733886978.5833333,12.0,0.002563964955972109,3.0,False,0.9262802781256604,0.3178840834376981,1886058420.925495,0.05089752191755004,0.0576314903939081,token,Lending;Privacy;RWA;Yield
7288,XVS,2025-07-31,98724595.2463074,1907992805.0,1745723570.5,12.0,0.024115549810851178,3.0,False,0.8964195866701739,0.30892587600105215,2084931552.5206254,0.04735148025696674,0.05174264545840748,token,Lending;Privacy;RWA;Yield
7288,XVS,2025-08-31,103080125.50279504,1891997691.0,1773746297.5,12.0,0.06142993875389524,3.0,False,0.8523831990072769,0.29571495970218303,2518479081.8825846,0.0409295142629264,0.05448216242183302,token,Lending;Privacy;RWA;Yield
7288,XVS,2025-09-30,95044556.58906598,1897416829.0,1776297085.5833333,12.0,0.09291618225503773,3.0,False,0.855967915478459,0.29679037464353764,2898676308.3111453,0.032788951397074675,0.05009155349336579,token,Lending;Privacy;RWA;Yield
7288,XVS,2025-10-31,74097773.82642744,1979477587.0,1798014654.3333333,12.0,0.13612552817923795,3.0,False,0.8776415703043133,0.303292471091294,3538058827.214521,0.020943058735053283,0.03743299460072515,token,Lending;Privacy;RWA;Yield
7288,XVS,2025-11-30,78479553.91857684,1554889301.0,1764415575.75,12.0,0.16307632327688903,3.0,False,0.8114346631121571,0.2834303989336471,4127027452.4496965,0.01901599997160024,0.050472759615815786,token,Lending;Privacy;RWA;Yield
7288,XVS,2025-12-31,68383543.15735687,1559932438.0,1748779708.75,12.0,0.20225176810858736,3.0,False,0.8132364388205124,0.2839709316461537,4972652701.457241,0.013751924226945711,0.04383750314534896,token,Lending;Privacy;RWA;Yield
7288,XVS,2026-01-31,54789419.22871492,1558324629.0,1719935236.25,12.0,0.2149966390927429,3.0,False,0.8161454352823883,0.28484363058471646,5205949318.79424,0.01052438582736814,0.035159181988847925,token,Lending;Privacy;RWA;Yield
7288,XVS,2026-02-28,48909351.72439171,1393229378.0,1695043919.0,12.0,0.23080218191360524,3.0,False,0.8144980835703447,0.2843494250711034,5573249959.609674,0.00877573266565225,0.03510502469780084,token,Lending;Privacy;RWA;Yield
7288,XVS,2026-03-31,44920593.23510979,1239144034.0,1661588921.6666667,12.0,0.26008275436852846,3.0,False,0.8938980777351652,0.30816942332054953,5896988600.8491535,0.007617547917362656,0.03625130897019659,token,Lending;Privacy;RWA;Yield
7288,XVS,2026-04-30,40850119.42457862,1256451833.0,1625776744.25,12.0,0.2804305536299594,3.0,False,0.8758502202686925,0.3027550660806077,6507070431.877663,0.006277805020283302,0.03251228447575405,token,Lending;Privacy;RWA;Yield
7288,XVS,2026-05-31,42677142.90451196,1200187614.0,1592060459.0,12.0,0.27309653960389046,3.0,False,0.8404890254493266,0.29214670763479794,6355245702.081014,0.006715262462714448,0.03555872632469273,token,Lending;Privacy;RWA;Yield
7429,LQTY,2023-02-28,202358868.2731716,599657022.0,614931400.5833334,12.0,-0.5,1.0,True,,,,,0.3374576813896988,token,CDP
7429,LQTY,2023-03-31,196172057.7380942,727421003.0,570745349.1666666,12.0,-0.5,1.0,True,,,,,0.26968159694186644,token,CDP
7429,LQTY,2023-04-30,162429329.04655108,752957031.0,547667370.4166666,12.0,-0.5,1.0,True,,,,,0.2157219102275055,token,CDP
7429,LQTY,2023-05-31,109209413.05916858,750510905.0,554384619.4166666,12.0,-0.5,1.0,True,,,,,0.1455134260296572,token,CDP
7429,LQTY,2023-06-30,85732997.689746,732260709.0,585162368.8333334,12.0,-0.5,1.0,True,,,,,0.11707988239164968,token,CDP
7429,LQTY,2023-07-31,98751039.03112984,755321791.0,601045076.5833334,12.0,-0.5,1.0,True,,,,,0.13074035491600142,token,CDP
7429,LQTY,2023-08-31,75141289.96194479,688627394.0,615097622.0833334,12.0,-0.4703798365405054,1.0,False,,,,,0.10911748590986897,token,CDP
7429,LQTY,2023-09-30,85895301.2572019,642182479.0,633108050.9166666,12.0,-0.44663880061476835,2.0,False,,,,,0.13375528617809254,token,CDP
7429,LQTY,2023-10-31,154968254.00448853,655471142.0,644374361.25,12.0,-0.43824229478231413,2.0,False,,,,,0.23642269518020753,token,CDP
7429,LQTY,2023-11-30,135221931.35588798,702572923.0,665781356.5,12.0,-0.4332332566542284,2.0,False,,,,,0.1924667560179913,token,CDP
7429,LQTY,2023-12-31,139778810.1607312,728304690.0,692202777.6666666,12.0,-0.4183037975871331,2.0,False,,,,,0.19192353431189796,token,CDP
7429,LQTY,2024-01-31,120112867.75193408,611931456.0,695601545.4166666,12.0,-0.40182692691838684,2.0,False,,,,,0.19628483970586091,token,CDP
7429,LQTY,2024-02-29,158323067.53026044,853371568.0,716744424.25,12.0,-0.3788612294968142,2.0,False,1.382466742300098,0.4547400226900294,248833388.2776008,0.6362613499183389,0.18552653201384892,token,CDP
7429,LQTY,2024-03-31,184817229.5240598,813043395.0,723879623.5833334,12.0,-0.367202054263599,2.0,False,1.388337545178441,0.45650126355353227,260047893.8197296,0.7107045814113718,0.2273153323188362,token,CDP
7429,LQTY,2024-04-30,95762325.6383342,699855371.0,719454485.25,12.0,-0.3342328775344372,2.0,False,1.5176534707286933,0.49529604121860793,291363212.2209125,0.3286699268187876,0.1368315935069593,token,CDP
7429,LQTY,2024-05-31,110245569.1172552,779058169.0,721833423.9166666,12.0,-0.3044648547197477,2.0,False,1.5203363393181977,0.49610090179545924,316989331.67204297,0.3477895250787658,0.14151134472893923,token,CDP
7429,LQTY,2024-06-30,84859448.67956847,527248273.0,704749054.25,12.0,-0.2752439288022993,2.0,False,1.5176359746573402,0.49529079239720203,334624029.7434209,0.2535963981565699,0.16094779826726616,token,CDP
7429,LQTY,2024-07-31,78455793.7775794,512310661.0,684498126.75,12.0,-0.2642289165789419,2.0,False,1.5115996918891874,0.4934799075667562,334419788.9700314,0.23460272497394022,0.15314105239277737,token,CDP
7429,LQTY,2024-08-31,70083584.79419747,349968078.0,656276517.0833334,12.0,-0.24828422568052833,2.0,False,1.4405349574537758,0.4721604872361327,330714671.75806415,0.21191555978341184,0.20025707828757305,token,CDP
7429,LQTY,2024-09-30,84873956.24497479,359029553.0,632680439.9166666,12.0,-0.326132269397545,3.0,False,1.4424581297578656,0.47273743892735964,257841747.83577853,0.32917072955552446,0.23639824503520687,token,CDP
7429,LQTY,2024-10-31,83445256.13319892,363551224.0,608353780.0833334,12.0,-0.33210937880496016,3.0,False,1.4304929214618445,0.4691478764385533,243258311.67757896,0.3430314695425474,0.22952819472063973,token,CDP
7429,LQTY,2024-11-30,149228128.6159862,466641139.0,588692798.0833334,12.0,-0.3426622050798317,3.0,False,1.6617652848340332,0.5385295854502099,239801169.22213298,0.6222994203908696,0.31979205463062743,token,CDP
7429,LQTY,2024-12-31,170581698.28653657,413501331.0,562459184.8333334,12.0,-0.3497454833313879,3.0,False,1.5917273973954411,0.5175182192186323,221754075.43602085,0.7692381659779316,0.41252998599546603,token,CDP
7429,LQTY,2025-01-31,144184377.06254637,425103043.0,546890150.4166666,12.0,-0.34476398453930535,3.0,False,1.5792699687455654,0.5137809906236696,217981846.3908812,0.661451306380796,0.33917512338895767,token,CDP
7429,LQTY,2025-02-28,81688661.58761789,288944393.0,499854552.5,12.0,-0.35441682765192195,3.0,False,1.6113414752003075,0.5234024425600923,195377778.20826954,0.41810620602174675,0.2827141262008081,token,CDP
7429,LQTY,2025-03-31,61324736.45017448,208735085.0,449495526.6666667,12.0,-0.37117512309240064,3.0,False,1.627255014986156,0.5281765044958467,168469307.94922498,0.3640113276221041,0.2937921837633308,token,CDP
7429,LQTY,2025-04-30,66130230.76537901,197571506.0,407638537.9166667,12.0,-0.3690830429701659,3.0,False,1.6190825933539914,0.5257247780061974,153391140.9627683,0.4311215781453142,0.3347154258437399,token,CDP
7429,LQTY,2025-05-31,71682637.82063535,315162737.0,368980585.25,12.0,-0.3723249069233898,3.0,False,1.617817553880101,0.5253452661640303,137594915.32029444,0.5209686539198922,0.2274464249897517,token,CDP
7429,LQTY,2025-06-30,130669073.95746548,349551683.0,354172536.0833333,12.0,-0.35851274162596947,3.0,False,1.5485988882630113,0.5045796664789034,135147554.24788207,0.9668622912538813,0.3738190382492465,token,CDP
7429,LQTY,2025-07-31,92223773.06398682,503667051.0,353452235.25,12.0,-0.346145224624989,3.0,False,1.5375016303954046,0.5012504891186214,139158530.33977005,0.662724540413102,0.18310463803594496,token,CDP
7429,LQTY,2025-08-31,72356398.47656567,542325150.0,369481991.25,12.0,-0.31733980654764815,3.0,False,1.5448610276906818,0.5034583083072045,157474149.531852,0.45948111922922485,0.13341885117547228,token,CDP
7429,LQTY,2025-09-30,65521943.88662362,496792553.0,380962241.25,12.0,-0.29162521532107655,3.0,False,1.5444141962549196,0.5033242588764759,173948554.69843495,0.37667426441234547,0.13188994780810176,token,CDP
7429,LQTY,2025-10-31,56639509.08474526,455852224.0,388653991.25,12.0,-0.25965420374211734,3.0,False,1.5415529315080836,0.502465879452425,193200937.61011973,0.29316373815454255,0.12424971537430791,token,CDP
7429,LQTY,2025-11-30,51438331.07605645,373866239.0,380922749.5833333,12.0,-0.22050910366183218,3.0,False,1.4496721146174334,0.47490163438523,207398021.89535025,0.2480174622977427,0.13758485177383575,token,CDP
7429,LQTY,2025-12-31,36185516.44029593,357292849.0,376238709.4166667,12.0,-0.18145953329198594,3.0,False,1.4711208665155346,0.48133625995466034,228649077.18497643,0.15825787221971577,0.10127691203888586,token,CDP
7429,LQTY,2026-01-31,30564121.09815347,318315019.0,367339707.4166667,12.0,-0.17231924430617307,3.0,False,1.454973950331387,0.47649218509941604,228482677.0071946,0.13376997109146724,0.09601846998665642,token,CDP
7429,LQTY,2026-02-28,26352579.44959338,234843258.0,362831279.5,12.0,-0.16126258514829228,3.0,False,1.414601502061915,0.46438045061857447,231648362.58639148,0.11376112982350733,0.11221348091497428,token,CDP
7429,LQTY,2026-03-31,26428952.14142892,244334320.0,365797882.4166667,12.0,-0.13781670918921918,3.0,False,1.4994334388290667,0.48983003164871997,251455201.45542577,0.1051040184830452,0.1081671708723888,token,CDP
7429,LQTY,2026-04-30,29049488.40466046,278380615.0,372531974.8333333,12.0,-0.12054107091038047,3.0,False,1.4957839143624596,0.48873517430873786,268585941.33016354,0.10815714426746899,0.10435169275224304,token,CDP
7429,LQTY,2026-05-31,26965579.89530345,231315944.0,365544742.0833333,12.0,-0.1296182233844514,3.0,False,1.464038777134239,0.47921163314027165,256289790.98805976,0.10521519328313685,0.11657467024972326,token,CDP
7486,RGT,2021-09-30,265026899.6191292,391267837.0,81440530.91666667,12.0,,,False,,,,,0.6773541665248841,token,Yield Aggregator;Yield
7486,RGT,2021-10-31,454009613.5595416,1052493508.0,164183020.58333334,12.0,,,False,,,,,0.4313657140007191,token,Yield Aggregator;Yield
7486,RGT,2021-11-30,311323566.3032163,1300854739.0,268093263.75,12.0,,,False,,,,,0.23932231399067555,token,Yield Aggregator;Yield
7486,RGT,2021-12-31,327683076.4778461,947276942.0,343797826.4166667,12.0,,,False,,,,,0.3459210944013943,token,Yield Aggregator;Yield
7486,RGT,2022-01-31,259952267.6562336,505274910.0,384663078.8333333,12.0,,,False,,,,,0.5144768966585608,token,Yield Aggregator;Yield
7486,RGT,2022-02-28,221573183.50191364,708291065.0,442896990.25,12.0,,,False,,,,,0.3128278675969372,token,Yield Aggregator;Yield
7486,RGT,2022-03-31,186913514.07956347,890257358.0,514938390.6666667,12.0,2.0,1.0,True,,,,,0.20995447260270042,token,Yield Aggregator;Yield
7486,RGT,2022-04-30,142365083.09966674,675061851.0,566984971.5833334,12.0,2.0,1.0,True,,,,,0.21089190996169438,token,Yield Aggregator;Yield
7486,RGT,2022-05-31,88102010.28665666,210410175.0,582024153.5833334,12.0,2.0,1.0,True,,,,,0.4187155411408059,token,Yield Aggregator;Yield
7486,RGT,2022-06-30,52851066.23624722,54341102.0,582691615.0833334,12.0,2.0,1.0,True,,,,,0.9725799494505507,token,Yield Aggregator;Yield
7486,RGT,2022-07-31,59631026.22778958,53180597.0,577995176.4166666,12.0,2.0,1.0,True,,,,,1.1212929074073685,token,Yield Aggregator;Yield
7486,RGT,2022-08-31,56490320.69181427,36348763.0,568754903.9166666,12.0,2.0,1.0,True,,,,,1.5541194810897492,token,Yield Aggregator;Yield
7486,RGT,2022-09-30,35175014.19721033,24956008.0,538228918.1666666,12.0,2.0,1.0,True,1.2715281170316244,0.4214584351094873,1857113580194.654,1.8940690850757465e-05,1.4094808030679558,token,Yield Aggregator;Yield
7486,RGT,2022-10-31,16941319.50032955,21488720.0,452311852.5,12.0,1.754924662081137,1.0,False,1.1556557652284103,0.3866967295685231,853177402199.6466,1.9856737246734084e-05,0.7883819743721148,token,Yield Aggregator;Yield
7486,RGT,2022-11-30,4629032.86670986,16173155.0,345255053.8333333,12.0,0.28781696714053795,1.0,False,1.259425895924886,0.4178277687774658,1061546576.4460078,0.004360649800414387,0.2862170594859111,token,Yield Aggregator;Yield
7486,RGT,2022-12-31,4313842.30565682,11913078.0,267308065.16666666,12.0,-0.222484714482453,1.0,False,1.2554598303584172,0.41663794910752516,140192825.7418554,0.030770777911275783,0.36210980114936037,token,Yield Aggregator;Yield
7486,RGT,2023-01-31,4649359.1320085,9526561.0,225995702.75,12.0,-0.4124840277485552,1.0,False,1.082009047699293,0.36460271430978786,65253680.23884701,0.07125052740306026,0.48804171117032685,token,Yield Aggregator;Yield
7486,RGT,2023-04-30,12910770.41417199,6260075.0,38449873.0,12.0,0.03146829395626183,2.0,False,1.2061547889678088,0.4018464366903426,44538286.219933815,0.28988026953748325,2.0623986795960096,token,Yield Aggregator;Yield
7486,RGT,2023-05-31,5382362.13393964,12421501.0,21950816.833333332,12.0,-0.21215504932110374,2.0,False,1.2389560678229954,0.4116868203468986,11826866.634008285,0.45509620599446,0.4333101236267372,token,Yield Aggregator;Yield
7486,RGT,2023-06-30,4318389.82360672,11713916.0,18398551.333333332,12.0,-0.2908288260833165,2.0,False,1.1810156209019969,0.394304686270599,7805293.904629,0.5532642173852876,0.36865466882353604,token,Yield Aggregator;Yield
7486,RGT,2023-07-31,15658850.42008399,8010302.0,14634360.083333334,12.0,-0.4224890286131727,2.0,False,1.0625320461381422,0.3587596138414426,4073359.700256772,3.84421008021877,1.9548389586415083,token,Yield Aggregator;Yield
7486,RGT,2023-08-31,10056437.55737367,7082086.0,12195470.333333334,12.0,-0.5,2.0,True,1.102211258143968,0.3706633774431904,2712307.7107149535,3.707705256909377,1.4199824115908322,token,Yield Aggregator;Yield
7486,RGT,2023-09-30,9859594.05474821,6878821.0,10689038.083333334,12.0,-0.5,2.0,True,1.0911715958226944,0.3673514787468083,2367629.1818413013,4.164332037452089,1.4333261549832754,token,Yield Aggregator;Yield
7486,RGT,2023-10-31,8708233.74442955,5377860.0,9346466.416666666,12.0,-0.5,2.0,True,0.9191060721068675,0.3157318216320602,1933716.578775576,4.503366129251257,1.6192749057114817,token,Yield Aggregator;Yield
7486,RGT,2023-11-30,9306593.65736004,5942802.0,8493937.0,12.0,-0.5,2.0,True,0.9142392891209307,0.31427178673627915,1753698.4385863543,5.306838081501645,1.5660278867376096,token,Yield Aggregator;Yield
7501,WOO,2022-02-28,461878593.690109,23742582.0,,1.0,,,False,,,,,19.453595809002955,token,CEX;Dexs;Yield;Exchange Token;Derivatives;Perpetuals
7501,WOO,2022-03-31,632497089.3953769,14551661.0,,2.0,,,False,,,,,43.465628383960905,token,CEX;Dexs;Yield;Exchange Token;Derivatives;Perpetuals
7501,WOO,2022-04-30,362504878.68250495,5480757.0,,3.0,,,False,0.8387166007537169,0.29161498022611504,,,66.14138862250323,token,CEX;Dexs;Yield;Exchange Token;Derivatives;Perpetuals
7501,WOO,2022-05-31,185171541.104966,4388839.0,,4.0,,,False,0.9382911996493901,0.321487359894817,,,42.19146364333848,token,CEX;Dexs;Yield;Exchange Token;Derivatives;Perpetuals
7501,WOO,2022-06-30,177122159.24128538,2430283.0,,5.0,,,False,0.7434526999726937,0.2630358099918081,,,72.88128964457448,token,CEX;Dexs;Yield;Exchange Token;Derivatives;Perpetuals
7501,WOO,2022-07-31,234217916.56344572,1718387.0,8718751.5,6.0,,,False,0.8184746497292933,0.28554239491878797,,,136.3010291415413,token,CEX;Dexs;Yield;Exchange Token;Derivatives;Perpetuals
7501,WOO,2022-08-31,172034367.5394142,4036211.0,8049817.142857143,7.0,,,False,0.8459461705149107,0.2937838511544732,,,42.622738885408666,token,CEX;Dexs;Yield;Exchange Token;Derivatives;Perpetuals
7501,WOO,2022-09-30,156751076.6687381,4521764.0,7608810.5,8.0,,,False,0.8418003016928458,0.29254009050785373,,,34.66591283152727,token,CEX;Dexs;Yield;Exchange Token;Derivatives;Perpetuals
7501,WOO,2022-10-31,208468659.68511763,7918614.0,7643233.111111111,9.0,,,False,0.8788545841599696,0.3036563752479909,,,26.326407586620288,token,CEX;Dexs;Yield;Exchange Token;Derivatives;Perpetuals
7501,WOO,2022-11-30,151394805.09024838,5027762.0,7381686.0,10.0,,,False,0.900772857261213,0.3102318571783639,,,30.11176843499123,token,CEX;Dexs;Yield;Exchange Token;Derivatives;Perpetuals
7501,WOO,2022-12-31,145446419.7554696,5501416.0,7210752.363636363,11.0,,,False,0.8982099232809628,0.3094629769842888,,,26.437997009400778,token,CEX;Dexs;Yield;Exchange Token;Derivatives;Perpetuals
7501,WOO,2023-01-31,295075579.7693621,5600026.0,7076525.166666667,12.0,,,False,0.9860962078597447,0.33582886235792336,,,52.69182317534992,token,CEX;Dexs;Yield;Exchange Token;Derivatives;Perpetuals
7501,WOO,2023-02-28,341717350.4983569,7246178.0,5701824.833333333,12.0,,,False,0.9879314949176786,0.33637944847530354,,,47.158288203568404,token,CEX;Dexs;Yield;Exchange Token;Derivatives;Perpetuals
7501,WOO,2023-03-31,361170653.6581789,8551846.0,5201840.25,12.0,,,False,0.9363888630295374,0.3209166589088612,,,42.23306332436049,token,CEX;Dexs;Yield;Exchange Token;Derivatives;Perpetuals
7501,WOO,2023-04-30,440370584.112654,8542290.0,5456968.0,12.0,,,False,0.942855505578918,0.32285665167367533,,,51.551818553649426,token,CEX;Dexs;Yield;Exchange Token;Derivatives;Perpetuals
7501,WOO,2023-05-31,377635654.3466176,7948048.0,5753568.75,12.0,,,False,0.9472434880101773,0.32417304640305317,,,47.51300625595336,token,CEX;Dexs;Yield;Exchange Token;Derivatives;Perpetuals
7501,WOO,2023-06-30,396120545.48267466,9125266.0,6311484.0,12.0,,,False,0.9362953146457182,0.3208885943937154,,,43.409205329759665,token,CEX;Dexs;Yield;Exchange Token;Derivatives;Perpetuals
7501,WOO,2023-07-31,345094724.77497035,9486638.0,6958838.25,12.0,-0.20185381473482755,1.0,False,0.9383004366788897,0.3214901310036669,3666704.784002868,94.11576472710665,36.37692560578051,token,CEX;Dexs;Yield;Exchange Token;Derivatives;Perpetuals
7501,WOO,2023-08-31,291353914.9424434,9509286.0,7414927.833333333,12.0,-0.0788700287542764,1.0,False,0.9429953799053403,0.3228986139716021,5928983.242194314,49.14062041346122,30.638884448574096,token,CEX;Dexs;Yield;Exchange Token;Derivatives;Perpetuals
7501,WOO,2023-09-30,303902870.5118884,8714478.0,7764320.666666667,12.0,0.02043817054803343,1.0,False,0.9422424508110374,0.3226727352433112,9036992.533031205,33.628761936129735,34.87333039476241,token,CEX;Dexs;Yield;Exchange Token;Derivatives;Perpetuals
7501,WOO,2023-10-31,376058068.4641666,10477193.0,7977535.583333333,12.0,0.04373835880214627,1.0,False,0.9371927688699128,0.3211578306609738,10215221.311415987,36.81350183220251,35.89301719116624,token,CEX;Dexs;Yield;Exchange Token;Derivatives;Perpetuals
7501,WOO,2023-11-30,380455295.7392924,12797501.0,8625013.833333334,12.0,0.16843412647643552,1.0,False,0.9305547458117059,0.31916642374351173,19108655.22677216,19.910103103762946,29.728874077782248,token,CEX;Dexs;Yield;Exchange Token;Derivatives;Perpetuals
7501,WOO,2023-12-31,713008459.0556175,16650112.0,9554071.833333334,12.0,0.32497572396387797,1.0,False,1.0119485313078744,0.3435845593923623,41995901.37012649,16.97804870936313,42.82304281530463,token,CEX;Dexs;Yield;Exchange Token;Derivatives;Perpetuals
7501,WOO,2024-01-31,629511794.7936325,19488719.0,10711462.916666666,12.0,0.5136613895082356,1.0,False,1.0109111159412645,0.3432733347823793,121415530.80804732,5.184771590620176,32.30134288424152,token,CEX;Dexs;Yield;Exchange Token;Derivatives;Perpetuals
7501,WOO,2024-02-29,954789033.0570184,23807704.0,12091590.083333334,12.0,1.1206526746744152,1.0,False,1.0349563997012796,0.35048691991038383,2413230072.134373,0.3956477436950545,40.10420463296328,token,CEX;Dexs;Yield;Exchange Token;Derivatives;Perpetuals
7501,WOO,2024-06-30,411388332.4329371,11278049.0,13578853.333333334,9.0,1.1514517557730217,1.0,False,1.068363309412691,0.3605089928238073,2914893977.9712534,0.1411332060589252,36.47690592875923,token,CEX;Dexs;Yield;Exchange Token;Derivatives;Perpetuals
7501,WOO,2024-07-31,341296417.7778122,15718456.0,14271277.555555556,9.0,0.27939390221371596,2.0,False,1.0919564434792843,0.36758693304378526,47313059.86513366,7.213577366390611,21.713100687358363,token,CEX;Dexs;Yield;Exchange Token;Derivatives;Perpetuals
7501,WOO,2024-08-31,286353754.5515771,15160007.0,14899135.444444444,9.0,0.3604654797390914,2.0,False,1.1265409081840616,0.37796227245521846,70033479.17233989,4.088812349974955,18.888761367430575,token,CEX;Dexs;Yield;Exchange Token;Derivatives;Perpetuals
7501,WOO,2024-09-30,371701028.2009232,16419185.0,15755214.0,9.0,0.4389767244566998,2.0,False,1.2014417592192672,0.40043252776578014,99931317.12580644,3.7195649861492166,22.638214271958272,token,CEX;Dexs;Yield;Exchange Token;Derivatives;Perpetuals
7501,WOO,2024-10-31,346632497.03488857,12938208.0,16028660.111111112,9.0,0.44813835803217184,2.0,False,1.247291248789324,0.41418737463679717,101555775.16994788,3.4132228960373605,26.791383863583626,token,CEX;Dexs;Yield;Exchange Token;Derivatives;Perpetuals
7501,WOO,2024-11-30,533463344.7355632,17141960.0,16511377.777777778,9.0,0.49559454818197635,2.0,False,1.276575885255697,0.42297276557670904,126604431.31888896,4.21362300812272,31.12032373985024,token,CEX;Dexs;Yield;Exchange Token;Derivatives;Perpetuals
7501,WOO,2024-12-31,386488625.3700007,16019419.0,16441300.777777778,9.0,0.510002953342819,2.0,False,1.3118240815478603,0.43354722446435806,130058051.19746827,2.9716624369774056,24.126257348659195,token,CEX;Dexs;Yield;Exchange Token;Derivatives;Perpetuals
7501,WOO,2025-01-31,305947882.2860662,15195776.0,15964307.111111112,9.0,0.5019829722900833,2.0,False,1.2793548419029401,0.423806452570882,125727186.73061496,2.4334266139398704,20.133745212226486,token,CEX;Dexs;Yield;Exchange Token;Derivatives;Perpetuals
7501,WOO,2025-02-28,208003316.9556317,10720456.0,14510168.444444444,9.0,0.5952519767909423,2.0,False,1.3112551135617747,0.4333765340685324,170154664.4111122,1.2224367617279832,19.402469163217656,token,CEX;Dexs;Yield;Exchange Token;Derivatives;Perpetuals
7501,WOO,2025-03-31,143212271.3756764,7844883.0,13843639.9,10.0,0.6313481004328338,2.0,False,1.3200449055900512,0.4360134716770153,189970475.64384082,0.7538659409590186,18.25550124529281,token,CEX;Dexs;Yield;Exchange Token;Derivatives;Perpetuals
7501,WOO,2025-04-30,143573007.73659974,9587853.0,13456750.181818182,11.0,0.570342524637117,2.0,False,1.271383202002652,0.4214149606007956,146946785.01576728,0.9770408227794468,14.97446902206362,token,CEX;Dexs;Yield;Exchange Token;Derivatives;Perpetuals
7501,WOO,2025-05-31,143998349.79205307,10033169.0,13171451.75,12.0,0.5130321948615826,2.0,False,1.212665849253205,0.4037997547759615,117131940.9330474,1.229368766922103,14.352230067295096,token,CEX;Dexs;Yield;Exchange Token;Derivatives;Perpetuals
7501,WOO,2025-06-30,130293709.27224033,9252430.0,13002650.166666666,12.0,0.4353248246730195,2.0,False,1.4570716938861477,0.47712150816584425,65202437.99220387,1.9982950528294554,14.082107000241052,token,CEX;Dexs;Yield;Exchange Token;Derivatives;Perpetuals
7501,WOO,2025-07-31,132485720.56824853,10110429.0,12535314.583333334,12.0,0.1286526680885336,3.0,False,1.4355470359458713,0.47066411078376136,19479040.55582772,6.801450009231157,13.103867359955599,token,CEX;Dexs;Yield;Exchange Token;Derivatives;Perpetuals
7501,WOO,2025-08-31,129411748.1848684,9364904.0,12052389.333333334,12.0,0.14400795858112914,3.0,False,1.4006859510795786,0.4602057853238736,19928388.309156466,6.49383914932086,13.81880136570203,token,CEX;Dexs;Yield;Exchange Token;Derivatives;Perpetuals
7501,WOO,2025-09-30,124933555.61161198,8644167.0,11404471.166666666,12.0,0.14442181528023612,3.0,False,1.4027318372667732,0.4608195511800319,18874317.470693484,6.619235678619834,14.452931741324754,token,CEX;Dexs;Yield;Exchange Token;Derivatives;Perpetuals
7501,WOO,2025-10-31,71320687.07623567,8732634.0,11054006.666666666,12.0,0.13087396437333276,3.0,False,1.443148724170004,0.4729446172510012,17277965.725362707,4.127840523004537,8.167144881628575,token,CEX;Dexs;Yield;Exchange Token;Derivatives;Perpetuals
7501,WOO,2025-11-30,49572144.32798629,7401855.0,10242331.25,12.0,0.11535833393613215,3.0,False,1.4456000104998221,0.4736800031499466,15179127.818698447,3.2658097961940027,6.697259582629799,token,CEX;Dexs;Yield;Exchange Token;Derivatives;Perpetuals
7501,WOO,2025-12-31,54251354.18111092,7348239.0,9519732.916666666,12.0,0.09702046058893621,3.0,False,1.428734158217444,0.4686202474652332,13309425.995589327,4.076160324201023,7.382905507171299,token,CEX;Dexs;Yield;Exchange Token;Derivatives;Perpetuals
7501,WOO,2026-01-31,38348538.50740576,6943348.0,8832030.583333334,12.0,0.07666394451897074,3.0,False,1.4281162855477958,0.4684348856643387,11543442.618631495,3.322105872082732,5.523061570211627,token,CEX;Dexs;Yield;Exchange Token;Derivatives;Perpetuals
7501,WOO,2026-02-28,31247595.97377741,5839299.0,8425267.5,12.0,0.13899882427833954,3.0,False,1.413124581724608,0.4639373745173824,13643638.771394748,2.2902684904917825,5.351258083166731,token,CEX;Dexs;Yield;Exchange Token;Derivatives;Perpetuals
7501,WOO,2026-03-31,31634818.88549115,5010911.0,8189103.166666667,12.0,0.16330370305170083,3.0,False,1.4688409366633532,0.4806522809990059,14222584.718077287,2.224266510803936,6.313187140121058,token,CEX;Dexs;Yield;Exchange Token;Derivatives;Perpetuals
7501,WOO,2026-04-30,34830710.70821992,3809577.0,7707580.166666667,12.0,0.12198972865611246,3.0,False,1.4737476795162323,0.48212430385486965,11611832.614688326,2.9995877364061383,9.142933902693114,token,CEX;Dexs;Yield;Exchange Token;Derivatives;Perpetuals
7501,WOO,2026-05-31,31396088.57815658,98219.0,6879667.666666667,12.0,0.06139421815308577,3.0,False,1.4751560520726748,0.4825468156218024,8503603.576330936,3.6920922167097427,319.65392213478634,token,CEX;Dexs;Yield;Exchange Token;Derivatives;Perpetuals
7535,KP3R,2021-12-31,178449298.55463096,585738465.0,,1.0,,,False,0.18240319014926745,0.09472095704478023,,,0.3046569573583168,token,Derivatives
7535,KP3R,2022-01-31,181450651.42898625,615797988.0,,2.0,,,False,0.25747770993189034,0.11724331297956711,,,0.2946593768815403,token,Derivatives
7535,KP3R,2022-02-28,137072051.26856878,601597796.0,,3.0,,,False,0.226365925700827,0.1079097777102481,,,0.2278466646320107,token,Derivatives
7535,KP3R,2022-03-31,100287193.3995818,407543728.0,,4.0,,,False,0.24123240734557708,0.11236972220367311,,,0.24607713604558726,token,Derivatives
7535,KP3R,2022-04-30,59876634.07452723,127704647.0,,5.0,,,False,0.39981187614058483,0.15994356284217545,,,0.4688680911864329,token,Derivatives
7535,KP3R,2022-05-31,28678957.7133634,127253428.0,410939342.0,6.0,,,False,0.5455156755017929,0.20365470265053787,,,0.22536884203515054,token,Derivatives
7535,KP3R,2022-06-30,23343275.46277621,113234797.0,368410121.28571427,7.0,,,False,0.5824995258402301,0.21474985775206903,,,0.20614931170650846,token,Derivatives
7535,KP3R,2022-07-31,30288040.3464226,118377546.0,337156049.375,8.0,,,False,0.5941935006914411,0.21825805020743233,,,0.25585967415157096,token,Derivatives
7535,KP3R,2022-08-31,22823262.39386173,118770931.0,312891036.2222222,9.0,,,False,0.6349404902413778,0.23048214707241332,,,0.1921620231625677,token,Derivatives
7535,KP3R,2022-09-30,41844593.94801201,44703365.0,286072269.1,10.0,,,False,0.6442628446002421,0.23327885338007262,,,0.9360502044535576,token,Derivatives
7535,KP3R,2022-10-31,41329070.16528527,118798618.0,270865573.54545456,11.0,,,False,0.6396486679956362,0.23189460039869086,,,0.34789184302872334,token,Derivatives
7535,KP3R,2022-11-30,34025730.86018667,125260024.0,258731777.75,12.0,,,False,0.6629484744662593,0.23888454233987777,,,0.27164078190011104,token,Derivatives
7535,KP3R,2022-12-31,25628231.4310541,187742787.0,225565471.25,12.0,,,False,0.6753638866198649,0.24260916598595947,,,0.1365071427806923,token,Derivatives
7535,KP3R,2023-01-31,33069963.58784304,172520463.0,188625677.5,12.0,,,False,0.6671264797204135,0.24013794391612406,,,0.19168719474073656,token,Derivatives
7535,KP3R,2023-02-28,38353259.92667218,23730142.0,140470039.66666666,12.0,,,False,0.6637352090368973,0.23912056271106918,,,1.6162254708240762,token,Derivatives
7535,KP3R,2023-03-31,35463656.41530308,25390028.0,108623898.0,12.0,,,False,0.6212343857312179,0.2263703157193654,,,1.3967553094192366,token,Derivatives
7535,KP3R,2023-04-30,31249164.01913973,37795260.0,101131449.08333333,12.0,,,False,0.621727368760826,0.2265182106282478,,,0.8268011390618752,token,Derivatives
7535,KP3R,2023-05-31,27321482.64125591,26283973.0,92717327.83333333,12.0,-0.5,1.0,True,0.6309958696596772,0.2292987608979032,16707429.23615492,1.6352894425033477,1.0394730903602705,token,Derivatives
7535,KP3R,2023-06-30,23359984.10431679,26495367.0,85489042.0,12.0,-0.5,1.0,True,0.6141081727220173,0.2242324518166052,15264254.468839984,1.5303717683692444,0.8816629754295077,token,Derivatives
7535,KP3R,2023-07-31,24081726.13589401,26244919.0,77811323.08333333,12.0,-0.5,1.0,True,0.6122105200916771,0.22366315602750314,13878955.672059279,1.7351252287933063,0.9175766987847823,token,Derivatives
7535,KP3R,2023-08-31,18755935.43636475,23853656.0,69901550.16666667,12.0,-0.5,1.0,True,0.631146434860665,0.2293439304581995,12597106.309887027,1.488908244081728,0.7862918554859998,token,Derivatives
7535,KP3R,2023-09-30,20031156.41069227,14570010.0,67390437.25,12.0,-0.5,1.0,True,0.6306931878303227,0.2292079563490968,12141604.829461226,1.6497947917138016,1.3748210475279201,token,Derivatives
7535,KP3R,2023-10-31,20447527.47681209,16703487.0,58882509.666666664,12.0,-0.5,1.0,True,0.5985271172446133,0.219558135173384,10423794.561283838,1.961620344356987,1.2241472380474863,token,Derivatives
7535,KP3R,2023-11-30,31295714.4756735,14939067.0,49689096.583333336,12.0,-0.5,1.0,True,0.613839159224693,0.2241517477674079,8870790.744792769,3.5279509320005498,2.0948908305768694,token,Derivatives
7535,KP3R,2023-12-31,36394010.83826613,28130893.0,36388105.416666664,12.0,-0.5,1.0,True,0.6385520120178629,0.23156560360535888,6583736.04683827,5.527866029158892,1.293738198722171,token,Derivatives
7535,KP3R,2024-01-31,29862365.27375206,16307651.0,23370371.083333332,12.0,-0.5,1.0,True,0.5954478152687674,0.21863434458063025,4130123.880573535,7.230380041192659,1.8311874146529172,token,Derivatives
7535,KP3R,2024-02-29,33249317.70045784,17895764.0,22884172.916666668,12.0,-0.5,1.0,True,0.712036460661411,0.2536109381984233,4301664.4249159675,7.729407600433026,1.857943460835639,token,Derivatives
7535,KP3R,2024-03-31,46933704.47726707,17787460.0,22250625.583333332,12.0,-0.5,1.0,True,0.7882262802744978,0.27646788408234935,4341119.4784771465,10.811428874501122,2.6385838381234348,token,Derivatives
7535,KP3R,2024-04-30,28771764.26961938,10471085.0,19973611.0,12.0,-0.5,1.0,True,0.8363489692533304,0.29090469077599906,3984811.0278225797,7.220358523586283,2.7477347638396,token,Derivatives
7535,KP3R,2024-05-31,32453806.58140589,7509140.0,18409041.583333332,12.0,-0.5,2.0,True,0.7386261619212571,0.2615878485763771,3506617.298611333,9.25501810370297,4.321907246556315,token,Derivatives
7535,KP3R,2024-06-30,26154280.73309542,6548533.0,16746805.416666666,12.0,-0.5,2.0,True,0.7283322392209494,0.2584996717662848,3173773.7354676235,8.240751519497293,3.9939144741418295,token,Derivatives
7535,KP3R,2024-07-31,21896253.56378544,6290056.0,15083900.166666666,12.0,-0.5,2.0,True,0.7612723804741401,0.26838171414224204,2905183.267231868,7.5369611999207,3.4810904010688364,token,Derivatives
7535,KP3R,2024-08-31,19835497.18848976,7548889.0,13725169.583333334,12.0,-0.5,2.0,True,0.5983782403514055,0.21951347210542166,2429525.253058147,8.164351106670727,2.6276048288019287,token,Derivatives
7535,KP3R,2024-09-30,21099192.34835454,7858181.0,13165850.5,12.0,-0.5,2.0,True,0.6217511581623408,0.22652534744870226,2360608.2301870873,8.938032189560886,2.6849969920970946,token,Derivatives
7725,TRU,2021-10-31,325803525.03381926,357697584.0,170529477.75,12.0,,,False,,,,,0.9108351289110727,token,Uncollateralized Lending;RWA;Yield
7725,TRU,2021-11-30,243869317.46703315,313349183.0,196467098.83333334,12.0,,,False,,,,,0.7782669644523476,token,Uncollateralized Lending;RWA;Yield
7725,TRU,2021-12-31,172858164.3859625,293693166.0,220183349.83333334,12.0,,,False,,,,,0.5885672000483746,token,Uncollateralized Lending;RWA;Yield
7725,TRU,2022-01-31,104184899.4650072,196860209.0,235612783.66666666,12.0,,,False,,,,,0.5292329008195211,token,Uncollateralized Lending;RWA;Yield
7725,TRU,2022-02-28,103138202.7164729,42691204.0,238352395.66666666,12.0,,,False,,,,,2.415912250131734,token,Uncollateralized Lending;RWA;Yield
7725,TRU,2022-03-31,127800179.24967992,121380466.0,245749948.91666666,12.0,,,False,,,,,1.0528891794638515,token,Uncollateralized Lending;RWA;Yield
7725,TRU,2022-04-30,90513621.20940436,204127436.0,260322805.16666666,12.0,2.0,1.0,True,,,,,0.4434172249604133,token,Uncollateralized Lending;RWA;Yield
7725,TRU,2022-05-31,53147106.52145502,67230945.0,252889651.66666666,12.0,2.0,1.0,True,,,,,0.7905155359850292,token,Uncollateralized Lending;RWA;Yield
7725,TRU,2022-06-30,34680502.03669206,9351247.0,242712308.0,12.0,2.0,1.0,True,,,,,3.70864998397455,token,Uncollateralized Lending;RWA;Yield
7725,TRU,2022-07-31,46946301.36680929,5390265.0,239881991.66666666,12.0,2.0,1.0,True,,,,,8.70946073464093,token,Uncollateralized Lending;RWA;Yield
7725,TRU,2022-08-31,34472318.67022716,16840834.0,186834876.58333334,12.0,0.7375944870307976,1.0,False,,,,,2.046948427270714,token,Uncollateralized Lending;RWA;Yield
7725,TRU,2022-09-30,28256369.5808851,23002217.0,137634563.0,12.0,-0.10344080771176589,1.0,False,,,,,1.2284193989164218,token,Uncollateralized Lending;RWA;Yield
7725,TRU,2022-10-31,26541690.24729958,44615036.0,111544350.66666667,12.0,-0.34589402290791527,1.0,False,1.4304640519593161,0.4691392155877948,42938771.36283736,0.6181287774403084,0.5949046022802622,token,Uncollateralized Lending;RWA;Yield
7725,TRU,2022-11-30,37582503.43731134,14987778.0,86680900.25,12.0,-0.5,1.0,True,1.381845610222086,0.45455368306662575,21138868.497519653,1.7778862403028388,2.507543375496444,token,Uncollateralized Lending;RWA;Yield
7725,TRU,2022-12-31,25797171.27412904,3704935.0,62515214.333333336,12.0,-0.5,1.0,True,1.337074876754586,0.44112246302637576,15041730.403933715,1.7150401304481937,6.9629214207885,token,Uncollateralized Lending;RWA;Yield
7725,TRU,2023-01-31,37948492.7921151,4015020.0,46444781.916666664,12.0,-0.5,1.0,True,1.347494109660769,0.4442482328982307,11210556.261424925,3.3850677796153916,9.45163231867216,token,Uncollateralized Lending;RWA;Yield
7725,TRU,2023-02-28,85680163.9037989,1395125.0,43003442.0,12.0,-0.5,1.0,True,1.4625240135439292,0.47875720406317873,10732901.66067867,7.982945023869818,61.41396928862926,token,Uncollateralized Lending;RWA;Yield
7725,TRU,2023-03-31,79784530.3840161,1312273.0,32997759.25,12.0,-0.5,1.0,True,1.2460972632358223,0.41382917897074667,7714163.681092949,10.34260273470269,60.798728910841035,token,Uncollateralized Lending;RWA;Yield
7725,TRU,2023-04-30,62404435.17097514,1668300.0,16126164.583333334,12.0,0.01143395877537201,2.0,False,1.2194000090763282,0.4058200027228984,17403463.07050048,3.585748130597812,37.40600321943004,token,Uncollateralized Lending;RWA;Yield
7725,TRU,2023-06-30,45551967.10072259,1539686.0,9992050.583333334,12.0,-0.5,2.0,True,1.1167572346901011,0.3750271704070303,2234074.546101925,20.38963613824029,29.585231729536144,token,Uncollateralized Lending;RWA;Yield
7725,TRU,2023-07-31,37086609.54367578,1295915.0,9650854.75,12.0,-0.5,2.0,True,1.117295690727922,0.37518870721837655,2158209.2379207527,17.18397312551841,28.618088025584843,token,Uncollateralized Lending;RWA;Yield
7725,TRU,2023-08-31,31496938.96778406,1096723.0,8338845.5,12.0,-0.5,2.0,True,1.1108148525793713,0.3732444557738114,1860422.048795018,16.929996603826748,28.719137802146996,token,Uncollateralized Lending;RWA;Yield
7725,TRU,2023-09-30,40150384.09267747,71678.0,6427967.25,12.0,-0.5,2.0,True,1.138369307038388,0.3815107921115164,1448403.2651009897,27.72044572122529,560.1493358168123,token,Uncollateralized Lending;RWA;Yield
7725,TRU,2023-10-31,40060985.75240859,71756.0,2716027.25,12.0,-0.5,2.0,True,1.0157514525797302,0.344725435773919,584554.3788970088,68.53252186391855,558.2945781873096,token,Uncollateralized Lending;RWA;Yield
7725,TRU,2023-11-30,61661003.77034266,71699.0,1473020.6666666667,12.0,-0.5,2.0,True,1.0825390987405352,0.3647617296221605,325231.56107160216,189.59108263409752,859.9980999782795,token,Uncollateralized Lending;RWA;Yield
7725,TRU,2023-12-31,63465277.86732887,70557.0,1170155.8333333333,12.0,-0.5,2.0,True,1.06622904287109,0.359868712861327,256786.88263041966,247.15155703132712,899.4894605401146,token,Uncollateralized Lending;RWA;Yield
7725,TRU,2024-01-31,50393339.65052116,70083.0,841411.0833333334,12.0,-0.5,2.0,True,1.0633049532511285,0.35899148597533853,184441.1278770135,273.2218146276125,719.0522616115343,token,Uncollateralized Lending;RWA;Yield
7725,TRU,2024-02-29,75137382.25765222,68924.0,730894.3333333334,12.0,-0.5,2.0,True,1.104485930611895,0.3713457791835685,162688.4900451409,461.8481752261883,1090.1483120197931,token,Uncollateralized Lending;RWA;Yield
7725,TRU,2024-03-31,169738506.73809493,60359.0,626568.1666666666,12.0,-0.5,2.0,True,1.2831683230484296,0.42495049691452885,148242.97769516785,1145.0020053369972,2812.1490869314425,token,Uncollateralized Lending;RWA;Yield
7725,TRU,2024-04-30,111334683.7801019,38366.0,490740.3333333333,12.0,-0.5,3.0,True,1.311862694415915,0.4335588083247745,117161.20313081604,950.2692086201218,2901.9101230282513,token,Uncollateralized Lending;RWA;Yield
7725,TRU,2024-05-31,196569562.81648588,38285.0,374502.5833333333,12.0,-0.5,3.0,True,1.3700352531340354,0.4510105759402106,91010.16891778143,2159.8637290088627,5134.375416389862,token,Uncollateralized Lending;RWA;Yield
7725,TRU,2024-06-30,142076503.0068713,1220794.0,347928.25,12.0,-0.5,3.0,True,1.3866722379796688,0.4560016713939006,84970.20509566223,1672.0743800361192,116.38040734708011,token,Uncollateralized Lending;RWA;Yield
7725,TRU,2024-07-31,134574596.56316248,261904.0,261760.66666666666,12.0,-0.5,3.0,True,1.383851681462688,0.45515550443880637,63873.41103234596,2106.8954105960133,513.8317725699587,token,Uncollateralized Lending;RWA;Yield
7725,TRU,2024-08-31,97172228.3102642,256014.0,191701.58333333334,12.0,-0.5,3.0,True,1.3996924854802077,0.4599077456440623,46995.955359115156,2067.6721553531956,379.55825974463977,token,Uncollateralized Lending;RWA;Yield
7725,TRU,2024-09-30,109826857.10409164,65960.0,191225.08333333334,12.0,-0.5,3.0,True,1.3994216136611215,0.45982648409833643,46875.43554584399,2342.9511816840914,1665.0524121299522,token,Uncollateralized Lending;RWA;Yield
7725,TRU,2024-10-31,89340567.16690317,41571.0,188709.66666666666,12.0,-0.5,3.0,True,1.363428570505122,0.44902857115153655,45768.98450229368,1951.9892813533131,2149.107963890769,token,Uncollateralized Lending;RWA;Yield
7725,TRU,2024-11-30,161804869.6872336,43619.0,186369.66666666666,12.0,-0.5,3.0,True,1.4657597777854268,0.479727933335628,46556.4781538899,3475.4533870108567,3709.5043372666405,token,Uncollateralized Lending;RWA;Yield
7725,TRU,2024-12-31,107129159.0505295,43787.0,184138.83333333334,12.0,-0.5,3.0,True,1.4689418215720849,0.48068254647162545,46039.84414795432,2326.879272359343,2446.5973702361316,token,Uncollateralized Lending;RWA;Yield
7725,TRU,2025-01-31,83607945.1415538,37883.0,181455.5,12.0,-0.5,3.0,True,1.4483572204535993,0.47450716613607974,45108.8139862206,1853.4724758468167,2207.004332855207,token,Uncollateralized Lending;RWA;Yield
7725,TRU,2025-02-28,57553023.32625353,49673.0,179851.25,12.0,-0.5,3.0,True,1.429349223186331,0.46880476695589923,44469.78312441735,1294.205172200457,1158.6379587754623,token,Uncollateralized Lending;RWA;Yield
7725,TRU,2025-03-31,43585163.73570235,36677.0,177877.75,12.0,-0.5,3.0,True,1.4536351527937024,0.47609054583811067,44285.013647698375,984.196687449087,1188.351384674383,token,Uncollateralized Lending;RWA;Yield
7725,TRU,2025-04-30,51609242.11137807,36505.0,177722.66666666666,12.0,-0.5,3.0,True,1.449681824872626,0.4749045474617878,44197.31877135806,1167.7007462457946,1413.7581731647192,token,Uncollateralized Lending;RWA;Yield
7725,TRU,2025-05-31,46702452.0823847,145100.0,186623.91666666666,12.0,-0.5,3.0,True,1.4299215429502803,0.46897646288508404,46151.92051939486,1011.9286815541833,321.8639013258766,token,Uncollateralized Lending;RWA;Yield
7725,TRU,2025-06-30,35416890.63910157,33790.0,87706.91666666667,12.0,-0.5,3.0,True,1.4021477848222625,0.4606443354466787,21516.887683617257,1646.00434597554,1048.147103850298,token,Uncollateralized Lending;RWA;Yield
7725,TRU,2025-07-31,40484089.73477297,26603.0,68098.5,12.0,-0.5,3.0,True,1.5188669220598872,0.4956600766179661,17259.529273034685,2345.607988163561,1521.7866306346266,token,Uncollateralized Lending;RWA;Yield
7725,TRU,2025-08-31,39612532.40106361,26597.0,48980.416666666664,12.0,-0.5,3.0,True,1.4786595340977973,0.48359786022933915,12279.390288827051,3225.936424311461,1489.360920444547,token,Uncollateralized Lending;RWA;Yield
7725,TRU,2025-09-30,36538542.0902806,25865.0,45639.166666666664,12.0,-0.5,3.0,True,1.4744661190166113,0.48233983570498334,11428.518869866126,3197.1371361710508,1412.6635256246125,token,Uncollateralized Lending;RWA;Yield
7725,TRU,2025-10-31,24372022.01191369,33799.0,44991.5,12.0,-0.5,3.0,True,1.4945858245837609,0.48837574737512823,11328.639288626895,2151.363583125237,721.0870739345452,token,Uncollateralized Lending;RWA;Yield
7725,TRU,2025-11-30,16959989.74324167,25746.0,43502.083333333336,12.0,-0.5,3.0,True,1.494260179574261,0.48827805387227824,10952.640841153267,1548.4840587044994,658.7427073425647,token,Uncollateralized Lending;RWA;Yield
7725,TRU,2025-12-31,13494870.50087463,26398.0,42053.0,12.0,-0.5,3.0,True,1.5492388119893958,0.5047716435968187,10744.256623495907,1256.0078350477581,511.20806503805704,token,Uncollateralized Lending;RWA;Yield
7726,ICHI,2022-03-31,322056537.538214,89866763.0,14902340.2,10.0,,,False,,,,,3.5837113387316957,token,Liquidity Manager;Yield
7726,ICHI,2022-04-30,22937528.3843243,22769162.0,15617505.818181818,11.0,,,False,,,,,1.0073944919151747,token,Liquidity Manager;Yield
7726,ICHI,2022-05-31,45435077.69168806,13632077.0,15452053.416666666,12.0,,,False,,,,,3.332953422408637,token,Liquidity Manager;Yield
7726,ICHI,2022-06-30,18326107.98765178,10381390.0,16244781.333333334,12.0,,,False,,,,,1.7652846090602299,token,Liquidity Manager;Yield
7726,ICHI,2022-07-31,26356524.96018137,10244294.0,16773991.666666666,12.0,,,False,,,,,2.572800522923431,token,Liquidity Manager;Yield
7726,ICHI,2022-08-31,25481971.43409817,8175435.0,16984625.0,12.0,,,False,,,,,3.116894872761898,token,Liquidity Manager;Yield
7726,ICHI,2022-09-30,26738936.57687001,11492796.0,17499256.916666668,12.0,,,False,,,,,2.326582371850158,token,Liquidity Manager;Yield
7726,ICHI,2022-10-31,30479278.85964939,16499952.0,18328140.666666668,12.0,,,False,,,,,1.84723439556972,token,Liquidity Manager;Yield
7726,ICHI,2022-11-30,26500234.28756878,9523216.0,19088330.5,12.0,2.0,1.0,True,,,,,2.7826980179352,token,Liquidity Manager;Yield
7726,ICHI,2022-12-31,24671587.27117419,10999024.0,19723703.25,12.0,2.0,1.0,True,,,,,2.2430705916428755,token,Liquidity Manager;Yield
7726,ICHI,2023-01-31,26748711.06484865,12872090.0,19843137.833333332,12.0,2.0,1.0,True,,,,,2.0780394687147656,token,Liquidity Manager;Yield
7726,ICHI,2023-02-28,25790386.83620345,11119715.0,18964659.5,12.0,1.8852541047844182,1.0,False,,,,,2.319338835231249,token,Liquidity Manager;Yield
7726,ICHI,2023-03-31,24329464.87486241,10799453.0,12375717.0,12.0,-0.16954539797715795,1.0,False,0.7790939708949404,0.2737281912684821,7087687.254180944,3.432638038664974,2.252842331446084,token,Liquidity Manager;Yield
7726,ICHI,2023-04-30,19024028.59515135,10028980.0,11314035.166666666,12.0,-0.27555428514744484,1.0,False,0.754184409683028,0.2662553229049084,4485307.651265743,4.241409971015659,1.8969056270080655,token,Liquidity Manager;Yield
7726,ICHI,2023-05-31,17036120.4226209,9615110.0,10979287.916666666,12.0,-0.2894609136657301,1.0,False,0.751702928608625,0.2655108785825875,4154695.346986776,4.100449972818458,1.771807126764114,token,Liquidity Manager;Yield
7726,ICHI,2023-06-30,14760008.36076361,10332167.0,10975186.0,12.0,-0.32438696620190477,1.0,False,0.7018438769607517,0.2505531630882255,3640948.700613448,4.053890778048248,1.4285491476051064,token,Liquidity Manager;Yield
7726,ICHI,2023-07-31,14361329.57041511,9271610.0,10894129.0,12.0,-0.3505344931314798,1.0,False,0.6948550808252874,0.2484565242475862,3308757.5695601944,4.340399460672497,1.5489574702144622,token,Liquidity Manager;Yield
7726,ICHI,2023-08-31,13085614.88825488,9299558.0,10987805.916666666,12.0,-0.35307338745090544,1.0,False,0.6856892599026783,0.24570677797080348,3297560.297912941,3.968271602656333,1.4071222404607704,token,Liquidity Manager;Yield
7726,ICHI,2023-09-30,12010877.43409472,10175789.0,10878055.333333334,12.0,-0.37837044252017116,1.0,False,0.6766906338910137,0.2430071901673041,2994526.0786333987,4.01094434267745,1.180338687653087,token,Liquidity Manager;Yield
7726,ICHI,2023-10-31,11398727.56964698,9623240.0,10304996.0,12.0,-0.4377500594622965,1.0,False,0.5783995344644183,0.2135198603393255,2225693.462711865,5.121427438510944,1.1844999781411438,token,Liquidity Manager;Yield
7726,ICHI,2023-11-30,12996403.82912845,16392525.0,10877438.416666666,12.0,0.6962918893041332,2.0,False,0.5943025620356607,0.2182907686106982,671185556.7102557,0.019363354439313227,0.7928250119568797,token,Liquidity Manager;Yield
7726,ICHI,2023-12-31,13647687.6017537,22031530.0,11796813.916666666,12.0,0.7802251677060448,2.0,False,0.5991191439728869,0.21973574319186606,1124387188.4016523,0.01213788963671337,0.6194616352905904,token,Liquidity Manager;Yield
7726,ICHI,2024-01-31,12090570.13552457,21082648.0,12481027.083333334,12.0,0.6318581759238331,2.0,False,0.5982848855318639,0.21948546565955918,536654744.77326244,0.02252951316145142,0.5734844188227479,token,Liquidity Manager;Yield
7726,ICHI,2024-02-29,21004733.86443675,31552433.0,14183753.583333334,12.0,0.46897734416870795,2.0,False,0.7662533167855504,0.2698759950356651,179967640.68894717,0.11671394804103118,0.6657088492807115,token,Liquidity Manager;Yield
7726,ICHI,2024-03-31,23762425.67674996,47613792.0,17251615.166666668,12.0,0.07593898577469282,2.0,False,0.7749633015126834,0.27248899045380504,27089951.53579573,0.8771675226273885,0.4990660201302589,token,Liquidity Manager;Yield
7726,ICHI,2024-04-30,18764359.60375081,43151858.0,20011855.0,12.0,0.13197760669023872,2.0,False,0.7858028443097592,0.27574085329292775,40881746.06678844,0.45899114908388466,0.4348447662149521,token,Liquidity Manager;Yield
7726,ICHI,2024-05-31,20462996.55979516,54033980.0,23713427.5,12.0,0.23880818162805184,2.0,False,0.786922554435194,0.27607676633055817,83486314.33290572,0.2451059999869915,0.3787060764318149,token,Liquidity Manager;Yield
7726,ICHI,2024-06-30,18164594.11081573,41544182.0,26314428.75,12.0,0.2727410108147035,2.0,False,0.786624709074427,0.2759874127223281,110958821.45485143,0.16370572319215565,0.4372355703336686,token,Liquidity Manager;Yield
7726,ICHI,2024-07-31,15396808.78943342,35874291.0,28531318.833333332,12.0,0.30419554397110327,2.0,False,0.7850661471378294,0.2755198441413488,142724967.91968137,0.10787747241322199,0.4291878211456059,token,Liquidity Manager;Yield
7726,ICHI,2024-08-31,11284745.21223772,28574335.0,30137550.25,12.0,0.332066763886117,2.0,False,0.8045281004471325,0.28135843013413975,171196071.1872444,0.06591708053799386,0.3949259085902688,token,Liquidity Manager;Yield
7737,API3,2026-03-31,23545736.49915891,13091022.0,,1.0,,,False,0.9823884462126626,0.33471653386379874,,,1.7986171361685064,token,Risk Curators
7737,API3,2026-04-30,31913656.11919544,14087821.0,,2.0,,,False,1.0172500032391405,0.34517500097174214,,,2.2653365711557125,token,Risk Curators
7737,API3,2026-05-31,26989645.1747212,15755866.0,,3.0,,,False,1.0176010843512193,0.3452803253053658,,,1.7129902713517111,token,Risk Curators
7857,MIR,2021-04-30,606678153.1761076,2065463575.0,,1.0,,,False,,,,,0.2937249344501791,token,Derivatives
7857,MIR,2021-05-31,348642459.4784095,1772599981.0,,2.0,,,False,,,,,0.19668422837380675,token,Derivatives
7857,MIR,2021-06-30,310101408.5571116,1843776049.0,,3.0,,,False,,,,,0.1681882182628958,token,Derivatives
7857,MIR,2021-07-31,230701004.0170605,1689241291.0,,4.0,,,False,,,,,0.13657078195175404,token,Derivatives
7857,MIR,2021-08-31,307236248.5782926,1748906479.0,,5.0,,,False,,,,,0.17567334346772273,token,Derivatives
7857,MIR,2021-09-30,222531735.37821123,1701369770.0,1803559524.1666667,6.0,,,False,,,,,0.13079563261442645,token,Derivatives
7857,MIR,2021-10-31,244197978.63016623,1512592071.0,1761992745.142857,7.0,,,False,,,,,0.1614433814060144,token,Derivatives
7857,MIR,2021-11-30,210890563.08159545,1283719464.0,1702208585.0,8.0,,,False,,,,,0.16428087989292608,token,Derivatives
7857,MIR,2021-12-31,190256568.1734773,1006877387.0,1624949563.0,9.0,,,False,,,,,0.1889570375002148,token,Derivatives
7857,MIR,2022-01-31,88839969.90161721,717720046.0,1534226611.3,10.0,,,False,1.0721260735311442,0.36163782205934325,,,0.12378081174789594,token,Derivatives
7857,MIR,2022-02-28,109706074.92940052,613192461.0,1450496234.0,11.0,,,False,1.0910175696028026,0.36730527088084075,,,0.17890969297060635,token,Derivatives
7857,MIR,2022-03-31,126860122.900061,742452649.0,1391492601.9166667,12.0,,,False,1.0871963988598057,0.3661589196579417,,,0.17086628092838954,token,Derivatives
7857,MIR,2022-04-30,78971350.20003407,708217776.0,1278388785.3333333,12.0,,,False,1.1292273802003956,0.3787682140601186,,,0.11150715623951532,token,Derivatives
7857,MIR,2022-05-31,22695803.42269078,102027.0,1130680622.5,12.0,,,False,1.2515136773165734,0.415454103194972,,,222.44899313604026,token,Derivatives
7857,MIR,2022-06-30,14979451.80255059,1058501.0,977120826.8333334,12.0,,,False,1.152613823184082,0.38578414695522456,,,14.151570761435831,token,Derivatives
7857,MIR,2022-07-31,17754120.75142572,641717.0,836404195.6666666,12.0,,,False,1.1648976738526318,0.3894693021557895,,,27.66658940222204,token,Derivatives
7857,MIR,2022-08-31,13636852.92158812,691712.0,690719631.75,12.0,,,False,1.1601898021528123,0.3880569406458437,,,19.71463979457942,token,Derivatives
7857,MIR,2022-09-30,16305608.36988273,960265.0,549018839.6666666,12.0,-0.5,1.0,True,1.1469901669368172,0.3840970500810451,124088793.4406259,0.13140274732129337,16.98032144239635,token,Derivatives
7857,MIR,2022-10-31,14935993.95896323,1383553.0,423084796.5,12.0,-0.5,1.0,True,1.139298367420717,0.3817895102262151,95364550.91010916,0.15661997897984054,10.795389810844421,token,Derivatives
7857,MIR,2022-11-30,10297724.16415492,909853.0,316183995.5833333,12.0,-0.5,1.0,True,1.1475851914488076,0.38427555743464226,71478697.23180354,0.14406703763443915,11.318008693882332,token,Derivatives
7857,MIR,2022-12-31,10694991.31646272,742464.0,232339418.66666666,12.0,-0.5,1.0,True,1.1406136105763804,0.3821840831729141,52394501.4451485,0.20412430735044296,14.40472712005258,token,Derivatives
7859,BADGER,2021-01-31,80069706.88202319,1135459499.0,,2.0,,,False,,,,,0.07051744862105662,token,Yield Aggregator;Yield
7859,BADGER,2021-02-28,91866163.6361148,1480827175.0,,3.0,,,False,,,,,0.06203705954823176,token,Yield Aggregator;Yield
7859,BADGER,2021-03-31,311855529.52406126,1128535111.0,,4.0,,,False,,,,,0.27633657693443375,token,Yield Aggregator;Yield
7859,BADGER,2021-04-30,297985659.18176967,1008952755.0,,5.0,,,False,,,,,0.295341538744071,token,Yield Aggregator;Yield
7859,BADGER,2021-05-31,119367015.93777764,685633183.0,988653573.6666666,6.0,,,False,,,,,0.17409748958690296,token,Yield Aggregator;Yield
7859,BADGER,2021-06-30,90279908.8554026,476531438.0,915493268.5714285,7.0,,,False,,,,,0.18945215710070865,token,Yield Aggregator;Yield
7859,BADGER,2021-07-31,116983473.2348236,580907294.0,873670021.75,8.0,,,False,,,,,0.20138062379850855,token,Yield Aggregator;Yield
7859,BADGER,2021-08-31,249997098.093298,712028229.0,855709822.5555556,9.0,,,False,,,,,0.35110559934457036,token,Yield Aggregator;Yield
7859,BADGER,2021-09-30,162284216.41010326,648236982.0,834962538.5,10.0,,,False,,,,,0.25034705040957267,token,Yield Aggregator;Yield
7859,BADGER,2021-10-31,263524868.715277,929758908.0,843580390.2727273,11.0,,,False,,,,,0.28343355083539246,token,Yield Aggregator;Yield
7859,BADGER,2021-11-30,294484080.46834266,1247548145.0,877244369.8333334,12.0,,,False,,,,,0.23605027320876876,token,Yield Aggregator;Yield
7859,BADGER,2021-12-31,180603999.9008689,1003106083.0,919793733.5,12.0,,,False,,,,,0.18004476591422375,token,Yield Aggregator;Yield
7859,BADGER,2022-01-31,141991669.72517356,728932268.0,885916464.25,12.0,,,False,1.4857059436272104,0.4857117830881631,,,0.1947940514620949,token,Yield Aggregator;Yield
7859,BADGER,2022-02-28,108659876.83969285,758289810.0,825705017.1666666,12.0,,,False,1.4271856297759982,0.4681556889327994,,,0.1432959739228104,token,Yield Aggregator;Yield
7859,BADGER,2022-03-31,129983117.92995334,830902914.0,800902334.0833334,12.0,,,False,1.4217599119205808,0.4665279735761742,,,0.1564359875742996,token,Yield Aggregator;Yield
7859,BADGER,2022-04-30,93107519.8895154,437810334.0,753307132.3333334,12.0,,,False,1.4147281621964167,0.464418448658925,,,0.21266633667334905,token,Yield Aggregator;Yield
7859,BADGER,2022-05-31,76391884.4678648,152401781.0,708871182.1666666,12.0,-0.2829933547525224,1.0,False,1.3861327971299702,0.455839839138991,321495645.4706533,0.23761405650154593,0.5012532266133084,token,Yield Aggregator;Yield
7859,BADGER,2022-06-30,38033737.80117505,74090825.0,675334464.4166666,12.0,-0.2623272200892477,1.0,False,1.3625134659887563,0.44875403979662687,322822458.64105105,0.11781626954110115,0.5133393750329417,token,Yield Aggregator;Yield
7859,BADGER,2022-07-31,56720818.49697633,108775566.0,635990153.75,12.0,-0.2720476405083886,1.0,False,1.4218943465492697,0.4665683039647809,299321933.822545,0.189497701597116,0.5214481577321908,token,Yield Aggregator;Yield
7859,BADGER,2022-08-31,47520481.17504413,88759312.0,584051077.3333334,12.0,-0.3174659657533442,1.0,False,1.4080569407170243,0.46241708221510724,241970746.95000604,0.1963893643096552,0.535385866612442,token,Yield Aggregator;Yield
7859,BADGER,2022-09-30,46012230.55679416,82584514.0,536913371.6666666,12.0,-0.35696112470958885,1.0,False,1.402949694224996,0.4608849082674987,199170816.0951586,0.23101893871244028,0.5571532522040895,token,Yield Aggregator;Yield
7859,BADGER,2022-10-31,43033006.1505973,87870275.0,466755985.5833333,12.0,-0.4466964963085114,1.0,False,1.3923693702016038,0.4577108110604811,133814066.20544021,0.32158806148622804,0.48973337286809787,token,Yield Aggregator;Yield
7859,BADGER,2022-11-30,35046953.61210083,41122939.0,366220551.75,12.0,-0.5,1.0,True,1.3785824129023134,0.453574723870694,89223964.00392216,0.3927975404742185,0.8522482698063198,token,Yield Aggregator;Yield
7859,BADGER,2022-12-31,35360593.00665246,30660735.0,285183439.4166667,12.0,-0.5,1.0,True,1.3810425877371086,0.45431277632113254,69531161.32522401,0.5085574918166166,1.1532858885037316,token,Yield Aggregator;Yield
7859,BADGER,2023-01-31,58163635.20359795,45248994.0,228209833.25,12.0,-0.5,1.0,True,1.3713005503401887,0.4513901651020566,55479595.99097034,1.0483788528861033,1.2854127807481852,token,Yield Aggregator;Yield
7859,BADGER,2023-02-28,70170705.95214818,46127462.0,168862970.91666666,12.0,-0.5,1.0,True,1.367290165387418,0.4501870496162254,41002803.730582066,1.7113636036506243,1.5212349197132975,token,Yield Aggregator;Yield
7859,BADGER,2023-03-31,54039377.85938633,40671120.0,103010321.41666667,12.0,-0.5,1.0,True,1.2649757198167384,0.41949271594502147,24229943.62274833,2.230272538011659,1.3286916578492634,token,Yield Aggregator;Yield
7859,BADGER,2023-04-30,53192889.16833556,41506804.0,69985027.25,12.0,-0.5,1.0,True,1.26307233368627,0.4189217001058809,16451656.081508098,3.2332847772161455,1.2815462536777238,token,Yield Aggregator;Yield
7859,BADGER,2023-05-31,46891465.23655974,40426907.0,60653787.75,12.0,-0.5,2.0,True,1.2607365369349945,0.41822096108049833,14247347.216185216,3.291241837869318,1.1599073170885852,token,Yield Aggregator;Yield
7859,BADGER,2023-06-30,43849937.23790766,34568733.0,57360280.083333336,12.0,-0.5,2.0,True,1.2429344894587624,0.4128803468376287,13395687.718201805,3.273436807452984,1.2684855194984341,token,Yield Aggregator;Yield
7859,BADGER,2023-07-31,42474372.85501065,29065359.0,50717762.833333336,12.0,-0.5,2.0,True,1.2380285455701192,0.41140856367103573,11825312.94020903,3.5918180829352204,1.461340039013819,token,Yield Aggregator;Yield
7859,BADGER,2023-08-31,39324649.62626224,24081938.0,45327981.666666664,12.0,-0.5,2.0,True,1.2252032046755075,0.4075609614026522,10523816.480965331,3.7367289421465717,1.6329520334394283,token,Yield Aggregator;Yield
7859,BADGER,2023-09-30,44055178.64155528,22527410.0,40323223.0,12.0,-0.5,2.0,True,1.2266433658599052,0.40799300975797154,9366347.87502246,4.703559939198782,1.9556255531175257,token,Yield Aggregator;Yield
7859,BADGER,2023-10-31,48919506.16233789,24645281.0,35054473.5,12.0,-0.5,2.0,True,1.1819390756118662,0.39458172268355984,8020241.909672909,6.0995050664666275,1.9849441425454994,token,Yield Aggregator;Yield
7859,BADGER,2023-11-30,65659581.80034589,26205513.0,33811354.666666664,12.0,-0.5,2.0,True,1.2030648387881588,0.4009194516364476,7791843.663786053,8.426706776152377,2.5055636880814314,token,Yield Aggregator;Yield
7859,BADGER,2023-12-31,73267748.15092073,25467451.0,33378581.0,12.0,-0.5,2.0,True,1.2027573288711506,0.40082719866134514,7691309.41083145,9.526043517081744,2.8769172129130918,token,Yield Aggregator;Yield
7859,BADGER,2024-01-31,59865470.5616638,24586427.0,31656700.416666668,12.0,-0.5,2.0,True,1.2040683605156708,0.4012205081547012,7297781.987250209,8.203241843378361,2.434899164553833,token,Yield Aggregator;Yield
7859,BADGER,2024-02-29,84418526.94348171,24484985.0,29853160.666666668,12.0,-0.5,2.0,True,1.2496492592779211,0.4148947777833763,6987141.220631108,12.08198378676203,3.447767149683029,token,Yield Aggregator;Yield
7859,BADGER,2024-03-31,134854262.54086313,23325753.0,28407713.416666668,12.0,-0.5,2.0,True,1.388474378675075,0.4565423136025225,6941345.631870999,19.427683001647903,5.781346588933833,token,Yield Aggregator;Yield
7859,BADGER,2024-04-30,77830987.58621405,33494012.0,27739980.75,12.0,-0.5,2.0,True,1.4165944289079486,0.46497832867238453,6833909.089210189,11.388941024851878,2.3237284200595036,token,Yield Aggregator;Yield
7859,BADGER,2024-05-31,91915887.23539934,36409693.0,27405212.916666668,12.0,-0.5,3.0,True,1.3770976039427498,0.4531292811828249,6673916.266475855,13.772406420066652,2.5244894878789377,token,Yield Aggregator;Yield
7859,BADGER,2024-06-30,65577512.5212421,31220336.0,27126179.833333332,12.0,-0.5,3.0,True,1.3831320839548271,0.4549396251864481,6617776.125928178,9.909297515265296,2.100474271681192,token,Yield Aggregator;Yield
7859,BADGER,2024-07-31,66163729.28132565,32288755.0,27394796.166666668,12.0,-0.5,3.0,True,1.3800410517503299,0.4540123155250989,6677202.177270613,9.908900093896944,2.0491260589429867,token,Yield Aggregator;Yield
7859,BADGER,2024-08-31,54869513.98104594,26905522.0,27630094.833333332,12.0,-0.5,3.0,True,1.2879780674715298,0.4263934202414589,6547150.021077143,8.380671560053662,2.039340250713067,token,Yield Aggregator;Yield
7859,BADGER,2024-09-30,59477708.12056623,29568536.0,28216855.333333332,12.0,-0.5,3.0,True,1.270428158819567,0.42112844764587004,6648803.108872815,8.945626325013796,2.0115202227315625,token,Yield Aggregator;Yield
7859,BADGER,2024-10-31,58768751.97708475,30417675.0,28697888.166666668,12.0,-0.5,3.0,True,1.2045511265634872,0.4013653379690461,6616771.441925946,8.88178660739397,1.9320593035820373,token,Yield Aggregator;Yield
7859,BADGER,2024-11-30,80799230.32175474,39497153.0,29805524.833333332,12.0,-0.5,3.0,True,1.2126917602157934,0.40380752806473796,6891051.068285486,11.725240390920195,2.045697580323188,token,Yield Aggregator;Yield
7859,BADGER,2024-12-31,84063130.1694358,34506992.0,30558819.916666668,12.0,-0.5,3.0,True,1.1656088530758368,0.38968265592275103,6952207.574175874,12.091573686851659,2.436118748612913,token,Yield Aggregator;Yield
7859,BADGER,2025-01-31,79247433.75627548,33693009.0,31317701.75,12.0,-0.5,3.0,True,1.1618882138759408,0.3885664641627822,7115601.930593098,11.137137030608184,2.3520438247671938,token,Yield Aggregator;Yield
7859,BADGER,2025-02-28,66978506.54662144,26213039.0,31461706.25,12.0,-0.5,3.0,True,1.173396402439348,0.39201892073180433,7177024.613651674,9.332350124481842,2.555159916659089,token,Yield Aggregator;Yield
7859,BADGER,2025-03-31,28786499.31563376,21997960.0,31351056.833333332,12.0,-0.5,3.0,True,1.1957605956177797,0.3987281786853339,7206961.448327624,3.9942629805954724,1.3085985843975423,token,Yield Aggregator;Yield
7859,BADGER,2025-04-30,22752872.6816885,23589634.0,30525692.0,12.0,-0.5,3.0,True,1.1551282150518154,0.3865384645155446,6919227.808735873,3.28835432372408,0.9645284315003997,token,Yield Aggregator;Yield
7859,BADGER,2025-05-31,21691566.16383775,28447390.0,29862166.75,12.0,-0.5,3.0,True,1.1590454108418866,0.387713623252566,6778143.182108854,3.200222477018986,0.7625151609282169,token,Yield Aggregator;Yield
7859,BADGER,2025-06-30,20183433.67662851,28802441.0,29660675.5,12.0,-0.5,3.0,True,1.1523399236878125,0.3857019771063437,6716559.420287265,3.0050257004597856,0.7007542755361781,token,Yield Aggregator;Yield
7859,BADGER,2025-07-31,20447220.07232902,35504817.0,29928680.666666668,12.0,-0.5,3.0,True,1.0960356394154507,0.36881069182463516,6641135.478888626,3.0788741077980233,0.5758998862697706,token,Yield Aggregator;Yield
7859,BADGER,2025-08-31,17830674.29821514,35938827.0,30681456.083333332,12.0,-0.5,3.0,True,1.109282196403279,0.37278465892098367,6841305.854835946,2.6063261424879998,0.4961395734539455,token,Yield Aggregator;Yield
7859,BADGER,2025-09-30,18492908.53055389,35727137.0,31194672.833333332,12.0,-0.5,3.0,True,1.1176517513588116,0.37529552540764344,6976927.543707527,2.650580562103242,0.5176151822787785,token,Yield Aggregator;Yield
7859,BADGER,2025-10-31,15397448.54503109,33314422.0,31436068.416666668,12.0,-0.5,3.0,True,1.1244064271744407,0.3773219281523322,7048092.081347895,2.1846264729967095,0.4621856727705223,token,Yield Aggregator;Yield
8000,LDO,2022-03-31,373549671.6535298,18882952743.0,7436586280.083333,12.0,,,False,,,,,0.019782376026546297,token,Liquid Staking
8000,LDO,2022-04-30,909635020.626902,18112355454.0,8819974854.083334,12.0,,,False,,,,,0.0502217959965011,token,Liquid Staking
8000,LDO,2022-05-31,330131058.19151205,8503163677.0,9397841665.166666,12.0,2.0,1.0,True,,,,,0.03882449764956018,token,Liquid Staking
8000,LDO,2022-06-30,141273192.69700766,4712977381.0,9643818763.333334,12.0,2.0,1.0,True,,,,,0.029975359794116453,token,Liquid Staking
8000,LDO,2022-07-31,674586219.5230448,7421914302.0,10043433400.25,12.0,2.0,1.0,True,,,,,0.09089113563885567,token,Liquid Staking
8000,LDO,2022-08-31,618702937.7044302,6826349841.0,10131409045.583334,12.0,2.0,1.0,True,,,,,0.090634519489232,token,Liquid Staking
8000,LDO,2022-09-30,493921940.3915962,6054258476.0,10088287601.5,12.0,2.0,1.0,True,,,,,0.08158256578399779,token,Liquid Staking
8000,LDO,2022-10-31,478797947.91803217,7501819224.0,9924340487.25,12.0,2.0,1.0,True,,,,,0.063824244975972,token,Liquid Staking
8000,LDO,2022-11-30,355852807.0332316,6189278062.0,9572333774.25,12.0,1.8125143771405923,1.0,False,,,,,0.05749504279312368,token,Liquid Staking
8000,LDO,2022-12-31,298105800.8641076,5877772406.0,9083572534.083334,12.0,1.0733987185886509,1.0,False,,,,,0.05071747939062811,token,Liquid Staking
8000,LDO,2023-01-31,1844718563.906593,8022423607.0,9106980916.333334,12.0,0.8162063275238567,1.0,False,,,,,0.22994529512215933,token,Liquid Staking
8000,LDO,2023-02-28,2541738004.7982893,9369689599.0,8956246231.0,12.0,0.5116060071357933,1.0,False,,,,,0.2712723807915218,token,Liquid Staking
8000,LDO,2023-03-31,2155328344.8000154,10815594771.0,8283966400.0,12.0,0.1139474602999122,1.0,False,3.292265973846674,1.0276797921540022,10383531129.509972,0.2075718094275826,0.1992796873805892,token,Liquid Staking
8000,LDO,2023-04-30,1782791799.4551213,11969869690.0,7772092586.333333,12.0,-0.11880785207282862,1.0,False,3.2225560378192846,1.0067668113457853,6132160965.71556,0.290728147780623,0.14893995052799286,token,Liquid Staking
8000,LDO,2023-05-31,1838689794.086906,13320264442.0,8173517650.083333,12.0,2.0,2.0,True,3.2005692590916026,1.0001707777274806,1890620875530.9343,0.0009725322606366309,0.13803703388120062,token,Liquid Staking
8000,LDO,2023-06-30,1805739083.101764,13951078500.0,8943359410.0,12.0,2.0,2.0,True,3.025909061684197,0.947772718505259,2509457053175.1777,0.0007195736148650122,0.12943365511861782,token,Liquid Staking
8000,LDO,2023-07-31,1622764425.597433,15009087732.0,9575623862.5,12.0,1.9816339725110619,2.0,False,3.022195120182754,0.9466585360548262,2556781420381.1978,0.0006346903230216255,0.10811879139980185,token,Liquid Staking
8000,LDO,2023-08-31,1388183036.003651,14687616085.0,10230729382.833334,12.0,1.529775843899416,2.0,False,3.009538432371268,0.9428615297113805,694256516079.3446,0.0019995246769063087,0.09451384268011734,token,Liquid Staking
8000,LDO,2023-09-30,1517752534.9099844,14758254437.0,10956062379.583334,12.0,1.2863348739826455,2.0,False,2.978980158858966,0.9336940476576898,350564269899.0098,0.004329455866529743,0.10284092481187139,token,Liquid Staking
8000,LDO,2023-10-31,1628663851.5206225,16306961418.0,11689824229.083334,12.0,1.055705253883902,2.0,False,2.53664795633945,0.8009943869018351,255784618058.8001,0.006367325228080068,0.09987537284063638,token,Liquid Staking
8000,LDO,2023-11-30,2096603643.42108,18989258739.0,12756489285.5,12.0,0.9359941611131268,2.0,False,2.525479783389536,0.7976439350168608,185658375769.20312,0.011292803972536224,0.1104099782007336,token,Liquid Staking
8000,LDO,2023-12-31,2352988838.087625,21439380980.0,14053290000.0,12.0,0.7910267520732481,2.0,False,2.469609354152686,0.7808828062458059,129573836358.83464,0.018159444099280872,0.1097507824634788,token,Liquid Staking
8000,LDO,2024-01-31,2518269584.1527247,21691562309.0,15192384891.833334,12.0,0.7406375823285911,2.0,False,2.4642700021261175,0.7792810006378352,118570969750.21808,0.021238500363602645,0.11609443101790205,token,Liquid Staking
8000,LDO,2024-02-29,3000457505.7181573,34471170343.0,17284174953.833332,12.0,0.7079714974113203,2.0,False,1.966218103298837,0.6298654309896511,173271014660.78098,0.01731655759962082,0.08704251917943526,token,Liquid Staking
8000,LDO,2024-03-31,2644163117.8136635,34146351588.0,19228404688.583332,12.0,0.6079954533117464,2.0,False,1.8807144652324566,0.604214339569737,140276693752.10657,0.018849625316136705,0.07743618263284378,token,Liquid Staking
8000,LDO,2024-04-30,1669525781.4549456,30141577695.0,20742713689.0,12.0,0.5335541406701347,2.0,False,1.9090421271031428,0.6127126381309429,111892671130.84161,0.014920778676403988,0.055389462301832094,token,Liquid Staking
8000,LDO,2024-05-31,2262543693.786451,35709394441.0,22608474522.25,12.0,2.0,3.0,True,1.9166877012935128,0.6150063103880539,26901473585626.375,8.410482372219722e-05,0.06335990092256213,token,Liquid Staking
8000,LDO,2024-06-30,1762111317.364987,32933751631.0,24190363949.833332,12.0,2.0,3.0,True,1.9296568618443133,0.618897058553294,28230824715627.254,6.241798938270355e-05,0.05350472479140034,token,Liquid Staking
8000,LDO,2024-07-31,1441892099.131585,32360387368.0,25636305586.166668,12.0,1.876508571840152,3.0,False,1.9259468536193773,0.6177840560858132,20325384212129.227,7.094045967756576e-05,0.044557318882944494,token,Liquid Staking
8000,LDO,2024-08-31,948152859.9307384,24809519821.0,26479797564.166668,12.0,1.549122553163372,3.0,False,1.9508138187364932,0.625244145620948,6703552776423.159,0.0001414403513410762,0.03821729992243442,token,Liquid Staking
8000,LDO,2024-09-30,1147036953.4176404,26122497002.0,27426817777.916668,12.0,1.3564968784045521,3.0,False,1.9513276810905507,0.6253983043271653,3457236687979.9185,0.0003317785436576112,0.043909927650860506,token,Liquid Staking
8000,LDO,2024-10-31,931547514.7295096,26066656377.0,28240125691.166668,12.0,1.1693357764562498,3.0,False,1.910394083111601,0.6131182249334803,1846106368240.795,0.0005046012140769584,0.03573713104038397,token,Liquid Staking
8000,LDO,2024-11-30,1639931871.2555938,35345326398.0,29603131329.416668,12.0,1.0565448718954062,3.0,False,1.9289332097495633,0.618679962924869,1217724610107.2605,0.0013467181804851132,0.046397417661091074,token,Liquid Staking
8000,LDO,2024-12-31,1564972495.923351,32519760519.0,30526496291.0,12.0,0.910004392319059,3.0,False,1.9269327885284984,0.6180798365585495,704222398661.8192,0.002222270264190901,0.04812373987222323,token,Liquid Staking
8000,LDO,2025-01-31,2062312942.955452,30867377610.0,31291147566.083332,12.0,0.8410719001492821,3.0,False,1.9325931613040506,0.6197779483912151,545575624955.3102,0.0037800679660576525,0.06681205540075848,token,Liquid Staking
8000,LDO,2025-02-28,1140602798.540759,21637428528.0,30221669081.5,12.0,0.7213810195933092,3.0,False,1.9576155717349055,0.6272846715204716,321463699875.4346,0.003548154267442129,0.052714341589378676,token,Liquid Staking
8000,LDO,2025-03-31,784912484.2746536,16901782336.0,28784621643.833332,12.0,0.5701059814663836,3.0,False,1.9702771674460071,0.6310831502338021,170742354290.84683,0.004597057874331602,0.046439628003185615,token,Liquid Staking
8000,LDO,2025-04-30,745452692.3469807,16630227105.0,27658675761.333332,12.0,0.46370878270404914,3.0,False,1.9660706951210971,0.6298212085363292,112165255859.65927,0.006646021413972328,0.04482516610508914,token,Liquid Staking
8000,LDO,2025-05-31,746661701.0952107,22691942168.0,26573888071.916668,12.0,0.41408546803028545,3.0,False,1.884379039379244,0.6053137118137731,94420788843.62889,0.007907810454027914,0.03290426599747584,token,Liquid Staking
8000,LDO,2025-06-30,665245801.0827996,22776902359.0,25727483965.916668,12.0,0.3869136591849123,3.0,False,1.9590884709440457,0.6277265412832137,80481619422.66925,0.008265810328555837,0.029207035732843462,token,Liquid Staking
8000,LDO,2025-07-31,853583159.0781423,34143656347.0,25876089714.166668,12.0,0.37089906867293965,3.0,False,1.5359902860112435,0.500797085803373,94548608699.02176,0.00902798222864779,0.024999758385663977,token,Liquid Staking
8000,LDO,2025-08-31,1067602505.5056548,38449491207.0,27012753996.333332,12.0,0.3866483456845813,3.0,False,1.5190556590071345,0.4957166977021403,106184064751.18034,0.010054262925490309,0.027766362362456706,token,Liquid Staking
8000,LDO,2025-09-30,974320544.4967682,36006915312.0,27836455522.166668,12.0,0.40259459179990364,3.0,False,1.507741514088175,0.49232245422645243,117563765333.5389,0.008287592199284651,0.02705926170165588,token,Liquid Staking
8000,LDO,2025-10-31,781670120.686484,32634669745.0,28383789969.5,12.0,0.41945918569388563,3.0,False,1.5183890778492255,0.4955167233547676,127481580730.71304,0.006131631849919186,0.023952138225827906,token,Liquid Staking
8000,LDO,2025-11-30,575117617.7218024,25882628596.0,27595231819.333332,12.0,0.4232201081685327,3.0,False,1.513418744147655,0.49402562324429644,126297353369.85411,0.004553679094427303,0.022220216760004168,token,Liquid Staking
8000,LDO,2025-12-31,487785407.0652922,26091672725.0,27059557836.5,12.0,0.4388692644702492,3.0,False,1.5072802637180986,0.49218407911542955,132677762409.44772,0.0036764669391994354,0.01869506076541868,token,Liquid Staking
8000,LDO,2026-01-31,357541968.3789792,25945545528.0,26649405163.0,12.0,0.4303347755448954,3.0,False,1.102093049233758,0.37062791477012735,179220033589.91605,0.0019949888481613173,0.013780476035592541,token,Liquid Staking
8000,LDO,2026-02-28,259925011.5454629,18174505188.0,26360828218.0,12.0,0.4331038916473251,3.0,False,1.1405853769754506,0.38217561309263515,172689611242.86624,0.001505157198946444,0.014301627959427608,token,Liquid Staking
8000,LDO,2026-03-31,279478687.51099163,18609641628.0,26503149825.666668,12.0,0.4735098873037715,3.0,False,1.2457269630452072,0.41371808891356215,189150892196.00662,0.001477543585791725,0.015017951075988965,token,Liquid Staking
8000,LDO,2026-04-30,310048008.26029646,20915932502.0,26860291942.083332,12.0,0.5119041334398349,3.0,False,1.247995206650131,0.41439856199503927,228800156302.74728,0.0013551040054799717,0.014823532645778494,token,Liquid Staking
8000,LDO,2026-05-31,277575668.7674808,17907241355.0,26461566874.333332,12.0,0.47934289626265936,3.0,False,1.2761209290420428,0.4228362787126128,188329876108.9291,0.0014738801644351548,0.0155007498511197,token,Liquid Staking
8083,LON,2021-07-31,94490994.00693902,10656443.0,,1.0,,,False,,,,,8.867029458792116,token,DEX Aggregator;Dexs;DEX
8083,LON,2021-08-31,110601220.61339016,14780680.0,,2.0,,,False,,,,,7.482823565180368,token,DEX Aggregator;Dexs;DEX
8083,LON,2021-09-30,82198748.15293561,6103805.0,,3.0,,,False,,,,,13.466804420019251,token,DEX Aggregator;Dexs;DEX
8083,LON,2021-10-31,83885999.9671401,11175852.0,,4.0,,,False,,,,,7.506004908363147,token,DEX Aggregator;Dexs;DEX
8083,LON,2021-11-30,76480229.99928132,10132366.0,,5.0,,,False,,,,,7.548111665062367,token,DEX Aggregator;Dexs;DEX
8083,LON,2021-12-31,67249623.99226153,5118117.0,9661210.5,6.0,,,False,,,,,13.139524554100957,token,DEX Aggregator;Dexs;DEX
8083,LON,2022-01-31,48722630.98310424,4569766.0,8933861.285714285,7.0,,,False,0.5460447840430876,0.2038134352129263,,,10.66195314663907,token,DEX Aggregator;Dexs;DEX
8083,LON,2022-02-28,48628697.22585611,4711982.0,8406126.375,8.0,,,False,0.5524058844067569,0.20572176532202707,,,10.320221347589213,token,DEX Aggregator;Dexs;DEX
8083,LON,2022-03-31,48190707.10883923,5877326.0,8125148.555555556,9.0,,,False,0.5507630707724362,0.20522892123173087,,,8.199427275063393,token,DEX Aggregator;Dexs;DEX
8083,LON,2022-04-30,41819828.33187715,5152022.0,7827835.9,10.0,,,False,0.5190711888604558,0.19572135665813672,,,8.117168042348645,token,DEX Aggregator;Dexs;DEX
8083,LON,2022-05-31,33015212.16014506,1847790.0,7284195.363636363,11.0,,,False,0.5186659061248255,0.19559977183744767,,,17.867404932457184,token,DEX Aggregator;Dexs;DEX
8083,LON,2022-06-30,28094569.34997346,637388.0,6730294.75,12.0,,,False,0.44136151365202525,0.17240845409560757,,,44.077656545108255,token,DEX Aggregator;Dexs;DEX
8083,LON,2022-07-31,31170603.79314225,397981.0,5875422.916666667,12.0,,,False,0.47161575954101476,0.18148472786230443,,,78.32183896503163,token,DEX Aggregator;Dexs;DEX
8083,LON,2022-08-31,27179460.36279899,424774.0,4679097.416666667,12.0,,,False,0.4629074471943542,0.17887223415830628,,,63.98569677710733,token,DEX Aggregator;Dexs;DEX
8083,LON,2022-09-30,26900575.81406088,482819.0,4210681.916666667,12.0,,,False,0.4580815246010828,0.17742445738032483,,,55.71565289282502,token,DEX Aggregator;Dexs;DEX
8083,LON,2022-10-31,28748925.97923313,670056.0,3335198.9166666665,12.0,,,False,0.46630075750961625,0.17989022725288487,,,42.90525863395467,token,DEX Aggregator;Dexs;DEX
8083,LON,2022-11-30,26560406.72544141,725866.0,2551323.9166666665,12.0,,,False,0.44948664329228,0.174845992987684,,,36.5913360392158,token,DEX Aggregator;Dexs;DEX
8083,LON,2022-12-31,25417048.36697742,776191.0,2189496.75,12.0,-0.5,1.0,True,0.44663489552141833,0.1739904686564255,354336.1289844056,71.7314614228797,32.74586843570387,token,DEX Aggregator;Dexs;DEX
8083,LON,2023-01-31,27024010.57449301,1100848.0,1900420.25,12.0,-0.5,1.0,True,0.43893092470937295,0.1716792774128119,306063.2190598187,88.29551834913977,24.54835778826233,token,DEX Aggregator;Dexs;DEX
8083,LON,2023-02-28,27964299.20819739,1275954.0,1614084.5833333333,12.0,-0.5,1.0,True,0.43731908097710503,0.1711957242931315,259683.71914147693,107.6859931791192,21.916385079867602,token,DEX Aggregator;Dexs;DEX
8083,LON,2023-03-31,28319133.36665432,1079909.0,1214299.8333333333,12.0,-0.5,1.0,True,0.4366675495677657,0.1710002648703297,195283.30314307392,145.01564092198075,26.223629367524783,token,DEX Aggregator;Dexs;DEX
8083,LON,2023-04-30,26806683.56186972,1288125.0,892308.4166666666,12.0,-0.5,1.0,True,0.436216129129089,0.1708648387387267,143459.69771806776,186.85863687341092,20.81062285249469,token,DEX Aggregator;Dexs;DEX
8083,LON,2023-05-31,22337185.13299739,1459446.0,859946.4166666666,12.0,-0.5,1.0,True,0.43966018439780624,0.17189805531934188,138558.49252772,161.21123090689383,15.305249480280455,token,DEX Aggregator;Dexs;DEX
8083,LON,2023-06-30,17949567.02781728,1626149.0,942343.1666666666,12.0,-0.5,1.0,True,0.4243368882238663,0.1673010664671599,150361.90005712464,119.37576620804859,11.03808262823227,token,DEX Aggregator;Dexs;DEX
8083,LON,2023-07-31,19707720.11898192,1361019.0,1022596.3333333334,12.0,-0.5,1.0,True,0.41359850307555523,0.16407955092266657,162044.79301764743,121.61896566979266,14.480121231946006,token,DEX Aggregator;Dexs;DEX
8083,LON,2023-08-31,19992359.76603613,1544070.0,1115871.0,12.0,-0.5,1.0,True,0.3976043235123172,0.15928129705369518,174997.36318336806,114.24377717673077,12.947832524455581,token,DEX Aggregator;Dexs;DEX
8083,LON,2023-09-30,22614759.09424053,105285.0,1084409.8333333333,12.0,-0.5,1.0,True,0.4019497612231474,0.1605849283669442,170546.53434657087,132.60169244063704,214.79564129971536,token,DEX Aggregator;Dexs;DEX
8083,LON,2023-10-31,25444943.50985915,225853.0,1047392.9166666666,12.0,-0.5,1.0,True,0.4205088921761831,0.16615266765285494,166714.2230331243,152.6261109995607,112.6615254606277,token,DEX Aggregator;Dexs;DEX
8083,LON,2023-11-30,64185238.29630757,416604.0,1021621.0833333334,12.0,-0.5,1.0,True,0.42705494646642006,0.168116483939926,163295.14211164785,393.06275414135075,154.0677436997906,token,DEX Aggregator;Dexs;DEX
8083,LON,2023-12-31,64257448.75433298,302875.0,982178.0833333334,12.0,-0.5,2.0,True,0.4279921065677642,0.16839763197032925,157084.55476639132,409.06280601484724,212.15831202421126,token,DEX Aggregator;Dexs;DEX
8083,LON,2024-01-31,68714004.41008566,73670.0,896579.9166666666,12.0,-0.5,2.0,True,0.42585770375977156,0.16775731112793146,143199.07128007553,479.8495115634623,932.7270857891361,token,DEX Aggregator;Dexs;DEX
8083,LON,2024-02-29,73881832.56279437,448608.0,827634.4166666666,12.0,-0.5,2.0,True,0.5087598561887086,0.19262795685661258,139137.24909329184,530.9996643189088,164.69129521273445,token,DEX Aggregator;Dexs;DEX
8083,LON,2024-03-31,97936231.43356808,283260.0,761247.0,12.0,-0.5,2.0,True,0.46203983728306824,0.1786119511849205,124387.17580915638,787.3499080309434,345.7467748131331,token,DEX Aggregator;Dexs;DEX
8083,LON,2024-04-30,99776471.3300018,416398.0,688603.0833333334,12.0,-0.5,2.0,True,0.4350557012719365,0.17051671038158095,110627.79696648878,901.9114008048624,239.61803690219887,token,DEX Aggregator;Dexs;DEX
8083,LON,2024-05-31,113649169.27026616,738482.0,628522.75,12.0,-0.5,2.0,True,0.36571594913049355,0.14971478473914807,96508.8990826233,1177.6030019052307,153.8956525281133,token,DEX Aggregator;Dexs;DEX
8083,LON,2024-06-30,109410464.7968736,854643.0,564230.5833333334,12.0,-0.5,2.0,True,0.3695311901111292,0.15085935703333878,86858.51091768549,1259.6401163331047,128.01890941232023,token,DEX Aggregator;Dexs;DEX
8083,LON,2024-07-31,101782328.31730026,953095.0,530236.9166666666,12.0,-0.5,2.0,True,0.41244502256694315,0.16373350677008294,83960.93102013196,1212.2582143937295,106.79137789758656,token,DEX Aggregator;Dexs;DEX
8083,LON,2024-08-31,104161760.58142485,438028.0,438066.75,12.0,-0.5,2.0,True,0.3913803664626427,0.1574141099387928,68420.44050614953,1522.3778129879613,237.79703713329934,token,DEX Aggregator;Dexs;DEX
8083,LON,2024-09-30,100931711.03129268,693595.0,487092.5833333333,12.0,-0.5,2.0,True,0.3726085933729371,0.15178257801188114,75138.01558786057,1343.2842249243454,145.51966353750052,token,DEX Aggregator;Dexs;DEX
8083,LON,2024-10-31,104840611.14350954,840946.0,538350.3333333334,12.0,-0.5,2.0,True,0.41417529258727603,0.16425258777618282,85340.95909977786,1228.4911284033417,124.6698493642987,token,DEX Aggregator;Dexs;DEX
8083,LON,2024-11-30,101694910.83423908,1548571.0,632680.9166666666,12.0,-0.5,2.0,True,0.3579547112652317,0.1473864133795695,96641.60032721965,1052.2891848842462,65.67016354706311,token,DEX Aggregator;Dexs;DEX
8083,LON,2024-12-31,89609857.60890324,1690508.0,748317.0,12.0,-0.5,3.0,True,0.3452111690258126,0.1435633507077438,113321.73349467994,790.7561492880809,53.00765072327563,token,DEX Aggregator;Dexs;DEX
8083,LON,2025-01-31,95528944.88766208,2086365.0,916041.5833333334,12.0,-0.5,3.0,True,0.30754758454112113,0.13226427536233634,135157.9821064395,706.7946960944653,45.787263919621964,token,DEX Aggregator;Dexs;DEX
8083,LON,2025-02-28,90443443.19373164,893824.0,953142.9166666666,12.0,-0.5,3.0,True,0.3064703062220919,0.13194109186662759,140525.99639149144,643.6064893058307,101.18708290863933,token,DEX Aggregator;Dexs;DEX
8083,LON,2025-03-31,82158284.85976948,242219.0,949722.8333333334,12.0,-0.5,3.0,True,0.310317914202132,0.1330953742606396,140399.43249360818,585.1753344053567,339.19009185806846,token,DEX Aggregator;Dexs;DEX
8083,LON,2025-04-30,77862242.5584526,406179.0,948871.25,12.0,-0.5,3.0,True,0.289164387076196,0.1267493161228588,138198.86616382533,563.4072458029593,191.69440704332968,token,DEX Aggregator;Dexs;DEX
8083,LON,2025-05-31,87513765.6914076,920009.0,963998.5,12.0,-0.4903974517643255,3.0,False,0.2620485012743711,0.11861455038231133,142659.17572768664,613.4464554769143,95.12272781180141,token,DEX Aggregator;Dexs;DEX
8083,LON,2025-06-30,84333860.28040045,1288415.0,1000146.1666666666,12.0,-0.4703246078515734,3.0,False,0.23880415288170662,0.11164124586451199,156839.7932873736,537.7070353942487,65.45550950617654,token,DEX Aggregator;Dexs;DEX
8083,LON,2025-07-31,90458253.32184806,2075177.0,1093653.0,12.0,-0.42902976093093037,3.0,False,0.22769019165248072,0.10830705749574421,198864.63982769503,454.8734928453094,43.5906206178307,token,DEX Aggregator;Dexs;DEX
8083,LON,2025-08-31,83820972.03489032,2797577.0,1290282.0833333333,12.0,-0.3491101089869446,3.0,False,0.21206340086670233,0.10361902026001069,320240.8247942667,261.74355530323055,29.961989262454733,token,DEX Aggregator;Dexs;DEX
8083,LON,2025-09-30,68133325.79710291,2617243.0,1450586.0833333333,12.0,-0.298980082909845,3.0,False,0.21381084568412898,0.10414325370523869,448944.71179384104,151.76328845675383,26.03247990236402,token,DEX Aggregator;Dexs;DEX
8083,LON,2025-10-31,62485817.74607303,604984.0,1430922.5833333333,12.0,-0.2457798477277412,3.0,False,0.22183979815958105,0.1065519394478743,571256.3170853829,109.38315407150864,103.28507488805164,token,DEX Aggregator;Dexs;DEX
8083,LON,2025-11-30,59176150.33474505,809017.0,1369293.0833333333,12.0,-0.18733740356965256,3.0,False,0.2172833994889548,0.10518501984668643,747937.0994916288,79.11915370285409,73.1457439519133,token,DEX Aggregator;Dexs;DEX
8083,LON,2025-12-31,58697898.85441841,1049477.0,1315873.8333333333,12.0,-0.15610195263226323,3.0,False,0.21276441990674247,0.10382932597202274,865706.8350905149,67.80343700102725,55.93061958901282,token,DEX Aggregator;Dexs;DEX
8083,LON,2026-01-31,43782156.38483137,1172247.0,1239697.3333333333,12.0,-0.13272797235855194,3.0,False,0.2634783624456686,0.11904350873370056,891610.8653169494,49.104556806031866,37.34891740804743,token,DEX Aggregator;Dexs;DEX
8083,LON,2026-02-28,35200714.4567252,1018670.0,1250101.1666666667,12.0,-0.08165410223266933,3.0,False,0.3034712934960472,0.13104138804881416,1168134.9601162584,30.134116055581334,34.55556211209244,token,DEX Aggregator;Dexs;DEX
8083,LON,2026-03-31,33969817.35696022,1283980.0,1336914.5833333333,12.0,0.03258522946932296,3.0,False,0.312017850785085,0.1336053552355255,2527259.6289766924,13.441364301266852,26.456656144924548,token,DEX Aggregator;Dexs;DEX
8083,LON,2026-04-30,89936540.97437239,427137.0,1338661.0833333333,12.0,0.14477081662800795,3.0,False,0.5147808860582749,0.19443426581748247,3782144.865307406,23.779242778174893,210.55666208821148,token,DEX Aggregator;Dexs;DEX
8083,LON,2026-05-31,26006372.31709429,751475.0,1324616.5833333333,12.0,0.15488728229338,3.0,False,0.5688174278564928,0.21064522835694785,3714738.395069528,7.000862389559342,34.60710245463161,token,DEX Aggregator;Dexs;DEX
8104,1INCH,2021-02-28,550914247.7809104,1501366120.0,,1.0,,,False,,,,,0.3669419740075861,token,DEX Aggregator;DEX
8104,1INCH,2021-03-31,653468987.5390065,223902034.0,,2.0,,,False,,,,,2.918548687856076,token,DEX Aggregator;DEX
8104,1INCH,2021-04-30,886776499.1392323,326237721.0,,3.0,,,False,,,,,2.7181911902187186,token,DEX Aggregator;DEX
8104,1INCH,2021-05-31,539400360.7623639,68677040.0,,4.0,,,False,,,,,7.8541585479275735,token,DEX Aggregator;DEX
8104,1INCH,2021-06-30,438196423.83433664,40091329.0,,5.0,,,False,,,,,10.929955049241112,token,DEX Aggregator;DEX
8104,1INCH,2021-07-31,429891026.4303461,37247709.0,366253658.8333333,6.0,,,False,,,,,11.541408531470918,token,DEX Aggregator;DEX
8104,1INCH,2021-08-31,549795347.6924434,45729598.0,320464507.28571427,7.0,,,False,,,,,12.022746136811511,token,DEX Aggregator;DEX
8104,1INCH,2021-09-30,459458391.3672485,74939879.0,289773928.75,8.0,,,False,,,,,6.131026597564275,token,DEX Aggregator;DEX
8104,1INCH,2021-10-31,827016299.9876643,73615564.0,265756332.66666666,9.0,,,False,,,,,11.234258831293669,token,DEX Aggregator;DEX
8104,1INCH,2021-11-30,639515838.9998585,45359681.0,243716667.5,10.0,,,False,,,,,14.098772850714239,token,DEX Aggregator;DEX
8104,1INCH,2021-12-31,1012018404.2674768,36221403.0,224853461.63636363,11.0,,,False,1.4283220015073892,0.46849660045221675,,,27.939790302089534,token,DEX Aggregator;DEX
8104,1INCH,2022-01-31,789147055.5549755,24027303.0,208117948.41666666,12.0,,,False,1.4913394556268,0.48740183668804,,,32.84376342842039,token,DEX Aggregator;DEX
8104,1INCH,2022-02-28,624181246.1560075,18407442.0,84538058.58333333,12.0,,,False,1.4367266945702268,0.471018008371068,,,33.90917902422333,token,DEX Aggregator;DEX
8104,1INCH,2022-03-31,733790471.5706385,20360388.0,67576254.75,12.0,,,False,1.4295232158115814,0.4688569647434744,,,36.040102554560285,token,DEX Aggregator;DEX
8104,1INCH,2022-04-30,467925865.3199073,14644535.0,41610155.916666664,12.0,,,False,1.493853547337037,0.488156064201111,,,31.952251493127456,token,DEX Aggregator;DEX
8104,1INCH,2022-05-31,402717191.8074189,9650855.0,36691307.166666664,12.0,,,False,1.4841408851152176,0.48524226553456523,,,41.72865428062269,token,DEX Aggregator;DEX
8104,1INCH,2022-06-30,387765173.567293,6866197.0,33922546.166666664,12.0,,,False,1.3972419082857925,0.45917257248573773,,,56.47451909219805,token,DEX Aggregator;DEX
8104,1INCH,2022-07-31,435183728.2167256,11044920.0,31738980.416666668,12.0,-0.5,1.0,True,1.350736817744118,0.44522104532323536,7668491.158732617,56.74958987481561,39.40125670595401,token,DEX Aggregator;DEX
8104,1INCH,2022-08-31,386520683.75070745,8363769.0,28625161.333333332,12.0,-0.5,1.0,True,1.3492333444424223,0.44477000333272665,6913009.867909284,55.91206885801881,46.21369668993817,token,DEX Aggregator;DEX
8104,1INCH,2022-09-30,336146984.764908,6864405.0,22952205.166666668,12.0,-0.5,1.0,True,1.3520706383352146,0.44562119150056434,5547746.217541622,60.59162975084054,48.96957343934515,token,DEX Aggregator;DEX
8104,1INCH,2022-10-31,380698114.42076457,7332395.0,17428607.75,12.0,-0.5,1.0,True,1.345410409160041,0.44362312274801224,4204149.797175496,90.55293764188224,51.92002264209233,token,DEX Aggregator;DEX
8104,1INCH,2022-11-30,330785120.3811689,6174601.0,14163184.416666666,12.0,-0.5,1.0,True,1.3402927454554439,0.4420878236366331,3411141.7758482294,96.97196484860686,53.57190211661756,token,DEX Aggregator;DEX
8104,1INCH,2022-12-31,299885627.74234295,5099227.0,11569669.75,12.0,-0.5,1.0,True,1.3479147375009286,0.44437442125027854,2792972.1625608667,107.37150615471184,58.81001723248307,token,DEX Aggregator;DEX
8104,1INCH,2023-01-31,409679637.6802069,6455417.0,10105345.916666666,12.0,-0.5,1.0,True,1.2661976318027626,0.41985928954082874,2377903.130399939,172.2860920794965,63.462923879310495,token,DEX Aggregator;DEX
8104,1INCH,2023-02-28,474241886.6389561,7015770.0,9156039.916666666,12.0,-0.5,1.0,True,1.2633002896433716,0.4189900868930114,2152505.0635437537,220.32091569540518,67.59655556538429,token,DEX Aggregator;DEX
8104,1INCH,2023-03-31,457140318.1463382,6917363.0,8035787.833333333,12.0,-0.5,1.0,True,1.19781710897592,0.39934513269277594,1848555.5460960856,247.2959598708086,66.08592293715658,token,DEX Aggregator;DEX
8104,1INCH,2023-04-30,385395347.9486258,6758435.0,7378612.833333333,12.0,-0.5,1.0,True,1.1948830279217957,0.3984649083765387,1695683.722508933,227.28020728912523,57.02434778889281,token,DEX Aggregator;DEX
8104,1INCH,2023-05-31,311021241.1516659,5857939.0,7062536.5,12.0,-0.5,1.0,True,1.2038016431396252,0.4011404929418875,1627971.2516010532,191.0483620922589,53.09397061861961,token,DEX Aggregator;DEX
8104,1INCH,2023-06-30,299461321.10608214,5468670.0,6946075.916666667,12.0,-0.5,1.0,True,1.1747122058420956,0.39241366175262865,1585257.0252654117,188.90395458486918,54.75944262610144,token,DEX Aggregator;DEX
8104,1INCH,2023-07-31,322943872.2364832,5191320.0,6458275.916666667,12.0,-0.5,2.0,True,1.1717280737972333,0.39151842213917,1472405.473120537,219.33080128536426,62.20843104190904,token,DEX Aggregator;DEX
8104,1INCH,2023-08-31,251912541.08437595,4576359.0,6142658.416666667,12.0,-0.5,2.0,True,1.181495749652494,0.39444872489574817,1405186.8341207304,179.2733428519529,55.04649899284037,token,DEX Aggregator;DEX
8104,1INCH,2023-09-30,278465843.33330345,4572679.0,5951681.25,12.0,-0.5,2.0,True,1.1814619301658151,0.3944385790497445,1361483.2752409107,204.53122590435765,60.89774579263129,token,DEX Aggregator;DEX
8104,1INCH,2023-10-31,305783536.8513308,5134498.0,5768523.166666667,12.0,-0.5,2.0,True,1.1280624723828614,0.3784187417148584,1295027.946034283,236.1211877996306,59.55470950642708,token,DEX Aggregator;DEX
8104,1INCH,2023-11-30,355410079.7668835,5398374.0,5703837.583333333,12.0,-0.5,2.0,True,1.1306171425321527,0.37918514275964577,1281680.48404849,277.3000636197853,65.83650554164707,token,DEX Aggregator;DEX
8104,1INCH,2023-12-31,480390423.15746826,4832083.0,5681575.583333333,12.0,-0.5,2.0,True,1.1383536950991402,0.38150610852974204,1280212.9398844244,375.24259300240874,99.41684014067395,token,DEX Aggregator;DEX
8104,1INCH,2024-01-31,446269536.8856546,4822071.0,5545463.416666667,12.0,-0.5,2.0,True,0.906271122605408,0.3118813367816224,1141046.358488285,391.1055265772854,92.54727623995056,token,DEX Aggregator;DEX
8104,1INCH,2024-02-29,582551398.443101,6078300.0,5467340.916666667,12.0,-0.5,2.0,True,1.0260416360692068,0.34781249082076204,1181448.8896861423,493.08218368875754,95.84117244017258,token,DEX Aggregator;DEX
8104,1INCH,2024-03-31,708330524.4342744,6618204.0,5442411.0,12.0,-0.5,2.0,True,1.0653709053196778,0.35961127159590334,1193932.6747453848,593.2750978486549,107.02760513793083,token,DEX Aggregator;DEX
8104,1INCH,2024-04-30,456461652.39583,5656655.0,5350596.0,12.0,-0.5,2.0,True,1.0984712316684098,0.3695413695005229,1188355.0803864293,384.1121731455869,80.69462472005628,token,DEX Aggregator;DEX
8104,1INCH,2024-05-31,563656348.9044175,6294370.0,5386965.25,12.0,-0.5,2.0,True,1.1134742843554177,0.3740422853066253,1203011.6334839114,468.53773747147693,89.54928752272546,token,DEX Aggregator;DEX
8104,1INCH,2024-06-30,500542002.6786792,5372459.0,5378947.666666667,12.0,-0.5,2.0,True,1.1096991926682833,0.37290975780048496,1199572.1354946375,417.2671137215798,93.16813821728174,token,DEX Aggregator;DEX
8104,1INCH,2024-07-31,427623860.7008119,5241814.0,5383155.5,12.0,-0.5,3.0,True,1.1392412647252372,0.38177237941757114,1213354.3294726016,352.43114918185813,81.579365597637,token,DEX Aggregator;DEX
8104,1INCH,2024-08-31,300304785.083052,4208053.0,5352463.333333333,12.0,-0.5,3.0,True,1.134778445232857,0.3804335335698571,1204517.4939814378,249.31542014422567,71.36430674305956,token,DEX Aggregator;DEX
8104,1INCH,2024-09-30,354068958.0523282,4633475.0,5357529.666666667,12.0,-0.5,3.0,True,1.139543069371315,0.3818629208113945,1207708.0657089478,293.17429278282,76.41542428788938,token,DEX Aggregator;DEX
8104,1INCH,2024-10-31,313858559.7349745,4556492.0,5309362.5,12.0,-0.5,3.0,True,0.9574289811085618,0.3272286943325685,1116214.0390572238,281.1813404533646,68.88162203181186,token,DEX Aggregator;DEX
8104,1INCH,2024-11-30,585608822.0868998,6354177.0,5389012.75,12.0,-0.5,3.0,True,1.1196721223661028,0.3759016367098308,1206175.503402553,485.50880069685576,92.1612385186783,token,DEX Aggregator;DEX
8104,1INCH,2024-12-31,534451328.24608654,5951983.0,5482337.75,12.0,-0.5,3.0,True,1.1097199580291797,0.37291598740875387,1222638.660540744,437.129419749995,89.79382640140044,token,DEX Aggregator;DEX
8104,1INCH,2025-01-31,434256044.3754926,5868046.0,5569502.333333333,12.0,-0.5,3.0,True,1.0856191719173585,0.3656857515752075,1231112.420749032,352.7346788616453,74.00351741882946,token,DEX Aggregator;DEX
8104,1INCH,2025-02-28,337778892.236792,4417878.0,5431133.833333333,12.0,-0.5,3.0,True,1.0954847994704395,0.36864543984113185,1204916.976009217,280.333748268319,76.45727026341426,token,DEX Aggregator;DEX
8104,1INCH,2025-03-31,258291262.04577813,3357689.0,5159424.25,12.0,-0.5,3.0,True,1.098479461862165,0.3695438385586495,1145899.7414767358,225.40476509132887,76.92530846239129,token,DEX Aggregator;DEX
8104,1INCH,2025-04-30,285923817.0803477,3492240.0,4979056.333333333,12.0,-0.5,3.0,True,1.0764906218798933,0.36294718656396796,1096858.0184106813,260.67532194790704,81.87404562124817,token,DEX Aggregator;DEX
8104,1INCH,2025-05-31,289323368.5979771,4184158.0,4803205.333333333,12.0,-0.49224291796674335,3.0,False,1.0923374240351185,0.3677012272105355,1090661.0340356661,265.27340719913883,69.14733348931304,token,DEX Aggregator;DEX
8104,1INCH,2025-06-30,248096634.65478945,4038555.0,4692046.666666667,12.0,-0.4828403570895179,3.0,False,1.19927759337193,0.399783278011579,1138720.909006731,217.87308258982972,61.43203067799979,token,DEX Aggregator;DEX
8104,1INCH,2025-07-31,348167834.8956394,5373742.0,4703040.666666667,12.0,-0.47082995213543555,3.0,False,1.216793506590412,0.4050380519771236,1190833.6948958114,292.37318056078465,64.79057515147534,token,DEX Aggregator;DEX
8104,1INCH,2025-08-31,337930079.08969194,5614322.0,4820229.75,12.0,-0.4477870354062137,3.0,False,1.2266200758377819,0.40798602275133455,1312207.1457458532,257.5279979119561,60.19071921590745,token,DEX Aggregator;DEX
8104,1INCH,2025-09-30,356677586.87708384,5622027.0,4902609.083333333,12.0,-0.40222976985693704,3.0,False,1.2230243318132765,0.4069072995439829,1524731.2806131833,233.92816256359808,63.44288045523151,token,DEX Aggregator;DEX
8104,1INCH,2025-10-31,226870271.5472147,4945409.0,4935018.833333333,12.0,-0.3433377664271171,3.0,False,1.2552009286300287,0.41656027858900857,1834534.016656981,123.66642945146032,45.87492592568475,token,DEX Aggregator;DEX
8104,1INCH,2025-11-30,262463571.832397,4243077.0,4759093.833333333,12.0,-0.30478182192761494,3.0,False,1.1577946900007114,0.3873384070002134,1928084.2055157002,136.12661266637807,61.856895793405826,token,DEX Aggregator;DEX
8104,1INCH,2025-12-31,197629730.89519227,4010359.0,4597291.833333333,12.0,-0.2648199665572336,3.0,False,1.154524414557285,0.3863573243671855,2090540.1275702384,94.53524870861501,49.27981033498305,token,DEX Aggregator;DEX
8104,1INCH,2026-01-31,147277875.87861416,3642473.0,4411827.416666667,12.0,-0.24138322198277762,3.0,False,1.1960922405693617,0.3988276721708085,2166750.0741444593,67.9717876261141,40.43348458001313,token,DEX Aggregator;DEX
8104,1INCH,2026-02-28,131407953.77353407,2770596.0,4274553.916666667,12.0,-0.2242394199319928,3.0,False,1.1701126405946332,0.3910337921783899,2196194.9216660927,59.83437648323331,47.42948945769577,token,DEX Aggregator;DEX
8104,1INCH,2026-03-31,127129631.81552948,2835847.0,4231067.083333333,12.0,-0.19250380765389452,3.0,False,1.2340183035673384,0.4102054910702015,2411873.375700541,52.709911347897375,44.829510130669775,token,DEX Aggregator;DEX
8104,1INCH,2026-04-30,129995575.9391515,3107969.0,4199044.5,12.0,-0.1713103435460578,3.0,False,1.2255286691977898,0.4076586007593369,2544487.9197812127,51.08909141542678,41.82653557328001,token,DEX Aggregator;DEX
8104,1INCH,2026-05-31,121608078.05314197,2883286.0,4090638.5,12.0,-0.16642733338251225,3.0,False,1.2132939164045144,0.4039881749213543,2510971.837709437,48.43068178895845,42.17690442541668,token,DEX Aggregator;DEX
8191,NFTX,2021-06-30,27900732.77412078,35444.0,,1.0,,,False,,,,,787.1778798702398,token,NFT Marketplace;NFT
8191,NFTX,2021-07-31,88892371.1537969,3494623.0,,2.0,,,False,,,,,25.436898673704402,token,NFT Marketplace;NFT
8191,NFTX,2021-08-31,110055290.81471188,16106151.0,,3.0,,,False,,,,,6.833121756694811,token,NFT Marketplace;NFT
8191,NFTX,2021-09-30,62765771.38829533,16055247.0,,4.0,,,False,,,,,3.9093619293614936,token,NFT Marketplace;NFT
8191,NFTX,2021-10-31,63537388.35058598,31813143.0,,5.0,,,False,,,,,1.9972056313513564,token,NFT Marketplace;NFT
8191,NFTX,2021-11-30,50158467.64632396,28364905.0,15978252.166666666,6.0,,,False,,,,,1.7683284201489113,token,NFT Marketplace;NFT
8191,NFTX,2021-12-31,35157255.99168016,23373514.0,17034718.14285714,7.0,,,False,,,,,1.5041493543367146,token,NFT Marketplace;NFT
8191,NFTX,2022-01-31,56788898.66975366,20495492.0,17467314.875,8.0,,,False,,,,,2.77079948457708,token,NFT Marketplace;NFT
8191,NFTX,2022-02-28,40938447.88447221,24194856.0,18214819.444444444,9.0,,,False,1.34643720887889,0.443931162663667,,,1.692031061663364,token,NFT Marketplace;NFT
8191,NFTX,2022-03-31,59355314.60526169,39188436.0,20312181.1,10.0,,,False,1.3586903523170761,0.4476071056951228,,,1.5146129997446618,token,NFT Marketplace;NFT
8191,NFTX,2022-04-30,42870097.15643853,31445492.0,21324300.272727273,11.0,,,False,1.4078691506215406,0.46236074518646214,,,1.3633145621139757,token,NFT Marketplace;NFT
8191,NFTX,2022-05-31,21128866.85087761,27691982.0,21854940.416666668,12.0,,,False,1.5058489879676102,0.491754696390283,,,0.7629958321826733,token,NFT Marketplace;NFT
8191,NFTX,2022-06-30,11648490.77049394,19222847.0,23453890.666666668,12.0,,,False,1.4813574106513345,0.4844072231954003,,,0.6059711535182036,token,NFT Marketplace;NFT
8191,NFTX,2022-07-31,16351680.47504561,28365507.0,25526464.333333332,12.0,,,False,1.50481606061501,0.491444818184503,,,0.5764635363311367,token,NFT Marketplace;NFT
8191,NFTX,2022-08-31,12390673.30060524,23422579.0,26136166.666666668,12.0,,,False,1.51676962015299,0.495030886045897,,,0.5290055079163246,token,NFT Marketplace;NFT
8191,NFTX,2022-09-30,8961870.26057501,19584277.0,26430252.5,12.0,,,False,1.5152891176658834,0.494586735299765,,,0.4576053668243668,token,NFT Marketplace;NFT
8191,NFTX,2022-10-31,13034901.1910073,22699377.0,25670772.0,12.0,,,False,1.4996650990652693,0.4898995297195808,,,0.5742404820628909,token,NFT Marketplace;NFT
8191,NFTX,2022-11-30,9236837.63257656,18463204.0,24845630.25,12.0,0.554965461230621,1.0,False,1.51197360489431,0.493592081468293,198414974.37389717,0.04655312766450015,0.500283571181717,token,NFT Marketplace;NFT
8191,NFTX,2022-12-31,7179423.00677576,16402930.0,24264748.25,12.0,0.4244291009989205,1.0,False,1.5111659404810251,0.4933497821443075,111783117.92700951,0.06422636208325906,0.4376914982125608,token,NFT Marketplace;NFT
8191,NFTX,2023-01-31,12317368.36647659,22913935.0,24466285.166666668,12.0,0.4006895359563196,1.0,False,1.5630587960762117,0.5089176388228634,98927737.903953,0.12450874373004749,0.5375492409521363,token,NFT Marketplace;NFT
8191,NFTX,2023-02-28,12928321.37230719,22643500.0,24337005.5,12.0,0.3361101697564637,1.0,False,1.5603283392680314,0.5080985017804094,76638985.00466281,0.1686911872791715,0.5709506645309775,token,NFT Marketplace;NFT
8191,NFTX,2023-03-31,11598503.77559459,22212446.0,22922339.666666668,12.0,0.12850213149520728,1.0,False,1.4480767952445708,0.4744230385733712,35499624.31940122,0.32672187376517636,0.5221623847997015,token,NFT Marketplace;NFT
8191,NFTX,2023-04-30,10139734.61083706,21250544.0,22072760.666666668,12.0,0.03509894272576153,1.0,False,1.441545865128165,0.47246375953844943,25194957.507300165,0.40245095106427947,0.4771517666012248,token,NFT Marketplace;NFT
8191,NFTX,2023-05-31,9130760.38120862,20488043.0,21472432.416666668,12.0,-0.017502129619548112,1.0,False,1.4394346905044317,0.4718304071513295,20836369.866841696,0.4382126272263484,0.44566288645570584,token,NFT Marketplace;NFT
8191,NFTX,2023-06-30,7789329.98690573,17835035.0,21356781.416666668,12.0,-0.08941413089217098,1.0,False,1.4018387116586761,0.4605516134976028,16728405.469233736,0.46563493461654654,0.43674318479922974,token,NFT Marketplace;NFT
8191,NFTX,2023-07-31,7810071.40351995,16563765.0,20373302.916666668,12.0,-0.2018752518709569,1.0,False,1.3969296305678172,0.4590788891703451,11585703.82108413,0.674112813872116,0.4715154678613196,token,NFT Marketplace;NFT
8191,NFTX,2023-08-31,8025164.76337895,16080301.0,19761446.416666668,12.0,-0.24390417811844378,1.0,False,1.3743038988625988,0.45229116965877963,9963345.494751127,0.8054688826766826,0.49906806864989345,token,NFT Marketplace;NFT
8191,NFTX,2023-09-30,8145609.29743844,13339019.0,19241008.25,12.0,-0.2720081561839033,1.0,False,1.3714769174878905,0.4514430752463671,8969475.7713986,0.9081477563507934,0.6106602964909519,token,NFT Marketplace;NFT
8191,NFTX,2023-10-31,9359548.04349236,13987541.0,18515021.916666668,12.0,-0.27875087213323124,1.0,False,1.3136604668566136,0.43409814005698405,8372378.965523115,1.117907835041192,0.6691346279873182,token,NFT Marketplace;NFT
8191,NFTX,2023-11-30,13836736.5074678,18120907.0,18486497.166666668,12.0,0.07562943625638296,2.0,False,1.338361876519504,0.44150856295585117,24434805.393899307,0.566271606604342,0.7635785839785945,token,NFT Marketplace;NFT
8191,NFTX,2023-12-31,14480797.6999018,19196599.0,18719302.916666668,12.0,0.04828014477637543,2.0,False,1.3267999178874623,0.4380399753662387,22593806.429388553,0.6409189060355107,0.7543418341916608,token,NFT Marketplace;NFT
8191,NFTX,2024-01-31,12571847.18628574,19928048.0,18470479.0,12.0,0.028314606170194212,2.0,False,1.3265626713068175,0.4379688013920452,20862270.690518733,0.6026116415026319,0.6308619482593448,token,NFT Marketplace;NFT
8191,NFTX,2024-02-29,17263958.83858963,26945922.0,18829014.166666668,12.0,0.016719974465110754,2.0,False,1.2673549449098545,0.4202064834729563,20587361.28185526,0.8385707426140756,0.6406891120144128,token,NFT Marketplace;NFT
8191,NFTX,2024-05-31,21734390.4996089,18237752.0,18203474.0,12.0,-0.08735406131732448,2.0,False,1.3813191331588335,0.45439573994765003,14331069.494957784,1.5165923595064477,1.1917253014301818,token,NFT Marketplace;NFT
8191,NFTX,2024-06-30,16440430.31605088,14313245.0,17909991.5,12.0,-0.12614325708699792,2.0,False,1.3829152545664647,0.4548745763699394,12595134.680373028,1.3053000808058026,1.1486165657089555,token,NFT Marketplace;NFT
8191,NFTX,2024-07-31,13684899.82653142,14325517.0,17723470.833333332,12.0,-0.16674283837595139,2.0,False,1.3526711433242178,0.4458013429972653,11060922.069649996,1.237229567332487,0.9552813923945237,token,NFT Marketplace;NFT
8191,NFTX,2024-09-30,13594846.47340479,9043365.0,16840877.583333332,12.0,-0.2017632775222099,2.0,False,1.3498263426461885,0.44494790279385654,9513548.514986107,1.4289984911507694,1.503295120058163,token,NFT Marketplace;NFT
8191,NFTX,2025-01-31,25527957.13289377,13069450.0,15125644.833333334,12.0,-0.04684707905178709,3.0,False,1.2406750709540326,0.41220252128620977,13447679.154518038,1.8983169392703054,1.9532541256819353,token,NFT Marketplace;NFT
8202,ZKB,2021-02-28,197961199.3031912,176190775.0,,1.0,,,False,,,,,1.1235616581128678,token,Dexs;Launchpad;DEX;Layer-2;Zero Knowledge
8202,ZKB,2021-03-31,549340943.636165,378320375.0,,2.0,,,False,,,,,1.452052228580512,token,Dexs;Launchpad;DEX;Layer-2;Zero Knowledge
8202,ZKB,2021-04-30,500327858.1134088,1452455593.0,,3.0,,,False,,,,,0.34447033046979275,token,Dexs;Launchpad;DEX;Layer-2;Zero Knowledge
8202,ZKB,2021-05-31,171138796.93989307,174870962.0,,4.0,,,False,,,,,0.9786576054856556,token,Dexs;Launchpad;DEX;Layer-2;Zero Knowledge
8202,ZKB,2021-06-30,158295425.85041484,92597370.0,,5.0,,,False,,,,,1.7095023956988717,token,Dexs;Launchpad;DEX;Layer-2;Zero Knowledge
8202,ZKB,2021-07-31,144945572.659076,63872500.0,389717929.1666667,6.0,,,False,,,,,2.269295434797072,token,Dexs;Launchpad;DEX;Layer-2;Zero Knowledge
8202,ZKB,2021-08-31,179886997.67190516,90941806.0,347035625.85714287,7.0,,,False,,,,,1.9780451431974548,token,Dexs;Launchpad;DEX;Layer-2;Zero Knowledge
8202,ZKB,2021-09-30,96162630.6939022,73196226.0,312805700.875,8.0,,,False,,,,,1.3137648748980884,token,Dexs;Launchpad;DEX;Layer-2;Zero Knowledge
8202,ZKB,2021-10-31,86122741.81771632,98272796.0,288968711.4444444,9.0,,,False,,,,,0.8763640124548437,token,Dexs;Launchpad;DEX;Layer-2;Zero Knowledge
8202,ZKB,2021-11-30,122378384.7339194,226200290.0,282691869.3,10.0,,,False,,,,,0.5410178065373806,token,Dexs;Launchpad;DEX;Layer-2;Zero Knowledge
8202,ZKB,2021-12-31,71772516.34716308,124632419.0,268322828.36363637,11.0,,,False,,,,,0.5758735722457821,token,Dexs;Launchpad;DEX;Layer-2;Zero Knowledge
8202,ZKB,2022-01-31,34281622.74492693,77882265.0,252452781.41666666,12.0,,,False,1.0198142846095337,0.3459442853828601,,,0.4401723902730221,token,Dexs;Launchpad;DEX;Layer-2;Zero Knowledge
8202,ZKB,2022-02-28,24517385.77254987,5177698.0,238201691.66666666,12.0,,,False,0.9787520911399328,0.3336256273419798,,,4.735190382395781,token,Dexs;Launchpad;DEX;Layer-2;Zero Knowledge
8202,ZKB,2022-03-31,24353456.61533831,4498570.0,207049874.58333334,12.0,,,False,0.9746306552242527,0.3323891965672758,,,5.413599569493931,token,Dexs;Launchpad;DEX;Layer-2;Zero Knowledge
8202,ZKB,2022-04-30,20182809.47965695,3797828.0,86328394.16666667,12.0,,,False,0.9246053586881172,0.31738160760643513,,,5.31430319636828,token,Dexs;Launchpad;DEX;Layer-2;Zero Knowledge
8202,ZKB,2022-05-31,10827425.99331554,2876651.0,71995534.91666667,12.0,,,False,0.9690192719826664,0.33070578159479985,,,3.763899754720173,token,Dexs;Launchpad;DEX;Layer-2;Zero Knowledge
8202,ZKB,2022-06-30,8087216.15060138,1929417.0,64439872.166666664,12.0,,,False,0.8504983232221122,0.2951494969666336,,,4.1915335827358104,token,Dexs;Launchpad;DEX;Layer-2;Zero Knowledge
8202,ZKB,2022-07-31,12406140.92840141,2053659.0,59288302.083333336,12.0,-0.5,1.0,True,0.9581013841229545,0.3274304152368863,12467928.54404243,0.9950442757653961,6.040993625719465,token,Dexs;Launchpad;DEX;Layer-2;Zero Knowledge
8202,ZKB,2022-08-31,11386473.46314284,1884087.0,51866825.5,12.0,-0.5,1.0,True,0.9293510839194545,0.3188053251758363,10777472.393181834,1.05650685501605,6.043496644869817,token,Dexs;Launchpad;DEX;Layer-2;Zero Knowledge
8202,ZKB,2022-09-30,10164335.30432154,1673896.0,45906631.333333336,12.0,-0.5,1.0,True,0.9259541212152512,0.3177862363645753,9525338.924268648,1.0670838471085642,6.072262138341654,token,Dexs;Launchpad;DEX;Layer-2;Zero Knowledge
8202,ZKB,2022-10-31,10131834.21696786,2131561.0,37894861.75,12.0,-0.5,1.0,True,0.9270327757419786,0.3181098327225936,7866528.285483346,1.287967683999159,4.753246197020803,token,Dexs;Launchpad;DEX;Layer-2;Zero Knowledge
8202,ZKB,2022-11-30,9533976.30957085,1852317.0,19199197.333333332,12.0,-0.5,1.0,True,0.8927290867458416,0.30781872602375243,3927446.372366903,2.4275255231111235,5.14705437005159,token,Dexs;Launchpad;DEX;Layer-2;Zero Knowledge
8202,ZKB,2022-12-31,8795154.86892417,1771295.0,8960770.333333334,12.0,-0.5,1.0,True,0.8894585229401816,0.30683755688205444,1830439.1228330678,4.804942573185085,4.965381186603119,token,Dexs;Launchpad;DEX;Layer-2;Zero Knowledge
8202,ZKB,2023-01-31,12586483.37944481,2249065.0,2658003.6666666665,12.0,-0.5,1.0,True,0.9561366015418686,0.32684098046256055,558508.1138356519,22.535900674754643,5.59631819420284,token,Dexs;Launchpad;DEX;Layer-2;Zero Knowledge
8202,ZKB,2023-02-28,15089181.25780561,2363305.0,2423470.9166666665,12.0,-0.5,1.0,True,0.9525332466975813,0.32575997400927437,508470.5970772246,29.675622040961244,6.384779475271118,token,Dexs;Launchpad;DEX;Layer-2;Zero Knowledge
8202,ZKB,2023-03-31,12361693.80324869,2523957.0,2258919.8333333335,12.0,-0.5,1.0,True,0.8891351027443228,0.30674053082329683,461370.29919273383,26.793432140903136,4.8977434256006305,token,Dexs;Launchpad;DEX;Layer-2;Zero Knowledge
8202,ZKB,2023-04-30,10178991.55478645,2529979.0,2153265.75,12.0,-0.5,1.0,True,0.8866469846391704,0.3059940953917511,439314.5985532846,23.170164588900718,4.023350215470741,token,Dexs;Launchpad;DEX;Layer-2;Zero Knowledge
8202,ZKB,2023-05-31,9474903.47463146,2453067.0,2117967.0833333335,12.0,-0.5,1.0,True,0.8794542623140307,0.30383627869420915,430755.4283362673,21.99601641986719,3.862472355884067,token,Dexs;Launchpad;DEX;Layer-2;Zero Knowledge
8202,ZKB,2023-06-30,8772718.7098277,2478108.0,2163691.3333333335,12.0,-0.5,1.0,True,0.8701499355272349,0.3010449806581704,438255.3719575451,20.017367204520053,3.540087320579935,token,Dexs;Launchpad;DEX;Layer-2;Zero Knowledge
8202,ZKB,2023-07-31,8718555.99808515,2464817.0,2197954.5,12.0,-0.5,2.0,True,0.863282353046051,0.29898470591381526,443841.95053602464,19.643379783176904,3.5372021525675743,token,Dexs;Launchpad;DEX;Layer-2;Zero Knowledge
8202,ZKB,2023-08-31,7487635.22258557,2283952.0,2231276.5833333335,12.0,-0.5,2.0,True,0.8582116571551479,0.29746349714654435,449554.07413537934,16.65569428324374,3.2783680316335766,token,Dexs;Launchpad;DEX;Layer-2;Zero Knowledge
8202,ZKB,2023-09-30,7843705.72686424,2261746.0,2280264.0833333335,12.0,-0.5,2.0,True,0.8597137333813596,0.29791412001440787,459732.00358607445,17.0614742190679,3.467987000690723,token,Dexs;Launchpad;DEX;Layer-2;Zero Knowledge
8202,ZKB,2023-10-31,7970237.10366132,2590085.0,2318474.4166666665,12.0,-0.5,2.0,True,0.8281509878777485,0.28844529636332455,460818.1260213116,17.29584114339443,3.077210633497094,token,Dexs;Launchpad;DEX;Layer-2;Zero Knowledge
8202,ZKB,2023-11-30,13447861.34944587,2890892.0,2405022.3333333335,12.0,-0.5,2.0,True,0.8649876767741163,0.29949630303223485,486024.10108803824,27.66912447210088,4.651803439715447,token,Dexs;Launchpad;DEX;Layer-2;Zero Knowledge
8202,ZKB,2023-12-31,16681995.6168859,3314104.0,2533589.75,12.0,-0.5,2.0,True,0.8800382323533382,0.30401146970600146,515417.4142963465,32.36599143562184,5.033636728625867,token,Dexs;Launchpad;DEX;Layer-2;Zero Knowledge
8202,ZKB,2024-01-31,10246052.42827692,2819647.0,2581138.25,12.0,-0.5,2.0,True,0.8839267679399361,0.30517803038198077,525985.0965759284,19.479739055302026,3.6338067950622617,token,Dexs;Launchpad;DEX;Layer-2;Zero Knowledge
8290,SUPER,2021-12-31,455188533.9760472,799898.0,,1.0,,,False,,,,,569.0582223934142,token,Services;NFT;Gaming
8290,SUPER,2022-01-31,258767066.86786377,493136.0,,2.0,,,False,,,,,524.7377333390054,token,Services;NFT;Gaming
8290,SUPER,2022-02-28,303236356.42515033,465521.0,,3.0,,,False,2.935632638924109,0.9206897916772327,,,651.3913581238018,token,Services;NFT;Gaming
8290,SUPER,2022-03-31,329220346.7037282,525891.0,,4.0,,,False,2.9031928212037124,0.9109578463611138,,,626.0239226450504,token,Services;NFT;Gaming
8290,SUPER,2022-04-30,166495334.78905982,321944.0,,5.0,,,False,2.931351586671669,0.9194054760015007,,,517.1561973171105,token,Services;NFT;Gaming
8290,SUPER,2022-05-31,93690067.88887247,142984.0,458229.0,6.0,,,False,2.9451144523883626,0.9235343357165088,,,655.2486144524735,token,Services;NFT;Gaming
8290,SUPER,2022-06-30,49379065.5247737,86959.0,405190.4285714286,7.0,,,False,2.6791338881503477,0.8437401664451043,,,567.8430700074024,token,Services;NFT;Gaming
8290,SUPER,2022-07-31,67417522.40080474,91209.0,365942.75,8.0,,,False,2.6157434219551328,0.8247230265865398,,,739.1542764508408,token,Services;NFT;Gaming
8290,SUPER,2022-08-31,55058908.18436428,82502.0,334449.3333333333,9.0,,,False,2.595453022419382,0.8186359067258145,,,667.3645267310402,token,Services;NFT;Gaming
8290,SUPER,2022-09-30,51918857.22766106,83180.0,309322.4,10.0,,,False,2.588350000994782,0.8165050002984346,,,624.174768305615,token,Services;NFT;Gaming
8290,SUPER,2022-10-31,53312748.13782567,93631.0,289714.0909090909,11.0,,,False,2.5610162234302,0.80830486702906,,,569.3920617939109,token,Services;NFT;Gaming
8290,SUPER,2022-11-30,44699181.25730357,71893.0,271562.3333333333,12.0,,,False,2.527513726002356,0.7982541178007068,,,621.7459454648376,token,Services;NFT;Gaming
8290,SUPER,2022-12-31,32149383.31368291,54858.0,209475.66666666666,12.0,,,False,2.525591704209978,0.7976775112629934,,,586.0473096664645,token,Services;NFT;Gaming
8290,SUPER,2023-01-31,49701642.98315473,89009.0,175798.41666666666,12.0,,,False,2.3041365056271905,0.7312409516881572,,,558.3889604776452,token,Services;NFT;Gaming
8290,SUPER,2023-02-28,58204286.03799245,100396.0,145371.33333333334,12.0,,,False,2.3007306562697143,0.7302191968809143,,,579.7470620143476,token,Services;NFT;Gaming
8290,SUPER,2023-03-31,53549278.9206848,103044.0,110134.08333333333,12.0,,,False,2.1459527836196073,0.6837858350858822,,,519.6739152273282,token,Services;NFT;Gaming
8290,SUPER,2023-04-30,59105783.92877335,141398.0,95088.58333333333,12.0,,,False,2.1428394881214206,0.6828518464364262,,,418.01004207112794,token,Services;NFT;Gaming
8290,SUPER,2023-05-31,59762920.74403857,125755.0,93652.83333333333,12.0,-0.5,1.0,True,2.1310171103739375,0.6793051331121812,27125.51188217307,2203.199740658714,475.2329588806693,token,Services;NFT;Gaming
8290,SUPER,2023-06-30,45729956.56374233,115985.0,96071.66666666667,12.0,-0.5,1.0,True,2.06794021259962,0.660382063779886,27510.769834485447,1662.2565213140156,394.2747472840655,token,Services;NFT;Gaming
8290,SUPER,2023-07-31,38453471.30049654,118283.0,98327.83333333333,12.0,-0.5,1.0,True,2.0695974698646697,0.660879240959401,28165.43489533505,1365.2717042500014,325.097193176505,token,Services;NFT;Gaming
8290,SUPER,2023-08-31,31805828.46417202,100726.0,99846.5,12.0,-0.5,1.0,True,2.0632043256563914,0.6589612976969175,28566.737637985083,1113.3867950633582,315.76582475400613,token,Services;NFT;Gaming
8290,SUPER,2023-09-30,37104179.56145587,91308.0,100523.83333333333,12.0,-0.5,1.0,True,2.0590855175674716,0.6577256552702415,28738.61008467189,1291.091651688676,406.36285496841316,token,Services;NFT;Gaming
8290,SUPER,2023-10-31,37533918.07202066,154606.0,105605.08333333333,12.0,-0.5,1.0,True,1.9127963511801043,0.6138389053540313,29345.153245135512,1279.0499936558547,242.77141942758144,token,Services;NFT;Gaming
8290,SUPER,2023-11-30,161792004.6728635,221140.0,118042.33333333333,12.0,-0.5,1.0,True,2.105722350415035,0.6717167051245104,34035.60258892327,4753.6107007407,731.6270447357489,token,Services;NFT;Gaming
8290,SUPER,2023-12-31,296319471.5582809,260970.0,135218.33333333334,12.0,-0.3544914524678283,1.0,False,2.138344985824831,0.6815034957474494,57743.67203557224,5131.6354002519465,1135.4541577893278,token,Services;NFT;Gaming
8290,SUPER,2024-01-31,278652455.9245326,211539.0,145429.16666666666,12.0,-0.17275041821100967,1.0,False,2.1376136790705003,0.6812841037211501,96556.71646270725,2885.8940748275704,1317.262802247021,token,Services;NFT;Gaming
8290,SUPER,2024-02-29,603591388.7157062,263452.0,159017.16666666666,12.0,0.09386880494549565,1.0,False,2.189791093061558,0.6969373279184674,201667.22695252157,2993.0068352544436,2291.0867585583187,token,Services;NFT;Gaming
8290,SUPER,2024-03-31,655358332.1260755,222462.0,168968.66666666666,12.0,0.5342086804796276,1.0,False,1.8806760377158247,0.6042028113147474,930823.493063964,704.0629474970083,2945.933831962652,token,Services;NFT;Gaming
8290,SUPER,2024-04-30,429913826.3816592,156521.0,170228.91666666666,12.0,0.7902140372617463,1.0,False,1.8868324521083975,0.6060497356325193,2535194.770722919,169.57822386919324,2746.684639004729,token,Services;NFT;Gaming
8290,SUPER,2024-05-31,470043411.5415485,147449.0,172036.75,12.0,-0.38726973918632157,2.0,False,1.851116777083189,0.5953350331249567,64478.88252733931,7289.881479292824,3187.8372287472175,token,Services;NFT;Gaming
8290,SUPER,2024-06-30,328198797.2610445,131397.0,173321.08333333334,12.0,-0.34597235098371226,2.0,False,1.8398398327905119,0.5919519498371536,72249.89341172349,4542.5506082170905,2497.764768305551,token,Services;NFT;Gaming
8290,SUPER,2024-07-31,314681460.50334805,131726.0,174441.33333333334,12.0,-0.3095724302321863,2.0,False,1.792577307359859,0.5777731922079578,79278.85382615775,3969.2988144528413,2388.9092548422336,token,Services;NFT;Gaming
8290,SUPER,2024-08-31,337255300.7083939,100672.0,174436.83333333334,12.0,-0.2778059106344668,2.0,False,1.7907414800880055,0.5772224440264017,85991.16818266868,3921.9760335383708,3350.040733355788,token,Services;NFT;Gaming
8290,SUPER,2024-09-30,506996435.478146,126169.0,177341.91666666666,12.0,-0.24281846697950382,2.0,False,1.7776978925560243,0.5733093677668073,95420.79799415372,5313.269707817879,4018.3914866420914,token,Services;NFT;Gaming
8290,SUPER,2024-10-31,620974891.937093,106086.0,173298.58333333334,12.0,-0.22658481089123306,2.0,False,1.781133150460824,0.5743399451382473,97228.60487240307,6386.7510261205825,5853.504627727439,token,Services;NFT;Gaming
8290,SUPER,2024-11-30,706727281.2857959,158435.0,168073.16666666666,12.0,-0.2132904438839308,2.0,False,1.676158283776577,0.5428474851329731,96291.87968886041,7339.427619124088,4460.676500052362,token,Services;NFT;Gaming
8290,SUPER,2024-12-31,654054566.0103254,109574.0,155456.83333333334,12.0,-0.13853404713674655,2.0,False,1.6545368405714949,0.5363610521714485,108100.62345432234,6050.423624861836,5969.067169313208,token,Services;NFT;Gaming
8290,SUPER,2025-01-31,482221191.1527133,103196.0,146428.25,12.0,-0.08734853265122822,2.0,False,1.584536159983123,0.5153608479949369,116381.04478884955,4143.468483442544,4672.867079661162,token,Services;NFT;Gaming
8290,SUPER,2025-02-28,281930234.3205105,67858.0,130128.75,12.0,-0.053877780054020885,2.0,False,1.6266217147828543,0.5279865144348563,113606.9818626123,2481.627710711087,4154.708867348147,token,Services;NFT;Gaming
8290,SUPER,2025-03-31,278793608.7792984,45186.0,115355.75,12.0,0.0234314362629664,2.0,False,1.6332175913728835,0.529965277411865,125347.02617603641,2224.174097180118,6169.911228683628,token,Services;NFT;Gaming
8290,SUPER,2025-04-30,399343968.9375592,50137.0,106490.41666666667,12.0,0.05825681654809278,2.0,False,1.5934090110825445,0.5180227033247633,128667.86617279335,3103.68066881022,7965.055127701282,token,Services;NFT;Gaming
8290,SUPER,2025-05-31,400701394.0605204,60617.0,99254.41666666667,12.0,-0.399440893433763,3.0,False,1.5281173343517302,0.498435200305519,33688.52092364821,11894.300582939557,6610.379828439553,token,Services;NFT;Gaming
8290,SUPER,2025-06-30,393013300.89097,58135.0,93149.25,12.0,-0.3874050746282708,3.0,False,1.5564831864643893,0.5069449559393168,32898.25065239171,11946.32824230117,6760.3560830991655,token,Services;NFT;Gaming
8290,SUPER,2025-07-31,462994035.2292344,71379.0,88120.33333333333,12.0,-0.3778606640723231,3.0,False,1.547903102206236,0.5043709306618708,31889.006883890826,14518.922991707284,6486.418067348021,token,Services;NFT;Gaming
8290,SUPER,2025-08-31,351947153.26850104,66473.0,85270.41666666667,12.0,-0.3659025351754379,3.0,False,1.5755722932869773,0.5126716879860932,32072.816508298594,10973.378442689542,5294.58807739234,token,Services;NFT;Gaming
8290,SUPER,2025-09-30,387476726.3968616,61471.0,79878.91666666667,12.0,-0.36319431523215806,3.0,False,1.5706250138742226,0.5111875041622668,30235.402575392483,12815.33214021814,6303.406913778231,token,Services;NFT;Gaming
8290,SUPER,2025-10-31,230771623.8133246,39896.0,74363.08333333333,12.0,-0.36447994992440225,3.0,False,1.6198575762003362,0.5259572728601009,28337.057285151044,8143.81047019486,5784.329852950787,token,Services;NFT;Gaming
8290,SUPER,2025-11-30,154459233.0282126,30343.0,63688.75,12.0,-0.3833135616795077,3.0,False,1.6642844377147614,0.5392853313144285,23274.554406073566,6636.399147899733,5090.440399044676,token,Services;NFT;Gaming
8290,SUPER,2025-12-31,129728723.61544472,22963.0,56471.166666666664,12.0,-0.354002169274369,3.0,False,1.6495972696332322,0.5348791808899697,22265.522786745794,5826.439597127697,5649.4675615313645,token,Services;NFT;Gaming
8290,SUPER,2026-01-31,95409084.28707984,20515.0,49581.083333333336,12.0,-0.3442066363284625,3.0,False,1.7365700871632377,0.5609710261489713,20393.90552503178,4678.3135368541025,4650.698722255903,token,Services;NFT;Gaming
8290,SUPER,2026-02-28,74040292.56857298,15533.0,45220.666666666664,12.0,-0.322432246664078,3.0,False,1.7425580941546366,0.562767428246391,19713.349064528986,3755.8454591460886,4766.6447285503755,token,Services;NFT;Gaming
8290,SUPER,2026-03-31,68441229.71673006,14295.0,42646.416666666664,12.0,-0.27112408194481985,3.0,False,1.8892410010713958,0.6067723003214187,21682.339963468025,3156.542597895098,4787.77402705352,token,Services;NFT;Gaming
8290,SUPER,2026-04-30,76907214.51207823,17064.0,39890.333333333336,12.0,-0.2514058491739045,3.0,False,1.8753004950327197,0.602590148509816,21272.09290878793,3615.4042219468824,4506.986316929104,token,Services;NFT;Gaming
8290,SUPER,2026-05-31,71757741.85177654,31823.0,37490.833333333336,12.0,-0.2629990330301142,3.0,False,1.8972233816340172,0.6091670144902052,19474.746111052165,3684.6560896140827,2254.9018587743626,token,Services;NFT;Gaming
8335,MDX,2021-02-28,352901668.4662905,2134946415.0,,2.0,,,False,,,,,0.16529767023042144,token,Dexs;DEX;Yield
8335,MDX,2021-03-31,293216249.15029925,2046034402.0,,3.0,,,False,,,,,0.14330954008577773,token,Dexs;DEX;Yield
8335,MDX,2021-04-30,644097553.6636837,4733198736.0,,4.0,,,False,,,,,0.13608081755891088,token,Dexs;DEX;Yield
8335,MDX,2021-05-31,962171762.9836544,2854605009.0,,5.0,,,False,,,,,0.33705950909149207,token,Dexs;DEX;Yield
8335,MDX,2021-06-30,841565591.8061777,2195097431.0,2479024944.8333335,6.0,,,False,,,,,0.38338416323634145,token,Dexs;DEX;Yield
8335,MDX,2021-07-31,674132934.7444317,1598211094.0,2353194394.714286,7.0,,,False,,,,,0.4218046898030303,token,Dexs;DEX;Yield
8335,MDX,2021-08-31,920007214.9826908,1869559653.0,2292740052.0,8.0,,,False,,,,,0.4920983470660569,token,Dexs;DEX;Yield
8335,MDX,2021-09-30,792180139.6274042,1285403540.0,2180813772.888889,9.0,,,False,,,,,0.6162890601868143,token,Dexs;DEX;Yield
8335,MDX,2021-10-31,752054064.4321584,1244457909.0,2087178186.5,10.0,,,False,,,,,0.6043226203098191,token,Dexs;DEX;Yield
8335,MDX,2021-11-30,507593554.9403173,1019420848.0,1990109337.5454545,11.0,,,False,,,,,0.4979234591250161,token,Dexs;DEX;Yield
8335,MDX,2021-12-31,310333066.4753148,813583983.0,1892065558.0,12.0,,,False,,,,,0.381439498514949,token,Dexs;DEX;Yield
8335,MDX,2022-01-31,190510229.2347439,641051732.0,1869630896.0,12.0,,,False,,,,,0.2971838616524382,token,Dexs;DEX;Yield
8335,MDX,2022-02-28,195418116.69810343,638385255.0,1744917466.0,12.0,,,False,0.5145785102783526,0.19437355308350576,,,0.30611314275750845,token,Dexs;DEX;Yield
8335,MDX,2022-03-31,234229503.1839816,434435276.0,1610617538.8333333,12.0,,,False,0.5366689616899972,0.20100068850699918,,,0.5391585723438849,token,Dexs;DEX;Yield
8335,MDX,2022-04-30,151364392.2473341,407305522.0,1250126437.6666667,12.0,,,False,0.5655281381260091,0.20965844143780274,,,0.37162371750838696,token,Dexs;DEX;Yield
8335,MDX,2022-05-31,92217925.91325994,201616615.0,1029044071.5,12.0,,,False,0.5976467803839152,0.21929403411517456,,,0.4573924917510392,token,Dexs;DEX;Yield
8335,MDX,2022-06-30,78330004.5735764,154573848.0,859000439.5833334,12.0,-0.5,1.0,True,0.46167670393947124,0.17850301118184136,140328375.46629477,0.5581907744124806,0.5067481051100986,token,Dexs;DEX;Yield
8335,MDX,2022-07-31,82174914.72117054,159045937.0,739070009.8333334,12.0,-0.5,1.0,True,0.5011609087751971,0.19034827263255916,123683928.06311159,0.6643944448403963,0.5166740897076204,token,Dexs;DEX;Yield
8335,MDX,2022-08-31,70197379.21012571,137687588.0,594747337.75,12.0,-0.5,1.0,True,0.4844152302197951,0.18532456906593853,98527846.66537741,0.7124623300510332,0.5098308440854212,token,Dexs;DEX;Yield
8335,MDX,2022-09-30,56304781.76393027,112329370.0,496991156.9166667,12.0,-0.5,1.0,True,0.48309864275300163,0.1849295928259005,82267163.73373453,0.6844137953529797,0.5012471962046103,token,Dexs;DEX;Yield
8335,MDX,2022-10-31,108888716.06287588,138016212.0,404787682.1666667,12.0,-0.5,1.0,True,0.5888171781910381,0.21664515345731142,71272235.52327007,1.527785893951989,0.7889559819456274,token,Dexs;DEX;Yield
8335,MDX,2022-11-30,87331484.7139796,113348740.0,329281673.1666667,12.0,-0.5,1.0,True,0.5861523450346864,0.2158457035104059,57891306.180192955,1.5085423093089472,0.7704671857312185,token,Dexs;DEX;Yield
8335,MDX,2022-12-31,65035312.73348093,91277394.0,269089457.4166667,12.0,-0.5,1.0,True,0.5864010672499148,0.21592032017497445,47315447.16138672,1.374504873887255,0.7125018570696807,token,Dexs;DEX;Yield
8335,MDX,2023-01-31,84462445.63174535,74292909.0,221859555.5,12.0,-0.5,1.0,True,0.6671953219391187,0.2401585965817356,40754775.61731606,2.0724551749429483,1.1368843509916318,token,Dexs;DEX;Yield
8335,MDX,2023-02-28,86454677.08644137,72317497.0,174687242.33333334,12.0,-0.5,1.0,True,0.6670239834016282,0.24010719502048844,32086520.166479748,2.694423597132827,1.195487685178614,token,Dexs;DEX;Yield
8335,MDX,2023-03-31,73661729.22812471,61016878.0,143569042.5,12.0,-0.5,1.0,True,0.6224810639048229,0.22674431917144688,25751826.505937573,2.860446780780408,1.207235303453656,token,Dexs;DEX;Yield
8335,MDX,2023-04-30,73664054.92658655,53242160.0,114063762.33333333,12.0,-0.5,1.0,True,0.6239875448899951,0.22719626346699853,20476233.75623426,3.5975392644733097,1.383566236354546,token,Dexs;DEX;Yield
8335,MDX,2023-05-31,61734610.34855042,37220402.0,100364077.91666667,12.0,-0.5,1.0,True,0.6235698818185968,0.22707096454557907,18012843.100555297,3.4272552091816797,1.6586228796924445,token,Dexs;DEX;Yield
8335,MDX,2023-06-30,62243657.61215986,32010923.0,90150500.83333333,12.0,-0.5,2.0,True,0.6283920134366504,0.22851760403099514,16222071.762181187,3.836973385684906,1.9444505743292646,token,Dexs;DEX;Yield
8335,MDX,2023-07-31,65213918.85403973,30847941.0,79467334.5,12.0,-0.5,2.0,True,0.6195161951412814,0.22585485854238443,14231006.069546903,4.582523437579846,2.1140444626122608,token,Dexs;DEX;Yield
8335,MDX,2023-08-31,55612677.90052579,28872082.0,70399375.66666667,12.0,-0.5,2.0,True,0.6159944496678942,0.22479833490036827,12582927.647981396,4.41969305207341,1.9261748390893942,token,Dexs;DEX;Yield
8335,MDX,2023-09-30,52852480.93933372,28329337.0,63399372.916666664,12.0,-0.5,2.0,True,0.6164932756918329,0.22494798270754987,11334859.521042118,4.662826287455789,1.8656448239270027,token,Dexs;DEX;Yield
8335,MDX,2023-10-31,52050485.92826885,28602308.0,54281547.583333336,12.0,-0.5,2.0,True,0.5951739693328433,0.218552190799853,9591435.397483297,5.4267670865954445,1.8198002038251195,token,Dexs;DEX;Yield
8335,MDX,2023-11-30,52229193.71583631,28963621.0,47249454.333333336,12.0,-0.5,2.0,True,0.5985993626752623,0.21957980880257869,8364764.449265722,6.243952717690826,1.8032687872775406,token,Dexs;DEX;Yield
8335,MDX,2023-12-31,77397069.90630116,29144926.0,42071748.666666664,12.0,-0.5,2.0,True,0.6467587414384658,0.23402762243153974,7645520.906660858,10.123191192750781,2.655593289422013,token,Dexs;DEX;Yield
8335,MDX,2024-01-31,55993691.78938938,26824405.0,38116040.0,12.0,-0.5,2.0,True,0.6474678403006127,0.2342403520901838,6929280.683670563,8.08073656495735,2.0874159851593865,token,Dexs;DEX;Yield
8335,MDX,2024-02-29,69879580.0513727,33446676.0,34876804.916666664,12.0,-0.5,2.0,True,0.6685831295351886,0.2405749388605566,6411390.614669381,10.899286013160223,2.0892832534800383,token,Dexs;DEX;Yield
8335,MDX,2024-03-31,63646309.30749463,34768308.0,32689424.083333332,12.0,-0.5,2.0,True,0.7194921744754825,0.2558476523426447,6167872.902561153,10.31900467356681,1.8305840280606878,token,Dexs;DEX;Yield
8335,MDX,2024-04-30,37336261.58785844,32592307.0,30968603.0,12.0,-0.5,2.0,True,0.7482002070162092,0.2644600621048627,5926799.993796176,6.299564963713948,1.1455544275481462,token,Dexs;DEX;Yield
8335,MDX,2024-05-31,58555670.42900006,16656708.0,29254961.833333332,12.0,-0.5,2.0,True,0.7941373086175475,0.27824119258526425,5723614.795927761,10.230540054977364,3.515440771910035,token,Dexs;DEX;Yield
8335,MDX,2024-06-30,37931699.06536862,16041924.0,27924211.916666668,12.0,-0.5,3.0,True,0.8033936897764474,0.2810181069329342,5487023.470528767,6.912982834701318,2.364535517396082,token,Dexs;DEX;Yield
8335,MDX,2024-07-31,17015286.20412787,16052229.0,26691235.916666668,12.0,-0.5,3.0,True,0.8550581882739599,0.2965174564821879,5370132.332325061,3.1685040798167643,1.059995232071999,token,Dexs;DEX;Yield
8335,MDX,2024-08-31,14060080.71158438,15369116.0,25565988.75,12.0,-0.5,3.0,True,0.8369625617556443,0.29108876852669324,5101934.031852279,2.7558334983958637,0.9148268977594014,token,Dexs;DEX;Yield
8335,MDX,2024-09-30,14062707.98617992,16915760.0,24614857.333333332,12.0,-0.5,3.0,True,0.835125990194272,0.2905377970582816,4908026.612590139,2.865246889677832,0.8313376393481534,token,Dexs;DEX;Yield
8335,MDX,2024-10-31,15300475.53852738,2744360.0,22460028.333333332,12.0,-0.5,3.0,True,0.9774498954949175,0.3332349686484752,4760648.904971345,3.2139474773175856,5.575243604529792,token,Dexs;DEX;Yield
8602,AUCTION,2023-12-31,195635191.4924304,6067.0,,5.0,,,False,,,,,32245.78729065937,token,Launchpad
8602,AUCTION,2024-01-31,152950721.26625183,6072.0,6072.166666666667,6.0,,,False,,,,,25189.512725008535,token,Launchpad
8602,AUCTION,2024-02-29,186883004.38114944,6084.0,6073.857142857143,7.0,,,False,,,,,30717.127610313848,token,Launchpad
8602,AUCTION,2024-03-31,170687309.16204393,6078.0,6074.375,8.0,,,False,,,,,28082.808351767675,token,Launchpad
8602,AUCTION,2024-04-30,101077465.7945398,6069.0,6073.777777777777,9.0,,,False,,,,,16654.715075719196,token,Launchpad
8602,AUCTION,2024-05-31,158225291.9928333,6069.0,6073.3,10.0,,,False,,,,,26071.064754133018,token,Launchpad
8602,AUCTION,2024-06-30,107466252.43889023,6063.0,6072.363636363636,11.0,,,False,,,,,17724.930304946436,token,Launchpad
8602,AUCTION,2024-07-31,120696906.91142924,6070.0,6072.166666666667,12.0,,,False,,,,,19884.16917815968,token,Launchpad
8602,AUCTION,2024-08-31,95640188.56057876,6071.0,6072.083333333333,12.0,,,False,,,,,15753.613665059918,token,Launchpad
8602,AUCTION,2024-09-30,95507447.53164528,6078.0,6072.583333333333,12.0,,,False,,,,,15713.63072254776,token,Launchpad
8602,AUCTION,2024-10-31,83465923.73333865,6069.0,6072.333333333333,12.0,,,False,,,,,13752.829746801557,token,Launchpad
8602,AUCTION,2024-11-30,120363250.2506058,6078.0,6072.333333333333,12.0,,,False,,,,,19803.101390359625,token,Launchpad
8602,AUCTION,2024-12-31,120163809.1662928,6064.0,6072.083333333333,12.0,,,False,1.2685860087880396,0.42057580263641187,,,19815.931590747492,token,Launchpad
8602,AUCTION,2025-01-31,82561012.74405324,6072.0,6072.083333333333,12.0,-1.3723821809974446e-05,1.0,False,1.2454185339991577,0.4136255601997473,6290.258389434988,13125.218016913475,13597.004733869111,token,Launchpad
8602,AUCTION,2025-02-28,95082121.86531064,6066.0,6070.583333333333,12.0,-0.0002607526143881822,1.0,False,0.9384080236477363,0.3215224070943209,6516.267063919024,14591.501688410879,15674.599714030768,token,Launchpad
8602,AUCTION,2025-03-31,103797092.51038817,6072.0,6070.083333333333,12.0,-0.0007065198751586843,1.0,False,0.8968107861899525,0.30904323585698573,6554.173401459369,15836.79377284654,17094.38282450398,token,Launchpad
8602,AUCTION,2025-04-30,71003646.21056432,6072.0,6070.333333333333,12.0,-0.0005671008341869843,1.0,False,0.8291332070230056,0.28873996210690167,6654.123570750209,10670.62332937095,11693.617623610724,token,Launchpad
8602,AUCTION,2025-05-31,63495356.11772157,6072.0,6070.583333333333,12.0,-0.0004473131027065147,1.0,False,0.8124074927673396,0.28372224783020183,6684.818030586184,9498.441966138866,10457.074459440311,token,Launchpad
8602,AUCTION,2025-06-30,53871394.07029198,6072.0,6071.333333333333,12.0,-0.0001696708385731105,1.0,False,0.818686299390618,0.2856058898171854,6683.102524784251,8060.83609678442,8872.100472709482,token,Launchpad
8602,AUCTION,2025-07-31,59570225.929841,6071.0,6071.416666666667,12.0,-0.00012351439628910388,1.0,False,0.8211885559655999,0.28635656678967997,6680.408092880191,8917.153727978,9812.259253803491,token,Launchpad
8602,AUCTION,2025-08-31,59439036.45835279,6072.0,6071.5,12.0,-9.606807109030502e-05,1.0,False,0.7822094066835156,0.27466282200505465,6748.798549739836,8807.350822561468,9789.03762489341,token,Launchpad
8602,AUCTION,2025-09-30,50694508.27510928,6078.0,6071.5,12.0,-0.00017839744205505603,1.0,False,0.7813903224537418,0.2744170967361225,6747.915575352635,7512.617445937752,8340.65618215026,token,Launchpad
8602,AUCTION,2025-10-31,42247387.84489428,6073.0,6071.833333333333,12.0,-8.23406708020391e-05,1.0,False,0.8067833329413178,0.28203499988239533,6706.002287234686,6299.936390614562,6956.592762208839,token,Launchpad
8602,AUCTION,2025-11-30,38440401.08384577,6074.0,6071.5,12.0,-0.00013723445133662082,1.0,False,0.7476554137768578,0.2642966241330573,6815.059853526623,5640.508214165401,6328.679796484322,token,Launchpad
8602,AUCTION,2025-12-31,35274062.31319604,6066.0,6071.666666666667,12.0,-6.86200507787893e-05,1.0,False,0.7441369000601781,0.2632410700180534,6824.632710517248,5168.638930390523,5815.044891723713,token,Launchpad
8602,AUCTION,2026-01-31,33195445.45441272,6063.0,6070.916666666667,12.0,-0.00010293396127447618,2.0,False,0.7195048447356479,0.2558514534206944,6876.505149086647,4827.371569527846,5475.085841070876,token,Launchpad
8602,AUCTION,2026-02-28,32019051.45961537,6072.0,6071.416666666667,12.0,-6.175910523809058e-05,2.0,False,0.6740424806312488,0.24221274418937466,6990.506420389098,4580.3622132762675,5273.229818777235,token,Launchpad
8602,AUCTION,2026-03-31,30766960.13668729,6067.0,6071.0,12.0,-0.00027784495758909067,2.0,False,0.6732105258789793,0.24196315776369381,6985.226756650246,4404.57571508266,5071.1983083381065,token,Launchpad
8602,AUCTION,2026-04-30,32739198.91115127,6069.0,6070.75,12.0,-0.000249281033929738,2.0,False,0.6766319992256343,0.2429895997676903,6976.782720526737,4692.592592116658,5394.496442766728,token,Launchpad
8602,AUCTION,2026-05-31,31313140.67917401,6063.0,6070.0,12.0,-0.00027171787952351423,2.0,False,0.6710890060817604,0.24132670182452812,6989.961902183999,4479.729806451489,5164.628183931059,token,Launchpad
8613,ALCX,2021-11-30,332794509.7300637,824894519.0,,1.0,,,False,,,,,0.4034388665032016,token,Synthetics;Yield
8613,ALCX,2021-12-31,247417884.21886185,781467891.0,,2.0,,,False,,,,,0.3166065900702014,token,Synthetics;Yield
8613,ALCX,2022-01-31,187627361.62119088,595613774.0,,3.0,,,False,,,,,0.3150151487618063,token,Synthetics;Yield
8613,ALCX,2022-02-28,156818255.53370604,539620050.0,,4.0,,,False,,,,,0.29060865239107786,token,Synthetics;Yield
8613,ALCX,2022-03-31,141080489.901446,483701685.0,,5.0,,,False,,,,,0.29166838627292774,token,Synthetics;Yield
8613,ALCX,2022-04-30,81587794.34645388,315265621.0,590093923.3333334,6.0,,,False,,,,,0.25879064798649226,token,Synthetics;Yield
8613,ALCX,2022-05-31,43257136.1229669,166614749.0,529596898.4285714,7.0,,,False,2.2225804773698283,0.7067741432109486,,,0.2596236910753135,token,Synthetics;Yield
8613,ALCX,2022-06-30,31932343.01733612,128349130.0,479440927.375,8.0,,,False,1.7098777426281475,0.5529633227884443,,,0.2487928279477712,token,Synthetics;Yield
8613,ALCX,2022-07-31,53019460.1799025,133576425.0,441011538.2222222,9.0,,,False,1.8351068990973383,0.5905320697292015,,,0.39692228759605225,token,Synthetics;Yield
8613,ALCX,2022-08-31,35292959.48040195,85711545.0,405481538.9,10.0,,,False,1.8276166654849695,0.5882849996454909,,,0.41176436010343703,token,Synthetics;Yield
8613,ALCX,2022-09-30,32612350.38793812,63513717.0,374393555.09090906,11.0,,,False,1.818378962325099,0.5855136886975297,,,0.5134694035925833,token,Synthetics;Yield
8613,ALCX,2022-10-31,39725602.42076246,65607918.0,348661418.6666667,12.0,,,False,1.8363979994839772,0.5909193998451931,,,0.6055001230303095,token,Synthetics;Yield
8613,ALCX,2022-11-30,30279338.73455381,60440383.0,284956907.3333333,12.0,,,False,1.801736660891225,0.5805209982673676,,,0.5009786045623472,token,Synthetics;Yield
8613,ALCX,2022-12-31,23023997.23766098,57473626.0,224624051.91666666,12.0,,,False,1.7982147992890802,0.5794644397867241,,,0.4006010902750591,token,Synthetics;Yield
8613,ALCX,2023-01-31,34691061.60969972,58554796.0,179869137.08333334,12.0,,,False,1.7373000859492278,0.5611900257847684,,,0.5924546575091768,token,Synthetics;Yield
8613,ALCX,2023-02-28,37815484.82676551,50896997.0,139142216.0,12.0,,,False,1.7342475469569856,0.5602742640870957,,,0.7429806679314598,token,Synthetics;Yield
8613,ALCX,2023-03-31,37327581.1354158,50559065.0,103046997.66666667,12.0,,,False,1.6224832706123193,0.5267449811836958,,,0.7382965079638202,token,Synthetics;Yield
8613,ALCX,2023-04-30,32660795.91271383,56094475.0,81449402.16666667,12.0,-0.5,1.0,True,1.6172855692103505,0.5251856707631052,21174441.962726247,1.542463124657888,0.5822462178799932,token,Synthetics;Yield
8613,ALCX,2023-05-31,31263221.98811486,69347765.0,73343820.16666667,12.0,-0.5,1.0,True,1.5990594437452377,0.5197178331235713,18980273.35281492,1.647142873391667,0.4508180182607884,token,Synthetics;Yield
8613,ALCX,2023-06-30,26598231.75658741,67938038.0,68309562.5,12.0,-0.5,1.0,True,1.5609072382904159,0.5082721714871248,17505753.015053876,1.5193994644911624,0.3915072106819954,token,Synthetics;Yield
8613,ALCX,2023-07-31,25213716.99334124,47817114.0,61162953.25,12.0,-0.5,1.0,True,1.5526238453363999,0.50578715360092,15640544.980916345,1.6120740692926945,0.527294829908414,token,Synthetics;Yield
8613,ALCX,2023-08-31,23684272.24510185,42346396.0,57549190.833333336,12.0,-0.5,1.0,True,1.5230007779439714,0.4969002333831914,14601916.83017586,1.6219974761229075,0.5592984169208131,token,Synthetics;Yield
8613,ALCX,2023-09-30,25137779.99074244,53855856.0,56744369.083333336,12.0,-0.5,1.0,True,1.5247543163124562,0.4974262948937368,14404436.726892479,1.74514147740406,0.46676038332289144,token,Synthetics;Yield
8613,ALCX,2023-10-31,27688322.53949647,53100193.0,55702058.666666664,12.0,-0.5,1.0,True,1.4465643567037827,0.47396930701113477,13840227.488923358,2.0005684560933736,0.5214354407242262,token,Synthetics;Yield
8613,ALCX,2023-11-30,32022321.36561565,57456008.0,55453360.75,12.0,-0.5,1.0,True,1.4543982091795775,0.4763194627538732,13808799.065352852,2.31897945752297,0.557336342713118,token,Synthetics;Yield
8613,ALCX,2023-12-31,67063510.6458024,60498695.0,55705449.833333336,12.0,-0.5,1.0,True,1.564414822537931,0.5093244467613793,14288663.046438249,4.6934769493720685,1.1085116901414551,token,Synthetics;Yield
8613,ALCX,2024-01-31,47448067.81971316,55790750.0,55475112.666666664,12.0,-0.5,1.0,True,1.5656979953741321,0.5097093986122396,14234303.339244885,3.3333607334962294,0.85046477811668,token,Synthetics;Yield
8613,ALCX,2024-02-29,64216067.1005735,57323522.0,56010656.416666664,12.0,-0.5,1.0,True,1.458287254834354,0.47748617645030617,13962760.450345235,4.599095381528638,1.1202393862082218,token,Synthetics;Yield
8613,ALCX,2024-03-31,77003079.91250835,56866481.0,56536274.416666664,12.0,-0.4513544722617877,1.0,False,1.4605844046943584,0.4781753214083075,16285988.76484296,4.728179604221339,1.3541031299705069,token,Synthetics;Yield
8613,ALCX,2024-04-30,51378057.34311274,50754766.0,56091298.666666664,12.0,-0.5,2.0,True,1.4693184611899932,0.48079553835699795,14025853.363615371,3.663096712275144,1.012280449546605,token,Synthetics;Yield
8613,ALCX,2024-05-31,54625125.53173845,55641677.0,54949124.666666664,12.0,-0.5,2.0,True,1.4663011702179294,0.4798903510653788,13728749.885725362,3.9788856222470486,0.9817303948574098,token,Synthetics;Yield
8613,ALCX,2024-06-30,39571190.90710132,50806106.0,53521463.666666664,12.0,-0.5,2.0,True,1.442077551958614,0.47262326558758416,13281584.857997108,2.9794027843954716,0.778866833586918,token,Synthetics;Yield
8613,ALCX,2024-07-31,36190917.96372213,50960122.0,53783381.0,12.0,-0.5,2.0,True,1.4796668674300801,0.483900060229024,13487231.396587823,2.683346707677766,0.7101811483834778,token,Synthetics;Yield
8613,ALCX,2024-08-31,31690372.90930142,41111317.0,53680457.75,12.0,-0.5,2.0,True,1.4770841977345743,0.48312525932037226,13451852.645521786,2.3558370541511517,0.7708430481393096,token,Synthetics;Yield
8613,ALCX,2024-09-30,34094056.44052108,45151213.0,52955070.833333336,12.0,-0.5,2.0,True,1.4569907845355121,0.4770972353606536,13196257.58956481,2.5836155598752177,0.7551083165920941,token,Synthetics;Yield
8613,ALCX,2024-10-31,33069926.6068713,48345661.0,52558859.833333336,12.0,-0.5,2.0,True,1.2196983675206408,0.4059095102561922,12180216.58659965,2.7150524271673424,0.6840309124508878,token,Synthetics;Yield
8613,ALCX,2024-11-30,51705659.92045476,65457856.0,53225680.5,12.0,-0.5,2.0,True,1.2818200953898302,0.424546028616949,12587527.431385443,4.107689949618946,0.7899076303454663,token,Synthetics;Yield
8613,ALCX,2024-12-31,44081303.14301383,62928427.0,53428158.166666664,12.0,-0.5,2.0,True,1.2890310915481673,0.42670932746445017,12664416.748475196,3.4807211432236898,0.7004990470048429,token,Synthetics;Yield
8613,ALCX,2025-01-31,37013399.3161763,60709606.0,53838062.833333336,12.0,-0.4529004130145431,2.0,False,1.2582447501097331,0.4174734250329199,14576431.73577912,2.5392633798931525,0.6096794519828757,token,Synthetics;Yield
8613,ALCX,2025-02-28,27978716.98811769,42764020.0,52624771.0,12.0,-0.3850134019257798,2.0,False,1.2741657154359496,0.42224971463078487,17453000.35007641,1.603089235484671,0.654258345873884,token,Synthetics;Yield
8613,ALCX,2025-03-31,23769076.284709,38876532.0,51125608.583333336,12.0,-0.29562882674945334,2.0,False,1.280640723353037,0.4241922170059111,21890266.93622477,1.0858285261645262,0.6113990899370602,token,Synthetics;Yield
8613,ALCX,2025-04-30,22207883.41122568,36797959.0,49962541.333333336,12.0,-0.5,3.0,True,1.2258749293878919,0.4077624788163675,11602418.470822731,1.9140736448244065,0.6035085644621127,token,Synthetics;Yield
8613,ALCX,2025-05-31,23274043.04762219,43690554.0,48966614.416666664,12.0,-0.5,3.0,True,1.1752089227424716,0.39256267682274143,11177249.098451966,2.0822693350231956,0.5327019439401521,token,Synthetics;Yield
8613,ALCX,2025-06-30,18092946.80155084,42612353.0,48283801.666666664,12.0,-0.5,3.0,True,1.2944508860687458,0.4283352658206237,11464662.849563967,1.578149051477686,0.42459393879401214,token,Synthetics;Yield
8613,ALCX,2025-07-31,22524669.4575497,59818623.0,49022010.083333336,12.0,-0.5,3.0,True,1.245227493259923,0.41356824797797687,11457020.620986965,1.9660145689437811,0.3765494477789918,token,Synthetics;Yield
8613,ALCX,2025-08-31,24047464.31467085,58415903.0,50464058.916666664,12.0,-0.5,3.0,True,1.1830582527655558,0.3949174758296667,11550306.339292469,2.0819763223824514,0.41165954953518136,token,Synthetics;Yield
8613,ALCX,2025-09-30,20665170.68340206,58091852.0,51542445.5,12.0,-0.48364837026125496,3.0,False,1.1854860300582124,0.3956458090174637,12420367.634454988,1.663813124667534,0.35573268835364485,token,Synthetics;Yield
8613,ALCX,2025-10-31,17726872.03777521,51101838.0,51772126.916666664,12.0,-0.4704617066518435,3.0,False,1.1912372854443265,0.39737118563329793,13014397.886950603,1.3620969784203198,0.3468930420423471,token,Synthetics;Yield
8613,ALCX,2025-11-30,27899822.59004038,41185021.0,49749390.666666664,12.0,-0.441097319649716,3.0,False,0.934410295621182,0.32032308868635456,12480892.10867666,2.235402914078918,0.677426450505886,token,Synthetics;Yield
8613,ALCX,2025-12-31,18688511.87368953,40995486.0,47921645.583333336,12.0,-0.4024716868693218,3.0,False,0.9422484724323432,0.32267454172970295,13585495.314077381,1.3756224150564733,0.4558675526785932,token,Synthetics;Yield
8613,ALCX,2026-01-31,15278494.33111336,37706961.0,46004758.5,12.0,-0.36523149852377335,3.0,False,0.8662444035130062,0.29987332105390185,14230041.210705088,1.0736788534118604,0.4051902865127041,token,Synthetics;Yield
8613,ALCX,2026-02-28,11395378.65088849,28657449.0,44829210.916666664,12.0,-0.3144580119539341,3.0,False,0.8973303300350828,0.3091990990105248,16400909.219330765,0.6948016416954154,0.39764106885049294,token,Synthetics;Yield
8613,ALCX,2026-03-31,13354270.22761879,28854502.0,43994041.75,12.0,-0.24701526282021502,3.0,False,0.9603821581615514,0.32811464744846536,20187639.702557642,0.6615072601046516,0.4628140949242094,token,Synthetics;Yield
8613,ALCX,2026-04-30,13097279.93850267,32423647.0,43629515.75,12.0,-0.18786013194934936,3.0,False,0.9473033808537189,0.32419101425611563,24090832.236626774,0.5436624110722945,0.4039422196553851,token,Synthetics;Yield
8615,EPIC,2021-06-30,69340968.48408914,12487321.0,,1.0,,,False,,,,,5.5529099063032925,token,NFT;Gaming;Layer-2;Metaverse;RWA
8615,EPIC,2021-07-31,90414239.64752217,17064461.0,,2.0,,,False,,,,,5.298394109695124,token,NFT;Gaming;Layer-2;Metaverse;RWA
8615,EPIC,2021-08-31,180545518.7255681,30207140.0,,3.0,,,False,,,,,5.976915349336881,token,NFT;Gaming;Layer-2;Metaverse;RWA
8615,EPIC,2021-09-30,113747722.35670532,18772734.0,,4.0,,,False,,,,,6.059198535317515,token,NFT;Gaming;Layer-2;Metaverse;RWA
8615,EPIC,2021-10-31,148084031.1672251,22644196.0,,5.0,,,False,,,,,6.539602075835464,token,NFT;Gaming;Layer-2;Metaverse;RWA
8615,EPIC,2021-11-30,165383207.40376905,23256611.0,20738743.833333332,6.0,,,False,,,,,7.111234195032503,token,NFT;Gaming;Layer-2;Metaverse;RWA
8615,EPIC,2021-12-31,116130283.5029693,15358965.0,19970204.0,7.0,,,False,,,,,7.561074818711371,token,NFT;Gaming;Layer-2;Metaverse;RWA
8615,EPIC,2022-01-31,65681476.49899283,8763703.0,18569391.375,8.0,,,False,,,,,7.4947173014640995,token,NFT;Gaming;Layer-2;Metaverse;RWA
8615,EPIC,2022-02-28,67627494.62113829,8936151.0,17499031.333333332,9.0,,,False,,,,,7.5678549546822,token,NFT;Gaming;Layer-2;Metaverse;RWA
8615,EPIC,2022-03-31,75673200.12384114,11643860.0,16913514.2,10.0,,,False,1.712475342095412,0.5537426026286236,,,6.498978871597661,token,NFT;Gaming;Layer-2;Metaverse;RWA
8615,EPIC,2022-04-30,53472835.77089022,8494005.0,16148104.272727273,11.0,,,False,1.6871288495576549,0.5461386548672965,,,6.295361937141575,token,NFT;Gaming;Layer-2;Metaverse;RWA
8615,EPIC,2022-05-31,32791029.88842091,4459024.0,15174014.25,12.0,,,False,1.7206777280859722,0.5562033184257916,,,7.353858128689352,token,NFT;Gaming;Layer-2;Metaverse;RWA
8615,EPIC,2022-06-30,20679544.53394933,2705531.0,14358865.083333334,12.0,,,False,1.5390417647826373,0.5017125294347912,,,7.643432854382127,token,NFT;Gaming;Layer-2;Metaverse;RWA
8615,EPIC,2022-07-31,34406963.61369336,4562208.0,13317010.666666666,12.0,,,False,1.6912678861996189,0.5473803658598857,,,7.54173496992977,token,NFT;Gaming;Layer-2;Metaverse;RWA
8615,EPIC,2022-08-31,25086531.53659525,3512470.0,11092454.833333334,12.0,,,False,1.6887699014583188,0.5466309704374956,,,7.142134035762655,token,NFT;Gaming;Layer-2;Metaverse;RWA
8615,EPIC,2022-09-30,42607312.01402425,5121447.0,9954847.583333334,12.0,,,False,1.6951159774846987,0.5485347932454097,,,8.319389425298017,token,NFT;Gaming;Layer-2;Metaverse;RWA
8615,EPIC,2022-10-31,39396211.46906822,4903930.0,8476492.083333334,12.0,,,False,1.6679427438642604,0.5403828231592781,,,8.033599881945342,token,NFT;Gaming;Layer-2;Metaverse;RWA
8615,EPIC,2022-11-30,33676289.83497419,3651199.0,6842707.75,12.0,-0.5,1.0,True,1.643709394658041,0.5331128183974123,1790544.2986613717,18.807850696657386,9.22335096908555,token,NFT;Gaming;Layer-2;Metaverse;RWA
8615,EPIC,2022-12-31,26231366.09078821,3389895.0,5845285.25,12.0,-0.5,1.0,True,1.6380733323485739,0.5314219997045722,1527435.6996452538,17.173466678093508,7.738105779320071,token,NFT;Gaming;Layer-2;Metaverse;RWA
8615,EPIC,2023-01-31,36221948.69691116,4388668.0,5480699.0,12.0,-0.5,1.0,True,1.5104413299276809,0.49313239897830424,1385945.343037713,26.135192761296018,8.253517626968174,token,NFT;Gaming;Layer-2;Metaverse;RWA
8615,EPIC,2023-02-28,32968535.77086431,4583152.0,5117949.083333333,12.0,-0.5,1.0,True,1.5052937140897487,0.49158811422692456,1292419.98397122,25.5091504153022,7.193419675119723,token,NFT;Gaming;Layer-2;Metaverse;RWA
8615,EPIC,2023-03-31,33430565.78252179,3918691.0,4474185.0,12.0,-0.5,1.0,True,1.383985008738321,0.4551955026214963,1091809.20693927,30.61942102159,8.531054319547469,token,NFT;Gaming;Layer-2;Metaverse;RWA
8615,EPIC,2023-04-30,39578371.06308305,4669442.0,4155471.4166666665,12.0,-0.5,1.0,True,1.3893087706675884,0.45679263120027647,1015627.0751563169,38.969393423261664,8.476038692221266,token,NFT;Gaming;Layer-2;Metaverse;RWA
8615,EPIC,2023-05-31,33110530.25753523,4159025.0,4130471.5,12.0,-0.5,1.0,True,1.390247499308746,0.45707424979262373,1009795.4916255064,32.7893425274022,7.961127970506364,token,NFT;Gaming;Layer-2;Metaverse;RWA
8615,EPIC,2023-06-30,26813443.34825641,3432788.0,4191076.25,12.0,-0.5,1.0,True,1.343636484367259,0.4430909453101777,1010431.3353431908,26.536630852950815,7.810981437903072,token,NFT;Gaming;Layer-2;Metaverse;RWA
8615,EPIC,2023-07-31,30090985.66120266,3877396.0,4134008.5833333335,12.0,-0.5,1.0,True,1.333913489460202,0.4401740468380606,993717.9795455734,30.2812128597726,7.7606170897175994,token,NFT;Gaming;Layer-2;Metaverse;RWA
8615,EPIC,2023-08-31,26547432.39113506,3384257.0,4123324.1666666665,12.0,-0.5,1.0,True,1.3302893496420427,0.43908680489261276,990047.8700205482,26.814291707515185,7.844390184059621,token,NFT;Gaming;Layer-2;Metaverse;RWA
8615,EPIC,2023-09-30,29471109.23845827,3507558.0,3988833.4166666665,12.0,-0.5,1.0,True,1.3319088668769306,0.43957266006307916,958231.9373334764,30.755715907851194,8.402173032764752,token,NFT;Gaming;Layer-2;Metaverse;RWA
8615,EPIC,2023-10-31,31454043.51665701,3686695.0,3887397.1666666665,12.0,-0.5,1.0,True,1.2502930752136692,0.4150879225641007,910037.8738327681,34.563444468726715,8.531772635560309,token,NFT;Gaming;Layer-2;Metaverse;RWA
8615,EPIC,2023-11-30,35273978.02731985,4047552.0,3920426.5833333335,12.0,-0.5,2.0,True,1.2523558466634939,0.4157067539990481,918388.1253230607,38.40857373336741,8.714891872252624,token,NFT;Gaming;Layer-2;Metaverse;RWA
8615,EPIC,2023-12-31,41490795.79406322,4755940.0,4034263.6666666665,12.0,-0.5,2.0,True,1.2567253401667355,0.41701760205002064,946400.6431862895,43.84062510183245,8.723994792630524,token,NFT;Gaming;Layer-2;Metaverse;RWA
8615,EPIC,2024-01-31,38113771.45697293,4430538.0,4037752.8333333335,12.0,-0.5,2.0,True,1.2555161034497093,0.41665483103491274,946846.7844975034,40.25336736735089,8.602515418437429,token,NFT;Gaming;Layer-2;Metaverse;RWA
8615,EPIC,2024-02-29,58083161.92866281,6346875.0,4184729.75,12.0,-0.5,2.0,True,1.258444121795452,0.4175332365386356,982246.7946973911,59.132961534943945,9.151458304860709,token,NFT;Gaming;Layer-2;Metaverse;RWA
8615,EPIC,2024-03-31,130920323.00018822,10545862.0,4736994.0,12.0,-0.47078214141590813,2.0,False,1.3792497030539856,0.45377491091619565,1260448.803294302,103.86802118262605,12.414378549632852,token,NFT;Gaming;Layer-2;Metaverse;RWA
8615,EPIC,2024-04-30,76057998.75725235,8025148.0,5016636.166666667,12.0,-0.44262750969848585,2.0,False,1.3904794412066264,0.45714383236198786,1454605.6337752438,52.28771083462223,9.477457457140025,token,NFT;Gaming;Layer-2;Metaverse;RWA
8615,EPIC,2024-05-31,89637646.42710179,8717063.0,5396472.666666667,12.0,-0.40364516174741927,2.0,False,1.343696269685359,0.4431088809056076,1728854.8067413052,51.84798982400296,10.283010049038511,token,NFT;Gaming;Layer-2;Metaverse;RWA
8615,EPIC,2024-06-30,52458781.44743003,5797996.0,5593573.333333333,12.0,-0.375856272007548,2.0,False,1.3635874366385174,0.4490762309915552,1949220.1477764875,26.912702245188036,9.047743642360228,token,NFT;Gaming;Layer-2;Metaverse;RWA
8615,EPIC,2024-07-31,46756932.98686465,5465813.0,5725941.416666667,12.0,-0.3442775145342347,2.0,False,1.355966572434012,0.4467899717302036,2176285.128524467,21.484745897503835,8.554433345389725,token,NFT;Gaming;Layer-2;Metaverse;RWA
8615,EPIC,2024-08-31,47281969.36148832,4963922.0,5857580.166666667,12.0,-0.27331652215775004,2.0,False,1.2618295439462495,0.4185488631838748,2660585.0169131206,17.77126799591846,9.525123352358944,token,NFT;Gaming;Layer-2;Metaverse;RWA
8615,EPIC,2024-09-30,48077763.11768178,5193809.0,5998101.083333333,12.0,-0.2237715027358529,2.0,False,1.234716153624615,0.41041484608738443,3122625.147515552,15.396584875368019,9.256744542912875,token,NFT;Gaming;Layer-2;Metaverse;RWA
8615,EPIC,2024-10-31,47398215.92169984,5046011.0,6111377.416666667,12.0,-0.15089485555397175,2.0,False,1.3091781719007238,0.4327534515702171,3972155.192061546,11.932619353953337,9.39320503298543,token,NFT;Gaming;Layer-2;Metaverse;RWA
8615,EPIC,2024-11-30,70671536.27501991,6037982.0,6277246.583333333,12.0,-0.3285779795372564,3.0,False,1.33734291374974,0.44120287412492193,2482042.1412475593,28.473141168948075,11.704496017878144,token,NFT;Gaming;Layer-2;Metaverse;RWA
8615,EPIC,2024-12-31,60599041.23763392,5066729.0,6303145.666666667,12.0,-0.3191392782329092,3.0,False,1.3330165448903983,0.4399049634671195,2556410.065748945,23.704742071526923,11.960189944564615,token,NFT;Gaming;Layer-2;Metaverse;RWA
8615,EPIC,2025-01-31,43179460.08587655,3391835.0,6216587.083333333,12.0,-0.3056398568494415,3.0,False,1.2708996861202126,0.4212699058360638,2581758.5808130326,16.72482485650487,12.73041291391726,token,NFT;Gaming;Layer-2;Metaverse;RWA
8615,EPIC,2025-02-28,42122285.91773627,2358842.0,5884251.0,12.0,-0.3046143457005023,3.0,False,1.2344873934073008,0.41034621802219023,2430077.891623655,17.33371842233102,17.857188365196258,token,NFT;Gaming;Layer-2;Metaverse;RWA
8615,EPIC,2025-03-31,26714393.56966428,1326952.0,5116008.5,12.0,-0.32872706848483235,3.0,False,1.2457950343831994,0.4137385103149598,1977940.5086531492,13.506166364859514,20.13214763583331,token,NFT;Gaming;Layer-2;Metaverse;RWA
8615,EPIC,2025-04-30,30055056.86818681,1341036.0,4558999.166666667,12.0,-0.3439816474278784,3.0,False,1.2247117283141014,0.40741351849423035,1678339.7990666397,17.907611369819783,22.41181956948718,token,NFT;Gaming;Layer-2;Metaverse;RWA
8615,EPIC,2025-05-31,27093248.04821981,1413966.0,3950407.75,12.0,-0.3614712166352815,3.0,False,1.1599605067471692,0.3879881520241507,1358352.7681530656,19.94566410392651,19.161173640822913,token,NFT;Gaming;Layer-2;Metaverse;RWA
8615,EPIC,2025-06-30,19209531.5917002,1118473.0,3560447.5,12.0,-0.3717562783674465,3.0,False,1.2097434239029494,0.4029230271708848,1205120.8990060054,15.939920722928624,17.174783469695022,token,NFT;Gaming;Layer-2;Metaverse;RWA
8615,EPIC,2025-07-31,54783596.63400882,513325.0,3147740.1666666665,12.0,-0.38170266286351007,3.0,False,1.1696518747960454,0.39089556243881357,1023219.2135635767,53.540429956561695,106.72302466080713,token,NFT;Gaming;Layer-2;Metaverse;RWA
8615,EPIC,2025-08-31,67270501.49790366,360332.0,2764107.6666666665,12.0,-0.37072217377934635,3.0,False,1.0918732925919217,0.3675619877775765,906544.2613375615,74.20542423229213,186.6903341859831,token,NFT;Gaming;Layer-2;Metaverse;RWA
8615,EPIC,2025-09-30,51964158.22329289,117899.0,2341115.1666666665,12.0,-0.38274769390133856,3.0,False,1.1811960692395123,0.39435882077185364,761270.0314257792,68.25982381832299,440.7514756129644,token,NFT;Gaming;Layer-2;Metaverse;RWA
8615,EPIC,2025-10-31,23912208.54893825,82586.0,1927496.4166666667,12.0,-0.38963099336553153,3.0,False,1.2401192881224665,0.41203578643673994,624862.2471248973,38.26796811451258,289.54312533526564,token,NFT;Gaming;Layer-2;Metaverse;RWA
8615,EPIC,2025-11-30,17850992.68177903,61255.0,1429435.8333333333,12.0,-0.40664825441825214,3.0,False,1.266945948703392,0.4200837846110176,444484.7680436502,40.161089794703585,291.4209890095344,token,NFT;Gaming;Layer-2;Metaverse;RWA
8615,EPIC,2025-12-31,25844933.91514062,55763.0,1011855.3333333334,12.0,-0.44268050038453666,3.0,False,1.2065659764060723,0.40196979292182167,277932.1565331641,92.99008159948808,463.4781829374428,token,NFT;Gaming;Layer-2;Metaverse;RWA
8615,EPIC,2026-01-31,13968201.04541355,48895.0,733277.0,12.0,-0.48854114276330796,3.0,False,1.301543983160496,0.4304631949481488,180729.62310262513,77.28783364684978,285.67749351495144,token,NFT;Gaming;Layer-2;Metaverse;RWA
8719,ILV,2021-07-31,154701843.88455003,73000284.0,,2.0,,,False,,,,,2.1191950963444204,token,Gaming;NFT;Metaverse
8719,ILV,2021-08-31,311545772.8397962,4589168.0,,3.0,,,False,,,,,67.88720152319466,token,Gaming;NFT;Metaverse
8719,ILV,2021-09-30,316494003.6617935,201053.0,,4.0,,,False,,,,,1574.181950340425,token,Gaming;NFT;Metaverse
8719,ILV,2021-10-31,640993889.7518551,118492.0,,5.0,,,False,,,,,5409.5963419627915,token,Gaming;NFT;Metaverse
8719,ILV,2021-11-30,1185505739.122091,91657.0,13224296.833333334,6.0,,,False,,,,,12934.153846646639,token,Gaming;NFT;Metaverse
8719,ILV,2021-12-31,654083933.5122284,64217.0,11344285.42857143,7.0,,,False,,,,,10185.526161487276,token,Gaming;NFT;Metaverse
8719,ILV,2022-01-31,390850769.3389634,37380.0,9930922.25,8.0,,,False,,,,,10456.146852299717,token,Gaming;NFT;Metaverse
8719,ILV,2022-02-28,375265247.6654864,32498.0,8831097.333333334,9.0,,,False,,,,,11547.333610237134,token,Gaming;NFT;Metaverse
8719,ILV,2022-03-31,400878947.1321813,43630.0,7952350.6,10.0,,,False,,,,,9188.149143529252,token,Gaming;NFT;Metaverse
8719,ILV,2022-04-30,295256514.5802087,22948.0,7231495.818181818,11.0,,,False,,,,,12866.328855682792,token,Gaming;NFT;Metaverse
8719,ILV,2022-05-31,194818755.2741232,16177.0,6630219.25,12.0,,,False,,,,,12042.947102313357,token,Gaming;NFT;Metaverse
8719,ILV,2022-06-30,91612203.1798624,9768.0,6518939.333333333,12.0,,,False,,,,,9378.808679347092,token,Gaming;NFT;Metaverse
8719,ILV,2022-07-31,76257693.97251998,12912.0,436658.3333333333,12.0,,,False,2.031520591575099,0.6494561774725297,,,5905.955233311646,token,Gaming;NFT;Metaverse
8719,ILV,2022-08-31,50560036.06464005,9828.0,55046.666666666664,12.0,,,False,2.05970944038306,0.657912832114918,,,5144.48881406594,token,Gaming;NFT;Metaverse
8719,ILV,2022-09-30,36951004.18113781,8654.0,39013.416666666664,12.0,,,False,2.04489435530445,0.653468306591335,,,4269.817908613105,token,Gaming;NFT;Metaverse
8719,ILV,2022-10-31,100216774.2430445,6462.0,29677.583333333332,12.0,,,False,2.032591673874566,0.6497775021623698,,,15508.63111158225,token,Gaming;NFT;Metaverse
8719,ILV,2022-11-30,72449976.04351783,4751.0,22435.416666666668,12.0,-0.5,1.0,True,2.056848744153241,0.6570546232459723,6411.367881776208,11300.236919714276,15249.416132081209,token,Gaming;NFT;Metaverse
8719,ILV,2022-12-31,75040746.13260657,4076.0,17423.666666666668,12.0,-0.5,1.0,True,2.048645917811966,0.6545937753435899,4971.56613369438,15093.985298520738,18410.38913950112,token,Gaming;NFT;Metaverse
8719,ILV,2023-01-31,140103935.07928246,7217.0,14910.083333333334,12.0,-0.5,1.0,True,2.0069155404582344,0.6420746621374703,4220.920671054268,33192.743005115146,19413.0435193685,token,Gaming;NFT;Metaverse
8719,ILV,2023-02-28,172130985.48525286,6874.0,12774.75,12.0,-0.5,1.0,True,2.0017324445196296,0.6405197333558889,3612.8298344576187,47644.36560048898,25040.876561718484,token,Gaming;NFT;Metaverse
8719,ILV,2023-03-31,162039975.1259554,5455.0,9593.5,12.0,-0.5,1.0,True,1.770063466613451,0.5710190399840352,2585.72840455474,62667.05151265047,29704.853368644435,token,Gaming;NFT;Metaverse
8857,ANC,2021-04-30,341937737.4835737,702240855.0,,1.0,,,False,,,,,0.4869237314362373,token,Lending
8857,ANC,2021-05-31,182217290.4827725,541552969.0,,2.0,,,False,,,,,0.33647177822558016,token,Lending
8857,ANC,2021-06-30,185113905.09866053,749738424.0,,3.0,,,False,,,,,0.2469046525734161,token,Lending
8857,ANC,2021-07-31,167020693.41098076,1299748370.0,,4.0,,,False,,,,,0.12850232957859434,token,Lending
8857,ANC,2021-08-31,334722920.1555962,2756729922.0,,5.0,,,False,,,,,0.12142028041425097,token,Lending
8857,ANC,2021-09-30,371982978.6765172,3091771259.0,1523630299.8333333,6.0,,,False,,,,,0.12031387431838378,token,Lending
8857,ANC,2021-10-31,416187475.82370806,4040747884.0,1883218526.142857,7.0,,,False,,,,,0.10299763503475934,token,Lending
8857,ANC,2021-11-30,662503629.8635386,4793858488.0,2247048521.375,8.0,,,False,,,,,0.13819841188927867,token,Lending
8857,ANC,2021-12-31,654330443.358656,8503470744.0,2942206546.111111,9.0,,,False,,,,,0.0769486322770438,token,Lending
8857,ANC,2022-01-31,332510629.48673075,6826994231.0,3330685314.6,10.0,,,False,,,,,0.048705274713265065,token,Lending
8857,ANC,2022-02-28,896529367.266466,10318694107.0,3965958841.181818,11.0,,,False,,,,,0.08688399500652685,token,Lending
8857,ANC,2022-03-31,697943585.9031217,15189624402.0,4901264304.583333,12.0,,,False,1.2141233102275855,0.4042369930682756,,,0.0459487060003422,token,Lending
8857,ANC,2022-04-30,547025882.665174,16604279587.0,6226434198.916667,12.0,,,False,1.2926878472697427,0.4278063541809228,,,0.03294487302499154,token,Lending
8857,ANC,2022-05-31,80095314.704861,23174331.0,6183235979.083333,12.0,,,False,1.4940020937850336,0.48820062813551,,,3.4562082808285166,token,Lending
8857,ANC,2022-06-30,49649848.18264008,1595140.0,6120890705.416667,12.0,,,False,1.3976151292791403,0.4592845387837421,,,31.125699426157002,token,Lending
8857,ANC,2022-07-31,40817038.71984608,2403216.0,6012778609.25,12.0,,,False,1.244836332297039,0.4134508996891117,,,16.984340450398996,token,Lending
8857,ANC,2022-08-31,31811558.70030901,2062330.0,5783222976.583333,12.0,,,False,1.2440828175998084,0.4132248452799425,,,15.425057435186904,token,Lending
8857,ANC,2022-09-30,32089191.38547989,1748745.0,5525721100.416667,12.0,2.0,1.0,True,1.241018550796359,0.41230556523890766,20166678375435.082,1.59119864898364e-06,18.349840248566768,token,Lending
8857,ANC,2022-10-31,29397873.24600799,2053931.0,5189163271.0,12.0,1.755475904131139,1.0,False,1.2198603671817387,0.4059581101545216,8705546589002.955,3.376912976738767e-06,14.31297996184292,token,Lending
8857,ANC,2022-11-30,19027479.6810231,1638968.0,4789811644.333333,12.0,1.131601342280932,1.0,False,1.2408299037607577,0.4122489711282273,701996645811.9294,2.710480141826876e-05,11.609427201155299,token,Lending
8857,ANC,2022-12-31,10624574.9692056,1530981.0,4081316664.0833335,12.0,0.3871618460905988,1.0,False,1.234604573918385,0.4103813721755155,19781645136.79234,0.0005370925873826695,6.939717063246114,token,Lending
8857,ANC,2023-01-31,17234241.43675526,1737287.0,3512545252.0833335,12.0,0.05460135686975698,1.0,False,1.3395424406071792,0.4418627321821537,4322805932.616538,0.003986818216084847,9.920203994363199,token,Lending
8857,ANC,2023-02-28,9463702.99707127,1786507.0,2652802952.0833335,12.0,-0.33110678695474727,1.0,False,1.3263727141166464,0.43791181423499387,1038848397.1960536,0.009109801798428593,5.297322091137214,token,Lending
8891,BTCST,2021-12-31,258288320.1339461,12857600.0,,1.0,,,False,,,,,20.088377312558027,token,Yield
8891,BTCST,2022-01-31,171447436.8656139,8257357.0,,2.0,,,False,,,,,20.76299194350128,token,Yield
8891,BTCST,2022-02-28,217555177.01805705,7569881.0,,3.0,,,False,,,,,28.739576886090685,token,Yield
8891,BTCST,2022-03-31,202884940.93515503,6749913.0,,4.0,,,False,,,,,30.057415693380793,token,Yield
8891,BTCST,2022-04-30,158251813.59976906,5048334.0,,5.0,,,False,2.4131394913944204,0.7639418474183262,,,31.34733430865887,token,Yield
8891,BTCST,2022-05-31,96326023.8733742,2992957.0,7246007.0,6.0,,,False,2.419710606829172,0.7659131820487516,,,32.184232474230065,token,Yield
8891,BTCST,2022-06-30,64995036.32579517,2128346.0,6514912.571428572,7.0,,,False,2.092888628069008,0.6678665884207025,,,30.537814963260285,token,Yield
8891,BTCST,2022-07-31,361324683.9521426,2317709.0,5990262.125,8.0,,,False,3.0300547303883887,0.9490164191165166,,,155.8973468852831,token,Yield
8891,BTCST,2022-08-31,132010705.3033923,1544526.0,5496291.444444444,9.0,,,False,3.0898402894187136,0.9669520868256141,,,85.4700440804443,token,Yield
8891,BTCST,2022-09-30,107150495.50510427,1465812.0,5093243.5,10.0,,,False,3.0724178786289533,0.961725363588686,,,73.09975324605357,token,Yield
8891,BTCST,2022-10-31,106668526.35259786,1811459.0,4794899.454545454,11.0,,,False,3.0120348237808514,0.9436104471342555,,,58.885421283395246,token,Yield
8891,BTCST,2022-11-30,68408086.71050835,1404735.0,4512385.75,12.0,,,False,3.0127632313330865,0.943828969399926,,,48.698214759729304,token,Yield
8891,BTCST,2022-12-31,8739286.31575624,1222120.0,3542762.4166666665,12.0,,,False,2.9947721498903332,0.9384316449671,,,7.15092324465375,token,Yield
8891,BTCST,2023-01-31,12268241.06465534,1388473.0,2970355.4166666665,12.0,,,False,2.558951796782987,0.8076855390348961,,,8.835779352321103,token,Yield
8891,BTCST,2023-02-28,9730294.3110865,1354339.0,2452393.5833333335,12.0,,,False,2.546273082561666,0.8038819247684998,,,7.184533791825015,token,Yield
8891,BTCST,2023-03-31,8010325.4423886,854530.0,1961111.6666666667,12.0,,,False,2.3279389208041317,0.7383816762412395,,,9.373954621123424,token,Yield
8891,BTCST,2023-04-30,5665917.3650486,839309.0,1610359.5833333333,12.0,,,False,2.308645756115692,0.7325937268347077,,,6.750692968916812,token,Yield
8891,BTCST,2023-05-31,4502184.5139754,750064.0,1423451.8333333333,12.0,-0.5,1.0,True,2.3076961487757335,0.7323088446327201,424698.06973387446,10.60090646702626,6.002400480459533,token,Yield
8891,BTCST,2023-06-30,4314385.02141928,699701.0,1304398.0833333333,12.0,-0.5,1.0,True,2.2624865895528528,0.7187459768658558,386351.1126968042,11.167005554362332,6.166040953806383,token,Yield
8891,BTCST,2023-07-31,4344858.46766418,753862.0,1174077.5,12.0,-0.5,1.0,True,2.254908459184894,0.7164725377554683,347319.92824233277,12.509672248442586,5.763466612807358,token,Yield
8891,BTCST,2023-10-31,4264342.92792313,720371.0,937492.8333333334,12.0,-0.5,1.0,True,2.0741379623153624,0.6622413886946087,268763.60468327795,15.866519326336638,5.919648247809989,token,Yield
8911,STRK,2021-09-30,152563086.52029476,27206145.0,,1.0,,,False,,,,,5.6076701245360105,token,Canonical Bridge;Lending
8911,STRK,2021-10-31,167179294.1308707,33724076.0,,2.0,,,False,,,,,4.957268336451107,token,Canonical Bridge;Lending
8911,STRK,2021-11-30,143879158.90282476,31080595.0,,3.0,,,False,,,,,4.629227944407909,token,Canonical Bridge;Lending
8911,STRK,2021-12-31,117432220.1248237,28785901.0,,4.0,,,False,,,,,4.07950475911189,token,Canonical Bridge;Lending
8911,STRK,2022-01-31,87173204.16277362,24024804.0,,5.0,,,False,,,,,3.6284668196574517,token,Canonical Bridge;Lending
8911,STRK,2022-02-28,130348756.34570624,27789336.0,28768476.166666668,6.0,,,False,,,,,4.690603487096857,token,Canonical Bridge;Lending
8911,STRK,2022-03-31,137312152.49124548,35743683.0,29764934.285714287,7.0,,,False,,,,,3.8415781745615156,token,Canonical Bridge;Lending
8911,STRK,2022-04-30,108468128.55754209,28698576.0,29631639.5,8.0,,,False,,,,,3.7795648312843846,token,Canonical Bridge;Lending
8911,STRK,2022-05-31,83431717.596317,23223780.0,28919655.111111112,9.0,,,False,,,,,3.5925123987704413,token,Canonical Bridge;Lending
8911,STRK,2022-06-30,57909671.0259407,13704369.0,27398126.5,10.0,,,False,0.9751437664877751,0.3325431299463325,,,4.225635709746337,token,Canonical Bridge;Lending
8911,STRK,2022-07-31,68817329.95824976,16161787.0,26376641.09090909,11.0,,,False,0.9838133005205071,0.3351439901561521,,,4.258027281157075,token,Canonical Bridge;Lending
8911,STRK,2022-08-31,62152439.83427984,16022894.0,25513828.833333332,12.0,,,False,0.9674160010595688,0.3302248003178706,,,3.878977158201249,token,Canonical Bridge;Lending
8911,STRK,2022-09-30,54883380.89668099,15080861.0,24503388.5,12.0,,,False,0.9640285530699516,0.32920856592098546,,,3.639273705704269,token,Canonical Bridge;Lending
8911,STRK,2022-10-31,53765482.23749365,15990889.0,23025622.916666668,12.0,,,False,0.9507302912021437,0.3252190873606431,,,3.362257235197721,token,Canonical Bridge;Lending
8911,STRK,2022-11-30,41701166.74762022,14507919.0,21644566.583333332,12.0,,,False,0.9620705826909431,0.3286211748072829,,,2.8743727303426643,token,Canonical Bridge;Lending
8911,STRK,2022-12-31,30736032.23626676,11542292.0,20207599.166666668,12.0,,,False,0.9632010995737209,0.32896032987211626,,,2.6629054468789004,token,Canonical Bridge;Lending
8911,STRK,2023-01-31,44798059.5987793,13316890.0,19315273.0,12.0,,,False,1.0268555792882117,0.3480566737864635,,,3.36400312676453,token,Canonical Bridge;Lending
8911,STRK,2023-02-28,54643967.36234715,14020426.0,18167863.833333332,12.0,-0.3684801472250382,1.0,False,1.0248982110611276,0.3474694633183382,5873613.213371052,9.30329685958079,3.8974541402912544,token,Canonical Bridge;Lending
8911,STRK,2023-03-31,54501925.9399475,13709685.0,16331697.333333334,12.0,-0.45131082176883053,1.0,False,0.9554501922923944,0.3266350576877183,4001599.2839804264,13.620035908676481,3.975432399792373,token,Canonical Bridge;Lending
8911,STRK,2023-04-30,48907905.56614104,14994196.0,15189665.666666666,12.0,-0.4873835561253145,1.0,False,0.95112597014898,0.32533779104469396,3316368.7414178792,14.747426893557973,3.261789132684476,token,Canonical Bridge;Lending
8911,STRK,2023-05-31,42630371.1940466,13784419.0,14403052.25,12.0,-0.5,1.0,True,0.9527659763838884,0.3258297929151665,3022207.9296234557,14.105704235696987,3.0926491130345504,token,Canonical Bridge;Lending
8911,STRK,2023-06-30,42393260.87934313,16367705.0,14624996.916666666,12.0,-0.46620448968776507,1.0,False,0.9392036540192492,0.32176109620577475,3398186.4790329966,12.475260301608506,2.5900552874910154,token,Canonical Bridge;Lending
8911,STRK,2023-07-31,44203654.91804462,14260308.0,14466540.333333334,12.0,-0.45153970577704317,1.0,False,0.9305050236529787,0.31915150709589357,3507533.5557562704,12.60248953156878,3.0997685967262854,token,Canonical Bridge;Lending
8911,STRK,2023-08-31,37468959.76624786,14526429.0,14341834.916666666,12.0,-0.43787994305545663,1.0,False,0.9321733454796569,0.31965200364389706,3631041.0083471946,10.319068190117543,2.5793648092210315,token,Canonical Bridge;Lending
8911,STRK,2023-09-30,41590355.73951764,13061593.0,14173562.583333334,12.0,-0.42156724228841513,1.0,False,0.9350984497238074,0.3205295349171422,3778727.122222157,11.006445925912635,3.184171772885408,token,Canonical Bridge;Lending
8911,STRK,2023-10-31,47700881.14882912,16627658.0,14226626.666666666,12.0,-0.3821393358974454,1.0,False,0.9073583597321664,0.3122075079196499,4239004.46413064,11.252849944476738,2.8687672761148395,token,Canonical Bridge;Lending
8911,STRK,2023-11-30,52379274.7598059,17899120.0,14509226.75,12.0,-0.32965963101463347,1.0,False,0.9101767656894214,0.3130530297068264,5085399.5806272095,10.29993296089148,2.92636033278764,token,Canonical Bridge;Lending
8911,STRK,2023-12-31,58919439.53162601,18154286.0,15060226.25,12.0,-0.254724614943743,1.0,False,0.9070020465215048,0.31210061395645144,6658730.678909025,8.848449107312362,3.2454837128613048,token,Canonical Bridge;Lending
8911,STRK,2024-01-31,52291156.23354497,17307804.0,15392802.416666666,12.0,-0.20307611408512494,1.0,False,0.9075918610016473,0.3122775583004942,8032429.124483864,6.510005307629156,3.0212473074888626,token,Canonical Bridge;Lending
8911,STRK,2024-02-29,59838917.32653417,23856249.0,16212454.333333334,12.0,-0.24930079890193424,2.0,False,0.8194082851836456,0.28582248555509365,7134054.2679922525,8.38778555344165,2.5083120706249407,token,Canonical Bridge;Lending
8911,STRK,2024-03-31,66564786.78412244,21541561.0,16865110.666666668,12.0,-0.247264958945977,2.0,False,0.817262489830705,0.28517874694921147,7466830.703415635,8.914730951871316,3.0900632866913607,token,Canonical Bridge;Lending
8911,STRK,2024-04-30,50894239.22739359,14974929.0,16863505.083333332,12.0,-0.2456097214221531,2.0,False,0.8316935943509809,0.28950807830529424,7533944.215850906,6.75532467048476,3.398629751593052,token,Canonical Bridge;Lending
8911,STRK,2024-05-31,50591142.41324126,12746095.0,16776978.083333334,12.0,-0.2383414635185631,2.0,False,0.8256339030550952,0.28769017091652854,7664509.455548642,6.600701937501862,3.9691483872700823,token,Canonical Bridge;Lending
8911,STRK,2024-06-30,32608471.09161978,10190062.0,16262174.5,12.0,-0.22957764647421908,2.0,False,0.8490646449263511,0.2947193934779053,7688139.766364281,4.241399360906821,3.2000267605456942,token,Canonical Bridge;Lending
8911,STRK,2024-07-31,35824170.47133354,11952585.0,16069864.25,12.0,-0.21945785223953185,2.0,False,0.8449241460329372,0.2934772438098811,7847322.380600314,4.565145757219805,2.9971901870041955,token,Canonical Bridge;Lending
8911,STRK,2024-08-31,33131446.82373485,8847595.0,15596628.083333334,12.0,-0.21814262109377536,2.0,False,0.8197050125602278,0.2859115037680683,7608533.597230606,4.354511470619544,3.744683930913977,token,Canonical Bridge;Lending
8911,STRK,2024-09-30,37339258.40359784,9300472.0,15283201.333333334,12.0,-0.21024189016254102,2.0,False,0.8173178032196209,0.2851953409658862,7652201.33242231,4.879544693288679,4.014770261509076,token,Canonical Bridge;Lending
8911,STRK,2024-10-31,35764661.52883363,7593610.0,14530364.0,12.0,-0.20561222346356334,2.0,False,0.8786414802999452,0.30359244408998354,7478260.6025933325,4.782483979821599,4.709836497902002,token,Canonical Bridge;Lending
8911,STRK,2024-11-30,55330673.34366076,14515952.0,14248433.333333334,12.0,-0.18864837473453744,2.0,False,0.9612591033912439,0.3283777310173731,7865796.397668015,7.034338361474081,3.8117150941020443,token,Canonical Bridge;Lending
8911,STRK,2024-12-31,41868242.5072433,11663393.0,13707525.583333334,12.0,-0.17638893391519328,2.0,False,0.9780267313305243,0.33340801939915726,7893449.0998733435,5.304175903017492,3.5897137743059244,token,Canonical Bridge;Lending
8911,STRK,2025-01-31,59739816.30147368,16970313.0,13679401.333333334,12.0,-0.15844380711071182,2.0,False,0.9885804150546191,0.3365741245163857,8361674.662661204,7.144479869354395,3.5202542405360275,token,Canonical Bridge;Lending
8911,STRK,2025-02-28,48892149.61587355,11780707.0,12673106.166666666,12.0,-0.23910965810683615,3.0,False,0.9476276908560517,0.32428830725681546,5943257.153861187,8.226490685180858,4.150188067309844,token,Canonical Bridge;Lending
8911,STRK,2025-03-31,38534322.80097076,11397351.0,11827755.333333334,12.0,-0.26481077271197695,3.0,False,0.9539192752608381,0.3261757825782514,5127621.113850079,7.515048780980862,3.380989389637185,token,Canonical Bridge;Lending
8911,STRK,2025-04-30,41097354.16683544,13100136.0,11671522.583333334,12.0,-0.26696629430859187,3.0,False,0.9525440310601764,0.32576320931805286,5024481.550001126,8.179421848374831,3.137170039061842,token,Canonical Bridge;Lending
8911,STRK,2025-05-31,35765817.98947798,12939383.0,11687629.916666666,12.0,-0.26065958430331304,3.0,False,0.9334538051227311,0.3200361415368193,5106092.877042346,7.004537295098121,2.7641053664983852,token,Canonical Bridge;Lending
8911,STRK,2025-06-30,32177858.83687052,9603573.0,11638755.833333334,12.0,-0.248269974830577,3.0,False,0.9825952436172434,0.334778573085173,5347721.778896483,6.017115356272426,3.350613239142403,token,Canonical Bridge;Lending
8911,STRK,2025-07-31,66545760.33263152,4762300.0,11039565.416666666,12.0,-0.2519841005056035,3.0,False,1.0050414131207952,0.34151242393623854,5041178.79631749,13.200436449753035,13.973449873513118,token,Canonical Bridge;Lending
8938,EPS,2021-04-30,269169316.1860902,2396335527.0,,2.0,,,False,,,,,0.11232538730628691,token,Dexs;DEX
8938,EPS,2021-05-31,125950069.34601308,1570842695.0,,3.0,,,False,,,,,0.08017993765188124,token,Dexs;DEX
8938,EPS,2021-06-30,50801197.65692374,1635012595.0,,4.0,,,False,,,,,0.0310708295534101,token,Dexs;DEX
8938,EPS,2021-07-31,68509153.82409687,1220094764.0,,5.0,,,False,,,,,0.05615068259082937,token,Dexs;DEX
8938,EPS,2021-08-31,277026300.9640352,1058218067.0,1649695019.0,6.0,,,False,,,,,0.2617856466478522,token,Dexs;DEX
8938,EPS,2021-09-30,186512926.584953,601839020.0,1500001304.857143,7.0,,,False,,,,,0.30990500846049,token,Dexs;DEX
8938,EPS,2021-10-31,225606558.0602045,619580894.0,1389948753.5,8.0,,,False,,,,,0.36412768735280676,token,Dexs;DEX
8938,EPS,2021-11-30,220122274.24312165,596469226.0,1301784361.5555556,9.0,,,False,,,,,0.36904213100697614,token,Dexs;DEX
8938,EPS,2021-12-31,139274527.24660915,558696757.0,1227475601.1,10.0,,,False,,,,,0.249284653081688,token,Dexs;DEX
8938,EPS,2022-01-31,94554247.4560812,616553576.0,1171937235.1818182,11.0,,,False,,,,,0.15335933670114857,token,Dexs;DEX
8938,EPS,2022-02-28,107146603.34932932,615534087.0,1125570306.1666667,12.0,,,False,,,,,0.17407095011024032,token,Dexs;DEX
8938,EPS,2022-03-31,140911734.65548158,660337051.0,1012459521.5833334,12.0,,,False,,,,,0.21339365168452676,token,Dexs;DEX
8938,EPS,2022-04-30,116917036.715142,672104518.0,868773604.1666666,12.0,,,False,1.4492351095334441,0.47477053286003323,,,0.17395662963709166,token,Dexs;DEX
8938,EPS,2022-05-31,113292931.7626382,151861358.0,750525159.4166666,12.0,,,False,1.3530417904463523,0.44591253713390566,,,0.746028701802062,token,Dexs;DEX
8938,EPS,2022-06-30,117525840.45950316,91690933.0,621915020.9166666,12.0,,,False,0.9882835602483258,0.3364850680744977,,,1.2817607653692777,token,Dexs;DEX
8938,EPS,2022-07-31,103698616.28027104,83391988.0,527189789.5833333,12.0,,,False,0.9060920084087528,0.3118276025226258,,,1.2435081446945604,token,Dexs;DEX
8938,EPS,2022-08-31,134448524.6418948,62238371.0,444191481.5833333,12.0,-0.5,1.0,True,0.8219219165531517,0.2865765749659455,88035171.60932067,1.5272137508693189,2.1602192101379836,token,Dexs;DEX
8938,EPS,2022-09-30,63733714.22189184,64964841.0,399451966.6666667,12.0,-0.5,1.0,True,0.810607028938623,0.2831821086815869,78755237.20475204,0.8092631866017184,0.9810493374699685,token,Dexs;DEX
8938,EPS,2022-10-31,39973364.67295946,59885626.0,352810694.3333333,12.0,-0.5,1.0,True,0.7593837759333648,0.2678151327800094,67889803.2495247,0.5887977687317767,0.6674951460465565,token,Dexs;DEX
8938,EPS,2022-11-30,26295039.49846437,51185296.0,307370366.8333333,12.0,-0.5,1.0,True,0.7797841364962164,0.2739352409488649,59728433.8154817,0.4402432446110558,0.5137225248919997,token,Dexs;DEX
8938,EPS,2022-12-31,19856264.19680934,32867240.0,263551240.41666666,12.0,-0.5,1.0,True,0.7764813021319044,0.27294439063957127,51132847.473147586,0.388326979193499,0.6041354308061565,token,Dexs;DEX
8938,EPS,2023-01-31,27465594.37646306,27626049.0,214473946.5,12.0,-0.5,1.0,True,0.8786470074697427,0.30359410224092276,43604592.56006635,0.6298784775623935,0.9941919083855625,token,Dexs;DEX
8938,EPS,2023-02-28,25056508.14405326,22797999.0,165079272.5,12.0,-0.5,1.0,True,0.8770242235037053,0.3031072670511116,33538267.44164408,0.7471020435880026,1.0990661129537405,token,Dexs;DEX
8938,EPS,2023-03-31,26147854.45585818,23294761.0,111992415.0,12.0,-0.5,1.0,True,0.8622811135393252,0.29868433406179756,22605017.93698776,1.1567278791260502,1.1224779020423596,token,Dexs;DEX
8938,EPS,2023-04-30,27096946.44197404,23884001.0,57974038.583333336,12.0,-0.5,1.0,True,0.8654316549710747,0.29962949649132237,11718117.194819236,2.3123976310762644,1.134522915234095,token,Dexs;DEX
8938,EPS,2023-05-31,23545404.6141194,23424105.0,47270934.166666664,12.0,-0.5,1.0,True,0.86220643803778,0.29866193141133396,9541046.225733908,2.467801125479639,1.0051784097671779,token,Dexs;DEX
8938,EPS,2023-06-30,18826884.80223112,8179064.0,40311611.75,12.0,-0.5,1.0,True,0.8329971563651638,0.2898991469095491,8030058.129747045,2.3445514961451703,2.3018385480577144,token,Dexs;DEX
8938,EPS,2023-07-31,17119630.26845459,7111561.0,33954909.5,12.0,-0.5,1.0,True,0.8299869251526377,0.2889960775457913,6754519.3471105695,2.534544560269559,2.407295707433936,token,Dexs;DEX
8938,EPS,2023-08-31,14064878.62754838,5010029.0,29185881.0,12.0,-0.5,2.0,True,0.8270979650243364,0.2881293895073009,5798166.296552096,2.425745987298108,2.8073447534033,token,Dexs;DEX
8938,EPS,2023-09-30,13519503.27403802,4755344.0,24168422.916666668,12.0,-0.5,2.0,True,0.8277863396232793,0.28833590188698377,4802894.758453309,2.8148656079217838,2.8430126766934256,token,Dexs;DEX
8938,EPS,2023-10-31,13779193.91814001,4703358.0,19569900.583333332,12.0,-0.5,2.0,True,0.7967004971037537,0.2790101491311261,3833389.1921998295,3.5945199475643848,2.929650245237554,token,Dexs;DEX
8938,EPS,2023-11-30,14094423.35730661,4697426.0,15695911.416666666,12.0,-0.5,2.0,True,0.8008874635188155,0.28026623905564463,3080586.963873675,4.575239563951027,3.0004567091225303,token,Dexs;DEX
8938,EPS,2023-12-31,17449391.13194059,4982710.0,13372200.583333334,12.0,-0.5,2.0,True,0.8274215415060783,0.2882264624518235,2656960.526489894,6.567425807786821,3.501988101242213,token,Dexs;DEX
8938,EPS,2024-01-31,16029643.43058107,4635651.0,11456334.083333334,12.0,-0.5,2.0,True,0.8266165657426635,0.287984969722799,2275452.354421111,7.044596385169801,3.457905573689881,token,Dexs;DEX
8938,EPS,2024-02-29,23277561.35877319,5954165.0,10052681.25,12.0,-0.5,2.0,True,0.8942684251244271,0.3082805275373281,2057780.505043016,11.31197486890692,3.9094585653526885,token,Dexs;DEX
8938,EPS,2024-03-31,25875585.44686019,6281889.0,8634941.916666666,12.0,-0.5,2.0,True,0.900354262385157,0.3101062787155471,1772226.7845503485,14.600606238679196,4.119077151293216,token,Dexs;DEX
8938,EPS,2024-04-30,21232954.84278137,4515289.0,7020882.583333333,12.0,-0.5,2.0,True,0.8939984275785943,0.30819952827357827,1437004.1316614212,14.775848151690742,4.7024575487374936,token,Dexs;DEX
8938,EPS,2024-05-31,20309697.08789381,4869167.0,5474637.75,12.0,-0.5,2.0,True,0.820615493381374,0.2861846480144122,1084376.8496011246,18.729371708151547,4.171082463980761,token,Dexs;DEX
8938,EPS,2024-06-30,19032869.89623398,4493296.0,5167490.416666667,12.0,-0.5,2.0,True,0.7751491514771885,0.27254474544315654,1001931.6430902343,18.996176063999084,4.235837099588805,token,Dexs;DEX
8938,EPS,2024-07-31,18342041.8294184,4091759.0,4915840.25,12.0,-0.5,2.0,True,0.7354753562720123,0.2606426068816037,934930.9604928438,19.61860565591869,4.482678923518809,token,Dexs;DEX
8938,EPS,2024-08-31,16345234.85291156,2528708.0,4709063.5,12.0,-0.5,3.0,True,0.6858237582396824,0.24574712747190475,873444.2139709406,18.71354185128916,6.463868051555007,token,Dexs;DEX
8938,EPS,2024-09-30,16440227.67952431,2524387.0,4523150.416666667,12.0,-0.5,3.0,True,0.6601530637466281,0.23804591912398843,827820.963959802,19.859641631789636,6.5125623288047,token,Dexs;DEX
8938,EPS,2024-10-31,16385069.82451321,2482558.0,4338083.75,12.0,-0.5,3.0,True,0.7041724822160894,0.2512517446648268,812217.4416141211,20.173255319352823,6.60007533540534,token,Dexs;DEX
8938,EPS,2025-02-28,12943692.97276925,1844477.0,3367423.75,12.0,-0.5,3.0,True,0.7081145196066677,0.2524343558820003,631741.25291746,20.48891522121384,7.017541000928311,token,Dexs;DEX
8938,EPS,2025-04-30,12920527.11069344,2289060.0,2845124.0833333335,12.0,-0.5,3.0,True,0.6573500190283715,0.23720500570851147,519942.2797866764,24.849925872530534,5.644468520132037,token,Dexs;DEX
8938,EPS,2025-06-30,13254645.25099233,1316737.0,2320678.25,12.0,-0.5,3.0,True,0.6122499549855446,0.22367498649566336,413940.86549273646,32.02062506009065,10.066281460149089,token,Dexs;DEX
8938,EPS,2025-07-31,15477275.20906005,1378443.0,2094568.5833333333,12.0,-0.5,3.0,True,0.6150326778476364,0.2245098033542909,374178.87936857785,41.363305259713634,11.228085027135725,token,Dexs;DEX
8938,EPS,2025-08-31,16722363.29010463,1291764.0,1991489.9166666667,12.0,-0.5,3.0,True,0.5943385540095535,0.21830156620286606,351728.69392427284,47.543358216048624,12.945370276694993,token,Dexs;DEX
8938,EPS,2025-09-30,18622215.41398521,1165318.0,1878234.1666666667,12.0,-0.5,3.0,True,0.5933294341000755,0.21799883023002267,331539.74607821513,56.16887759089963,15.980372236578523,token,Dexs;DEX
8938,EPS,2025-10-31,19764216.89751549,1149580.0,1767152.6666666667,12.0,-0.5,3.0,True,0.6057602361133964,0.2217280708340189,314086.4250933487,62.9260462041345,17.192554582991605,token,Dexs;DEX
8938,EPS,2025-11-30,15709584.56584819,1235323.0,1667943.4166666667,12.0,-0.5,3.0,True,0.7946449018830045,0.2783934705649013,326404.3365805767,48.12921522557681,12.716985408551603,token,Dexs;DEX
8938,EPS,2025-12-31,15067524.57751606,1218906.0,1577116.8333333333,12.0,-0.5,3.0,True,0.8290447795462972,0.28871343386388915,313594.68519265426,48.047767672655084,12.361514815347583,token,Dexs;DEX
8938,EPS,2026-01-31,13280763.83835419,1246571.0,1510756.4166666667,12.0,-0.5,3.0,True,0.9403164652769971,0.3220949395830991,315368.6933373531,42.11186499779679,10.653836675451451,token,Dexs;DEX
9119,TLM,2024-08-31,49195466.58255386,187657.0,,1.0,,,False,1.4108027499303997,0.4632408249791199,,,262.1563095570848,token,Gaming;NFT;Metaverse
9119,TLM,2024-09-30,50749206.09130559,230579.0,,2.0,,,False,1.381742102960432,0.45452263088812955,,,220.09465775853653,token,Gaming;NFT;Metaverse
9119,TLM,2024-10-31,46039228.74846881,224131.0,,3.0,,,False,1.3879221695235224,0.4563766508570567,,,205.41214177632193,token,Gaming;NFT;Metaverse
9119,TLM,2024-11-30,74439756.0034911,381590.0,,4.0,,,False,1.5227086014587892,0.4968125804376367,,,195.07784796113918,token,Gaming;NFT;Metaverse
9119,TLM,2024-12-31,75671345.89731507,301290.0,,5.0,,,False,1.4928587419900716,0.4878576225970215,,,251.15784094166773,token,Gaming;NFT;Metaverse
9119,TLM,2025-01-31,53308931.49529332,285335.0,268430.3333333333,6.0,,,False,1.440227319561565,0.47206819586846943,,,186.8292760975461,token,Gaming;NFT;Metaverse
9119,TLM,2025-02-28,38480909.03628935,226106.0,262384.0,7.0,,,False,1.4363203379491183,0.4708961013847355,,,170.1896855293064,token,Gaming;NFT;Metaverse
9119,TLM,2025-03-31,30020337.32588074,169513.0,250775.125,8.0,,,False,1.4398208334767657,0.4719462500430297,,,177.09755196286267,token,Gaming;NFT;Metaverse
9119,TLM,2025-04-30,34628801.05648222,196934.0,244792.77777777778,9.0,,,False,1.4283839126768145,0.4685151738030443,,,175.8396267606519,token,Gaming;NFT;Metaverse
9119,TLM,2025-05-31,27259722.06063169,168031.0,237116.6,10.0,,,False,1.3680244536053985,0.45040733608161954,,,162.2303150051579,token,Gaming;NFT;Metaverse
9119,TLM,2025-06-30,24971634.17159532,163915.0,230461.9090909091,11.0,,,False,1.5106906441378143,0.49320719324134427,,,152.34502133175926,token,Gaming;NFT;Metaverse
9119,TLM,2025-07-31,28378745.58295543,183680.0,226563.41666666666,12.0,,,False,1.5029916604903846,0.4908974981471153,,,154.50101036016676,token,Gaming;NFT;Metaverse
9119,TLM,2025-08-31,26969436.27895141,164903.0,224667.25,12.0,,,False,1.5088966263319317,0.49266898789957947,,,163.54727493709277,token,Gaming;NFT;Metaverse
9119,TLM,2025-09-30,24511986.76732587,142865.0,217357.75,12.0,,,False,1.5218703961019473,0.4965611188305841,,,171.57447077538845,token,Gaming;NFT;Metaverse
9119,TLM,2025-10-31,18914271.77280226,98739.0,206908.41666666666,12.0,,,False,1.5306541532659679,0.49919624597979034,,,191.55826748095748,token,Gaming;NFT;Metaverse
9119,TLM,2025-11-30,14709319.36644261,77163.0,181539.5,12.0,,,False,1.5144492848399926,0.49433478545199777,,,190.62658743753624,token,Gaming;NFT;Metaverse
9119,TLM,2025-12-31,15974690.56090523,62661.0,161653.75,12.0,,,False,1.4779250070699312,0.48337750212097935,,,254.93832784196277,token,Gaming;NFT;Metaverse
9119,TLM,2026-01-31,12148424.08931733,67543.0,143504.41666666666,12.0,-0.4653941866977279,1.0,False,1.337511255628241,0.44125337668847225,38335.029671191936,316.90138741295,179.86207437213818,token,Gaming;NFT;Metaverse
9444,KNC,2021-07-31,278263528.6597728,445345641.0,79274409.0,10.0,,,False,,,,,0.6248259846777591,token,DEX Aggregator;Dexs;Yield Aggregator;DEX
9444,KNC,2021-08-31,334418187.6410598,461473286.0,114019761.45454545,11.0,,,False,,,,,0.7246750739132922,token,DEX Aggregator;Dexs;Yield Aggregator;DEX
9444,KNC,2021-09-30,259956399.0592738,383801049.0,136501535.41666666,12.0,,,False,,,,,0.6773207101350934,token,DEX Aggregator;Dexs;Yield Aggregator;DEX
9444,KNC,2021-10-31,353692620.40055525,149775387.0,148157101.91666666,12.0,,,False,,,,,2.361486940444729,token,DEX Aggregator;Dexs;Yield Aggregator;DEX
9444,KNC,2021-11-30,346655846.5473128,77436166.0,153730803.0,12.0,,,False,,,,,4.47666593600867,token,DEX Aggregator;Dexs;Yield Aggregator;DEX
9444,KNC,2021-12-31,228636267.6378519,72455775.0,158610974.16666666,12.0,,,False,,,,,3.155528563980606,token,DEX Aggregator;Dexs;Yield Aggregator;DEX
9444,KNC,2022-01-31,335780169.5847228,68397031.0,164041367.5,12.0,,,False,,,,,4.909279901122065,token,DEX Aggregator;Dexs;Yield Aggregator;DEX
9444,KNC,2022-02-28,429156542.50614434,66071795.0,168573842.66666666,12.0,,,False,,,,,6.495306242340538,token,DEX Aggregator;Dexs;Yield Aggregator;DEX
9444,KNC,2022-03-31,578638924.5085598,130514700.0,177365099.08333334,12.0,2.0,1.0,True,,,,,4.433515339716981,token,DEX Aggregator;Dexs;Yield Aggregator;DEX
9444,KNC,2022-04-30,870635747.2439536,131886457.0,184180325.75,12.0,2.0,1.0,True,,,,,6.601403715348526,token,DEX Aggregator;Dexs;Yield Aggregator;DEX
9444,KNC,2022-05-31,388834880.3545007,76454469.0,187564940.91666666,12.0,2.0,1.0,True,,,,,5.085835863362032,token,DEX Aggregator;Dexs;Yield Aggregator;DEX
9444,KNC,2022-06-30,223235381.95112973,55183990.0,176566312.16666666,12.0,2.0,1.0,True,,,,,4.04529251964437,token,DEX Aggregator;Dexs;Yield Aggregator;DEX
9444,KNC,2022-07-31,274893037.9913711,54359224.0,143984110.75,12.0,0.8162747924112559,1.0,False,0.9711819442196163,0.33135458326588485,7904520616.801225,0.034776686824888554,5.056971342920037,token,DEX Aggregator;Dexs;Yield Aggregator;DEX
9444,KNC,2022-08-31,307111275.409989,56636372.0,110247701.25,12.0,-0.03308251268398943,1.0,False,0.9293511338942158,0.3188053401682647,104431699.78076921,2.9407859496177866,5.4225096799983765,token,DEX Aggregator;Dexs;Yield Aggregator;DEX
9444,KNC,2022-09-30,209205508.33876595,51720656.0,82574335.16666667,12.0,-0.39506662020605776,1.0,False,0.9205159508760588,0.3161547852628176,23758182.50897743,8.805619211811093,4.044912120580333,token,DEX Aggregator;Dexs;Yield Aggregator;DEX
9444,KNC,2022-10-31,150289903.82608306,78628071.0,76645392.16666667,12.0,-0.4826748689389382,1.0,False,0.8555234042580584,0.2966570212774175,16314974.887894345,9.211776595353367,1.9114026570241442,token,DEX Aggregator;Dexs;Yield Aggregator;DEX
9444,KNC,2022-11-30,118333067.25722502,91582099.0,77824219.91666667,12.0,-0.4937630039136225,1.0,False,0.8846143711770404,0.3053843113531121,16187627.155458802,7.310093451054107,1.2920982216975068,token,DEX Aggregator;Dexs;Yield Aggregator;DEX
9444,KNC,2022-12-31,75020733.66342498,88783567.0,79184869.25,12.0,-0.5,1.0,True,0.8804483714893445,0.3041345114468033,16111764.110159455,4.656270607643753,0.8449844514968067,token,DEX Aggregator;Dexs;Yield Aggregator;DEX
9444,KNC,2023-01-31,130983052.7338668,113397280.0,82934890.0,12.0,-0.49442697739032204,1.0,False,1.1230403055087372,0.37691209165262113,18912821.757850368,6.925621909353538,1.1550810807266876,token,DEX Aggregator;Dexs;Yield Aggregator;DEX
9444,KNC,2023-02-28,138193675.68870237,121132645.0,87523294.16666667,12.0,-0.48080145304789157,1.0,False,1.1197974373188566,0.375939231195657,20799773.790170696,6.64399897243153,1.1408458528145107,token,DEX Aggregator;Dexs;Yield Aggregator;DEX
9444,KNC,2023-03-31,121821648.05003329,21459168.0,78435333.16666667,12.0,1.5169344306398673,2.0,False,0.9836325419624747,0.3350897625887424,86823765279.22147,0.0014030910506847999,5.676904530969387,token,DEX Aggregator;Dexs;Yield Aggregator;DEX
9444,KNC,2023-04-30,116034825.47281107,21614172.0,69245976.08333333,12.0,0.9740146318575897,2.0,False,0.9776764058424966,0.33330292175274895,7941344850.543546,0.01461148302417179,5.368460354290281,token,DEX Aggregator;Dexs;Yield Aggregator;DEX
9444,KNC,2023-05-31,110920919.04176666,16804507.0,64275145.916666664,12.0,0.7914033173183876,2.0,False,0.9825668786220474,0.3347700635866142,3065864323.5754743,0.036179330634047234,6.600664871737484,token,DEX Aggregator;Dexs;Yield Aggregator;DEX
9444,KNC,2023-06-30,102431602.56676024,15725292.0,60986921.083333336,12.0,0.2569721964930025,2.0,False,0.9493980832167265,0.3248194249650179,203163649.30685517,0.5041827261728754,6.513812434564665,token,DEX Aggregator;Dexs;Yield Aggregator;DEX
9444,KNC,2023-07-31,124740122.83457154,13944560.0,57619032.416666664,12.0,-0.14745664443968187,2.0,False,0.9292797979104708,0.3187839393731412,36273354.21173785,3.4388913169272435,8.945432687339833,token,DEX Aggregator;Dexs;Yield Aggregator;DEX
9444,KNC,2023-08-31,86522208.78522868,13236355.0,54002364.333333336,12.0,-0.31179737749548275,2.0,False,0.9596850265332042,0.3279055079599612,20299909.726756614,4.262196726480352,6.536709599072304,token,DEX Aggregator;Dexs;Yield Aggregator;DEX
9444,KNC,2023-09-30,117522056.62537006,13569193.0,50823075.75,12.0,-0.389814751755608,2.0,False,0.9747679305540021,0.3324303791662006,15150288.497086845,7.757083744508736,8.660946647701898,token,DEX Aggregator;Dexs;Yield Aggregator;DEX
9444,KNC,2023-10-31,127568099.01230717,13993680.0,45436876.5,12.0,-0.44621269313455203,2.0,False,0.9069956956664875,0.3120987086999462,11097276.176163536,11.495442393901836,9.116122350397262,token,DEX Aggregator;Dexs;Yield Aggregator;DEX
9444,KNC,2023-11-30,109974247.6586062,5903994.0,38297034.416666664,12.0,-0.5,2.0,True,0.894055952938681,0.3082167858816043,7838668.213912748,14.029710743900905,18.62709339789407,token,DEX Aggregator;Dexs;Yield Aggregator;DEX
9444,KNC,2023-12-31,114246276.55137692,6662830.0,31453639.666666668,12.0,-0.5,2.0,True,0.8759768229960249,0.3027930468988074,6387323.772185001,17.886407613919204,17.146809471557418,token,DEX Aggregator;Dexs;Yield Aggregator;DEX
9444,KNC,2024-01-31,98665459.61253595,5475789.0,22460182.083333332,12.0,-0.5,2.0,True,0.876640230394133,0.30299206911823984,4562343.993760516,21.626045679035013,18.018491876245772,token,DEX Aggregator;Dexs;Yield Aggregator;DEX
9444,KNC,2024-02-29,126214385.99830338,4796761.0,12765525.083333334,12.0,-0.5,2.0,True,0.8127692486768122,0.2838307746030436,2519354.057889029,50.09791521881551,26.312419150819352,token,DEX Aggregator;Dexs;Yield Aggregator;DEX
9444,KNC,2024-03-31,161320075.81504828,4313179.0,11336692.666666666,12.0,-0.02895473017580452,3.0,False,0.830560739327899,0.28916822179836965,11056121.592009181,14.591018602006192,37.40166494714184,token,DEX Aggregator;Dexs;Yield Aggregator;DEX
9444,KNC,2024-04-30,105318641.37905356,3575330.0,9833455.833333334,12.0,-0.17901077936319387,3.0,False,0.8715668473125465,0.30147005419376394,5523203.246747062,19.06839865816669,29.45704071485809,token,DEX Aggregator;Dexs;Yield Aggregator;DEX
9444,KNC,2024-05-31,122704686.5785712,2459223.0,8638015.5,12.0,-0.2444685415545088,3.0,False,0.8764586482407559,0.30293759447222673,3916352.6034119814,31.331368496204647,49.89571363742581,token,DEX Aggregator;Dexs;Yield Aggregator;DEX
9444,KNC,2024-06-30,102003829.94995776,2210689.0,7511798.583333333,12.0,-0.4205007793049932,3.0,False,0.8849157486232271,0.3054747245869681,1970758.7074392058,51.75866003530236,46.141193967110596,token,DEX Aggregator;Dexs;Yield Aggregator;DEX
9444,KNC,2024-07-31,97177532.26997648,2039766.0,6519732.416666667,12.0,-0.5,3.0,True,0.8839873881203454,0.30519621643610356,1328628.1563790701,73.14125611699804,47.64150999182087,token,DEX Aggregator;Dexs;Yield Aggregator;DEX
9444,KNC,2024-08-31,80025401.91593234,1828638.0,5569089.333333333,12.0,-0.5,3.0,True,0.8833538763901503,0.3050061629170451,1134586.3997068235,70.53266453450426,43.762298451597495,token,DEX Aggregator;Dexs;Yield Aggregator;DEX
9444,KNC,2024-09-30,87045356.91472375,1943605.0,4600290.333333333,12.0,-0.5,3.0,True,0.8718093399977511,0.3015428019993253,932471.5076864102,93.34907951310515,44.7855181041023,token,DEX Aggregator;Dexs;Yield Aggregator;DEX
9444,KNC,2024-10-31,77698747.93974914,1930040.0,3594987.0,12.0,-0.5,3.0,True,0.852370827752505,0.29571124832575146,722421.4599211708,107.55321131826214,40.25758426755359,token,DEX Aggregator;Dexs;Yield Aggregator;DEX
9444,KNC,2024-11-30,131910985.83996443,2132476.0,3280693.8333333335,12.0,-0.5,3.0,True,0.9847805257435143,0.33543415772305424,697440.787827623,189.13574907317738,61.85813385002431,token,DEX Aggregator;Dexs;Yield Aggregator;DEX
9444,KNC,2024-12-31,98442561.53369787,2046819.0,2896026.25,12.0,-0.5,3.0,True,0.9658199470310143,0.3297459841093042,610945.9115494313,161.1313860568047,48.09539169496564,token,DEX Aggregator;Dexs;Yield Aggregator;DEX
9444,KNC,2025-01-31,94433758.04501192,1880465.0,2596415.9166666665,12.0,-0.5,3.0,True,1.0939050219619881,0.36817150658859643,575688.9073815964,164.03609108003246,50.218301348343054,token,DEX Aggregator;Dexs;Yield Aggregator;DEX
9444,KNC,2025-02-28,74002062.64026687,1574723.0,2327912.75,12.0,-0.5,3.0,True,1.076729124575214,0.3630187373725642,512871.8049668796,144.289590349085,46.99370152100837,token,DEX Aggregator;Dexs;Yield Aggregator;DEX
9444,KNC,2025-03-31,63134208.90268767,1450409.0,2089348.5833333333,12.0,-0.5,3.0,True,1.0734666208734744,0.3620399862620423,459750.60754875187,137.3227307720152,43.52855567132283,token,DEX Aggregator;Dexs;Yield Aggregator;DEX
9444,KNC,2025-04-30,69519751.40015395,1425300.0,1910179.4166666667,12.0,-0.5,3.0,True,1.2290888400771365,0.4087266520231409,444060.5044862599,156.5546827466279,48.77552192531674,token,DEX Aggregator;Dexs;Yield Aggregator;DEX
9444,KNC,2025-05-31,60552055.99682967,1506210.0,1830761.6666666667,12.0,-0.5,3.0,True,1.1565467626050563,0.38696402878151687,415183.8384842946,145.84396208167965,40.2016026960581,token,DEX Aggregator;Dexs;Yield Aggregator;DEX
9444,KNC,2025-06-30,53864485.54875305,1411406.0,1764154.75,12.0,-0.5,3.0,True,1.1986803958361874,0.39960411875085616,405945.9409008091,132.6888142525228,38.163707359011546,token,DEX Aggregator;Dexs;Yield Aggregator;DEX
9444,KNC,2025-07-31,79907317.22850424,1445534.0,1714635.4166666667,12.0,-0.5,3.0,True,1.1976312391698418,0.3992893717509525,394410.41513403173,202.59940955501767,55.278753200204385,token,DEX Aggregator;Dexs;Yield Aggregator;DEX
9444,KNC,2025-08-31,71909387.00445634,1375414.0,1676866.75,12.0,-0.5,3.0,True,1.2828522905129904,0.4248556871538971,396698.5698588183,181.26958972916964,52.28199437002702,token,DEX Aggregator;Dexs;Yield Aggregator;DEX
9444,KNC,2025-09-30,62010491.94365912,1378436.0,1629769.3333333333,12.0,-0.5,3.0,True,1.2597426105595975,0.41792278316787923,382703.38361714187,162.03277681415716,44.98612336275251,token,DEX Aggregator;Dexs;Yield Aggregator;DEX
9444,KNC,2025-10-31,55056752.94192832,1299173.0,1577197.0833333333,12.0,-0.5,3.0,True,1.2571550571104428,0.41714651713313283,370047.4025282029,148.78297365627964,42.37830754020313,token,DEX Aggregator;Dexs;Yield Aggregator;DEX
9444,KNC,2025-11-30,52622859.5662692,1209820.0,1500309.0833333333,12.0,-0.5,3.0,True,1.200207029362701,0.40006210880881027,345412.0565272737,152.3480682618098,43.49643712805971,token,DEX Aggregator;Dexs;Yield Aggregator;DEX
9444,KNC,2025-12-31,43769142.01252458,1168702.0,1427132.6666666667,12.0,-0.5,3.0,True,1.1762160540482536,0.39286481621447605,325874.63124550664,134.3128240613179,37.4510713702249,token,DEX Aggregator;Dexs;Yield Aggregator;DEX
9444,KNC,2026-01-31,32858604.96208532,1141371.0,1365541.5,12.0,-0.5,3.0,True,1.0066066312533992,0.34198198937601976,292839.79953652906,112.20675951182146,28.788715467700968,token,DEX Aggregator;Dexs;Yield Aggregator;DEX
9444,KNC,2026-02-28,28162027.86619641,1046996.0,1321564.25,12.0,-0.5,3.0,True,1.010566375625666,0.34316991268769975,283852.55174970755,99.21358005274801,26.89793262457202,token,DEX Aggregator;Dexs;Yield Aggregator;DEX
9444,KNC,2026-03-31,28507848.23784883,1044820.0,1287765.1666666667,12.0,-0.5,3.0,True,1.0964325317104553,0.36892975951313656,285795.20002605,99.74921984431637,27.284937346001062,token,DEX Aggregator;Dexs;Yield Aggregator;DEX
9444,KNC,2026-04-30,27968610.38076503,1064941.0,1257735.25,12.0,-0.5,3.0,True,1.0854141886284254,0.3656242565885276,277995.32043707184,100.60820569494484,26.263060940244603,token,DEX Aggregator;Dexs;Yield Aggregator;DEX
9444,KNC,2026-05-31,29274397.98398639,1045506.0,1219343.25,12.0,-0.5,3.0,True,1.074228188581581,0.36226845657447426,268386.9505935107,109.07534035931705,28.000219973856094,token,DEX Aggregator;Dexs;Yield Aggregator;DEX
9481,PENDLE,2023-06-30,163998412.52617398,119739193.0,33488892.25,12.0,0.5970208805107509,1.0,False,,,,,1.3696301805389148,token,Yield;RWA;Restaking
9481,PENDLE,2023-07-31,147398640.5640181,151335610.0,45592582.333333336,12.0,1.3313795549158978,1.0,False,,,,,0.9739851748310797,token,Yield;RWA;Restaking
9481,PENDLE,2023-08-31,148420164.6831188,139413802.0,56641236.166666664,12.0,2.0,1.0,True,,,,,1.064601657468023,token,Yield;RWA;Restaking
9481,PENDLE,2023-09-30,169217947.58905354,157861726.0,69104716.83333333,12.0,2.0,1.0,True,,,,,1.071937776665723,token,Yield;RWA;Restaking
9481,PENDLE,2023-10-31,216943944.77026543,191490592.0,84427987.33333333,12.0,2.0,1.0,True,,,,,1.1329222104565086,token,Yield;RWA;Restaking
9481,PENDLE,2023-11-30,247072977.2313532,231954053.0,103128545.08333333,12.0,0.9036939653334415,2.0,False,,,,,1.0651806857255182,token,Yield;RWA;Restaking
9481,PENDLE,2023-12-31,279850224.13110846,234009336.0,121360967.91666667,12.0,1.0363546263262147,2.0,False,,,,,1.1958934156845284,token,Yield;RWA;Restaking
9481,PENDLE,2024-01-31,609703400.7013611,596013505.0,169406094.25,12.0,1.4054582480363051,2.0,False,,,,,1.0229691031939974,token,Yield;RWA;Restaking
9481,PENDLE,2024-02-29,754228260.120079,1886175965.0,324589121.6666667,12.0,2.0,2.0,True,,,,,0.3998716313406523,token,Yield;RWA;Restaking
9481,PENDLE,2024-03-31,1309689021.273068,3364805201.0,601569198.5833334,12.0,2.0,2.0,True,,,,,0.38923175133105364,token,Yield;RWA;Restaking
9481,PENDLE,2024-04-30,1008605689.7135128,4329225340.0,956876210.0,12.0,2.0,2.0,True,,,,,0.2329760200732616,token,Yield;RWA;Restaking
9481,PENDLE,2024-05-31,952419729.3855214,6140319954.0,1461862023.0833333,12.0,2.0,2.0,True,,,,,0.1551091370678632,token,Yield;RWA;Restaking
9481,PENDLE,2024-06-30,783731347.670991,3654689772.0,1756441238.0,12.0,2.0,2.0,True,0.9558082894086768,0.326742486822603,11218745181429.719,6.98590916360498e-05,0.21444538293659332,token,Yield;RWA;Restaking
9481,PENDLE,2024-07-31,543989749.7997102,3237365380.0,2013610385.5,12.0,2.0,2.0,True,1.0161055625509345,0.3448316687652803,11358570720142.27,4.789244731602081e-05,0.1680347090755972,token,Yield;RWA;Restaking
9481,PENDLE,2024-08-31,505269985.6604216,2540040260.0,2213662590.3333335,12.0,2.0,2.0,True,1.059343793315976,0.35780313799479274,11446989475820.594,4.413998866057319e-05,0.19892203821226898,token,Yield;RWA;Restaking
9481,PENDLE,2024-09-30,683524825.8038145,1969412695.0,2364625171.0833335,12.0,2.0,2.0,True,1.0605022907099277,0.35815068721297827,12199451306342.75,5.6029144970514836e-05,0.3470703867905221,token,Yield;RWA;Restaking
9481,PENDLE,2024-10-31,769167359.9522797,2561848718.0,2562155014.9166665,12.0,2.0,2.0,True,1.0432105746986358,0.3529631724095907,13683309198983.55,5.621208647462387e-05,0.300239180615145,token,Yield;RWA;Restaking
9481,PENDLE,2024-11-30,949038996.6413102,4141218645.0,2887927064.25,12.0,2.0,3.0,True,0.8486096922882662,0.2945829076864798,23229282965427.58,4.085528589297295e-05,0.2291690147264152,token,Yield;RWA;Restaking
9481,PENDLE,2024-12-31,771747302.5644145,4423123759.0,3237019932.8333335,12.0,2.0,3.0,True,0.9056759665710992,0.3117027899713297,22991724858775.977,3.3566307325995914e-05,0.17448015127184563,token,Yield;RWA;Restaking
9481,PENDLE,2025-01-31,613653931.8816273,5457738909.0,3642163716.5,12.0,2.0,3.0,True,0.883827634361794,0.3051482903085382,27118625619983.957,2.2628504131471185e-05,0.11243739250144245,token,Yield;RWA;Restaking
9481,PENDLE,2025-02-28,475483054.15705776,4692563459.0,3876029341.0,12.0,2.0,3.0,True,0.9555203380069022,0.32665610140207063,24771895456877.13,1.9194455869748756e-05,0.10132693107114309,token,Yield;RWA;Restaking
9481,PENDLE,2025-03-31,438162743.1268369,3041609048.0,3849096328.25,12.0,2.0,3.0,True,0.9682210092553499,0.33046630277660494,23956945234564.926,1.828959155003863e-05,0.1440562334646359,token,Yield;RWA;Restaking
9481,PENDLE,2025-04-30,556225759.9126966,2932157703.0,3732674025.1666665,12.0,2.0,3.0,True,0.9794347167478351,0.3338304150243505,22698602673029.01,2.4504845867610013e-05,0.18969844607730385,token,Yield;RWA;Restaking
9481,PENDLE,2025-05-31,649224878.1041596,4053452168.0,3558768376.3333335,12.0,2.0,3.0,True,0.9780052997060921,0.3334015899118276,21705127927586.066,2.9911128847991225e-05,0.16016591566799995,token,Yield;RWA;Restaking
9481,PENDLE,2025-06-30,562732678.0720459,4911522523.0,3663504438.9166665,12.0,2.0,3.0,True,0.9929600985042247,0.3378880295512674,21665773028120.836,2.597334871650569e-05,0.11457397893155216,token,Yield;RWA;Restaking
9481,PENDLE,2025-07-31,669961063.6927519,6827448720.0,3962678050.5833335,12.0,2.0,3.0,True,0.9928363428941803,0.3378509028682541,23441026654315.67,2.858070482887348e-05,0.09812758633106979,token,Yield;RWA;Restaking
9481,PENDLE,2025-08-31,778950463.8824946,10567721103.0,4631651454.166667,12.0,2.0,3.0,True,0.9534242400257062,0.32602727200771187,29731232315271.703,2.6199736883505496e-05,0.07371035403852241,token,Yield;RWA;Restaking
9481,PENDLE,2025-09-30,758566476.5998986,6601956892.0,5017696803.916667,12.0,2.0,3.0,True,0.953371187443641,0.3260113562330923,32212890331670.11,2.3548538140773844e-05,0.11490024685242956,token,Yield;RWA;Restaking
9481,PENDLE,2025-10-31,516764628.9537348,6997324716.0,5387319803.75,12.0,2.0,3.0,True,1.011108126449015,0.34333243793470447,30699738493660.734,1.6832867454569453e-05,0.07385174333443564,token,Yield;RWA;Restaking
9481,PENDLE,2025-11-30,437563716.6665246,3463142879.0,5330813489.916667,12.0,2.0,3.0,True,1.0077381557626144,0.3423214467287843,30587046737098.797,1.4305523525283888e-05,0.12634873349287665,token,Yield;RWA;Restaking
9481,PENDLE,2025-12-31,310246217.1229929,3733733489.0,5273364300.75,12.0,2.0,3.0,True,1.0454132003640584,0.3536239601092175,28038537450587.85,1.1064992875243152e-05,0.08309275904051888,token,Yield;RWA;Restaking
9481,PENDLE,2026-01-31,261055356.6134129,3096886826.0,5076626627.166667,12.0,2.0,3.0,True,1.0607188657517381,0.3582156597255214,26179778992003.305,9.97164096355256e-06,0.08429605964987656,token,Yield;RWA;Restaking
9481,PENDLE,2026-02-28,213478878.65880167,2260382218.0,4873944857.083333,12.0,2.0,3.0,True,1.076885836335872,0.36306575090076154,24341351916242.043,8.770214546561626e-06,0.09444370821837782,token,Yield;RWA;Restaking
9481,PENDLE,2026-03-31,185138405.06308293,2070918575.0,4793053984.333333,12.0,2.0,3.0,True,1.080026192447439,0.36400785773423167,23789351977017.88,7.782406399381503e-06,0.08939917160339485,token,Yield;RWA;Restaking
9481,PENDLE,2026-04-30,241002784.0284666,1478857918.0,4671945668.916667,12.0,2.0,3.0,True,1.097589656066704,0.3692768968200112,22401097278770.23,1.075852584493116e-05,0.16296547565191222,token,Yield;RWA;Restaking
9481,PENDLE,2026-05-31,232819656.22077,1449285890.0,4454931812.416667,12.0,2.0,3.0,True,1.0989651913253176,0.36968955739759524,21303092503311.49,1.0928913545513592e-05,0.16064439585537538,token,Yield;RWA;Restaking
9543,BICO,2022-03-31,183042129.4895097,17560827.0,,1.0,,,False,,,,,10.423320581058608,token,Bridge;Interoperability
9543,BICO,2022-04-30,124102733.25163092,13898128.0,,2.0,,,False,,,,,8.929456776598325,token,Bridge;Interoperability
9543,BICO,2022-05-31,113506868.07376792,9791140.0,,3.0,,,False,,,,,11.592814327419271,token,Bridge;Interoperability
9543,BICO,2022-06-30,72678066.25742187,6669376.0,,4.0,,,False,,,,,10.897281283499666,token,Bridge;Interoperability
9543,BICO,2022-07-31,99116342.20751163,9265040.0,,5.0,,,False,,,,,10.697886054189905,token,Bridge;Interoperability
9543,BICO,2022-08-31,87033686.70660137,7094764.0,10713212.5,6.0,,,False,,,,,12.267312444304189,token,Bridge;Interoperability
9543,BICO,2022-09-30,79518709.82148418,5171229.0,9921500.57142857,7.0,,,False,,,,,15.377139519731998,token,Bridge;Interoperability
9543,BICO,2022-10-31,84406498.65387183,4494188.0,9243086.5,8.0,,,False,,,,,18.781256737339834,token,Bridge;Interoperability
9543,BICO,2022-11-30,72449367.67272507,3150426.0,8566124.222222222,9.0,,,False,,,,,22.996689232733942,token,Bridge;Interoperability
9543,BICO,2022-12-31,69042085.44787215,3324146.0,8041926.4,10.0,,,False,1.0548239544939664,0.3564471863481899,,,20.769871554339716,token,Bridge;Interoperability
9543,BICO,2023-01-31,184786941.48797968,2770091.0,7562668.636363637,11.0,,,False,1.2661199355044541,0.4198359806513362,,,66.70789569295005,token,Bridge;Interoperability
9543,BICO,2023-02-28,211594424.25533736,2879783.0,7172428.166666667,12.0,,,False,1.2714090242979716,0.42142270728939146,,,73.47582239888817,token,Bridge;Interoperability
9543,BICO,2023-03-31,206040381.2692651,2833380.0,5945140.916666667,12.0,,,False,1.1089208021158004,0.3726762406347401,,,72.71893684195734,token,Bridge;Interoperability
9543,BICO,2023-04-30,192333250.37805364,2783063.0,5018885.5,12.0,,,False,1.105604708899904,0.3716814126699711,,,69.1084788156264,token,Bridge;Interoperability
9543,BICO,2023-05-31,154287539.20421126,2856280.0,4440980.5,12.0,,,False,1.1077308727057735,0.372319261811732,,,54.016951840929906,token,Bridge;Interoperability
9543,BICO,2023-06-30,137905820.58476564,3080656.0,4141920.5,12.0,,,False,1.064475487815368,0.35934264634461033,,,44.76508269172723,token,Bridge;Interoperability
9543,BICO,2023-07-31,132965629.27322458,2935442.0,3614454.0,12.0,,,False,1.0574266938906944,0.3572280081672083,,,45.29662969775065,token,Bridge;Interoperability
9543,BICO,2023-08-31,132693234.26624724,2241697.0,3210031.75,12.0,-0.5,1.0,True,1.0270613593005178,0.3481184077901553,693937.8025433818,191.21776300398605,59.19320687240392,token,Bridge;Interoperability
9543,BICO,2023-09-30,164381449.34226492,1950789.0,2941661.75,12.0,-0.5,1.0,True,1.0510160933683195,0.3553048280104958,641821.7981911777,256.1169623804224,84.26408460487778,token,Bridge;Interoperability
9543,BICO,2023-10-31,155063961.3883887,1750560.0,2713026.0833333335,12.0,-0.5,1.0,True,0.9269149918351529,0.31807449755054584,563164.3615101189,275.3440593658775,88.57963245383688,token,Bridge;Interoperability
9543,BICO,2023-11-30,187181519.90415213,1154684.0,2546714.25,12.0,-0.5,1.0,True,0.9468892672268869,0.32406678016806606,533080.5015521961,351.13180722072315,162.1062731484563,token,Bridge;Interoperability
9543,BICO,2023-12-31,231821796.8615652,1022846.0,2354939.25,12.0,-0.5,1.0,True,1.0152349950534858,0.3445704985160457,506736.73855533777,457.4797507724996,226.6438905383266,token,Bridge;Interoperability
9543,BICO,2024-01-31,215023812.23227257,801160.0,2190861.6666666665,12.0,-0.5,1.0,True,1.0136611015412302,0.34409833046236904,471138.8274407865,456.3916190059651,268.390598921904,token,Bridge;Interoperability
9543,BICO,2024-02-29,272051013.8150454,1281646.0,2057683.5833333333,12.0,-0.5,1.0,True,0.9388861304739962,0.3216658391421988,429282.57294126553,633.7341205142923,212.26689258581965,token,Bridge;Interoperability
9543,BICO,2024-03-31,467392030.4699021,1105732.0,1913712.9166666667,12.0,-0.5,1.0,True,1.027601792467762,0.3482805377403286,413789.3767864167,1129.5409130601079,422.6991987840653,token,Bridge;Interoperability
9543,BICO,2024-04-30,312801502.2204228,840775.0,1751855.5833333333,12.0,-0.5,1.0,True,1.0544524292909223,0.35633572878727665,382726.97396761004,817.2967245493782,372.0394900186409,token,Bridge;Interoperability
9543,BICO,2024-05-31,399060446.5803612,963756.0,1594145.25,12.0,-0.5,1.0,True,1.075177423842033,0.3625532271526099,351008.60953314847,1136.8964627708792,414.06792443353004,token,Bridge;Interoperability
9543,BICO,2024-06-30,279869130.4316008,878803.0,1410657.5,12.0,-0.5,1.0,True,1.0916894831867918,0.3675068449560375,312521.4297401751,895.5198069594113,318.4662892953265,token,Bridge;Interoperability
9543,BICO,2024-07-31,221385223.24014965,366844.0,1196607.6666666667,12.0,-0.5,1.0,True,1.0889414617025461,0.3666824385107638,264830.7092178172,835.9499692993134,603.4860137828332,token,Bridge;Interoperability
9543,BICO,2024-08-31,184853292.9106176,319476.0,1036422.5833333334,12.0,-0.5,2.0,True,1.0931965069457255,0.3679589520837176,229740.1425895338,804.6190396986326,578.6140208047477,token,Bridge;Interoperability
9543,BICO,2024-09-30,201199730.1095168,434947.0,910102.4166666666,12.0,-0.5,2.0,True,1.0958797550685977,0.36876392652057927,201938.9497860916,996.3393903090125,462.5844760614898,token,Bridge;Interoperability
9543,BICO,2024-10-31,191756282.2684917,383823.0,796207.6666666666,12.0,-0.5,2.0,True,1.0849130908165452,0.3654739272449635,175951.8114244296,1089.8227231428648,499.5956007547533,token,Bridge;Interoperability
9543,BICO,2024-11-30,351182124.84123504,213562.0,717780.8333333334,12.0,-0.5,2.0,True,1.2459111068339617,0.41377333205018846,167791.42527453077,2092.9682447517853,1644.4036150683878,token,Bridge;Interoperability
9543,BICO,2024-12-31,274893130.9466657,177165.0,647307.4166666666,12.0,-0.5,2.0,True,1.2538628330024757,0.4161588499007427,151710.91510050127,1811.9535483953944,1551.6221090320644,token,Bridge;Interoperability
9543,BICO,2025-01-31,224206019.5992184,165814.0,594361.9166666666,12.0,-0.5,2.0,True,1.189158929563516,0.3967476788690548,136323.81338779497,1644.6577749510893,1352.1537361092453,token,Bridge;Interoperability
9543,BICO,2025-02-28,147208457.65908286,119967.0,497555.3333333333,12.0,-0.5,2.0,True,1.2433170850525854,0.4129951255157756,116211.6613166625,1266.7270736106068,1227.0745926720085,token,Bridge;Interoperability
9543,BICO,2025-03-31,104881690.39276595,99511.0,413703.5833333333,12.0,-0.5,2.0,True,1.249731368712878,0.41491941061386334,96830.04603880408,1083.1523342531018,1053.9708212435405,token,Bridge;Interoperability
9543,BICO,2025-04-30,126534283.97091351,98536.0,351850.3333333333,12.0,-0.5,2.0,True,1.2417766400487453,0.41253299201462357,82138.44324435545,1540.50014795732,1284.1426886712827,token,Bridge;Interoperability
9543,BICO,2025-05-31,97452381.02853224,127553.0,282166.75,12.0,-0.5,2.0,True,1.2462830562515999,0.4138849168754799,65968.50995207309,1477.2560589792397,764.0148097538454,token,Bridge;Interoperability
9543,BICO,2025-06-30,88899845.42178209,30125547.0,2719395.4166666665,12.0,-0.1897196608056353,2.0,False,1.3117973649985375,0.4335392094995612,1580780.951700614,56.23792804824924,2.95097863025631,token,Bridge;Interoperability
9543,BICO,2025-07-31,97385788.30304176,183555.0,2704121.3333333335,12.0,-0.13504853975205877,2.0,False,1.2977547003486396,0.4293264101045918,1838927.9750642045,52.957913318840895,530.5537212445412,token,Bridge;Interoperability
9543,BICO,2025-08-31,103256922.49337044,204693.0,2694556.0833333335,12.0,-0.36876776426991054,3.0,False,1.2807289087831253,0.42421867263493757,937833.9352080465,110.1014994413315,504.4477461045099,token,Bridge;Interoperability
9543,BICO,2025-09-30,89520541.18268684,196031.0,2674646.4166666665,12.0,-0.35400423357158195,3.0,False,1.2749493391409479,0.4224848017422843,969429.3289818293,92.34354532754679,456.66522735019885,token,Bridge;Interoperability
9543,BICO,2025-10-31,58015376.83032037,179634.0,2657630.6666666665,12.0,-0.33997679745574394,3.0,False,1.303695304653688,0.4311085913961064,1009574.5529583461,57.465173483541655,322.96434322188657,token,Bridge;Interoperability
9543,BICO,2025-11-30,58805566.93075428,145931.0,2651994.75,12.0,-0.3235078460167333,3.0,False,1.2308765545108162,0.40926296635324483,1036825.8143683274,56.716920157491266,402.96829961251746,token,Bridge;Interoperability
9543,BICO,2025-12-31,41986753.06531669,144336.0,2649259.0,12.0,-0.30935515469711694,3.0,False,1.2477418013673276,0.4143225404101982,1082817.132520435,38.775479076125826,290.8959169252071,token,Bridge;Interoperability
9543,BICO,2026-01-31,30401017.13809447,133601.0,2646574.5833333335,12.0,-0.2953020277454733,3.0,False,1.2119834890151673,0.40359504670455015,1116533.9789787896,27.228026831659896,227.5508202640285,token,Bridge;Interoperability
9543,BICO,2026-02-28,20942554.4169439,100361.0,2644940.75,12.0,-0.28289418074220685,3.0,False,1.2349091480461545,0.4104727444138463,1162237.1332696918,18.01917510416033,208.67223739245225,token,Bridge;Interoperability
9640,METIS,2021-12-31,441824794.1996962,106920308.0,,1.0,,,False,,,,,4.132281345464289,token,Canonical Bridge;Layer-2;Modular Blockchain;Privacy;Zero Knowledge
9640,METIS,2022-01-31,231467285.98960385,279761286.0,,2.0,,,False,,,,,0.8273742564566415,token,Canonical Bridge;Layer-2;Modular Blockchain;Privacy;Zero Knowledge
9640,METIS,2022-02-28,339103251.8221909,226245237.0,,3.0,,,False,,,,,1.498830456360904,token,Canonical Bridge;Layer-2;Modular Blockchain;Privacy;Zero Knowledge
9640,METIS,2022-03-31,396824543.2688288,302278537.0,,4.0,,,False,,,,,1.3127777685017339,token,Canonical Bridge;Layer-2;Modular Blockchain;Privacy;Zero Knowledge
9640,METIS,2022-04-30,139320338.28037307,119130189.0,,5.0,,,False,,,,,1.1694797049333403,token,Canonical Bridge;Layer-2;Modular Blockchain;Privacy;Zero Knowledge
9640,METIS,2022-05-31,97129839.392941,47981677.0,180386205.66666666,6.0,,,False,,,,,2.0243110592599964,token,Canonical Bridge;Layer-2;Modular Blockchain;Privacy;Zero Knowledge
9640,METIS,2022-06-30,83795015.47953252,28853555.0,158738684.14285713,7.0,,,False,,,,,2.9041487428336827,token,Canonical Bridge;Layer-2;Modular Blockchain;Privacy;Zero Knowledge
9640,METIS,2022-07-31,150226630.04192498,37769234.0,143617502.875,8.0,,,False,,,,,3.9774868095531137,token,Canonical Bridge;Layer-2;Modular Blockchain;Privacy;Zero Knowledge
9640,METIS,2022-08-31,136635838.84847146,52270356.0,133467819.8888889,9.0,,,False,,,,,2.614021585169067,token,Canonical Bridge;Layer-2;Modular Blockchain;Privacy;Zero Knowledge
9640,METIS,2022-09-30,105776411.54847129,47955045.0,124916542.4,10.0,,,False,,,,,2.2057410549499283,token,Canonical Bridge;Layer-2;Modular Blockchain;Privacy;Zero Knowledge
9640,METIS,2022-10-31,128111042.05725376,53824916.0,118453667.27272727,11.0,,,False,,,,,2.380143836309076,token,Canonical Bridge;Layer-2;Modular Blockchain;Privacy;Zero Knowledge
9640,METIS,2022-11-30,87438005.92518707,33418646.0,111367415.5,12.0,,,False,,,,,2.6164437040682937,token,Canonical Bridge;Layer-2;Modular Blockchain;Privacy;Zero Knowledge
9640,METIS,2022-12-31,70825412.760597,35517517.0,105417182.91666667,12.0,,,False,2.0007612788902716,0.6402283836670815,,,1.9940980885740691,token,Canonical Bridge;Layer-2;Modular Blockchain;Privacy;Zero Knowledge
9640,METIS,2023-01-31,160609455.47335866,47212109.0,86038084.83333333,12.0,,,False,2.497963298370807,0.7893889895112421,,,3.4018699624996347,token,Canonical Bridge;Layer-2;Modular Blockchain;Privacy;Zero Knowledge
9640,METIS,2023-02-28,141726274.27735987,53021856.0,71602803.08333333,12.0,,,False,2.469744846190591,0.7809234538571773,,,2.672978370982711,token,Canonical Bridge;Layer-2;Modular Blockchain;Privacy;Zero Knowledge
9640,METIS,2023-03-31,110285779.94184989,42343420.0,49941543.333333336,12.0,,,False,2.065994996807325,0.6597984990421976,,,2.604555322688859,token,Canonical Bridge;Layer-2;Modular Blockchain;Privacy;Zero Knowledge
9640,METIS,2023-04-30,116553423.78091682,44340414.0,43709062.083333336,12.0,,,False,2.057621454349607,0.6572864363048821,,,2.6286047708286358,token,Canonical Bridge;Layer-2;Modular Blockchain;Privacy;Zero Knowledge
9640,METIS,2023-05-31,97183298.86250736,42617794.0,43262071.833333336,12.0,-0.5,1.0,True,2.052445854819934,0.6557337564459802,12352887.687415153,7.867253497456756,2.2803455960791252,token,Canonical Bridge;Layer-2;Modular Blockchain;Privacy;Zero Knowledge
9640,METIS,2023-06-30,93315648.0836159,42021679.0,44359415.5,12.0,-0.5,1.0,True,1.9816775715252741,0.6345032714575822,12496708.551290365,7.467218083915421,2.220654916801775,token,Canonical Bridge;Layer-2;Modular Blockchain;Privacy;Zero Knowledge
9640,METIS,2023-07-31,69800440.98955849,35000493.0,44128687.083333336,12.0,-0.5,1.0,True,1.9847698398468399,0.635430951954052,12439190.2311155,5.611333189113794,1.994270223266812,token,Canonical Bridge;Layer-2;Modular Blockchain;Privacy;Zero Knowledge
9640,METIS,2023-08-31,51626694.88873526,26386398.0,41971690.583333336,12.0,-0.5,1.0,True,1.9823959736560053,0.6347187920968016,11825704.855864523,4.365633636047741,1.9565647000676354,token,Canonical Bridge;Layer-2;Modular Blockchain;Privacy;Zero Knowledge
9640,METIS,2023-09-30,59518896.29065147,25240522.0,40078813.666666664,12.0,-0.5,1.0,True,1.9876742835846797,0.6363022850754039,11303967.306266462,5.265310370957691,2.358069151289798,token,Canonical Bridge;Layer-2;Modular Blockchain;Privacy;Zero Knowledge
9640,METIS,2023-10-31,60236052.43027914,24412975.0,37627818.583333336,12.0,-0.5,1.0,True,1.7471587260335157,0.5641476178100547,10089461.912330462,5.970194739192571,2.4673786144572363,token,Canonical Bridge;Layer-2;Modular Blockchain;Privacy;Zero Knowledge
9640,METIS,2023-11-30,90857107.0556275,26311442.0,37035551.583333336,12.0,-0.5,1.0,True,1.7966493997378983,0.5789948199213695,10041279.392330848,9.048359626863958,3.4531405407437377,token,Canonical Bridge;Layer-2;Modular Blockchain;Privacy;Zero Knowledge
9640,METIS,2023-12-31,339326118.52942604,66026633.0,39577977.916666664,12.0,-0.5,1.0,True,2.227393210163315,0.7082179630489945,11654893.18814519,29.114476902677463,5.1392309907643785,token,Canonical Bridge;Layer-2;Modular Blockchain;Privacy;Zero Knowledge
9640,METIS,2024-01-31,422896120.8950476,67019265.0,41228574.25,12.0,-0.5,1.0,True,2.223526351376475,0.7070579054129426,12133115.787547804,34.85470082870759,6.310068021412166,token,Canonical Bridge;Layer-2;Modular Blockchain;Privacy;Zero Knowledge
9640,METIS,2024-02-29,586434850.642307,83324996.0,43753835.916666664,12.0,-0.3889368288313415,1.0,False,1.9110066901540168,0.6133020070462051,16500867.726316782,35.5396370887222,7.037922337761733,token,Canonical Bridge;Layer-2;Modular Blockchain;Privacy;Zero Knowledge
9640,METIS,2024-03-31,541180741.2604395,78790760.0,46791114.25,12.0,-0.06308233332530178,1.0,False,1.838679483091761,0.5916038449275283,40054980.4678563,13.510947576038173,6.868581306493801,token,Canonical Bridge;Layer-2;Modular Blockchain;Privacy;Zero Knowledge
9640,METIS,2024-04-30,332397079.3836269,63623583.0,48398045.0,12.0,0.1072771341495935,1.0,False,1.8769185963062742,0.6030755788918822,65454879.90631273,5.078262764508857,5.224431943476476,token,Canonical Bridge;Layer-2;Modular Blockchain;Privacy;Zero Knowledge
9640,METIS,2024-05-31,439562212.0446736,72495476.0,50887851.833333336,12.0,-0.46886441738797957,2.0,False,1.8816599733900372,0.6044979920170112,15358316.748293312,28.620467935948763,6.063305412942921,token,Canonical Bridge;Layer-2;Modular Blockchain;Privacy;Zero Knowledge
9640,METIS,2024-06-30,273151806.339474,51002794.0,51636278.083333336,12.0,-0.42965705009307176,2.0,False,1.9101704760759728,0.6130511428227918,17462706.122929413,15.642009000014719,5.355624367156709,token,Canonical Bridge;Layer-2;Modular Blockchain;Privacy;Zero Knowledge
9640,METIS,2024-07-31,252983568.8306422,56357399.0,53416020.25,12.0,-0.39013729134418007,2.0,False,1.9070650025206244,0.6121195007561874,20067296.62876647,12.606758823108752,4.488914913029293,token,Canonical Bridge;Layer-2;Modular Blockchain;Privacy;Zero Knowledge
9640,METIS,2024-08-31,187346049.6888168,42573328.0,54764931.083333336,12.0,-0.35943531859697075,2.0,False,1.923316700937054,0.6169950102811163,22353400.786510035,8.381098316005568,4.40054979232107,token,Canonical Bridge;Layer-2;Modular Blockchain;Privacy;Zero Knowledge
9640,METIS,2024-09-30,229257761.02580985,46702479.0,56553427.5,12.0,-0.3271480921726384,2.0,False,1.9247310767630064,0.6174193230289019,25083218.51007033,9.13988613278508,4.908899183399019,token,Canonical Bridge;Layer-2;Modular Blockchain;Privacy;Zero Knowledge
9640,METIS,2024-10-31,251034819.3649665,51106319.0,58777872.833333336,12.0,-0.2955783795876833,2.0,False,1.910459347941302,0.6131378043823906,28181974.638564363,8.907637686304959,4.91201135744029,token,Canonical Bridge;Layer-2;Modular Blockchain;Privacy;Zero Knowledge
9640,METIS,2024-11-30,385317296.8940677,54616756.0,61136649.0,12.0,-0.2590792720186109,2.0,False,1.8530517158433992,0.5959155147530197,31885115.781619444,12.084550657839808,7.054928287832908,token,Canonical Bridge;Layer-2;Modular Blockchain;Privacy;Zero Knowledge
9640,METIS,2024-12-31,259886344.7136966,45498051.0,59425933.833333336,12.0,-0.24918609972771721,2.0,False,1.8694544291661515,0.6008363287498455,31843037.928983185,8.161480864146787,5.712032471757891,token,Canonical Bridge;Layer-2;Modular Blockchain;Privacy;Zero Knowledge
9640,METIS,2025-01-31,225946795.0206177,40817536.0,57242456.416666664,12.0,-0.18433136292706032,2.0,False,1.813673005737465,0.5841019017212395,35886282.27234686,6.29618842391838,5.535532449107602,token,Canonical Bridge;Layer-2;Modular Blockchain;Privacy;Zero Knowledge
9640,METIS,2025-02-28,141260727.93945414,30812172.0,52866387.75,12.0,-0.1407395820620173,2.0,False,1.8219876890450022,0.5865963067135007,37047620.63227176,3.8129500769181255,4.5845754703515915,token,Canonical Bridge;Layer-2;Modular Blockchain;Privacy;Zero Knowledge
9640,METIS,2025-03-31,96021759.7851113,22802408.0,48200691.75,12.0,-0.017583481951322533,2.0,False,1.839463238580274,0.5918389715740823,46482413.19699012,2.0657653762117714,4.211035947831093,token,Canonical Bridge;Layer-2;Modular Blockchain;Privacy;Zero Knowledge
9640,METIS,2025-04-30,101223022.1792944,23049260.0,44819498.166666664,12.0,0.012622915211503383,2.0,False,1.7472903539180937,0.5641871061754281,46990027.564791225,2.154138386910396,4.39159531279071,token,Canonical Bridge;Layer-2;Modular Blockchain;Privacy;Zero Knowledge
9640,METIS,2025-05-31,112324152.5503411,26641881.0,40998365.25,12.0,-0.3897313334601652,3.0,False,1.6890341425683297,0.546710242770499,14798711.785943031,7.590130423178815,4.216074403693234,token,Canonical Bridge;Layer-2;Modular Blockchain;Privacy;Zero Knowledge
9640,METIS,2025-06-30,102476752.57430638,25985158.0,38913562.25,12.0,-0.37414642446636914,3.0,False,1.9562544705108593,0.6268763411532579,15371726.168169647,6.666574166960233,3.943664786425635,token,Canonical Bridge;Layer-2;Modular Blockchain;Privacy;Zero Knowledge
9640,METIS,2025-07-31,99058077.76486272,31526884.0,36844352.666666664,12.0,-0.364589305936058,3.0,False,1.8759823168981848,0.6027946950694555,14722017.527781108,6.728566759137168,3.1420192926412494,token,Canonical Bridge;Layer-2;Modular Blockchain;Privacy;Zero Knowledge
9640,METIS,2025-08-31,103994735.8671468,33811012.0,36114159.666666664,12.0,-0.3532045108656824,3.0,False,1.8974008752987421,0.6092202625896227,14916815.340675373,6.971644650153479,3.075765252668178,token,Canonical Bridge;Layer-2;Modular Blockchain;Privacy;Zero Knowledge
9640,METIS,2025-09-30,86851092.52032596,30965327.0,34802730.333333336,12.0,-0.3468727751201308,3.0,False,1.883571437325161,0.6050714311975484,14579314.514532829,5.957145134207221,2.8047852528838453,token,Canonical Bridge;Layer-2;Modular Blockchain;Privacy;Zero Knowledge
9640,METIS,2025-10-31,60400174.98802468,25648153.0,32681216.5,12.0,-0.3489966335436371,3.0,False,1.9097516778000831,0.6129255033400249,13673805.08122331,4.417217784606671,2.3549522255276893,token,Canonical Bridge;Layer-2;Modular Blockchain;Privacy;Zero Knowledge
9640,METIS,2025-11-30,49600971.92621904,22205998.0,29980320.0,12.0,-0.35430705536555573,3.0,False,1.8614645304914677,0.5984393591474403,12274286.68126215,4.041047208221034,2.233674520110244,token,Canonical Bridge;Layer-2;Modular Blockchain;Privacy;Zero Knowledge
9640,METIS,2025-12-31,36534181.07537037,18111880.0,27698139.083333332,12.0,-0.35950895537195826,3.0,False,1.8769420441411873,0.6030826132423562,11216747.702059073,3.2571099971040396,2.0171390863549434,token,Canonical Bridge;Layer-2;Modular Blockchain;Privacy;Zero Knowledge
9640,METIS,2026-01-31,29509633.63083,13301425.0,25405129.833333332,12.0,-0.3340981399063302,3.0,False,1.5562522930726514,0.5068756879217954,10373339.625637017,2.8447573005224767,2.2185317460971286,token,Canonical Bridge;Layer-2;Modular Blockchain;Privacy;Zero Knowledge
9640,METIS,2026-02-28,23653642.62973288,9916578.0,23663830.333333332,12.0,-0.3086175686665983,3.0,False,1.5312794187958076,0.49938382563874223,10297928.330845485,2.296932146913753,2.38526260064035,token,Canonical Bridge;Layer-2;Modular Blockchain;Privacy;Zero Knowledge
9640,METIS,2026-03-31,21060309.55683736,6428150.0,22299308.833333332,12.0,-0.23567778758058644,3.0,False,1.6877636069351416,0.5463290820805425,12072490.550640844,1.7444875577657353,3.276262930522368,token,Canonical Bridge;Layer-2;Modular Blockchain;Privacy;Zero Knowledge
9640,METIS,2026-04-30,24546467.28018611,5665287.0,20850644.416666668,12.0,-0.21864331617886978,3.0,False,1.6895273572544516,0.5468582071763355,11800956.206784219,2.080040536552001,4.332784425605642,token,Canonical Bridge;Layer-2;Modular Blockchain;Privacy;Zero Knowledge
9640,METIS,2026-05-31,23828408.17898969,3158641.0,18893707.75,12.0,-0.24130021716452033,3.0,False,1.6812957556281645,0.5443887266884494,10071408.280021856,2.365946004418955,7.543879845474585,token,Canonical Bridge;Layer-2;Modular Blockchain;Privacy;Zero Knowledge
9903,CVX,2021-10-31,919645395.13717,13875973838.0,6441085405.5,6.0,,,False,,,,,0.0662760975102647,token,Yield
9903,CVX,2021-11-30,1085820423.1275723,15986853588.0,7804766574.428572,7.0,,,False,,,,,0.06791958262147389,token,Yield
9903,CVX,2021-12-31,2160486583.913979,19189306450.0,9227834058.875,8.0,,,False,,,,,0.1125880494713752,token,Yield
9903,CVX,2022-01-31,1293598967.3620722,12028176673.0,9538983238.222221,9.0,,,False,,,,,0.10754738665136601,token,Yield
9903,CVX,2022-02-28,1003438062.662679,12109355980.0,9796020512.4,10.0,,,False,,,,,0.08286469274831566,token,Yield
9903,CVX,2022-03-31,1614605439.5896456,12993289663.0,10086681344.272728,11.0,,,False,,,,,0.12426456128253913,token,Yield
9903,CVX,2022-04-30,1383936021.3413348,11982338122.0,10244652742.416666,12.0,,,False,,,,,0.11549799440230943,token,Yield
9903,CVX,2022-05-31,642303945.6238803,5360920985.0,10610886158.916666,12.0,,,False,,,,,0.11981223887109395,token,Yield
9903,CVX,2022-06-30,280009707.1164781,2987209886.0,10519394510.25,12.0,,,False,,,,,0.0937362012722256,token,Yield
9903,CVX,2022-07-31,490535819.23265386,4646138349.0,10527734054.666666,12.0,,,False,,,,,0.1055792536479748,token,Yield
9903,CVX,2022-08-31,340720099.68723726,5134986404.0,10352460880.166666,12.0,,,False,,,,,0.066352678056134,token,Yield
9903,CVX,2022-09-30,332993354.63452613,4806985028.0,10091794580.5,12.0,,,False,,,,,0.06927280877616375,token,Yield
9903,CVX,2022-10-31,372924517.85188735,4703554705.0,9327426319.416666,12.0,0.4481140572134068,1.0,False,1.6710435773936625,0.5413130732180987,42417591359.983116,0.008791741961183243,0.0792856767362478,token,Yield
9903,CVX,2022-11-30,300882824.3664813,3039859157.0,8248510116.833333,12.0,0.056855453417227864,1.0,False,1.6746260399630575,0.5423878119889173,9850576831.48792,0.030544690885988778,0.09897919897822467,token,Yield
9903,CVX,2022-12-31,232004509.3237688,3000733187.0,6899462344.916667,12.0,-0.25232050111683446,1.0,False,1.6230421763656215,0.5269126529096865,3542841173.588515,0.06548543893340082,0.07731594076037017,token,Yield
9903,CVX,2023-01-31,435670988.9517148,3975256458.0,6228385660.333333,12.0,-0.34705979612412907,1.0,False,1.7843747251786857,0.5753124175536057,2564448379.646651,0.1698887731215494,0.10959569365014156,token,Yield
9903,CVX,2023-02-28,454336246.7619468,4113533768.0,5562067142.666667,12.0,-0.43221156635737024,1.0,False,1.7718417359800005,0.5715525207940002,1818184937.999043,0.2498845069423768,0.11044913507124193,token,Yield
9903,CVX,2023-03-31,411717623.4965134,3717834247.0,4789112524.666667,12.0,-0.5,1.0,True,1.4873841971208848,0.4862152591362654,1203508260.4959972,0.3420978791843388,0.11074125314455242,token,Yield
9903,CVX,2023-04-30,398473381.2211931,2647380615.0,4011199399.0833335,12.0,-0.5,1.0,True,1.4722860244873577,0.48168580734620725,1003840840.5814563,0.3969487642985164,0.15051609087240864,token,Yield
9903,CVX,2023-05-31,324931022.2851379,3306541412.0,3840001101.3333335,12.0,-0.5,1.0,True,1.477691806170815,0.48330754185124447,962431759.0558258,0.33761460927256276,0.09826915250657622,token,Yield
9903,CVX,2023-06-30,295203250.34907526,3003209994.0,3841334443.6666665,12.0,-0.5,1.0,True,1.4017640427195497,0.4605292128158649,942278295.182717,0.31328669232674244,0.098295907025766,token,Yield
9903,CVX,2023-07-31,255525027.4956046,1497459332.0,3578944525.5833335,12.0,-0.5,1.0,True,1.4017261293097727,0.4605178387929318,877904423.2918738,0.29106246729850577,0.17063904310130848,token,Yield
9903,CVX,2023-08-31,220710988.36476865,2029533409.0,3320156776.0,12.0,-0.5,1.0,True,1.3978400002501703,0.45935200007505106,813501736.8900874,0.2713097936441026,0.10874962066947115,token,Yield
9903,CVX,2023-09-30,250252835.96124977,1889851535.0,3077062318.25,12.0,-0.5,1.0,True,1.4022570672467416,0.46067712017402246,754910945.7886673,0.3314998111463422,0.13241930983814015,token,Yield
9903,CVX,2023-10-31,230106939.6640502,1642435884.0,2821969083.1666665,12.0,-0.33809357480705027,2.0,False,1.1887597043224807,0.3966279112967442,1046633743.1042454,0.21985431023995888,0.14010101819234863,token,Yield
9903,CVX,2023-11-30,330181563.44707435,1839430028.0,2721933322.4166665,12.0,-0.4094471335708526,2.0,False,1.2130373387130216,0.4039112016139064,826424023.4277705,0.3995304517862098,0.17950210577244874,token,Yield
9903,CVX,2023-12-31,305340311.5392661,1857465430.0,2626661009.3333335,12.0,-0.4664782540773478,2.0,False,1.1736419855974598,0.39209259567923793,664449621.058785,0.45953869467592356,0.16438546128918594,token,Yield
9903,CVX,2024-01-31,273095818.77732843,1662840105.0,2433959646.5833335,12.0,-0.4948671135320166,2.0,False,1.1707777988471855,0.39123333965415563,563677187.8662176,0.4844897481324801,0.1642345634773636,token,Yield
9903,CVX,2024-02-29,466943398.2743921,1897649643.0,2249302636.1666665,12.0,-0.5,2.0,True,1.2795214431369306,0.42385643294107916,531555383.2139139,0.8784473133375832,0.2460640719412251,token,Yield
9903,CVX,2024-03-31,397505073.98774815,1707726767.0,2081793679.5,12.0,-0.5,2.0,True,1.2220189725056316,0.4066056917516895,482818049.3199315,0.8233020172871538,0.2327685445172554,token,Yield
9903,CVX,2024-04-30,228370853.80571136,1549001908.0,1990262120.5833333,12.0,-0.5,2.0,True,1.261280761151821,0.4183842283455463,467587537.19944507,0.48840235386406783,0.14743096998542327,token,Yield
9903,CVX,2024-05-31,263670958.2744334,1551923652.0,1844043973.9166667,12.0,-0.5,2.0,True,1.2640377884236922,0.4192113365271076,433622019.0646388,0.6080663496821381,0.16989943927630366,token,Yield
9903,CVX,2024-06-30,325760598.8025725,1228068010.0,1696115475.25,12.0,-0.5,2.0,True,1.2306951706833038,0.4092085512049911,394507145.53756845,0.8257406804601228,0.2652626696159706,token,Yield
9903,CVX,2024-07-31,287409582.4143578,1125801110.0,1665143956.75,12.0,-0.5,2.0,True,1.227267998483026,0.40818039954490776,386862865.78524584,0.7429236761480843,0.2552933905122529,token,Yield
9903,CVX,2024-08-31,205583656.9869941,1001956303.0,1579512531.25,12.0,-0.5,2.0,True,1.2430326198411905,0.4129097859523571,368884855.5604343,0.5573111877272863,0.20518225831949688,token,Yield
9903,CVX,2024-09-30,204853851.0426562,1027781404.0,1507673353.6666667,12.0,-0.5,2.0,True,1.23767524629402,0.41130257388820596,351486957.64823616,0.5828206327008908,0.19931655724202635,token,Yield
9903,CVX,2024-10-31,158462063.1965634,928263862.0,1448159018.5,12.0,-0.39193165062589586,3.0,False,1.2053891541840636,0.40161674625521904,461718110.55975175,0.3432008829033284,0.17070799552095822,token,Yield
9903,CVX,2024-11-30,359162504.87928164,1102878572.0,1386779730.5,12.0,-0.43781076904541993,3.0,False,1.5136441752076302,0.49409325256228903,421017243.0287096,0.8530826488139585,0.32565915595582146,token,Yield
9903,CVX,2024-12-31,438008440.7779181,1235109314.0,1334916720.8333333,12.0,-0.4750497676620111,3.0,False,1.7242229279948957,0.5572668783984688,382873231.8693477,1.144003822464624,0.3546313154739258,token,Yield
9903,CVX,2025-01-31,323157140.7918366,1307374468.0,1305294584.4166667,12.0,-0.4846897075609423,3.0,False,1.6794535965167907,0.5438360789550373,360359514.91290355,0.8967631696083882,0.2471802446059675,token,Yield
9903,CVX,2025-02-28,219296114.7367367,843584104.0,1217455789.5,12.0,-0.5,3.0,True,1.7111916347601326,0.5533574904280398,323751619.4139963,0.6773591283764748,0.25995761856690547,token,Yield
9903,CVX,2025-03-31,207784487.3458194,824485385.0,1143852341.0,12.0,-0.5,3.0,True,1.6994784167375552,0.5498435250212665,303345003.21150297,0.6849774518980445,0.25201718687326324,token,Yield
9903,CVX,2025-04-30,286373084.9021647,996334326.0,1097796709.1666667,12.0,-0.5,3.0,True,1.753677725876916,0.5661033177630749,294797611.021845,0.9714226784590326,0.287426697474001,token,Yield
9903,CVX,2025-05-31,267146342.8915524,1141717464.0,1063612860.1666666,12.0,-0.5,3.0,True,1.6930508475656412,0.5479152542696923,281638684.36832625,0.948542788043205,0.23398638569966937,token,Yield
9903,CVX,2025-06-30,229430541.5542462,1044240086.0,1048293866.5,12.0,-0.5,3.0,True,1.7540316242540908,0.5662094872762272,281526906.70926905,0.8149506710958095,0.2197105288622737,token,Yield
9903,CVX,2025-07-31,412546843.5644088,1446343489.0,1075005731.4166667,12.0,-0.5,3.0,True,1.7013344553098175,0.5504003365929453,285211586.60575753,1.4464589201092461,0.28523434903395123,token,Yield
9903,CVX,2025-08-31,344988568.21623075,1362002495.0,1105009580.75,12.0,-0.5,3.0,True,1.6950100883512902,0.5485030265053871,292735706.3917489,1.1784984225824344,0.25329510737513794,token,Yield
9903,CVX,2025-09-30,307293100.8464513,1119565051.0,1112658218.0,12.0,-0.5,3.0,True,1.705525733595095,0.5516577200785285,295491645.5298469,1.0399383721845779,0.27447543184022744,token,Yield
9903,CVX,2025-10-31,215310459.5370364,974762310.0,1116533088.6666667,12.0,-0.5,3.0,True,1.72840816573654,0.558522449720962,298101935.495893,0.7222712565715722,0.2208850889372573,token,Yield
9903,CVX,2025-11-30,177623259.77647832,946367966.0,1103490538.1666667,12.0,-0.48855645609628906,3.0,False,1.70958710103688,0.552876130311064,303348425.2473348,0.5855420532730751,0.18768942542216008,token,Yield
9903,CVX,2025-12-31,158846328.01843816,919958122.0,1077227938.8333333,12.0,-0.4615267667753157,3.0,False,1.6952220503428437,0.5485666151028531,319066542.39186513,0.49784702221566457,0.1726669119167124,token,Yield
9903,CVX,2026-01-31,188393143.5514177,849156383.0,1039043098.4166666,12.0,-0.44950587477501747,3.0,False,1.4759209743495485,0.4827762923048645,302122535.0350337,0.6235653475156095,0.22185918556702142,token,Yield
9903,CVX,2026-02-28,175327646.2476704,697175913.0,1026842415.8333334,12.0,-0.4305933639992856,3.0,False,1.428903233564131,0.46867097006923925,311458006.8436274,0.5629254743664257,0.2514826501868409,token,Yield
9903,CVX,2026-03-31,172541800.74501503,643305146.0,1011744062.5833334,12.0,-0.404422145338019,3.0,False,1.5452716091466594,0.5035814827439978,340019493.5877902,0.5074467905483959,0.268211441829528,token,Yield
9903,CVX,2026-04-30,163282511.90677232,602436380.0,978919233.75,12.0,-0.3750803176415263,3.0,False,1.5199788241818333,0.4959936472545499,354767255.8291421,0.46025248729665763,0.271036938218725,token,Yield
9903,CVX,2026-05-31,155423036.11202595,554830464.0,930011983.75,12.0,-0.3766685132194246,3.0,False,1.5077212731098877,0.4923163819329663,334648560.67272127,0.4644365892373467,0.28012707700207673,token,Yield
10407,BabyDoge,2022-10-31,160193902.7358007,27953840.0,,1.0,,,False,,,,,5.730658211387084,token,Bridge;Dexs;AI/Big Data;NFT;Gaming;Meme;Payments;RWA
10407,BabyDoge,2022-11-30,136795677.67416364,28224545.0,,2.0,,,False,,,,,4.846692043190196,token,Bridge;Dexs;AI/Big Data;NFT;Gaming;Meme;Payments;RWA
10407,BabyDoge,2022-12-31,108790227.9724072,27846859.0,,3.0,,,False,,,,,3.9067324602895863,token,Bridge;Dexs;AI/Big Data;NFT;Gaming;Meme;Payments;RWA
10407,BabyDoge,2023-01-31,167185712.8416025,39582431.0,,4.0,,,False,,,,,4.223735344643246,token,Bridge;Dexs;AI/Big Data;NFT;Gaming;Meme;Payments;RWA
10407,BabyDoge,2023-02-28,298916049.7700794,49927366.0,,5.0,,,False,,,,,5.987018217025096,token,Bridge;Dexs;AI/Big Data;NFT;Gaming;Meme;Payments;RWA
10407,BabyDoge,2023-03-31,312623332.5128375,47589195.0,36854039.333333336,6.0,,,False,,,,,6.569208252268977,token,Bridge;Dexs;AI/Big Data;NFT;Gaming;Meme;Payments;RWA
10407,BabyDoge,2023-04-30,327843682.60600907,47042542.0,38309539.71428572,7.0,,,False,,,,,6.969089438364302,token,Bridge;Dexs;AI/Big Data;NFT;Gaming;Meme;Payments;RWA
10407,BabyDoge,2023-05-31,312940995.31226665,40837733.0,38625563.875,8.0,,,False,,,,,7.663035441077659,token,Bridge;Dexs;AI/Big Data;NFT;Gaming;Meme;Payments;RWA
10407,BabyDoge,2023-06-30,215566621.8905168,28341679.0,37482910.0,9.0,,,False,,,,,7.6059933460722915,token,Bridge;Dexs;AI/Big Data;NFT;Gaming;Meme;Payments;RWA
10407,BabyDoge,2023-07-31,188268100.78209096,21193012.0,35853920.2,10.0,,,False,,,,,8.883498994012317,token,Bridge;Dexs;AI/Big Data;NFT;Gaming;Meme;Payments;RWA
10407,BabyDoge,2023-08-31,168088691.45235896,14600413.0,33921783.18181818,11.0,,,False,,,,,11.512598407480594,token,Bridge;Dexs;AI/Big Data;NFT;Gaming;Meme;Payments;RWA
10407,BabyDoge,2023-09-30,159813061.2333846,10649961.0,31982464.666666668,12.0,,,False,,,,,15.005976194033444,token,Bridge;Dexs;AI/Big Data;NFT;Gaming;Meme;Payments;RWA
10407,BabyDoge,2023-10-31,175415126.50367194,2758465.0,29882850.083333332,12.0,,,False,,,,,63.59157230694315,token,Bridge;Dexs;AI/Big Data;NFT;Gaming;Meme;Payments;RWA
10407,BabyDoge,2023-11-30,170849909.66482967,2707570.0,27756435.5,12.0,,,False,,,,,63.10082829431175,token,Bridge;Dexs;AI/Big Data;NFT;Gaming;Meme;Payments;RWA
10407,BabyDoge,2023-12-31,207021718.195388,3304281.0,25711220.666666668,12.0,,,False,,,,,62.65257651978993,token,Bridge;Dexs;AI/Big Data;NFT;Gaming;Meme;Payments;RWA
10407,BabyDoge,2024-01-31,158307896.73290125,3014289.0,22663875.5,12.0,,,False,,,,,52.51915019857129,token,Bridge;Dexs;AI/Big Data;NFT;Gaming;Meme;Payments;RWA
10407,BabyDoge,2024-02-29,198956890.06520927,3473741.0,18792740.083333332,12.0,,,False,,,,,57.27453200028709,token,Bridge;Dexs;AI/Big Data;NFT;Gaming;Meme;Payments;RWA
10407,BabyDoge,2024-03-31,342711956.3245768,4784827.0,15225709.416666666,12.0,-0.5,1.0,True,,,,,71.62473299966264,token,Bridge;Dexs;AI/Big Data;NFT;Gaming;Meme;Payments;RWA
10407,BabyDoge,2024-04-30,268862450.740063,4297137.0,11663592.333333334,12.0,-0.5,1.0,True,,,,,62.56780985573953,token,Bridge;Dexs;AI/Big Data;NFT;Gaming;Meme;Payments;RWA
10407,BabyDoge,2024-05-31,256460478.4135376,4057019.0,8598532.833333334,12.0,-0.5,1.0,True,,,,,63.21401955808873,token,Bridge;Dexs;AI/Big Data;NFT;Gaming;Meme;Payments;RWA
10407,BabyDoge,2024-06-30,205066101.64102027,2095573.0,6411357.333333333,12.0,-0.5,1.0,True,,,,,97.85681607895323,token,Bridge;Dexs;AI/Big Data;NFT;Gaming;Meme;Payments;RWA
10407,BabyDoge,2024-07-31,168100081.0937486,2069129.0,4817700.416666667,12.0,-0.5,1.0,True,,,,,81.24195306032084,token,Bridge;Dexs;AI/Big Data;NFT;Gaming;Meme;Payments;RWA
10407,BabyDoge,2024-08-31,139380759.23235506,1904119.0,3759675.9166666665,12.0,-0.5,1.0,True,,,,,73.19960529376318,token,Bridge;Dexs;AI/Big Data;NFT;Gaming;Meme;Payments;RWA
10407,BabyDoge,2024-09-30,351600966.26329654,2148460.0,3051217.5,12.0,-0.5,1.0,True,,,,,163.65255404489568,token,Bridge;Dexs;AI/Big Data;NFT;Gaming;Meme;Payments;RWA
10407,BabyDoge,2024-10-31,367171940.9610638,2130261.0,2998867.1666666665,12.0,-0.5,1.0,True,,,,,172.36007276153663,token,Bridge;Dexs;AI/Big Data;NFT;Gaming;Meme;Payments;RWA
10407,BabyDoge,2024-11-30,407425446.6310586,2249568.0,2960700.3333333335,12.0,-0.5,1.0,True,,,,,181.11274992845674,token,Bridge;Dexs;AI/Big Data;NFT;Gaming;Meme;Payments;RWA
10407,BabyDoge,2024-12-31,500436209.3693861,2418185.0,2886859.0,12.0,-0.5,1.0,True,,,,,206.9470323277111,token,Bridge;Dexs;AI/Big Data;NFT;Gaming;Meme;Payments;RWA
10407,BabyDoge,2025-01-31,344570771.8657427,2295531.0,2826962.5,12.0,-0.5,1.0,True,,,,,150.10503969048673,token,Bridge;Dexs;AI/Big Data;NFT;Gaming;Meme;Payments;RWA
10407,BabyDoge,2025-02-28,239147920.68301195,2213111.0,2721910.0,12.0,-0.5,1.0,True,,,,,108.05961412826196,token,Bridge;Dexs;AI/Big Data;NFT;Gaming;Meme;Payments;RWA
10407,BabyDoge,2025-03-31,194844240.0280773,2111766.0,2499154.9166666665,12.0,-0.5,2.0,True,,,,,92.2660181232567,token,Bridge;Dexs;AI/Big Data;NFT;Gaming;Meme;Payments;RWA
10407,BabyDoge,2025-04-30,211118727.9516669,2113636.0,2317196.5,12.0,-0.5,2.0,True,,,,,99.8841465378461,token,Bridge;Dexs;AI/Big Data;NFT;Gaming;Meme;Payments;RWA
10407,BabyDoge,2025-05-31,230703323.91688788,2219679.0,2164084.8333333335,12.0,-0.5,2.0,True,,,,,103.93544468226617,token,Bridge;Dexs;AI/Big Data;NFT;Gaming;Meme;Payments;RWA
10407,BabyDoge,2025-06-30,191669504.67710665,2188699.0,2171845.3333333335,12.0,-0.5,2.0,True,,,,,87.57234534173344,token,Bridge;Dexs;AI/Big Data;NFT;Gaming;Meme;Payments;RWA
10407,BabyDoge,2025-07-31,220127302.23800915,2374713.0,2197310.6666666665,12.0,-0.5,2.0,True,,,,,92.69638151558068,token,Bridge;Dexs;AI/Big Data;NFT;Gaming;Meme;Payments;RWA
10407,BabyDoge,2025-08-31,197288051.7531782,2501364.0,2247081.0833333335,12.0,-0.5,2.0,True,,,,,78.87218803547913,token,Bridge;Dexs;AI/Big Data;NFT;Gaming;Meme;Payments;RWA
10407,BabyDoge,2025-09-30,206112199.56269687,2700724.0,2293103.0833333335,12.0,-0.5,2.0,True,,,,,76.31738732380535,token,Bridge;Dexs;AI/Big Data;NFT;Gaming;Meme;Payments;RWA
10407,BabyDoge,2025-10-31,164588966.35457402,2689000.0,2339664.6666666665,12.0,-0.5,2.0,True,,,,,61.20824334495129,token,Bridge;Dexs;AI/Big Data;NFT;Gaming;Meme;Payments;RWA
10407,BabyDoge,2025-11-30,120872334.34223528,2392748.0,2351596.3333333335,12.0,-0.5,2.0,True,,,,,50.51611550494882,token,Bridge;Dexs;AI/Big Data;NFT;Gaming;Meme;Payments;RWA
10407,BabyDoge,2025-12-31,110097731.58897376,2355438.0,2346367.4166666665,12.0,-0.5,2.0,True,,,,,46.74193572022433,token,Bridge;Dexs;AI/Big Data;NFT;Gaming;Meme;Payments;RWA
10407,BabyDoge,2026-01-31,83954535.27344301,2316403.0,2348106.75,12.0,-0.5,2.0,True,,,,,36.24349272274428,token,Bridge;Dexs;AI/Big Data;NFT;Gaming;Meme;Payments;RWA
10407,BabyDoge,2026-02-28,68228628.22492272,1965363.0,2327461.0833333335,12.0,-0.5,2.0,True,,,,,34.71553510721567,token,Bridge;Dexs;AI/Big Data;NFT;Gaming;Meme;Payments;RWA
10407,BabyDoge,2026-03-31,70953033.43931027,1959183.0,2314745.8333333335,12.0,-0.5,3.0,True,,,,,36.21562326710178,token,Bridge;Dexs;AI/Big Data;NFT;Gaming;Meme;Payments;RWA
10407,BabyDoge,2026-04-30,74362551.28954826,1988805.0,2304343.25,12.0,-0.5,3.0,True,,,,,37.39056935674853,token,Bridge;Dexs;AI/Big Data;NFT;Gaming;Meme;Payments;RWA
10407,BabyDoge,2026-05-31,74354724.44404452,2118408.0,2295904.0,12.0,-0.5,3.0,True,,,,,35.0993408465435,token,Bridge;Dexs;AI/Big Data;NFT;Gaming;Meme;Payments;RWA
10508,FLUID,2025-09-30,416095877.3649808,2154510238.0,1122009915.3333333,12.0,2.0,1.0,True,,,,,0.19312782553831653,token,Dexs;Yield Aggregator
10508,FLUID,2025-10-31,339529784.7503206,2410139975.0,1279009038.5833333,12.0,2.0,1.0,True,,,,,0.14087554593185841,token,Dexs;Yield Aggregator
10508,FLUID,2025-11-30,235513820.1191173,1754543404.0,1364711288.5833333,12.0,2.0,1.0,True,,,,,0.13423083155548843,token,Dexs;Yield Aggregator
10508,FLUID,2025-12-31,202099088.96248612,1769382551.0,1438599748.9166667,12.0,2.0,1.0,True,,,,,0.11422012093894901,token,Dexs;Yield Aggregator
10508,FLUID,2026-01-31,205179392.4037657,1815265426.0,1506699697.75,12.0,2.0,1.0,True,,,,,0.11302996766477594,token,Dexs;Yield Aggregator
10508,FLUID,2026-02-28,174183383.5992694,1174351129.0,1526861676.4166667,12.0,1.696720075979592,1.0,False,,,,,0.14832308608379546,token,Dexs;Yield Aggregator
10508,FLUID,2026-03-31,129908886.52305125,905197907.0,1532849099.9166667,12.0,1.4384315344076337,1.0,False,,,,,0.14351434699356994,token,Dexs;Yield Aggregator
10508,FLUID,2026-04-30,121152111.56303234,920154510.0,1531002370.9166667,12.0,1.2276485656719878,1.0,False,,,,,0.13166496522745114,token,Dexs;Yield Aggregator
10508,FLUID,2026-05-31,107197480.5404372,882634508.0,1508061754.5833333,12.0,1.010731039112204,1.0,False,,,,,0.1214517216003039,token,Dexs;Yield Aggregator
10529,SUN,2024-08-31,361151804.04400057,17378478.0,23704623.25,12.0,-0.5,2.0,True,,,,,20.78155544139139,token,Bridge;Derivatives;Dexs
10529,SUN,2024-09-30,200975102.63419124,3432955.0,19798179.0,12.0,-0.5,2.0,True,,,,,58.542888745757296,token,Bridge;Derivatives;Dexs
10529,SUN,2024-10-31,176767698.60665798,3410363.0,16578914.5,12.0,-0.5,2.0,True,,,,,51.83251712696214,token,Bridge;Derivatives;Dexs
10529,SUN,2024-11-30,219737360.28823853,3389962.0,15091542.833333334,12.0,-0.5,2.0,True,,,,,64.82000691696206,token,Bridge;Derivatives;Dexs
10529,SUN,2024-12-31,237058354.7963621,3375340.0,13629473.0,12.0,-0.5,3.0,True,,,,,70.23243726450139,token,Bridge;Derivatives;Dexs
10529,SUN,2025-01-31,204954073.5034384,3374738.0,12173069.416666666,12.0,-0.5,3.0,True,,,,,60.73184748073433,token,Bridge;Derivatives;Dexs
10529,SUN,2025-02-28,169851086.4847684,3347884.0,10689967.666666666,12.0,-0.5,3.0,True,,,,,50.733862488894,token,Bridge;Derivatives;Dexs
10529,SUN,2025-03-31,163296826.54218617,3304708.0,9310117.833333334,12.0,-0.5,3.0,True,,,,,49.41339039400339,token,Bridge;Derivatives;Dexs
10529,SUN,2025-04-30,343408823.97993684,3307390.0,8079301.666666667,12.0,-0.5,3.0,True,,,,,103.8307620147418,token,Bridge;Derivatives;Dexs
10529,SUN,2025-05-31,359453485.3589007,3294454.0,6839488.25,12.0,-0.5,3.0,True,,,,,109.10866728110355,token,Bridge;Derivatives;Dexs
10529,SUN,2025-06-30,315028184.1573709,3303281.0,5633392.083333333,12.0,-0.5,3.0,True,,,,,95.36826693138457,token,Bridge;Derivatives;Dexs
10529,SUN,2025-07-31,408125470.68548965,2768640.0,4474016.083333333,12.0,-0.5,3.0,True,,,,,147.4100896777803,token,Bridge;Derivatives;Dexs
10529,SUN,2025-08-31,433802894.76940674,2771535.0,3256770.8333333335,12.0,-0.5,3.0,True,0.589665118896478,0.2168995356689434,573701.4670496928,756.1474384931836,156.52080697859012,token,Bridge;Derivatives;Dexs
10529,SUN,2025-09-30,483360453.7056583,2620422.0,3189059.75,12.0,-0.5,3.0,True,0.5816600791118269,0.2144980237335481,559260.2813312032,864.2853244559384,184.4590122146961,token,Bridge;Derivatives;Dexs
10529,SUN,2025-10-31,422971335.0031647,2617751.0,3123008.75,12.0,-0.5,3.0,True,0.6087110640689916,0.22261331922069746,555972.5232937651,760.7774076627791,161.57813902207073,token,Bridge;Derivatives;Dexs
10529,SUN,2025-11-30,394013524.9485335,857719.0,2911988.5,12.0,-0.5,3.0,True,0.5386726300341439,0.20160178901024317,498261.7349015841,790.7762072605443,459.37367010470035,token,Bridge;Derivatives;Dexs
10529,SUN,2025-12-31,360773794.2945083,863648.0,2702680.8333333335,12.0,-0.5,3.0,True,0.5443555114898811,0.20330665344696436,463977.63382089353,777.5672101336152,417.73244920906234,token,Bridge;Derivatives;Dexs
10529,SUN,2026-01-31,331567806.7061092,831967.0,2490783.25,12.0,-0.5,3.0,True,0.5370419008225708,0.20111257024677123,425785.5837291301,778.7201337399931,398.53480571478104,token,Bridge;Derivatives;Dexs
10529,SUN,2026-02-28,300020745.0283112,832111.0,2281135.5,12.0,-0.5,3.0,True,0.5246024018788698,0.19738072056366093,387113.39079112414,775.0203226377004,360.55375428075246,token,Bridge;Derivatives;Dexs
10529,SUN,2026-03-31,342472150.16377175,829158.0,2074839.6666666667,12.0,-0.5,3.0,True,0.5248279974466774,0.19744839923400323,352151.3818909382,972.5140032812249,413.0360560517679,token,Bridge;Derivatives;Dexs
10529,SUN,2026-04-30,355117976.50183165,832902.0,1868632.3333333333,12.0,-0.5,3.0,True,0.526002949604036,0.1978008848812108,317372.490861456,1118.9311825291525,426.3622569063727,token,Bridge;Derivatives;Dexs
10529,SUN,2026-05-31,355014296.8250925,840092.0,1664102.1666666667,12.0,-0.5,3.0,True,0.5165666469132039,0.19496999407396115,281062.68247768533,1263.1143120655247,422.58978400590945,token,Bridge;Derivatives;Dexs
10804,FLOKI,2023-02-28,413572185.4267552,3430594.0,,1.0,,,False,,,,,120.55410387435971,token,Token Locker;Gaming;Meme;Metaverse
10804,FLOKI,2023-03-31,326634475.06362087,3271950.0,,2.0,,,False,,,,,99.82868780501562,token,Token Locker;Gaming;Meme;Metaverse
10804,FLOKI,2023-04-30,334209550.64608693,3522274.0,,3.0,,,False,,,,,94.88459746348153,token,Token Locker;Gaming;Meme;Metaverse
10804,FLOKI,2023-05-31,304217254.2760636,4262063.0,,4.0,,,False,,,,,71.37793464715647,token,Token Locker;Gaming;Meme;Metaverse
10804,FLOKI,2023-06-30,269573753.49847424,3565619.0,,5.0,,,False,,,,,75.60363389876322,token,Token Locker;Gaming;Meme;Metaverse
10804,FLOKI,2023-07-31,208523944.1159598,3253453.0,3550992.1666666665,6.0,,,False,,,,,64.09311710234013,token,Token Locker;Gaming;Meme;Metaverse
10804,FLOKI,2023-08-31,164575921.66324025,2846169.0,3450303.1428571427,7.0,,,False,,,,,57.82366460432963,token,Token Locker;Gaming;Meme;Metaverse
10804,FLOKI,2023-09-30,174883557.6501006,2770438.0,3365320.0,8.0,,,False,,,,,63.12487687871037,token,Token Locker;Gaming;Meme;Metaverse
10804,FLOKI,2023-10-31,309832391.36230713,6310663.0,3692580.3333333335,9.0,,,False,,,,,49.09664663796928,token,Token Locker;Gaming;Meme;Metaverse
10804,FLOKI,2023-11-30,305287954.25891954,9398635.0,4263185.8,10.0,,,False,,,,,32.482158766557006,token,Token Locker;Gaming;Meme;Metaverse
10804,FLOKI,2023-12-31,333149502.6444942,12070436.0,4972935.818181818,11.0,,,False,,,,,27.60045309419595,token,Token Locker;Gaming;Meme;Metaverse
10804,FLOKI,2024-01-31,263667161.47833896,11185588.0,5490656.833333333,12.0,,,False,1.0953360303386996,0.36860080910160986,,,23.572043014487836,token,Token Locker;Gaming;Meme;Metaverse
10804,FLOKI,2024-02-29,513652420.8108122,15856189.0,6526123.083333333,12.0,,,False,1.761507382055933,0.56845221461678,,,32.39444363401648,token,Token Locker;Gaming;Meme;Metaverse
10804,FLOKI,2024-03-31,2374585210.789973,32158552.0,8933339.916666666,12.0,,,False,2.4913186842693813,0.7873956052808144,,,73.83992944676031,token,Token Locker;Gaming;Meme;Metaverse
10804,FLOKI,2024-04-30,1496388421.1802912,25280270.0,10746506.25,12.0,,,False,2.577825888548592,0.8133477665645775,,,59.191947759272,token,Token Locker;Gaming;Meme;Metaverse
10804,FLOKI,2024-05-31,2439336777.1678066,31030831.0,12977236.916666666,12.0,,,False,2.593598756379537,0.818079626913861,,,78.6101015847048,token,Token Locker;Gaming;Meme;Metaverse
10804,FLOKI,2024-06-30,1637510464.3463004,25395026.0,14796354.166666666,12.0,,,False,2.693880488117407,0.8481641464352221,,,64.48154313156837,token,Token Locker;Gaming;Meme;Metaverse
10804,FLOKI,2024-07-31,1545098699.7130196,23764131.0,16505577.333333334,12.0,2.0,1.0,True,2.70861887312322,0.8525856619369659,6724805799.178873,0.22976108840223797,65.01810226988816,token,Token Locker;Gaming;Meme;Metaverse
10804,FLOKI,2024-08-31,1198178279.047436,30911786.0,18844378.75,12.0,2.0,1.0,True,2.731674498919902,0.8595023496759707,7464969329.528313,0.16050679194460202,38.76121163129934,token,Token Locker;Gaming;Meme;Metaverse
10804,FLOKI,2024-09-30,1471633848.68977,38613687.0,21831316.166666668,12.0,2.0,1.0,True,2.7227831814667494,0.8568349544400248,8742262235.796488,0.1683355874025315,38.11171537931019,token,Token Locker;Gaming;Meme;Metaverse
10804,FLOKI,2024-10-31,1330708510.5564206,36703135.0,24364022.166666668,12.0,2.0,1.0,True,2.661195096608153,0.8383585289824459,10522502735.606766,0.1264631185177532,36.25599040944106,token,Token Locker;Gaming;Meme;Metaverse
10804,FLOKI,2024-11-30,2211879177.5915203,49134264.0,27675324.583333332,12.0,2.0,1.0,True,2.4407791984333533,0.7722337595300061,15818381319.564878,0.13982967870775562,45.017041012184905,token,Token Locker;Gaming;Meme;Metaverse
10804,FLOKI,2024-12-31,1697422377.2851503,50464538.0,30874833.083333332,12.0,2.0,1.0,True,2.4818446767207303,0.7845534030162191,16729691378.12865,0.10146166709950513,33.635944062049084,token,Token Locker;Gaming;Meme;Metaverse
10804,FLOKI,2025-01-31,1292722016.5850708,37336380.0,33054065.75,12.0,2.0,1.0,True,2.4528283547008716,0.7758485064102615,18598000539.33133,0.06950865572087725,34.623657049373044,token,Token Locker;Gaming;Meme;Metaverse
10804,FLOKI,2025-02-28,788242025.3631603,26832427.0,33968752.25,12.0,2.0,1.0,True,2.4476129222170724,0.7742838766651218,19243048359.610462,0.040962430205061164,29.376471437457383,token,Token Locker;Gaming;Meme;Metaverse
10804,FLOKI,2025-03-31,563820068.7884516,20727144.0,33016134.916666668,12.0,2.0,1.0,True,2.4819336277392208,0.7845800883217663,17887909063.42281,0.031519618463476576,27.202014362830283,token,Token Locker;Gaming;Meme;Metaverse
10804,FLOKI,2025-04-30,859865493.7957447,21350568.0,32688659.75,12.0,2.0,1.0,True,2.503758646793025,0.7911275940379074,17218890986.56012,0.04993733304118694,40.273658939459814,token,Token Locker;Gaming;Meme;Metaverse
10804,FLOKI,2025-05-31,818987731.1611515,21768680.0,31916813.833333332,12.0,1.4594460314077002,1.0,False,2.472987796654367,0.7818963389963102,3049757682.5321317,0.26854190280493634,37.622296398364604,token,Token Locker;Gaming;Meme;Metaverse
10804,FLOKI,2025-06-30,717429377.0056814,23519639.0,31760531.583333332,12.0,1.1465106353620333,1.0,False,2.482909190055942,0.7848727570167826,1006615868.8319707,0.7127141536504411,30.50341788858585,token,Token Locker;Gaming;Meme;Metaverse
10804,FLOKI,2025-07-31,1046242359.323752,28985224.0,32195622.666666668,12.0,2.0,2.0,True,2.4883969714875254,0.7865190914462576,17298273063.385292,0.060482474492687954,36.09571412398787,token,Token Locker;Gaming;Meme;Metaverse
10804,FLOKI,2025-08-31,880650547.8313525,27796261.0,31935995.583333332,12.0,2.0,2.0,True,2.4872626156972752,0.7861787847091826,17183933707.697533,0.051248483776265126,31.682338420672927,token,Token Locker;Gaming;Meme;Metaverse
10804,FLOKI,2025-09-30,775579656.1609967,27865877.0,31040344.75,12.0,2.0,2.0,True,2.487190119302681,0.7861570357908043,16703571149.59255,0.04643196650674999,27.83259454425198,token,Token Locker;Gaming;Meme;Metaverse
10804,FLOKI,2025-11-30,452940374.138961,18280848.0,27720689.636363637,11.0,1.5499689069745242,2.0,False,2.4518017177602407,0.7755405153280722,3692217448.8923154,0.12267434960387978,24.776770428754784,token,Token Locker;Gaming;Meme;Metaverse
10804,FLOKI,2025-12-31,375829732.0476939,16082222.0,24595024.545454547,11.0,1.2239099763733754,2.0,False,2.461376792473385,0.7784130377420155,1047781995.4181975,0.3586907712588536,23.369266513526174,token,Token Locker;Gaming;Meme;Metaverse
10804,FLOKI,2026-01-31,331016099.6863104,14580290.0,22526289.09090909,11.0,1.025501998905089,2.0,False,2.4317717670556025,0.7695315301166807,487342399.71753544,0.6792269662524089,22.70298462419543,token,Token Locker;Gaming;Meme;Metaverse
10804,FLOKI,2026-02-28,265829664.40650845,10936725.0,21081225.272727273,11.0,0.9594571652330812,2.0,False,2.440306206317163,0.7720918618951489,357730731.9638581,0.7430998811512942,24.306148724276092,token,Token Locker;Gaming;Meme;Metaverse
10804,FLOKI,2026-03-31,264914877.34083623,10458453.0,20147707.90909091,11.0,0.5017785374464414,2.0,False,2.6808400545864695,0.8442520163759408,67935160.85312676,3.899525282843918,25.33021636573174,token,Token Locker;Gaming;Meme;Metaverse
10804,FLOKI,2026-04-30,306175510.97570366,11231858.0,19227825.181818184,11.0,0.33761593739119955,2.0,False,2.6620942121030473,0.8386282636309143,42211619.929457664,7.253346625582521,27.259560348403948,token,Token Locker;Gaming;Meme;Metaverse
10804,FLOKI,2026-05-31,273897899.2580166,11881527.0,18328993.09090909,11.0,0.1884425351306691,2.0,False,2.6792930249236355,0.8437879074770906,28003381.5962324,9.780886580314538,23.05241567502364,token,Token Locker;Gaming;Meme;Metaverse
11156,ETHDYDX,2021-09-30,1314768065.681532,693916346.0,238186815.0,11.0,,,False,,,,,1.8947068666999407,token,Derivatives;Privacy;Zero Knowledge
11156,ETHDYDX,2021-10-31,854317551.6001124,1099056664.0,309925969.0833333,12.0,,,False,,,,,0.7773189313923422,token,Derivatives;Privacy;Zero Knowledge
11156,ETHDYDX,2021-11-30,708901341.7070562,972005726.0,387221048.5833333,12.0,,,False,,,,,0.7293180716376316,token,Derivatives;Privacy;Zero Knowledge
11156,ETHDYDX,2021-12-31,531299368.3986366,1006893677.0,466028524.25,12.0,,,False,,,,,0.5276618381214013,token,Derivatives;Privacy;Zero Knowledge
11156,ETHDYDX,2022-01-31,388200470.3346471,970480594.0,534489808.6666667,12.0,,,False,,,,,0.40000848315226295,token,Derivatives;Privacy;Zero Knowledge
11156,ETHDYDX,2022-02-28,384781532.3644692,994105442.0,598282994.75,12.0,,,False,,,,,0.3870630982467443,token,Derivatives;Privacy;Zero Knowledge
11156,ETHDYDX,2022-03-31,391867913.1385003,1006681824.0,658970820.75,12.0,,,False,,,,,0.38926690022219,token,Derivatives;Privacy;Zero Knowledge
11156,ETHDYDX,2022-04-30,226228763.2853253,1011092975.0,724278877.9166666,12.0,2.0,1.0,True,,,,,0.22374674622314064,token,Derivatives;Privacy;Zero Knowledge
11156,ETHDYDX,2022-05-31,133084698.2413037,970047874.0,792255052.4166666,12.0,2.0,1.0,True,,,,,0.1371939486785615,token,Derivatives;Privacy;Zero Knowledge
11156,ETHDYDX,2022-06-30,89240110.40560964,634445620.0,830092447.5833334,12.0,2.0,1.0,True,,,,,0.14065840726524306,token,Derivatives;Privacy;Zero Knowledge
11156,ETHDYDX,2022-07-31,165002757.27775687,572907307.0,862680835.8333334,12.0,2.0,1.0,True,,,,,0.28800951787783163,token,Derivatives;Privacy;Zero Knowledge
11156,ETHDYDX,2022-08-31,99701776.44052082,503113065.0,869562259.5,12.0,2.0,1.0,True,,,,,0.1981697224271463,token,Derivatives;Privacy;Zero Knowledge
11156,ETHDYDX,2022-09-30,83298675.5730825,394326933.0,844596475.0833334,12.0,2.0,1.0,True,0.8411302405454095,0.2923390721636228,6907318092055.569,1.2059481619774861e-05,0.21124267353323925,token,Derivatives;Privacy;Zero Knowledge
11156,ETHDYDX,2022-10-31,107570252.44588818,383877487.0,784998210.3333334,12.0,1.532857161518666,1.0,False,0.9151287102573574,0.3145386130772072,1060776526087.331,0.00010140708226515958,0.28022026841570985,token,Derivatives;Privacy;Zero Knowledge
11156,ETHDYDX,2022-11-30,115943904.00274374,415670609.0,738636950.5833334,12.0,0.9075330571147202,1.0,False,0.8304410678661394,0.28913232035984177,81647708706.28375,0.0014200509216962323,0.2789321676643819,token,Derivatives;Privacy;Zero Knowledge
11156,ETHDYDX,2022-12-31,72354140.97126877,395244901.0,687666219.25,12.0,0.4755882600892105,1.0,False,0.8204504815160739,0.28613514445482213,8322476089.739261,0.008693823832125374,0.18306154181422007,token,Derivatives;Privacy;Zero Knowledge
11156,ETHDYDX,2023-01-31,502189492.7930485,399094927.0,640050747.0,12.0,0.1974985053441236,1.0,False,1.9317144222504783,0.6195143266751435,1112998845.8387685,0.45120396545837643,1.2583209126911516,token,Derivatives;Privacy;Zero Knowledge
11156,ETHDYDX,2023-02-28,454569364.65105206,382810772.0,589109524.5,12.0,-0.015332995138585326,1.0,False,1.9208224879198739,0.6162467463759622,571195889.2988894,0.7958204412307838,1.1874518636875038,token,Derivatives;Privacy;Zero Knowledge
11156,ETHDYDX,2023-03-31,392124340.5793438,340583026.0,533601291.3333333,12.0,-0.19025050194783866,1.0,False,1.7222566519140956,0.5566769955742287,326307787.1507447,1.201700835898819,1.1513325992333623,token,Derivatives;Privacy;Zero Knowledge
11156,ETHDYDX,2023-04-30,407282613.1262789,342411590.0,477877842.5833333,12.0,0.7026695318818277,2.0,False,1.7172358758253103,0.5551707627475931,5875031063.245227,0.06932433356383068,1.1894533509402496,token,Derivatives;Privacy;Zero Knowledge
11156,ETHDYDX,2023-05-31,318459395.90795475,353539825.0,426502171.8333333,12.0,0.6159142652516001,2.0,False,1.7208192837621323,0.5562457851286398,3655208484.5460443,0.08712482400234567,0.9007737555675793,token,Derivatives;Privacy;Zero Knowledge
11156,ETHDYDX,2023-06-30,322766225.2011178,353051592.0,403052669.5,12.0,0.5607089659144509,2.0,False,1.689433736880778,0.5468301210642333,2832156572.283009,0.11396482396484707,0.9142182970275852,token,Derivatives;Privacy;Zero Knowledge
11156,ETHDYDX,2023-07-31,332182376.5200672,345367650.0,384091031.4166667,12.0,0.5152460286537812,2.0,False,1.679019114579552,0.5437057343738656,2264958410.0275226,0.1466615788834863,0.9618224999361324,token,Derivatives;Privacy;Zero Knowledge
11156,ETHDYDX,2023-08-31,345300831.335271,343533072.0,370792698.6666667,12.0,0.3874643002273648,2.0,False,1.640831920567631,0.5322495761702892,1359365495.8076136,0.2540161806373672,1.0051458199496757,token,Derivatives;Privacy;Zero Knowledge
11156,ETHDYDX,2023-09-30,362290745.80206,344461431.0,366637240.1666667,12.0,0.24067899334592657,2.0,False,1.6281676203489652,0.5284502861046896,792695091.9542936,0.4570366960502759,1.0517599742598178,token,Derivatives;Privacy;Zero Knowledge
11156,ETHDYDX,2023-10-31,425198495.4238233,364338139.0,365008961.1666667,12.0,0.08523247035686321,2.0,False,1.5388295503653977,0.5016488651096193,482467858.75353366,0.8812991118669189,1.1670436056759441,token,Derivatives;Privacy;Zero Knowledge
11156,ETHDYDX,2023-11-30,597741158.4755534,343141011.0,358964828.0,12.0,-0.037176968222413675,2.0,False,1.5645627026849986,0.5093688108054996,328248109.3611976,1.8210041167908482,1.7419694507910435,token,Derivatives;Privacy;Zero Knowledge
11156,ETHDYDX,2023-12-31,541126798.8642217,347570817.0,354991987.6666667,12.0,-0.12722353687082844,2.0,False,1.529234365248389,0.4987703095745167,251902696.9395022,2.148158020690745,1.5568821442918255,token,Derivatives;Privacy;Zero Knowledge
11156,ETHDYDX,2024-01-31,815702670.9094697,289867496.0,345889701.75,12.0,-0.19554991565559032,2.0,False,1.5278776819164566,0.49836330457493694,203766890.43262723,4.003116841885413,2.8140536009234705,token,Derivatives;Privacy;Zero Knowledge
11156,ETHDYDX,2024-02-29,982483350.5334888,337798363.0,342138667.6666667,12.0,-0.24378071152252034,2.0,False,1.3815744433719228,0.4544723330115768,172780439.01855823,5.68631122894624,2.90849056167122,token,Derivatives;Privacy;Zero Knowledge
11156,ETHDYDX,2024-03-31,1015135509.6173187,392896419.0,346498117.0833333,12.0,-0.27486753862306423,2.0,False,1.3603780139914625,0.4481134041974387,159900254.9189192,6.348554666983268,2.583722987857822,token,Derivatives;Privacy;Zero Knowledge
11156,ETHDYDX,2024-04-30,559371846.4831067,323132280.0,344891507.9166667,12.0,0.27901443323856756,3.0,False,1.388449461078037,0.456534838323411,950963814.8707302,0.5882157004671574,1.7310924383138284,token,Derivatives;Privacy;Zero Knowledge
11156,ETHDYDX,2024-05-31,492236523.2753538,340302691.0,343788413.4166667,12.0,0.28154995438676234,3.0,False,1.3784327079267655,0.45352981237802964,962551714.080606,0.5113870933631031,1.4464667376825233,token,Derivatives;Privacy;Zero Knowledge
11156,ETHDYDX,2024-06-30,342528136.0158625,306986463.0,339949652.6666667,12.0,0.27125366157055364,3.0,False,1.3916130191039733,0.45748390573119196,907551241.4324794,0.37742016139520224,1.1157760269574575,token,Derivatives;Privacy;Zero Knowledge
11156,ETHDYDX,2024-07-31,273720733.3200857,264810731.0,333236576.0833333,12.0,0.25823453737070046,3.0,False,1.3898932405985882,0.4569679721795764,846049001.0753899,0.323528227055604,1.0336466814862035,token,Derivatives;Privacy;Zero Knowledge
11156,ETHDYDX,2024-08-31,209529649.42672408,224628002.0,323327820.25,12.0,0.1884616672147723,3.0,False,1.3943816191560885,0.45831448574682654,628795767.1444076,0.33322369579279315,0.9327850827196694,token,Derivatives;Privacy;Zero Knowledge
11156,ETHDYDX,2024-09-30,219074552.4269483,177914737.0,309448929.0833333,12.0,0.09116498773799186,3.0,False,1.3952523364320817,0.45857570092962446,426822378.43353456,0.5132686651317719,1.2313457340352212,token,Derivatives;Privacy;Zero Knowledge
11156,ETHDYDX,2024-10-31,225707274.61045083,72725671.0,285147890.0833333,12.0,-0.027392983722762554,3.0,False,1.7237135738819207,0.5571140721645762,267953802.4205739,0.8423365243243911,3.1035433775571604,token,Derivatives;Privacy;Zero Knowledge
11156,ETHDYDX,2024-11-30,378221979.94917816,44483804.0,260259789.5,12.0,-0.12404316478743649,3.0,False,1.7536130225094022,0.5660839067528207,189422301.8504454,1.996713038825786,8.502464851009103,token,Derivatives;Privacy;Zero Knowledge
11156,ETHDYDX,2024-12-31,308856273.0590393,42974881.0,234876794.83333334,12.0,-0.20419034443729633,3.0,False,1.7594019428214083,0.5678205828464225,139163928.10768148,2.219370186360752,7.186902345559474,token,Derivatives;Privacy;Zero Knowledge
11156,ETHDYDX,2025-01-31,235003777.96900752,42163145.0,214234765.58333334,12.0,-0.26268991664784,3.0,False,1.7530241543262473,0.5659072462978741,109178894.29056488,2.1524652680908885,5.573677626965624,token,Derivatives;Privacy;Zero Knowledge
11156,ETHDYDX,2025-02-28,91473479.55959082,40407094.0,189452159.83333334,12.0,-0.31839782547256235,3.0,False,1.766698876801883,0.5700096630405649,83801751.46452312,1.0915461545969654,2.2637975292059065,token,Derivatives;Privacy;Zero Knowledge
11156,ETHDYDX,2025-03-31,65604003.86300313,39351798.0,159990108.08333334,12.0,-0.37615650760131114,3.0,False,1.7683156908194195,0.5704947072458258,60826798.3325923,1.0785378428811878,1.66711579132936,token,Derivatives;Privacy;Zero Knowledge
11156,ETHDYDX,2025-04-30,53501915.60385237,39264115.0,136334427.66666666,12.0,-0.4268962637962588,3.0,False,1.7344748080322065,0.560342442409662,44876841.734884866,1.1921943152755963,1.3626161089802322,token,Derivatives;Privacy;Zero Knowledge
11156,ETHDYDX,2025-05-31,28784069.01895616,40459743.0,111347515.33333333,12.0,-0.4800776291999367,3.0,False,1.69617649979336,0.548852949938008,31276123.607972126,0.9203208613620917,0.7114249099149285,token,Derivatives;Privacy;Zero Knowledge
11156,ETHDYDX,2025-06-30,21618904.33715927,40553703.0,89144785.33333333,12.0,-0.5,3.0,True,1.8903562603184996,0.6071068780955499,24657419.804550707,0.8767707452167944,0.5330932254733746,token,Derivatives;Privacy;Zero Knowledge
11156,ETHDYDX,2025-07-31,23505117.46484723,42669596.0,70633024.08333333,12.0,-0.5,3.0,True,1.7955190789390723,0.5786557236817217,19145642.511414025,1.2277006347963628,0.5508633703690851,token,Derivatives;Privacy;Zero Knowledge
11156,ETHDYDX,2025-08-31,24974082.86561653,43470903.0,55536599.166666664,12.0,-0.5,3.0,True,1.736180819638648,0.5608542458915944,14854184.357421966,1.6812826786506192,0.5745011293097945,token,Derivatives;Privacy;Zero Knowledge
11156,ETHDYDX,2025-09-30,24495280.8148494,43100872.0,44302110.416666664,12.0,-0.5,3.0,True,1.7319670252157637,0.5595901075647292,11837870.522259086,2.0692303373981176,0.568324483431551,token,Derivatives;Privacy;Zero Knowledge
11289,SPELL,2021-12-31,1868883267.8372583,6124597431.0,2340296063.142857,7.0,,,False,,,,,0.3051438545785555,token,CDP
11289,SPELL,2022-01-31,592437099.9824473,3032416011.0,2426811056.625,8.0,,,False,,,,,0.19536801607477308,token,CDP
11289,SPELL,2022-02-28,366055368.93019545,2844415524.0,2473211553.0,9.0,,,False,,,,,0.12869264910192335,token,CDP
11289,SPELL,2022-03-31,397246891.4102023,2561600069.0,2482050404.6,10.0,,,False,,,,,0.1550776392527503,token,CDP
11289,SPELL,2022-04-30,264311856.0595544,1848218239.0,2424429298.6363635,11.0,,,False,,,,,0.14300900753071424,token,CDP
11289,SPELL,2022-05-31,121939607.37695624,658688226.0,2277284209.25,12.0,,,False,,,,,0.1851249233912316,token,CDP
11289,SPELL,2022-06-30,89380666.24875993,369195038.0,2301503714.75,12.0,,,False,,,,,0.24209606589772187,token,CDP
11289,SPELL,2022-07-31,105447057.54857008,430991186.0,2327931694.5,12.0,,,False,,,,,0.2446617494135253,token,CDP
11289,SPELL,2022-08-31,132566809.10505985,452598800.0,2345385837.9166665,12.0,,,False,,,,,0.29290137115931336,token,CDP
11289,SPELL,2022-09-30,103345844.20108303,375693571.0,2288852669.5833335,12.0,,,False,,,,,0.2750801508953238,token,CDP
11289,SPELL,2022-10-31,90538373.27576092,382149016.0,1985998172.0,12.0,,,False,,,,,0.23691902761764777,token,CDP
11289,SPELL,2022-11-30,67858580.12817582,155068832.0,1602969328.5833333,12.0,-0.062360282507540776,1.0,False,,,,,0.43760296155565176,token,CDP
11289,SPELL,2022-12-31,56534519.05030772,158934199.0,1105830725.9166667,12.0,-0.5,1.0,True,0.7020144563359578,0.2506043369007873,206817433.29024115,0.27335470782566446,0.35571022099722993,token,CDP
11289,SPELL,2023-01-31,85057828.73804507,216422734.0,871164619.5,12.0,-0.5,1.0,True,1.1228190547561747,0.3768457164268524,195206861.10696158,0.4357317578680726,0.39301706972265243,token,CDP
11289,SPELL,2023-02-28,87132328.86946844,263559964.0,656093322.8333334,12.0,-0.5,1.0,True,1.127539285025995,0.3782617855077985,147264641.4897682,0.5916717549305431,0.33059774158061594,token,CDP
11289,SPELL,2023-03-31,86939683.1487962,237441385.0,462413432.5,12.0,-0.5,1.0,True,1.062842205796165,0.3588526617388495,101345386.35033067,0.8578553625348386,0.36615219014493283,token,CDP
11289,SPELL,2023-04-30,73022352.02059709,250767947.0,329292574.8333333,12.0,-0.5,1.0,True,1.053778334398774,0.3561335003196322,71921908.6618485,1.0153005305229381,0.29119491902446804,token,CDP
11289,SPELL,2023-05-31,63591480.93183956,242976883.0,294649962.9166667,12.0,-0.5,1.0,True,1.041501437217373,0.35245043116521185,64053721.440320954,0.9927835495255016,0.26171823486532897,token,CDP
11289,SPELL,2023-06-30,51350855.04984592,229462530.0,283005587.25,12.0,-0.5,1.0,True,0.9947660176383624,0.3384298052915087,60405418.58275814,0.8501034551973667,0.22378753973402943,token,CDP
11289,SPELL,2023-07-31,50410885.71493236,200213706.0,263774130.58333334,12.0,-0.5,1.0,True,0.9819596941524407,0.33458790824573215,56011856.823671736,0.9000038308608207,0.25178538833366565,token,CDP
11289,SPELL,2023-08-31,41805552.87710084,137435823.0,237510549.16666666,12.0,-0.5,1.0,True,0.9670490815514659,0.3301147244654397,50130419.26622865,0.833935831557347,0.3041823591881197,token,CDP
11289,SPELL,2023-09-30,52717890.50804519,115579086.0,215834342.08333334,12.0,-0.5,1.0,True,0.9980605685067482,0.33941817055202445,46128805.328457944,1.1428410107885947,0.45611963489696733,token,CDP
11289,SPELL,2023-10-31,53494497.51951411,114847406.0,193559207.91666666,12.0,-0.5,1.0,True,0.930346240682662,0.3191038722047986,40236764.33790182,1.3294930245950196,0.4657875992385419,token,CDP
11289,SPELL,2023-11-30,61070594.08086759,133389369.0,191752586.0,12.0,-0.5,2.0,True,0.9520067964331923,0.32560203892995765,40223026.08149011,1.5182993431956415,0.45783704157763566,token,CDP
11289,SPELL,2023-12-31,68345112.28506932,154905582.0,191416867.91666666,12.0,-0.5,2.0,True,0.9706154925360452,0.3311846477608135,40460423.8872177,1.6891842872328626,0.4412049675851534,token,CDP
11289,SPELL,2024-01-31,52244119.91720349,129335902.0,184159631.91666666,12.0,-0.5,2.0,True,0.9695349353540249,0.33086048060620743,38909301.35345036,1.342715445919222,0.40394135819459853,token,CDP
11289,SPELL,2024-02-29,148596595.81895685,137931009.0,173690552.33333334,12.0,-0.5,2.0,True,1.7447007096643303,0.5634102128992992,46547026.31149164,3.1923971861177947,1.0773255187233268,token,CDP
11289,SPELL,2024-03-31,137863782.49159816,134660001.0,165125437.0,12.0,-0.5,2.0,True,1.6977099762778027,0.5493129928833408,43772371.10021389,3.1495616761533967,1.0237916342477835,token,CDP
11289,SPELL,2024-04-30,87518743.73840648,118509271.0,154103880.66666666,12.0,-0.5,2.0,True,1.7032957952125254,0.5509887385637576,40904392.94837681,2.139592777940968,0.738497022215304,token,CDP
11289,SPELL,2024-05-31,104791826.70086096,119065228.0,143777909.41666666,12.0,-0.5,2.0,True,1.7101923571595197,0.553057707147856,38225186.25690628,2.7414340376674518,0.8801211609896801,token,CDP
11289,SPELL,2024-06-30,102720564.385603,71492401.0,130613732.0,12.0,-0.5,2.0,True,1.7168228982059983,0.5550468694617995,34779006.1960113,2.95352212788023,1.436803953270544,token,CDP
11289,SPELL,2024-07-31,94138541.97522049,51841930.0,118249417.33333333,12.0,-0.5,2.0,True,1.7145244286390993,0.5543573285917298,31469882.79641552,2.9913852105589362,1.8158764917745247,token,CDP
11289,SPELL,2024-08-31,78303176.02943245,41009403.0,110213882.33333333,12.0,-0.5,2.0,True,1.7061086308628641,0.5518325892588593,29273794.497827634,2.674855698506841,1.9093956580990084,token,CDP
11289,SPELL,2024-09-30,87980498.0498357,44320008.0,104275625.83333333,12.0,-0.5,2.0,True,1.708542373330411,0.5525627119991233,27712316.218981232,3.17477966672358,1.9851191825108807,token,CDP
11289,SPELL,2024-10-31,79368716.23593898,38615706.0,97922984.16666667,12.0,-0.5,2.0,True,1.6883858117180492,0.5465157435154148,25900839.913126864,3.0643298249071043,2.055348055424365,token,CDP
11289,SPELL,2024-11-30,148039718.54800016,51392361.0,91089900.16666667,12.0,-0.5,3.0,True,1.7919207325325122,0.5775762197597537,24671054.961252097,6.000542691851184,2.8805782740357104,token,CDP
11289,SPELL,2024-12-31,113262993.61332248,64997982.0,83597600.16666667,12.0,-0.5,3.0,True,1.797276830030229,0.5791830490090687,22668563.923551537,4.996478559263639,1.74256169388955,token,CDP
11289,SPELL,2025-01-31,240698539.5961864,67385782.0,78435090.16666667,12.0,-0.5,3.0,True,1.7861533057401289,0.5758459917220387,21216499.61909017,11.344875164026153,3.5719484504340455,token,CDP
11289,SPELL,2025-02-28,119364216.57338952,59092377.0,71865204.16666667,12.0,-0.5,3.0,True,1.8663924221190271,0.5999177266357082,19778878.053965278,6.034933642227463,2.0199596400291955,token,CDP
11289,SPELL,2025-03-31,92677272.8908692,39535518.0,63938163.916666664,12.0,-0.5,3.0,True,1.8758752655366995,0.6027625796610099,17632157.607739136,5.256150435621738,2.344152235234889,token,CDP
11289,SPELL,2025-04-30,94389695.99680305,29821315.0,56547500.916666664,12.0,-0.5,3.0,True,1.8663094967078524,0.5998928490123557,15562839.575902538,6.0650690085475025,3.1651755127767855,token,CDP
11289,SPELL,2025-05-31,86260693.97926354,31787841.0,49274385.333333336,12.0,-0.5,3.0,True,1.8021198811861345,0.5806359643558404,13375604.1917089,6.44910635384484,2.7136380221375695,token,CDP
11289,SPELL,2025-06-30,73723621.29782933,31973071.0,45981107.833333336,12.0,-0.5,3.0,True,2.0394955400420414,0.6518486620126124,13097534.208229411,5.628816854053909,2.3058035713187928,token,CDP
11289,SPELL,2025-07-31,77287642.32542177,25522043.0,43787783.916666664,12.0,-0.5,3.0,True,2.0589912385404183,0.6576973715621255,12518206.066617656,6.1740190179106404,3.0282702025626147,token,CDP
11289,SPELL,2025-08-31,79692053.02220412,25639655.0,42506971.583333336,12.0,-0.5,3.0,True,2.1757449421611517,0.6927234826483455,12408256.370096318,6.422502134486887,3.108156214356399,token,CDP
11289,SPELL,2025-09-30,73409089.51020426,22747337.0,40709249.0,12.0,-0.5,3.0,True,2.166122131090267,0.6898366393270802,11863736.611390965,6.187687059717807,3.2271509192572414,token,CDP
11289,SPELL,2025-10-31,54226867.47588624,19548493.0,39120314.583333336,12.0,-0.5,3.0,True,2.177382091655297,0.693214627496589,11422873.653907983,4.747217654581533,2.7739666416171436,token,CDP
11289,SPELL,2025-11-30,45393724.97198797,15393577.0,36120415.916666664,12.0,-0.5,3.0,True,2.1345339149113127,0.6803601744733938,10468392.907699611,4.336264923587308,2.9488743891031937,token,CDP
11289,SPELL,2025-12-31,42262164.5660421,14803901.0,31937575.833333332,12.0,-0.5,3.0,True,2.1242725176982638,0.6772817553094791,9239298.934479838,4.574174389825759,2.8547991888112536,token,CDP
11289,SPELL,2026-01-31,37357464.37631402,13943225.0,27484029.416666668,12.0,-0.5,3.0,True,2.2148010326675545,0.7044403098002664,8076416.026368446,4.625500253373126,2.679255651136234,token,CDP
11289,SPELL,2026-02-28,30542828.08290866,10806067.0,23460170.25,12.0,-0.5,3.0,True,2.1644078045223454,0.6893223413567037,6834873.08925788,4.468675231279964,2.826451851807754,token,CDP
11289,SPELL,2026-03-31,28133096.77188038,8933026.0,20909962.583333332,12.0,-0.5,3.0,True,2.2912886915598865,0.7273866074679659,6222312.928510468,4.5213246416738855,3.1493355971291677,token,CDP
11289,SPELL,2026-04-30,28438051.33649276,7300242.0,19033206.5,12.0,-0.5,3.0,True,2.2654888053134368,0.719646641594031,5640230.593527113,5.0420015396407845,3.895494332447165,token,CDP
11289,SPELL,2026-05-31,26277594.90333837,6790943.0,16950131.666666668,12.0,-0.5,3.0,True,2.272363973732977,0.721709192119893,5028564.696604081,5.22566507319361,3.869506032275395,token,CDP
11840,OP,2022-07-31,372360954.3621447,533368430.0,308927939.6666667,12.0,,,False,,,,,0.6981308480559014,other,Canonical Bridge;Foundation;Layer-2;Modular Blockchain
11840,OP,2022-08-31,264816459.8157192,893568172.0,375310465.25,12.0,,,False,,,,,0.2963584291761448,other,Canonical Bridge;Foundation;Layer-2;Modular Blockchain
11840,OP,2022-09-30,213622401.2239968,903682655.0,442191924.1666667,12.0,,,False,,,,,0.23639094990043466,other,Canonical Bridge;Foundation;Layer-2;Modular Blockchain
11840,OP,2022-10-31,243480568.67258075,999078359.0,504308016.3333333,12.0,,,False,,,,,0.24370517735594427,other,Canonical Bridge;Foundation;Layer-2;Modular Blockchain
11840,OP,2022-11-30,235430414.99139217,524012265.0,517757007.5,12.0,,,False,,,,,0.449284168933321,other,Canonical Bridge;Foundation;Layer-2;Modular Blockchain
11840,OP,2022-12-31,215307664.80551428,493296280.0,530300308.6666667,12.0,1.591886965967419,1.0,False,,,,,0.43646723791534425,other,Canonical Bridge;Foundation;Layer-2;Modular Blockchain
11840,OP,2023-01-31,509286954.2476362,680051638.0,562580190.6666666,12.0,1.5903294845528495,1.0,False,,,,,0.7488945335760462,other,Canonical Bridge;Foundation;Layer-2;Modular Blockchain
11840,OP,2023-02-28,850081426.2315974,936053013.0,616580895.25,12.0,1.7277238733839315,1.0,False,,,,,0.9081552160247118,other,Canonical Bridge;Foundation;Layer-2;Modular Blockchain
11840,OP,2023-03-31,719925295.3472449,899242003.0,655205539.0833334,12.0,1.6277308297349031,1.0,False,,,,,0.8005912679183924,other,Canonical Bridge;Foundation;Layer-2;Modular Blockchain
11840,OP,2023-04-30,684968620.905068,904858221.0,693280238.5,12.0,1.5752909535252262,1.0,False,,,,,0.7569899957897028,other,Canonical Bridge;Foundation;Layer-2;Modular Blockchain
11840,OP,2023-05-31,892700297.8216313,870374867.0,742877847.75,12.0,1.753949558166255,1.0,False,,,,,1.0256503624680506,other,Canonical Bridge;Foundation;Layer-2;Modular Blockchain
11840,OP,2023-06-30,858253251.0958309,774721031.0,784358911.1666666,12.0,1.9012738059415315,1.0,False,,,,,1.107822321523928,other,Canonical Bridge;Foundation;Layer-2;Modular Blockchain
11840,OP,2023-07-31,1157641402.4964306,871870622.0,812567427.1666666,12.0,1.630281443767848,1.0,False,2.2248875671305695,0.7074662701391708,188320987835.74023,0.006147171464001472,1.327767415583858,other,Canonical Bridge;Foundation;Layer-2;Modular Blockchain
11840,OP,2023-08-31,1111078123.0589447,694415804.0,795971396.5,12.0,1.1208345362013588,1.0,False,2.1668673740029716,0.6900602122008915,31951067174.052624,0.03477436659647,1.600018485551266,other,Canonical Bridge;Foundation;Layer-2;Modular Blockchain
11840,OP,2023-09-30,1075108469.8598886,635296270.0,773605864.4166666,12.0,0.7494798573595989,1.0,False,2.1449121252735956,0.6834736375820787,7839979754.604686,0.1371315364977111,1.69229463579235,other,Canonical Bridge;Foundation;Layer-2;Modular Blockchain
11840,OP,2023-10-31,1228634332.146933,631057660.0,742937472.8333334,12.0,0.4731819617601969,1.0,False,1.7388265461470351,0.5616479638441105,3562891761.827844,0.3448418908792828,1.9469446455129522,other,Canonical Bridge;Foundation;Layer-2;Modular Blockchain
11840,OP,2023-11-30,1472546198.6855395,745018855.0,761354688.6666666,12.0,0.4704864977934009,1.0,False,1.7414714102179865,0.5624414230653959,3607485019.9140415,0.4081919094762109,1.9765220555197083,other,Canonical Bridge;Foundation;Layer-2;Modular Blockchain
11840,OP,2023-12-31,3378620959.2581515,884072294.0,793919356.5,12.0,0.9698596493900109,2.0,False,1.9600079490699094,0.6280023847209728,22400453333.349712,0.15082824034762157,3.8216568737512677,other,Canonical Bridge;Foundation;Layer-2;Modular Blockchain
11840,OP,2024-01-31,2777715639.267421,764626005.0,800967220.4166666,12.0,0.9204042481093215,2.0,False,1.9806524618738375,0.6341957385621513,18191726555.798885,0.15269114950400253,3.632776836131045,other,Canonical Bridge;Foundation;Layer-2;Modular Blockchain
11840,OP,2024-02-29,3722116946.8699055,959735585.0,802940768.0833334,12.0,0.884720372151965,2.0,False,1.5450191810811533,0.503505754324346,26018601780.586544,0.14305599425589105,3.878273354707282,other,Canonical Bridge;Foundation;Layer-2;Modular Blockchain
11840,OP,2024-03-31,3711601071.860051,1043020672.0,814922323.8333334,12.0,0.8078390602876979,2.0,False,1.4901489107225119,0.48704467321675354,20229497428.70993,0.183474704942126,3.558511515158207,other,Canonical Bridge;Foundation;Layer-2;Modular Blockchain
11840,OP,2024-04-30,2651071848.186626,880282795.0,812874371.6666666,12.0,0.7376826153583813,2.0,False,1.5274845253176164,0.4982453575952849,14178807396.719154,0.18697424783413447,3.011613839603245,other,Canonical Bridge;Foundation;Layer-2;Modular Blockchain
11840,OP,2024-05-31,2672143029.611369,859170775.0,811940697.3333334,12.0,0.7349279426559707,2.0,False,1.5056070878459917,0.4916821263537975,14347050478.054415,0.1862503400053371,3.11014190352479,other,Canonical Bridge;Foundation;Layer-2;Modular Blockchain
11840,OP,2024-06-30,2018394848.500368,674584257.0,803595966.1666666,12.0,0.7240736528132761,2.0,False,1.5377395249896069,0.5013218574968821,13054632970.8962,0.15461138225794221,2.9920574450944653,other,Canonical Bridge;Foundation;Layer-2;Modular Blockchain
11840,OP,2024-07-31,1880452595.4820745,716884829.0,790680483.4166666,12.0,0.5998229241007482,2.0,False,1.540957120347945,0.5022871361043835,7457291420.612664,0.252162948907203,2.623088841348705,other,Canonical Bridge;Foundation;Layer-2;Modular Blockchain
11840,OP,2024-08-31,1684480732.0651617,613925728.0,783972977.0833334,12.0,0.4452907038802367,2.0,False,1.5270716219548246,0.49812148658644734,3890849671.8821044,0.4329339023911286,2.7437858607957897,other,Canonical Bridge;Foundation;Layer-2;Modular Blockchain
11840,OP,2024-09-30,2198531477.4593444,719102865.0,790956860.0,12.0,0.33742979830069864,2.0,False,1.5307203227334774,0.49921609682004314,2543236634.177003,0.86446201974076,3.0573254320984304,other,Canonical Bridge;Foundation;Layer-2;Modular Blockchain
11840,OP,2024-10-31,2020858886.2581284,671106631.0,794294274.25,12.0,0.2549972672275891,2.0,False,1.5068276586869074,0.49204829760607216,1891397569.1161313,1.06844743762809,3.011233674217903,other,Canonical Bridge;Foundation;Layer-2;Modular Blockchain
11840,OP,2024-11-30,3078679910.5627785,838017714.0,802044179.1666666,12.0,0.24461821583604282,2.0,False,1.5066446408830922,0.4919933922649276,1838565903.839717,1.6745007095656292,3.673764717773947,other,Canonical Bridge;Foundation;Layer-2;Modular Blockchain
11840,OP,2024-12-31,2367867761.951981,782268389.0,793560520.4166666,12.0,0.5711756643676777,3.0,False,1.533168700289179,0.4999506100867536,6664615855.209772,0.35528945904676623,3.026925023749082,other,Canonical Bridge;Foundation;Layer-2;Modular Blockchain
11840,OP,2025-01-31,1927151154.3627424,697717369.0,787984800.75,12.0,0.5366069902961037,3.0,False,1.5166279010490342,0.4949883703147102,5791245868.007878,0.33276970073205686,2.76207994810968,other,Canonical Bridge;Foundation;Layer-2;Modular Blockchain
11840,OP,2025-02-28,1750374787.206323,543107611.0,753265802.9166666,12.0,0.49366382895354355,3.0,False,1.49768836177009,0.489306508531027,4683905783.807859,0.373699828305113,3.2228876041406145,other,Canonical Bridge;Foundation;Layer-2;Modular Blockchain
11840,OP,2025-03-31,1188044084.7014616,407496786.0,700305479.0833334,12.0,0.4109023173912889,3.0,False,1.5202454797280893,0.49607364391842673,3033713073.7787085,0.39161385925718645,2.9154686012700517,other,Canonical Bridge;Foundation;Layer-2;Modular Blockchain
11840,OP,2025-04-30,1208992780.55559,381455145.0,658736508.25,12.0,0.34754436258282295,3.0,False,1.4999924661080757,0.4899977398324227,2241729093.938075,0.5393126153489566,3.1694231848821697,other,Canonical Bridge;Foundation;Layer-2;Modular Blockchain
11840,OP,2025-05-31,1116383465.3045824,396272990.0,620161692.8333334,12.0,0.3198193863445087,3.0,False,1.4831185846453085,0.48493557539359256,1910439765.5988317,0.5843594157780994,2.8172080698827906,other,Canonical Bridge;Foundation;Layer-2;Modular Blockchain
11840,OP,2025-06-30,992330864.5837274,376426365.0,595315201.8333334,12.0,0.30098898109621075,3.0,False,1.486121748426163,0.48583652452784887,1702005437.5477912,0.5830362481176641,2.6361885267620067,other,Canonical Bridge;Foundation;Layer-2;Modular Blockchain
11840,OP,2025-07-31,1170373631.8951197,455079513.0,573498092.1666666,12.0,0.2290180555453154,3.0,False,1.4888923594183674,0.48666770782551017,1250425433.4377034,0.9359803476465581,2.5718003084333962,other,Canonical Bridge;Foundation;Layer-2;Modular Blockchain
11840,OP,2025-08-31,1231054457.4690528,449467887.0,559793272.0833334,12.0,0.1425599586189279,3.0,False,1.4510068820348707,0.4753020646104612,909092348.253076,1.3541577594780811,2.7389152664182497,other,Canonical Bridge;Foundation;Layer-2;Modular Blockchain
11840,OP,2025-09-30,1192398499.7088325,399510352.0,533160562.6666667,12.0,0.06434494934640234,3.0,False,1.439182069243475,0.4717546207730424,668343336.1899992,1.7841107034990364,2.984649818808281,other,Canonical Bridge;Foundation;Layer-2;Modular Blockchain
11840,OP,2025-10-31,756426786.5196838,335666226.0,505207195.5833333,12.0,0.0005939791678784001,3.0,False,1.478439103995615,0.4835317311986845,517090650.9368117,1.4628514074839054,2.253508777256857,other,Canonical Bridge;Foundation;Layer-2;Modular Blockchain
11840,OP,2025-11-30,606363664.184884,281590093.0,458838227.1666667,12.0,-0.03946940525409104,3.0,False,1.5190989617191921,0.4957296885157576,416793630.218721,1.4548294892767009,2.153355814918119,other,Canonical Bridge;Foundation;Layer-2;Modular Blockchain
11840,OP,2025-12-31,520449927.80138296,288722276.0,417709384.4166667,12.0,-0.07647047524596973,3.0,False,1.5290918876496205,0.49872756629488607,341425209.2182635,1.524345343429735,1.8025970666751843,other,Canonical Bridge;Foundation;Layer-2;Modular Blockchain
11840,OP,2026-01-31,454526989.4476084,264765206.0,381630037.5,12.0,-0.12134300386213404,3.0,False,1.0566932716491213,0.35700798149473634,265097358.12633088,1.7145662735386662,1.7167172239678972,other,Canonical Bridge;Foundation;Layer-2;Modular Blockchain
11840,OP,2026-02-28,259364587.42689225,200805332.0,353104847.5833333,12.0,-0.16956711544066772,3.0,False,1.1422942289596116,0.38268826868788347,212691599.13151336,1.2194397356828355,1.291622014433821,other,Canonical Bridge;Foundation;Layer-2;Modular Blockchain
11840,OP,2026-03-31,234043810.69585705,192047796.0,335150765.0833333,12.0,-0.20025005610777447,3.0,False,1.2382674403084335,0.41148023209253004,186904740.34966585,1.2522090678813298,1.218674806847859,other,Canonical Bridge;Foundation;Layer-2;Modular Blockchain
11840,OP,2026-04-30,258540725.761006,353381073.0,332811259.0833333,12.0,-0.21699765446240826,3.0,False,1.2421000605010233,0.412630018150307,176915787.11799586,1.461377359096673,0.7316201843130574,other,Canonical Bridge;Foundation;Layer-2;Modular Blockchain
11840,OP,2026-05-31,254668123.0661009,325551915.0,326917836.1666667,12.0,-0.23936950005197588,3.0,False,1.1984719219284181,0.3995415765785254,161574404.3367421,1.5761662505364362,0.78226578106936,other,Canonical Bridge;Foundation;Layer-2;Modular Blockchain
11841,ARB,2023-03-31,1777840558.009179,2298455946.0,1175924609.1666667,12.0,-0.19789564111580693,1.0,False,,,,,0.7734934233145311,token,Canonical Bridge;Layer-2;Modular Blockchain
11841,ARB,2023-04-30,1748926466.2264752,2280960984.0,1244001888.5833333,12.0,-0.151330116519101,1.0,False,,,,,0.7667498385524666,token,Canonical Bridge;Layer-2;Modular Blockchain
11841,ARB,2023-05-31,1481333839.4186115,2331066410.0,1352195624.5,12.0,-0.04943449520491816,1.0,False,,,,,0.6354747479796646,token,Canonical Bridge;Layer-2;Modular Blockchain
11841,ARB,2023-06-30,1478957809.746256,2167779062.0,1476470960.25,12.0,0.0898917625089477,1.0,False,,,,,0.6822456382532659,token,Canonical Bridge;Layer-2;Modular Blockchain
11841,ARB,2023-07-31,1489942817.71497,2055324787.0,1584505022.9166667,12.0,0.21413656599756647,1.0,False,,,,,0.7249184299916537,token,Canonical Bridge;Layer-2;Modular Blockchain
11841,ARB,2023-08-31,1167135039.844705,1738396618.0,1654618944.75,12.0,0.19917390731604767,1.0,False,,,,,0.6713859356143231,token,Canonical Bridge;Layer-2;Modular Blockchain
11841,ARB,2023-09-30,1158429958.5221255,1714859137.0,1721181300.5833333,12.0,0.24736238023293589,1.0,False,,,,,0.6755248483841653,token,Canonical Bridge;Layer-2;Modular Blockchain
11841,ARB,2023-10-31,1204687686.075606,1827312289.0,1789521961.8333333,12.0,0.4067428556155923,1.0,False,,,,,0.6592675446487988,token,Canonical Bridge;Layer-2;Modular Blockchain
11841,ARB,2023-11-30,1283794431.5530298,2061407363.0,1880411125.0833333,12.0,0.5792276904002622,1.0,False,,,,,0.6227757087685486,token,Canonical Bridge;Layer-2;Modular Blockchain
11841,ARB,2023-12-31,1982887647.7767832,2312986974.0,1989938200.5833333,12.0,0.7672514657745604,1.0,False,,,,,0.8572843989465473,token,Canonical Bridge;Layer-2;Modular Blockchain
11841,ARB,2024-01-31,2248845110.085957,2388963490.0,2090992214.0,12.0,0.2201505529055996,2.0,False,,,,,0.9413476260727438,token,Canonical Bridge;Layer-2;Modular Blockchain
11841,ARB,2024-02-29,2480056644.607126,2842700151.0,2168351100.9166665,12.0,0.2335522342747034,2.0,False,,,,,0.8724299127133393,token,Canonical Bridge;Layer-2;Modular Blockchain
11841,ARB,2024-03-31,4414500543.849269,2810075196.0,2210986038.4166665,12.0,0.2280574913632576,2.0,False,0.44412664286330183,0.17323799285899055,11678045513.037827,0.378017069630423,1.5709545958531954,token,Canonical Bridge;Layer-2;Modular Blockchain
11841,ARB,2024-04-30,2712840566.817007,2515882103.0,2230562798.3333335,12.0,0.23357654414202256,2.0,False,0.6812621742423175,0.24437865227269526,8559147968.554192,0.31695217523798214,1.078286046703917,token,Canonical Bridge;Layer-2;Modular Blockchain
11841,ARB,2024-05-31,3244037584.235742,2963284666.0,2283247653.0,12.0,0.266915856810493,2.0,False,0.6867619863622608,0.24602859590867826,10487522353.660292,0.309323544192831,1.0947438231152855,token,Canonical Bridge;Layer-2;Modular Blockchain
11841,ARB,2024-06-30,2588309595.415253,2638546157.0,2322478244.25,12.0,0.3093479046222414,2.0,False,0.7679406461269767,0.270382193838093,12196397687.208527,0.21221918650044097,0.9809605143910519,token,Canonical Bridge;Layer-2;Modular Blockchain
11841,ARB,2024-07-31,2195995408.342441,3082800550.0,2408101224.5,12.0,0.35838953960243103,2.0,False,0.7782466030853515,0.27347398092560543,16322531074.816633,0.13453767667996985,0.7123378151539648,token,Canonical Bridge;Layer-2;Modular Blockchain
11841,ARB,2024-08-31,1795133896.2907224,2634102297.0,2482743364.4166665,12.0,0.34139907876840936,2.0,False,0.8106641344489504,0.2831992403346851,14719815489.007538,0.12195355965102228,0.6814974112186967,token,Canonical Bridge;Layer-2;Modular Blockchain
11841,ARB,2024-09-30,2185952143.7509284,2491625799.0,2547473919.5833335,12.0,0.3587447673735329,2.0,False,0.8192733838578928,0.28578201515736784,16406395202.977982,0.13323780859272175,0.877319597761529,token,Canonical Bridge;Layer-2;Modular Blockchain
11841,ARB,2024-10-31,2093385556.1831765,2417356713.0,2596644288.25,12.0,0.4287132513845575,2.0,False,0.7947827475693261,0.2784348242707978,25288554215.2534,0.08277996196874318,0.8659812368300551,token,Canonical Bridge;Layer-2;Modular Blockchain
11841,ARB,2024-11-30,3988622146.10715,3083981470.0,2681858797.1666665,12.0,0.500769252000804,2.0,False,1.2353057171795823,0.41059171515387466,21972208606.3967,0.1815303239450382,1.2933353150488125,token,Canonical Bridge;Layer-2;Modular Blockchain
11841,ARB,2024-12-31,3036598476.2058363,2944518715.0,2734486442.25,12.0,0.5583581186807729,2.0,False,1.2657772292829108,0.4197331687848732,28407075010.153656,0.10689585165387329,1.031271582937056,token,Canonical Bridge;Layer-2;Modular Blockchain
11841,ARB,2025-01-31,2784682447.591107,2990467069.0,2784611740.5,12.0,0.256260463632916,3.0,False,1.2541715609393322,0.41625146828179965,7520397054.606081,0.37028396604213193,0.9311864612915779,token,Canonical Bridge;Layer-2;Modular Blockchain
11841,ARB,2025-02-28,1864279589.343768,2491004172.0,2755303742.25,12.0,0.24580954862322546,3.0,False,1.2721102107358206,0.4216330632207462,7058383074.080728,0.26412275584611405,0.7484048442387626,token,Canonical Bridge;Layer-2;Modular Blockchain
11841,ARB,2025-03-31,1514658325.697471,2295539520.0,2712425769.25,12.0,0.2276363887200108,3.0,False,1.2856750244910549,0.4257025073473164,6411435282.495696,0.23624325271328006,0.659826725918215,token,Canonical Bridge;Layer-2;Modular Blockchain
11841,ARB,2025-04-30,1550048733.310253,2147688132.0,2681742938.3333335,12.0,0.22305212234145944,3.0,False,1.2698943038496886,0.4209682911549065,6270086955.83268,0.2472132753866096,0.7217289653068926,token,Canonical Bridge;Layer-2;Modular Blockchain
11841,ARB,2025-05-31,1653511482.864056,2385518750.0,2633595778.6666665,12.0,0.2279024909840428,3.0,False,1.268512689847948,0.4205538069543844,6283502809.186753,0.2631512283954979,0.6931454564605942,token,Canonical Bridge;Layer-2;Modular Blockchain
11841,ARB,2025-06-30,1714406403.286455,2487911483.0,2621042889.1666665,12.0,0.24607503787177043,3.0,False,1.2609164881101511,0.4182749464330453,6761396671.845765,0.25355802750416745,0.6890946140974321,token,Canonical Bridge;Layer-2;Modular Blockchain
11841,ARB,2025-07-31,2051821475.0064063,2914072895.0,2606982251.25,12.0,0.2594202279384925,3.0,False,1.2650155854074956,0.41950467562224864,7091079634.5274515,0.28935247955978416,0.7041078068180605,token,Canonical Bridge;Layer-2;Modular Blockchain
11841,ARB,2025-08-31,2630027284.072199,3165475149.0,2651263322.25,12.0,0.2432133941392085,3.0,False,1.1705173171483583,0.3911551951445075,7106248103.173471,0.3701006840582578,0.8308475537718394,token,Canonical Bridge;Layer-2;Modular Blockchain
11841,ARB,2025-09-30,2276806567.194023,3460199632.0,2731977808.3333335,12.0,0.2556860321459644,3.0,False,1.1696411063753422,0.39089233191260264,7732447229.81981,0.29444838089726993,0.6579986154954955,token,Canonical Bridge;Layer-2;Modular Blockchain
11841,ARB,2025-10-31,1626231598.466982,3447769860.0,2817845570.5833335,12.0,0.3035617980734078,3.0,False,1.198517486612389,0.3995552459837167,9653136836.201519,0.16846664727347832,0.471676377630084,token,Canonical Bridge;Layer-2;Modular Blockchain
11841,ARB,2025-11-30,1187414200.4317248,2817658762.0,2795652011.5833335,12.0,0.329102117885409,3.0,False,1.1968636294218418,0.3990590888265525,10743525583.756262,0.11052370017408837,0.4214187382963604,token,Canonical Bridge;Layer-2;Modular Blockchain
11841,ARB,2025-12-31,1067234867.0511128,2886484134.0,2790815796.5,12.0,0.3533079859273456,3.0,False,1.1954430891817895,0.3986329267545368,11977203521.55523,0.08910551324692972,0.3697352271852511,token,Canonical Bridge;Layer-2;Modular Blockchain
11841,ARB,2026-01-31,814607592.1219876,2715615969.0,2767911538.1666665,12.0,0.36016394726012657,3.0,False,1.2058075385082796,0.4017422615524838,12152915313.54293,0.06702980898864716,0.2999715723508428,token,Canonical Bridge;Layer-2;Modular Blockchain
11841,ARB,2026-02-28,591200973.8836849,1979489009.0,2725285274.5833335,12.0,0.3408494371756614,3.0,False,1.2132868949823468,0.403986068494704,10903350722.30096,0.054221953318853,0.29866342838768695,token,Canonical Bridge;Layer-2;Modular Blockchain
11841,ARB,2026-03-31,560809516.9649206,1907850856.0,2692977885.9166665,12.0,0.31810832397107336,3.0,False,1.212385880735229,0.40371576422056865,9742689352.414333,0.05756208544470799,0.29394830062383065,token,Canonical Bridge;Layer-2;Modular Blockchain
11841,ARB,2026-04-30,760590390.0811721,1648046304.0,2651341066.9166665,12.0,0.28691003183502595,3.0,False,1.2472580641498066,0.41417741924494195,8182014170.324816,0.09295882092697202,0.46151032785615964,token,Canonical Bridge;Layer-2;Modular Blockchain
11841,ARB,2026-05-31,646304294.8009979,1494011539.0,2577048799.3333335,12.0,0.23982685406624737,3.0,False,1.2536847317695397,0.4161054195308619,6503671163.135359,0.099375303361651,0.4325965883995745,token,Canonical Bridge;Layer-2;Modular Blockchain
11857,GMX,2022-10-31,341033323.83017415,487508385.0,289258528.75,12.0,,,False,,,,,0.6995435039136284,token,Derivatives;Dexs;DEX;Perpetuals
11857,GMX,2022-11-30,393522864.0447254,445138287.0,316473930.75,12.0,,,False,,,,,0.8840463189470049,token,Derivatives;Dexs;DEX;Perpetuals
11857,GMX,2022-12-31,349160016.8716991,463020184.0,346138438.5,12.0,,,False,,,,,0.7540924325486836,token,Derivatives;Dexs;DEX;Perpetuals
11857,GMX,2023-01-31,502764604.234498,510351557.0,371848648.75,12.0,,,False,,,,,0.9851338696601606,token,Derivatives;Dexs;DEX;Perpetuals
11857,GMX,2023-02-28,610139480.9599894,651979913.0,405874529.5833333,12.0,2.0,1.0,True,,,,,0.9358255811172351,token,Derivatives;Dexs;DEX;Perpetuals
11857,GMX,2023-03-31,661670743.8370087,609127420.0,429701047.25,12.0,1.7336050123766098,1.0,False,,,,,1.08625998783146,token,Derivatives;Dexs;DEX;Perpetuals
11857,GMX,2023-04-30,624067660.9927328,690328369.0,459292611.1666667,12.0,1.559492261493924,1.0,False,,,,,0.904015667061095,token,Derivatives;Dexs;DEX;Perpetuals
11857,GMX,2023-05-31,472944462.9726983,627762645.0,484736418.3333333,12.0,1.4815700992385206,1.0,False,,,,,0.7533810218553196,token,Derivatives;Dexs;DEX;Perpetuals
11857,GMX,2023-06-30,492263605.7154538,595623082.0,515547345.4166667,12.0,1.598651910721149,1.0,False,,,,,0.8264683162756506,token,Derivatives;Dexs;DEX;Perpetuals
11857,GMX,2023-07-31,484733265.85933024,575940113.0,538068617.8333334,12.0,1.5850742874261514,1.0,False,,,,,0.8416383143282299,token,Derivatives;Dexs;DEX;Perpetuals
11857,GMX,2023-08-31,314694453.3889828,498663188.0,549705539.6666666,12.0,1.4905408515335759,1.0,False,,,,,0.6310761671643241,token,Derivatives;Dexs;DEX;Perpetuals
11857,GMX,2023-09-30,367464184.1999512,478104577.0,552795643.3333334,12.0,1.1692019395066664,1.0,False,,,,,0.7685853720658925,token,Derivatives;Dexs;DEX;Perpetuals
11857,GMX,2023-10-31,410859057.4498685,496279081.0,553526534.6666666,12.0,0.913604888535777,1.0,False,0.8487943234716172,0.29463829704148514,60787250862.939224,0.0067589675732541,0.8278790567234658,token,Derivatives;Dexs;DEX;Perpetuals
11857,GMX,2023-11-30,452360717.8636994,550494613.0,562306228.5,12.0,0.7767853016120823,1.0,False,0.8468864620244373,0.29406593860733116,31644518625.138702,0.014295073444547194,0.8217350491378912,token,Derivatives;Dexs;DEX;Perpetuals
11857,GMX,2023-12-31,513224056.3952771,616336743.0,575082608.4166666,12.0,0.6614237092788717,1.0,False,0.8506986819801912,0.2952096045940573,17813036530.586212,0.028811710766664403,0.8327007309302621,token,Derivatives;Dexs;DEX;Perpetuals
11857,GMX,2024-01-31,401931504.11812,624030740.0,584555873.6666666,12.0,0.572026348977466,1.0,False,0.8836559281681798,0.3050967784504539,10745483227.858536,0.037404693264615596,0.6440892705351663,token,Derivatives;Dexs;DEX;Perpetuals
11857,GMX,2024-02-29,482752567.8780045,656629930.0,584943375.0833334,12.0,1.125123693093181,2.0,False,0.7655593109759942,0.2696677932927982,202839027251.99915,0.00237997871720343,0.7351973247366359,token,Derivatives;Dexs;DEX;Perpetuals
11857,GMX,2024-03-31,436481898.30813146,593316714.0,583625816.25,12.0,0.9268678128190204,2.0,False,0.7287619249391248,0.25862857748173745,87173818173.35387,0.005007029718947764,0.7356642548723673,token,Derivatives;Dexs;DEX;Perpetuals
11857,GMX,2024-04-30,239116163.9575624,511469689.0,568720926.25,12.0,0.7802532417872825,2.0,False,0.8676874408710121,0.3003062322613036,31354169251.990376,0.007626295630281552,0.46750798551732436,token,Derivatives;Dexs;DEX;Perpetuals
11857,GMX,2024-05-31,359394701.30235445,541697231.0,561548808.4166666,12.0,0.6955250247612526,2.0,False,0.8993279016765864,0.3097983705029759,19085119745.942627,0.018831147306726196,0.6634604733697715,token,Derivatives;Dexs;DEX;Perpetuals
11857,GMX,2024-06-30,277392563.72586083,511484619.0,554537269.8333334,12.0,0.671880172370674,2.0,False,0.9319662451846067,0.319589873555382,15829405139.538513,0.01752387795249442,0.5423282605607752,token,Derivatives;Dexs;DEX;Perpetuals
11857,GMX,2024-07-31,258080875.54977244,597358400.0,556322127.0833334,12.0,0.6348610587009786,2.0,False,0.933212981909679,0.3199638945729037,13115449042.426413,0.019677624053505254,0.43203690707249187,token,Derivatives;Dexs;DEX;Perpetuals
11857,GMX,2024-08-31,244466660.94919205,481595281.0,554899801.5,12.0,0.5855832992246743,2.0,False,0.9109529197215093,0.31328587591645274,10497193277.239883,0.023288764386119005,0.5076184725929489,token,Derivatives;Dexs;DEX;Perpetuals
11857,GMX,2024-09-30,236084294.66600943,470755151.0,554287349.3333334,12.0,0.47480692965446925,2.0,False,0.9077849815731217,0.3123354944719365,5896011637.37987,0.0400413549337774,0.501501245742098,token,Derivatives;Dexs;DEX;Perpetuals
11857,GMX,2024-10-31,225490760.62136945,500197103.0,554613851.1666666,12.0,0.3846890866627293,2.0,False,0.8981069808997183,0.30943209426991547,3721068031.0094504,0.060598397756301804,0.4508038116753536,token,Derivatives;Dexs;DEX;Perpetuals
11857,GMX,2024-11-30,312085876.66295403,662402620.0,563939518.4166666,12.0,0.334895576579578,2.0,False,0.9475150426202763,0.32425451278608286,2771941921.4706755,0.11258745150669479,0.4711422739586296,token,Derivatives;Dexs;DEX;Perpetuals
11857,GMX,2024-12-31,268626606.96157163,525098005.0,556336290.25,12.0,0.26777966081383764,2.0,False,0.9556969859859066,0.32670909579577195,1943396161.516407,0.1382253460622078,0.5115742288176692,token,Derivatives;Dexs;DEX;Perpetuals
11857,GMX,2025-01-31,208554038.54843932,534985788.0,548915877.5833334,12.0,0.21498185681578486,2.0,False,0.9448579318738236,0.32345737956214704,1498980761.9316716,0.1391305638103619,0.38983098846064923,token,Derivatives;Dexs;DEX;Perpetuals
11857,GMX,2025-02-28,182499410.0642533,439744294.0,530842074.5833333,12.0,0.6003193110657634,3.0,False,0.9102861797653219,0.31308585392959654,10853052233.029547,0.016815491729492024,0.41501257106534123,token,Derivatives;Dexs;DEX;Perpetuals
11857,GMX,2025-03-31,120551507.78346036,390605115.0,513949441.3333333,12.0,0.4842142015278077,3.0,False,0.939424085839654,0.32182722575189615,5502183914.932331,0.021909756134522628,0.3086275707973265,token,Derivatives;Dexs;DEX;Perpetuals
11857,GMX,2025-04-30,144746682.44284454,384385129.0,503359061.3333333,12.0,0.4103083731376185,3.0,False,0.9530484117244149,0.3259145235173244,3613294775.756774,0.040059472427772955,0.37656681157101823,token,Derivatives;Dexs;DEX;Perpetuals
11857,GMX,2025-05-31,149226141.02532393,461251943.0,496655287.3333333,12.0,0.36487219703827733,3.0,False,0.9514850374297489,0.3254455112289246,2830406462.0266714,0.052722512836008976,0.323524146163486,token,Derivatives;Dexs;DEX;Perpetuals
11857,GMX,2025-06-30,142178336.85451874,486323785.0,494558551.1666667,12.0,0.35591486939962724,3.0,False,0.9507268408132231,0.3252180522439669,2695115093.9238615,0.05275408726516351,0.2923532453888077,token,Derivatives;Dexs;DEX;Perpetuals
11857,GMX,2025-07-31,128698592.6670476,474641151.0,484332113.75,12.0,0.3251332263836031,3.0,False,0.9474406793696769,0.32423220381090306,2266404647.029994,0.056785355093451846,0.2711492511677472,token,Derivatives;Dexs;DEX;Perpetuals
11857,GMX,2025-08-31,150448758.55699828,560478040.0,490905677.0,12.0,0.30533065365098566,3.0,False,0.8969293481697104,0.30907880445091307,2185637674.744211,0.06883517807891262,0.2684293546219907,token,Derivatives;Dexs;DEX;Perpetuals
11857,GMX,2025-09-30,156281412.96956474,507532881.0,493970487.8333333,12.0,0.24684401539604783,3.0,False,0.8957487749338067,0.308724632480142,1638016528.9621627,0.09540893526183382,0.30792372045263555,token,Derivatives;Dexs;DEX;Perpetuals
11857,GMX,2025-10-31,100064074.29899856,460455716.0,490658705.5833333,12.0,0.19260816574283934,3.0,False,0.929436592648317,0.3188309777944951,1218117672.4774203,0.08214647612450053,0.2173153048641893,token,Derivatives;Dexs;DEX;Perpetuals
11857,GMX,2025-11-30,88451173.4030137,380374087.0,467156327.8333333,12.0,0.13860940004064104,3.0,False,1.0025888738876245,0.3407766621662873,871013532.3222665,0.10154971205463159,0.232537326873725,token,Derivatives;Dexs;DEX;Perpetuals
11857,GMX,2025-12-31,80864999.36493625,379951682.0,455060800.9166667,12.0,0.09548524442475781,3.0,False,0.9947534717036188,0.33842604151108563,708548076.313352,0.1141277523265395,0.21282969176311278,token,Derivatives;Dexs;DEX;Perpetuals
11857,GMX,2026-01-31,65988810.51851581,355916266.0,440138340.75,12.0,0.05780999134083076,3.0,False,0.9294363754697231,0.3188309126409169,598792159.6782384,0.11020319730634912,0.1854054361160212,token,Derivatives;Dexs;DEX;Perpetuals
11857,GMX,2026-02-28,70658692.71982065,257439726.0,424946293.4166667,12.0,0.015423980819347038,3.0,False,0.8697228309654991,0.3009168492896497,492950941.76702785,0.14333818384956945,0.2744669356889412,token,Derivatives;Dexs;DEX;Perpetuals
11857,GMX,2026-03-31,66449770.17743493,260211772.0,414080181.5,12.0,-0.012267499047239117,3.0,False,0.8869873483580083,0.30609620450740244,427718886.5845809,0.15535851294304387,0.25536803991110335,token,Derivatives;Dexs;DEX;Perpetuals
11857,GMX,2026-04-30,76632733.24560247,240465683.0,402086894.3333333,12.0,-0.043371123162714076,3.0,False,0.9023249708125943,0.31069749124377827,367260528.32539797,0.20866041225564214,0.31868469666668603,token,Derivatives;Dexs;DEX;Perpetuals
11857,GMX,2026-05-31,70266203.47521669,194186405.0,379831432.8333333,12.0,-0.07807607817437134,3.0,False,0.8815326772267952,0.3044598031680385,304905052.9556915,0.23045273534849453,0.36184924209919167,token,Derivatives;Dexs;DEX;Perpetuals
11865,BONE,2022-11-30,125070091.99357425,19848723.0,103794863.33333333,12.0,,,False,,,,,6.301165671644178,token,Dexs;Farm;Layer-2;Meme
11865,BONE,2022-12-31,141444388.27127653,23694685.0,74377923.41666667,12.0,-0.5,1.0,True,,,,,5.969456368433534,token,Dexs;Farm;Layer-2;Meme
11865,BONE,2023-01-31,221313538.53934065,30859539.0,59969976.333333336,12.0,-0.5,1.0,True,,,,,7.171641110365927,token,Dexs;Farm;Layer-2;Meme
11865,BONE,2023-02-28,385494336.8747925,34918948.0,45651781.0,12.0,-0.5,1.0,True,,,,,11.039689307787638,token,Dexs;Farm;Layer-2;Meme
11865,BONE,2023-03-31,247843061.82266185,31820279.0,36137949.0,12.0,-0.5,1.0,True,,,,,7.78883999799819,token,Dexs;Farm;Layer-2;Meme
11865,BONE,2023-04-30,220946679.67016688,29914828.0,32550956.25,12.0,-0.5,1.0,True,,,,,7.385858266347608,token,Dexs;Farm;Layer-2;Meme
11865,BONE,2023-05-31,188460364.4404741,25666630.0,31024290.333333332,12.0,-0.5,1.0,True,,,,,7.342622091037042,token,Dexs;Farm;Layer-2;Meme
11865,BONE,2023-06-30,214354443.9817545,24374497.0,30349351.333333332,12.0,-0.5,1.0,True,,,,,8.794209947460844,token,Dexs;Farm;Layer-2;Meme
11865,BONE,2023-07-31,354870730.77328134,27114876.0,29185962.166666668,12.0,-0.5,1.0,True,,,,,13.087676697222637,token,Dexs;Farm;Layer-2;Meme
11865,BONE,2023-08-31,267315272.97113,25961170.0,27322430.666666668,12.0,-0.5,1.0,True,,,,,10.296734429578096,token,Dexs;Farm;Layer-2;Meme
11865,BONE,2023-09-30,190128506.2222848,21223886.0,26877334.25,12.0,-0.5,1.0,True,,,,,8.95823254149993,token,Dexs;Farm;Layer-2;Meme
11865,BONE,2023-10-31,172811885.41972867,22292835.0,26474241.333333332,12.0,-0.5,1.0,True,,,,,7.751902592008987,token,Dexs;Farm;Layer-2;Meme
11865,BONE,2023-11-30,142523435.6003517,22143096.0,26665439.083333332,12.0,-0.5,1.0,True,0.3188370975549996,0.1356511292664999,3965480.269717301,35.941027544316135,6.436472822063893,token,Dexs;Farm;Layer-2;Meme
11865,BONE,2023-12-31,156482873.64411232,25667992.0,26829881.333333332,12.0,-0.5,2.0,True,0.3269354452756983,0.13808063358270947,4012380.5042782505,39.000008468105285,6.096420539795724,token,Dexs;Farm;Layer-2;Meme
11865,BONE,2024-01-31,125583215.05807526,23046865.0,26178825.166666668,12.0,-0.5,2.0,True,0.3794142454357531,0.15382427363072593,4056620.491901415,30.957595197477303,5.449036780407021,token,Dexs;Farm;Layer-2;Meme
11865,BONE,2024-02-29,156860416.2815932,25540397.0,25397279.25,12.0,-0.5,2.0,True,0.47858051714641126,0.1835741551439234,4192429.951557232,37.4151549564541,6.141659281239567,token,Dexs;Farm;Layer-2;Meme
11865,BONE,2024-03-31,197156650.34429163,32049259.0,25416360.916666668,12.0,-0.5,2.0,True,0.5095578530622122,0.19286735591866366,4274892.024326749,46.1196795667235,6.151675779595767,token,Dexs;Farm;Layer-2;Meme
11865,BONE,2024-04-30,135140964.1210711,25516884.0,25049865.583333332,12.0,-0.5,2.0,True,0.6371732742579845,0.23115198227739536,4528947.475528408,29.839375451203203,5.296138984723648,token,Dexs;Farm;Layer-2;Meme
11865,BONE,2024-05-31,149687180.2563187,28751502.0,25306938.25,12.0,-0.5,2.0,True,0.6387833788527681,0.23163501365583045,4579377.193624595,32.68723538753546,5.206238625596628,token,Dexs;Farm;Layer-2;Meme
11865,BONE,2024-06-30,115705270.14196534,21671413.0,25081681.25,12.0,-0.5,2.0,True,0.6884131891267135,0.24652395673801403,4658391.263441216,24.838031757876067,5.339073651633391,token,Dexs;Farm;Layer-2;Meme
11865,BONE,2024-07-31,103990386.24890332,20572129.0,24536452.333333332,12.0,-0.5,2.0,True,0.6948582644855014,0.2484574793456504,4572208.481407444,22.744016741968945,5.054916107560055,token,Dexs;Farm;Layer-2;Meme
11865,BONE,2024-08-31,92729643.1178134,16654737.0,23760916.25,12.0,-0.5,2.0,True,0.6946465795983086,0.24839397387949258,4427213.152980542,20.94537577333154,5.5677638810996175,token,Dexs;Farm;Layer-2;Meme
11865,BONE,2024-09-30,103463626.02626713,22056161.0,23830272.5,12.0,-0.5,2.0,True,0.6936621187323395,0.24809863561970186,4437900.253738401,23.31364386549954,4.690917246490318,token,Dexs;Farm;Layer-2;Meme
11865,BONE,2024-10-31,86878988.03269346,20438992.0,23675785.583333332,12.0,-0.5,2.0,True,0.6783631391030974,0.24350894173092924,4374522.807264894,19.860220613871544,4.2506493486906525,token,Dexs;Farm;Layer-2;Meme
11865,BONE,2024-11-30,131179901.18998045,25336850.0,23941931.75,12.0,-0.5,2.0,True,0.8349122857683605,0.29047368573050814,4773385.828957703,27.481520641842682,5.177435284574856,token,Dexs;Farm;Layer-2;Meme
11865,BONE,2024-12-31,98381852.21189351,20782703.0,23534824.333333332,12.0,-0.5,3.0,True,0.8670469238252743,0.30011407714758226,4760432.047233065,20.666580519530072,4.733833333031488,token,Dexs;Farm;Layer-2;Meme
11865,BONE,2025-01-31,80184917.9193045,18645945.0,23168081.0,12.0,-0.5,3.0,True,0.8605343858423998,0.2981603157527199,4672706.698650641,17.160271998766767,4.300394424594972,token,Dexs;Farm;Layer-2;Meme
11865,BONE,2025-02-28,59851280.58026801,13237111.0,22142807.166666668,12.0,-0.5,3.0,True,0.8753546375258998,0.3026063912577699,4495332.115112001,13.314095387761315,4.5214760668145795,token,Dexs;Farm;Layer-2;Meme
11865,BONE,2025-03-31,70904780.37239163,12072968.0,20478116.25,12.0,-0.5,3.0,True,0.837280711420966,0.2911842134262898,4087191.7891795966,17.348043358303972,5.8730198218359915,token,Dexs;Farm;Layer-2;Meme
11865,BONE,2025-04-30,66948323.78564964,11903655.0,19343680.5,12.0,-0.5,3.0,True,0.8242687676365171,0.28728063029095513,3837898.657431484,17.444005108372206,5.624182134449431,token,Dexs;Farm;Layer-2;Meme
11865,BONE,2025-05-31,63146310.26938918,13340509.0,18059431.083333332,12.0,-0.5,3.0,True,0.8183862033949869,0.2855158610184961,3573408.3805046887,17.67117092294689,4.73342585874266,token,Dexs;Farm;Layer-2;Meme
11865,BONE,2025-06-30,47208515.6705081,12875710.0,17326455.833333332,12.0,-0.5,3.0,True,0.8320834684607117,0.2896250405382135,3449985.8850945937,13.683683714321548,3.666478638499011,token,Dexs;Farm;Layer-2;Meme
11865,BONE,2025-07-31,41456382.89015537,14928874.0,16856184.583333332,12.0,-0.5,3.0,True,0.8295894314967109,0.2888768294490133,3352526.7631900455,12.365712735044115,2.776926303360546,token,Dexs;Farm;Layer-2;Meme
11865,BONE,2025-08-31,37331177.65997128,15011038.0,16719209.666666666,12.0,-0.5,3.0,True,0.8238886113701963,0.2871665834110589,3316609.3710207236,11.255825900438252,2.486915139377522,token,Dexs;Farm;Layer-2;Meme
11865,BONE,2025-09-30,30827520.37947454,12790907.0,15947105.166666666,12.0,-0.5,3.0,True,0.8258222981623173,0.2877466894486952,3166254.479541081,9.736273751420859,2.410112150723521,token,Dexs;Farm;Layer-2;Meme
11865,BONE,2025-10-31,24198678.049695,11429840.0,15196342.5,12.0,-0.5,3.0,True,0.8407654534821953,0.29222963604465857,3037809.3479196494,7.9658317156297915,2.1171493257731515,token,Dexs;Farm;Layer-2;Meme
11865,BONE,2025-11-30,22469321.30861947,10148449.0,13930642.416666666,12.0,-0.4880057373148353,3.0,False,0.7937333759229172,0.27812001277687515,2834280.148837027,7.9276994964097565,2.2140645638185172,token,Dexs;Farm;Layer-2;Meme
11865,BONE,2025-12-31,18479638.1772336,9029605.0,12951217.583333334,12.0,-0.44158700426684805,3.0,False,0.8269745666473654,0.28809236999420956,3105167.6187572116,5.951253022736901,2.0465610818229147,token,Dexs;Farm;Layer-2;Meme
11865,BONE,2026-01-31,15027832.99714828,7361680.0,12010862.166666666,12.0,-0.41492244850282634,3.0,False,0.6745493177324342,0.24236479531973026,2932118.179745191,5.1252480547882415,2.041359173062165,token,Dexs;Farm;Layer-2;Meme
11865,BONE,2026-02-28,13614822.21427629,5487503.0,11365061.5,12.0,-0.3709217234250761,3.0,False,0.6697127484324392,0.24091382452973176,3196153.78643624,4.259751915585083,2.481059639379931,token,Dexs;Farm;Layer-2;Meme
11865,BONE,2026-03-31,13260589.70822397,5845136.0,10846075.5,12.0,-0.3304705147923003,3.0,False,0.7925114178233528,0.2777534253470058,3644741.7959782677,3.6382795957881453,2.2686537504386504,token,Dexs;Farm;Layer-2;Meme
11865,BONE,2026-04-30,12474052.25149918,6028716.0,10356497.25,12.0,-0.31732125577250647,3.0,False,0.7836054244945995,0.2750816273483798,3618356.4117064634,3.447436026794347,2.0691059674231096,token,Dexs;Farm;Layer-2;Meme
12147,SYN,2022-08-31,170157083.51001546,209261961.0,559031019.6666666,12.0,,,False,,,,,0.8131295467981181,token,Cross Chain Bridge;Synthetics;Yield Aggregator;Interoperability
12147,SYN,2022-09-30,185334950.56370047,213005650.0,549678792.5,12.0,,,False,,,,,0.8700940588369391,token,Cross Chain Bridge;Synthetics;Yield Aggregator;Interoperability
12147,SYN,2022-10-31,140477158.9200096,202104300.0,509683600.8333333,12.0,,,False,,,,,0.6950725883616015,token,Cross Chain Bridge;Synthetics;Yield Aggregator;Interoperability
12147,SYN,2022-11-30,96435783.88714762,147714128.0,450538373.9166667,12.0,,,False,,,,,0.6528541663066083,token,Cross Chain Bridge;Synthetics;Yield Aggregator;Interoperability
12147,SYN,2022-12-31,68461190.59184767,136414099.0,391228789.75,12.0,,,False,,,,,0.5018630119152689,token,Cross Chain Bridge;Synthetics;Yield Aggregator;Interoperability
12147,SYN,2023-01-31,117536768.66498747,173381659.0,341414681.25,12.0,-0.4130310459032017,1.0,False,,,,,0.6779077403163357,token,Cross Chain Bridge;Synthetics;Yield Aggregator;Interoperability
12147,SYN,2023-02-28,179125550.0919163,208163397.0,294144555.6666667,12.0,-0.5,1.0,True,,,,,0.8605045491831415,token,Cross Chain Bridge;Synthetics;Yield Aggregator;Interoperability
12147,SYN,2023-03-31,125204352.6599278,188150499.0,250677355.0,12.0,-0.5,1.0,True,,,,,0.6654478905204912,token,Cross Chain Bridge;Synthetics;Yield Aggregator;Interoperability
12147,SYN,2023-04-30,114105689.93220986,219245218.0,209550181.91666666,12.0,-0.5,1.0,True,,,,,0.5204477934483838,token,Cross Chain Bridge;Synthetics;Yield Aggregator;Interoperability
12147,SYN,2023-05-31,83449757.5736316,192038048.0,193600071.0,12.0,-0.5,1.0,True,,,,,0.43454804109252143,token,Cross Chain Bridge;Synthetics;Yield Aggregator;Interoperability
12147,SYN,2023-06-30,96065986.01228648,178529529.0,192549104.66666666,12.0,-0.5,1.0,True,,,,,0.5380957791709992,token,Cross Chain Bridge;Synthetics;Yield Aggregator;Interoperability
12147,SYN,2023-07-31,84301905.0987964,175500052.0,186959045.0,12.0,-0.5,1.0,True,,,,,0.48035259327898316,token,Cross Chain Bridge;Synthetics;Yield Aggregator;Interoperability
12147,SYN,2023-08-31,59775420.21326239,147636871.0,181823620.83333334,12.0,-0.5,1.0,True,1.4273766109231694,0.46821298327695077,44932145.60475439,1.3303486715074073,0.4048813809746915,token,Cross Chain Bridge;Synthetics;Yield Aggregator;Interoperability
12147,SYN,2023-09-30,44084134.58611298,109963826.0,173236802.16666666,12.0,-0.5,1.0,True,1.4099151955693012,0.46297455867079035,42595660.016258806,1.0349442776396944,0.4008966965746807,token,Cross Chain Bridge;Synthetics;Yield Aggregator;Interoperability
12147,SYN,2023-10-31,48159282.47309542,98091152.0,164569039.83333334,12.0,-0.5,1.0,True,1.2586985282808076,0.41760955848424225,38631111.08189403,1.2466450258446522,0.4909645925362913,token,Cross Chain Bridge;Synthetics;Yield Aggregator;Interoperability
12147,SYN,2023-11-30,59779903.25569236,98910747.0,160502091.41666666,12.0,-0.5,1.0,True,1.279948999878384,0.4239846999635152,37935046.72514168,1.5758489422413937,0.6043822847247566,token,Cross Chain Bridge;Synthetics;Yield Aggregator;Interoperability
12147,SYN,2023-12-31,64532852.67964088,113641363.0,158604363.41666666,12.0,-0.5,1.0,True,1.2789095789923346,0.42367287369770035,37474070.103815146,1.722066818492474,0.5678641207395663,token,Cross Chain Bridge;Synthetics;Yield Aggregator;Interoperability
12147,SYN,2024-01-31,133673280.52702735,100246885.0,152509798.91666666,12.0,-0.4879464945118158,2.0,False,1.1780968061271153,0.39342904183813454,36176276.47555153,3.695053597275711,1.33344074009908,token,Cross Chain Bridge;Synthetics;Yield Aggregator;Interoperability
12147,SYN,2024-02-29,207881742.54963467,115215328.0,144764126.5,12.0,-0.5,2.0,True,1.258626350576155,0.4175879051728465,33981288.698224634,6.117535576586167,1.804288944519905,token,Cross Chain Bridge;Synthetics;Yield Aggregator;Interoperability
12147,SYN,2024-03-31,232211751.6222372,113597531.0,138551379.16666666,12.0,-0.5,2.0,True,1.2476304650596524,0.4142891395178957,32406588.750996307,7.165572205284893,2.044161960018631,token,Cross Chain Bridge;Synthetics;Yield Aggregator;Interoperability
12147,SYN,2024-04-30,161016016.8467019,145733712.0,132425420.33333333,12.0,-0.5,2.0,True,1.2816549616496982,0.4244964884949094,31316102.043820485,5.141636613055893,1.1048645823740624,token,Cross Chain Bridge;Synthetics;Yield Aggregator;Interoperability
12147,SYN,2024-05-31,132167174.909056,256408780.0,137789648.0,12.0,-0.5,2.0,True,1.2565003842900595,0.4169501152870178,32321803.229024842,4.089102763622124,0.5154549501349213,token,Cross Chain Bridge;Synthetics;Yield Aggregator;Interoperability
12147,SYN,2024-06-30,98947043.22278462,129724872.0,133722593.25,12.0,-0.5,2.0,True,1.2797055238956572,0.4239116571686971,31603192.149113156,3.1309192677728053,0.7627453525086895,token,Cross Chain Bridge;Synthetics;Yield Aggregator;Interoperability
12147,SYN,2024-07-31,79743159.6201824,120195248.0,129113859.58333333,12.0,-0.5,2.0,True,1.2870129363673384,0.42610388091020146,30585086.53699624,2.607256301979846,0.6634468579005919,token,Cross Chain Bridge;Synthetics;Yield Aggregator;Interoperability
12147,SYN,2024-08-31,85311338.41088045,105898752.0,125635683.0,12.0,-0.5,2.0,True,1.2184112968249976,0.40552338904749924,29102818.922517315,2.931377150715586,0.805593425792973,token,Cross Chain Bridge;Synthetics;Yield Aggregator;Interoperability
12147,SYN,2024-09-30,86489271.56146437,115232960.0,126074777.5,12.0,-0.5,2.0,True,1.215968423148769,0.4047905269446307,29180637.65469029,2.9639267169188366,0.7505601831408685,token,Cross Chain Bridge;Synthetics;Yield Aggregator;Interoperability
12147,SYN,2024-10-31,102046445.95981336,109133479.0,126994971.41666667,12.0,-0.5,2.0,True,1.2187360295036982,0.4056208088511094,29420888.286301546,3.4685032269174036,0.9350608712823437,token,Cross Chain Bridge;Synthetics;Yield Aggregator;Interoperability
12147,SYN,2024-11-30,137811625.85791877,134388752.0,129951471.83333333,12.0,-0.46293765015030364,2.0,False,1.2009772315879936,0.40029316947639804,33528055.58426743,4.1103375503405255,1.0254699430345091,token,Cross Chain Bridge;Synthetics;Yield Aggregator;Interoperability
12147,SYN,2024-12-31,124932991.14554204,101958216.0,128977876.25,12.0,-0.4258277385235444,2.0,False,1.1984415260833285,0.3995324578249985,37151324.13318465,3.362813952408987,1.2253352014862837,token,Cross Chain Bridge;Synthetics;Yield Aggregator;Interoperability
12147,SYN,2025-01-31,90939765.02353188,88105283.0,127966076.08333333,12.0,-0.3963165581437479,3.0,False,1.1834681097340236,0.3950404329202071,40020742.735389866,2.272315774467497,1.0321715330456618,token,Cross Chain Bridge;Synthetics;Yield Aggregator;Interoperability
12147,SYN,2025-02-28,58617282.05474864,69401439.0,124148252.0,12.0,-0.4115700956859698,3.0,False,1.207616236240314,0.4022848708720942,37398848.3282328,1.567355270950892,0.844611911501556,token,Cross Chain Bridge;Synthetics;Yield Aggregator;Interoperability
12147,SYN,2025-03-31,30145269.40368816,50227536.0,118867419.08333333,12.0,-0.42396323807077274,3.0,False,1.245292471416608,0.4135877414249824,34920391.140705936,0.863256922931441,0.6001741635044203,token,Cross Chain Bridge;Synthetics;Yield Aggregator;Interoperability
12147,SYN,2025-04-30,53132562.66177762,48566125.0,110770120.16666667,12.0,-0.44036482017419054,3.0,False,1.3202906487464845,0.4360871946239453,31701261.49687344,1.6760393799160915,1.0940251597544095,token,Cross Chain Bridge;Synthetics;Yield Aggregator;Interoperability
12147,SYN,2025-05-31,30692914.56049522,44947704.0,93148363.83333333,12.0,-0.46465861978643896,3.0,False,1.2859467468589891,0.4257840240576967,24556324.239611145,1.2498985703644239,0.682858340450387,token,Cross Chain Bridge;Synthetics;Yield Aggregator;Interoperability
12147,SYN,2025-06-30,17402144.78018128,41707633.0,85813593.91666667,12.0,-0.46780839502119786,3.0,False,1.3030383218737156,0.43091149656211464,22526862.885392126,0.772506356908931,0.41724124646875266,token,Cross Chain Bridge;Synthetics;Yield Aggregator;Interoperability
12147,SYN,2025-07-31,21706058.5409825,43643799.0,79434306.5,12.0,-0.47279459187726514,3.0,False,1.308198376425631,0.4324595129276893,20574823.061513215,1.05498154108481,0.4973457636211389,token,Cross Chain Bridge;Synthetics;Yield Aggregator;Interoperability
12147,SYN,2025-08-31,22512284.08258973,43708467.0,74251782.75,12.0,-0.4897805704743041,3.0,False,1.2742494452654853,0.42227483357964557,18076292.3242215,1.2454038515644152,0.5150554486980687,token,Cross Chain Bridge;Synthetics;Yield Aggregator;Interoperability
12147,SYN,2025-09-30,20932173.90830841,43911173.0,68308300.5,12.0,-0.5,3.0,True,1.3004093454693304,0.4301228036407991,16249823.297392238,1.2881477863003958,0.4766935720052026,token,Cross Chain Bridge;Synthetics;Yield Aggregator;Interoperability
12147,SYN,2026-01-31,21925926.54455654,19774439.0,39775273.5,12.0,-0.5,3.0,True,1.2462668184897243,0.41388004554691726,9299116.802841915,2.357850429177933,1.1088014453687682,token,Cross Chain Bridge;Synthetics;Yield Aggregator;Interoperability
12220,OSMO,2022-01-31,2181474083.2818937,1036540794.0,489706290.625,8.0,,,False,,,,,2.1045713742375813,token,Dexs;Modular Blockchain
12220,OSMO,2022-02-28,2844059500.6357613,1478074157.0,599524942.4444444,9.0,,,False,,,,,1.924165636187198,token,Dexs;Modular Blockchain
12220,OSMO,2022-03-31,2288111648.0519185,1674754318.0,707047880.0,10.0,,,False,,,,,1.366237198769783,token,Dexs;Modular Blockchain
12220,OSMO,2022-04-30,1107040297.2082555,996664903.0,733376700.2727273,11.0,,,False,,,,,1.110744738653906,token,Dexs;Modular Blockchain
12220,OSMO,2022-05-31,388652613.7745058,260456859.0,693966713.5,12.0,,,False,,,,,1.4921957335533476,token,Dexs;Modular Blockchain
12220,OSMO,2022-06-30,220211831.59450325,152243054.0,699938037.4166666,12.0,,,False,,,,,1.4464491207231251,token,Dexs;Modular Blockchain
12220,OSMO,2022-07-31,291672698.4513953,190790392.0,707756385.3333334,12.0,,,False,,,,,1.5287598887652334,token,Dexs;Modular Blockchain
12220,OSMO,2022-08-31,332311739.15177274,207102905.0,704656787.6666666,12.0,,,False,,,,,1.60457304619543,token,Dexs;Modular Blockchain
12220,OSMO,2022-09-30,310591639.28033406,210071461.0,686118368.5,12.0,,,False,,,,,1.4785046850335088,token,Dexs;Modular Blockchain
12220,OSMO,2022-10-31,447059231.2089412,255687496.0,658909194.3333334,12.0,,,False,,,,,1.7484594992042208,token,Dexs;Modular Blockchain
12220,OSMO,2022-11-30,287304483.6270617,192883400.0,622241881.8333334,12.0,0.8040557367225585,1.0,False,,,,,1.4895241561848336,token,Dexs;Modular Blockchain
12220,OSMO,2022-12-31,337470742.6737592,148547612.0,566984779.25,12.0,0.3775572959117741,1.0,False,,,,,2.271801869650784,token,Dexs;Modular Blockchain
12220,OSMO,2023-01-31,480309401.79552376,185400747.0,496056442.0,12.0,0.012967265270159123,1.0,False,1.604637814568941,0.5213913443706824,523645997.59453225,0.9172406625886889,2.5906551595259955,token,Dexs;Modular Blockchain
12220,OSMO,2023-02-28,464657013.690295,183993199.0,388216362.1666667,12.0,-0.3524600317981914,1.0,False,1.5940056630511055,0.5182016989153316,152011386.0358955,3.0567250638749672,2.5254032008557825,token,Dexs;Modular Blockchain
12220,OSMO,2023-03-31,395529030.401723,163929739.0,262314313.91666666,12.0,-0.5,1.0,True,1.3656537054951066,0.44969611164853196,63663213.87911304,6.212834795817467,2.4127960723570907,token,Dexs;Modular Blockchain
12220,OSMO,2023-04-30,381259128.0230222,172577832.0,193640391.33333334,12.0,-0.5,1.0,True,1.358898163029635,0.4476694489088905,46901019.3897034,8.12901580784667,2.2092010520970167,token,Dexs;Modular Blockchain
12220,OSMO,2023-05-31,272631368.3496286,143583477.0,183900942.83333334,12.0,-0.5,1.0,True,1.3692236896794416,0.4507671069038325,44680075.01931002,6.101855653371255,1.8987656104025719,token,Dexs;Modular Blockchain
12220,OSMO,2023-06-30,243539730.73497057,119588540.0,181179733.33333334,12.0,-0.5,1.0,True,1.3219793351363411,0.4365938005409023,43391602.5869305,5.612600508291078,2.036480508374553,token,Dexs;Modular Blockchain
12220,OSMO,2023-07-31,235840542.8181236,115779894.0,174928858.5,12.0,-0.5,1.0,True,1.3082989835863073,0.43248969507589213,41716757.877714224,5.653376600105194,2.036973214175888,token,Dexs;Modular Blockchain
12220,OSMO,2023-08-31,177970778.88034827,90534924.0,165214860.08333334,12.0,-0.5,1.0,True,1.308335643202631,0.43250069296078925,39400630.22894282,4.516952593047989,1.9657693519502846,token,Dexs;Modular Blockchain
12220,OSMO,2023-09-30,153813690.92671782,75209449.0,153976359.08333334,12.0,-0.5,1.0,True,1.2964706863485354,0.4289412059045606,36583956.49051121,4.204402849828791,2.0451378513186262,token,Dexs;Modular Blockchain
12220,OSMO,2023-10-31,177513967.05797118,81708654.0,139478122.25,12.0,-0.5,1.0,True,1.244533063196827,0.41335991895904806,32590254.617605295,5.446841982083746,2.172523452142183,token,Dexs;Modular Blockchain
12220,OSMO,2023-11-30,340402378.2792937,122845039.0,133641592.16666667,12.0,-0.3775332234287577,2.0,False,1.353771285681572,0.4461313857044716,46236057.104219936,7.362270911466311,2.7709900297991985,token,Dexs;Modular Blockchain
12220,OSMO,2023-12-31,746845641.4791662,191527223.0,137223226.41666666,12.0,-0.4225917981136246,2.0,False,1.533487885813192,0.5000463657439576,43708111.147423275,17.087117742519855,3.899422911171046,token,Dexs;Modular Blockchain
12220,OSMO,2024-01-31,786905509.5495952,200675174.0,138496095.33333334,12.0,-0.4681968281926827,2.0,False,1.529663650001874,0.4988990950005622,38674668.61481588,20.346793850694805,3.9212897832075395,token,Dexs;Modular Blockchain
12220,OSMO,2024-02-29,843638523.2515156,206720339.0,140390023.66666666,12.0,-0.5,2.0,True,1.195234294048965,0.3985702882146895,32266984.147307128,26.145564748167587,4.081062015148474,token,Dexs;Modular Blockchain
12220,OSMO,2024-03-31,901923922.1260046,201875511.0,143552171.33333334,12.0,-0.5,2.0,True,1.1476508387809632,0.3842952516342889,32453130.47318264,27.791584632222197,4.467723289755559,token,Dexs;Modular Blockchain
12220,OSMO,2024-04-30,557547061.3467596,139250806.0,140774919.16666666,12.0,-0.5,2.0,True,1.1873394850587258,0.3962018455176177,32268239.027850803,17.278509089558288,4.003905452057201,token,Dexs;Modular Blockchain
12220,OSMO,2024-05-31,557791299.5892156,135273994.0,140082462.25,12.0,-0.5,2.0,True,1.1769278747869996,0.39307836243609984,31994613.957798257,17.433912480549292,4.123418575112195,token,Dexs;Modular Blockchain
12220,OSMO,2024-06-30,361061108.8232779,91788840.0,137765820.58333334,12.0,-0.5,2.0,True,1.2035720723843861,0.4010716217153158,31753657.1601231,11.370693681126781,3.933605750146509,token,Dexs;Modular Blockchain
12220,OSMO,2024-07-31,303026710.2572906,83168709.0,135048221.83333334,12.0,-0.5,2.0,True,1.2022871328435742,0.4006861398530722,31113730.03458456,9.739324405028274,3.643518264270407,token,Dexs;Modular Blockchain
12220,OSMO,2024-08-31,270294234.49697965,69298944.0,133278556.83333333,12.0,-0.5,2.0,True,1.1948784366763419,0.39846353100290255,30628782.231952045,8.824844306575397,3.9004091389470474,token,Dexs;Modular Blockchain
12220,OSMO,2024-09-30,409709920.4188059,89868591.0,134500152.0,12.0,-0.5,2.0,True,1.2180719695179112,0.4054215908553733,31152685.359444134,13.151672662934649,4.558989028979056,token,Dexs;Modular Blockchain
12220,OSMO,2024-10-31,285975967.35961527,69209911.0,133458590.08333333,12.0,-0.5,2.0,True,1.1823396113688678,0.3947018834106603,30538692.86597462,9.364381396894753,4.132008887565471,token,Dexs;Modular Blockchain
12220,OSMO,2024-11-30,430166956.6434331,98153784.0,131400985.5,12.0,-0.2750693789230103,3.0,False,1.2211248645912893,0.40633745937738674,58867123.90604412,7.307422685198761,4.382581487061498,token,Dexs;Modular Blockchain
12220,OSMO,2024-12-31,303916876.32122976,82200582.0,122290432.08333333,12.0,-0.3327167089877504,3.0,False,1.235099521691002,0.41052985650730056,46619133.07006798,6.519144743949796,3.6972594223387585,token,Dexs;Modular Blockchain
12220,OSMO,2025-01-31,285005917.6320368,74667847.0,111789821.5,12.0,-0.3888391494828426,3.0,False,1.2271477807527988,0.4081443342258396,36190070.21137725,7.875251856859844,3.816983200708021,token,Dexs;Modular Blockchain
12220,OSMO,2025-02-28,218307646.3498765,62464643.0,99768513.5,12.0,-0.44995855395865614,3.0,False,1.2013972270361337,0.4004191681108401,26770132.060170796,8.154896130478173,3.4948994481546385,token,Dexs;Modular Blockchain
12220,OSMO,2025-03-31,187228561.28249544,55854424.0,87600089.58333333,12.0,-0.5,3.0,True,1.2086547839443436,0.402596435183303,20225665.422605347,9.256979059548677,3.3520811401169484,token,Dexs;Modular Blockchain
12220,OSMO,2025-04-30,166843469.15188548,49328303.0,80106547.66666667,12.0,-0.5,3.0,True,1.1336125780781867,0.380083773423456,18019653.241185755,9.258972240961203,3.382307093594634,token,Dexs;Modular Blockchain
12220,OSMO,2025-05-31,154354023.84369618,47332198.0,72778064.66666667,12.0,-0.5,3.0,True,1.036506024461841,0.35095180733855225,15790727.394399555,9.77497869404296,3.2610787236987426,token,Dexs;Modular Blockchain
12220,OSMO,2025-06-30,103058498.80495998,39412046.0,68413331.83333333,12.0,-0.5,3.0,True,1.0471618912494915,0.35414856737484746,14904670.308612736,6.91451046356974,2.6148984705072147,token,Dexs;Modular Blockchain
12220,OSMO,2025-07-31,123115765.86681484,42472606.0,65021989.916666664,12.0,-0.5,3.0,True,1.020710935605791,0.3462132806817373,14021527.195767794,8.780481908131637,2.898709955937595,token,Dexs;Modular Blockchain
12220,OSMO,2025-08-31,121474229.75769109,42209082.0,62764501.416666664,12.0,-0.5,3.0,True,1.0924968166188904,0.3677490449856671,13909191.106968164,8.733378441887643,2.8779168842783904,token,Dexs;Modular Blockchain
12220,OSMO,2025-09-30,102134543.33939724,36575817.0,58323436.916666664,12.0,-0.5,3.0,True,1.0979012127164642,0.36937036381493926,12950786.14198526,7.886358574657211,2.7924063415834905,token,Dexs;Modular Blockchain
12220,OSMO,2025-10-31,83403889.89386763,30908429.0,55131646.75,12.0,-0.5,3.0,True,1.108848341577559,0.37265450247326765,12291228.812574444,6.7856429300658645,2.6984189294728513,token,Dexs;Modular Blockchain
12220,OSMO,2025-11-30,57382708.30254624,24788979.0,49017913.0,12.0,-0.5,3.0,True,1.093448382686306,0.3680345148058918,10866638.511645295,5.280631010321337,2.3148475902354124,token,Dexs;Modular Blockchain
12220,OSMO,2025-12-31,37714471.35383864,20278606.0,43857748.333333336,12.0,-0.5,3.0,True,1.095125641858707,0.36853769255761204,9728714.395609383,3.8766140951634234,1.8598157759876905,token,Dexs;Modular Blockchain
12220,OSMO,2026-01-31,32334155.75211406,20819768.0,39370408.416666664,12.0,-0.5,3.0,True,1.039492564696684,0.35184776940900514,8552084.20146961,3.7808509587122265,1.553050723337266,token,Dexs;Modular Blockchain
12220,OSMO,2026-02-28,26486666.86232246,15837420.0,35484806.5,12.0,-0.5,3.0,True,1.0291093128638622,0.3487327938591586,7677141.466160784,3.450068880333922,1.6724104596785625,token,Dexs;Modular Blockchain
12220,OSMO,2026-03-31,23371623.34495618,15208149.0,32097616.916666668,12.0,-0.5,3.0,True,1.1186001439474926,0.37558004318424776,7181343.103520577,3.254491953392185,1.5367829013876821,token,Dexs;Modular Blockchain
12220,OSMO,2026-04-30,23424821.93072764,15627753.0,29289237.75,12.0,-0.46719203821656075,3.0,False,1.1124678398527121,0.3737403519558136,7240132.954665741,3.235413227547436,1.4989245050601734,token,Dexs;Modular Blockchain
12220,OSMO,2026-05-31,38669672.09722996,17350892.0,26790795.583333332,12.0,-0.4738205472191105,3.0,False,1.0082711676114062,0.34248135028342186,6244839.27077587,6.192260588385898,2.228684963126389,token,Dexs;Modular Blockchain
12387,RBN,2022-10-31,205137698.3744372,77762966.0,168888398.08333334,12.0,1.2757998842696252,1.0,False,,,,,2.6379870641050034,token,Options;Options Vault;Uncollateralized Lending;Derivatives;RWA
12387,RBN,2022-11-30,150420620.68666974,48111187.0,155020166.58333334,12.0,0.7262515184783962,1.0,False,,,,,3.126520671515956,token,Options;Options Vault;Uncollateralized Lending;Derivatives;RWA
12387,RBN,2022-12-31,98344603.05643097,47273369.0,135160741.16666666,12.0,0.23569776401127562,1.0,False,,,,,2.0803383625235377,token,Options;Options Vault;Uncollateralized Lending;Derivatives;RWA
12387,RBN,2023-01-31,121709330.46538424,46223805.0,124824558.41666667,12.0,0.08623899551304182,1.0,False,,,,,2.6330443905555643,token,Options;Options Vault;Uncollateralized Lending;Derivatives;RWA
12387,RBN,2023-02-28,121964488.6868172,45356665.0,112544960.66666667,12.0,-0.07292243682766553,1.0,False,,,,,2.6890091828139746,token,Options;Options Vault;Uncollateralized Lending;Derivatives;RWA
12387,RBN,2023-03-31,116923047.16223872,35075668.0,90958127.5,12.0,-0.3766002953649926,1.0,False,,,,,3.333451758131555,token,Options;Options Vault;Uncollateralized Lending;Derivatives;RWA
12387,RBN,2023-04-30,91762171.57199362,31579345.0,68427532.41666667,12.0,-0.5,1.0,True,,,,,2.9057655113490677,token,Options;Options Vault;Uncollateralized Lending;Derivatives;RWA
12387,RBN,2023-05-31,84596093.42737676,28812607.0,56349991.75,12.0,-0.5,1.0,True,,,,,2.936079106877651,token,Options;Options Vault;Uncollateralized Lending;Derivatives;RWA
12387,RBN,2023-06-30,98885999.18355978,24838572.0,52619597.916666664,12.0,-0.5,1.0,True,,,,,3.981146709382479,token,Options;Options Vault;Uncollateralized Lending;Derivatives;RWA
12387,RBN,2023-07-31,108065750.72973534,24246199.0,47665236.916666664,12.0,-0.5,1.0,True,,,,,4.4570182208656846,token,Options;Options Vault;Uncollateralized Lending;Derivatives;RWA
12387,RBN,2023-08-31,106545643.84249744,19693473.0,42469177.166666664,12.0,-0.08655995313882026,2.0,False,,,,,5.410200823516372,token,Options;Options Vault;Uncollateralized Lending;Derivatives;RWA
12387,RBN,2023-09-30,84965119.05386655,19232865.0,37350560.083333336,12.0,-0.20860220234729832,2.0,False,,,,,4.417704749337478,token,Options;Options Vault;Uncollateralized Lending;Derivatives;RWA
12387,RBN,2023-10-31,95917699.17266668,20419298.0,32571921.083333332,12.0,-0.3374955278841053,2.0,False,0.716173195265822,0.2548519585797466,10407579.50913653,9.216138977219742,4.697404346254542,token,Options;Options Vault;Uncollateralized Lending;Derivatives;RWA
12387,RBN,2023-11-30,179023667.73335093,13823369.0,29714602.916666668,12.0,-0.42476817883859586,2.0,False,0.7979111362712822,0.27937334088138466,7422797.714932464,24.118085202996774,12.950798588488157,token,Options;Options Vault;Uncollateralized Lending;Derivatives;RWA
12387,RBN,2023-12-31,174388636.85654488,14389723.0,26974299.083333332,12.0,-0.5,2.0,True,0.7741733006964902,0.272251990208947,5227642.016341826,33.35894774573293,12.118971077938392,token,Options;Options Vault;Uncollateralized Lending;Derivatives;RWA
12387,RBN,2024-01-31,232886492.04111907,12488424.0,24163017.333333332,12.0,-0.5,2.0,True,0.7099103504616008,0.2529731051384802,4537187.185262538,51.328385303910146,18.648189078231095,token,Options;Options Vault;Uncollateralized Lending;Derivatives;RWA
12387,RBN,2024-02-29,390545828.5194154,15509969.0,21675792.666666668,12.0,-0.5,2.0,True,1.0204792981917143,0.3461437894575143,4673806.120866831,83.56055395104461,25.18031006505657,token,Options;Options Vault;Uncollateralized Lending;Derivatives;RWA
12387,RBN,2024-03-31,923055810.3012424,15663771.0,20058134.583333332,12.0,-0.5,2.0,True,1.2286053381601614,0.4085816014480484,4662177.453886103,197.9881331054527,58.92934787550472,token,Options;Options Vault;Uncollateralized Lending;Derivatives;RWA
12387,RBN,2024-04-30,601464334.8425685,13558082.0,18556362.666666668,12.0,-0.5,2.0,True,1.3311460291919672,0.43934380875759016,4456725.356192317,134.95656267148584,44.36205171517391,token,Options;Options Vault;Uncollateralized Lending;Derivatives;RWA
12387,RBN,2024-05-31,480995037.72534347,14834202.0,17391495.583333332,12.0,-0.5,2.0,True,1.299225132510344,0.4297675397531032,4135712.5343630128,116.30282175775713,32.424732906114095,token,Options;Options Vault;Uncollateralized Lending;Derivatives;RWA
12387,RBN,2024-06-30,82400149.42860654,12531536.0,16365909.25,12.0,-0.5,2.0,True,1.3906397811756868,0.457191934352706,4001510.7257559462,20.592260042746705,6.575422951233316,token,Options;Options Vault;Uncollateralized Lending;Derivatives;RWA
12387,RBN,2024-07-31,61806781.99307287,12550583.0,15391274.583333334,12.0,-0.5,2.0,True,1.3994906354063885,0.45984719062191654,3772973.810102903,16.38145004547147,4.9246144177583515,token,Options;Options Vault;Uncollateralized Lending;Derivatives;RWA
12387,RBN,2024-08-31,41591678.13374442,10155863.0,14596473.75,12.0,-0.34055577915376045,3.0,False,1.4375732119967128,0.4712719635990138,5711306.786440419,7.28234004737583,4.095336667474189,token,Options;Options Vault;Uncollateralized Lending;Derivatives;RWA
12387,RBN,2024-09-30,48064294.47941712,10647951.0,13881064.25,12.0,-0.3848631087342589,3.0,False,1.4374535666199346,0.47123606998598033,4802930.074691716,10.007285913381159,4.513947751958769,token,Options;Options Vault;Uncollateralized Lending;Derivatives;RWA
12387,RBN,2024-10-31,36785391.58499622,10781454.0,13077910.583333334,12.0,-0.4393512312172164,3.0,False,1.4084730753589807,0.46254192260769417,3846961.381708318,9.562194141044628,3.4119137905700123,token,Options;Options Vault;Uncollateralized Lending;Derivatives;RWA
12387,RBN,2024-11-30,52095435.00585019,13859809.0,13080947.25,12.0,-0.4738393610599624,3.0,False,1.459304752547384,0.4777914257642151,3526991.358670298,14.770502592183995,3.758741192310095,token,Options;Options Vault;Uncollateralized Lending;Derivatives;RWA
12387,RBN,2024-12-31,36192057.6068449,12721030.0,12941889.5,12.0,-0.5,3.0,True,1.488055656071041,0.4864166968213123,3252905.6340156808,11.126070559312891,2.845057169650956,token,Options;Options Vault;Uncollateralized Lending;Derivatives;RWA
12387,RBN,2025-01-31,26605644.41583237,13187293.0,13000128.583333334,12.0,-0.5,3.0,True,1.4726346914425335,0.48179040743276,3253719.640061714,8.17699352096843,2.017521292340465,token,Options;Options Vault;Uncollateralized Lending;Derivatives;RWA
12387,RBN,2025-02-28,17795202.81731198,9675884.0,12513954.833333334,12.0,-0.5,3.0,True,1.4811138431713173,0.48433415295139515,3139366.770038549,5.668405166018072,1.8391294084666558,token,Options;Options Vault;Uncollateralized Lending;Derivatives;RWA
12387,RBN,2025-04-30,13819529.43184935,8508233.0,11456040.75,12.0,-0.5,3.0,True,1.440597118975333,0.4721791356925999,2841676.1084567057,4.863161354217332,1.6242537589002732,token,Options;Options Vault;Uncollateralized Lending;Derivatives;RWA
12573,CPOOL,2024-12-31,308097446.9041227,1223799.0,3993132.0833333335,12.0,-0.42740272433723236,2.0,False,,,,,251.7549425225243,token,RWA;Uncollateralized Lending
12573,CPOOL,2025-01-31,248704146.99124905,1098131.0,3650215.3333333335,12.0,-0.4337778699498649,2.0,False,,,,,226.47948832265828,token,RWA;Uncollateralized Lending
12573,CPOOL,2025-02-28,126881849.77603246,1017333.0,3362904.0,12.0,-0.431795961903356,2.0,False,,,,,124.72007668681981,token,RWA;Uncollateralized Lending
12573,CPOOL,2025-03-31,82814437.59367675,991925.0,3216836.75,12.0,-0.42191700429754186,2.0,False,,,,,83.48860810411749,token,RWA;Uncollateralized Lending
12573,CPOOL,2025-04-30,104554378.63923238,994937.0,3029562.75,12.0,-0.39068435890558184,2.0,False,,,,,105.08643124060356,token,RWA;Uncollateralized Lending
12573,CPOOL,2025-05-31,99554396.04941086,980265.0,2727467.0833333335,12.0,-0.3822507606674753,2.0,False,,,,,101.5586561280989,token,RWA;Uncollateralized Lending
12573,CPOOL,2025-06-30,91813739.67989784,988697.0,2092431.6666666667,12.0,-0.44678122986308244,2.0,False,,,,,92.86337440074952,token,RWA;Uncollateralized Lending
12573,CPOOL,2025-07-31,100897491.66824384,1053181.0,1761189.5833333333,12.0,-0.4828557605489865,2.0,False,,,,,95.80261291102273,token,RWA;Uncollateralized Lending
12573,CPOOL,2025-08-31,120639058.627504,1025285.0,1507922.1666666667,12.0,-0.5,2.0,True,,,,,117.66392625221671,token,RWA;Uncollateralized Lending
12573,CPOOL,2025-09-30,104816614.45540676,1007272.0,1232660.4166666667,12.0,-0.5,3.0,True,,,,,104.05989092857416,token,RWA;Uncollateralized Lending
12573,CPOOL,2025-10-31,58631865.0698801,968315.0,1062201.75,12.0,-0.5,3.0,True,,,,,60.5504046409279,token,RWA;Uncollateralized Lending
12573,CPOOL,2025-11-30,34637504.23113515,851220.0,1016696.6666666666,12.0,-0.5,3.0,True,,,,,40.69160056288052,token,RWA;Uncollateralized Lending
12573,CPOOL,2025-12-31,28687816.21042464,837946.0,984542.25,12.0,-0.5,3.0,True,1.6855170552444683,0.5456551165733405,260236.32257593144,110.23755610462158,34.23587702599528,token,RWA;Uncollateralized Lending
12573,CPOOL,2026-01-31,20766062.0623723,632892.0,945772.3333333334,12.0,-0.5,3.0,True,1.6623065124246645,0.5386919537273993,248602.9344078177,83.5310416260287,32.81138339933559,token,RWA;Uncollateralized Lending
12573,CPOOL,2026-02-28,19381988.67816854,629472.0,913450.5833333334,12.0,-0.5,3.0,True,1.3890867108180347,0.4567260132454104,223239.30941515928,86.8215760429708,30.790867072989013,token,RWA;Uncollateralized Lending
12573,CPOOL,2026-03-31,21391500.48702831,628960.0,883203.5,12.0,-0.5,3.0,True,1.4325739362376315,0.4697721808712894,218580.58272093316,97.86551129447453,34.0109076682592,token,RWA;Uncollateralized Lending
12573,CPOOL,2026-04-30,25854309.87034735,265787.0,822441.0,12.0,-0.5,3.0,True,1.5387421795259206,0.5016226538577762,209549.82489062284,123.38025041940422,97.27454642381814,token,RWA;Uncollateralized Lending
12573,CPOOL,2026-05-31,29933338.60405724,265062.0,762840.75,12.0,-0.5,3.0,True,1.4719202580713977,0.4815760774214193,190888.84792253503,156.81030573459455,112.929573473592,token,RWA;Uncollateralized Lending
12999,SSV,2026-02-28,47160229.1755052,12442709271.0,,1.0,,,False,1.0631147293337764,0.3589344188001329,,,0.003790189752759128,other,Staking Pool
12999,SSV,2026-03-31,37774380.3446749,14808959008.0,,2.0,,,False,1.1443661038986845,0.3833098311696053,,,0.002550778911891691,other,Staking Pool
12999,SSV,2026-04-30,46563582.9834091,16716944267.0,,3.0,,,False,1.1594363275461321,0.3878308982638396,,,0.0027854123480765386,other,Staking Pool
12999,SSV,2026-05-31,38733021.17289511,14860838723.0,,4.0,,,False,1.1682224775796883,0.39046674327390646,,,0.002606381907163041,other,Staking Pool
13663,GNS,2023-03-31,232103595.4320695,53920026.0,22581891.833333332,12.0,,,False,,,,,4.30458982775842,token,Derivatives
13663,GNS,2023-04-30,179235028.02643564,57566323.0,26860120.833333332,12.0,,,False,,,,,3.113539630218099,token,Derivatives
13663,GNS,2023-05-31,150114532.23182246,57551404.0,31221854.583333332,12.0,2.0,1.0,True,,,,,2.6083556924488316,token,Derivatives
13663,GNS,2023-06-30,128658324.29499188,51899094.0,34784300.333333336,12.0,2.0,1.0,True,,,,,2.479009061217752,token,Derivatives
13663,GNS,2023-07-31,131277774.0968454,50281578.0,38098511.916666664,12.0,2.0,1.0,True,,,,,2.6108523104991934,token,Derivatives
13663,GNS,2023-08-31,103024801.96535423,37198307.0,40117722.166666664,12.0,2.0,1.0,True,,,,,2.7696099708342703,token,Derivatives
13663,GNS,2023-09-30,106923932.31495143,34735090.0,41546771.25,12.0,2.0,1.0,True,,,,,3.0782684690021367,token,Derivatives
13663,GNS,2023-10-31,125248598.53060225,32496401.0,42652850.416666664,12.0,2.0,1.0,True,,,,,3.8542298431940893,token,Derivatives
13663,GNS,2023-11-30,108398387.23302664,33567307.0,43418948.666666664,12.0,2.0,1.0,True,,,,,3.2292845903017073,token,Derivatives
13663,GNS,2023-12-31,149751771.19104412,30749673.0,44374149.0,12.0,2.0,1.0,True,,,,,4.870028087487113,token,Derivatives
13663,GNS,2024-01-31,137461573.66363367,44201409.0,44447598.833333336,12.0,1.9674408476390228,1.0,False,,,,,3.1098912178033435,token,Derivatives
13663,GNS,2024-02-29,197121319.43589467,41643347.0,43817496.583333336,12.0,1.3404312428620262,1.0,False,,,,,4.7335609079619525,token,Derivatives
13663,GNS,2024-03-31,154277546.47902918,37272286.0,42430184.916666664,12.0,0.8789473100759029,1.0,False,1.0828675891985595,0.36486027675956784,2607261214.5138226,0.05917226307061734,4.139202690144339,token,Derivatives
13663,GNS,2024-04-30,106952085.9259813,21045116.0,39386751.0,12.0,0.46636536910590354,1.0,False,1.168088688333679,0.39042660650010363,294111783.02184343,0.3636443423894991,5.082038318343377,token,Derivatives
13663,GNS,2024-05-31,105787658.42888246,18353216.0,36120235.333333336,12.0,1.6553469061738872,2.0,False,1.1592515186937928,0.3877754556081378,47584270388.180214,0.002223164452578426,5.763984820365132,token,Derivatives
13663,GNS,2024-06-30,99167890.32209596,22758328.0,33691838.166666664,12.0,1.4316323833117828,2.0,False,1.0979374878664534,0.36938124635993597,21553855206.698193,0.00460093516315717,4.357433038230926,token,Derivatives
13663,GNS,2024-07-31,110311686.62033136,30315172.0,32027971.0,12.0,1.2547824934192287,2.0,False,1.0748604844860614,0.3624581453458184,10510457462.136469,0.010495422013525586,3.6388276675564093,token,Derivatives
13663,GNS,2024-08-31,81997053.07739018,21005726.0,30678589.25,12.0,1.0874342847191718,2.0,False,1.1024438015147782,0.3707331404544334,4695857145.13524,0.017461573157594147,3.9035572051825382,token,Derivatives
13663,GNS,2024-09-30,71970744.10017061,15093998.0,29041831.583333332,12.0,0.8940805330924602,2.0,False,1.0928520604103016,0.3678556181230904,1884394392.228912,0.03819303665781009,4.768169712237316,token,Derivatives
13663,GNS,2024-10-31,56424449.23953431,27439195.0,28620397.75,12.0,0.7727753663823247,2.0,False,1.055690077870203,0.35670702336106086,1107107757.742723,0.050965634415368805,2.0563449197228385,token,Derivatives
13663,GNS,2024-11-30,85621456.3508968,37263703.0,28928430.75,12.0,0.6694832987860175,2.0,False,1.2433352078627775,0.4130005623588332,521284897.33115584,0.16425079028618816,2.297717335040396,token,Derivatives
13663,GNS,2024-12-31,58389183.54072191,27182495.0,28631165.916666668,12.0,0.5573534561438205,2.0,False,1.2759177025667003,0.42277531077001007,292743118.6737825,0.1994553580123184,2.148043567771167,token,Derivatives
13663,GNS,2025-01-31,48692154.55463929,28155319.0,27293991.75,12.0,0.34989631287960976,2.0,False,1.264391179691269,0.4193173539073807,109400664.73139504,0.4450809752773463,1.7294122845718525,token,Derivatives
13663,GNS,2025-02-28,48274749.30065633,28286537.0,26180924.25,12.0,0.18254220534807342,2.0,False,1.09526511480557,0.368579534441671,56363949.419411324,0.8564827305027506,1.7066334171855797,token,Derivatives
13663,GNS,2025-03-31,40998078.29479735,25285583.0,25182032.333333332,12.0,0.056003182894555525,2.0,False,1.0947450675896793,0.3684235202769037,32538446.919690434,1.2599887879094693,1.6214013453752423,token,Derivatives
13663,GNS,2025-04-30,45324598.69600268,25965243.0,25592042.916666668,12.0,-0.023890596458788327,2.0,False,1.1058513338743818,0.3717554001623145,24691948.095616512,1.835602380196523,1.7455873105444335,token,Derivatives
13663,GNS,2025-05-31,33199754.7557661,28319845.0,26422595.333333332,12.0,0.727782797239864,3.0,False,1.077938081333334,0.36338142440000015,793523974.0065448,0.04183837646156898,1.172314140694135,token,Derivatives
13663,GNS,2025-06-30,50956165.68588018,27012927.0,26777145.25,12.0,0.6749883925979159,3.0,False,1.032392452115958,0.34971773563478736,664002015.701973,0.07674098042008214,1.8863622474484227,token,Derivatives
13663,GNS,2025-07-31,52044719.06879131,27200619.0,26517599.166666668,12.0,0.61462384215769,3.0,False,1.0324529486949232,0.34973588460847693,486226758.22765964,0.10703795747173397,1.9133652461655857,token,Derivatives
13663,GNS,2025-08-31,60800200.44438823,29492553.0,27224834.75,12.0,0.569586172175087,3.0,False,0.9561643897270331,0.3268493169181099,443074253.05871886,0.1372235015342465,2.061544161483349,token,Derivatives
13663,GNS,2025-09-30,50334259.19353775,26095333.0,28141612.666666668,12.0,0.5148650754523254,3.0,False,0.9555519802527993,0.3266655940758398,345556934.6557168,0.14566126199633783,1.928860581834221,token,Derivatives
13663,GNS,2025-10-31,40897717.27729007,26779490.0,28086637.25,12.0,0.45560598394523977,3.0,False,0.964659375707874,0.3293978127123622,250965600.8386197,0.16296144627242692,1.527202992935641,token,Derivatives
13663,GNS,2025-11-30,39336535.91420038,26775167.0,27212592.583333332,12.0,0.37891152210719015,3.0,False,0.8810932782489289,0.30432798347467865,180790584.14128268,0.21758066716273233,1.469142504851618,token,Derivatives
13663,GNS,2025-12-31,29671101.10122502,23461976.0,26902549.333333332,12.0,0.31596072609355774,3.0,False,0.8979108606094028,0.3093732581828208,126362451.17309964,0.23480947722816475,1.264646298386164,token,Derivatives
13663,GNS,2026-01-31,23365281.22272535,24604253.0,26606627.166666668,12.0,0.21108473483768608,3.0,False,0.904060062685573,0.3112180188056719,73493020.71188967,0.3179251716203485,0.9496439994632371,token,Derivatives
13663,GNS,2026-02-28,19584232.79619257,22088314.0,26090108.583333332,12.0,0.11696973044566072,3.0,False,0.8857843605388274,0.3057353081616482,46796457.077258885,0.4184981945077566,0.8866332123036902,token,Derivatives
13663,GNS,2026-03-31,17785123.36337559,19302903.0,25591551.916666668,12.0,0.04258650707627276,3.0,False,0.8856778460776499,0.30570335382329494,33112179.946244393,0.5371172599402593,0.9213703950838684,token,Derivatives
13663,GNS,2026-04-30,12011300.13064762,14449365.0,24631895.416666668,12.0,-0.028454174703606894,3.0,False,0.839977166051047,0.29199314981531405,24034644.671139374,0.49974943649034687,0.8312683727380145,token,Derivatives
14280,EUL,2025-06-30,203862237.4981971,1127557345.0,339198862.5833333,12.0,0.5853750306530645,3.0,False,,,,,0.18079988428277863,token,Dexs;Lending;Risk Curators
14280,EUL,2025-07-31,230782597.416646,1136320819.0,433885623.9166667,12.0,0.6108125837839526,3.0,False,,,,,0.2030963382504444,token,Dexs;Lending;Risk Curators
14280,EUL,2025-08-31,195168891.3712542,1470754141.0,556157897.0833334,12.0,0.6859709572149599,3.0,False,,,,,0.1326998754792248,token,Dexs;Lending;Risk Curators
14280,EUL,2025-09-30,178679642.84313384,1662642256.0,694243230.5833334,12.0,0.7407458131806752,3.0,False,,,,,0.10746728118952237,token,Dexs;Lending;Risk Curators
14280,EUL,2025-10-31,178054393.85898665,1646475022.0,830726577.4166666,12.0,0.7803300820586763,3.0,False,,,,,0.10814278472484877,token,Dexs;Lending;Risk Curators
14280,EUL,2025-11-30,107880887.67656346,1039564028.0,912397360.0,12.0,0.8344134241662868,3.0,False,,,,,0.103775125697754,token,Dexs;Lending;Risk Curators
14280,EUL,2025-12-31,73002186.84801444,1013506218.0,987923808.6666666,12.0,0.8349634378579791,3.0,False,,,,,0.0720293428412044,token,Dexs;Lending;Risk Curators
14280,EUL,2026-01-31,35841342.88884111,587605382.0,1023711128.0833334,12.0,0.7942750948758672,3.0,False,,,,,0.06099560008597931,token,Dexs;Lending;Risk Curators
14280,EUL,2026-02-28,27230607.21432068,500626254.0,1041189918.25,12.0,0.7423244481183342,3.0,False,,,,,0.05439308665246445,token,Dexs;Lending;Risk Curators
14280,EUL,2026-03-31,21529668.89196599,505933237.0,1036165330.75,12.0,0.7602918929883764,3.0,False,,,,,0.042554367488542744,token,Dexs;Lending;Risk Curators
14280,EUL,2026-04-30,32188655.21940711,374395752.0,1002742366.0833334,12.0,0.762532705647804,3.0,False,,,,,0.08597494775904164,token,Dexs;Lending;Risk Curators
14280,EUL,2026-05-31,30733205.32925375,283708051.0,945757375.4166666,12.0,0.7527011575562945,3.0,False,,,,,0.10832687060140479,token,Dexs;Lending;Risk Curators
14519,VVS,2022-03-31,333228903.18755794,1331423754.0,,5.0,,,False,,,,,0.25028012470593036,token,Dexs;DEX
14519,VVS,2022-04-30,325723232.2659924,1250044998.0,1177481306.5,6.0,,,False,,,,,0.26056920573829806,token,Dexs;DEX
14519,VVS,2022-05-31,153467368.62513673,867539576.0,1133203916.4285715,7.0,,,False,,,,,0.17689955924862238,token,Dexs;DEX
14519,VVS,2022-06-30,113062565.54251496,678958245.0,1076423207.5,8.0,,,False,,,,,0.1665235916569729,token,Dexs;DEX
14519,VVS,2022-07-31,162617891.66441208,709432776.0,1035646492.8888888,9.0,,,False,,,,,0.22922241143311947,token,Dexs;DEX
14519,VVS,2022-08-31,154355000.0564162,500228969.0,982104740.5,10.0,,,False,,,,,0.3085686947818814,token,Dexs;DEX
14519,VVS,2022-09-30,156289017.44917107,417894970.0,930812943.1818181,11.0,,,False,,,,,0.37399114291605634,token,Dexs;DEX
14519,VVS,2022-10-31,186989460.8862452,451315985.0,890854863.3333334,12.0,,,False,,,,,0.41432049185283165,token,Dexs;DEX
14519,VVS,2022-11-30,108576502.4331677,187197342.0,844229070.75,12.0,,,False,,,,,0.5800109193493126,token,Dexs;DEX
14519,VVS,2022-12-31,91433854.59176403,174999845.0,751055622.25,12.0,,,False,,,,,0.5224796318634685,token,Dexs;DEX
14519,VVS,2023-01-31,132282413.63587056,201260751.0,668782343.3333334,12.0,,,False,,,,,0.6572688066530695,token,Dexs;DEX
14519,VVS,2023-02-28,132228713.52578336,198646879.0,580745340.8333334,12.0,,,False,,,,,0.6656470727928394,token,Dexs;DEX
14519,VVS,2023-03-31,122465940.82806724,188626805.0,485512261.75,12.0,,,False,1.1276880075042932,0.3783064022512879,,,0.6492499346954811,token,Dexs;DEX
14519,VVS,2023-04-30,126842832.78064744,193089892.0,397432669.5833333,12.0,-0.5,1.0,True,1.1299812455983875,0.3789943736795162,89284724.11237818,1.4206554821292472,0.6569107863017886,token,Dexs;DEX
14519,VVS,2023-05-31,105063061.0847022,165557247.0,338934142.1666667,12.0,-0.5,1.0,True,1.1265042306592103,0.37795126919776306,76047788.24286938,1.3815399962608832,0.6346026102058957,token,Dexs;DEX
14519,VVS,2023-06-30,96248515.78804184,145507274.0,294479894.5833333,12.0,-0.5,1.0,True,1.0836932289198726,0.36510796867596174,65046816.272120155,1.4796806562428961,0.6614687578302226,token,Dexs;DEX
14519,VVS,2023-07-31,94194321.2604336,147789121.0,247676256.66666666,12.0,-0.5,1.0,True,1.0727562975350193,0.36182688926050577,54485388.515641615,1.728799662195533,0.6373562588577383,token,Dexs;DEX
14519,VVS,2023-08-31,79177225.79013065,128461427.0,216695628.16666666,12.0,-0.5,1.0,True,1.0626467993737472,0.3587940398121241,47488843.11776552,1.6672805777513358,0.6163501966246308,token,Dexs;DEX
14519,VVS,2023-09-30,76796649.6912721,123272870.0,192143786.5,12.0,-0.5,1.0,True,1.0593071350599297,0.35779214051797886,42055071.583362155,1.8260972291782858,0.6229809502388651,token,Dexs;DEX
14519,VVS,2023-10-31,89315311.91384411,140826341.0,166269649.5,12.0,-0.5,1.0,True,1.0304959886973586,0.34914879660920756,35991832.58234605,2.4815438810874317,0.6342230528722188,token,Dexs;DEX
14519,VVS,2023-11-30,134639976.5282464,176043093.0,165340128.75,12.0,-0.5,1.0,True,1.0901596542509182,0.36704789627527545,36609242.15951231,3.6777591828205165,0.7648126048787748,token,Dexs;DEX
14519,VVS,2023-12-31,162084418.63140276,189283819.0,166530459.91666666,12.0,-0.5,1.0,True,1.0977728555028659,0.3693318566508597,36976533.83109889,4.383440031771789,0.8563036158489742,token,Dexs;DEX
14519,VVS,2024-01-31,134542384.1559795,168020870.0,163760469.83333334,12.0,-0.5,1.0,True,1.0960396494448246,0.36881189483344734,36338289.84903808,3.702496312152153,0.800748050858084,token,Dexs;DEX
14519,VVS,2024-02-29,175195363.05954254,199263867.0,163811885.5,12.0,-0.5,1.0,True,1.043126991491756,0.3529380974475268,35633199.471340045,4.916632961922295,0.8792129034590227,token,Dexs;DEX
14519,VVS,2024-03-31,228495838.9878835,259047671.0,169680291.0,12.0,-0.5,1.0,True,1.0752238746418636,0.36256716239255904,37361889.82499584,6.115746287411171,0.8820609662531322,token,Dexs;DEX
14519,VVS,2024-04-30,193771015.83022025,260814375.0,175323997.91666666,12.0,-0.5,2.0,True,1.0590060040327154,0.3577018012098146,38369292.03205711,5.050158748520217,0.7429460735445286,token,Dexs;DEX
14519,VVS,2024-05-31,164358221.56342742,261678482.0,183334100.83333334,12.0,-0.5,2.0,True,1.0368109160069843,0.35104327480209524,39782862.42032436,4.13138249899936,0.6280922309975316,token,Dexs;DEX
14519,VVS,2024-06-30,132631145.50242142,216586862.0,189257399.83333334,12.0,-0.5,2.0,True,1.0418132491806715,0.3525439747542014,41147451.177112184,3.2233137584034863,0.6123693019866617,token,Dexs;DEX
14519,VVS,2024-07-31,121229064.35039832,208125821.0,194285458.16666666,12.0,-0.5,2.0,True,1.040195923073767,0.35205877692213006,42214341.822611056,2.8717506685243404,0.5824796931390763,token,Dexs;DEX
14519,VVS,2024-08-31,110357590.52152164,180710093.0,198639513.66666666,12.0,-0.5,2.0,True,1.0298385600448077,0.3489515680134423,42987854.721736714,2.5671806894266713,0.6106885824109539,token,Dexs;DEX
14519,VVS,2024-09-30,112964822.86932564,194194458.0,204549646.0,12.0,-0.5,2.0,True,1.02961856532511,0.348885569597533,44263092.67953455,2.5521222316568037,0.5817098182550896,token,Dexs;DEX
14519,VVS,2024-10-31,98083058.94110335,178174090.0,207661958.41666666,12.0,-0.5,2.0,True,1.012486297397442,0.34374588921923255,44636492.95258313,2.1973737731881386,0.5504900232188831,token,Dexs;DEX
14519,VVS,2024-11-30,236311500.4888432,316158422.0,219338235.83333334,12.0,-0.4902854608826498,2.0,False,1.392518449773042,0.45775553493191257,55262199.11196479,4.276187055279157,0.7474464826650836,token,Dexs;DEX
14519,VVS,2024-12-31,171690740.61447233,259167164.0,225161847.91666666,12.0,-0.45246567368448376,2.0,False,1.4033525248150303,0.46100575744450906,63665123.283437975,2.696778577653936,0.6624710397898722,token,Dexs;DEX
14519,VVS,2025-01-31,155949929.77239555,242568179.0,231374123.66666666,12.0,-0.4118135789681464,2.0,False,1.3926969537700875,0.4578090861310262,73357696.05599377,2.1258836926034226,0.642911738939985,token,Dexs;DEX
14519,VVS,2025-02-28,87239019.15943752,173386172.0,229217649.08333334,12.0,-0.37175193468417655,2.0,False,1.4191567914399263,0.4657470374319779,81909467.45758025,1.065066369826142,0.5031486545503613,token,Dexs;DEX
14519,VVS,2025-03-31,118617685.626238,235316112.0,227240019.16666666,12.0,-0.3158642154586898,2.0,False,1.394608089055147,0.4583824267165441,94287985.85814911,1.2580360535507835,0.504078044712204,token,Dexs;DEX
14519,VVS,2025-04-30,106005122.12697949,210406817.0,223039389.33333334,12.0,-0.42569510832169,3.0,False,1.3789338854517998,0.4536801656355399,67707926.8148053,1.5656235113641075,0.5038103025292164,token,Dexs;DEX
14519,VVS,2025-05-31,123434990.82381062,219671228.0,219538784.83333334,12.0,-0.4213698448046709,3.0,False,1.3239814448550296,0.4371944334565088,66474574.4318503,1.8568752320536646,0.5619078654388485,token,Dexs;DEX
14519,VVS,2025-06-30,92613854.9483894,187178763.0,217088109.91666666,12.0,-0.41356799851113635,3.0,False,1.4593857364440286,0.47781572093320857,69660239.65446943,1.3295081298567892,0.49478826264275183,token,Dexs;DEX
14519,VVS,2025-07-31,151618973.13943475,284951892.0,223490282.5,12.0,-0.4001872379489192,3.0,False,1.4636831667184713,0.4791049500155414,74550109.70579442,2.0337860499171088,0.5320862131332497,token,Dexs;DEX
14519,VVS,2025-08-31,282109756.1229223,477385114.0,248213200.91666666,12.0,-0.36774973124965016,3.0,False,1.3112612561772659,0.4333783768531797,87332774.75131468,3.2302850439167514,0.5909479534439825,token,Dexs;DEX
14519,VVS,2025-09-30,188300322.776228,329450845.0,259484566.5,12.0,-0.34674455321722375,3.0,False,1.310739500993403,0.4332218502980209,96875564.58909714,1.9437339392540713,0.5715581721340797,token,Dexs;DEX
14519,VVS,2025-10-31,138287586.51563436,263239862.0,266573380.83333334,12.0,-0.33113786888534924,3.0,False,1.3345346502561708,0.4403603950768512,104582676.03078127,1.3222800540591724,0.5253292015311661,token,Dexs;DEX
14519,VVS,2025-11-30,91789086.4545326,194036954.0,256396591.83333334,12.0,-0.3278224835851442,3.0,False,1.2833913253681064,0.4250173976104319,100303882.63705865,0.9151100041327798,0.4730495122827613,token,Dexs;DEX
14519,VVS,2025-12-31,79402107.64881276,173663970.0,249271325.66666666,12.0,-0.30763770747009145,3.0,False,1.2804374559490466,0.4241312367847139,103166768.11970991,0.7696481056446224,0.4572169324979312,token,Dexs;DEX
14519,VVS,2026-01-31,68537918.78979047,160015312.0,242391920.08333334,12.0,-0.2870192898471243,3.0,False,1.3230303024355254,0.4369090907306576,107309726.54931684,0.6386925117947456,0.4283210021162879,token,Dexs;DEX
14519,VVS,2026-02-28,65188284.37313677,138392201.0,239475755.83333334,12.0,-0.25568185538823995,3.0,False,1.275630696743303,0.4226892090229909,114677249.96968299,0.5684500141952347,0.4710401590703567,token,Dexs;DEX
14519,VVS,2026-03-31,58318169.84625429,124916484.0,230275786.83333334,12.0,-0.22014111566002237,3.0,False,1.389700837276287,0.45691025118288603,124333859.8759952,0.46904495609175256,0.46685727919026515,token,Dexs;DEX
14519,VVS,2026-04-30,54788838.46224386,117254505.0,222513094.16666666,12.0,-0.17580368272533042,3.0,False,1.3657261508686038,0.4497178452605811,135558263.6299543,0.4041718814856313,0.46726425106006686,token,Dexs;DEX
14519,VVS,2026-05-31,52020488.10077077,113583460.0,213672446.83333334,12.0,-0.1425455313659414,3.0,False,1.3527606948495117,0.4458282084548535,142930360.03111583,0.36395688144524335,0.45799351508371705,token,Dexs;DEX
14803,AURORA,2022-09-30,71946784.8716298,18367980.0,,1.0,,,False,,,,,3.9169677270788514,token,Farm
14803,AURORA,2022-10-31,68585903.61863701,13029803.0,,2.0,,,False,,,,,5.263771341641697,token,Farm
14803,AURORA,2022-11-30,43215140.2233085,8261863.0,,3.0,,,False,,,,,5.230677417830398,token,Farm
14803,AURORA,2022-12-31,19510371.14069467,4739079.0,,4.0,,,False,,,,,4.116911986631721,token,Farm
14803,AURORA,2023-01-31,31876235.38798397,7303847.0,,5.0,,,False,1.4648503720410193,0.47945511161230575,,,4.364307657044838,token,Farm
14803,AURORA,2023-02-28,37409895.40507743,8831031.0,10088933.833333334,6.0,,,False,1.4664578501475822,0.47993735504427465,,,4.236186624764133,token,Farm
14803,AURORA,2023-03-31,37296661.69392745,6900206.0,9633401.285714285,7.0,,,False,1.28936776392626,0.426810329177878,,,5.405151917772811,token,Farm
14803,AURORA,2023-04-30,31131168.2388464,6356913.0,9223840.25,8.0,,,False,1.284692886512656,0.42540786595379676,,,4.897214770572823,token,Farm
14803,AURORA,2023-05-31,23558528.89406149,7765305.0,9061780.777777778,9.0,,,False,1.2831529655164717,0.4249458896549415,,,3.0338188769226053,token,Farm
14803,AURORA,2023-06-30,19342441.30938929,6465848.0,8802187.5,10.0,,,False,1.2381896708544293,0.4114569012563288,,,2.9914778864874783,token,Farm
14803,AURORA,2023-07-31,23652695.19713734,5615026.0,8512445.545454545,11.0,,,False,1.224566525991908,0.4073699577975724,,,4.212392818330199,token,Farm
14803,AURORA,2023-08-31,19356011.51739449,4382468.0,8168280.75,12.0,,,False,1.197887565061875,0.39936626951856247,,,4.416692036860164,token,Farm
14803,AURORA,2023-09-30,17960169.87809884,4016900.0,6972357.416666667,12.0,,,False,1.1987530971504536,0.39962592914513606,,,4.471151852946013,token,Farm
14803,AURORA,2023-10-31,33650373.4425453,6637551.0,6439669.75,12.0,,,False,1.500361630936784,0.4901084892810352,,,5.0696971582659485,token,Farm
14803,AURORA,2023-11-30,56354002.0690961,11252705.0,6688906.583333333,12.0,,,False,1.576990856103142,0.5130972568309426,,,5.008040472854847,token,Farm
14803,AURORA,2023-12-31,106409195.6433424,17109966.0,7719813.833333333,12.0,,,False,1.7063106407902662,0.5518931922370799,,,6.2191354233750324,token,Farm
14803,AURORA,2024-01-31,95397221.09665656,14199941.0,8294488.333333333,12.0,,,False,1.703802888264723,0.5511408664794168,,,6.718142075143591,token,Farm
14803,AURORA,2024-02-29,122030713.08449738,18025149.0,9060664.833333334,12.0,-0.10192048208331494,1.0,False,1.510191979393724,0.49305759381811715,6888210.8032714855,17.715879575947376,6.770025206698562,token,Farm
14803,AURORA,2024-03-31,170857132.72012132,23272305.0,10425006.416666666,12.0,0.08217296336718372,1.0,False,1.5463266602531136,0.503897998075934,13633492.971530862,12.532161279350872,7.341650632377039,token,Farm
14803,AURORA,2024-04-30,105572874.07218926,15208554.0,11162643.166666666,12.0,0.21019476314831742,1.0,False,1.5593164938065318,0.5077949481419596,22214424.717706002,4.752446908428937,6.941677300300164,token,Farm
14803,AURORA,2024-05-31,88243166.82326531,12166808.0,11529435.083333334,12.0,0.27231450043538774,1.0,False,1.5341730832596436,0.5002519249778931,28930498.10170505,3.0501779303296757,7.2527787751121995,token,Farm
14803,AURORA,2024-06-30,77675961.17624728,11006696.0,11907839.083333334,12.0,0.35282724701482837,1.0,False,1.5214686922750094,0.49644060768250275,40867809.51645506,1.900663678707119,7.057155133225019,token,Farm
14803,AURORA,2024-07-31,76154241.1018735,10654640.0,12327806.916666666,12.0,0.44820978305693115,1.0,False,1.5196379706139287,0.4958913911841786,62262815.2311248,1.2231095047530787,7.147518930895226,token,Farm
14803,AURORA,2024-08-31,59230558.80623166,7411965.0,12580265.0,12.0,0.5401362153229123,1.0,False,1.5180277957768442,0.49540833873305323,93750421.2013845,0.6317897887519779,7.991208647940413,token,Farm
14803,AURORA,2024-09-30,70872246.93807785,9242738.0,13015751.5,12.0,0.8667648145643327,1.0,False,1.5257259849920037,0.4977177954976011,399886733.3447715,0.1772308031958983,7.667884444855827,token,Farm
14803,AURORA,2024-10-31,64008119.50583717,8765451.0,13193076.5,12.0,1.0487194238493363,1.0,False,1.5090700750993558,0.4927210225298067,903726179.3396484,0.07082689532420963,7.302319014256901,token,Farm
14803,AURORA,2024-11-30,130051032.7257254,14192097.0,13438025.833333334,12.0,1.0090018698746217,1.0,False,1.6912909773410107,0.5473872932023033,610682968.0757595,0.21295998009492817,9.163623439561144,token,Farm
14803,AURORA,2024-12-31,115429432.9037942,14042977.0,13182443.416666666,12.0,0.7076115695622454,1.0,False,1.6876482278342573,0.5462944683502772,170340583.571921,0.6776390598371863,8.219726693548967,token,Farm
14803,AURORA,2025-01-31,93456314.86171372,11084275.0,12922804.583333334,12.0,0.557999006569222,1.0,False,1.6722843473375626,0.5416853042012688,91062601.56243435,1.026286458526426,8.431432354548559,token,Farm
14803,AURORA,2025-02-28,63797397.19847011,7311022.0,12029960.666666666,12.0,0.091966881575541,2.0,False,1.6955526379496584,0.5486657913848976,15900768.933646008,4.012220884706707,8.726194121488092,token,Farm
14803,AURORA,2025-03-31,50675474.0665886,5965382.0,10587717.083333334,12.0,0.048362163018170534,2.0,False,1.6987864829951402,0.5496359448985421,12312066.440864813,4.1159194770418335,8.494925231374722,token,Farm
14803,AURORA,2025-04-30,55752090.20225687,6356488.0,9850044.916666666,12.0,0.0333875360482232,2.0,False,1.731107961120814,0.5593323883362442,10952233.059021203,5.090476974130372,8.770895217965782,token,Farm
14803,AURORA,2025-05-31,51024779.20209566,5475930.0,9292471.75,12.0,0.012648791996122455,2.0,False,1.6815257427519346,0.5444577228255804,9767580.321470082,5.223891437057167,9.318011589281758,token,Farm
14803,AURORA,2025-06-30,43638727.46676242,4806192.0,8775763.083333334,12.0,-0.0015021424050837284,2.0,False,1.7492527122607564,0.5647758136782269,8848913.69837186,4.931534983191401,9.079688757078873,token,Farm
14803,AURORA,2025-07-31,46835010.16562907,5169753.0,8318689.166666667,12.0,-0.011446279182623531,2.0,False,1.7227128221866332,0.55681384665599,8166112.518749034,5.735288371069827,9.0594289834793,token,Farm
14803,AURORA,2025-08-31,50893869.43016647,5370535.0,8148570.0,12.0,-0.0012072708993197123,2.0,False,1.7163578963123072,0.5549073688936922,8229671.199163378,6.184192320507324,9.476498976389962,token,Farm
14803,AURORA,2025-09-30,47650003.76960533,5028489.0,7797382.583333333,12.0,0.05751028758915888,2.0,False,1.702826598640475,0.5508479795921425,9307203.204830503,5.119690923356508,9.476008353524355,token,Farm
14803,AURORA,2025-10-31,60879198.38159378,6939808.0,7645245.666666667,12.0,0.0895920473576739,2.0,False,1.6457222157150633,0.533716664714519,10096221.674198493,6.02989913911798,8.772461483313915,token,Farm
14803,AURORA,2025-11-30,39980419.3910196,3744245.0,6774591.333333333,12.0,0.006384607678202592,2.0,False,1.6024008841003055,0.5207202652300916,7016644.288911058,5.697940175505794,10.67783208391,token,Farm
14803,AURORA,2025-12-31,31306136.92973415,3326716.0,5881569.583333333,12.0,-0.1271427850966076,2.0,False,1.5570430886541566,0.507112926596247,4183767.5204768577,7.4827620742574,9.410522848879841,token,Farm
14803,AURORA,2026-01-31,24698822.45156833,2618424.0,5176082.0,12.0,-0.2100387768026889,2.0,False,1.6178769548122849,0.5253630864436855,2968391.664279252,8.320607670741925,9.432705494438002,token,Farm
14803,AURORA,2026-02-28,18928732.53456602,1835452.0,4719784.5,12.0,-0.22370706808096907,3.0,False,1.6073338122264287,0.5222001436679286,2607194.794931597,7.260191133920485,10.312845301629254,token,Farm
14803,AURORA,2026-03-31,18604765.00506336,1768631.0,4370055.25,12.0,-0.23163231412494667,3.0,False,1.7546706025450134,0.566401180763504,2412229.694340062,7.712683849600506,10.519302785636665,token,Farm
14803,AURORA,2026-04-30,18315013.36670947,1732253.0,3984702.3333333335,12.0,-0.24404715851110093,3.0,False,1.732858616931558,0.5598575850794675,2124307.1501554623,8.62164087964828,10.57294365586867,token,Farm
14803,AURORA,2026-05-31,20447856.34645313,1880417.0,3685076.25,12.0,-0.2591260768697029,3.0,False,1.6865126081568733,0.545953782447062,1876884.8378011757,10.894571651187922,10.874107363660896,token,Farm
17050,MULTI,2023-02-28,145949790.33471724,1681726698.0,2392854017.3333335,12.0,-0.5,1.0,True,,,,,0.08678567719016925,other,Bridge
17050,MULTI,2023-03-31,136371598.83302253,1548243135.0,1981931376.4166667,12.0,-0.5,1.0,True,,,,,0.08808151365258438,other,Bridge
17050,MULTI,2023-04-30,134453514.92048225,1838247735.0,1687255003.6666667,12.0,-0.5,1.0,True,,,,,0.07314221710191975,other,Bridge
17050,MULTI,2023-05-31,59512096.61000882,1546014352.0,1566605176.9166667,12.0,-0.5,1.0,True,,,,,0.03849388366480625,other,Bridge
17050,MULTI,2023-06-30,49385040.93890509,1311896981.0,1515710934.0833333,12.0,-0.5,1.0,True,,,,,0.037643993129141205,other,Bridge
17050,MULTI,2023-07-31,26212137.96314188,123985735.0,1360866765.75,12.0,-0.5,1.0,True,,,,,0.21141253034586505,other,Bridge
17050,MULTI,2023-08-31,15871794.31074319,110778236.0,1219659526.25,12.0,-0.5,1.0,True,,,,,0.1432753840812485,other,Bridge
17050,MULTI,2023-09-30,35181116.51959073,114891977.0,1090748662.75,12.0,-0.5,1.0,True,,,,,0.30621038507841786,other,Bridge
17050,MULTI,2023-10-31,31995646.64794947,126045389.0,975881919.5,12.0,-0.5,1.0,True,,,,,0.2538422619168518,other,Bridge
17050,MULTI,2023-11-30,29235305.75812124,138604399.0,881618670.3333334,12.0,-0.5,1.0,True,,,,,0.2109262474282742,other,Bridge
17050,MULTI,2023-12-31,26603355.71597332,176911679.0,792797482.25,12.0,-0.5,1.0,True,,,,,0.15037648088780686,other,Bridge
17050,MULTI,2024-01-31,34974529.29822322,154355402.0,739308476.5,12.0,-0.5,1.0,True,,,,,0.2265844204028779,other,Bridge
17751,T,2022-04-30,721896743.0997254,13549881.0,10845362.222222222,9.0,,,False,,,,,53.276980299659115,token,CDP;Decentralized BTC
17751,T,2022-05-31,389931294.39402497,5879916.0,10348817.6,10.0,,,False,,,,,66.31579335385489,token,CDP;Decentralized BTC
17751,T,2022-06-30,277573928.6315677,1931957.0,9583648.454545455,11.0,,,False,,,,,143.6750034455051,token,CDP;Decentralized BTC
17751,T,2022-07-31,318127325.0652568,1448176.0,8905692.416666666,12.0,,,False,,,,,219.67449057659897,token,CDP;Decentralized BTC
17751,T,2022-08-31,270960930.5371072,1453252.0,8918721.75,12.0,,,False,,,,,186.45144168878298,token,CDP;Decentralized BTC
17751,T,2022-09-30,247017287.644288,1402608.0,8881297.666666666,12.0,,,False,,,,,176.112846671549,token,CDP;Decentralized BTC
17751,T,2022-10-31,217577250.7126608,1344972.0,7980008.916666667,12.0,,,False,,,,,161.77084036891534,token,CDP;Decentralized BTC
17751,T,2022-11-30,153914362.96109045,910890.0,7166095.416666667,12.0,,,False,,,,,168.97140484700725,token,CDP;Decentralized BTC
17751,T,2022-12-31,133119713.5382051,883307.0,6535474.416666667,12.0,,,False,,,,,150.70605524263377,token,CDP;Decentralized BTC
17751,T,2023-01-31,420705108.8363012,1177324.0,5603488.666666667,12.0,-0.2815855655096099,1.0,False,,,,,357.34012798201786,token,CDP;Decentralized BTC
17751,T,2023-02-28,333125406.00495136,9588594.0,5112963.75,12.0,-0.4252669839338734,1.0,False,,,,,34.741840775086665,token,CDP;Decentralized BTC
17751,T,2023-03-31,367861461.53649694,13834715.0,4450466.0,12.0,-0.5,1.0,True,,,,,26.58973903954631,token,CDP;Decentralized BTC
17751,T,2023-04-30,272648622.7056097,15276453.0,4594347.0,12.0,-0.5,1.0,True,2.6354841701631138,0.8306452510489342,1437401.690651431,189.68157925433164,17.847639285481367,token,CDP;Decentralized BTC
17751,T,2023-05-31,218771725.93897185,19631569.0,5740318.083333333,12.0,-0.445316527432725,1.0,False,2.626751599001742,0.8280254797005226,2075529.628413443,105.40525316721366,11.143873723947987,token,CDP;Decentralized BTC
17751,T,2023-06-30,198026234.87934908,23056364.0,7500685.333333333,12.0,-0.21734552671578722,1.0,False,2.5018457175090782,0.7905537152527234,4619037.645994565,42.87175166261506,8.588788539222797,token,CDP;Decentralized BTC
17751,T,2023-07-31,216050781.0981199,23885609.0,9370471.416666666,12.0,0.05218897961602442,1.0,False,2.4725470840108086,0.7817641252032426,10594921.827462832,20.3919183752824,9.045228074281878,token,CDP;Decentralized BTC
17751,T,2023-08-31,155267772.2566619,30974427.0,11830569.333333334,12.0,0.32648709814647314,1.0,False,2.469441837368585,0.7808325512105755,26300218.631971717,5.9036684990866,5.012773029075304,token,CDP;Decentralized BTC
17751,T,2023-09-30,169097792.3752297,35870685.0,14702909.083333334,12.0,0.6554910819526263,1.0,False,2.456574768657747,0.7769724305973241,87032818.93037288,1.9429198600416424,4.714094318946786,token,CDP;Decentralized BTC
17751,T,2023-10-31,212165556.608162,82130275.0,21435017.666666668,12.0,1.6860894380579587,1.0,False,2.234212421170776,0.7102637263512328,5917916697.237067,0.03585139289088286,2.583280728186555,token,CDP;Decentralized BTC
17751,T,2023-11-30,232867894.8770691,59937990.0,26353942.666666668,12.0,2.0,1.0,True,2.2160395556049024,0.7048118666814708,20378526828.80955,0.011427121147337248,3.88514688058557,token,CDP;Decentralized BTC
17751,T,2023-12-31,237141865.0231645,54990804.0,30862900.75,12.0,2.0,1.0,True,2.1712219172937997,0.6913665751881399,25401347205.15441,0.00933579873177136,4.312391304974637,token,CDP;Decentralized BTC
17751,T,2024-01-31,240879713.4581335,55805119.0,35415217.0,12.0,1.1308517202656385,2.0,False,2.1651139762852316,0.6895341928855695,1478862893.3623126,0.16288170765477405,4.316444759451789,token,CDP;Decentralized BTC
17751,T,2024-02-29,309559953.3714401,121314694.0,44725725.333333336,12.0,1.2422054947573011,2.0,False,1.8355594990399833,0.590667849711995,4269123941.7293983,0.0725113530543316,2.5517102929958355,token,CDP;Decentralized BTC
17751,T,2024-03-31,493625508.2073865,112611096.0,52957090.416666664,12.0,1.2450010378664769,2.0,False,1.8889034232991957,0.6066710269897587,4762521556.236886,0.10364793153764232,4.383453547129907,token,CDP;Decentralized BTC
17751,T,2024-04-30,323847905.7576034,185415467.0,67135341.58333333,12.0,1.4880183019386974,2.0,False,1.8950734455779108,0.6085220336733732,14773295326.610008,0.021921169150005478,1.7466067475244846,token,CDP;Decentralized BTC
17751,T,2024-05-31,338949415.93772936,222875509.0,84072336.58333333,12.0,1.850238437934927,2.0,False,1.8800488008917395,0.6040146402675218,65514896309.01234,0.005173623634219244,1.5208015338182777,token,CDP;Decentralized BTC
17751,T,2024-06-30,227402097.22898528,199623871.92785,98786295.57732083,12.0,2.0,2.0,True,1.8987698573906049,0.6096309572171815,120750426741.93217,0.001883240526470263,1.1391528229207735,token,CDP;Decentralized BTC
17751,T,2024-07-31,219525309.7264261,205911772.92827,113955142.57134335,12.0,2.0,2.0,True,1.8962183821021976,0.6088655146306593,139828215815.77753,0.0015699643197596743,1.0661134456012789,token,CDP;Decentralized BTC
17751,T,2024-08-31,217723810.65530136,205905827.8083,128532759.30536835,12.0,2.0,2.0,True,1.8649067983557168,0.599472039506715,165367964391.75842,0.0013166021088553245,1.0573950867384094,token,CDP;Decentralized BTC
17751,T,2024-09-30,241912108.4943827,252931789.89383,146621184.7131875,12.0,2.0,2.0,True,1.8633466676236023,0.5990040002870807,189088097189.49698,0.001279361906381381,0.9564322009342009,token,CDP;Decentralized BTC
17751,T,2024-10-31,213925988.73644423,311039209.5032,165696929.25512084,12.0,2.0,2.0,True,1.835848227695206,0.5907544683085618,222847859954.27866,0.0009599642948347589,0.6877782035201686,token,CDP;Decentralized BTC
17751,T,2024-11-30,341541448.4316881,527562890.57134,204665670.96939918,12.0,2.0,2.0,True,1.8259924179524634,0.587797725385739,279451055005.79407,0.0012221870066821063,0.6473947552713678,token,CDP;Decentralized BTC
17751,T,2024-12-31,269299798.78940207,443449424.14207,237037222.647905,12.0,2.0,2.0,True,1.83282350047908,0.5898470501437241,320275672639.68805,0.0008408375090429234,0.6072841323684417,token,CDP;Decentralized BTC
17751,T,2025-01-31,247384086.42833287,499215282.90875,273988069.6403008,12.0,2.0,3.0,True,1.8200953592121372,0.5860286077636412,377511493583.28766,0.0006553021315462394,0.4955458995303864,token,CDP;Decentralized BTC
17751,T,2025-02-28,197636122.1228965,386567958.49691,296092508.3483767,12.0,2.0,3.0,True,1.7823022999905547,0.5746906899971664,432531915811.35223,0.00045692841359964526,0.5112584159622642,token,CDP;Decentralized BTC
17751,T,2025-03-31,154610386.40636688,375122733.60333,317968478.14865416,12.0,2.0,3.0,True,1.788312605273345,0.5764937815820035,460170185178.6856,0.0003359852319557191,0.4121594682391555,token,CDP;Decentralized BTC
17751,T,2025-04-30,178729125.28084174,442922907.25581,339427431.503305,12.0,2.0,3.0,True,1.7835726934976759,0.5750718080493028,494856999506.54254,0.0003611732792686885,0.4035219726795859,token,CDP;Decentralized BTC
17751,T,2025-05-31,151946624.0296754,343135790.55395,349449121.6328008,12.0,2.0,3.0,True,1.7375889611344075,0.5612766883403223,547483063997.79407,0.0002775366655548045,0.44281776548105484,token,CDP;Decentralized BTC
17751,T,2025-06-30,171752006.66819602,579058122.62976,381068642.52462673,12.0,2.0,3.0,True,1.9573863820346609,0.6272159146103983,426749635385.87683,0.0004024655030176977,0.2966058154718457,token,CDP;Decentralized BTC
17751,T,2025-07-31,171680073.06257564,673233606.56263,420012128.66082335,12.0,2.0,3.0,True,1.9735360809042786,0.6320608242712836,459263721135.4839,0.0003738158821648567,0.2550081745608825,token,CDP;Decentralized BTC
17751,T,2025-08-31,163288419.07831252,639001649.26768,456103447.1157717,12.0,2.0,3.0,True,2.0014071915929734,0.640422157477892,478711247030.8332,0.0003411000265631848,0.25553677250355644,token,CDP;Decentralized BTC
17751,T,2025-09-30,149334829.8865333,678482912.1776,491566040.63941914,12.0,2.0,3.0,True,2.008868791313971,0.6426606373941913,510331052150.73663,0.00029262344365912544,0.22010109201901806,token,CDP;Decentralized BTC
17751,T,2025-10-31,134251865.6599764,645048308.47559,519400132.22045165,12.0,2.0,3.0,True,2.007254763804983,0.6421764291414949,540501275644.9531,0.00024838399409840496,0.20812683933277343,token,CDP;Decentralized BTC
17751,T,2025-11-30,125077047.86922888,548573299.39477,521150999.6224043,12.0,2.0,3.0,True,1.9389494382661647,0.6216848314798494,599828885459.8353,0.00020852121480169044,0.2280042576028106,token,CDP;Decentralized BTC
17751,T,2025-12-31,95637499.3329038,435744455.0,520508918.860565,12.0,2.0,3.0,True,1.9516924591074083,0.6255077377322225,587847910719.4988,0.0001626908892401232,0.21948070304854206,token,CDP;Decentralized BTC
17751,T,2026-01-31,86228569.31510694,502936210.0,520818996.1181691,12.0,2.0,3.0,True,1.1682341810130517,0.39047025430391546,2178873462774.0015,3.957484029629067e-05,0.17145031039842398,token,CDP;Decentralized BTC
17751,T,2026-02-28,74847051.31920421,390047722.0,521108976.4100933,12.0,2.0,3.0,True,1.129176882575023,0.37875306477250686,2349659341760.3896,3.1854426720057215e-05,0.1918920355063738,token,CDP;Decentralized BTC
17751,T,2026-03-31,67298613.03074408,405260084.0,523620422.2764826,12.0,2.0,3.0,True,1.1533252168622548,0.3859975650586764,2253818071492.027,2.985982492641583e-05,0.1660627722486088,token,CDP;Decentralized BTC
17751,T,2026-04-30,64893992.12874873,417490829.0,521501082.4218316,12.0,2.0,3.0,True,1.1384753884065737,0.3815426165219721,2309616029970.612,2.8097307641900313e-05,0.15543812611210372,token,CDP;Decentralized BTC
17751,T,2026-05-31,54182948.17212765,365057900.05182,523327924.87998754,12.0,2.0,3.0,True,1.1349609909897578,0.3804882972969273,2333457542264.109,2.3220027444576933e-05,0.14842288898401151,token,CDP;Decentralized BTC
17799,AXL,2023-02-28,127611687.23036124,94912912.0,,5.0,,,False,,,,,1.3445134549276208,token,Bridge;Launchpad;Interoperability;RWA
17799,AXL,2023-03-31,151834680.41681015,79913288.0,92458818.66666667,6.0,,,False,,,,,1.8999929075225908,token,Bridge;Launchpad;Interoperability;RWA
17799,AXL,2023-04-30,127249850.07455988,58353549.0,87586637.28571428,7.0,,,False,,,,,2.1806702806466816,token,Bridge;Launchpad;Interoperability;RWA
17799,AXL,2023-05-31,121554704.15707275,57595726.0,83837773.375,8.0,,,False,,,,,2.1104813255947628,token,Bridge;Launchpad;Interoperability;RWA
17799,AXL,2023-06-30,120727452.76079172,86848484.0,84172296.77777778,9.0,,,False,,,,,1.3900928053135817,token,Bridge;Launchpad;Interoperability;RWA
17799,AXL,2023-07-31,137753633.51557562,94581270.0,85213194.1,10.0,,,False,,,,,1.4564578538179453,token,Bridge;Launchpad;Interoperability;RWA
17799,AXL,2023-08-31,129706258.22302537,94500139.0,86057461.81818181,11.0,,,False,,,,,1.372550978184544,token,Bridge;Launchpad;Interoperability;RWA
17799,AXL,2023-09-30,140315817.1461252,95858518.0,86874216.5,12.0,,,False,,,,,1.4637803720909308,token,Bridge;Launchpad;Interoperability;RWA
17799,AXL,2023-10-31,157470205.25743523,113050960.0,87234361.58333333,12.0,,,False,,,,,1.392913472450258,token,Bridge;Launchpad;Interoperability;RWA
17799,AXL,2023-11-30,372964062.6308931,142757751.0,91903126.25,12.0,,,False,,,,,2.6125661130014097,token,Bridge;Launchpad;Interoperability;RWA
17799,AXL,2023-12-31,617829906.8926808,168255292.0,98404336.91666667,12.0,,,False,,,,,3.6719790477239833,token,Bridge;Launchpad;Interoperability;RWA
17799,AXL,2024-01-31,505422242.51975816,149942388.0,103047523.08333333,12.0,,,False,,,,,3.3707762645460746,token,Bridge;Launchpad;Interoperability;RWA
17799,AXL,2024-02-29,878606238.7219195,167952023.0,109134115.66666667,12.0,,,False,1.1560357644654533,0.38681072933963595,,,5.231292978959352,token,Bridge;Launchpad;Interoperability;RWA
17799,AXL,2024-03-31,1267972053.8198347,183068065.0,117730347.08333333,12.0,0.2733273989555911,1.0,False,1.1899904129073515,0.3969971238722054,355235195.69131905,3.569387462726629,6.92623289496087,token,Bridge;Launchpad;Interoperability;RWA
17799,AXL,2024-04-30,686521455.5921146,146370127.0,125065061.91666667,12.0,0.42790117068537414,1.0,False,1.4427424054078424,0.47282272162235267,614382530.8439853,1.117416953,4.690311265440895,token,Bridge;Launchpad;Interoperability;RWA
17799,AXL,2024-05-31,692496910.5109044,157353545.0,133378213.5,12.0,0.590908347522654,1.0,False,1.419150841950089,0.46574525258502664,1365149288.8755786,0.5072682644703919,4.400898057370773,token,Bridge;Launchpad;Interoperability;RWA
17799,AXL,2024-06-30,450048764.51579016,133345358.0,137252953.0,12.0,0.630619078416736,1.0,False,1.5252171545544684,0.49756514636634047,1502424981.7306502,0.2995482436649695,3.3750613539602194,token,Bridge;Launchpad;Interoperability;RWA
17799,AXL,2024-07-31,451094140.4324889,245701691.0,149846321.41666666,12.0,0.758487321116234,1.0,False,1.523843038710179,0.49715291161305364,2875366568.3804545,0.15688230690063526,1.8359423518680176,token,Bridge;Launchpad;Interoperability;RWA
17799,AXL,2024-08-31,401603072.9644892,198441725.0,158508120.25,12.0,0.8418870008609893,1.0,False,1.5071781150434493,0.4921534345130348,4473016673.0775585,0.08978349563990676,2.0237834203693263,token,Bridge;Launchpad;Interoperability;RWA
17799,AXL,2024-09-30,500640411.121804,213644897.0,168323651.83333334,12.0,0.9375559126145712,1.0,False,1.506474123123285,0.49194223693698547,7204755585.644859,0.06948749408228459,2.343329600434145,token,Bridge;Launchpad;Interoperability;RWA
17799,AXL,2024-10-31,588667490.096483,211608143.0,176536750.41666666,12.0,1.0237065671424035,1.0,False,1.5040688332080734,0.491220649962422,10957329559.264177,0.053723627359439766,2.7818754124999954,token,Bridge;Launchpad;Interoperability;RWA
17799,AXL,2024-11-30,843344104.1652195,265971373.0,186804552.25,12.0,1.0326245675456551,1.0,False,1.4287450847251035,0.46862352541753105,13410453196.97422,0.06288706964470835,3.1708078003011986,token,Bridge;Launchpad;Interoperability;RWA
17799,AXL,2024-12-31,574983476.0207741,318677905.0,199339770.0,12.0,1.025721388365333,1.0,False,1.4845500662746862,0.4853650198824058,12826338049.42272,0.044828342571764095,1.8042778209577288,token,Bridge;Launchpad;Interoperability;RWA
17799,AXL,2025-01-31,500943440.0356385,240307886.0,206870228.16666666,12.0,1.0075225680036297,1.0,False,1.4719046675517442,0.48157140026552325,12539849881.99933,0.039948120970310134,2.0845900997008417,token,Bridge;Launchpad;Interoperability;RWA
17799,AXL,2025-02-28,387480279.957367,177027474.0,207626515.75,12.0,1.0148617796673762,1.0,False,1.4367376764088569,0.47102130292265704,13654813918.163847,0.028376826098079205,2.1888143755435783,token,Bridge;Launchpad;Interoperability;RWA
17799,AXL,2025-03-31,347915429.8065983,171103379.0,206629458.58333334,12.0,0.4949337569574028,2.0,False,1.439167261324333,0.4717501783972998,1357550531.752071,0.2562817528107587,2.0333638753364323,token,Bridge;Launchpad;Interoperability;RWA
17799,AXL,2025-04-30,364003691.1118044,173773979.0,208913112.91666666,12.0,0.5444146897329449,2.0,False,1.4219920913586335,0.46659762740759003,1733009546.9258218,0.21004136518319189,2.0946961864284894,token,Bridge;Launchpad;Interoperability;RWA
17799,AXL,2025-05-31,308303380.4630504,252602130.0,216850495.0,12.0,0.6082751115336451,2.0,False,1.3994200815615414,0.4598260244684624,2450115287.971892,0.12583219327538325,1.2205098209704346,token,Bridge;Launchpad;Interoperability;RWA
17799,AXL,2025-06-30,326772906.6718193,220920882.0,224148455.33333334,12.0,0.6318614621820289,2.0,False,1.3913605884322835,0.457408176529685,2842780692.8117576,0.1149483347407332,1.4791399695381413,token,Bridge;Launchpad;Interoperability;RWA
17799,AXL,2025-07-31,344864419.55224484,337273116.0,231779407.41666666,12.0,0.6492405406086823,2.0,False,1.3895100317548308,0.4568530095264492,3187458953.4448013,0.10819415232925195,1.0225078821646871,token,Bridge;Launchpad;Interoperability;RWA
17799,AXL,2025-08-31,311924025.6840422,289343833.0,239354583.08333334,12.0,0.6677333264775234,2.0,False,1.3780997290249104,0.45342991870747307,3627958745.142801,0.08597783150143415,1.078039308631272,token,Bridge;Launchpad;Interoperability;RWA
17799,AXL,2025-09-30,298051542.928841,327169433.0,248814961.08333334,12.0,0.6923601674331634,2.0,False,1.3774375872920785,0.45323127618762354,4222770892.1258755,0.07058198290715045,0.9110005791061814,token,Bridge;Launchpad;Interoperability;RWA
17799,AXL,2025-10-31,175812700.97139734,244541075.0,251559372.08333334,12.0,0.6981515954215871,2.0,False,1.4263930618341398,0.4679179185502419,4136399515.450299,0.04250380078488573,0.7189495710338124,token,Bridge;Launchpad;Interoperability;RWA
17799,AXL,2025-11-30,129564838.29379489,175275481.0,244001381.08333334,12.0,0.6294123353612455,2.0,False,1.4081628832780928,0.4624488649834278,3004334679.063793,0.0431259670224789,0.739206861989983,token,Bridge;Launchpad;Interoperability;RWA
17799,AXL,2025-12-31,75554038.17329438,170418484.0,231646429.33333334,12.0,0.5342837505478986,2.0,False,1.445228833168201,0.4735686499504603,1797706959.2221634,0.042028005613320485,0.44334415140844924,token,Bridge;Launchpad;Interoperability;RWA
17799,AXL,2026-01-31,72597297.62424153,156013375.0,224621886.75,12.0,0.476410947482381,2.0,False,1.4047278559885092,0.46141835679655274,1402361987.1263776,0.0517678732671604,0.46532739660456374,token,Bridge;Launchpad;Interoperability;RWA
17799,AXL,2026-02-28,62071153.06876088,141903143.0,221694859.16666666,12.0,0.466759914883929,2.0,False,1.369408807802067,0.4508226423406201,1367838269.1697843,0.045379014805920916,0.4374191561688023,token,Bridge;Launchpad;Interoperability;RWA
17799,AXL,2026-03-31,54172805.12239959,141072815.0,219192312.16666666,12.0,0.33339552282311735,3.0,False,1.4885711418802507,0.4865713425640752,710037122.1273652,0.0762957364258515,0.3840059838771885,token,Bridge;Launchpad;Interoperability;RWA
17799,AXL,2026-04-30,71002942.69676356,137059818.0,216132798.75,12.0,0.3513285162003632,3.0,False,1.5113221645007195,0.4933966493502158,741722231.386761,0.09572713300505084,0.5180434625760525,token,Bridge;Launchpad;Interoperability;RWA
17799,AXL,2026-05-31,64448166.41878978,151050511.0,207670163.83333334,12.0,0.35304255725823497,3.0,False,1.5110713346261033,0.49332140038783096,717617075.9297333,0.08980857421110243,0.42666632500693613,token,Bridge;Launchpad;Interoperability;RWA
18037,MAV,2023-06-30,103209767.26405454,49528432.0,,4.0,,,False,,,,,2.0838488741992585,token,Dexs;Privacy
18037,MAV,2023-07-31,77234000.71305253,57455057.0,,5.0,,,False,,,,,1.3442507021279697,token,Dexs;Privacy
18037,MAV,2023-08-31,54277919.5801939,44165903.0,35810345.666666664,6.0,,,False,,,,,1.2289552775631893,token,Dexs;Privacy
18037,MAV,2023-09-30,70275301.16239274,41505148.0,36623888.85714286,7.0,,,False,,,,,1.6931707161336405,token,Dexs;Privacy
18037,MAV,2023-10-31,58500742.61218271,38475806.0,36855378.5,8.0,,,False,,,,,1.5204552859057119,token,Dexs;Privacy
18037,MAV,2023-11-30,71478120.4424664,39735061.0,37175343.222222224,9.0,,,False,,,,,1.7988677667429878,token,Dexs;Privacy
18037,MAV,2023-12-31,97741928.4909431,30947057.0,36552514.6,10.0,,,False,,,,,3.1583594036403237,token,Dexs;Privacy
18037,MAV,2024-01-31,170852896.38365817,29583413.0,35918959.90909091,11.0,,,False,,,,,5.775293620910412,token,Dexs;Privacy
18037,MAV,2024-02-29,162813929.81580368,32316379.0,35618744.833333336,12.0,,,False,,,,,5.038124160377117,token,Dexs;Privacy
18037,MAV,2024-03-31,166437527.3078173,24238613.0,36404023.416666664,12.0,,,False,,,,,6.8666275297112636,token,Dexs;Privacy
18037,MAV,2024-04-30,92028059.33126204,20403599.0,36469374.416666664,12.0,,,False,,,,,4.510383650024784,token,Dexs;Privacy
18037,MAV,2024-05-31,108185321.52706397,20676087.0,35752546.25,12.0,,,False,,,,,5.232388581411172,token,Dexs;Privacy
18037,MAV,2024-06-30,64099680.62343498,8751376.0,32354458.25,12.0,,,False,0.5586223766210971,0.20758671298632914,,,7.324525951511509,token,Dexs;Privacy
18037,MAV,2024-07-31,49972181.73034154,4032463.0,27902575.416666668,12.0,,,False,0.583909083493386,0.2151727250480158,,,12.392471234166697,token,Dexs;Privacy
18037,MAV,2024-08-31,47138308.79780632,3359443.0,24502037.083333332,12.0,-0.3157832847690002,1.0,False,0.5669772258520741,0.21009316775562223,7955221.424466853,5.925455280582018,14.031584640015122,token,Dexs;Privacy
18037,MAV,2024-09-30,84658323.84086728,3516520.0,21336318.083333332,12.0,-0.41742073960089443,1.0,False,0.5703550866498791,0.21110652599496374,4912790.571812442,17.23222730612652,24.074461069713035,token,Dexs;Privacy
18037,MAV,2024-10-31,64986219.76017627,2826854.0,18365572.083333332,12.0,-0.5,1.0,True,0.5206644069764391,0.19619932209293173,3109437.668716406,20.89966954925421,22.988884378243895,token,Dexs;Privacy
18037,MAV,2024-11-30,125956087.65584126,3323732.0,15331294.666666666,12.0,-0.5,1.0,True,1.090902385384377,0.36727071561531305,3395554.052864994,37.09441395861921,37.89598188296808,token,Dexs;Privacy
18037,MAV,2024-12-31,90928477.34347956,2774085.0,12983547.0,12.0,-0.5,1.0,True,1.1510963225935043,0.38532889677805127,2938791.3287743246,30.940773662008493,32.77782668644961,token,Dexs;Privacy
18037,MAV,2025-01-31,64814382.43085831,2378000.0,10716429.25,12.0,-0.5,1.0,True,1.1289587029948223,0.37868761089844666,2406602.4845178328,26.931902068506336,27.255837859906773,token,Dexs;Privacy
18037,MAV,2025-02-28,41088102.80193551,2043146.0,8193659.833333333,12.0,-0.5,1.0,True,1.175033790512363,0.39251013715370886,1870193.1016749546,21.96997880333148,20.11021375953334,token,Dexs;Privacy
18037,MAV,2025-03-31,33074225.89924556,1648942.0,6311187.25,12.0,-0.5,1.0,True,1.1860335315327761,0.39581005945983283,1445993.8761522279,22.873005511790737,20.057846727929523,token,Dexs;Privacy
18037,MAV,2025-04-30,38847018.20968462,2514714.0,4820446.833333333,12.0,-0.5,1.0,True,1.1713536969873304,0.3914061090961991,1098858.266208635,35.35216451864859,15.447887198975556,token,Dexs;Privacy
18037,MAV,2025-05-31,32519106.70961253,1639521.0,3234066.3333333335,12.0,-0.5,1.0,True,1.151392323563558,0.38541769706906737,732098.7429702713,44.41901727310171,19.834516733614592,token,Dexs;Privacy
18037,MAV,2025-06-30,29669225.15067331,1595253.0,2637722.75,12.0,-0.5,1.0,True,1.1501666838395876,0.38505000515187626,596845.6965146512,49.71004285350494,18.598444980622705,token,Dexs;Privacy
18037,MAV,2025-07-31,31515075.27532619,1816059.0,2453022.4166666665,12.0,-0.5,1.0,True,1.1465982909598427,0.3839794872879528,554353.2429998624,56.85016850408145,17.353552541699464,token,Dexs;Privacy
18037,MAV,2025-08-31,50057549.96454323,1816364.0,2324432.5,12.0,-0.5,2.0,True,0.9690233214776729,0.3307069964433018,491004.34356546623,101.94930171298779,27.559206174832376,token,Dexs;Privacy
18037,MAV,2025-09-30,40235714.68688683,1857944.0,2186217.8333333335,12.0,-0.5,2.0,True,0.9694261940798403,0.33082785822395205,461884.2717220807,87.11211260100445,21.65604274772912,token,Dexs;Privacy
18037,MAV,2025-10-31,24201894.44283986,1592451.0,2083350.9166666667,12.0,-0.5,2.0,True,1.0292884400160922,0.3487865320048276,450764.55239623704,53.69076675214157,15.19788956950001,token,Dexs;Privacy
18037,MAV,2025-11-30,22227381.09726337,1404529.0,1923417.3333333333,12.0,-0.5,2.0,True,0.9585579730267648,0.3275673919080294,404557.6267351298,54.94243496691259,15.825505274197521,token,Dexs;Privacy
18037,MAV,2025-12-31,21520604.1162665,1374211.0,1806761.1666666667,12.0,-0.5,2.0,True,0.9535525561228558,0.32606576683685673,379237.85032472375,56.74698371441407,15.660334632939556,token,Dexs;Privacy
18037,MAV,2026-01-31,17561906.90654023,1265284.0,1714034.8333333333,12.0,-0.5,2.0,True,0.9668124489868474,0.3300437346960542,361739.63212880836,48.54847339560179,13.879814260308539,token,Dexs;Privacy
18037,MAV,2026-02-28,11756391.31018309,1118349.0,1636968.4166666667,12.0,-0.5,2.0,True,0.9976933937071832,0.33930801811215494,349806.9410487428,33.60822765533669,10.512274173968134,token,Dexs;Privacy
18876,APE,2024-10-31,753247635.592194,2405104.0,,1.0,,,False,0.9964540117340281,0.3389362035202084,,,313.18713685237475,token,Yield;NFT;Gaming;Meme;Metaverse
18876,APE,2024-11-30,1131426475.861421,25647454.0,,2.0,,,False,1.0655508547265706,0.35966525641797115,,,44.11457277051442,token,Yield;NFT;Gaming;Meme;Metaverse
18876,APE,2024-12-31,905285214.1727608,23595821.0,,3.0,,,False,1.072033819007691,0.36161014570230726,,,38.3663367412713,token,Yield;NFT;Gaming;Meme;Metaverse
18876,APE,2025-01-31,751021724.6416255,18510632.0,,4.0,,,False,1.058941810863639,0.35768254325909166,,,40.57245180184153,token,Yield;NFT;Gaming;Meme;Metaverse
18876,APE,2025-02-28,482817737.8821836,12373065.0,,5.0,,,False,1.079842836891944,0.3639528510675831,,,39.0216763495693,token,Yield;NFT;Gaming;Meme;Metaverse
18876,APE,2025-03-31,353971445.53104526,9400295.0,15322061.833333334,6.0,,,False,1.087705465105668,0.3663116395317003,,,37.655355021416376,token,Yield;NFT;Gaming;Meme;Metaverse
18876,APE,2025-04-30,399762016.6165312,8568046.0,14357202.42857143,7.0,,,False,1.269515424445279,0.4208546273335837,,,46.65731447012904,token,Yield;NFT;Gaming;Meme;Metaverse
18876,APE,2025-05-31,462618043.5202299,9937318.0,13804716.875,8.0,,,False,1.2014082153505203,0.40042246460515607,,,46.553611700886485,token,Yield;NFT;Gaming;Meme;Metaverse
18876,APE,2025-06-30,460110706.45001954,9764678.0,13355823.666666666,9.0,,,False,1.3169338968740372,0.43508016906221114,,,47.119905689672464,token,Yield;NFT;Gaming;Meme;Metaverse
18876,APE,2025-07-31,430931555.6414525,11012869.0,13121528.2,10.0,,,False,1.262739813644268,0.4188219440932804,,,39.129817638024434,token,Yield;NFT;Gaming;Meme;Metaverse
18876,APE,2025-08-31,423318801.9622855,10923494.0,12921706.909090908,11.0,,,False,1.2321285661630168,0.409638569848905,,,38.7530584959616,token,Yield;NFT;Gaming;Meme;Metaverse
18876,APE,2025-09-30,400675155.001412,10655083.0,12732821.583333334,12.0,,,False,1.2658011832191869,0.419740354965756,,,37.6041326943593,token,Yield;NFT;Gaming;Meme;Metaverse
18876,APE,2025-10-31,299099051.96504235,7130098.0,13126571.083333334,12.0,,,False,1.2775628673796842,0.4232688602139052,,,41.948799576814004,token,Yield;NFT;Gaming;Meme;Metaverse
18876,APE,2025-11-30,193005765.79632625,5600910.0,11456025.75,12.0,,,False,1.3364253243991444,0.4409275973197433,,,34.45971561698479,token,Yield;NFT;Gaming;Meme;Metaverse
18876,APE,2025-12-31,147724943.54340938,5047619.0,9910342.25,12.0,,,False,1.3519428857959408,0.4455828657387822,,,29.26626267620622,token,Yield;NFT;Gaming;Meme;Metaverse
18876,APE,2026-01-31,112809528.3344331,3422313.0,8652982.333333334,12.0,,,False,1.231213522927665,0.40936405687829946,,,32.962948840282316,token,Yield;NFT;Gaming;Meme;Metaverse
18876,APE,2026-02-28,77718215.45240475,2657765.0,7843374.0,12.0,,,False,1.2321625706100927,0.4096487711830278,,,29.24194405916428,token,Yield;NFT;Gaming;Meme;Metaverse
18876,APE,2026-03-31,64725833.83920338,2056396.0,7231382.416666667,12.0,-0.5,1.0,True,1.327561336021994,0.4382684008065982,1734864.4802415748,37.308870275671616,31.475374314676444,token,Yield;NFT;Gaming;Meme;Metaverse
18876,APE,2026-04-30,120594380.73757978,3442811.0,6804279.5,12.0,-0.5,1.0,True,1.4309309224029836,0.46927927672089503,1683176.4355002863,71.64690414747626,35.02788295308101,token,Yield;NFT;Gaming;Meme;Metaverse
18876,APE,2026-05-31,139267717.3432114,2730600.0,6203719.666666667,12.0,-0.5,1.0,True,1.4298206297043021,0.4689461889112906,1534129.9165690523,90.77961119138561,51.00260651256552,token,Yield;NFT;Gaming;Meme;Metaverse
18934,STG,2023-02-28,171859836.51856342,478682905.0,833675975.5833334,12.0,,,False,,,,,0.35902647603127463,token,Cross Chain Bridge
18934,STG,2023-03-31,137210801.5865324,368526373.0,567851520.8333334,12.0,,,False,,,,,0.3723228828090749,token,Cross Chain Bridge
18934,STG,2023-04-30,138798115.50105545,467784258.0,472924237.1666667,12.0,,,False,,,,,0.296713951201529,token,Cross Chain Bridge
18934,STG,2023-05-31,133877898.14316384,432042414.0,453111805.5833333,12.0,,,False,,,,,0.309872118581311,token,Cross Chain Bridge
18934,STG,2023-06-30,117094900.7943587,401795940.0,449638713.3333333,12.0,,,False,,,,,0.2914287804758771,token,Cross Chain Bridge
18934,STG,2023-07-31,119193358.30414888,379909408.0,438250145.1666667,12.0,,,False,,,,,0.3137415283597001,token,Cross Chain Bridge
18934,STG,2023-08-31,107255768.07615742,352588381.0,411106201.8333333,12.0,-0.5,1.0,True,,,,,0.304195412713153,token,Cross Chain Bridge
18934,STG,2023-09-30,94869488.09651822,389325099.0,402793648.5833333,12.0,-0.5,1.0,True,,,,,0.24367678410715107,token,Cross Chain Bridge
18934,STG,2023-10-31,94949137.06780656,366555845.0,395801623.0,12.0,-0.5,1.0,True,,,,,0.2590304816113533,token,Cross Chain Bridge
18934,STG,2023-11-30,113273565.6704059,349488613.0,396387490.1666667,12.0,-0.5,1.0,True,,,,,0.3241123214232044,token,Cross Chain Bridge
18934,STG,2023-12-31,124474506.51989904,329791794.0,391340435.5,12.0,-0.5,1.0,True,,,,,0.3774336074593143,token,Cross Chain Bridge
18934,STG,2024-01-31,105930528.35441136,335445625.0,387661387.9166667,12.0,-0.5,1.0,True,,,,,0.31579046038955305,token,Cross Chain Bridge
18934,STG,2024-02-29,138034305.68696046,297733917.0,372582305.5833333,12.0,-0.5,1.0,True,0.4751656642108471,0.18254969926325412,61374996.31679259,2.2490315921891697,0.46361632923050705,token,Cross Chain Bridge
18934,STG,2024-03-31,157025757.8862723,304622144.0,367256953.1666667,12.0,-0.3532517926029153,1.0,False,0.5043354707281645,0.19130064121844936,101964308.52844657,1.5400070882887849,0.5154771607354727,token,Cross Chain Bridge
18934,STG,2024-04-30,101638443.73704705,326237872.0,355461421.0,12.0,-0.2483755471497875,1.0,False,0.6681129577906687,0.2404338873372006,150817705.31603548,0.6739158610327993,0.31154704116340926,token,Cross Chain Bridge
18934,STG,2024-05-31,144536224.00865638,296173264.0,344138991.8333333,12.0,-0.24049872990995913,1.0,False,0.7044934376795127,0.2513480313038538,151485520.9977169,0.9541256686230412,0.48801239536819363,token,Cross Chain Bridge
18934,STG,2024-06-30,77926947.02074197,212909169.0,328398427.5833333,12.0,-0.269639339662731,1.0,False,0.8531953866274526,0.29595861598823575,136533134.27516276,0.5707548386290723,0.3660102915564992,token,Cross Chain Bridge
18934,STG,2024-07-31,72856034.924101,468627857.0,335791631.6666667,12.0,-0.23379002752191902,1.0,False,0.8496308000043326,0.29488924000129974,156597281.68413293,0.46524456964110295,0.15546671807028534,token,Cross Chain Bridge
18934,STG,2024-08-31,59012181.77780387,448655182.0,343797198.4166667,12.0,-0.4746300413793023,2.0,False,0.858335660437398,0.2975006981312194,75191503.982868,0.7848251285311368,0.1315312608554778,token,Cross Chain Bridge
18934,STG,2024-09-30,66408665.05750156,504017320.0,353354883.5,12.0,-0.4426497304418856,2.0,False,0.8601708727075762,0.2980512618122728,85621868.10458902,0.7756040194822881,0.13175869642238,token,Cross Chain Bridge
18934,STG,2024-10-31,54251277.54011542,473154214.0,362238080.9166667,12.0,-0.41309732857353754,2.0,False,0.8363194143612945,0.29089582430838834,95394874.14231613,0.5687022287925022,0.1146587643835619,token,Cross Chain Bridge
18934,STG,2024-11-30,84499937.7811623,495021335.0,374365807.75,12.0,-0.3796605390112633,2.0,False,1.060937110573583,0.3582811331720749,118414453.72340427,0.7135947945893462,0.17069958768779595,token,Cross Chain Bridge
18934,STG,2024-12-31,75405526.03019966,425002977.0,382300073.0,12.0,-0.35346726497416103,2.0,False,1.054390264856945,0.35631707945708346,130458669.54237969,0.5780031813501215,0.17742352433027703,token,Cross Chain Bridge
18934,STG,2025-01-31,68549830.04852447,424289662.0,389703742.75,12.0,-0.3291562725501116,2.0,False,1.0482536290724234,0.354476088721727,142691235.3472128,0.4804067319322109,0.16156375275654128,token,Cross Chain Bridge
18934,STG,2025-02-28,51835913.8423346,1294830596.0,472795132.6666667,12.0,-0.24692565063504623,2.0,False,1.0327643401187752,0.3498293020356325,220657989.7595704,0.23491519114633086,0.04003296956564548,token,Cross Chain Bridge
18934,STG,2025-03-31,40368151.31565536,1286569002.0,554624037.5,12.0,-0.011715583428138054,2.0,False,1.0472943208677248,0.3541882962603174,561668165.3189094,0.07187188772348302,0.031376592513034415,token,Cross Chain Bridge
18934,STG,2025-04-30,43194905.69681845,671648073.0,583408220.9166666,12.0,0.11068392484572365,2.0,False,1.049520384809858,0.35485611544295736,948094341.0721145,0.04555971259988033,0.06431181363162855,token,Cross Chain Bridge
18934,STG,2025-05-31,36556480.29709528,396827966.0,591796112.75,12.0,0.14283456005362538,2.0,False,1.0347263796687332,0.35041791390061994,1107064310.5957427,0.03302109908811277,0.09212173392309572,token,Cross Chain Bridge
18934,STG,2025-06-30,31391164.29200471,287395030.0,598003267.8333334,12.0,0.15324061868808636,2.0,False,1.037875925567332,0.3513627776701996,1167961561.293275,0.026876881339524143,0.10922653844085163,token,Cross Chain Bridge
18934,STG,2025-07-31,32641453.40888093,467776808.0,597932347.0833334,12.0,0.1680595646879257,2.0,False,1.03829257548284,0.351487772644852,1244915146.181888,0.026219821896288388,0.06977997380511633,token,Cross Chain Bridge
18934,STG,2025-08-31,107974573.90747166,296634780.0,585263980.25,12.0,-0.22257235816007626,3.0,False,0.9942105457615291,0.3382631637284587,291969913.55984724,0.36981404210793556,0.36399836157941984,token,Cross Chain Bridge
18934,STG,2025-09-30,115636787.52505708,779842996.0,608249453.25,12.0,-0.18833711608364867,3.0,False,0.9915721139808829,0.33747163419426485,337814591.7639308,0.34230844476329064,0.1482821389923172,token,Cross Chain Bridge
18934,STG,2025-10-31,91336702.13103431,303013296.0,594071043.4166666,12.0,-0.17334274010808282,3.0,False,1.0040617060553507,0.3412185118166052,346798628.64582074,0.2633710014589327,0.3014280341382588,token,Cross Chain Bridge
18934,STG,2025-11-30,78678444.17493246,226502499.0,571694473.75,12.0,-0.1623893096231691,3.0,False,0.9576823818607252,0.3273047145582175,343595167.52003646,0.2289858869168886,0.3473623669597238,token,Cross Chain Bridge
18934,STG,2025-12-31,70049460.52479723,189336117.0,552055568.75,12.0,-0.15487720221211543,3.0,False,0.9556469823424452,0.32669409470273353,340042558.17388606,0.20600203957110672,0.3699741054940787,token,Cross Chain Bridge
18934,STG,2026-01-31,99578370.21419036,152638585.0,529417979.0,12.0,-0.1512711885342174,3.0,False,0.8211788790140888,0.2863536637042266,325151626.0851499,0.30625210586556634,0.6523800663783038,token,Cross Chain Bridge
18934,STG,2026-02-28,104531158.14137708,122669510.0,431737888.5,12.0,-0.19695300940848381,3.0,False,0.7577800143236813,0.26733400429710436,223704943.48754072,0.46727245501036035,0.8521364285336843,token,Cross Chain Bridge
18934,STG,2026-03-31,176248241.82885185,114754818.0,334086706.5,12.0,-0.16206923897854109,3.0,False,0.8580254751771483,0.29740764255314445,198427381.85349712,0.8882254061033745,1.5358679042901,token,Cross Chain Bridge
18934,STG,2026-04-30,142217783.55428407,105004241.0,286866387.1666667,12.0,-0.1534953190950733,3.0,False,0.825984840558518,0.28779545216755537,174892102.38629314,0.8131744179057346,1.3544003765932089,token,Cross Chain Bridge
18934,STG,2026-05-31,251492985.4166814,89544967.0,261259470.58333334,12.0,-0.16768276403250937,3.0,False,0.7285117701666092,0.25855353104998274,149677507.18668827,1.680232321767637,2.8085663978934896,token,Cross Chain Bridge
19843,APEX,2025-09-30,208238691.0444517,1494135.0,26778957.25,12.0,0.28051546547943973,2.0,False,,,,,139.37073359800266,token,Derivatives;Dexs;DEX;Perpetuals
19843,APEX,2025-10-31,135151406.17555553,1449578.0,20185622.333333332,12.0,0.006410417711925964,2.0,False,,,,,93.23500092823947,token,Derivatives;Dexs;DEX;Perpetuals
19843,APEX,2025-11-30,86304698.40487187,1441383.0,14850761.0,12.0,-0.21771379697457804,2.0,False,,,,,59.87631212860972,token,Derivatives;Dexs;DEX;Perpetuals
19843,APEX,2025-12-31,61797666.03366871,1440500.0,10718629.916666666,12.0,1.068914996685319,3.0,False,,,,,42.90014997130768,token,Derivatives;Dexs;DEX;Perpetuals
19843,APEX,2026-01-31,39242378.86357587,1439538.0,7344045.0,12.0,0.9004345349076979,3.0,False,,,,,27.260398032963263,token,Derivatives;Dexs;DEX;Perpetuals
19843,APEX,2026-02-28,41771314.3117434,1431955.0,4284121.333333333,12.0,0.6436990282200183,3.0,False,,,,,29.170828909947172,token,Derivatives;Dexs;DEX;Perpetuals
19843,APEX,2026-03-31,37389998.93244336,1429804.0,1594431.0,12.0,0.1823252216989486,3.0,False,,,,,26.150436655963585,token,Derivatives;Dexs;DEX;Perpetuals
19843,APEX,2026-04-30,39996313.30809977,1430069.0,1526304.0,12.0,-0.23666197951797563,3.0,False,,,,,27.968100356066575,token,Derivatives;Dexs;DEX;Perpetuals
19843,APEX,2026-05-31,43501507.22700529,1429630.0,1483534.5,12.0,-0.357957089397578,3.0,False,,,,,30.4285075348204,token,Derivatives;Dexs;DEX;Perpetuals
21159,ONDO,2024-01-31,297550852.75745505,185665393.0,148287575.66666666,12.0,,,False,,,,,1.6026188184539865,token,Derivatives;RWA
21159,ONDO,2024-02-29,596578597.4942358,182668612.0,160341647.66666666,12.0,,,False,,,,,3.265906446446507,token,Derivatives;RWA
21159,ONDO,2024-03-31,1360152845.145827,221473998.0,173115270.58333334,12.0,,,False,,,,,6.1413658372023745,token,Derivatives;RWA
21159,ONDO,2024-04-30,1035056116.8610018,356690892.0,194068727.16666666,12.0,,,False,,,,,2.9018293992799844,token,Derivatives;RWA
21159,ONDO,2024-05-31,1726544923.5237014,466955794.0,224356473.08333334,12.0,,,False,,,,,3.697448336027503,token,Derivatives;RWA
21159,ONDO,2024-06-30,1668536105.6532545,548603580.0,259212636.75,12.0,2.0,1.0,True,,,,,3.0414240199694915,token,Derivatives;RWA
21159,ONDO,2024-07-31,1289286783.3039358,571921269.0,293344695.8333333,12.0,2.0,1.0,True,,,,,2.254308159509864,token,Derivatives;RWA
21159,ONDO,2024-08-31,876813012.2416924,596832229.0,329939839.9166667,12.0,2.0,1.0,True,,,,,1.4691113677135093,token,Derivatives;RWA
21159,ONDO,2024-09-30,1043083487.4760072,623025955.0,364990325.0,12.0,2.0,1.0,True,,,,,1.6742215618866267,token,Derivatives;RWA
21159,ONDO,2024-10-31,961231734.9471252,641380021.0,399475892.8333333,12.0,2.0,1.0,True,,,,,1.4986929799410218,token,Derivatives;RWA
21159,ONDO,2024-11-30,1710368440.4752293,642588574.0,436436693.4166667,12.0,2.0,1.0,True,,,,,2.6616851118725764,token,Derivatives;RWA
21159,ONDO,2024-12-31,1869012739.4495213,611746818.0,470796094.5833333,12.0,2.0,1.0,True,,,,,3.0552063115913444,token,Derivatives;RWA
21159,ONDO,2025-01-31,4695672952.538785,568321869.0,502684134.25,12.0,2.0,1.0,True,2.567017665631036,0.8101052996893108,244255429859.60983,0.01922443630112013,8.262347814982261,token,Derivatives;RWA
21159,ONDO,2025-02-28,3127858943.2693777,969217191.0,568229849.1666666,12.0,2.0,1.0,True,2.5357634654010677,0.8007290396203203,287293105718.80505,0.010887344252287223,3.2272012633640728,token,Derivatives;RWA
21159,ONDO,2025-03-31,2462270697.71865,987572757.0,632071412.4166666,12.0,2.0,1.0,True,2.5694226432279517,0.8108267929683856,306191579184.9338,0.008041601615149207,2.4932549832565396,token,Derivatives;RWA
21159,ONDO,2025-04-30,2869474163.222496,1020356568.0,687376885.4166666,12.0,2.0,1.0,True,2.515405764914587,0.7946217294743761,356702539778.22186,0.008044445562418978,2.8122268755979585,token,Derivatives;RWA
21159,ONDO,2025-05-31,2628829425.101037,1300596313.0,756846928.6666666,12.0,2.0,1.0,True,2.4650720814582865,0.779521624437486,419114233063.17694,0.006272345861145616,2.021249329115265,token,Derivatives;RWA
21159,ONDO,2025-06-30,2428702349.658111,1391199632.0,827063266.3333334,12.0,2.0,2.0,True,2.4708058664577752,0.7812417599373326,454601794327.49756,0.005342482981728974,1.7457612076611813,token,Derivatives;RWA
21159,ONDO,2025-07-31,2906866728.847251,1380429602.0,894438960.75,12.0,2.0,2.0,True,2.462521928487066,0.7787565785461198,496951493370.26215,0.005849397310657522,2.1057696275389284,token,Derivatives;RWA
21159,ONDO,2025-08-31,2833648088.8023767,1398350857.0,961232179.75,12.0,2.0,2.0,True,2.417499198282659,0.7652497594847977,566433219085.7759,0.0050026163602761315,2.026421391038899,token,Derivatives;RWA
21159,ONDO,2025-09-30,2791729930.0464816,1691923967.0,1050307014.0833334,12.0,2.0,2.0,True,2.413135283518424,0.7639405850555272,622485619028.7009,0.004484810322851432,1.650032734624937,token,Derivatives;RWA
21159,ONDO,2025-10-31,2171869589.4681826,1781086073.0,1145282518.4166667,12.0,2.0,2.0,True,2.4370058354491424,0.7711017506347427,657846373171.8484,0.0033014844772896964,1.2194074292041148,token,Derivatives;RWA
21159,ONDO,2025-11-30,1597118805.0040252,1821954308.0,1243562996.25,12.0,2.0,2.0,True,2.3640218818976564,0.7492065645692969,786547222591.7468,0.0020305440781309596,0.8765965194578443,token,Derivatives;RWA
21159,ONDO,2025-12-31,1132864127.2354448,1944663922.0,1354639421.5833333,12.0,2.0,2.0,True,2.3931483384517738,0.7579445015355322,824305898193.9181,0.0013743249074373823,0.5825500820061209,token,Derivatives;RWA
21159,ONDO,2026-01-31,1398344333.2220025,2675956178.0,1530275614.0,12.0,2.0,2.0,True,2.3777655173140593,0.7533296551942178,950358753223.2048,0.0014713857566728615,0.5225587566486682,token,Derivatives;RWA
21159,ONDO,2026-02-28,1272290012.1154678,2712733036.0,1675568601.0833333,12.0,2.0,2.0,True,2.2908831248000134,0.7272649374400041,1169333604956.5317,0.0010880470780301943,0.46900671582172887,token,Derivatives;RWA
21159,ONDO,2026-03-31,1325875781.365292,3044397769.0,1846970685.4166667,12.0,2.0,2.0,True,2.2873311902257325,0.7261993570677198,1295183274547.4153,0.0010236974236936482,0.43551332052145253,token,Derivatives;RWA
21159,ONDO,2026-04-30,1278085700.648995,3543014845.0,2057192208.5,12.0,2.0,2.0,True,2.235471010829605,0.7106413032488815,1548648283220.747,0.0008252911358226162,0.36073393890874167,token,Derivatives;RWA
21159,ONDO,2026-05-31,1768982702.0800838,3894986879.0,2273391422.3333335,12.0,2.0,2.0,True,2.1778694720645597,0.693360841619368,1853769655084.1409,0.0009542624118527776,0.4541691042959952,token,Derivatives;RWA
22461,HFT,2022-11-30,89925688.17251945,38904192.0,25445643.75,8.0,,,False,,,,,2.31146525733061,token,DEX Aggregator;NFT;DEX;Gaming;Interoperability
22461,HFT,2022-12-31,50940552.34313276,25029835.0,25399442.777777776,9.0,,,False,,,,,2.035193294048193,token,DEX Aggregator;NFT;DEX;Gaming;Interoperability
22461,HFT,2023-01-31,89725953.2884462,24916834.0,25351181.9,10.0,,,False,,,,,3.601017420128344,token,DEX Aggregator;NFT;DEX;Gaming;Interoperability
22461,HFT,2023-02-28,124804146.31703211,17173056.0,26188646.6,10.0,,,False,,,,,7.267439546987567,token,DEX Aggregator;NFT;DEX;Gaming;Interoperability
22461,HFT,2023-03-31,116169963.7326764,1784435.0,25455413.0,10.0,,,False,,,,,65.10181863316758,token,DEX Aggregator;NFT;DEX;Gaming;Interoperability
22461,HFT,2023-04-30,115352356.38331416,1598343.0,23286588.454545453,11.0,,,False,,,,,72.16996375828853,token,DEX Aggregator;NFT;DEX;Gaming;Interoperability
22461,HFT,2023-05-31,90825016.24397512,1193379.0,21445487.666666668,12.0,,,False,,,,,76.10743631652234,token,DEX Aggregator;NFT;DEX;Gaming;Interoperability
22461,HFT,2023-06-30,77387295.63208711,1114094.0,19495195.833333332,12.0,,,False,,,,,69.46208814703886,token,DEX Aggregator;NFT;DEX;Gaming;Interoperability
22461,HFT,2023-07-31,70760296.52574532,1111205.0,16990200.416666668,12.0,,,False,,,,,63.67888600730317,token,DEX Aggregator;NFT;DEX;Gaming;Interoperability
22461,HFT,2023-08-31,66437701.38743914,1060411.0,14603647.25,12.0,,,False,,,,,62.652784050183506,token,DEX Aggregator;NFT;DEX;Gaming;Interoperability
22461,HFT,2023-09-30,71115090.10578023,1037739.0,12101690.416666666,12.0,-0.45960200215837266,1.0,False,,,,,68.52887875061093,token,DEX Aggregator;NFT;DEX;Gaming;Interoperability
22461,HFT,2023-10-31,57111206.74479261,1031160.0,9662890.25,12.0,-0.5,1.0,True,,,,,55.385397750875335,token,DEX Aggregator;NFT;DEX;Gaming;Interoperability
22461,HFT,2023-11-30,80341320.39392453,1043416.0,6507825.583333333,12.0,-0.5,1.0,True,1.0245778181954277,0.3473733454586283,1405487.248763543,57.16261066374216,76.99835961296792,token,DEX Aggregator;NFT;DEX;Gaming;Interoperability
22461,HFT,2023-12-31,105642224.64588045,1062012.0,4510507.0,12.0,-0.5,1.0,True,1.0289595948707095,0.34868787846121285,975791.8718850247,108.26307093725005,99.47366380594612,token,DEX Aggregator;NFT;DEX;Gaming;Interoperability
22461,HFT,2024-01-31,104974635.07686332,1056983.0,2522186.0833333335,12.0,-0.5,1.0,True,1.0516302366656929,0.35548907099970783,550428.1902736034,190.71449633544964,99.3153485693368,token,DEX Aggregator;NFT;DEX;Gaming;Interoperability
22461,HFT,2024-02-29,152730701.3801389,1116021.0,1184099.8333333333,12.0,-0.5,1.0,True,1.0577087346667429,0.3573126204000228,259010.20796300014,589.6705870448034,136.8528919976765,token,DEX Aggregator;NFT;DEX;Gaming;Interoperability
22461,HFT,2024-03-31,175389455.7498824,1112157.0,1128076.6666666667,12.0,-0.5,1.0,True,1.0515595786916994,0.35546787360750975,246178.68541820138,712.447771227374,157.70206522090172,token,DEX Aggregator;NFT;DEX;Gaming;Interoperability
22461,HFT,2024-04-30,109165850.88714878,725115.0,1055307.6666666667,12.0,-0.5,1.0,True,1.140920172362292,0.38227605170868756,238006.73941391055,458.6670577310908,150.54970713217736,token,DEX Aggregator;NFT;DEX;Gaming;Interoperability
22461,HFT,2024-05-31,119328898.21135394,751006.0,1018443.25,12.0,-0.5,1.0,True,1.138688838796319,0.3816066516388957,229510.26346765106,519.928374480617,158.8920703847292,token,DEX Aggregator;NFT;DEX;Gaming;Interoperability
22461,HFT,2024-06-30,88492677.71705157,719205.0,985535.8333333334,12.0,-0.5,1.0,True,1.1710844761396613,0.39132534284189835,224639.5398251293,393.9318865500647,123.04235609742919,token,DEX Aggregator;NFT;DEX;Gaming;Interoperability
22461,HFT,2024-07-31,79325092.15891433,719034.0,952854.9166666666,12.0,-0.5,1.0,True,1.1763194520627358,0.3928958356188207,217584.78183177303,364.57095708212256,110.32175412972728,token,DEX Aggregator;NFT;DEX;Gaming;Interoperability
22461,HFT,2024-08-31,63811461.9247081,676649.0,920874.75,12.0,-0.5,1.0,True,1.17550298841275,0.39265089652382495,210222.70602527217,303.54219642209785,94.30511524395676,token,DEX Aggregator;NFT;DEX;Gaming;Interoperability
22461,HFT,2024-09-30,72674708.65395868,685837.0,891549.5833333334,12.0,-0.5,2.0,True,1.1735654707267518,0.3920696412180255,203391.64896978514,357.3141228859149,105.96498680292646,token,DEX Aggregator;NFT;DEX;Gaming;Interoperability
22461,HFT,2024-10-31,60116525.71547484,640612.0,859003.9166666666,12.0,-0.5,2.0,True,1.1555340313475817,0.3866602094042745,194737.33453738998,308.7057027779762,93.84233469787459,token,DEX Aggregator;NFT;DEX;Gaming;Interoperability
22461,HFT,2024-11-30,119754360.99637878,691495.0,829677.1666666666,12.0,-0.5,2.0,True,1.4766985387754814,0.4830095616326444,207887.733548479,576.0530405150254,173.18181765071154,token,DEX Aggregator;NFT;DEX;Gaming;Interoperability
22461,HFT,2024-12-31,98234556.3018308,678198.0,797692.6666666666,12.0,-0.5,2.0,True,1.483461953009178,0.48503858590275334,200245.62839602103,490.5702915399214,144.8464258252469,token,DEX Aggregator;NFT;DEX;Gaming;Interoperability
22461,HFT,2025-01-31,75446128.03036088,669225.0,765379.5,12.0,-0.5,2.0,True,1.4740544063499685,0.48221632190499053,191637.14476809482,393.6926117411123,112.73656547552898,token,DEX Aggregator;NFT;DEX;Gaming;Interoperability
22461,HFT,2025-02-28,47797601.57925847,619366.0,723991.5833333334,12.0,-0.5,2.0,True,1.481920828287948,0.48457624848638436,181667.51013090814,263.10484216366433,77.1718201826682,token,DEX Aggregator;NFT;DEX;Gaming;Interoperability
22461,HFT,2025-03-31,34294721.40366184,593544.0,680773.8333333334,12.0,-0.5,2.0,True,1.5025323902919496,0.49075971708758487,171785.48282550587,199.63690085789906,57.77957725739261,token,DEX Aggregator;NFT;DEX;Gaming;Interoperability
22461,HFT,2025-04-30,38397865.80359861,589033.0,669433.6666666666,12.0,-0.5,2.0,True,1.5032164304032847,0.4909649291209854,168955.17631183303,227.26658420177304,65.18797045937768,token,DEX Aggregator;NFT;DEX;Gaming;Interoperability
22461,HFT,2025-05-31,34219946.80333415,622010.0,658684.0,12.0,-0.5,2.0,True,1.492745611885806,0.4878236835657418,165770.32501240855,206.42987097221805,55.015107157978406,token,DEX Aggregator;NFT;DEX;Gaming;Interoperability
22461,HFT,2025-06-30,75238210.08440556,620317.0,650443.3333333334,12.0,-0.5,2.0,True,1.402088927658227,0.46062667829746806,159568.6723640448,471.5099083656899,121.28993737783352,token,DEX Aggregator;NFT;DEX;Gaming;Interoperability
22461,HFT,2025-07-31,40736803.67577764,681530.0,647318.0,12.0,-0.5,2.0,True,1.3938157776923878,0.4581447333077163,158418.61097397917,257.1465778251824,59.77257593323498,token,DEX Aggregator;NFT;DEX;Gaming;Interoperability
22461,HFT,2025-08-31,47683396.3713585,704628.0,649649.5833333334,12.0,-0.5,2.0,True,1.3269311212528934,0.438079336375868,155825.69813359933,306.0047023211568,67.67173085849342,token,DEX Aggregator;NFT;DEX;Gaming;Interoperability
22461,HFT,2025-09-30,44273480.39377627,697264.0,650601.8333333334,12.0,-0.5,3.0,True,1.3269215716908567,0.438076471507257,156053.64675463855,283.706797723138,63.49600781594384,token,DEX Aggregator;NFT;DEX;Gaming;Interoperability
22461,HFT,2025-10-31,27697513.11933203,674437.0,653420.5833333334,12.0,-0.5,3.0,True,1.3621412544515843,0.44864237633547527,158417.17655743193,174.83907819358643,41.067606194992315,token,DEX Aggregator;NFT;DEX;Gaming;Interoperability
22461,HFT,2025-11-30,22219114.87341799,634330.0,648656.8333333334,12.0,-0.5,3.0,True,1.3316528700090022,0.43949586100270066,155813.68892562034,142.60053161326903,35.02769043466017,token,DEX Aggregator;NFT;DEX;Gaming;Interoperability
22461,HFT,2025-12-31,18011787.04191086,631245.0,644744.0833333334,12.0,-0.5,3.0,True,1.2993990709979923,0.42981972129939766,153329.085617054,117.47143061229802,28.533750036690762,token,DEX Aggregator;NFT;DEX;Gaming;Interoperability
22461,HFT,2026-01-31,15714452.00930948,619444.0,640595.6666666666,12.0,-0.5,3.0,True,1.1335099140492113,0.38005297421476336,144094.18809967165,109.05680663844407,25.368640279524026,token,DEX Aggregator;NFT;DEX;Gaming;Interoperability
23121,BLUR,2023-02-28,305686665.6837246,143077410.0,,3.0,,,False,,,,,2.1365124353573677,other,NFT Lending;NFT Marketplace;NFT
23121,BLUR,2023-03-31,308832134.07969046,130216786.0,,4.0,,,False,,,,,2.3716768288205983,other,NFT Lending;NFT Marketplace;NFT
23121,BLUR,2023-04-30,323821620.7479992,114949736.0,,5.0,,,False,,,,,2.8170714611123526,other,NFT Lending;NFT Marketplace;NFT
23121,BLUR,2023-05-31,230702974.1075372,153475562.0,99837952.0,6.0,,,False,,,,,1.503190287112532,other,NFT Lending;NFT Marketplace;NFT
23121,BLUR,2023-06-30,251498663.93160188,161178258.0,108600852.85714285,7.0,,,False,,,,,1.5603758661518843,other,NFT Lending;NFT Marketplace;NFT
23121,BLUR,2023-07-31,244003169.26759028,130443124.0,111331136.75,8.0,,,False,,,,,1.8705713401006119,other,NFT Lending;NFT Marketplace;NFT
23121,BLUR,2023-08-31,182784485.2824792,97372034.0,109780125.33333333,9.0,,,False,,,,,1.8771764106568751,other,NFT Lending;NFT Marketplace;NFT
23121,BLUR,2023-09-30,171703648.64558583,88686514.0,107670764.2,10.0,,,False,,,,,1.936073940684892,other,NFT Lending;NFT Marketplace;NFT
23121,BLUR,2023-10-31,246165382.00348628,94869601.0,106507022.0909091,11.0,,,False,,,,,2.5947761918328958,other,NFT Lending;NFT Marketplace;NFT
23121,BLUR,2023-11-30,550584216.3924644,103115871.0,106224426.16666667,12.0,,,False,,,,,5.3394711313883425,other,NFT Lending;NFT Marketplace;NFT
23121,BLUR,2023-12-31,554045498.1050195,118593614.0,114270635.08333333,12.0,,,False,,,,,4.671798753894282,other,NFT Lending;NFT Marketplace;NFT
23121,BLUR,2024-01-31,774056618.2817616,137299837.0,122773195.58333333,12.0,,,False,,,,,5.637709666631007,other,NFT Lending;NFT Marketplace;NFT
23121,BLUR,2024-02-29,1043782498.868368,208841517.0,128253537.83333333,12.0,,,False,0.8193291030606505,0.28579873091819513,,,4.997964551599996,other,NFT Lending;NFT Marketplace;NFT
23121,BLUR,2024-03-31,904863034.7560892,146835186.0,129638404.5,12.0,,,False,0.7441581606067731,0.26324744818203194,,,6.162440075882692,other,NFT Lending;NFT Marketplace;NFT
23121,BLUR,2024-04-30,585385376.8171682,114727324.0,129619870.16666667,12.0,,,False,0.9169131930225297,0.3150739579067589,,,5.102405916982499,other,NFT Lending;NFT Marketplace;NFT
23121,BLUR,2024-05-31,689755495.6660036,183423697.0,132115548.08333333,12.0,0.3232998617933722,1.0,False,0.9213831757720087,0.3164149527316026,628868893.7699113,1.0968192297302104,3.760449205568044,other,NFT Lending;NFT Marketplace;NFT
23121,BLUR,2024-06-30,350005889.5135232,102275662.0,127206998.41666667,12.0,0.17132596172148817,1.0,False,1.0844327435602648,0.3653298230680794,262475031.685054,1.3334826069608716,3.4221816086951677,other,NFT Lending;NFT Marketplace;NFT
23121,BLUR,2024-07-31,326154278.0276514,85232429.0,123439440.5,12.0,0.10875936511085693,1.0,False,1.0847706602599105,0.36543119807797314,196560822.02375817,1.6593046094822974,3.826645349127049,other,NFT Lending;NFT Marketplace;NFT
23121,BLUR,2024-08-31,289677059.16740656,71997345.0,121324883.08333333,12.0,0.10516254845716211,1.0,False,1.0629881360595452,0.35889644081786354,191844550.68661436,1.50995719258456,4.02344085281765,other,NFT Lending;NFT Marketplace;NFT
23121,BLUR,2024-09-30,426644775.0787328,72878957.0,120007586.66666667,12.0,0.11457912979748941,1.0,False,1.0721989381176558,0.3616596814352967,196517897.4244752,2.1710224904207456,5.854155885885315,other,NFT Lending;NFT Marketplace;NFT
23121,BLUR,2024-10-31,429093444.7215175,74146351.0,118280649.16666667,12.0,0.11054320029442,1.0,False,1.0616007008421706,0.35848021025265114,191262727.78960848,2.2434765501908243,5.7871147930330045,other,NFT Lending;NFT Marketplace;NFT
23121,BLUR,2024-11-30,755306779.797847,108860543.0,118759371.83333333,12.0,0.11800436226409228,1.0,False,1.316692294408471,0.4350076883225412,182952293.43420038,4.128435701023319,6.9382970081074005,other,NFT Lending;NFT Marketplace;NFT
23121,BLUR,2024-12-31,506170742.0731039,146518515.0,121086446.91666667,12.0,0.05964622344456938,1.0,False,1.3671149730359309,0.45013449191077926,150958671.31270087,3.353041846960913,3.454653782650636,other,NFT Lending;NFT Marketplace;NFT
23121,BLUR,2025-01-31,405174511.5009134,112656440.0,119032830.5,12.0,-0.030465649000677275,1.0,False,1.3534478580792813,0.44603435742378433,111240432.06108598,3.642331335772033,3.5965499309308315,other,NFT Lending;NFT Marketplace;NFT
23121,BLUR,2025-02-28,293660543.80827904,68757688.0,107359178.08333333,12.0,-0.1255487195455266,1.0,False,1.3336393081487992,0.4400917924446397,75317084.08524722,3.898989815855072,4.27094849100044,other,NFT Lending;NFT Marketplace;NFT
23121,BLUR,2025-03-31,234319962.95447385,52197824.0,99472731.25,12.0,-0.23269087093709184,1.0,False,1.3455614857693785,0.44366844573081354,51484246.48806118,4.551294404373014,4.489075310006675,other,NFT Lending;NFT Marketplace;NFT
23121,BLUR,2025-04-30,246899675.3696117,50595388.0,94128403.25,12.0,-0.2738119307713497,1.0,False,1.3371078298110768,0.441132348943323,43363634.867125444,5.693703402082414,4.879885007890674,other,NFT Lending;NFT Marketplace;NFT
23121,BLUR,2025-05-31,209411184.88940707,61570074.0,83973934.66666667,12.0,-0.08288368448685834,2.0,False,1.3187340763133408,0.4356202228940022,66818973.72836864,3.1340078005493153,3.401184557442745,other,NFT Lending;NFT Marketplace;NFT
23121,BLUR,2025-06-30,171164537.0120085,60215206.0,80468896.66666667,12.0,-0.13920961876911708,2.0,False,1.3257202931610592,0.43771608794831773,54205197.98768014,3.157714451129043,2.8425467316678863,other,NFT Lending;NFT Marketplace;NFT
23121,BLUR,2025-07-31,211918539.12190703,100637168.0,81752624.91666667,12.0,-0.14307555631115543,2.0,False,1.3300289986467206,0.43900869959401617,54477552.711007975,3.8900157693589974,2.1057681106637163,other,NFT Lending;NFT Marketplace;NFT
23121,BLUR,2025-08-31,189010581.67410848,98504878.0,83961586.0,12.0,-0.12546246173213527,2.0,False,1.3134075556756288,0.4340222667026886,58816779.58521106,3.213548633690129,1.9187941299121092,other,NFT Lending;NFT Marketplace;NFT
23121,BLUR,2025-09-30,188407950.62767,92801116.0,85621765.91666667,12.0,-0.1082498467868458,2.0,False,1.3117261234293267,0.433517837028798,63111364.598624244,2.9853252552199936,2.0302336733501134,other,NFT Lending;NFT Marketplace;NFT
23121,BLUR,2025-10-31,119602547.88509452,43914784.0,83102468.66666667,12.0,-0.11668045193044929,2.0,False,1.3476741915297288,0.4443022574589186,59901042.76775732,1.996668878516961,2.723514429334197,other,NFT Lending;NFT Marketplace;NFT
23121,BLUR,2025-11-30,99043793.22142,31864012.0,76686091.08333333,12.0,-0.15033817950454587,2.0,False,1.2903654496395451,0.4271096348918635,49821115.71889992,1.9879882614480908,3.108327765550051,other,NFT Lending;NFT Marketplace;NFT
23121,BLUR,2025-12-31,74390374.93124571,29992915.0,66975624.416666664,12.0,-0.2344191438497254,2.0,False,1.3037599716179107,0.4311279914853732,34243787.96115227,2.1723757609887544,2.4802649202735285,other,NFT Lending;NFT Marketplace;NFT
23121,BLUR,2026-01-31,61683390.2190832,25281624.0,59694389.75,12.0,-0.3027075250195632,2.0,False,1.2906465896410702,0.427193976892321,25110351.163251184,2.456492536406914,2.4398507872391106,other,NFT Lending;NFT Marketplace;NFT
23121,BLUR,2026-02-28,55549395.58322226,17084368.0,55388279.75,12.0,-0.328328132540036,2.0,False,1.2400461109623009,0.41201383328869023,21407713.221964043,2.5948308914297904,3.2514750082193418,other,NFT Lending;NFT Marketplace;NFT
23121,BLUR,2026-03-31,47924479.42479824,17359780.0,52485109.416666664,12.0,-0.3637156891652258,2.0,False,1.334073869843419,0.44022216095302563,18787306.654716715,2.55089674670139,2.7606616803207324,other,NFT Lending;NFT Marketplace;NFT
23121,BLUR,2026-04-30,73581751.4790298,19442807.0,49889061.0,12.0,-0.3796070215559564,2.0,False,1.393518805939281,0.45805564178178426,17331220.996213607,4.245618441718872,3.7845230618721772,other,NFT Lending;NFT Marketplace;NFT
23121,BLUR,2026-05-31,60091394.83899133,16987339.0,46173833.083333336,12.0,-0.22666662244906155,3.0,False,1.375536450645326,0.4526609351935978,24426763.067518637,2.460063769926911,3.537422479117614,other,NFT Lending;NFT Marketplace;NFT
26997,ZRO,2026-05-31,392476657.755972,7544617897.0,,1.0,,,False,0.4541133848228152,0.17623401544684456,,,0.052020746857443144,token,Bridge;Interoperability
27075,MNT,2023-07-31,1672359653.3635151,15316816.0,,1.0,,,False,,,,,109.18454941049858,other,Canonical Bridge;Foundation;Layer-2
27075,MNT,2023-08-31,1443836611.5283988,38909271.0,,2.0,,,False,,,,,37.10777854276424,other,Canonical Bridge;Foundation;Layer-2
27075,MNT,2023-09-30,1287843447.4387736,37953606.0,,3.0,,,False,,,,,33.93204449239352,other,Canonical Bridge;Foundation;Layer-2
27075,MNT,2023-10-31,1177022842.6082294,52807799.0,,4.0,,,False,,,,,22.28880704928129,other,Canonical Bridge;Foundation;Layer-2
27075,MNT,2023-11-30,1683532089.4290502,77001359.0,,5.0,,,False,,,,,21.863667229938763,other,Canonical Bridge;Foundation;Layer-2
27075,MNT,2023-12-31,2012917586.2776551,122930340.0,57486531.833333336,6.0,,,False,,,,,16.37445716230554,other,Canonical Bridge;Foundation;Layer-2
27075,MNT,2024-01-31,1853422717.0078635,140000344.0,69274219.28571428,7.0,,,False,,,,,13.238701163533309,other,Canonical Bridge;Foundation;Layer-2
27075,MNT,2024-02-29,2902827851.73361,228421740.0,89167659.375,8.0,,,False,,,,,12.70819428892193,other,Canonical Bridge;Foundation;Layer-2
27075,MNT,2024-03-31,4257360930.08913,270205113.0,109282932.0,9.0,,,False,,,,,15.756033935927519,other,Canonical Bridge;Foundation;Layer-2
27075,MNT,2024-04-30,3124454910.4077263,300176689.0,128372307.7,10.0,,,False,,,,,10.408719347316561,other,Canonical Bridge;Foundation;Layer-2
27075,MNT,2024-05-31,3245575240.8204894,363631549.0,149759511.45454547,11.0,,,False,,,,,8.925450087446865,other,Canonical Bridge;Foundation;Layer-2
27075,MNT,2024-06-30,2579989220.712367,358172718.0,167127278.66666666,12.0,,,False,,,,,7.203198599599557,other,Canonical Bridge;Foundation;Layer-2
27075,MNT,2024-07-31,2360883649.5961924,599727721.0,215828187.41666666,12.0,,,False,1.3328962537997475,0.4398688761399242,,,3.9365925017766394,other,Canonical Bridge;Foundation;Layer-2
27075,MNT,2024-08-31,1974763078.79712,471290004.0,251859915.16666666,12.0,,,False,1.3330847022892307,0.43992541068676916,,,4.190122985925074,other,Canonical Bridge;Foundation;Layer-2
27075,MNT,2024-09-30,2039891711.405604,462095446.0,287205068.5,12.0,,,False,1.324802878343237,0.43744086350297107,,,4.414438032366162,other,Canonical Bridge;Foundation;Layer-2
27075,MNT,2024-10-31,2013120684.491638,517260199.0,325909435.1666667,12.0,,,False,1.301060899924015,0.43031826997720446,,,3.8918917179081816,other,Canonical Bridge;Foundation;Layer-2
27075,MNT,2024-11-30,3048539206.986331,522864881.0,363064728.6666667,12.0,,,False,1.3755345095315283,0.4526603528594585,,,5.830453177799736,other,Canonical Bridge;Foundation;Layer-2
27075,MNT,2024-12-31,4200463573.208404,457269777.0,390926348.4166667,12.0,2.0,1.0,True,1.2390950400640692,0.4117285120192207,1431813121019.1716,0.0029336674678735264,9.185963701266887,other,Canonical Bridge;Foundation;Layer-2
27075,MNT,2025-01-31,4143545430.0784097,456562034.0,417306489.25,12.0,2.0,1.0,True,1.2310370898968324,0.4093111269690497,1551440515983.1853,0.002670772992835336,9.075536556941152,other,Canonical Bridge;Foundation;Layer-2
27075,MNT,2025-02-28,2406392706.0209208,277845099.0,421425102.5,12.0,2.0,1.0,True,1.3305743961579364,0.4391723188473809,1306718239582.4626,0.0018415543864986827,8.660914713564628,other,Canonical Bridge;Foundation;Layer-2
27075,MNT,2025-03-31,2667085174.65128,241037053.0,418994430.8333333,12.0,2.0,1.0,True,1.2960841543767387,0.4288252463130216,1382481246734.5479,0.0019292017023384554,11.06504224747255,other,Canonical Bridge;Foundation;Layer-2
27075,MNT,2025-04-30,2494784565.08182,238209843.0,413830527.0,12.0,2.0,1.0,True,1.2604006295478374,0.4181201888643512,1457309450322.9385,0.0017119113339510547,10.473054067215099,other,Canonical Bridge;Foundation;Layer-2
27075,MNT,2025-05-31,2283064398.126486,218772409.0,401758932.0,12.0,1.6826939277372084,1.0,False,1.2420190036083647,0.4126057010825094,501494448453.3274,0.004552521777993249,10.435796765059555,other,Canonical Bridge;Foundation;Layer-2
27075,MNT,2025-06-30,1985065230.909457,212494006.0,389619039.3333333,12.0,1.3312713665997267,1.0,False,1.2502634168531783,0.41507902505595345,127869557653.15591,0.015524142472549362,9.341746942779444,other,Canonical Bridge;Foundation;Layer-2
27075,MNT,2025-07-31,2491228086.181064,235804019.0,359292064.1666667,12.0,0.6647133466076707,1.0,False,1.2528640095245884,0.4158592028573765,6253773591.755098,0.39835597653638594,10.56482453838526,other,Canonical Bridge;Foundation;Layer-2
27075,MNT,2025-08-31,3801866217.381321,225536596.0,338812613.5,12.0,0.3452423077161484,1.0,False,1.0748851960899934,0.362465558826998,1551245274.9644349,2.4508478953906794,16.856981460256325,other,Canonical Bridge;Foundation;Layer-2
27075,MNT,2025-09-30,5740082439.606649,242296736.0,320496054.3333333,12.0,0.115913643193011,1.0,False,1.065011798823755,0.3595035396471265,529086935.9427767,10.849034534142168,23.690300308488883,other,Canonical Bridge;Foundation;Layer-2
27075,MNT,2025-10-31,4742183725.141044,195074451.0,293647242.0,12.0,-0.09899128311571626,1.0,False,1.0924318608925543,0.36772955826776627,219921852.12736598,21.563040140252394,24.3096094892562,other,Canonical Bridge;Foundation;Layer-2
27075,MNT,2025-11-30,3477135382.726266,172300050.0,264433506.08333334,12.0,-0.2716629151654323,1.0,False,1.1283370409231444,0.3785011122769433,117162439.08949733,29.677901977357887,20.180698628504555,other,Canonical Bridge;Foundation;Layer-2
27075,MNT,2025-12-31,3129020812.3419704,169345356.0,240439804.33333334,12.0,1.0451262765272178,2.0,False,1.1368387964127813,0.38105163892383437,28799350237.594788,0.1086490072354943,18.477157486042724,other,Canonical Bridge;Foundation;Layer-2
27075,MNT,2026-01-31,2378081539.7685,142712086.0,214285642.0,12.0,0.7587767515886534,2.0,False,1.1673694569419069,0.39021083708257204,6545598489.855444,0.36331002328574213,16.66349085366533,other,Canonical Bridge;Foundation;Layer-2
27075,MNT,2026-02-28,2075902830.053637,516760940.0,234195295.41666666,12.0,0.8386677695420734,2.0,False,1.1538193977444993,0.38614581932334974,10645887214.551926,0.19499575640967465,4.017143459127613,other,Canonical Bridge;Foundation;Layer-2
27075,MNT,2026-03-31,2282448089.926409,648015213.0,268110142.08333334,12.0,0.5663198515505208,2.0,False,1.1506369839407917,0.3851910951822375,3309698678.5817714,0.6896241354830687,3.522213744581346,other,Canonical Bridge;Foundation;Layer-2
27075,MNT,2026-04-30,2072908804.614697,198546343.0,264804850.41666666,12.0,0.43624091211380134,2.0,False,1.1206696369326614,0.37620089107979837,1797454682.254129,1.1532467689339072,10.440428029513981,other,Canonical Bridge;Foundation;Layer-2
27075,MNT,2026-05-31,2199605920.9257503,230220629.0,265758868.75,12.0,0.3321302056503159,2.0,False,1.10802832648021,0.37240849794406294,1111119687.2725868,1.9796300489689094,9.5543389420839,other,Canonical Bridge;Foundation;Layer-2
28412,MUBI,2023-12-31,192266230.55219632,4334176.0,,1.0,,,False,,,,,44.36050371563045,other,Bridge;Interoperability
28412,MUBI,2024-01-31,124444378.62976594,14563.0,,2.0,,,False,,,,,8545.243331028356,other,Bridge;Interoperability
28412,MUBI,2024-02-29,132749236.73433805,1364005.0,,3.0,,,False,,,,,97.32313058554628,other,Bridge;Interoperability
28412,MUBI,2024-03-31,125385282.20942712,64565605.0,,4.0,,,False,,,,,1.9419826114759882,other,Bridge;Interoperability
28412,MUBI,2024-04-30,108292233.78884064,41138311.0,,5.0,,,False,,,,,2.632393774961754,other,Bridge;Interoperability
28412,MUBI,2024-05-31,76601769.66234306,34104371.0,24253505.166666668,6.0,,,False,,,,,2.2460982981431634,other,Bridge;Interoperability
28412,MUBI,2024-06-30,41951734.04317709,21591843.0,23873267.714285713,7.0,,,False,,,,,1.9429436404839129,other,Bridge;Interoperability
28412,MUBI,2024-07-31,28804118.75985372,16333565.0,22930804.875,8.0,,,False,,,,,1.763492462291834,other,Bridge;Interoperability
28412,MUBI,2024-08-31,21045188.11346411,14119571.0,21951778.888888888,9.0,,,False,,,,,1.4904977009191078,other,Bridge;Interoperability
28412,MUBI,2024-09-30,30914426.40516173,341641.0,19790765.1,10.0,,,False,,,,,90.48804565365904,other,Bridge;Interoperability
28412,MUBI,2024-10-31,23152471.50934382,261621.0,18015388.363636363,11.0,,,False,,,,,88.49622740278426,other,Bridge;Interoperability
28412,MUBI,2024-11-30,41009951.25815171,282732.0,16537667.0,12.0,,,False,,,,,145.04884929244554,other,Bridge;Interoperability
28412,MUBI,2024-12-31,19942580.54316118,210554.0,16194031.833333334,12.0,,,False,1.4780097112112092,0.4834029133633627,,,94.71480258347587,other,Bridge;Interoperability
28480,BLAST,2024-06-30,376946511.6272071,1430009999.0,,5.0,,,False,,,,,0.263597116027723,token,Canonical Bridge;Farm;Layer-2;Modular Blockchain
28480,BLAST,2024-07-31,257935663.0597225,1150084312.0,1264147101.8333333,6.0,,,False,,,,,0.22427543821650053,token,Canonical Bridge;Farm;Layer-2;Modular Blockchain
28480,BLAST,2024-08-31,184848842.5509346,795766258.0,1197235552.7142856,7.0,,,False,,,,,0.2322903750851605,token,Canonical Bridge;Farm;Layer-2;Modular Blockchain
28480,BLAST,2024-09-30,205974030.35186583,762198437.0,1142855913.25,8.0,,,False,,,,,0.27023675246905005,token,Canonical Bridge;Farm;Layer-2;Modular Blockchain
28480,BLAST,2024-10-31,170115425.139814,613760144.0,1084067494.4444444,9.0,,,False,,,,,0.27716922775587394,token,Canonical Bridge;Farm;Layer-2;Modular Blockchain
28480,BLAST,2024-11-30,287239552.35889614,615781629.0,1037238907.9,10.0,,,False,,,,,0.4664633351036462,token,Canonical Bridge;Farm;Layer-2;Modular Blockchain
28480,BLAST,2024-12-31,207906170.86188132,455092097.0,984316470.5454545,11.0,,,False,,,,,0.4568441689768155,token,Canonical Bridge;Farm;Layer-2;Modular Blockchain
28480,BLAST,2025-01-31,146864289.49324623,327619366.0,929591711.8333334,12.0,,,False,,,,,0.44827719217686973,token,Canonical Bridge;Farm;Layer-2;Modular Blockchain
28480,BLAST,2025-02-28,108565336.30312608,173750141.0,943986910.6666666,12.0,,,False,,,,,0.6248359608705358,token,Canonical Bridge;Farm;Layer-2;Modular Blockchain
28480,BLAST,2025-03-31,83123248.08881612,114160514.0,845515555.4166666,12.0,,,False,,,,,0.7281260847232706,token,Canonical Bridge;Farm;Layer-2;Modular Blockchain
28480,BLAST,2025-04-30,99958321.46813378,108411186.0,728736722.0,12.0,,,False,,,,,0.9220295908222402,token,Canonical Bridge;Farm;Layer-2;Modular Blockchain
28480,BLAST,2025-05-31,81833682.88156302,115081336.0,555142951.5833334,12.0,,,False,,,,,0.7110943070869722,token,Canonical Bridge;Farm;Layer-2;Modular Blockchain
28480,BLAST,2025-06-30,82370503.38610207,99841105.0,444295543.75,12.0,,,False,1.8420374964586375,0.5926112489375912,,,0.8250159429435608,token,Canonical Bridge;Farm;Layer-2;Modular Blockchain
28480,BLAST,2025-07-31,126936818.85809396,96172914.0,356469593.9166667,12.0,-0.5,1.0,True,1.903859181135246,0.6111577543405738,98873773.2364916,1.2838269917592773,1.319881176295583,token,Canonical Bridge;Farm;Layer-2;Modular Blockchain
28480,BLAST,2025-08-31,111815908.5535356,73044996.0,296242822.0833333,12.0,-0.5,1.0,True,1.808254640049725,0.5824763920149175,80523580.81870271,1.3886107326161632,1.5307812263215894,token,Canonical Bridge;Farm;Layer-2;Modular Blockchain
28480,BLAST,2025-09-30,92858921.93810414,69756399.0,238539318.91666666,12.0,-0.5,1.0,True,1.7956183803792338,0.5786855141137701,64659392.3705167,1.436124258730984,1.3311885829729275,token,Canonical Bridge;Farm;Layer-2;Modular Blockchain
28480,BLAST,2025-10-31,65539102.82653449,60872111.0,192465316.16666666,12.0,-0.5,1.0,True,1.8131735669280957,0.5839520700784288,52371314.75372226,1.2514313061402824,1.0766688020156634,token,Canonical Bridge;Farm;Layer-2;Modular Blockchain
28480,BLAST,2025-11-30,46403945.99986966,52239900.0,145503505.41666666,12.0,-0.5,1.0,True,1.6669927724179976,0.5400978317253993,38289846.84494886,1.2119125518516196,0.8882855059039099,token,Canonical Bridge;Farm;Layer-2;Modular Blockchain
28480,BLAST,2025-12-31,36538227.51919473,53668841.0,112051567.41666667,12.0,-0.5,1.0,True,1.663652681856469,0.5390958045569407,29463114.53219203,1.2401345919920408,0.6808089542905301,token,Canonical Bridge;Farm;Layer-2;Modular Blockchain
28480,BLAST,2026-01-31,33036029.26740512,48116631.0,88759672.83333333,12.0,-0.5,1.0,True,1.5649956092762807,0.5094986827828842,22770619.54763216,1.4508182001064798,0.686582343377389,token,Canonical Bridge;Farm;Layer-2;Modular Blockchain
28480,BLAST,2026-02-28,29874076.05495691,33142527.0,77042371.66666667,12.0,-0.5,1.0,True,1.4214254425443378,0.4664276327633013,19006235.824563157,1.5718039242861779,0.9013819632690322,token,Canonical Bridge;Farm;Layer-2;Modular Blockchain
28480,BLAST,2026-03-31,26879122.95026148,33541104.0,70324087.5,12.0,-0.5,1.0,True,1.4178402779645771,0.4653520833893731,17330973.946740672,1.550929741909656,0.8013785995315325,token,Canonical Bridge;Farm;Layer-2;Modular Blockchain
28480,BLAST,2026-04-30,29981886.72126727,32357985.0,63986320.75,12.0,-0.5,1.0,True,1.4390507304667524,0.4717152191400257,15864886.001833169,1.8898267984908874,0.9265684102785533,token,Canonical Bridge;Farm;Layer-2;Modular Blockchain
28480,BLAST,2026-05-31,27634597.39017253,30513777.0,56939024.166666664,12.0,-0.5,1.0,True,1.421512758909813,0.4664538276729439,14047122.714968069,1.9672781359506581,0.9056432899202393,token,Canonical Bridge;Farm;Layer-2;Modular Blockchain
28933,XAI,2024-02-29,358982997.77261835,13494.0,,1.0,,,False,,,,,26603.156793583694,other,Canonical Bridge;Cross Chain Bridge;Gaming
28933,XAI,2024-03-31,340066391.36911243,931142.0,,2.0,,,False,,,,,365.21431894288133,other,Canonical Bridge;Cross Chain Bridge;Gaming
28933,XAI,2024-04-30,187496575.5596425,561675.0,,3.0,,,False,,,,,333.81684347646325,other,Canonical Bridge;Cross Chain Bridge;Gaming
28933,XAI,2024-05-31,227764838.3880573,595314.0,,4.0,,,False,,,,,382.59613983218486,other,Canonical Bridge;Cross Chain Bridge;Gaming
28933,XAI,2024-06-30,118667418.06314258,1315404.0,,5.0,,,False,,,,,90.21366672379176,other,Canonical Bridge;Cross Chain Bridge;Gaming
28933,XAI,2024-07-31,81556992.59378365,988173.0,734200.3333333334,6.0,,,False,,,,,82.53311170592967,other,Canonical Bridge;Cross Chain Bridge;Gaming
28933,XAI,2024-08-31,113557738.54849838,697845.0,729006.7142857143,7.0,,,False,,,,,162.72630533785923,other,Canonical Bridge;Cross Chain Bridge;Gaming
28933,XAI,2024-09-30,153426802.8770717,955166.0,757276.625,8.0,,,False,,,,,160.62841734009766,other,Canonical Bridge;Cross Chain Bridge;Gaming
28933,XAI,2024-10-31,134474383.29304308,1216350.0,808284.7777777778,9.0,,,False,,,,,110.55566514000336,other,Canonical Bridge;Cross Chain Bridge;Gaming
28933,XAI,2024-11-30,309823209.13645345,1959417.0,923398.0,10.0,,,False,,,,,158.12009854791168,other,Canonical Bridge;Cross Chain Bridge;Gaming
28933,XAI,2024-12-31,224408841.17465487,1279595.0,955779.5454545454,11.0,,,False,,,,,175.37489688116543,other,Canonical Bridge;Cross Chain Bridge;Gaming
28933,XAI,2025-01-31,166859142.7630323,932416.0,953832.5833333334,12.0,,,False,2.656004751182901,0.8368014253548703,,,178.95353872416635,other,Canonical Bridge;Cross Chain Bridge;Gaming
28933,XAI,2025-02-28,93993308.53809366,547172.0,998305.75,12.0,,,False,2.49396615272397,0.788189845817191,,,171.78018710404345,other,Canonical Bridge;Cross Chain Bridge;Gaming
28933,XAI,2025-03-31,66241703.93542385,406651.0,954598.1666666666,12.0,,,False,2.4902826633826707,0.7870847990148012,,,162.895711397301,other,Canonical Bridge;Cross Chain Bridge;Gaming
28933,XAI,2025-04-30,86306612.01300596,306646.0,933345.75,12.0,,,False,2.4651028138360234,0.779530844150807,,,281.4535719135614,other,Canonical Bridge;Cross Chain Bridge;Gaming
28933,XAI,2025-05-31,103767505.97842516,276217.0,906754.3333333334,12.0,,,False,2.466919032136518,0.7800757096409555,,,375.6738577945064,other,Canonical Bridge;Cross Chain Bridge;Gaming
28933,XAI,2025-06-30,85767451.75738116,251627.0,818106.25,12.0,,,False,2.4682397825326796,0.7804719347598039,,,340.85154517353527,other,Canonical Bridge;Cross Chain Bridge;Gaming
28933,XAI,2025-07-31,84280397.50030147,259771.0,757406.0833333334,12.0,0.031606836644494374,1.0,False,2.459862794980696,0.7779588384942089,817009.2734872156,103.15721037115041,324.44113276809753,other,Canonical Bridge;Cross Chain Bridge;Gaming
28933,XAI,2025-08-31,81841164.62389661,242432.0,719455.0,12.0,-0.013102368055791014,1.0,False,2.350318649677674,0.7450955949033022,700682.3527558956,116.80209199218768,337.5840013855292,other,Canonical Bridge;Cross Chain Bridge;Gaming
28933,XAI,2025-09-30,70358591.71174702,207420.0,657142.8333333334,12.0,-0.13222881620922422,1.0,False,2.3450573448670613,0.7435172034601184,486227.1488105249,144.70313285440312,339.20832953305865,other,Canonical Bridge;Cross Chain Bridge;Gaming
28933,XAI,2025-10-31,33709634.21223936,137223.0,567215.5833333334,12.0,-0.2982478466404098,1.0,False,2.364079888011505,0.7492239664034516,285809.6654385856,117.94434649545762,245.65586098714766,other,Canonical Bridge;Cross Chain Bridge;Gaming
28933,XAI,2025-11-30,35464717.39882315,119562.0,413894.3333333333,12.0,-0.5,1.0,True,2.165711713631956,0.6897135140895868,120611.01965155838,294.04209914881454,296.6219818907609,other,Canonical Bridge;Cross Chain Bridge;Gaming
28933,XAI,2025-12-31,30403472.78818856,102997.0,315844.5,12.0,-0.5,1.0,True,2.1472299735098006,0.6841689920529402,91742.65850800432,331.3995177667098,295.1879451652821,other,Canonical Bridge;Cross Chain Bridge;Gaming
28933,XAI,2026-01-31,23525922.18261937,49895.0,242301.08333333334,12.0,-0.5,1.0,True,2.104429293640571,0.6713287880921713,69847.3468280188,336.81912414720534,471.5086117370352,other,Canonical Bridge;Cross Chain Bridge;Gaming
28933,XAI,2026-02-28,19091898.37699896,46678.0,200593.25,12.0,-0.5,1.0,True,2.0084759940586188,0.6425427982175856,56803.25459437075,336.10571283869683,409.0127764042796,other,Canonical Bridge;Cross Chain Bridge;Gaming
28933,XAI,2026-03-31,18356109.21144837,43809.0,170356.41666666666,12.0,-0.5,1.0,True,2.003833231458158,0.6411499694374475,48197.98386306977,380.84807164544446,419.0031548642601,other,Canonical Bridge;Cross Chain Bridge;Gaming
28933,XAI,2026-04-30,21072170.20445197,50484.0,149009.58333333334,12.0,-0.5,1.0,True,2.01229966771238,0.6436899003137141,42226.83950623717,499.02314383105744,417.40294359503946,other,Canonical Bridge;Cross Chain Bridge;Gaming
28933,XAI,2026-05-31,20703883.53968829,46889.0,129898.91666666667,12.0,-0.5,1.0,True,1.9870249843105452,0.6361074952931636,36632.52447231821,565.1776348455978,441.5509722896263,other,Canonical Bridge;Cross Chain Bridge;Gaming
29270,AERO,2024-04-30,435103767.0379222,694617027.0,206974189.2222222,9.0,,,False,,,,,0.6263937538604596,token,Dexs;Launchpad
29270,AERO,2024-05-31,559826383.8676038,669782419.0,253255012.2,10.0,,,False,,,,,0.8358332019276304,token,Dexs;Launchpad
29270,AERO,2024-06-30,361801432.79788834,552774076.0,280484018.0,11.0,,,False,,,,,0.654519537920386,token,Dexs;Launchpad
29270,AERO,2024-07-31,446852077.3720924,601024620.0,307195734.8333333,12.0,,,False,,,,,0.7434838149759863,token,Dexs;Launchpad
29270,AERO,2024-08-31,348133158.9742596,571098149.0,352787013.9166667,12.0,,,False,,,,,0.6095855144756556,token,Dexs;Launchpad
29270,AERO,2024-09-30,718688446.066328,853314542.0,415068820.0,12.0,,,False,,,,,0.8422315695943314,token,Dexs;Launchpad
29270,AERO,2024-10-31,784737059.6410352,941348119.0,488756095.75,12.0,,,False,,,,,0.8336310911999976,token,Dexs;Launchpad
29270,AERO,2024-11-30,1067401660.6124904,1156145896.0,579912098.1666666,12.0,,,False,,,,,0.9232413178176351,token,Dexs;Launchpad
29270,AERO,2024-12-31,955543742.911691,1071388715.0,659015828.3333334,12.0,,,False,,,,,0.8918740038359383,token,Dexs;Launchpad
29270,AERO,2025-01-31,869698403.4157788,772702979.0,713721539.5,12.0,2.0,1.0,True,,,,,1.1255274368701234,token,Dexs;Launchpad
29270,AERO,2025-02-28,475526831.80489135,543391700.0,746448345.3333334,12.0,2.0,1.0,True,,,,,0.8751087508419642,token,Dexs;Launchpad
29270,AERO,2025-03-31,350789678.4205188,494946912.0,743544596.1666666,12.0,2.0,1.0,True,,,,,0.7087420285198563,token,Dexs;Launchpad
29270,AERO,2025-04-30,486205083.1176304,479204712.0,725593569.9166666,12.0,2.0,1.0,True,1.9130066564338812,0.6139019969301643,868149598293.6279,0.0005600475817454502,1.0146083102739407,token,Dexs;Launchpad
29270,AERO,2025-05-31,424975246.1008146,500516304.0,711488060.3333334,12.0,1.809374054052121,1.0,False,1.8157565709933545,0.5847269712980063,533813069001.64087,0.0007961124797780255,0.8490737318735068,token,Dexs;Launchpad
29270,AERO,2025-06-30,680245542.304368,520070994.0,708762803.5,12.0,1.5269275895070784,1.0,False,1.7329461553969359,0.5598838466190807,226666094720.2846,0.003001090847503326,1.307985929137144,token,Dexs;Launchpad
29270,AERO,2025-07-31,687042294.398373,560106189.0,705352934.25,12.0,1.2961026286145665,1.0,False,1.707844814413668,0.5523534443241004,98799789611.66698,0.00695388418435703,1.226628642731125,token,Dexs;Launchpad
29270,AERO,2025-08-31,1019976139.299482,621559883.0,709558078.75,12.0,1.0112930770110706,1.0,False,1.413241979730679,0.46397259391920365,47543078682.54857,0.021453725075525665,1.6409941619405994,token,Dexs;Launchpad
29270,AERO,2025-09-30,909822071.0246798,575078296.0,686371724.9166666,12.0,0.653633546640932,1.0,False,1.3993901207856603,0.45981703623569803,9521840470.646284,0.0955510726974957,1.5820838264163595,token,Dexs;Launchpad
29270,AERO,2025-10-31,963281986.9037431,543237959.0,653195878.25,12.0,0.3364454866750375,1.0,False,1.3584391760154424,0.4475317528046327,2316083395.9567575,0.4159098884717915,1.7732228960527097,token,Dexs;Launchpad
29270,AERO,2025-11-30,599743557.3070589,436778881.0,593248627.0,12.0,0.022997500613447297,1.0,False,1.473397611362003,0.4820192834086009,650373085.759302,0.9221531001807466,1.3731056683279954,token,Dexs;Launchpad
29270,AERO,2025-12-31,366714985.120387,452220634.0,541651286.9166666,12.0,-0.17809062600739722,1.0,False,1.5408132327019815,0.5022439698105944,335011282.269084,1.0946347318113256,0.8109205054990636,token,Dexs;Launchpad
29270,AERO,2026-01-31,355920751.3698966,428612166.0,512977052.5,12.0,1.5121943126368098,2.0,False,1.4800322499469334,0.48400967498408,229943506208.36996,0.0015478617215107118,0.8304028200867648,token,Dexs;Launchpad
29270,AERO,2026-02-28,330057120.9565035,351240764.0,496964474.5,12.0,1.4726743930258408,2.0,False,1.4034185108939736,0.46102555326819206,217874367218.72775,0.0015148965211917453,0.9396891101071159,token,Dexs;Launchpad
29270,AERO,2026-03-31,303196025.4345646,347557433.0,484682017.9166667,12.0,0.8218978144161737,2.0,False,1.3984433661287003,0.45953300983861006,14400449389.537233,0.021054622479688322,0.8723623684795847,token,Dexs;Launchpad
29270,AERO,2026-04-30,417143900.9199103,371713310.0,475724401.0833333,12.0,0.516071274177835,2.0,False,1.4654510226427817,0.4796353067928345,3347974534.7316303,0.12459590017561112,1.1222194355104216,token,Dexs;Launchpad
29270,AERO,2026-05-31,388883772.2639741,354536098.0,463559383.9166667,12.0,0.3529248190033252,2.0,False,1.4669687737145978,0.4800906321143793,1643467436.327344,0.2366239596039776,1.0968806123205375,token,Dexs;Launchpad
29587,W,2024-04-30,1092255692.9399931,2033442492.0,914407749.5833334,12.0,-0.27980292515145133,2.0,False,,,,,0.5371460944861544,token,Bridge;NFT;Interoperability
29587,W,2024-05-31,1060444383.6255018,1787797299.0,1032787160.5833334,12.0,-0.20580197274037126,2.0,False,,,,,0.5931569447043346,token,Bridge;NFT;Interoperability
29587,W,2024-06-30,656847450.9427062,1538877996.0,1130136278.8333333,12.0,-0.1412302463166215,2.0,False,,,,,0.42683529990684604,token,Bridge;NFT;Interoperability
29587,W,2024-07-31,448072106.9192014,2044184015.0,1268114334.4166667,12.0,-0.061977467929863805,2.0,False,,,,,0.21919362622508393,token,Bridge;NFT;Interoperability
29587,W,2024-08-31,539408578.0813855,2213566933.0,1425795057.6666667,12.0,0.023716674326389242,2.0,False,,,,,0.2436829761232187,token,Bridge;NFT;Interoperability
29587,W,2024-09-30,747071380.6827505,3529342509.0,1693086325.8333333,12.0,0.10548750389710992,2.0,False,,,,,0.21167437809667977,token,Bridge;NFT;Interoperability
29587,W,2024-10-31,603157483.9017067,3061695888.0,1914936476.6666667,12.0,0.17406207248594607,2.0,False,,,,,0.19700110852476238,token,Bridge;NFT;Interoperability
29587,W,2024-11-30,897638727.9414208,4659940308.0,2249802963.0,12.0,0.2875963212661423,2.0,False,,,,,0.19262880393561918,token,Bridge;NFT;Interoperability
29587,W,2024-12-31,798545473.1973118,4202971031.0,2516617864.8333335,12.0,0.3920109063236119,2.0,False,,,,,0.1899954739891025,token,Bridge;NFT;Interoperability
29587,W,2025-01-31,713718173.2021742,4182850112.0,2781465045.0,12.0,0.5269008649858999,2.0,False,,,,,0.17062963149327742,token,Bridge;NFT;Interoperability
29587,W,2025-02-28,405287115.5494021,2742539029.0,2880061171.1666665,12.0,0.422941411658023,3.0,False,,,,,0.14777806669798976,token,Bridge;NFT;Interoperability
29587,W,2025-03-31,240393575.1489936,2508372227.0,2875464986.5833335,12.0,0.25411599785657546,3.0,False,,,,,0.09583648413955813,token,Bridge;NFT;Interoperability
29587,W,2025-04-30,398408671.5339648,2887317589.0,2946621244.6666665,12.0,0.18675856464087692,3.0,False,1.750382618096473,0.5651147854289419,5154693169.649311,0.07729047266669216,0.13798574602662625,token,Bridge;NFT;Interoperability
29587,W,2025-05-31,360510704.2094806,2767069780.0,3028227284.75,12.0,0.2274724365734282,3.0,False,1.7094056371584516,0.5528216911475355,6103305680.72429,0.05906810555926443,0.13028609065633343,token,Bridge;NFT;Interoperability
29587,W,2025-06-30,332675234.62990063,2598881091.0,3116560876.0,12.0,0.2669693028906379,3.0,False,1.691475996894661,0.5474427990683983,7215145979.052699,0.046107900740433624,0.12800710112592859,token,Bridge;NFT;Interoperability
29587,W,2025-07-31,362449763.8230984,2984595555.0,3194928504.3333335,12.0,0.30389641475500717,3.0,False,1.7019991037252475,0.5505997311175743,8373344665.282079,0.04328613932803975,0.12144016069979653,token,Bridge;NFT;Interoperability
29587,W,2025-08-31,394529775.8443579,2766737097.0,3241026018.0,12.0,0.33555462487669563,3.0,False,1.5206704987520825,0.4962011496256247,10402236914.137936,0.03792739764541825,0.1425974937308465,token,Bridge;NFT;Interoperability
29587,W,2025-09-30,470579789.71334505,2809810692.0,3181065033.25,12.0,0.3192700617964388,3.0,False,1.526297870066788,0.49788936102003634,9559586883.683802,0.04922595457723445,0.16747740018683974,token,Bridge;NFT;Interoperability
29587,W,2025-10-31,317740329.69348323,2242830506.0,3112826251.4166665,12.0,0.3085617110759671,3.0,False,1.5775621328343614,0.5132686398503085,8760838348.994577,0.036268256191480594,0.14166934542912055,token,Bridge;NFT;Interoperability
29587,W,2025-11-30,213166237.91750216,1853331886.0,2878942216.25,12.0,0.2849393802771658,3.0,False,1.5325949872390983,0.4997784961717294,7575629465.223416,0.028138419242395667,0.11501784409352259,token,Bridge;NFT;Interoperability
29587,W,2025-12-31,170087681.56142756,1536089328.0,2656702074.3333335,12.0,0.26941497860612373,3.0,False,1.5367215937658443,0.5010164781297533,6588408202.540899,0.02581620269002628,0.11072772817377946,token,Bridge;NFT;Interoperability
29587,W,2026-01-31,123506638.91207466,1558394175.0,2437997412.9166665,12.0,0.2689965422455305,3.0,False,1.5351693158937678,0.5005507947681304,6040703603.626961,0.020445737287609803,0.07925250292473318,token,Bridge;NFT;Interoperability
29587,W,2026-02-28,103970905.4208913,1294853806.0,2317356977.6666665,12.0,0.30868784808980454,3.0,False,1.4432748495580683,0.47298245486742047,6981282411.110885,0.014892808985268811,0.08029547809885443,token,Bridge;NFT;Interoperability
29587,W,2026-03-31,80281878.78715982,1500715207.0,2233385559.3333335,12.0,0.46743659013705785,3.0,False,1.437421319363528,0.47122639580905834,13045152327.50258,0.006154154184762158,0.05349574550367025,token,Bridge;NFT;Interoperability
29587,W,2026-04-30,71723366.74180104,1838061774.0,2145947574.75,12.0,0.7435922665734671,3.0,False,1.3847551514802607,0.4554265454440782,45569784853.37347,0.0015739237517267202,0.039021194911048204,token,Bridge;NFT;Interoperability
29587,W,2026-05-31,70709162.10809033,2057178626.0,2086789978.5833333,12.0,0.7601243903986472,3.0,False,1.359451204497463,0.44783536134923885,49333379694.82068,0.0014332924795645778,0.0343719117117107,token,Bridge;NFT;Interoperability
29676,AEVO,2024-03-31,327474363.4061548,86235395.0,25261882.416666668,12.0,,,False,,,,,3.7974472478053216,token,Derivatives;Options;DEX;Layer-2;Perpetuals
29676,AEVO,2024-04-30,153953701.18285692,71987906.0,31036000.583333332,12.0,,,False,,,,,2.1386050760089748,token,Derivatives;Options;DEX;Layer-2;Perpetuals
29676,AEVO,2024-05-31,764871406.7478497,73698113.0,36941294.5,12.0,,,False,,,,,10.37843949610826,token,Derivatives;Options;DEX;Layer-2;Perpetuals
29676,AEVO,2024-06-30,439892580.7062101,66722576.0,42189831.166666664,12.0,,,False,,,,,6.592859674755514,token,Derivatives;Options;DEX;Layer-2;Perpetuals
29676,AEVO,2024-07-31,385991928.6500738,62084389.0,46958549.666666664,12.0,,,False,,,,,6.217213938435857,token,Derivatives;Options;DEX;Layer-2;Perpetuals
29676,AEVO,2024-08-31,281924566.1133324,50706757.0,50666912.916666664,12.0,,,False,,,,,5.55990133846131,token,Derivatives;Options;DEX;Layer-2;Perpetuals
29676,AEVO,2024-09-30,342828475.9239239,49414047.0,54207592.166666664,12.0,2.0,1.0,True,,,,,6.937874890593841,token,Derivatives;Options;DEX;Layer-2;Perpetuals
29676,AEVO,2024-10-31,281544623.6881395,50521458.0,57635195.25,12.0,2.0,1.0,True,,,,,5.572773131134487,token,Derivatives;Options;DEX;Layer-2;Perpetuals
29676,AEVO,2024-11-30,455486528.4704008,56130049.0,61144431.5,12.0,2.0,1.0,True,,,,,8.114842879798676,token,Derivatives;Options;DEX;Layer-2;Perpetuals
29676,AEVO,2024-12-31,325404426.1045411,42217154.0,61817753.75,12.0,2.0,1.0,True,,,,,7.707872162688681,token,Derivatives;Options;DEX;Layer-2;Perpetuals
29676,AEVO,2025-01-31,245051084.40671423,39745747.0,61148989.0,12.0,2.0,1.0,True,,,,,6.165466821059225,token,Derivatives;Options;DEX;Layer-2;Perpetuals
29676,AEVO,2025-02-28,143776680.2615933,41894147.0,57613144.833333336,12.0,2.0,1.0,True,,,,,3.431903751652786,token,Derivatives;Options;DEX;Layer-2;Perpetuals
29676,AEVO,2025-03-31,97969830.38229486,40270314.0,53782721.416666664,12.0,1.1290068780140952,1.0,False,1.899915405859832,0.6099746217579496,3044651932.1668277,0.03217767829131502,2.4328052267557405,token,Derivatives;Options;DEX;Layer-2;Perpetuals
29676,AEVO,2025-04-30,100899842.66644531,36986025.0,50865898.0,12.0,0.6389321125130902,1.0,False,1.8960078846970647,0.6088023654091195,413332664.97033775,0.2441129173124661,2.7280531678233957,token,Derivatives;Options;DEX;Layer-2;Perpetuals
29676,AEVO,2025-05-31,85380296.49851578,38700915.0,47949464.833333336,12.0,0.2979909199807098,1.0,False,1.8499308357309405,0.5949792507192821,116520826.81477265,0.7327470876450318,2.206157050770396,token,Derivatives;Options;DEX;Layer-2;Perpetuals
29676,AEVO,2025-06-30,75629373.01341502,38358129.0,45585760.916666664,12.0,0.0804916648418128,1.0,False,1.8364646085255196,0.5909393825576559,57416916.87299328,1.3171966927570815,1.9716648070455944,token,Derivatives;Options;DEX;Layer-2;Perpetuals
29676,AEVO,2025-07-31,85397480.15780687,41524908.0,43872470.833333336,12.0,-0.06571921099011213,1.0,False,1.865911048477731,0.5997733145433193,37330453.526332624,2.2876089650924847,2.0565362879986844,token,Derivatives;Options;DEX;Layer-2;Perpetuals
29676,AEVO,2025-08-31,81219784.65826605,36727462.0,42707529.583333336,12.0,-0.157092328605541,1.0,False,1.7498005825764598,0.5649401747729379,28527718.9803281,2.84704797864396,2.2114183838313153,token,Derivatives;Options;DEX;Layer-2;Perpetuals
29676,AEVO,2025-09-30,102045947.5946857,34613857.0,41474180.416666664,12.0,2.0,2.0,True,1.7726029390205682,0.5717808817061705,61507663730.351944,0.0016590769573374235,2.9481241456184932,token,Derivatives;Options;DEX;Layer-2;Perpetuals
29676,AEVO,2025-10-31,52323575.93513734,31687385.0,39904674.333333336,12.0,1.760523056867274,2.0,False,1.829489837203079,0.5888469511609237,24920801472.18668,0.0020995944289165028,1.651243103056227,token,Derivatives;Options;DEX;Layer-2;Perpetuals
29676,AEVO,2025-11-30,42034792.02336802,28637351.0,37613616.166666664,12.0,1.436811406264082,2.0,False,1.629006858987345,0.5287020576962035,10094370743.575205,0.004164181511771998,1.4678310163313648,token,Derivatives;Options;DEX;Layer-2;Perpetuals
29676,AEVO,2025-12-31,35353484.5918927,26744913.0,36324262.75,12.0,0.9633197009477659,2.0,False,1.6138373639726595,0.5241512091917978,1506981590.3894322,0.02345979859167138,1.3218769712166458,token,Derivatives;Options;DEX;Layer-2;Perpetuals
29676,AEVO,2026-01-31,26911157.0845593,22989521.0,34927910.583333336,12.0,0.6230896872862106,2.0,False,1.577262644131201,0.5131787932393603,351590409.7217834,0.07654121483533734,1.1705836361079163,token,Derivatives;Options;DEX;Layer-2;Perpetuals
29676,AEVO,2026-02-28,20981176.67255052,22346999.0,33298981.583333332,12.0,0.5847898852394997,2.0,False,1.4969713581790614,0.4890914074537184,306934696.6476494,0.06835713557869999,0.9388811747183826,token,Derivatives;Options;DEX;Layer-2;Perpetuals
29676,AEVO,2026-03-31,20270130.70131103,21523354.0,31736734.916666668,12.0,0.12085199078475783,2.0,False,1.4980817952894743,0.48942453858684226,47395141.089658044,0.42768372949804584,0.9417737914504881,token,Derivatives;Options;DEX;Layer-2;Perpetuals
29676,AEVO,2026-04-30,24668562.82103184,19618499.0,30289441.083333332,12.0,-0.012100526194520511,2.0,False,1.558215091681823,0.5074645275045468,29774813.958240204,0.8285043478568838,1.2574133638374596,token,Derivatives;Options;DEX;Layer-2;Perpetuals
29676,AEVO,2026-05-31,22644512.73987418,16163380.0,28411313.166666668,12.0,-0.12302018281125193,2.0,False,1.5408682777601515,0.5022604833280454,20413825.48934517,1.1092733574945715,1.4009763267258568,token,Derivatives;Options;DEX;Layer-2;Perpetuals
30171,ENA,2024-04-30,1160425466.829074,2355242501.0,,5.0,,,False,,,,,0.49269893284295563,token,Basis Trading;RWA
30171,ENA,2024-05-31,1336707112.8023536,2970024151.0,1266216464.5,6.0,,,False,,,,,0.450066075170563,token,Basis Trading;RWA
30171,ENA,2024-06-30,808396618.3481787,3599760275.0,1599579866.0,7.0,,,False,,,,,0.22456957035789799,token,Basis Trading;RWA
30171,ENA,2024-07-31,684491906.3214225,3207502025.0,1800570135.875,8.0,,,False,,,,,0.21340342141215715,token,Basis Trading;RWA
30171,ENA,2024-08-31,429315098.3304512,2839844045.0,1916045014.6666667,9.0,,,False,,,,,0.15117558976040574,token,Basis Trading;RWA
30171,ENA,2024-09-30,698649375.779003,2543481016.0,1978788614.8,10.0,,,False,,,,,0.274682363022993,token,Basis Trading;RWA
30171,ENA,2024-10-31,995163872.631732,2722913229.0,2046436307.0,11.0,,,False,,,,,0.36547762963317404,token,Basis Trading;RWA
30171,ENA,2024-11-30,2393061785.517293,4360673846.0,2239289435.25,12.0,,,False,,,,,0.5487825666467634,token,Basis Trading;RWA
30171,ENA,2024-12-31,2666473630.922821,5889368151.66005,2723006496.3883376,12.0,,,False,,,,,0.45276056144855126,token,Basis Trading;RWA
30171,ENA,2025-01-31,2315842708.58556,5945059913.63545,3207152424.1079583,12.0,,,False,,,,,0.38954068457308516,token,Basis Trading;RWA
30171,ENA,2025-02-28,1294126148.998482,5897597648.33472,3655324573.969185,12.0,,,False,,,,,0.21943276333269346,token,Basis Trading;RWA
30171,ENA,2025-03-31,1817206939.98726,5270592903.22774,3966838308.7381635,12.0,,,False,,,,,0.3447822613798141,token,Basis Trading;RWA
30171,ENA,2025-04-30,1774322984.0415025,4709054007.22774,4162989267.590475,12.0,,,False,3.227546314287244,1.0082638942861732,,,0.37678968670101565,token,Basis Trading;RWA
30171,ENA,2025-05-31,1778738751.048958,5410409844.15774,4366354742.020287,12.0,2.0,1.0,True,3.134163715795316,0.9802491147385948,1085876524606.288,0.001638067230244143,0.32876229385277955,token,Basis Trading;RWA
30171,ENA,2025-06-30,1621284139.597367,5458326742.2641,4521235280.9589615,12.0,1.826514247309838,1.0,False,3.1222911735957712,0.9766873520787314,682650957734.6562,0.002374982589898532,0.2970295140163893,token,Basis Trading;RWA
30171,ENA,2025-07-31,3622321545.840431,8400434060.91986,4953979617.285617,12.0,1.7513394333168781,1.0,False,3.254092174226387,1.0162276522679161,521220723020.7022,0.006949688271885071,0.4312064733288058,token,Basis Trading;RWA
30171,ENA,2025-08-31,4254059903.805518,12507365859.66682,5759606435.174519,12.0,2.0,1.0,True,3.0409918674795686,0.9522975602438706,1588855092141.7756,0.002677437309950682,0.3401243676355399,token,Basis Trading;RWA
30171,ENA,2025-09-30,3849980645.305743,14644755312.24263,6768045959.861404,12.0,2.0,1.0,True,3.0192661623092056,0.9457798486927617,1913395907116.0496,0.0020121192017749194,0.2628914285844886,token,Basis Trading;RWA
30171,ENA,2025-10-31,2803375438.570169,9675384708.10752,7347418583.120364,12.0,2.0,1.0,True,3.0513220001090904,0.9553966000327271,2003467979824.714,0.0013992614141082702,0.28974304620890906,token,Basis Trading;RWA
30171,ENA,2025-11-30,1922135156.600273,7397982451.02607,7600527633.539204,12.0,2.0,1.0,True,2.8659569348146174,0.8997870804443853,2564402125128.3706,0.0007495451426145006,0.25981883159694175,token,Basis Trading;RWA
30171,ENA,2025-12-31,1535294815.7238345,6465596999.89417,7648546704.22538,12.0,1.8088609830237412,1.0,False,2.8762500363161845,0.9028750108948553,1432619214693.3018,0.0010716698477707587,0.2374560022452628,token,Basis Trading;RWA
30171,ENA,2026-01-31,1102840594.1564505,7377826630.98263,7767943930.670979,12.0,1.4220688334860059,1.0,False,2.856357189068349,0.8969071567205047,434064538191.47253,0.0025407295393247964,0.14948041602457207,token,Basis Trading;RWA
30171,ENA,2026-02-28,856374853.3899207,6810074834.80654,7843983696.210297,12.0,1.145906208184626,1.0,False,2.744250974300019,0.8632752922900057,194397402177.86646,0.004405279308240803,0.1257511663473884,token,Basis Trading;RWA
30171,ENA,2026-03-31,771761703.1741494,6618376125.15369,7956298964.704125,12.0,1.00570286597716,1.0,False,2.735974446478684,0.8607923339436052,124091214162.58592,0.006219309790643012,0.11660892167204047,token,Basis Trading;RWA
30171,ENA,2026-04-30,899217473.8256719,4342257819.47695,7925732615.724895,12.0,0.9038561250753077,1.0,False,2.6913813449600554,0.8474144034880167,91181737876.52827,0.009861815477166353,0.20708523335309184,token,Basis Trading;RWA
30171,ENA,2026-05-31,794200147.714054,5517377271.82489,7934646568.03049,12.0,1.5032822229932385,2.0,False,2.6858090211108046,0.8457427063332413,692326007697.7195,0.0011471476427053632,0.14394523132752343,token,Basis Trading;RWA
30494,EIGEN,2024-10-31,511481610.8381812,11279829476.0,10834333153.583334,12.0,,,False,,,,,0.04534479993039402,token,Restaking
30494,EIGEN,2024-11-30,766049839.4078993,16405101415.0,12171474657.0,12.0,2.0,1.0,True,,,,,0.046695830768072044,token,Restaking
30494,EIGEN,2024-12-31,738452694.2675111,14911863381.0,13303904166.833334,12.0,2.0,1.0,True,,,,,0.049521154761142265,token,Restaking
30494,EIGEN,2025-01-31,706049857.8024894,14009881509.0,14294454070.166666,12.0,2.0,1.0,True,,,,,0.05039656169460965,token,Restaking
30494,EIGEN,2025-02-28,401250250.8498024,10131030971.0,14326932514.5,12.0,2.0,1.0,True,,,,,0.03960606299579759,token,Restaking
30494,EIGEN,2025-03-31,218725562.99977112,8359057729.0,13882311147.75,12.0,2.0,1.0,True,,,,,0.02616629410764189,token,Restaking
30494,EIGEN,2025-04-30,243810519.2609136,7841297244.0,13231951577.166666,12.0,2.0,1.0,True,,,,,0.03109313569862084,token,Restaking
30494,EIGEN,2025-05-31,410402799.0783471,10767812057.0,12590320380.25,12.0,1.43024374189205,1.0,False,,,,,0.03811385236906602,token,Restaking
30494,EIGEN,2025-06-30,356110881.6041302,11656154232.0,12125700318.0,12.0,0.8330306140977506,1.0,False,,,,,0.03055131860099174,token,Restaking
30494,EIGEN,2025-07-31,369809226.6240907,18555608698.0,12325558826.083334,12.0,0.5495568336149885,1.0,False,,,,,0.019929781482401612,token,Restaking
30494,EIGEN,2025-08-31,391276170.5799227,19343095080.0,12952572064.333334,12.0,0.45229001801924396,1.0,False,,,,,0.02022820903075056,token,Restaking
30494,EIGEN,2025-09-30,552071513.120574,17647976919.0,13409059059.25,12.0,0.3525907068189993,1.0,False,,,,,0.03128242492918312,token,Restaking
30494,EIGEN,2025-10-31,400261206.7951632,15969368454.0,13799853974.083334,12.0,0.2737151219610767,1.0,False,1.5554398140044667,0.5066319442013401,34492907187.55329,0.01160415979490406,0.02506431033563547,token,Restaking
30494,EIGEN,2025-11-30,276247182.2091071,12192995471.0,13448845145.416666,12.0,2.0,2.0,True,1.5646947910033884,0.5094084373010165,27862448754903.22,9.914677085246977e-06,0.022656219537367784,token,Restaking
30494,EIGEN,2025-12-31,186367583.73438564,12552326401.0,13252217063.75,12.0,2.0,2.0,True,1.6106730495545427,0.5232019148663628,25452928832137.68,7.322048671234722e-06,0.01484725442763649,token,Restaking
30494,EIGEN,2026-01-31,154793368.6567077,12248452706.0,13105431330.166666,12.0,2.0,2.0,True,1.5845365320072462,0.5153609596021739,26274686813689.574,5.891349714435326e-06,0.012637789635329282,token,Restaking
30494,EIGEN,2026-02-28,118223608.89568643,8770070046.0,12992017919.75,12.0,2.0,2.0,True,1.549550360293022,0.5048651080879066,27602260465231.934,4.283113299528566e-06,0.013480349447107076,token,Restaking
30494,EIGEN,2026-03-31,114063959.48603258,8586226980.0,13010948690.666666,12.0,1.1535149731734728,2.0,False,1.5432497115323094,0.5029749134596928,1310508499959.8652,8.703793946359433e-05,0.013284526457514238,token,Restaking
30494,EIGEN,2026-04-30,133269184.72028776,8823827809.0,13092826237.75,12.0,0.8153833748559303,2.0,False,1.5546879261691706,0.5064063778507512,310485988514.2825,0.0004292276935200808,0.015103330165209908,token,Restaking
30494,EIGEN,2026-05-31,164125925.28013864,5799487909.0,12678799225.416666,12.0,0.5643920068049952,2.0,False,1.4981415060837453,0.4894424518251236,106821342086.9952,0.0015364525671890047,0.02830007198143098,token,Restaking
30712,MERL,2025-09-30,294671253.3003213,740214430.0,853771499.4166666,12.0,-0.40123084951268273,1.0,False,,,,,0.3980890419824986,token,Bridge;Yield;Layer-2
30712,MERL,2025-10-31,343372723.563631,697332850.0,820227513.5,12.0,-0.4097611151806433,1.0,False,,,,,0.492408644686151,token,Bridge;Yield;Layer-2
30712,MERL,2025-11-30,380152200.4141964,584195613.0,756695191.9166666,12.0,-0.45378632063636537,1.0,False,,,,,0.6507275849984796,token,Bridge;Yield;Layer-2
30712,MERL,2025-12-31,321616679.26003706,563464581.0,726484263.0833334,12.0,-0.45929508456167367,1.0,False,,,,,0.5707841985191915,token,Bridge;Yield;Layer-2
30712,MERL,2026-01-31,57597552.12711698,534351005.0,690479644.0,12.0,-0.4737821799549754,1.0,False,,,,,0.1077897329436425,token,Bridge;Yield;Layer-2
30712,MERL,2026-02-28,48460801.83294818,415498185.0,659318338.6666666,12.0,-0.45966951291813973,1.0,False,,,,,0.11663300486606983,token,Bridge;Yield;Layer-2
30712,MERL,2026-03-31,28677268.52701135,413810333.0,632400618.25,12.0,-0.41090851489751745,1.0,False,,,,,0.06930051339972544,token,Bridge;Yield;Layer-2
30712,MERL,2026-04-30,40464900.29376815,454227085.0,600856858.9166666,12.0,-0.4207071749085416,1.0,False,,,,,0.08908517706241174,token,Bridge;Yield;Layer-2
30712,MERL,2026-05-31,35442901.6032971,439377105.0,582236306.9166666,12.0,-0.40548267624495504,1.0,False,,,,,0.08066624591942974,token,Bridge;Yield;Layer-2
33038,SKY,2025-05-31,1400227352.419706,5316930279.0,5951486379.583333,12.0,-0.25065072368901953,3.0,False,,,,,0.26335258860739824,token,CDP;Dexs;RWA;Risk Curators
33038,SKY,2025-06-30,1721987898.481278,4981693628.0,5890329460.25,12.0,-0.2502519233964906,3.0,False,,,,,0.3456631473285932,token,CDP;Dexs;RWA;Risk Curators
33038,SKY,2025-07-31,1748830401.5350945,5534108497.0,5877789358.25,12.0,-0.24789131501061623,3.0,False,,,,,0.31600941732225213,token,CDP;Dexs;RWA;Risk Curators
33038,SKY,2025-08-31,1506900652.0125897,6143764325.0,5996642920.833333,12.0,-0.23610822278452115,3.0,False,,,,,0.24527318632336856,token,CDP;Dexs;RWA;Risk Curators
33038,SKY,2025-09-30,1592668782.966587,5826659252.0,5964672960.916667,12.0,-0.23055728309987567,3.0,False,,,,,0.27334167214599064,token,CDP;Dexs;RWA;Risk Curators
33038,SKY,2025-10-31,1308786116.3984523,6762768427.0,6080913403.333333,12.0,-0.20994259545605276,3.0,False,,,,,0.1935281579616407,token,CDP;Dexs;RWA;Risk Curators
33038,SKY,2025-11-30,1264508194.6426463,6211846085.0,6046359401.75,12.0,-0.1877032230808673,3.0,False,,,,,0.20356399327023028,token,CDP;Dexs;RWA;Risk Curators
33038,SKY,2025-12-31,1322315246.5615427,5737553498.0,5969152431.916667,12.0,-0.166806892947316,3.0,False,,,,,0.2304667393554546,token,CDP;Dexs;RWA;Risk Curators
33038,SKY,2026-01-31,1398370286.985211,5543489419.0,5841147515.25,12.0,-0.152897024740835,3.0,False,,,,,0.25225452441423896,token,CDP;Dexs;RWA;Risk Curators
33038,SKY,2026-02-28,1569758267.9476154,5585842158.0,5851734037.75,12.0,-0.1324276998793874,3.0,False,,,,,0.2810244585410312,token,CDP;Dexs;RWA;Risk Curators
33038,SKY,2026-03-31,1714350108.985229,6372871549.0,5854718260.416667,12.0,-0.10415715737867715,3.0,False,,,,,0.26900747893690663,token,CDP;Dexs;RWA;Risk Curators
33038,SKY,2026-04-30,1849276534.3902287,5403200761.0,5785060656.5,12.0,-0.08885696143255839,3.0,False,,,,,0.34225575102413425,token,CDP;Dexs;RWA;Risk Curators
33038,SKY,2026-05-31,1580708605.876135,6131118441.0,5852909670.0,12.0,-0.07442689885971943,3.0,False,0.34615957729613256,0.14384787318883976,5488602386.216783,0.28799838185503823,0.25781733318110844,token,CDP;Dexs;RWA;Risk Curators
33824,SYRUP,2025-04-30,164765670.30332533,735831090.0,269658625.6666667,12.0,1.0486037620173523,3.0,False,,,,,0.2239177883926124,token,Lending;RWA
33824,SYRUP,2025-05-31,381213146.97923553,1306677186.0,372690287.0833333,12.0,1.1599797650215522,3.0,False,,,,,0.29174240666602985,token,Lending;RWA
33824,SYRUP,2025-06-30,603677250.8366511,1646311856.0,502271467.6666667,12.0,1.423140049171654,3.0,False,,,,,0.3666846282109573,token,Lending;RWA
33824,SYRUP,2025-07-31,494137933.3413384,1986903483.0,655660027.0,12.0,1.6483796006849647,3.0,False,,,,,0.2486975022034014,token,Lending;RWA
33824,SYRUP,2025-08-31,536959614.9881879,2047921524.0,813306508.6666666,12.0,1.8042302783262731,3.0,False,,,,,0.26219735897857965,token,Lending;RWA
33824,SYRUP,2025-09-30,452812498.4318649,2590679074.0,1013451617.4166666,12.0,2.0,3.0,True,,,,,0.17478525340181325,token,Lending;RWA
33824,SYRUP,2025-10-31,494200091.14651966,3198570635.0,1258625000.0,12.0,2.0,3.0,True,,,,,0.15450654293476926,token,Lending;RWA
33824,SYRUP,2025-11-30,311662633.958872,2656507368.0,1454759436.75,12.0,2.0,3.0,True,,,,,0.11732044778536146,token,Lending;RWA
33824,SYRUP,2025-12-31,369467569.5812599,2481268608.0,1639307316.5,12.0,2.0,3.0,True,,,,,0.1489026896926993,token,Lending;RWA
33824,SYRUP,2026-01-31,354016756.4291174,2535792102.0,1827318459.75,12.0,2.0,3.0,True,,,,,0.13960795766731093,token,Lending;RWA
33824,SYRUP,2026-02-28,263905968.8368697,2038040266.0,1972402646.5833333,12.0,2.0,3.0,True,,,,,0.12949006613830547,token,Lending;RWA
33824,SYRUP,2026-03-31,239573118.67789748,2491207397.0,2142975882.4166667,12.0,2.0,3.0,True,,,,,0.09616747243380856,token,Lending;RWA
33824,SYRUP,2026-04-30,283605124.64910275,1848779747.0,2235721603.8333335,12.0,2.0,3.0,True,2.5470543126792937,0.8041162938037881,1114219731502.2725,0.00025453249177944965,0.1534012502621291,token,Lending;RWA
33824,SYRUP,2026-05-31,187395839.7716632,2025034822.0,2295584740.1666665,12.0,2.0,3.0,True,2.61335403813686,0.824006211441058,1052232234813.9438,0.0001780936123904231,0.09253956412788204,token,Lending;RWA
34104,MORPHO,2024-12-31,564859028.2344388,2853852978.0,1017634848.3333334,12.0,,,False,,,,,0.19792856625371638,token,Lending
34104,MORPHO,2025-01-31,682425584.3332243,3697751878.0,1323028379.3333333,12.0,,,False,,,,,0.18455148069651642,token,Lending
34104,MORPHO,2025-02-28,473172708.9145787,3006052866.0,1564668736.75,12.0,,,False,,,,,0.15740664918651456,token,Lending
34104,MORPHO,2025-03-31,288932152.4193424,2751450364.0,1764381194.4166667,12.0,,,False,,,,,0.10501085398440516,token,Lending
34104,MORPHO,2025-04-30,316614269.1698767,2732047397.0,1928742279.1666667,12.0,,,False,,,,,0.11588901038742729,token,Lending
34104,MORPHO,2025-05-31,362639444.8836309,3614022763.0,2154356291.3333335,12.0,,,False,,,,,0.10034232451336413,token,Lending
34104,MORPHO,2025-06-30,418992633.24938285,4107611765.0,2409028150.25,12.0,2.0,1.0,True,,,,,0.10200395198483,token,Lending
34104,MORPHO,2025-07-31,561177265.6304631,5856142891.0,2808545619.0833335,12.0,2.0,1.0,True,,,,,0.09582711284127085,token,Lending
34104,MORPHO,2025-08-31,637630281.3732052,7239130592.0,3334004991.0833335,12.0,2.0,1.0,True,,,,,0.08808105797647216,token,Lending
34104,MORPHO,2025-09-30,575874149.67103,7053924298.0,3838504226.5833335,12.0,2.0,1.0,True,,,,,0.08163883327104995,token,Lending
34104,MORPHO,2025-10-31,695449908.1103858,8194271606.0,4424493232.916667,12.0,2.0,1.0,True,,,,,0.08487025345866792,token,Lending
34104,MORPHO,2025-11-30,524508250.4840011,5884522997.0,4749231866.25,12.0,2.0,1.0,True,,,,,0.08913352038073463,token,Lending
34104,MORPHO,2025-12-31,409840761.7127914,5677763058.0,4984557706.25,12.0,2.0,1.0,True,1.1264629879336427,0.3779388963800928,22593460235727.266,1.8139796093061746e-05,0.07218349154872242,token,Lending
34104,MORPHO,2026-01-31,429952925.9923844,6440303650.0,5213103687.25,12.0,2.0,1.0,True,0.9521515016375662,0.32564545049126986,33552972289882.01,1.281415316287904e-05,0.06675972894420659,token,Lending
34104,MORPHO,2026-02-28,688919604.0448831,5623734119.0,5431243791.666667,12.0,2.0,1.0,True,0.25049657769514927,0.11514897330854479,256084377192069.53,2.690205515849085e-06,0.12250216483694384,token,Lending
34104,MORPHO,2026-03-31,621693246.7000648,6737065731.0,5763378405.583333,12.0,2.0,1.0,True,0.21929671214109012,0.10578901364232704,315139232648804.44,1.972757379253025e-06,0.09227952813929058,token,Lending
34104,MORPHO,2026-04-30,927440683.09821,6898044940.0,6110544867.5,12.0,2.0,1.0,True,0.46046251571159164,0.17813875471347748,133130990232444.12,6.9663771108358505e-06,0.1344497884785033,token,Lending
34104,MORPHO,2026-05-31,1046288128.0771692,7324984606.0,6419791687.75,12.0,1.9799117785558042,1.0,False,0.445764604569734,0.1737293813709202,137010380129077.56,7.636561018891127e-06,0.14283826988798579,token,Lending
34812,BIO,2025-10-31,149850995.75565153,17611755.0,,1.0,,,False,,,,,8.508578262396425,token,Launchpad
34812,BIO,2025-11-30,103605619.20179582,12163236.0,,2.0,,,False,,,,,8.517932168856694,token,Launchpad
34812,BIO,2025-12-31,83527545.69011018,8233750.0,,3.0,,,False,,,,,10.144532647956298,token,Launchpad
34812,BIO,2026-01-31,65304096.66685145,7072538.0,,4.0,,,False,,,,,9.233474131471821,token,Launchpad
34812,BIO,2026-02-28,43460768.13021122,2828787.0,,5.0,,,False,,,,,15.36374712207431,token,Launchpad
34812,BIO,2026-03-31,35363245.92009067,2127805.0,8339645.166666667,6.0,,,False,,,,,16.619589633491163,token,Launchpad
34812,BIO,2026-04-30,88812626.14919102,4185784.0,7746236.428571428,7.0,,,False,,,,,21.21768016438283,token,Launchpad
34812,BIO,2026-05-31,67302512.12633684,4198348.0,7302750.375,8.0,,,False,,,,,16.030713062932573,token,Launchpad
35818,SOSO,2025-09-30,195546033.8994588,188464699.0,155654851.2222222,9.0,,,False,,,,,1.0375737999584675,token,Basis Trading;Bridge;Derivatives;Dexs;Indexes;AI/Big Data
35818,SOSO,2025-10-31,220605322.03169692,162236702.0,156313036.3,10.0,,,False,,,,,1.359774448766204,token,Basis Trading;Bridge;Derivatives;Dexs;Indexes;AI/Big Data
35818,SOSO,2025-11-30,170927187.6638229,131273036.0,154036672.63636363,11.0,,,False,,,,,1.3020738521185942,token,Basis Trading;Bridge;Derivatives;Dexs;Indexes;AI/Big Data
35818,SOSO,2025-12-31,149773539.1656452,120454694.0,151238174.41666666,12.0,,,False,,,,,1.243401433286155,token,Basis Trading;Bridge;Derivatives;Dexs;Indexes;AI/Big Data
35818,SOSO,2026-01-31,143009775.04850045,112652884.0,153960678.83333334,12.0,,,False,,,,,1.269472826354809,token,Basis Trading;Bridge;Derivatives;Dexs;Indexes;AI/Big Data
35818,SOSO,2026-02-28,97105987.4322322,87005060.0,147898320.0,12.0,,,False,,,,,1.1160958619215045,token,Basis Trading;Bridge;Derivatives;Dexs;Indexes;AI/Big Data
35818,SOSO,2026-03-31,126546652.43304607,85354349.0,143248828.58333334,12.0,,,False,,,,,1.4826034515598738,token,Basis Trading;Bridge;Derivatives;Dexs;Indexes;AI/Big Data
35818,SOSO,2026-04-30,130068347.44035418,93335114.0,138410918.91666666,12.0,,,False,,,,,1.39356284967257,token,Basis Trading;Bridge;Derivatives;Dexs;Indexes;AI/Big Data
35818,SOSO,2026-05-31,109118076.02816272,95839411.0,133155573.58333333,12.0,,,False,,,,,1.1385511961061898,token,Basis Trading;Bridge;Derivatives;Dexs;Indexes;AI/Big Data
36410,MYX,2025-08-31,189977706.7080421,3131450.0,5264015.25,12.0,-0.439328693559758,1.0,False,,,,,60.66764812085203,token,Derivatives;Perpetuals
36410,MYX,2025-09-30,3007391852.3974257,27933271.0,6967972.25,12.0,-0.23570961196297846,1.0,False,,,,,107.66343305792671,token,Derivatives;Perpetuals
36410,MYX,2025-10-31,415830770.95925456,26845282.0,8550965.333333334,12.0,-0.0454885453463475,1.0,False,,,,,15.48990138972109,token,Derivatives;Perpetuals
36410,MYX,2025-11-30,646314148.0682756,23187308.0,9808496.666666666,12.0,0.10671073895102334,1.0,False,,,,,27.87361724216867,token,Derivatives;Perpetuals
36410,MYX,2025-12-31,960970939.1991348,22919929.0,11055117.916666666,12.0,0.2601987712567979,1.0,False,,,,,41.92730872766381,token,Derivatives;Perpetuals
36410,MYX,2026-01-31,1211149616.8190975,22273764.0,12268248.75,12.0,0.41396454835641205,1.0,False,,,,,54.375615042841325,token,Derivatives;Perpetuals
36410,MYX,2026-02-28,104817665.29879469,19909229.0,13321523.166666666,12.0,0.5563841929714426,1.0,False,,,,,5.264777721869325,token,Derivatives;Perpetuals
36410,MYX,2026-03-31,62939466.790923,19855002.0,14755619.916666666,12.0,0.8205394011263059,1.0,False,,,,,3.169955197734203,token,Derivatives;Perpetuals
36410,MYX,2026-04-30,73130242.38647528,13319995.0,15672204.0,12.0,1.1430431701165147,1.0,False,,,,,5.490260498331665,token,Derivatives;Perpetuals
36410,MYX,2026-05-31,82565691.32862708,192344.0,15442696.416666666,12.0,1.3854748122242886,1.0,False,,,,,429.2605505169232,token,Derivatives;Perpetuals
38299,AVNT,2025-09-30,333868855.2664182,44709296.0,17362215.666666668,12.0,0.702531302645601,1.0,False,,,,,7.467548924644625,token,Derivatives;DEX;Perpetuals
38299,AVNT,2025-10-31,166264276.92426598,118582387.0,26239915.166666668,12.0,1.5221779198501042,1.0,False,,,,,1.4020992588407415,token,Derivatives;DEX;Perpetuals
38299,AVNT,2025-11-30,95970994.80821034,111617528.0,34596645.75,12.0,2.0,1.0,True,,,,,0.8598201064640165,token,Derivatives;DEX;Perpetuals
38299,AVNT,2025-12-31,89836555.0183344,103033674.0,41853561.916666664,12.0,2.0,1.0,True,,,,,0.871914506497501,token,Derivatives;DEX;Perpetuals
38299,AVNT,2026-01-31,63616405.18552697,103884365.0,49387311.416666664,12.0,2.0,1.0,True,,,,,0.6123770904844725,token,Derivatives;DEX;Perpetuals
38299,AVNT,2026-02-28,57296764.54811195,90591562.0,55907171.083333336,12.0,2.0,1.0,True,,,,,0.6324735249416712,token,Derivatives;DEX;Perpetuals
38299,AVNT,2026-03-31,42461959.75126364,71924419.0,61011707.083333336,12.0,2.0,1.0,True,,,,,0.5903691728293786,token,Derivatives;DEX;Perpetuals
38299,AVNT,2026-04-30,47131673.67409871,49870180.0,64290432.25,12.0,2.0,1.0,True,,,,,0.9450872981428723,token,Derivatives;DEX;Perpetuals
38299,AVNT,2026-05-31,45528801.58382945,44259426.0,67021199.5,12.0,2.0,1.0,True,,,,,1.0286803444723718,token,Derivatives;DEX;Perpetuals
38341,RAIN,2025-11-30,1788557775.1078122,1652903.0,,2.0,,,False,,,,,1082.070620664257,other,Prediction Market
38341,RAIN,2025-12-31,2720473325.851092,1525174.0,,3.0,,,False,,,,,1783.7134162076536,other,Prediction Market
38341,RAIN,2026-01-31,3353529842.8979173,4025047.0,,4.0,,,False,,,,,833.1653873601767,other,Prediction Market
38341,RAIN,2026-02-28,4416784052.001992,3574004.0,,5.0,,,False,,,,,1235.8083684299156,other,Prediction Market
38341,RAIN,2026-03-31,3899257796.1317215,727606.0,1949717.5,6.0,,,False,,,,,5359.023697071934,other,Prediction Market
38341,RAIN,2026-04-30,3748255486.047774,3540045.0,2176907.1428571427,7.0,,,False,,,,,1058.81577382428,other,Prediction Market
38341,RAIN,2026-05-31,8891313063.9422,29256020.0,5561796.25,8.0,,,False,,,,,303.9139658758163,other,Prediction Market
38408,BARD,2025-09-30,208682671.77327624,1422683862.0,1551846738.0,12.0,,,False,,,,,0.14668239188424578,token,Bridge;Onchain Capital Allocator;Restaked BTC
38408,BARD,2025-10-31,150379613.26775306,1361778634.0,1601115768.9166667,12.0,,,False,,,,,0.11042882412249175,token,Bridge;Onchain Capital Allocator;Restaked BTC
38408,BARD,2025-11-30,165419460.06117484,1077206376.0,1602068712.9166667,12.0,,,False,,,,,0.15356338743131878,token,Bridge;Onchain Capital Allocator;Restaked BTC
38408,BARD,2025-12-31,177876527.6004143,970975305.0,1558933059.1666667,12.0,,,False,,,,,0.1831936679382534,token,Bridge;Onchain Capital Allocator;Restaked BTC
38408,BARD,2026-01-31,139253935.45595434,941639371.0,1477945929.0,12.0,,,False,,,,,0.1478845721032987,token,Bridge;Onchain Capital Allocator;Restaked BTC
38408,BARD,2026-02-28,228939052.57588208,691191494.0,1402973426.0,12.0,0.1652072688271906,1.0,False,,,,,0.33122377020438576,token,Bridge;Onchain Capital Allocator;Restaked BTC
38408,BARD,2026-03-31,107762977.92596018,710237202.0,1324416157.5,12.0,0.044344771493787016,1.0,False,,,,,0.1517281516970723,token,Bridge;Onchain Capital Allocator;Restaked BTC
38408,BARD,2026-04-30,86485257.7602742,757890961.0,1226955364.4166667,12.0,-0.09153732098337786,1.0,False,,,,,0.11411306139099632,token,Bridge;Onchain Capital Allocator;Restaked BTC
38408,BARD,2026-05-31,63789499.96093605,706229154.0,1124699592.1666667,12.0,-0.20534476399110935,1.0,False,,,,,0.0903240819210588,token,Bridge;Onchain Capital Allocator;Restaked BTC
38417,RIVER,2025-12-31,231821423.53215143,154263144.0,195918848.0,12.0,2.0,1.0,True,,,,,1.5027661016175804,token,CeDeFi;Yield
38417,RIVER,2026-01-31,505678646.5020125,152773788.0,206758830.75,12.0,2.0,1.0,True,,,,,3.3099830351919564,token,CeDeFi;Yield
38417,RIVER,2026-02-28,250416932.3793812,117875156.0,215085479.58333334,12.0,2.0,1.0,True,,,,,2.1244250347323503,token,CeDeFi;Yield
38417,RIVER,2026-03-31,321806344.5294737,85008199.0,220718509.66666666,12.0,2.0,1.0,True,,,,,3.7855918407290776,token,CeDeFi;Yield
38417,RIVER,2026-04-30,123127165.318651,95379308.0,224676330.91666666,12.0,2.0,1.0,True,,,,,1.2909211431755303,token,CeDeFi;Yield
38417,RIVER,2026-05-31,130949840.13012467,92406668.0,221841488.25,12.0,2.0,1.0,True,,,,,1.4171037974242797,token,CeDeFi;Yield
38482,FF,2025-09-30,451796737.6074261,1738886874.0,,1.0,,,False,,,,,0.2598195111842716,other,Basis Trading
38482,FF,2025-10-31,297525351.51282847,2010223651.0,,2.0,,,False,,,,,0.1480060944287579,other,Basis Trading
38482,FF,2025-11-30,269127458.76899856,2082562424.0,,3.0,,,False,,,,,0.12922899965326493,other,Basis Trading
38482,FF,2025-12-31,201818759.5951752,2050242934.0,,4.0,,,False,,,,,0.09843651025365524,other,Basis Trading
38482,FF,2026-01-31,191404751.3216736,2048273379.0,,5.0,,,False,,,,,0.0934468773963759,other,Basis Trading
38482,FF,2026-02-28,188004557.27794108,1622674521.0,1925477297.1666667,6.0,,,False,,,,,0.11586091655773344,other,Basis Trading
38482,FF,2026-03-31,164515974.20277897,1632437360.0,1883614449.0,7.0,,,False,,,,,0.10077934886443604,other,Basis Trading
38482,FF,2026-04-30,147242215.62723532,1620425457.0,1850715825.0,8.0,,,False,,,,,0.09086639252127926,other,Basis Trading
38482,FF,2026-05-31,236029053.8496785,1500948074.0,1811852741.5555556,9.0,,,False,,,,,0.15725331071624965,other,Basis Trading
39125,LIT,2025-12-31,619988295.3881601,1450116038.0,604469007.5555556,9.0,,,False,,,,,0.4275439200322534,token,Algo-Stables;Bridge;Derivatives;Dexs;Yield;DEX;Perpetuals;Zero Knowledge
39125,LIT,2026-01-31,392206551.6116892,967553465.0,640777453.3,10.0,,,False,,,,,0.4053590481552244,token,Algo-Stables;Bridge;Derivatives;Dexs;Yield;DEX;Perpetuals;Zero Knowledge
39125,LIT,2026-02-28,345944221.5884289,870755992.0,661684593.1818181,11.0,,,False,,,,,0.3972918070811609,token,Algo-Stables;Bridge;Derivatives;Dexs;Yield;DEX;Perpetuals;Zero Knowledge
39125,LIT,2026-03-31,217298987.67407125,520588438.0,649926580.25,12.0,,,False,,,,,0.41741032226703284,token,Algo-Stables;Bridge;Derivatives;Dexs;Yield;DEX;Perpetuals;Zero Knowledge
39125,LIT,2026-04-30,221212211.25763595,481296283.0,683816157.5,12.0,,,False,,,,,0.45961753512573034,token,Algo-Stables;Bridge;Derivatives;Dexs;Yield;DEX;Perpetuals;Zero Knowledge
39125,LIT,2026-05-31,342571404.58191794,515712345.0,718016386.4166666,12.0,,,False,,,,,0.6642683812075857,token,Algo-Stables;Bridge;Derivatives;Dexs;Yield;DEX;Perpetuals;Zero Knowledge
39720,EDGE,2026-03-31,230244192.9488663,241327077.0,133334274.5,12.0,2.0,1.0,True,,,,,0.9540752567473658,token,Bridge;DEX Aggregator;Derivatives;Dexs;Yield;Perpetuals
39720,EDGE,2026-04-30,401326078.7243265,155526309.0,145371605.91666666,12.0,2.0,1.0,True,,,,,2.58043852068994,token,Bridge;DEX Aggregator;Derivatives;Dexs;Yield;Perpetuals
39720,EDGE,2026-05-31,455039972.3010559,147976146.0,156809464.08333334,12.0,2.0,1.0,True,,,,,3.0750900371540686,token,Bridge;DEX Aggregator;Derivatives;Dexs;Yield;Perpetuals
