cmc_id,symbol,dl_slug,month_end,ym,tvl_usd
1104,REP,augur,2020-03-31,2020-03,221693.0
1104,REP,augur,2020-04-30,2020-04,348671.0
1104,REP,augur,2020-05-31,2020-05,390095.0
1104,REP,augur,2020-06-30,2020-06,363280.0
1104,REP,augur,2020-07-31,2020-07,546132.0
1104,REP,augur,2020-08-31,2020-08,792265.0
1104,REP,augur,2020-09-30,2020-09,843496.0
1104,REP,augur,2020-10-31,2020-10,3045705.0
1104,REP,augur,2020-11-30,2020-11,9202045.0
1104,REP,augur,2020-12-31,2020-12,11721230.0
1104,REP,augur,2021-01-31,2021-01,12434865.0
1104,REP,augur,2021-02-28,2021-02,2561768.0
1104,REP,augur,2021-03-31,2021-03,2785393.0
1104,REP,augur,2021-04-30,2021-04,3608558.0
1104,REP,augur,2021-05-31,2021-05,3411357.0
1104,REP,augur,2021-06-30,2021-06,1846481.0
1104,REP,augur,2021-07-31,2021-07,2054251.0
1104,REP,augur,2021-08-31,2021-08,2725935.0
1104,REP,augur,2021-09-30,2021-09,2405650.0
1104,REP,augur,2021-10-31,2021-10,3480615.0
1104,REP,augur,2021-11-30,2021-11,3536212.0
1104,REP,augur,2021-12-31,2021-12,2958147.0
1104,REP,augur,2022-01-31,2022-01,2043350.0
1104,REP,augur,2022-02-28,2022-02,2109442.0
1104,REP,augur,2022-03-31,2022-03,2696677.0
1104,REP,augur,2022-04-30,2022-04,2258777.0
1104,REP,augur,2022-05-31,2022-05,1610258.0
1104,REP,augur,2022-06-30,2022-06,910048.0
1104,REP,augur,2022-07-31,2022-07,1383529.0
1104,REP,augur,2022-08-31,2022-08,1264922.0
1104,REP,augur,2022-09-30,2022-09,1096958.0
1104,REP,augur,2022-10-31,2022-10,1288898.0
1104,REP,augur,2022-11-30,2022-11,1053076.0
1104,REP,augur,2022-12-31,2022-12,991066.0
1104,REP,augur,2023-01-31,2023-01,1281455.0
1104,REP,augur,2023-02-28,2023-02,1327141.0
1104,REP,augur,2023-03-31,2023-03,1467422.0
1104,REP,augur,2023-04-30,2023-04,1539854.0
1104,REP,augur,2023-05-31,2023-05,1540994.0
1104,REP,augur,2023-06-30,2023-06,1500111.0
1104,REP,augur,2023-07-31,2023-07,1517124.0
1104,REP,augur,2023-08-31,2023-08,1388662.0
1104,REP,augur,2023-09-30,2023-09,1357129.0
1104,REP,augur,2023-10-31,2023-10,1483448.0
1104,REP,augur,2023-11-30,2023-11,1638894.0
1104,REP,augur,2023-12-31,2023-12,1839298.0
1104,REP,augur,2024-01-31,2024-01,1877082.0
1104,REP,augur,2024-02-29,2024-02,2676907.0
1104,REP,augur,2024-03-31,2024-03,2785811.0
1104,REP,augur,2024-04-30,2024-04,2527617.0
1104,REP,augur,2024-05-31,2024-05,2973183.0
1104,REP,augur,2024-06-30,2024-06,2687546.0
1104,REP,augur,2024-07-31,2024-07,2600929.0
1104,REP,augur,2024-08-31,2024-08,2008757.0
1104,REP,augur,2024-09-30,2024-09,2122358.0
1104,REP,augur,2024-10-31,2024-10,2126379.0
1104,REP,augur,2024-11-30,2024-11,2847302.0
1104,REP,augur,2024-12-31,2024-12,2658353.0
1104,REP,augur,2025-01-31,2025-01,2581284.0
1104,REP,augur,2025-02-28,2025-02,1842135.0
1104,REP,augur,2025-03-31,2025-03,1448823.0
1104,REP,augur,2025-04-30,2025-04,1445054.0
1104,REP,augur,2025-05-31,2025-05,2011649.0
1104,REP,augur,2025-06-30,2025-06,1989022.0
1104,REP,augur,2025-07-31,2025-07,2994096.0
1104,REP,augur,2025-08-31,2025-08,3432500.0
1104,REP,augur,2025-09-30,2025-09,3309711.0
1104,REP,augur,2025-10-31,2025-10,3002163.0
1104,REP,augur,2025-11-30,2025-11,2370422.0
1104,REP,augur,2025-12-31,2025-12,2343264.0
1104,REP,augur,2026-01-31,2026-01,2142695.0
1104,REP,augur,2026-02-28,2026-02,1544128.0
1104,REP,augur,2026-03-31,2026-03,1617303.0
1104,REP,augur,2026-04-30,2026-04,1805318.0
1104,REP,augur,2026-05-31,2026-05,1610717.0
1166,WARP,polkastarter,2021-12-31,2021-12,0.0
1166,WARP,polkastarter,2022-01-31,2022-01,0.0
1166,WARP,polkastarter,2022-02-28,2022-02,0.0
1166,WARP,polkastarter,2022-03-31,2022-03,0.0
1166,WARP,polkastarter,2022-04-30,2022-04,0.0
1166,WARP,polkastarter,2022-05-31,2022-05,0.0
1166,WARP,polkastarter,2022-06-30,2022-06,0.0
1166,WARP,polkastarter,2022-07-31,2022-07,0.0
1166,WARP,polkastarter,2022-08-31,2022-08,0.0
1166,WARP,polkastarter,2022-09-30,2022-09,0.0
1166,WARP,polkastarter,2022-10-31,2022-10,0.0
1166,WARP,polkastarter,2022-11-30,2022-11,0.0
1166,WARP,polkastarter,2022-12-31,2022-12,0.0
1166,WARP,polkastarter,2023-01-31,2023-01,0.0
1166,WARP,polkastarter,2023-02-28,2023-02,0.0
1166,WARP,polkastarter,2023-03-31,2023-03,0.0
1166,WARP,polkastarter,2023-04-30,2023-04,0.0
1166,WARP,polkastarter,2023-05-31,2023-05,0.0
1166,WARP,polkastarter,2023-06-30,2023-06,0.0
1166,WARP,polkastarter,2023-07-31,2023-07,0.0
1166,WARP,polkastarter,2023-08-31,2023-08,0.0
1166,WARP,polkastarter,2023-09-30,2023-09,0.0
1166,WARP,polkastarter,2023-10-31,2023-10,0.0
1166,WARP,polkastarter,2023-11-30,2023-11,0.0
1166,WARP,polkastarter,2023-12-31,2023-12,0.0
1166,WARP,polkastarter,2024-01-31,2024-01,0.0
1166,WARP,polkastarter,2024-02-29,2024-02,0.0
1166,WARP,polkastarter,2024-03-31,2024-03,0.0
1166,WARP,polkastarter,2024-04-30,2024-04,0.0
1166,WARP,polkastarter,2024-05-31,2024-05,0.0
1166,WARP,polkastarter,2024-06-30,2024-06,0.0
1166,WARP,polkastarter,2024-07-31,2024-07,0.0
1166,WARP,polkastarter,2024-08-31,2024-08,0.0
1166,WARP,polkastarter,2024-09-30,2024-09,0.0
1166,WARP,polkastarter,2024-10-31,2024-10,0.0
1166,WARP,polkastarter,2024-11-30,2024-11,0.0
1166,WARP,polkastarter,2024-12-31,2024-12,0.0
1166,WARP,polkastarter,2025-01-31,2025-01,0.0
1166,WARP,polkastarter,2025-02-28,2025-02,0.0
1166,WARP,polkastarter,2025-03-31,2025-03,0.0
1166,WARP,polkastarter,2025-04-30,2025-04,0.0
1166,WARP,polkastarter,2025-05-31,2025-05,0.0
1166,WARP,polkastarter,2025-06-30,2025-06,0.0
1166,WARP,polkastarter,2025-07-31,2025-07,0.0
1166,WARP,polkastarter,2025-08-31,2025-08,0.0
1166,WARP,polkastarter,2025-09-30,2025-09,0.0
1166,WARP,polkastarter,2025-10-31,2025-10,0.0
1166,WARP,polkastarter,2025-11-30,2025-11,0.0
1166,WARP,polkastarter,2025-12-31,2025-12,0.0
1166,WARP,polkastarter,2026-01-31,2026-01,0.0
1166,WARP,polkastarter,2026-02-28,2026-02,0.0
1166,WARP,polkastarter,2026-03-31,2026-03,0.0
1166,WARP,polkastarter,2026-04-30,2026-04,0.0
1166,WARP,polkastarter,2026-05-31,2026-05,0.0
1552,MLN,enzyme-finance,2021-03-31,2021-03,21885132.0
1552,MLN,enzyme-finance,2021-04-30,2021-04,29221254.0
1552,MLN,enzyme-finance,2021-05-31,2021-05,90590635.0
1552,MLN,enzyme-finance,2021-06-30,2021-06,80965407.0
1552,MLN,enzyme-finance,2021-07-31,2021-07,91271311.0
1552,MLN,enzyme-finance,2021-08-31,2021-08,121645376.0
1552,MLN,enzyme-finance,2021-09-30,2021-09,107538580.0
1552,MLN,enzyme-finance,2021-10-31,2021-10,148717088.0
1552,MLN,enzyme-finance,2021-11-30,2021-11,148871372.0
1552,MLN,enzyme-finance,2021-12-31,2021-12,124913569.0
1552,MLN,enzyme-finance,2022-01-31,2022-01,90724136.0
1552,MLN,enzyme-finance,2022-02-28,2022-02,106960015.0
1552,MLN,enzyme-finance,2022-03-31,2022-03,228816602.0
1552,MLN,enzyme-finance,2022-04-30,2022-04,184893596.0
1552,MLN,enzyme-finance,2022-05-31,2022-05,124866910.0
1552,MLN,enzyme-finance,2022-06-30,2022-06,34689641.0
1552,MLN,enzyme-finance,2022-07-31,2022-07,49133122.0
1552,MLN,enzyme-finance,2022-08-31,2022-08,45715745.0
1552,MLN,enzyme-finance,2022-09-30,2022-09,40382196.0
1552,MLN,enzyme-finance,2022-10-31,2022-10,45265352.0
1552,MLN,enzyme-finance,2022-11-30,2022-11,39045531.0
1552,MLN,enzyme-finance,2022-12-31,2022-12,36931781.0
1552,MLN,enzyme-finance,2023-01-31,2023-01,48087679.0
1552,MLN,enzyme-finance,2023-02-28,2023-02,71306694.0
1552,MLN,enzyme-finance,2023-03-31,2023-03,76995580.0
1552,MLN,enzyme-finance,2023-04-30,2023-04,78673098.0
1552,MLN,enzyme-finance,2023-05-31,2023-05,77299742.0
1552,MLN,enzyme-finance,2023-06-30,2023-06,74962032.0
1552,MLN,enzyme-finance,2023-07-31,2023-07,63627154.0
1552,MLN,enzyme-finance,2023-08-31,2023-08,62801245.0
1552,MLN,enzyme-finance,2023-09-30,2023-09,64534079.0
1552,MLN,enzyme-finance,2023-10-31,2023-10,104942176.0
1552,MLN,enzyme-finance,2023-11-30,2023-11,121999659.0
1552,MLN,enzyme-finance,2023-12-31,2023-12,136401101.0
1552,MLN,enzyme-finance,2024-01-31,2024-01,139326273.0
1552,MLN,enzyme-finance,2024-02-29,2024-02,190235239.0
1552,MLN,enzyme-finance,2024-03-31,2024-03,194456120.0
1552,MLN,enzyme-finance,2024-04-30,2024-04,157058299.0
1552,MLN,enzyme-finance,2024-05-31,2024-05,179160936.0
1552,MLN,enzyme-finance,2024-06-30,2024-06,160381661.0
1552,MLN,enzyme-finance,2024-07-31,2024-07,153925695.0
1552,MLN,enzyme-finance,2024-08-31,2024-08,108344971.0
1552,MLN,enzyme-finance,2024-09-30,2024-09,157098110.0
1552,MLN,enzyme-finance,2024-10-31,2024-10,154668854.0
1552,MLN,enzyme-finance,2024-11-30,2024-11,209876885.0
1552,MLN,enzyme-finance,2024-12-31,2024-12,147029976.0
1552,MLN,enzyme-finance,2025-01-31,2025-01,140999356.0
1552,MLN,enzyme-finance,2025-02-28,2025-02,106953464.0
1552,MLN,enzyme-finance,2025-03-31,2025-03,88357417.0
1552,MLN,enzyme-finance,2025-04-30,2025-04,93519850.0
1552,MLN,enzyme-finance,2025-05-31,2025-05,118659045.0
1552,MLN,enzyme-finance,2025-06-30,2025-06,114213593.0
1552,MLN,enzyme-finance,2025-07-31,2025-07,155623751.0
1552,MLN,enzyme-finance,2025-08-31,2025-08,169287291.0
1552,MLN,enzyme-finance,2025-09-30,2025-09,164752836.0
1552,MLN,enzyme-finance,2025-10-31,2025-10,148247935.0
1552,MLN,enzyme-finance,2025-11-30,2025-11,128292913.0
1552,MLN,enzyme-finance,2025-12-31,2025-12,123694114.0
1552,MLN,enzyme-finance,2026-01-31,2026-01,107558187.0
1552,MLN,enzyme-finance,2026-02-28,2026-02,84057255.0
1552,MLN,enzyme-finance,2026-03-31,2026-03,80764058.0
1552,MLN,enzyme-finance,2026-04-30,2026-04,89461809.0
1552,MLN,enzyme-finance,2026-05-31,2026-05,84990381.0
1556,TIME,timewarp,2021-09-30,2021-09,737455.0
1556,TIME,timewarp,2021-10-31,2021-10,1056763.0
1556,TIME,timewarp,2021-11-30,2021-11,1192975.0
1556,TIME,timewarp,2021-12-31,2021-12,2068155.0
1556,TIME,timewarp,2022-01-31,2022-01,1902507.0
1556,TIME,timewarp,2022-02-28,2022-02,1036391.0
1556,TIME,timewarp,2022-03-31,2022-03,848498.0
1556,TIME,timewarp,2022-04-30,2022-04,305415.0
1556,TIME,timewarp,2022-05-31,2022-05,215642.0
1556,TIME,timewarp,2022-06-30,2022-06,167172.0
1556,TIME,timewarp,2022-07-31,2022-07,327655.0
1556,TIME,timewarp,2022-08-31,2022-08,280715.0
1556,TIME,timewarp,2022-09-30,2022-09,288445.0
1556,TIME,timewarp,2022-10-31,2022-10,298463.0
1556,TIME,timewarp,2022-11-30,2022-11,383156.0
1556,TIME,timewarp,2022-12-31,2022-12,677.0
1556,TIME,timewarp,2023-01-31,2023-01,324456.0
1556,TIME,timewarp,2023-02-28,2023-02,305089.0
1556,TIME,timewarp,2023-03-31,2023-03,271390.0
1556,TIME,timewarp,2023-04-30,2023-04,247684.0
1556,TIME,timewarp,2023-05-31,2023-05,207325.0
1556,TIME,timewarp,2023-06-30,2023-06,159927.0
1556,TIME,timewarp,2023-07-31,2023-07,162716.0
1556,TIME,timewarp,2023-08-31,2023-08,137006.0
1556,TIME,timewarp,2023-09-30,2023-09,141583.0
1556,TIME,timewarp,2023-10-31,2023-10,143094.0
1556,TIME,timewarp,2023-11-30,2023-11,182072.0
1556,TIME,timewarp,2023-12-31,2023-12,204279.0
1556,TIME,timewarp,2024-01-31,2024-01,206732.0
1556,TIME,timewarp,2024-02-29,2024-02,241682.0
1556,TIME,timewarp,2024-03-31,2024-03,369769.0
1556,TIME,timewarp,2024-04-30,2024-04,351281.0
1556,TIME,timewarp,2024-05-31,2024-05,352591.0
1556,TIME,timewarp,2024-06-30,2024-06,286160.0
1556,TIME,timewarp,2024-07-31,2024-07,277959.0
1556,TIME,timewarp,2024-08-31,2024-08,242772.0
1556,TIME,timewarp,2024-09-30,2024-09,0.0
1556,TIME,timewarp,2024-10-31,2024-10,0.0
1556,TIME,timewarp,2024-11-30,2024-11,0.0
1556,TIME,timewarp,2024-12-31,2024-12,0.0
1556,TIME,timewarp,2025-01-31,2025-01,0.0
1556,TIME,timewarp,2025-02-28,2025-02,0.0
1556,TIME,timewarp,2025-03-31,2025-03,0.0
1556,TIME,timewarp,2025-04-30,2025-04,0.0
1556,TIME,timewarp,2025-05-31,2025-05,0.0
1556,TIME,timewarp,2025-06-30,2025-06,0.0
1556,TIME,timewarp,2025-07-31,2025-07,0.0
1556,TIME,timewarp,2025-08-31,2025-08,0.0
1556,TIME,timewarp,2025-09-30,2025-09,0.0
1556,TIME,timewarp,2025-10-31,2025-10,0.0
1556,TIME,timewarp,2025-11-30,2025-11,0.0
1556,TIME,timewarp,2025-12-31,2025-12,0.0
1556,TIME,timewarp,2026-01-31,2026-01,0.0
1556,TIME,timewarp,2026-02-28,2026-02,0.0
1556,TIME,timewarp,2026-03-31,2026-03,0.0
1556,TIME,timewarp,2026-04-30,2026-04,0.0
1556,TIME,timewarp,2026-05-31,2026-05,0.0
1573,CASINO,defyswap,2021-12-31,2021-12,2063510.0
1573,CASINO,defyswap,2022-01-31,2022-01,1698693.0
1573,CASINO,defyswap,2022-02-28,2022-02,725866.0
1573,CASINO,defyswap,2022-03-31,2022-03,421898.0
1573,CASINO,defyswap,2022-04-30,2022-04,162566.0
1573,CASINO,defyswap,2022-05-31,2022-05,12572.0
1573,CASINO,defyswap,2022-06-30,2022-06,7751.0
1573,CASINO,defyswap,2022-07-31,2022-07,3723.0
1573,CASINO,defyswap,2022-08-31,2022-08,2794.0
1573,CASINO,defyswap,2022-09-30,2022-09,2396.0
1573,CASINO,defyswap,2022-10-31,2022-10,4562.0
1573,CASINO,defyswap,2022-11-30,2022-11,4968.0
1573,CASINO,defyswap,2022-12-31,2022-12,3464.0
1573,CASINO,defyswap,2023-01-31,2023-01,4336.0
1573,CASINO,defyswap,2023-02-28,2023-02,4101.0
1573,CASINO,defyswap,2023-03-31,2023-03,4249.0
1573,CASINO,defyswap,2023-04-30,2023-04,4236.0
1573,CASINO,defyswap,2023-05-31,2023-05,2291.0
1573,CASINO,defyswap,2023-06-30,2023-06,2078.0
1573,CASINO,defyswap,2023-07-31,2023-07,854.0
1573,CASINO,defyswap,2023-08-31,2023-08,1086.0
1573,CASINO,defyswap,2023-09-30,2023-09,1200.0
1573,CASINO,defyswap,2023-10-31,2023-10,578.0
1573,CASINO,defyswap,2023-11-30,2023-11,687.0
1573,CASINO,defyswap,2023-12-31,2023-12,925.0
1573,CASINO,defyswap,2024-01-31,2024-01,705.0
1573,CASINO,defyswap,2024-02-29,2024-02,833.0
1573,CASINO,defyswap,2024-03-31,2024-03,1422.0
1573,CASINO,defyswap,2024-04-30,2024-04,1041.0
1573,CASINO,defyswap,2024-05-31,2024-05,1112.0
1573,CASINO,defyswap,2024-06-30,2024-06,784.0
1573,CASINO,defyswap,2024-07-31,2024-07,635.0
1573,CASINO,defyswap,2024-08-31,2024-08,612.0
1573,CASINO,defyswap,2024-09-30,2024-09,915.0
1573,CASINO,defyswap,2024-10-31,2024-10,900.0
1573,CASINO,defyswap,2024-11-30,2024-11,1264.0
1573,CASINO,defyswap,2024-12-31,2024-12,844.0
1573,CASINO,defyswap,2025-01-31,2025-01,632.0
1573,CASINO,defyswap,2025-02-28,2025-02,800.0
1573,CASINO,defyswap,2025-03-31,2025-03,630.0
1573,CASINO,defyswap,2025-04-30,2025-04,595.0
1573,CASINO,defyswap,2025-05-31,2025-05,497.0
1573,CASINO,defyswap,2025-06-30,2025-06,378.0
1573,CASINO,defyswap,2025-07-31,2025-07,394.0
1573,CASINO,defyswap,2025-08-31,2025-08,387.0
1573,CASINO,defyswap,2025-09-30,2025-09,289.0
1573,CASINO,defyswap,2025-10-31,2025-10,190.0
1573,CASINO,defyswap,2025-11-30,2025-11,138.0
1573,CASINO,defyswap,2025-12-31,2025-12,82.0
1573,CASINO,defyswap,2026-01-31,2026-01,101.0
1573,CASINO,defyswap,2026-02-28,2026-02,68.0
1573,CASINO,defyswap,2026-03-31,2026-03,67.0
1573,CASINO,defyswap,2026-04-30,2026-04,66.0
1573,CASINO,defyswap,2026-05-31,2026-05,67.0
1727,BNT,bancor,2020-11-30,2020-11,81303562.0
1727,BNT,bancor,2020-12-31,2020-12,124954208.0
1727,BNT,bancor,2021-01-31,2021-01,286308474.0
1727,BNT,bancor,2021-02-28,2021-02,821198941.0
1727,BNT,bancor,2021-03-31,2021-03,1801250945.0
1727,BNT,bancor,2021-04-30,2021-04,1877256097.0
1727,BNT,bancor,2021-05-31,2021-05,1516761227.0
1727,BNT,bancor,2021-06-30,2021-06,1233812480.0
1727,BNT,bancor,2021-07-31,2021-07,1378095416.0
1727,BNT,bancor,2021-08-31,2021-08,1562667333.0
1727,BNT,bancor,2021-09-30,2021-09,1336268560.0
1727,BNT,bancor,2021-10-31,2021-10,1706789803.0
1727,BNT,bancor,2021-11-30,2021-11,1590673581.0
1727,BNT,bancor,2021-12-31,2021-12,1270269984.0
1727,BNT,bancor,2022-01-31,2022-01,989038763.0
1727,BNT,bancor,2022-02-28,2022-02,962715699.0
1727,BNT,bancor,2022-03-31,2022-03,1223373458.0
1727,BNT,bancor,2022-04-30,2022-04,932523616.0
1727,BNT,bancor,2022-05-31,2022-05,620461227.0
1727,BNT,bancor,2022-06-30,2022-06,182266747.0
1727,BNT,bancor,2022-07-31,2022-07,176796678.0
1727,BNT,bancor,2022-08-31,2022-08,136165791.0
1727,BNT,bancor,2022-09-30,2022-09,120315595.0
1727,BNT,bancor,2022-10-31,2022-10,127191361.0
1727,BNT,bancor,2022-11-30,2022-11,91693946.0
1727,BNT,bancor,2022-12-31,2022-12,75097430.0
1727,BNT,bancor,2023-01-31,2023-01,91675723.0
1727,BNT,bancor,2023-02-28,2023-02,97725906.0
1727,BNT,bancor,2023-03-31,2023-03,107662202.0
1727,BNT,bancor,2023-04-30,2023-04,97872033.0
1727,BNT,bancor,2023-05-31,2023-05,85049310.0
1727,BNT,bancor,2023-06-30,2023-06,74353415.0
1727,BNT,bancor,2023-07-31,2023-07,74198774.0
1727,BNT,bancor,2023-08-31,2023-08,67408988.0
1727,BNT,bancor,2023-09-30,2023-09,63120379.0
1727,BNT,bancor,2023-10-31,2023-10,75884445.0
1727,BNT,bancor,2023-11-30,2023-11,82248002.0
1727,BNT,bancor,2023-12-31,2023-12,84930606.0
1727,BNT,bancor,2024-01-31,2024-01,82001807.0
1727,BNT,bancor,2024-02-29,2024-02,105579490.0
1727,BNT,bancor,2024-03-31,2024-03,106054270.0
1727,BNT,bancor,2024-04-30,2024-04,84694776.0
1727,BNT,bancor,2024-05-31,2024-05,97368045.0
1727,BNT,bancor,2024-06-30,2024-06,69719722.0
1727,BNT,bancor,2024-07-31,2024-07,66867836.0
1727,BNT,bancor,2024-08-31,2024-08,54354111.0
1727,BNT,bancor,2024-09-30,2024-09,60127396.0
1727,BNT,bancor,2024-10-31,2024-10,56613701.0
1727,BNT,bancor,2024-11-30,2024-11,76074393.0
1727,BNT,bancor,2024-12-31,2024-12,69380840.0
1727,BNT,bancor,2025-01-31,2025-01,68259532.0
1727,BNT,bancor,2025-02-28,2025-02,47667292.0
1727,BNT,bancor,2025-03-31,2025-03,39817923.0
1727,BNT,bancor,2025-04-30,2025-04,43063733.0
1727,BNT,bancor,2025-05-31,2025-05,53780721.0
1727,BNT,bancor,2025-06-30,2025-06,52086795.0
1727,BNT,bancor,2025-07-31,2025-07,65450229.0
1727,BNT,bancor,2025-08-31,2025-08,68840904.0
1727,BNT,bancor,2025-09-30,2025-09,62730307.0
1727,BNT,bancor,2025-10-31,2025-10,53655404.0
1727,BNT,bancor,2025-11-30,2025-11,42576539.0
1727,BNT,bancor,2025-12-31,2025-12,39732190.0
1727,BNT,bancor,2026-01-31,2026-01,35360683.0
1727,BNT,bancor,2026-02-28,2026-02,26900780.0
1727,BNT,bancor,2026-03-31,2026-03,27175562.0
1727,BNT,bancor,2026-04-30,2026-04,29340590.0
1727,BNT,bancor,2026-05-31,2026-05,29245138.0
1732,NMR,erasure,2021-03-31,2021-03,11398882.0
1732,NMR,erasure,2021-04-30,2021-04,16470006.0
1732,NMR,erasure,2021-05-31,2021-05,16617830.0
1732,NMR,erasure,2021-06-30,2021-06,11256939.0
1732,NMR,erasure,2021-07-31,2021-07,12455990.0
1732,NMR,erasure,2021-08-31,2021-08,13533025.0
1732,NMR,erasure,2021-09-30,2021-09,12181687.0
1732,NMR,erasure,2021-10-31,2021-10,13448762.0
1732,NMR,erasure,2021-11-30,2021-11,11927966.0
1732,NMR,erasure,2021-12-31,2021-12,9171865.0
1732,NMR,erasure,2022-01-31,2022-01,7032496.0
1732,NMR,erasure,2022-02-28,2022-02,8047667.0
1732,NMR,erasure,2022-03-31,2022-03,8835373.0
1732,NMR,erasure,2022-04-30,2022-04,6329852.0
1732,NMR,erasure,2022-05-31,2022-05,3408374.0
1732,NMR,erasure,2022-06-30,2022-06,3782901.0
1732,NMR,erasure,2022-07-31,2022-07,4359108.0
1732,NMR,erasure,2022-08-31,2022-08,4288287.0
1732,NMR,erasure,2022-09-30,2022-09,3660681.0
1732,NMR,erasure,2022-10-31,2022-10,3679482.0
1732,NMR,erasure,2022-11-30,2022-11,2789441.0
1732,NMR,erasure,2022-12-31,2022-12,2909126.0
1732,NMR,erasure,2023-01-31,2023-01,3831480.0
1732,NMR,erasure,2023-02-28,2023-02,4607405.0
1732,NMR,erasure,2023-03-31,2023-03,4704018.0
1732,NMR,erasure,2023-04-30,2023-04,4065764.0
1732,NMR,erasure,2023-05-31,2023-05,3635971.0
1732,NMR,erasure,2023-06-30,2023-06,2825305.0
1732,NMR,erasure,2023-07-31,2023-07,2946026.0
1732,NMR,erasure,2023-08-31,2023-08,2616365.0
1732,NMR,erasure,2023-09-30,2023-09,2653256.0
1732,NMR,erasure,2023-10-31,2023-10,2850705.0
1732,NMR,erasure,2023-11-30,2023-11,3329341.0
1732,NMR,erasure,2023-12-31,2023-12,3914568.0
1732,NMR,erasure,2024-01-31,2024-01,3486341.0
1732,NMR,erasure,2024-02-29,2024-02,4749734.0
1732,NMR,erasure,2024-03-31,2024-03,6988793.0
1732,NMR,erasure,2024-04-30,2024-04,4628733.0
1732,NMR,erasure,2024-05-31,2024-05,5639280.0
1732,NMR,erasure,2024-06-30,2024-06,3309774.0
1732,NMR,erasure,2024-07-31,2024-07,2748834.0
1732,NMR,erasure,2024-08-31,2024-08,2992582.0
1732,NMR,erasure,2024-09-30,2024-09,3428790.0
1732,NMR,erasure,2024-10-31,2024-10,2874550.0
1732,NMR,erasure,2024-11-30,2024-11,3890588.0
1732,NMR,erasure,2024-12-31,2024-12,2913222.0
1732,NMR,erasure,2025-01-31,2025-01,2312460.0
1732,NMR,erasure,2025-02-28,2025-02,1926082.0
1732,NMR,erasure,2025-03-31,2025-03,1523942.0
1732,NMR,erasure,2025-04-30,2025-04,1668666.0
1732,NMR,erasure,2025-05-31,2025-05,1663449.0
1732,NMR,erasure,2025-06-30,2025-06,1352083.0
1732,NMR,erasure,2025-07-31,2025-07,2102484.0
1732,NMR,erasure,2025-08-31,2025-08,3708429.0
1732,NMR,erasure,2025-09-30,2025-09,3867711.0
1732,NMR,erasure,2025-10-31,2025-10,2652825.0
1732,NMR,erasure,2025-11-30,2025-11,2569625.0
1732,NMR,erasure,2025-12-31,2025-12,2138333.0
1732,NMR,erasure,2026-01-31,2026-01,2176459.0
1732,NMR,erasure,2026-02-28,2026-02,1717435.0
1732,NMR,erasure,2026-03-31,2026-03,1413773.0
1732,NMR,erasure,2026-04-30,2026-04,4901.0
1732,NMR,erasure,2026-05-31,2026-05,4851.0
1934,LRC,loopring,2020-08-31,2020-08,18748444.0
1934,LRC,loopring,2020-09-30,2020-09,18675139.0
1934,LRC,loopring,2020-10-31,2020-10,14011966.0
1934,LRC,loopring,2020-11-30,2020-11,25371739.0
1934,LRC,loopring,2020-12-31,2020-12,35291236.0
1934,LRC,loopring,2021-01-31,2021-01,148068604.0
1934,LRC,loopring,2021-02-28,2021-02,188518802.0
1934,LRC,loopring,2021-03-31,2021-03,168926841.0
1934,LRC,loopring,2021-04-30,2021-04,210330539.0
1934,LRC,loopring,2021-05-31,2021-05,140684728.0
1934,LRC,loopring,2021-06-30,2021-06,142410169.0
1934,LRC,loopring,2021-07-31,2021-07,124714950.0
1934,LRC,loopring,2021-08-31,2021-08,142399494.0
1934,LRC,loopring,2021-09-30,2021-09,107077259.0
1934,LRC,loopring,2021-10-31,2021-10,144818198.0
1934,LRC,loopring,2021-11-30,2021-11,685787317.0
1934,LRC,loopring,2021-12-31,2021-12,524328738.0
1934,LRC,loopring,2022-01-31,2022-01,325435674.0
1934,LRC,loopring,2022-02-28,2022-02,269668870.0
1934,LRC,loopring,2022-03-31,2022-03,425286711.0
1934,LRC,loopring,2022-04-30,2022-04,283125730.0
1934,LRC,loopring,2022-05-31,2022-05,234373488.0
1934,LRC,loopring,2022-06-30,2022-06,159087417.0
1934,LRC,loopring,2022-07-31,2022-07,203807639.0
1934,LRC,loopring,2022-08-31,2022-08,164617098.0
1934,LRC,loopring,2022-09-30,2022-09,137687413.0
1934,LRC,loopring,2022-10-31,2022-10,122151093.0
1934,LRC,loopring,2022-11-30,2022-11,87025952.0
1934,LRC,loopring,2022-12-31,2022-12,73572148.0
1934,LRC,loopring,2023-01-31,2023-01,103310344.0
1934,LRC,loopring,2023-02-28,2023-02,114873738.0
1934,LRC,loopring,2023-03-31,2023-03,117195105.0
1934,LRC,loopring,2023-04-30,2023-04,115295897.0
1934,LRC,loopring,2023-05-31,2023-05,103987819.0
1934,LRC,loopring,2023-06-30,2023-06,88095020.0
1934,LRC,loopring,2023-07-31,2023-07,88987876.0
1934,LRC,loopring,2023-08-31,2023-08,95474937.0
1934,LRC,loopring,2023-09-30,2023-09,80852657.0
1934,LRC,loopring,2023-10-31,2023-10,94036014.0
1934,LRC,loopring,2023-11-30,2023-11,95596052.0
1934,LRC,loopring,2023-12-31,2023-12,131060247.0
1934,LRC,loopring,2024-01-31,2024-01,105086439.0
1934,LRC,loopring,2024-02-29,2024-02,130802307.0
1934,LRC,loopring,2024-03-31,2024-03,142932410.0
1934,LRC,loopring,2024-04-30,2024-04,104068539.0
1934,LRC,loopring,2024-05-31,2024-05,113225326.0
1934,LRC,loopring,2024-06-30,2024-06,67223208.0
1934,LRC,loopring,2024-07-31,2024-07,61249860.0
1934,LRC,loopring,2024-08-31,2024-08,49813621.0
1934,LRC,loopring,2024-09-30,2024-09,49269787.0
1934,LRC,loopring,2024-10-31,2024-10,45639425.0
1934,LRC,loopring,2024-11-30,2024-11,66723837.0
1934,LRC,loopring,2024-12-31,2024-12,58283149.0
1934,LRC,loopring,2025-01-31,2025-01,52048571.0
1934,LRC,loopring,2025-02-28,2025-02,38495723.0
1934,LRC,loopring,2025-03-31,2025-03,30862994.0
1934,LRC,loopring,2025-04-30,2025-04,31336717.0
1934,LRC,loopring,2025-05-31,2025-05,31753608.0
1934,LRC,loopring,2025-06-30,2025-06,23620432.0
1934,LRC,loopring,2025-07-31,2025-07,26554403.0
1934,LRC,loopring,2025-08-31,2025-08,26077423.0
1934,LRC,loopring,2025-09-30,2025-09,24714073.0
1934,LRC,loopring,2025-10-31,2025-10,20940374.0
1934,LRC,loopring,2025-11-30,2025-11,16996193.0
1934,LRC,loopring,2025-12-31,2025-12,16502086.0
1934,LRC,loopring,2026-01-31,2026-01,15017853.0
1934,LRC,loopring,2026-02-28,2026-02,11229423.0
1934,LRC,loopring,2026-03-31,2026-03,10455362.0
1934,LRC,loopring,2026-04-30,2026-04,11107993.0
1934,LRC,loopring,2026-05-31,2026-05,10077335.0
2539,REN,renvm,2020-10-31,2020-10,300381654.0
2539,REN,renvm,2020-11-30,2020-11,337501114.0
2539,REN,renvm,2020-12-31,2020-12,381953027.0
2539,REN,renvm,2021-01-31,2021-01,545306326.0
2539,REN,renvm,2021-02-28,2021-02,772783817.0
2539,REN,renvm,2021-03-31,2021-03,687183714.0
2539,REN,renvm,2021-04-30,2021-04,791123220.0
2539,REN,renvm,2021-05-31,2021-05,541389802.0
2539,REN,renvm,2021-06-30,2021-06,487569276.0
2539,REN,renvm,2021-07-31,2021-07,652743358.0
2539,REN,renvm,2021-08-31,2021-08,884174498.0
2539,REN,renvm,2021-09-30,2021-09,1273996266.0
2539,REN,renvm,2021-10-31,2021-10,1660071715.0
2539,REN,renvm,2021-11-30,2021-11,1507546771.0
2539,REN,renvm,2021-12-31,2021-12,1148142304.0
2539,REN,renvm,2022-01-31,2022-01,1233329111.0
2539,REN,renvm,2022-02-28,2022-02,1136108444.0
2539,REN,renvm,2022-03-31,2022-03,1418048766.0
2539,REN,renvm,2022-04-30,2022-04,980089771.0
2539,REN,renvm,2022-05-31,2022-05,325739150.0
2539,REN,renvm,2022-06-30,2022-06,155873319.0
2539,REN,renvm,2022-07-31,2022-07,152517899.0
2539,REN,renvm,2022-08-31,2022-08,120093557.0
2539,REN,renvm,2022-09-30,2022-09,106690232.0
2539,REN,renvm,2022-10-31,2022-10,139964084.0
2539,REN,renvm,2022-11-30,2022-11,57632794.0
2539,REN,renvm,2022-12-31,2022-12,26406226.0
2539,REN,renvm,2023-01-31,2023-01,30265044.0
2539,REN,renvm,2023-02-28,2023-02,31236991.0
2539,REN,renvm,2023-03-31,2023-03,32199241.0
2539,REN,renvm,2023-04-30,2023-04,28014106.0
2539,REN,renvm,2023-05-31,2023-05,23317675.0
2539,REN,renvm,2023-06-30,2023-06,20058422.0
2539,REN,renvm,2023-07-31,2023-07,19804000.0
2539,REN,renvm,2023-08-31,2023-08,17215509.0
2539,REN,renvm,2023-09-30,2023-09,16929252.0
2539,REN,renvm,2023-10-31,2023-10,26322951.0
2539,REN,renvm,2023-11-30,2023-11,21162734.0
2539,REN,renvm,2023-12-31,2023-12,23916350.0
2539,REN,renvm,2024-01-31,2024-01,21811482.0
2539,REN,renvm,2024-02-29,2024-02,31469568.0
2539,REN,renvm,2024-03-31,2024-03,35772873.0
2539,REN,renvm,2024-04-30,2024-04,29289528.0
2539,REN,renvm,2024-05-31,2024-05,31717195.0
2539,REN,renvm,2024-06-30,2024-06,5834307.0
2539,REN,renvm,2024-07-31,2024-07,28618395.0
2539,REN,renvm,2024-08-31,2024-08,25932765.0
2539,REN,renvm,2024-09-30,2024-09,28301154.0
2539,REN,renvm,2024-10-31,2024-10,0.0
2539,REN,renvm,2024-11-30,2024-11,0.0
2539,REN,renvm,2024-12-31,2024-12,0.0
2539,REN,renvm,2025-01-31,2025-01,0.0
2539,REN,renvm,2025-06-30,2025-06,0.0
2873,MET,metronome-v1,2021-03-31,2021-03,49717332.0
2873,MET,metronome-v1,2021-04-30,2021-04,68836419.0
2873,MET,metronome-v1,2021-05-31,2021-05,64934337.0
2873,MET,metronome-v1,2021-06-30,2021-06,55869223.0
2873,MET,metronome-v1,2021-07-31,2021-07,62914344.0
2873,MET,metronome-v1,2021-08-31,2021-08,82114022.0
2873,MET,metronome-v1,2021-09-30,2021-09,72817916.0
2873,MET,metronome-v1,2021-10-31,2021-10,107110044.0
2873,MET,metronome-v1,2021-11-30,2021-11,105967223.0
2873,MET,metronome-v1,2021-12-31,2021-12,90942675.0
2873,MET,metronome-v1,2022-01-31,2022-01,60397181.0
2873,MET,metronome-v1,2022-02-28,2022-02,53985435.0
2873,MET,metronome-v1,2022-03-31,2022-03,68390840.0
2873,MET,metronome-v1,2022-04-30,2022-04,57550680.0
2873,MET,metronome-v1,2022-05-31,2022-05,40815978.0
2873,MET,metronome-v1,2022-06-30,2022-06,20786948.0
2873,MET,metronome-v1,2022-07-31,2022-07,31628915.0
2873,MET,metronome-v1,2022-08-31,2022-08,3225915.0
2873,MET,metronome-v1,2022-09-30,2022-09,2772468.0
2873,MET,metronome-v1,2022-10-31,2022-10,3083120.0
2873,MET,metronome-v1,2022-11-30,2022-11,2271400.0
2873,MET,metronome-v1,2022-12-31,2022-12,2232370.0
2873,MET,metronome-v1,2023-01-31,2023-01,2928041.0
2873,MET,metronome-v1,2023-02-28,2023-02,3031515.0
2873,MET,metronome-v1,2023-03-31,2023-03,3364772.0
2873,MET,metronome-v1,2023-04-30,2023-04,3517869.0
2873,MET,metronome-v1,2023-05-31,2023-05,3505478.0
2873,MET,metronome-v1,2023-06-30,2023-06,3393942.0
2873,MET,metronome-v1,2023-07-31,2023-07,3414768.0
2873,MET,metronome-v1,2023-08-31,2023-08,1504581.0
2873,MET,metronome-v1,2023-09-30,2023-09,1467465.0
2873,MET,metronome-v1,2023-10-31,2023-10,1607380.0
2873,MET,metronome-v1,2023-11-30,2023-11,1670248.0
2873,MET,metronome-v1,2023-12-31,2023-12,1886399.0
2873,MET,metronome-v1,2024-01-31,2024-01,1920177.0
2873,MET,metronome-v1,2024-02-29,2024-02,2758140.0
2873,MET,metronome-v1,2024-03-31,2024-03,2862906.0
2873,MET,metronome-v1,2024-04-30,2024-04,2584522.0
2873,MET,metronome-v1,2024-05-31,2024-05,3031339.0
2873,MET,metronome-v1,2024-06-30,2024-06,2721262.0
2873,MET,metronome-v1,2024-07-31,2024-07,2634004.0
2873,MET,metronome-v1,2024-08-31,2024-08,2012079.0
2873,MET,metronome-v1,2024-09-30,2024-09,2113149.0
2873,MET,metronome-v1,2024-10-31,2024-10,2114340.0
2873,MET,metronome-v1,2024-11-30,2024-11,2839309.0
2873,MET,metronome-v1,2024-12-31,2024-12,870453.0
2873,MET,metronome-v1,2025-01-31,2025-01,843979.0
2873,MET,metronome-v1,2025-02-28,2025-02,595513.0
2873,MET,metronome-v1,2025-03-31,2025-03,459718.0
2873,MET,metronome-v1,2025-04-30,2025-04,451139.0
2873,MET,metronome-v1,2025-05-31,2025-05,623701.0
2873,MET,metronome-v1,2025-06-30,2025-06,618284.0
2873,MET,metronome-v1,2025-07-31,2025-07,924418.0
2873,MET,metronome-v1,2025-08-31,2025-08,611624.0
2873,MET,metronome-v1,2025-09-30,2025-09,586733.0
2873,MET,metronome-v1,2025-10-31,2025-10,522313.0
2873,MET,metronome-v1,2025-11-30,2025-11,394540.0
2873,MET,metronome-v1,2025-12-31,2025-12,383639.0
2873,MET,metronome-v1,2026-01-31,2026-01,344869.0
2873,MET,metronome-v1,2026-02-28,2026-02,241944.0
2873,MET,metronome-v1,2026-03-31,2026-03,250798.0
2873,MET,metronome-v1,2026-04-30,2026-04,274782.0
2873,MET,metronome-v1,2026-05-31,2026-05,241829.0
2930,IQ,iq,2021-08-31,2021-08,0.0
2930,IQ,iq,2021-09-30,2021-09,0.0
2930,IQ,iq,2021-10-31,2021-10,0.0
2930,IQ,iq,2021-11-30,2021-11,0.0
2930,IQ,iq,2021-12-31,2021-12,0.0
2930,IQ,iq,2022-01-31,2022-01,0.0
2930,IQ,iq,2022-02-28,2022-02,0.0
2930,IQ,iq,2022-03-31,2022-03,0.0
2930,IQ,iq,2022-04-30,2022-04,0.0
2930,IQ,iq,2022-05-31,2022-05,0.0
2930,IQ,iq,2022-06-30,2022-06,0.0
2930,IQ,iq,2022-07-31,2022-07,0.0
2930,IQ,iq,2022-08-31,2022-08,0.0
2930,IQ,iq,2022-09-30,2022-09,0.0
2930,IQ,iq,2022-10-31,2022-10,0.0
2930,IQ,iq,2022-11-30,2022-11,0.0
2930,IQ,iq,2022-12-31,2022-12,0.0
2930,IQ,iq,2023-01-31,2023-01,0.0
2930,IQ,iq,2023-02-28,2023-02,0.0
2930,IQ,iq,2023-03-31,2023-03,0.0
2930,IQ,iq,2023-04-30,2023-04,0.0
2930,IQ,iq,2023-05-31,2023-05,0.0
2930,IQ,iq,2023-06-30,2023-06,0.0
2930,IQ,iq,2023-07-31,2023-07,0.0
2930,IQ,iq,2023-08-31,2023-08,0.0
2930,IQ,iq,2023-09-30,2023-09,0.0
2930,IQ,iq,2023-10-31,2023-10,0.0
2930,IQ,iq,2023-11-30,2023-11,0.0
2930,IQ,iq,2023-12-31,2023-12,0.0
2930,IQ,iq,2024-01-31,2024-01,0.0
2930,IQ,iq,2024-02-29,2024-02,0.0
2930,IQ,iq,2024-03-31,2024-03,0.0
2930,IQ,iq,2024-04-30,2024-04,0.0
2930,IQ,iq,2024-05-31,2024-05,0.0
2930,IQ,iq,2024-06-30,2024-06,0.0
2930,IQ,iq,2024-07-31,2024-07,0.0
2930,IQ,iq,2024-08-31,2024-08,0.0
2930,IQ,iq,2024-09-30,2024-09,0.0
2930,IQ,iq,2024-10-31,2024-10,0.0
2930,IQ,iq,2024-11-30,2024-11,0.0
2930,IQ,iq,2024-12-31,2024-12,0.0
2930,IQ,iq,2025-01-31,2025-01,0.0
2930,IQ,iq,2025-02-28,2025-02,0.0
2930,IQ,iq,2025-03-31,2025-03,0.0
2930,IQ,iq,2025-04-30,2025-04,0.0
2930,IQ,iq,2025-05-31,2025-05,0.0
2930,IQ,iq,2025-06-30,2025-06,0.0
2930,IQ,iq,2025-07-31,2025-07,0.0
2930,IQ,iq,2025-08-31,2025-08,0.0
2930,IQ,iq,2025-09-30,2025-09,0.0
2930,IQ,iq,2025-10-31,2025-10,0.0
2930,IQ,iq,2025-11-30,2025-11,0.0
2930,IQ,iq,2025-12-31,2025-12,0.0
2930,IQ,iq,2026-01-31,2026-01,0.0
2930,IQ,iq,2026-02-28,2026-02,0.0
2930,IQ,iq,2026-03-31,2026-03,0.0
2930,IQ,iq,2026-04-30,2026-04,0.0
2930,IQ,iq,2026-05-31,2026-05,0.0
2933,BMX,bitmart,2023-09-30,2023-09,1937948.0
2933,BMX,bitmart,2023-10-31,2023-10,754054.0
2933,BMX,bitmart,2023-11-30,2023-11,837740.0
2933,BMX,bitmart,2023-12-31,2023-12,967638.0
2933,BMX,bitmart,2024-01-31,2024-01,3036527.0
2933,BMX,bitmart,2024-02-29,2024-02,11983931.0
2933,BMX,bitmart,2024-03-31,2024-03,7289542.0
2933,BMX,bitmart,2024-04-30,2024-04,16570368.0
2933,BMX,bitmart,2024-05-31,2024-05,18716988.0
2933,BMX,bitmart,2024-06-30,2024-06,11421485.0
2933,BMX,bitmart,2024-07-31,2024-07,14817171.0
2933,BMX,bitmart,2024-08-31,2024-08,13390855.0
2933,BMX,bitmart,2024-09-30,2024-09,12765785.0
2933,BMX,bitmart,2024-10-31,2024-10,9915201.0
2933,BMX,bitmart,2024-11-30,2024-11,12797028.0
2933,BMX,bitmart,2024-12-31,2024-12,44883786.0
2933,BMX,bitmart,2025-01-31,2025-01,39883425.0
2933,BMX,bitmart,2025-02-28,2025-02,40107959.0
2933,BMX,bitmart,2025-03-31,2025-03,40547515.0
2933,BMX,bitmart,2025-04-30,2025-04,40259376.0
2933,BMX,bitmart,2025-05-31,2025-05,36936339.0
2933,BMX,bitmart,2025-06-30,2025-06,36650960.0
2933,BMX,bitmart,2025-07-31,2025-07,40636234.0
2933,BMX,bitmart,2025-08-31,2025-08,36923411.0
2933,BMX,bitmart,2025-09-30,2025-09,38924434.0
2933,BMX,bitmart,2025-10-31,2025-10,5489697.0
2933,BMX,bitmart,2025-11-30,2025-11,3284933.0
2933,BMX,bitmart,2025-12-31,2025-12,5324458.0
2933,BMX,bitmart,2026-01-31,2026-01,3887293.0
2933,BMX,bitmart,2026-02-28,2026-02,16416661.0
2933,BMX,bitmart,2026-03-31,2026-03,17615185.0
2933,BMX,bitmart,2026-04-30,2026-04,15562072.0
2933,BMX,bitmart,2026-05-31,2026-05,14877804.0
2943,RPL,rocket-pool,2021-10-31,2021-10,14714266.0
2943,RPL,rocket-pool,2021-11-30,2021-11,477491641.0
2943,RPL,rocket-pool,2021-12-31,2021-12,625373897.0
2943,RPL,rocket-pool,2022-01-31,2022-01,541825773.0
2943,RPL,rocket-pool,2022-02-28,2022-02,596165775.0
2943,RPL,rocket-pool,2022-03-31,2022-03,827318535.0
2943,RPL,rocket-pool,2022-04-30,2022-04,726800755.0
2943,RPL,rocket-pool,2022-05-31,2022-05,570215786.0
2943,RPL,rocket-pool,2022-06-30,2022-06,319966114.0
2943,RPL,rocket-pool,2022-07-31,2022-07,535862664.0
2943,RPL,rocket-pool,2022-08-31,2022-08,489665952.0
2943,RPL,rocket-pool,2022-09-30,2022-09,490940476.0
2943,RPL,rocket-pool,2022-10-31,2022-10,606619930.0
2943,RPL,rocket-pool,2022-11-30,2022-11,492207590.0
2943,RPL,rocket-pool,2022-12-31,2022-12,503412701.0
2943,RPL,rocket-pool,2023-01-31,2023-01,723739397.0
2943,RPL,rocket-pool,2023-02-28,2023-02,779769699.0
2943,RPL,rocket-pool,2023-03-31,2023-03,884915012.0
2943,RPL,rocket-pool,2023-04-30,2023-04,1029953708.0
2943,RPL,rocket-pool,2023-05-31,2023-05,1087773453.0
2943,RPL,rocket-pool,2023-06-30,2023-06,1108068315.0
2943,RPL,rocket-pool,2023-07-31,2023-07,1148741387.0
2943,RPL,rocket-pool,2023-08-31,2023-08,1092221671.0
2943,RPL,rocket-pool,2023-09-30,2023-09,1074729963.0
2943,RPL,rocket-pool,2023-10-31,2023-10,1212979723.0
2943,RPL,rocket-pool,2023-11-30,2023-11,1360182159.0
2943,RPL,rocket-pool,2023-12-31,2023-12,1566571706.0
2943,RPL,rocket-pool,2024-01-31,2024-01,1642768462.0
2943,RPL,rocket-pool,2024-02-29,2024-02,2379300748.0
2943,RPL,rocket-pool,2024-03-31,2024-03,2497814884.0
2943,RPL,rocket-pool,2024-04-30,2024-04,2279773620.0
2943,RPL,rocket-pool,2024-05-31,2024-05,2673612753.0
2943,RPL,rocket-pool,2024-06-30,2024-06,2447556882.0
2943,RPL,rocket-pool,2024-07-31,2024-07,2397565431.0
2943,RPL,rocket-pool,2024-08-31,2024-08,1858875556.0
2943,RPL,rocket-pool,2024-09-30,2024-09,1976071557.0
2943,RPL,rocket-pool,2024-10-31,2024-10,2000461596.0
2943,RPL,rocket-pool,2024-11-30,2024-11,2701430236.0
2943,RPL,rocket-pool,2024-12-31,2024-12,2499599607.0
2943,RPL,rocket-pool,2025-01-31,2025-01,2428584483.0
2943,RPL,rocket-pool,2025-02-28,2025-02,1658128803.0
2943,RPL,rocket-pool,2025-03-31,2025-03,1274213951.0
2943,RPL,rocket-pool,2025-04-30,2025-04,1213837924.0
2943,RPL,rocket-pool,2025-05-31,2025-05,1692332731.0
2943,RPL,rocket-pool,2025-06-30,2025-06,1667221894.0
2943,RPL,rocket-pool,2025-07-31,2025-07,2563959381.0
2943,RPL,rocket-pool,2025-08-31,2025-08,2850369945.0
2943,RPL,rocket-pool,2025-09-30,2025-09,2675960332.0
2943,RPL,rocket-pool,2025-10-31,2025-10,2434712383.0
2943,RPL,rocket-pool,2025-11-30,2025-11,1816881437.0
2943,RPL,rocket-pool,2025-12-31,2025-12,1736365351.0
2943,RPL,rocket-pool,2026-01-31,2026-01,1562023326.0
2943,RPL,rocket-pool,2026-02-28,2026-02,1093278533.0
2943,RPL,rocket-pool,2026-03-31,2026-03,1172406649.0
2943,RPL,rocket-pool,2026-04-30,2026-04,1211712551.0
2943,RPL,rocket-pool,2026-05-31,2026-05,1096357689.0
2982,MVL,mvl-staking,2023-10-31,2023-10,0.0
2982,MVL,mvl-staking,2023-11-30,2023-11,0.0
2982,MVL,mvl-staking,2023-12-31,2023-12,0.0
2982,MVL,mvl-staking,2024-01-31,2024-01,0.0
2982,MVL,mvl-staking,2024-02-29,2024-02,0.0
2982,MVL,mvl-staking,2024-03-31,2024-03,0.0
2982,MVL,mvl-staking,2024-04-30,2024-04,0.0
2982,MVL,mvl-staking,2024-05-31,2024-05,0.0
2982,MVL,mvl-staking,2024-06-30,2024-06,0.0
2982,MVL,mvl-staking,2024-07-31,2024-07,0.0
2982,MVL,mvl-staking,2024-08-31,2024-08,0.0
2982,MVL,mvl-staking,2024-09-30,2024-09,0.0
2982,MVL,mvl-staking,2024-10-31,2024-10,0.0
2982,MVL,mvl-staking,2024-11-30,2024-11,0.0
2982,MVL,mvl-staking,2024-12-31,2024-12,0.0
2982,MVL,mvl-staking,2025-01-31,2025-01,0.0
2982,MVL,mvl-staking,2025-02-28,2025-02,0.0
2982,MVL,mvl-staking,2025-03-31,2025-03,0.0
2982,MVL,mvl-staking,2025-04-30,2025-04,0.0
2982,MVL,mvl-staking,2025-05-31,2025-05,0.0
2982,MVL,mvl-staking,2025-06-30,2025-06,0.0
2982,MVL,mvl-staking,2025-07-31,2025-07,0.0
2982,MVL,mvl-staking,2025-08-31,2025-08,0.0
2982,MVL,mvl-staking,2025-09-30,2025-09,0.0
2982,MVL,mvl-staking,2025-10-31,2025-10,0.0
2982,MVL,mvl-staking,2025-11-30,2025-11,0.0
2982,MVL,mvl-staking,2025-12-31,2025-12,0.0
2982,MVL,mvl-staking,2026-01-31,2026-01,0.0
2982,MVL,mvl-staking,2026-02-28,2026-02,0.0
2982,MVL,mvl-staking,2026-03-31,2026-03,0.0
2982,MVL,mvl-staking,2026-04-30,2026-04,0.0
2982,MVL,mvl-staking,2026-05-31,2026-05,0.0
3748,HXRO,hxro-network,2023-02-28,2023-02,0.0
3748,HXRO,hxro-network,2023-03-31,2023-03,0.0
3748,HXRO,hxro-network,2023-04-30,2023-04,0.0
3748,HXRO,hxro-network,2023-05-31,2023-05,0.0
3748,HXRO,hxro-network,2023-06-30,2023-06,0.0
3748,HXRO,hxro-network,2023-07-31,2023-07,0.0
3748,HXRO,hxro-network,2023-08-31,2023-08,0.0
3748,HXRO,hxro-network,2023-09-30,2023-09,0.0
3748,HXRO,hxro-network,2023-10-31,2023-10,0.0
3748,HXRO,hxro-network,2023-11-30,2023-11,0.0
3748,HXRO,hxro-network,2023-12-31,2023-12,0.0
3748,HXRO,hxro-network,2024-01-31,2024-01,0.0
3748,HXRO,hxro-network,2024-02-29,2024-02,0.0
3748,HXRO,hxro-network,2024-03-31,2024-03,0.0
3748,HXRO,hxro-network,2024-04-30,2024-04,0.0
3748,HXRO,hxro-network,2024-05-31,2024-05,0.0
3748,HXRO,hxro-network,2024-06-30,2024-06,0.0
3748,HXRO,hxro-network,2024-07-31,2024-07,0.0
3748,HXRO,hxro-network,2024-08-31,2024-08,0.0
3748,HXRO,hxro-network,2024-09-30,2024-09,0.0
3748,HXRO,hxro-network,2024-10-31,2024-10,0.0
3748,HXRO,hxro-network,2024-11-30,2024-11,0.0
3748,HXRO,hxro-network,2024-12-31,2024-12,0.0
3748,HXRO,hxro-network,2025-01-31,2025-01,0.0
3748,HXRO,hxro-network,2025-02-28,2025-02,0.0
3748,HXRO,hxro-network,2025-03-31,2025-03,0.0
3748,HXRO,hxro-network,2025-04-30,2025-04,0.0
3748,HXRO,hxro-network,2025-05-31,2025-05,0.0
3748,HXRO,hxro-network,2025-06-30,2025-06,0.0
3748,HXRO,hxro-network,2025-07-31,2025-07,0.0
3748,HXRO,hxro-network,2025-08-31,2025-08,0.0
3748,HXRO,hxro-network,2025-09-30,2025-09,0.0
3748,HXRO,hxro-network,2025-10-31,2025-10,0.0
3748,HXRO,hxro-network,2025-11-30,2025-11,0.0
3748,HXRO,hxro-network,2025-12-31,2025-12,0.0
3748,HXRO,hxro-network,2026-01-31,2026-01,0.0
3748,HXRO,hxro-network,2026-02-28,2026-02,0.0
3748,HXRO,hxro-network,2026-03-31,2026-03,0.0
3748,HXRO,hxro-network,2026-04-30,2026-04,0.0
3748,HXRO,hxro-network,2026-05-31,2026-05,0.0
3814,CELR,cbridge,2021-11-30,2021-11,20338654.0
3814,CELR,cbridge,2021-12-31,2021-12,108865321.0
3814,CELR,cbridge,2022-01-31,2022-01,145597908.0
3814,CELR,cbridge,2022-02-28,2022-02,350382277.0
3814,CELR,cbridge,2022-03-31,2022-03,481058543.0
3814,CELR,cbridge,2022-04-30,2022-04,744258446.0
3814,CELR,cbridge,2022-05-31,2022-05,436742901.0
3814,CELR,cbridge,2022-06-30,2022-06,267006853.0
3814,CELR,cbridge,2022-07-31,2022-07,243503978.0
3814,CELR,cbridge,2022-08-31,2022-08,174758933.0
3814,CELR,cbridge,2022-09-30,2022-09,150423812.0
3814,CELR,cbridge,2022-10-31,2022-10,156329159.0
3814,CELR,cbridge,2022-11-30,2022-11,137123690.0
3814,CELR,cbridge,2022-12-31,2022-12,122035863.0
3814,CELR,cbridge,2023-01-31,2023-01,133588254.0
3814,CELR,cbridge,2023-02-28,2023-02,148591010.0
3814,CELR,cbridge,2023-03-31,2023-03,142151962.0
3814,CELR,cbridge,2023-04-30,2023-04,144562645.0
3814,CELR,cbridge,2023-05-31,2023-05,126377667.0
3814,CELR,cbridge,2023-06-30,2023-06,110024409.0
3814,CELR,cbridge,2023-07-31,2023-07,91573392.0
3814,CELR,cbridge,2023-08-31,2023-08,83816355.0
3814,CELR,cbridge,2023-09-30,2023-09,87669149.0
3814,CELR,cbridge,2023-10-31,2023-10,89713465.0
3814,CELR,cbridge,2023-11-30,2023-11,96372803.0
3814,CELR,cbridge,2023-12-31,2023-12,97945178.0
3814,CELR,cbridge,2024-01-31,2024-01,101385895.0
3814,CELR,cbridge,2024-02-29,2024-02,110148514.0
3814,CELR,cbridge,2024-03-31,2024-03,136502312.0
3814,CELR,cbridge,2024-04-30,2024-04,115265831.0
3814,CELR,cbridge,2024-05-31,2024-05,118944539.0
3814,CELR,cbridge,2024-06-30,2024-06,105746417.0
3814,CELR,cbridge,2024-07-31,2024-07,94227954.0
3814,CELR,cbridge,2024-08-31,2024-08,87012008.0
3814,CELR,cbridge,2024-09-30,2024-09,88670344.0
3814,CELR,cbridge,2024-10-31,2024-10,71091973.0
3814,CELR,cbridge,2024-11-30,2024-11,79726282.0
3814,CELR,cbridge,2024-12-31,2024-12,77942993.0
3814,CELR,cbridge,2025-01-31,2025-01,69209466.0
3814,CELR,cbridge,2025-02-28,2025-02,62180753.0
3814,CELR,cbridge,2025-03-31,2025-03,57365840.0
3814,CELR,cbridge,2025-04-30,2025-04,54819178.0
3814,CELR,cbridge,2025-05-31,2025-05,56633958.0
3814,CELR,cbridge,2025-06-30,2025-06,66291722.0
3814,CELR,cbridge,2025-07-31,2025-07,67776949.0
3814,CELR,cbridge,2025-08-31,2025-08,65205039.0
3814,CELR,cbridge,2025-09-30,2025-09,61132612.0
3814,CELR,cbridge,2025-10-31,2025-10,56499654.0
3814,CELR,cbridge,2025-11-30,2025-11,51684053.0
3814,CELR,cbridge,2025-12-31,2025-12,49458524.0
3814,CELR,cbridge,2026-01-31,2026-01,50480652.0
3814,CELR,cbridge,2026-03-31,2026-03,22506954.0
3814,CELR,cbridge,2026-04-30,2026-04,18061169.0
3814,CELR,cbridge,2026-05-31,2026-05,17853581.0
3835,ORBS,orbs,2024-12-31,2024-12,0.0
3835,ORBS,orbs,2025-01-31,2025-01,0.0
3835,ORBS,orbs,2025-02-28,2025-02,0.0
3835,ORBS,orbs,2025-03-31,2025-03,0.0
3835,ORBS,orbs,2025-04-30,2025-04,0.0
3835,ORBS,orbs,2025-05-31,2025-05,0.0
3835,ORBS,orbs,2025-06-30,2025-06,0.0
3835,ORBS,orbs,2025-07-31,2025-07,0.0
3835,ORBS,orbs,2025-08-31,2025-08,0.0
3835,ORBS,orbs,2025-09-30,2025-09,0.0
3835,ORBS,orbs,2025-10-31,2025-10,0.0
3835,ORBS,orbs,2025-11-30,2025-11,0.0
3835,ORBS,orbs,2025-12-31,2025-12,0.0
3835,ORBS,orbs,2026-01-31,2026-01,0.0
3835,ORBS,orbs,2026-02-28,2026-02,0.0
3835,ORBS,orbs,2026-03-31,2026-03,0.0
3835,ORBS,orbs,2026-04-30,2026-04,0.0
3835,ORBS,orbs,2026-05-31,2026-05,0.0
3928,IDEX,idex-v1,2017-09-30,2017-09,0.0
3928,IDEX,idex-v1,2017-10-31,2017-10,0.0
3928,IDEX,idex-v1,2017-11-30,2017-11,0.0
3928,IDEX,idex-v1,2017-12-31,2017-12,0.0
3928,IDEX,idex-v1,2018-01-31,2018-01,0.0
3928,IDEX,idex-v1,2018-02-28,2018-02,11293137.0
3928,IDEX,idex-v1,2018-03-31,2018-03,10975192.0
3928,IDEX,idex-v1,2018-04-30,2018-04,21963401.0
3928,IDEX,idex-v1,2018-05-31,2018-05,24410362.0
3928,IDEX,idex-v1,2018-06-30,2018-06,19432473.0
3928,IDEX,idex-v1,2018-07-31,2018-07,19908278.0
3928,IDEX,idex-v1,2018-08-31,2018-08,12662323.0
3928,IDEX,idex-v1,2018-09-30,2018-09,11923381.0
3928,IDEX,idex-v1,2018-10-31,2018-10,11972378.0
3928,IDEX,idex-v1,2018-11-30,2018-11,6036592.0
3928,IDEX,idex-v1,2018-12-31,2018-12,0.0
3928,IDEX,idex-v1,2019-01-31,2019-01,5403731.0
3928,IDEX,idex-v1,2019-02-28,2019-02,6542558.0
3928,IDEX,idex-v1,2019-03-31,2019-03,7531432.0
3928,IDEX,idex-v1,2019-04-30,2019-04,8438729.0
3928,IDEX,idex-v1,2019-05-31,2019-05,11087199.0
3928,IDEX,idex-v1,2019-06-30,2019-06,14780362.0
3928,IDEX,idex-v1,2019-07-31,2019-07,9455791.0
3928,IDEX,idex-v1,2019-08-31,2019-08,7162114.0
3928,IDEX,idex-v1,2019-09-30,2019-09,7486516.0
3928,IDEX,idex-v1,2019-10-31,2019-10,7890148.0
3928,IDEX,idex-v1,2019-11-30,2019-11,6543417.0
3928,IDEX,idex-v1,2019-12-31,2019-12,5719388.0
3928,IDEX,idex-v1,2020-01-31,2020-01,7915301.0
3928,IDEX,idex-v1,2020-02-29,2020-02,8789012.0
3928,IDEX,idex-v1,2020-03-31,2020-03,5236145.0
3928,IDEX,idex-v1,2020-04-30,2020-04,9145875.0
3928,IDEX,idex-v1,2020-05-31,2020-05,11342681.0
3928,IDEX,idex-v1,2020-06-30,2020-06,11221911.0
3928,IDEX,idex-v1,2020-07-31,2020-07,14922718.0
3928,IDEX,idex-v1,2020-08-31,2020-08,20174147.0
3928,IDEX,idex-v1,2020-09-30,2020-09,13469097.0
3928,IDEX,idex-v1,2020-10-31,2020-10,10354805.0
3928,IDEX,idex-v1,2020-11-30,2020-11,13826559.0
3928,IDEX,idex-v1,2020-12-31,2020-12,16794128.0
3928,IDEX,idex-v1,2021-01-31,2021-01,28594315.0
3928,IDEX,idex-v1,2021-02-28,2021-02,28975424.0
3928,IDEX,idex-v1,2021-03-31,2021-03,35671672.0
3928,IDEX,idex-v1,2021-04-30,2021-04,52184736.0
3928,IDEX,idex-v1,2021-05-31,2021-05,43691664.0
3928,IDEX,idex-v1,2021-06-30,2021-06,39681768.0
3928,IDEX,idex-v1,2021-07-31,2021-07,44560481.0
3928,IDEX,idex-v1,2021-08-31,2021-08,58345346.0
3928,IDEX,idex-v1,2021-09-30,2021-09,51185410.0
3928,IDEX,idex-v1,2021-10-31,2021-10,76613169.0
3928,IDEX,idex-v1,2021-11-30,2021-11,78982782.0
3928,IDEX,idex-v1,2021-12-31,2021-12,64724540.0
3928,IDEX,idex-v1,2022-01-31,2022-01,46191885.0
3928,IDEX,idex-v1,2022-02-28,2022-02,49079527.0
3928,IDEX,idex-v1,2022-03-31,2022-03,59646676.0
3928,IDEX,idex-v1,2022-04-30,2022-04,49637763.0
3928,IDEX,idex-v1,2022-05-31,2022-05,35190715.0
3928,IDEX,idex-v1,2022-06-30,2022-06,19347180.0
3928,IDEX,idex-v1,2022-07-31,2022-07,29793301.0
3928,IDEX,idex-v1,2022-08-31,2022-08,26716449.0
3928,IDEX,idex-v1,2022-09-30,2022-09,23330865.0
3928,IDEX,idex-v1,2022-10-31,2022-10,27791951.0
3928,IDEX,idex-v1,2022-11-30,2022-11,21318001.0
3928,IDEX,idex-v1,2022-12-31,2022-12,20984677.0
3928,IDEX,idex-v1,2023-01-31,2023-01,27004671.0
3928,IDEX,idex-v1,2023-02-28,2023-02,28034418.0
3928,IDEX,idex-v1,2023-03-31,2023-03,30758004.0
3928,IDEX,idex-v1,2023-04-30,2023-04,32708552.0
3928,IDEX,idex-v1,2023-05-31,2023-05,32564526.0
3928,IDEX,idex-v1,2023-06-30,2023-06,31714910.0
3928,IDEX,idex-v1,2023-07-31,2023-07,31829836.0
3928,IDEX,idex-v1,2023-08-31,2023-08,29198149.0
3928,IDEX,idex-v1,2023-09-30,2023-09,28495665.0
3928,IDEX,idex-v1,2023-10-31,2023-10,30927660.0
3928,IDEX,idex-v1,2023-11-30,2023-11,34650018.0
3928,IDEX,idex-v1,2023-12-31,2023-12,39029073.0
3928,IDEX,idex-v1,2024-01-31,2024-01,39938912.0
3928,IDEX,idex-v1,2024-02-29,2024-02,57476588.0
3928,IDEX,idex-v1,2024-03-31,2024-03,59602836.0
3928,IDEX,idex-v1,2024-04-30,2024-04,54655914.0
3928,IDEX,idex-v1,2024-05-31,2024-05,63674498.0
3928,IDEX,idex-v1,2024-06-30,2024-06,57308442.0
3928,IDEX,idex-v1,2024-07-31,2024-07,55666501.0
3928,IDEX,idex-v1,2024-08-31,2024-08,42848104.0
3928,IDEX,idex-v1,2024-09-30,2024-09,45065382.0
3928,IDEX,idex-v1,2024-10-31,2024-10,45061372.0
3928,IDEX,idex-v1,2024-11-30,2024-11,60946956.0
3928,IDEX,idex-v1,2024-12-31,2024-12,56908713.0
3928,IDEX,idex-v1,2025-01-31,2025-01,54981342.0
3928,IDEX,idex-v1,2025-02-28,2025-02,39022201.0
3928,IDEX,idex-v1,2025-03-31,2025-03,30567623.0
3928,IDEX,idex-v1,2025-04-30,2025-04,30462557.0
3928,IDEX,idex-v1,2025-05-31,2025-05,42777993.0
3928,IDEX,idex-v1,2025-06-30,2025-06,41771734.0
3928,IDEX,idex-v1,2025-07-31,2025-07,63486203.0
3928,IDEX,idex-v1,2025-08-31,2025-08,73115663.0
3928,IDEX,idex-v1,2025-09-30,2025-09,69945662.0
3928,IDEX,idex-v1,2025-10-31,2025-10,63165024.0
3928,IDEX,idex-v1,2025-11-30,2025-11,49505893.0
3928,IDEX,idex-v1,2025-12-31,2025-12,49040764.0
3928,IDEX,idex-v1,2026-01-31,2026-01,44656571.0
3928,IDEX,idex-v1,2026-02-28,2026-02,31963499.0
3928,IDEX,idex-v1,2026-03-31,2026-03,33386744.0
3928,IDEX,idex-v1,2026-04-30,2026-04,36762207.0
3928,IDEX,idex-v1,2026-05-31,2026-05,32643698.0
3930,TT,thundercore-staking,2023-04-30,2023-04,4580098.0
3930,TT,thundercore-staking,2023-05-31,2023-05,3899198.0
3930,TT,thundercore-staking,2023-06-30,2023-06,3453173.0
3930,TT,thundercore-staking,2023-07-31,2023-07,2285115.0
3930,TT,thundercore-staking,2023-08-31,2023-08,1946447.0
3930,TT,thundercore-staking,2023-09-30,2023-09,2485607.0
3930,TT,thundercore-staking,2023-10-31,2023-10,3087032.0
3930,TT,thundercore-staking,2023-11-30,2023-11,2669823.0
3930,TT,thundercore-staking,2023-12-31,2023-12,3061093.0
3930,TT,thundercore-staking,2024-01-31,2024-01,2171219.0
3930,TT,thundercore-staking,2024-02-29,2024-02,2716102.0
3930,TT,thundercore-staking,2024-03-31,2024-03,2474362.0
3930,TT,thundercore-staking,2024-04-30,2024-04,2243335.0
3930,TT,thundercore-staking,2024-05-31,2024-05,2539207.0
3930,TT,thundercore-staking,2024-06-30,2024-06,1904562.0
3930,TT,thundercore-staking,2024-07-31,2024-07,2165193.0
3930,TT,thundercore-staking,2024-08-31,2024-08,2078903.0
3930,TT,thundercore-staking,2024-09-30,2024-09,2466230.0
3930,TT,thundercore-staking,2024-10-31,2024-10,2094760.0
3930,TT,thundercore-staking,2024-11-30,2024-11,2457776.0
3930,TT,thundercore-staking,2024-12-31,2024-12,2070184.0
3930,TT,thundercore-staking,2025-01-31,2025-01,2026605.0
3930,TT,thundercore-staking,2025-02-28,2025-02,2213870.0
3930,TT,thundercore-staking,2025-03-31,2025-03,1885279.0
3930,TT,thundercore-staking,2025-04-30,2025-04,2171520.0
3930,TT,thundercore-staking,2025-05-31,2025-05,1976001.0
3930,TT,thundercore-staking,2025-06-30,2025-06,1912391.0
3930,TT,thundercore-staking,2025-07-31,2025-07,1622215.0
3930,TT,thundercore-staking,2025-08-31,2025-08,1459105.0
3930,TT,thundercore-staking,2025-09-30,2025-09,1190538.0
3930,TT,thundercore-staking,2025-10-31,2025-10,942548.0
3930,TT,thundercore-staking,2025-11-30,2025-11,795591.0
3930,TT,thundercore-staking,2025-12-31,2025-12,709835.0
3930,TT,thundercore-staking,2026-01-31,2026-01,674622.0
3930,TT,thundercore-staking,2026-02-28,2026-02,589628.0
3930,TT,thundercore-staking,2026-03-31,2026-03,571535.0
3930,TT,thundercore-staking,2026-04-30,2026-04,614207.0
3930,TT,thundercore-staking,2026-05-31,2026-05,537651.0
4090,WXT,nereus-finance,2022-02-28,2022-02,2917782.0
4090,WXT,nereus-finance,2022-03-31,2022-03,18400091.0
4090,WXT,nereus-finance,2022-04-30,2022-04,29315321.0
4090,WXT,nereus-finance,2022-05-31,2022-05,18046443.0
4090,WXT,nereus-finance,2022-06-30,2022-06,12380309.0
4090,WXT,nereus-finance,2022-07-31,2022-07,15168518.0
4090,WXT,nereus-finance,2022-08-31,2022-08,13961713.0
4090,WXT,nereus-finance,2022-09-30,2022-09,11659446.0
4090,WXT,nereus-finance,2022-10-31,2022-10,11393089.0
4090,WXT,nereus-finance,2022-11-30,2022-11,10112954.0
4090,WXT,nereus-finance,2022-12-31,2022-12,6683650.0
4090,WXT,nereus-finance,2023-01-31,2023-01,3139439.0
4090,WXT,nereus-finance,2023-02-28,2023-02,1772336.0
4090,WXT,nereus-finance,2023-03-31,2023-03,1024134.0
4090,WXT,nereus-finance,2023-04-30,2023-04,1033017.0
4090,WXT,nereus-finance,2023-05-31,2023-05,566916.0
4090,WXT,nereus-finance,2023-06-30,2023-06,380952.0
4090,WXT,nereus-finance,2023-07-31,2023-07,338495.0
4090,WXT,nereus-finance,2023-08-31,2023-08,248358.0
4090,WXT,nereus-finance,2023-09-30,2023-09,222615.0
4090,WXT,nereus-finance,2023-10-31,2023-10,184166.0
4090,WXT,nereus-finance,2023-11-30,2023-11,230260.0
4090,WXT,nereus-finance,2023-12-31,2023-12,264841.0
4090,WXT,nereus-finance,2024-01-31,2024-01,261909.0
4090,WXT,nereus-finance,2024-02-29,2024-02,264268.0
4090,WXT,nereus-finance,2024-03-31,2024-03,206133.0
4090,WXT,nereus-finance,2024-04-30,2024-04,195971.0
4090,WXT,nereus-finance,2024-05-31,2024-05,197627.0
4090,WXT,nereus-finance,2024-06-30,2024-06,161642.0
4090,WXT,nereus-finance,2024-07-31,2024-07,174993.0
4090,WXT,nereus-finance,2024-08-31,2024-08,135853.0
4090,WXT,nereus-finance,2024-09-30,2024-09,126903.0
4090,WXT,nereus-finance,2024-10-31,2024-10,74621.0
4090,WXT,nereus-finance,2024-11-30,2024-11,103640.0
4090,WXT,nereus-finance,2024-12-31,2024-12,91963.0
4090,WXT,nereus-finance,2025-01-31,2025-01,116443.0
4090,WXT,nereus-finance,2025-02-28,2025-02,98487.0
4090,WXT,nereus-finance,2025-03-31,2025-03,85655.0
4090,WXT,nereus-finance,2025-04-30,2025-04,88701.0
4090,WXT,nereus-finance,2025-05-31,2025-05,86180.0
4090,WXT,nereus-finance,2025-06-30,2025-06,87328.0
4090,WXT,nereus-finance,2025-07-31,2025-07,90456.0
4090,WXT,nereus-finance,2025-08-31,2025-08,74086.0
4090,WXT,nereus-finance,2025-09-30,2025-09,73944.0
4090,WXT,nereus-finance,2025-10-31,2025-10,68184.0
4090,WXT,nereus-finance,2025-11-30,2025-11,62730.0
4090,WXT,nereus-finance,2025-12-31,2025-12,74499.0
4090,WXT,nereus-finance,2026-01-31,2026-01,72176.0
4090,WXT,nereus-finance,2026-02-28,2026-02,73302.0
4090,WXT,nereus-finance,2026-03-31,2026-03,63109.0
4090,WXT,nereus-finance,2026-04-30,2026-04,60452.0
4090,WXT,nereus-finance,2026-05-31,2026-05,69759.0
4134,AKRO,akropolis,2020-08-31,2020-08,0.0
4134,AKRO,akropolis,2020-09-30,2020-09,0.0
4134,AKRO,akropolis,2020-10-31,2020-10,0.0
4134,AKRO,akropolis,2020-11-30,2020-11,0.0
4134,AKRO,akropolis,2020-12-31,2020-12,0.0
4134,AKRO,akropolis,2021-01-31,2021-01,0.0
4134,AKRO,akropolis,2021-02-28,2021-02,0.0
4134,AKRO,akropolis,2021-03-31,2021-03,0.0
4134,AKRO,akropolis,2021-04-30,2021-04,0.0
4134,AKRO,akropolis,2021-05-31,2021-05,0.0
4134,AKRO,akropolis,2021-06-30,2021-06,0.0
4134,AKRO,akropolis,2021-07-31,2021-07,0.0
4134,AKRO,akropolis,2021-08-31,2021-08,0.0
4134,AKRO,akropolis,2021-09-30,2021-09,0.0
4134,AKRO,akropolis,2021-10-31,2021-10,0.0
4134,AKRO,akropolis,2021-11-30,2021-11,0.0
4134,AKRO,akropolis,2021-12-31,2021-12,0.0
4134,AKRO,akropolis,2022-01-31,2022-01,0.0
4134,AKRO,akropolis,2022-02-28,2022-02,0.0
4134,AKRO,akropolis,2022-03-31,2022-03,0.0
4134,AKRO,akropolis,2022-04-30,2022-04,0.0
4134,AKRO,akropolis,2022-05-31,2022-05,0.0
4134,AKRO,akropolis,2022-06-30,2022-06,0.0
4134,AKRO,akropolis,2022-07-31,2022-07,0.0
4134,AKRO,akropolis,2022-08-31,2022-08,0.0
4134,AKRO,akropolis,2022-09-30,2022-09,0.0
4134,AKRO,akropolis,2022-10-31,2022-10,0.0
4134,AKRO,akropolis,2022-11-30,2022-11,0.0
4134,AKRO,akropolis,2022-12-31,2022-12,0.0
4134,AKRO,akropolis,2023-01-31,2023-01,0.0
4134,AKRO,akropolis,2023-02-28,2023-02,0.0
4134,AKRO,akropolis,2023-03-31,2023-03,0.0
4134,AKRO,akropolis,2023-04-30,2023-04,0.0
4134,AKRO,akropolis,2023-05-31,2023-05,0.0
4134,AKRO,akropolis,2023-06-30,2023-06,0.0
4134,AKRO,akropolis,2023-07-31,2023-07,0.0
4134,AKRO,akropolis,2023-08-31,2023-08,0.0
4134,AKRO,akropolis,2023-09-30,2023-09,0.0
4134,AKRO,akropolis,2023-10-31,2023-10,0.0
4134,AKRO,akropolis,2023-11-30,2023-11,0.0
4134,AKRO,akropolis,2023-12-31,2023-12,0.0
4134,AKRO,akropolis,2024-01-31,2024-01,0.0
4134,AKRO,akropolis,2024-02-29,2024-02,0.0
4134,AKRO,akropolis,2024-03-31,2024-03,0.0
4134,AKRO,akropolis,2024-04-30,2024-04,0.0
4134,AKRO,akropolis,2024-05-31,2024-05,0.0
4134,AKRO,akropolis,2024-06-30,2024-06,0.0
4134,AKRO,akropolis,2024-07-31,2024-07,0.0
4134,AKRO,akropolis,2024-08-31,2024-08,0.0
4134,AKRO,akropolis,2024-09-30,2024-09,0.0
4134,AKRO,akropolis,2024-10-31,2024-10,0.0
4134,AKRO,akropolis,2024-11-30,2024-11,0.0
4134,AKRO,akropolis,2024-12-31,2024-12,0.0
4134,AKRO,akropolis,2025-01-31,2025-01,0.0
4134,AKRO,akropolis,2025-02-28,2025-02,0.0
4134,AKRO,akropolis,2025-03-31,2025-03,0.0
4134,AKRO,akropolis,2025-04-30,2025-04,0.0
4134,AKRO,akropolis,2025-05-31,2025-05,0.0
4134,AKRO,akropolis,2025-06-30,2025-06,0.0
4134,AKRO,akropolis,2025-07-31,2025-07,0.0
4134,AKRO,akropolis,2025-08-31,2025-08,0.0
4134,AKRO,akropolis,2025-09-30,2025-09,0.0
4134,AKRO,akropolis,2025-10-31,2025-10,0.0
4134,AKRO,akropolis,2025-11-30,2025-11,0.0
4134,AKRO,akropolis,2025-12-31,2025-12,0.0
4134,AKRO,akropolis,2026-01-31,2026-01,0.0
4134,AKRO,akropolis,2026-02-28,2026-02,0.0
4134,AKRO,akropolis,2026-03-31,2026-03,0.0
4134,AKRO,akropolis,2026-04-30,2026-04,0.0
4134,AKRO,akropolis,2026-05-31,2026-05,0.0
4157,RUNE,thorchain-dex,2021-04-30,2021-04,23737380.0
4157,RUNE,thorchain-dex,2021-05-31,2021-05,69648381.0
4157,RUNE,thorchain-dex,2021-06-30,2021-06,94838230.0
4157,RUNE,thorchain-dex,2021-07-31,2021-07,101753995.0
4157,RUNE,thorchain-dex,2021-08-31,2021-08,101749674.0
4157,RUNE,thorchain-dex,2021-09-30,2021-09,147531022.0
4157,RUNE,thorchain-dex,2021-10-31,2021-10,268960730.0
4157,RUNE,thorchain-dex,2021-11-30,2021-11,300313833.0
4157,RUNE,thorchain-dex,2021-12-31,2021-12,190734898.0
4157,RUNE,thorchain-dex,2022-01-31,2022-01,152934151.0
4157,RUNE,thorchain-dex,2022-02-28,2022-02,149037350.0
4157,RUNE,thorchain-dex,2022-03-31,2022-03,517058729.0
4157,RUNE,thorchain-dex,2022-04-30,2022-04,432175680.0
4157,RUNE,thorchain-dex,2022-05-31,2022-05,170284728.0
4157,RUNE,thorchain-dex,2022-06-30,2022-06,121996536.0
4157,RUNE,thorchain-dex,2022-07-31,2022-07,162659949.0
4157,RUNE,thorchain-dex,2022-08-31,2022-08,128872954.0
4157,RUNE,thorchain-dex,2022-09-30,2022-09,106269093.0
4157,RUNE,thorchain-dex,2022-10-31,2022-10,108570325.0
4157,RUNE,thorchain-dex,2022-11-30,2022-11,87930125.0
4157,RUNE,thorchain-dex,2022-12-31,2022-12,93312164.0
4157,RUNE,thorchain-dex,2023-01-31,2023-01,132359433.0
4157,RUNE,thorchain-dex,2023-02-28,2023-02,126285003.0
4157,RUNE,thorchain-dex,2023-03-31,2023-03,118291191.0
4157,RUNE,thorchain-dex,2023-04-30,2023-04,114657460.0
4157,RUNE,thorchain-dex,2023-05-31,2023-05,106265827.0
4157,RUNE,thorchain-dex,2023-06-30,2023-06,93411150.0
4157,RUNE,thorchain-dex,2023-07-31,2023-07,89685852.0
4157,RUNE,thorchain-dex,2023-08-31,2023-08,114918838.0
4157,RUNE,thorchain-dex,2023-09-30,2023-09,124020324.0
4157,RUNE,thorchain-dex,2023-10-31,2023-10,191940751.0
4157,RUNE,thorchain-dex,2023-11-30,2023-11,319999607.0
4157,RUNE,thorchain-dex,2023-12-31,2023-12,321449342.0
4157,RUNE,thorchain-dex,2024-01-31,2024-01,294191942.0
4157,RUNE,thorchain-dex,2024-02-29,2024-02,379045479.0
4157,RUNE,thorchain-dex,2024-03-31,2024-03,447769592.0
4157,RUNE,thorchain-dex,2024-04-30,2024-04,313208853.0
4157,RUNE,thorchain-dex,2024-05-31,2024-05,360574175.0
4157,RUNE,thorchain-dex,2024-06-30,2024-06,244731785.0
4157,RUNE,thorchain-dex,2024-07-31,2024-07,261725413.0
4157,RUNE,thorchain-dex,2024-08-31,2024-08,220924347.0
4157,RUNE,thorchain-dex,2024-09-30,2024-09,268550391.0
4157,RUNE,thorchain-dex,2024-10-31,2024-10,277773194.0
4157,RUNE,thorchain-dex,2024-11-30,2024-11,342688345.0
4157,RUNE,thorchain-dex,2024-12-31,2024-12,289920554.0
4157,RUNE,thorchain-dex,2025-01-31,2025-01,179889381.0
4157,RUNE,thorchain-dex,2025-02-28,2025-02,119035774.0
4157,RUNE,thorchain-dex,2025-03-31,2025-03,110151855.0
4157,RUNE,thorchain-dex,2025-04-30,2025-04,126589080.0
4157,RUNE,thorchain-dex,2025-05-31,2025-05,146594246.0
4157,RUNE,thorchain-dex,2025-06-30,2025-06,139221416.0
4157,RUNE,thorchain-dex,2025-07-31,2025-07,150013574.0
4157,RUNE,thorchain-dex,2025-08-31,2025-08,143873286.0
4157,RUNE,thorchain-dex,2025-09-30,2025-09,141179758.0
4157,RUNE,thorchain-dex,2025-10-31,2025-10,115089547.0
4157,RUNE,thorchain-dex,2025-11-30,2025-11,92848435.0
4157,RUNE,thorchain-dex,2025-12-31,2025-12,85619276.0
4157,RUNE,thorchain-dex,2026-01-31,2026-01,80139230.0
4157,RUNE,thorchain-dex,2026-02-28,2026-02,63759955.0
4157,RUNE,thorchain-dex,2026-03-31,2026-03,63846403.0
4157,RUNE,thorchain-dex,2026-04-30,2026-04,74708298.0
4157,RUNE,thorchain-dex,2026-05-31,2026-05,67099807.0
4279,SXP,swipe,2021-03-31,2021-03,45482254.0
4279,SXP,swipe,2021-04-30,2021-04,50200975.0
4279,SXP,swipe,2021-05-31,2021-05,6397407.0
4279,SXP,swipe,2021-06-30,2021-06,4474815.0
4279,SXP,swipe,2021-07-31,2021-07,5069057.0
4279,SXP,swipe,2021-08-31,2021-08,6167841.0
4279,SXP,swipe,2021-09-30,2021-09,4866168.0
4279,SXP,swipe,2021-10-31,2021-10,4266406.0
4279,SXP,swipe,2021-11-30,2021-11,3884960.0
4279,SXP,swipe,2021-12-31,2021-12,3214488.0
4279,SXP,swipe,2022-01-31,2022-01,2107835.0
4279,SXP,swipe,2022-02-28,2022-02,2001857.0
4279,SXP,swipe,2022-03-31,2022-03,1941486.0
4279,SXP,swipe,2022-04-30,2022-04,1800739.0
4279,SXP,swipe,2022-05-31,2022-05,1640405.0
4279,SXP,swipe,2022-06-30,2022-06,1627454.0
4279,SXP,swipe,2022-07-31,2022-07,1636155.0
4279,SXP,swipe,2022-08-31,2022-08,177214.0
4279,SXP,swipe,2022-09-30,2022-09,172111.0
4279,SXP,swipe,2022-10-31,2022-10,171460.0
4279,SXP,swipe,2022-11-30,2022-11,160150.0
4279,SXP,swipe,2022-12-31,2022-12,142782.0
4279,SXP,swipe,2023-01-31,2023-01,166766.0
4279,SXP,swipe,2023-02-28,2023-02,171296.0
4279,SXP,swipe,2023-03-31,2023-03,188228.0
4279,SXP,swipe,2023-04-30,2023-04,195452.0
4279,SXP,swipe,2023-05-31,2023-05,183150.0
4279,SXP,swipe,2023-06-30,2023-06,167670.0
4279,SXP,swipe,2023-07-31,2023-07,171366.0
4279,SXP,swipe,2023-08-31,2023-08,140052.0
4279,SXP,swipe,2023-09-30,2023-09,138235.0
4279,SXP,swipe,2023-10-31,2023-10,144869.0
4279,SXP,swipe,2023-11-30,2023-11,144900.0
4279,SXP,swipe,2023-12-31,2023-12,32436.0
4279,SXP,swipe,2024-01-31,2024-01,32851.0
4279,SXP,swipe,2024-02-29,2024-02,38143.0
4279,SXP,swipe,2024-03-31,2024-03,43990.0
4279,SXP,swipe,2024-04-30,2024-04,21077.0
4279,SXP,swipe,2024-05-31,2024-05,22510.0
4279,SXP,swipe,2024-06-30,2024-06,20258.0
4279,SXP,swipe,2024-07-31,2024-07,21398.0
4279,SXP,swipe,2024-08-31,2024-08,20295.0
4279,SXP,swipe,2024-09-30,2024-09,22814.0
4279,SXP,swipe,2024-10-31,2024-10,23140.0
4279,SXP,swipe,2024-11-30,2024-11,34213.0
4279,SXP,swipe,2024-12-31,2024-12,37171.0
4279,SXP,swipe,2025-01-31,2025-01,35865.0
4279,SXP,swipe,2025-02-28,2025-02,28277.0
4279,SXP,swipe,2025-03-31,2025-03,27286.0
4279,SXP,swipe,2025-04-30,2025-04,27324.0
4279,SXP,swipe,2025-05-31,2025-05,28863.0
4279,SXP,swipe,2025-06-30,2025-06,28168.0
4279,SXP,swipe,2025-07-31,2025-07,28925.0
4279,SXP,swipe,2025-08-31,2025-08,28753.0
4279,SXP,swipe,2025-09-30,2025-09,31961.0
4279,SXP,swipe,2025-10-31,2025-10,32807.0
4279,SXP,swipe,2025-11-30,2025-11,29070.0
4279,SXP,swipe,2025-12-31,2025-12,30179.0
4279,SXP,swipe,2026-01-31,2026-01,28945.0
4279,SXP,swipe,2026-02-28,2026-02,21036.0
4279,SXP,swipe,2026-03-31,2026-03,18204.0
4279,SXP,swipe,2026-04-30,2026-04,18143.0
4279,SXP,swipe,2026-05-31,2026-05,18433.0
5015,HEX,hex,2019-12-31,2019-12,0.0
5015,HEX,hex,2020-01-31,2020-01,0.0
5015,HEX,hex,2020-02-29,2020-02,0.0
5015,HEX,hex,2020-03-31,2020-03,0.0
5015,HEX,hex,2020-04-30,2020-04,0.0
5015,HEX,hex,2020-05-31,2020-05,0.0
5015,HEX,hex,2020-06-30,2020-06,0.0
5015,HEX,hex,2020-07-31,2020-07,0.0
5015,HEX,hex,2020-08-31,2020-08,0.0
5015,HEX,hex,2020-09-30,2020-09,0.0
5015,HEX,hex,2020-10-31,2020-10,0.0
5015,HEX,hex,2020-11-30,2020-11,0.0
5015,HEX,hex,2020-12-31,2020-12,0.0
5015,HEX,hex,2021-01-31,2021-01,0.0
5015,HEX,hex,2021-02-28,2021-02,0.0
5015,HEX,hex,2021-03-31,2021-03,0.0
5015,HEX,hex,2021-04-30,2021-04,0.0
5015,HEX,hex,2021-05-31,2021-05,0.0
5015,HEX,hex,2021-06-30,2021-06,0.0
5015,HEX,hex,2021-07-31,2021-07,0.0
5015,HEX,hex,2021-08-31,2021-08,0.0
5015,HEX,hex,2021-09-30,2021-09,0.0
5015,HEX,hex,2021-10-31,2021-10,0.0
5015,HEX,hex,2021-11-30,2021-11,0.0
5015,HEX,hex,2021-12-31,2021-12,0.0
5015,HEX,hex,2022-01-31,2022-01,0.0
5015,HEX,hex,2022-02-28,2022-02,0.0
5015,HEX,hex,2022-03-31,2022-03,0.0
5015,HEX,hex,2022-04-30,2022-04,0.0
5015,HEX,hex,2022-05-31,2022-05,0.0
5015,HEX,hex,2022-06-30,2022-06,0.0
5015,HEX,hex,2022-07-31,2022-07,0.0
5015,HEX,hex,2022-08-31,2022-08,0.0
5015,HEX,hex,2022-09-30,2022-09,0.0
5015,HEX,hex,2022-10-31,2022-10,0.0
5015,HEX,hex,2022-11-30,2022-11,0.0
5015,HEX,hex,2022-12-31,2022-12,0.0
5015,HEX,hex,2023-01-31,2023-01,0.0
5015,HEX,hex,2023-02-28,2023-02,0.0
5015,HEX,hex,2023-03-31,2023-03,0.0
5015,HEX,hex,2023-04-30,2023-04,0.0
5015,HEX,hex,2023-05-31,2023-05,0.0
5015,HEX,hex,2023-06-30,2023-06,0.0
5015,HEX,hex,2023-07-31,2023-07,0.0
5015,HEX,hex,2023-08-31,2023-08,0.0
5015,HEX,hex,2023-09-30,2023-09,0.0
5015,HEX,hex,2023-10-31,2023-10,0.0
5015,HEX,hex,2023-11-30,2023-11,0.0
5015,HEX,hex,2023-12-31,2023-12,0.0
5015,HEX,hex,2024-01-31,2024-01,0.0
5015,HEX,hex,2024-02-29,2024-02,0.0
5015,HEX,hex,2024-03-31,2024-03,0.0
5015,HEX,hex,2024-04-30,2024-04,0.0
5015,HEX,hex,2024-05-31,2024-05,0.0
5015,HEX,hex,2024-06-30,2024-06,0.0
5015,HEX,hex,2024-07-31,2024-07,0.0
5015,HEX,hex,2024-08-31,2024-08,0.0
5015,HEX,hex,2024-09-30,2024-09,0.0
5015,HEX,hex,2024-10-31,2024-10,0.0
5015,HEX,hex,2024-11-30,2024-11,0.0
5015,HEX,hex,2024-12-31,2024-12,0.0
5015,HEX,hex,2025-01-31,2025-01,0.0
5015,HEX,hex,2025-02-28,2025-02,0.0
5015,HEX,hex,2025-03-31,2025-03,0.0
5015,HEX,hex,2025-04-30,2025-04,0.0
5015,HEX,hex,2025-05-31,2025-05,0.0
5015,HEX,hex,2025-06-30,2025-06,0.0
5015,HEX,hex,2025-07-31,2025-07,0.0
5015,HEX,hex,2025-08-31,2025-08,0.0
5015,HEX,hex,2025-09-30,2025-09,0.0
5015,HEX,hex,2025-10-31,2025-10,0.0
5015,HEX,hex,2025-11-30,2025-11,0.0
5015,HEX,hex,2025-12-31,2025-12,0.0
5015,HEX,hex,2026-01-31,2026-01,0.0
5015,HEX,hex,2026-02-28,2026-02,0.0
5015,HEX,hex,2026-03-31,2026-03,0.0
5015,HEX,hex,2026-04-30,2026-04,0.0
5015,HEX,hex,2026-05-31,2026-05,0.0
5190,FLEX,coinflex,2022-05-31,2022-05,0.0
5190,FLEX,coinflex,2022-06-30,2022-06,0.0
5190,FLEX,coinflex,2022-07-31,2022-07,0.0
5190,FLEX,coinflex,2022-08-31,2022-08,0.0
5190,FLEX,coinflex,2022-09-30,2022-09,0.0
5190,FLEX,coinflex,2022-10-31,2022-10,0.0
5190,FLEX,coinflex,2022-11-30,2022-11,0.0
5190,FLEX,coinflex,2022-12-31,2022-12,0.0
5190,FLEX,coinflex,2023-01-31,2023-01,0.0
5190,FLEX,coinflex,2023-02-28,2023-02,0.0
5190,FLEX,coinflex,2023-03-31,2023-03,0.0
5190,FLEX,coinflex,2023-04-30,2023-04,0.0
5190,FLEX,coinflex,2023-05-31,2023-05,0.0
5190,FLEX,coinflex,2023-06-30,2023-06,0.0
5190,FLEX,coinflex,2023-07-31,2023-07,0.0
5190,FLEX,coinflex,2023-08-31,2023-08,0.0
5190,FLEX,coinflex,2023-09-30,2023-09,0.0
5190,FLEX,coinflex,2023-10-31,2023-10,0.0
5190,FLEX,coinflex,2023-11-30,2023-11,0.0
5190,FLEX,coinflex,2023-12-31,2023-12,0.0
5190,FLEX,coinflex,2024-01-31,2024-01,0.0
5190,FLEX,coinflex,2024-02-29,2024-02,0.0
5190,FLEX,coinflex,2024-03-31,2024-03,0.0
5190,FLEX,coinflex,2024-04-30,2024-04,0.0
5190,FLEX,coinflex,2024-05-31,2024-05,0.0
5190,FLEX,coinflex,2024-06-30,2024-06,0.0
5190,FLEX,coinflex,2024-07-31,2024-07,0.0
5190,FLEX,coinflex,2024-08-31,2024-08,0.0
5190,FLEX,coinflex,2024-09-30,2024-09,0.0
5190,FLEX,coinflex,2024-10-31,2024-10,0.0
5190,FLEX,coinflex,2024-11-30,2024-11,0.0
5190,FLEX,coinflex,2024-12-31,2024-12,0.0
5190,FLEX,coinflex,2025-01-31,2025-01,0.0
5190,FLEX,coinflex,2025-02-28,2025-02,0.0
5190,FLEX,coinflex,2025-03-31,2025-03,0.0
5190,FLEX,coinflex,2025-04-30,2025-04,0.0
5190,FLEX,coinflex,2025-05-31,2025-05,0.0
5190,FLEX,coinflex,2025-06-30,2025-06,0.0
5190,FLEX,coinflex,2025-07-31,2025-07,0.0
5190,FLEX,coinflex,2025-08-31,2025-08,0.0
5190,FLEX,coinflex,2025-09-30,2025-09,0.0
5190,FLEX,coinflex,2025-10-31,2025-10,0.0
5190,FLEX,coinflex,2025-11-30,2025-11,0.0
5190,FLEX,coinflex,2025-12-31,2025-12,0.0
5190,FLEX,coinflex,2026-01-31,2026-01,0.0
5190,FLEX,coinflex,2026-02-28,2026-02,0.0
5190,FLEX,coinflex,2026-03-31,2026-03,0.0
5190,FLEX,coinflex,2026-04-30,2026-04,0.0
5190,FLEX,coinflex,2026-05-31,2026-05,0.0
5326,ORC,orbit-bridge,2022-08-31,2022-08,290926763.0
5326,ORC,orbit-bridge,2022-09-30,2022-09,273342266.0
5326,ORC,orbit-bridge,2022-10-31,2022-10,237781316.0
5326,ORC,orbit-bridge,2022-11-30,2022-11,194292667.0
5326,ORC,orbit-bridge,2022-12-31,2022-12,173748609.0
5326,ORC,orbit-bridge,2023-01-31,2023-01,191692214.0
5326,ORC,orbit-bridge,2023-02-28,2023-02,193829826.0
5326,ORC,orbit-bridge,2023-03-31,2023-03,186896363.0
5326,ORC,orbit-bridge,2023-04-30,2023-04,150701521.0
5326,ORC,orbit-bridge,2023-05-31,2023-05,137312239.0
5326,ORC,orbit-bridge,2023-06-30,2023-06,124945206.0
5326,ORC,orbit-bridge,2023-07-31,2023-07,134388824.0
5326,ORC,orbit-bridge,2023-08-31,2023-08,120193219.0
5326,ORC,orbit-bridge,2023-09-30,2023-09,118413987.0
5326,ORC,orbit-bridge,2023-10-31,2023-10,123789933.0
5326,ORC,orbit-bridge,2023-11-30,2023-11,126541060.0
5326,ORC,orbit-bridge,2023-12-31,2023-12,149251389.0
5326,ORC,orbit-bridge,2024-01-31,2024-01,61556150.0
5326,ORC,orbit-bridge,2024-02-29,2024-02,65351274.0
5326,ORC,orbit-bridge,2024-03-31,2024-03,46687484.0
5326,ORC,orbit-bridge,2024-04-30,2024-04,38737139.0
5326,ORC,orbit-bridge,2024-05-31,2024-05,39494855.0
5326,ORC,orbit-bridge,2024-06-30,2024-06,34440696.0
5326,ORC,orbit-bridge,2024-07-31,2024-07,40212430.0
5326,ORC,orbit-bridge,2024-08-31,2024-08,35016725.0
5326,ORC,orbit-bridge,2024-09-30,2024-09,18491115.0
5326,ORC,orbit-bridge,2024-10-31,2024-10,3156963.0
5326,ORC,orbit-bridge,2024-11-30,2024-11,3994091.0
5326,ORC,orbit-bridge,2024-12-31,2024-12,3032901.0
5326,ORC,orbit-bridge,2025-01-31,2025-01,3097362.0
5326,ORC,orbit-bridge,2025-02-28,2025-02,33233947.0
5326,ORC,orbit-bridge,2025-03-31,2025-03,30564882.0
5326,ORC,orbit-bridge,2025-04-30,2025-04,31164241.0
5326,ORC,orbit-bridge,2025-05-31,2025-05,30013565.0
5326,ORC,orbit-bridge,2025-06-30,2025-06,30748398.0
5326,ORC,orbit-bridge,2025-07-31,2025-07,35510459.0
5326,ORC,orbit-bridge,2025-08-31,2025-08,30770678.0
5326,ORC,orbit-bridge,2025-09-30,2025-09,30715932.0
5326,ORC,orbit-bridge,2025-10-31,2025-10,26932944.0
5326,ORC,orbit-bridge,2025-11-30,2025-11,23576699.0
5326,ORC,orbit-bridge,2025-12-31,2025-12,20738189.0
5326,ORC,orbit-bridge,2026-01-31,2026-01,19551377.0
5326,ORC,orbit-bridge,2026-02-28,2026-02,15418305.0
5326,ORC,orbit-bridge,2026-03-31,2026-03,15182152.0
5326,ORC,orbit-bridge,2026-04-30,2026-04,15829362.0
5326,ORC,orbit-bridge,2026-05-31,2026-05,17338058.0
5354,PEAK,peakdefi,2021-03-31,2021-03,577568.0
5354,PEAK,peakdefi,2021-04-30,2021-04,590417.0
5354,PEAK,peakdefi,2021-05-31,2021-05,669575.0
5354,PEAK,peakdefi,2021-06-30,2021-06,706065.0
5354,PEAK,peakdefi,2021-07-31,2021-07,683185.0
5354,PEAK,peakdefi,2021-08-31,2021-08,1878.0
5354,PEAK,peakdefi,2021-09-30,2021-09,862018.0
5354,PEAK,peakdefi,2021-10-31,2021-10,1139540.0
5354,PEAK,peakdefi,2021-11-30,2021-11,993296.0
5354,PEAK,peakdefi,2021-12-31,2021-12,838426.0
5354,PEAK,peakdefi,2022-01-31,2022-01,625055.0
5354,PEAK,peakdefi,2022-02-28,2022-02,511045.0
5354,PEAK,peakdefi,2022-03-31,2022-03,704509.0
5354,PEAK,peakdefi,2022-04-30,2022-04,581544.0
5354,PEAK,peakdefi,2022-05-31,2022-05,446326.0
5354,PEAK,peakdefi,2022-06-30,2022-06,338073.0
5354,PEAK,peakdefi,2022-07-31,2022-07,361798.0
5354,PEAK,peakdefi,2022-08-31,2022-08,339593.0
5354,PEAK,peakdefi,2022-09-30,2022-09,227048.0
5354,PEAK,peakdefi,2022-10-31,2022-10,249767.0
5354,PEAK,peakdefi,2022-11-30,2022-11,85228.0
5354,PEAK,peakdefi,2022-12-31,2022-12,54668.0
5354,PEAK,peakdefi,2023-01-31,2023-01,54104.0
5354,PEAK,peakdefi,2023-02-28,2023-02,112867.0
5354,PEAK,peakdefi,2023-03-31,2023-03,111110.0
5354,PEAK,peakdefi,2023-04-30,2023-04,110763.0
5354,PEAK,peakdefi,2023-05-31,2023-05,110760.0
5354,PEAK,peakdefi,2023-06-30,2023-06,110765.0
5354,PEAK,peakdefi,2023-07-31,2023-07,110778.0
5354,PEAK,peakdefi,2023-08-31,2023-08,110888.0
5354,PEAK,peakdefi,2023-09-30,2023-09,110778.0
5354,PEAK,peakdefi,2023-10-31,2023-10,110646.0
5354,PEAK,peakdefi,2023-11-30,2023-11,110774.0
5354,PEAK,peakdefi,2023-12-31,2023-12,110563.0
5354,PEAK,peakdefi,2024-01-31,2024-01,110664.0
5354,PEAK,peakdefi,2024-02-29,2024-02,110631.0
5354,PEAK,peakdefi,2024-03-31,2024-03,110774.0
5354,PEAK,peakdefi,2024-04-30,2024-04,110664.0
5354,PEAK,peakdefi,2024-05-31,2024-05,110625.0
5354,PEAK,peakdefi,2024-06-30,2024-06,110644.0
5354,PEAK,peakdefi,2024-07-31,2024-07,110664.0
5354,PEAK,peakdefi,2024-08-31,2024-08,110627.0
5354,PEAK,peakdefi,2024-09-30,2024-09,110565.0
5354,PEAK,peakdefi,2024-10-31,2024-10,110590.0
5354,PEAK,peakdefi,2024-11-30,2024-11,110628.0
5354,PEAK,peakdefi,2024-12-31,2024-12,110774.0
5354,PEAK,peakdefi,2025-01-31,2025-01,110664.0
5354,PEAK,peakdefi,2025-02-28,2025-02,110651.0
5354,PEAK,peakdefi,2025-03-31,2025-03,110660.0
5354,PEAK,peakdefi,2025-04-30,2025-04,110659.0
5354,PEAK,peakdefi,2025-05-31,2025-05,110624.0
5354,PEAK,peakdefi,2025-06-30,2025-06,110626.0
5354,PEAK,peakdefi,2025-07-31,2025-07,110623.0
5354,PEAK,peakdefi,2025-08-31,2025-08,110622.0
5354,PEAK,peakdefi,2025-09-30,2025-09,110599.0
5354,PEAK,peakdefi,2025-10-31,2025-10,110614.0
5354,PEAK,peakdefi,2025-11-30,2025-11,110621.0
5354,PEAK,peakdefi,2025-12-31,2025-12,110626.0
5354,PEAK,peakdefi,2026-01-31,2026-01,110603.0
5354,PEAK,peakdefi,2026-02-28,2026-02,110633.0
5354,PEAK,peakdefi,2026-03-31,2026-03,110602.0
5354,PEAK,peakdefi,2026-04-30,2026-04,110620.0
5354,PEAK,peakdefi,2026-05-31,2026-05,110605.0
5566,KEEP,keep-network,2020-10-31,2020-10,12962531.0
5566,KEEP,keep-network,2020-11-30,2020-11,102743380.0
5566,KEEP,keep-network,2020-12-31,2020-12,154685914.0
5566,KEEP,keep-network,2021-01-31,2021-01,231210716.0
5566,KEEP,keep-network,2021-02-28,2021-02,243418202.0
5566,KEEP,keep-network,2021-03-31,2021-03,361544288.0
5566,KEEP,keep-network,2021-04-30,2021-04,368898254.0
5566,KEEP,keep-network,2021-05-31,2021-05,192917977.0
5566,KEEP,keep-network,2021-06-30,2021-06,157509157.0
5566,KEEP,keep-network,2021-07-31,2021-07,172354483.0
5566,KEEP,keep-network,2021-08-31,2021-08,232853042.0
5566,KEEP,keep-network,2021-09-30,2021-09,185411436.0
5566,KEEP,keep-network,2021-10-31,2021-10,259475109.0
5566,KEEP,keep-network,2021-11-30,2021-11,272631008.0
5566,KEEP,keep-network,2021-12-31,2021-12,221635874.0
5566,KEEP,keep-network,2022-01-31,2022-01,141510562.0
5566,KEEP,keep-network,2022-02-28,2022-02,177777280.0
5566,KEEP,keep-network,2022-03-31,2022-03,184336891.0
5566,KEEP,keep-network,2022-04-30,2022-04,139058406.0
5566,KEEP,keep-network,2022-05-31,2022-05,71405108.0
5566,KEEP,keep-network,2022-06-30,2022-06,24004215.0
5566,KEEP,keep-network,2022-07-31,2022-07,32256610.0
5566,KEEP,keep-network,2022-08-31,2022-08,28345463.0
5566,KEEP,keep-network,2022-09-30,2022-09,24273811.0
5566,KEEP,keep-network,2022-10-31,2022-10,27772923.0
5566,KEEP,keep-network,2022-11-30,2022-11,22293583.0
5566,KEEP,keep-network,2022-12-31,2022-12,21291167.0
5566,KEEP,keep-network,2023-01-31,2023-01,28133977.0
5566,KEEP,keep-network,2023-02-28,2023-02,6094040.0
5566,KEEP,keep-network,2023-03-31,2023-03,2530597.0
5566,KEEP,keep-network,2023-04-30,2023-04,970103.0
5566,KEEP,keep-network,2023-05-31,2023-05,927913.0
5566,KEEP,keep-network,2023-06-30,2023-06,977446.0
5566,KEEP,keep-network,2023-07-31,2023-07,950352.0
5566,KEEP,keep-network,2023-08-31,2023-08,890234.0
5566,KEEP,keep-network,2023-09-30,2023-09,875657.0
5566,KEEP,keep-network,2023-10-31,2023-10,907916.0
5566,KEEP,keep-network,2023-11-30,2023-11,1005426.0
5566,KEEP,keep-network,2023-12-31,2023-12,1128770.0
5566,KEEP,keep-network,2024-01-31,2024-01,549983.0
5566,KEEP,keep-network,2024-02-29,2024-02,1671646.0
5566,KEEP,keep-network,2024-03-31,2024-03,1797171.0
5566,KEEP,keep-network,2024-04-30,2024-04,1624810.0
5566,KEEP,keep-network,2024-05-31,2024-05,1833169.0
5566,KEEP,keep-network,2024-06-30,2024-06,1640624.0
5566,KEEP,keep-network,2024-07-31,2024-07,1695692.0
5566,KEEP,keep-network,2024-08-31,2024-08,1416097.0
5566,KEEP,keep-network,2024-09-30,2024-09,1541857.0
5566,KEEP,keep-network,2024-10-31,2024-10,1638707.0
5566,KEEP,keep-network,2024-11-30,2024-11,2205207.0
5566,KEEP,keep-network,2024-12-31,2024-12,1894688.0
5566,KEEP,keep-network,2025-01-31,2025-01,1704192.0
5566,KEEP,keep-network,2025-02-28,2025-02,1299174.0
5566,KEEP,keep-network,2025-03-31,2025-03,1159591.0
5566,KEEP,keep-network,2025-04-30,2025-04,1271052.0
5566,KEEP,keep-network,2025-05-31,2025-05,1530296.0
5566,KEEP,keep-network,2025-06-30,2025-06,1557099.0
5566,KEEP,keep-network,2025-07-31,2025-07,1963523.0
5566,KEEP,keep-network,2025-08-31,2025-08,2005344.0
5566,KEEP,keep-network,2025-09-30,2025-09,2010102.0
5566,KEEP,keep-network,2025-10-31,2025-10,1869298.0
5566,KEEP,keep-network,2025-11-30,2025-11,1243306.0
5566,KEEP,keep-network,2025-12-31,2025-12,1223206.0
5566,KEEP,keep-network,2026-01-31,2026-01,1134477.0
5566,KEEP,keep-network,2026-02-28,2026-02,848231.0
5566,KEEP,keep-network,2026-03-31,2026-03,739769.0
5566,KEEP,keep-network,2026-04-30,2026-04,836253.0
5566,KEEP,keep-network,2026-05-31,2026-05,767337.0
5601,STAKE,xdai-stake-bridge,2020-10-31,2020-10,4281213.0
5601,STAKE,xdai-stake-bridge,2020-11-30,2020-11,4631825.0
5601,STAKE,xdai-stake-bridge,2020-12-31,2020-12,3920635.0
5601,STAKE,xdai-stake-bridge,2021-01-31,2021-01,10076155.0
5601,STAKE,xdai-stake-bridge,2021-02-28,2021-02,23634730.0
5601,STAKE,xdai-stake-bridge,2021-03-31,2021-03,65195913.0
5601,STAKE,xdai-stake-bridge,2021-04-30,2021-04,78688999.0
5601,STAKE,xdai-stake-bridge,2021-05-31,2021-05,130884770.0
5601,STAKE,xdai-stake-bridge,2021-06-30,2021-06,110919349.0
5601,STAKE,xdai-stake-bridge,2021-07-31,2021-07,278705779.0
5601,STAKE,xdai-stake-bridge,2021-08-31,2021-08,458607659.0
5601,STAKE,xdai-stake-bridge,2021-09-30,2021-09,447566859.0
5601,STAKE,xdai-stake-bridge,2021-10-31,2021-10,359324659.0
5601,STAKE,xdai-stake-bridge,2021-11-30,2021-11,285904498.0
5601,STAKE,xdai-stake-bridge,2021-12-31,2021-12,1186632790.0
5601,STAKE,xdai-stake-bridge,2022-01-31,2022-01,695337236.0
5601,STAKE,xdai-stake-bridge,2022-02-28,2022-02,730116617.0
5601,STAKE,xdai-stake-bridge,2022-03-31,2022-03,752341738.0
5601,STAKE,xdai-stake-bridge,2022-04-30,2022-04,565358036.0
5601,STAKE,xdai-stake-bridge,2022-05-31,2022-05,325635207.0
5601,STAKE,xdai-stake-bridge,2022-06-30,2022-06,219185404.0
5601,STAKE,xdai-stake-bridge,2022-07-31,2022-07,273840115.0
5601,STAKE,xdai-stake-bridge,2022-08-31,2022-08,242032008.0
5601,STAKE,xdai-stake-bridge,2022-09-30,2022-09,279678552.0
5601,STAKE,xdai-stake-bridge,2022-10-31,2022-10,231125798.0
5601,STAKE,xdai-stake-bridge,2022-11-30,2022-11,160236098.0
5601,STAKE,xdai-stake-bridge,2022-12-31,2022-12,140498165.0
5601,STAKE,xdai-stake-bridge,2023-01-31,2023-01,161575230.0
5601,STAKE,xdai-stake-bridge,2023-02-28,2023-02,163747431.0
5601,STAKE,xdai-stake-bridge,2023-03-31,2023-03,161971140.0
5601,STAKE,xdai-stake-bridge,2023-04-30,2023-04,159348555.0
5601,STAKE,xdai-stake-bridge,2023-05-31,2023-05,151463954.0
5601,STAKE,xdai-stake-bridge,2023-06-30,2023-06,143165064.0
5601,STAKE,xdai-stake-bridge,2023-07-31,2023-07,149857528.0
5601,STAKE,xdai-stake-bridge,2023-08-31,2023-08,162611915.0
5601,STAKE,xdai-stake-bridge,2023-09-30,2023-09,171291085.0
5601,STAKE,xdai-stake-bridge,2023-10-31,2023-10,240364658.0
5601,STAKE,xdai-stake-bridge,2023-11-30,2023-11,394752894.0
5601,STAKE,xdai-stake-bridge,2023-12-31,2023-12,423100864.0
5601,STAKE,xdai-stake-bridge,2024-01-31,2024-01,470770165.0
5601,STAKE,xdai-stake-bridge,2024-02-29,2024-02,739248335.0
5601,STAKE,xdai-stake-bridge,2024-03-31,2024-03,715024082.0
5601,STAKE,xdai-stake-bridge,2024-04-30,2024-04,666205538.0
5601,STAKE,xdai-stake-bridge,2024-05-31,2024-05,710914025.0
5601,STAKE,xdai-stake-bridge,2024-06-30,2024-06,603974742.0
5601,STAKE,xdai-stake-bridge,2024-07-31,2024-07,513561784.0
5601,STAKE,xdai-stake-bridge,2024-08-31,2024-08,398230317.0
5601,STAKE,xdai-stake-bridge,2024-09-30,2024-09,439458368.0
5601,STAKE,xdai-stake-bridge,2024-10-31,2024-10,492516091.0
5601,STAKE,xdai-stake-bridge,2024-11-30,2024-11,638287841.0
5601,STAKE,xdai-stake-bridge,2024-12-31,2024-12,613261050.0
5601,STAKE,xdai-stake-bridge,2025-01-31,2025-01,509944824.0
5601,STAKE,xdai-stake-bridge,2025-02-28,2025-02,369424059.0
5601,STAKE,xdai-stake-bridge,2025-03-31,2025-03,302011814.0
5601,STAKE,xdai-stake-bridge,2025-04-30,2025-04,297728849.0
5601,STAKE,xdai-stake-bridge,2025-05-31,2025-05,342437534.0
5601,STAKE,xdai-stake-bridge,2025-06-30,2025-06,304800322.0
5601,STAKE,xdai-stake-bridge,2025-07-31,2025-07,384256039.0
5601,STAKE,xdai-stake-bridge,2025-08-31,2025-08,473770960.0
5601,STAKE,xdai-stake-bridge,2025-09-30,2025-09,408533931.0
5601,STAKE,xdai-stake-bridge,2025-10-31,2025-10,379203219.0
5601,STAKE,xdai-stake-bridge,2025-11-30,2025-11,353812533.0
5601,STAKE,xdai-stake-bridge,2025-12-31,2025-12,325869618.0
5601,STAKE,xdai-stake-bridge,2026-01-31,2026-01,321148062.0
5601,STAKE,xdai-stake-bridge,2026-02-28,2026-02,287486476.0
5601,STAKE,xdai-stake-bridge,2026-03-31,2026-03,272760823.0
5601,STAKE,xdai-stake-bridge,2026-04-30,2026-04,289994223.0
5601,STAKE,xdai-stake-bridge,2026-05-31,2026-05,265489363.0
5631,ORN,dedust,2023-03-31,2023-03,324560.0
5631,ORN,dedust,2023-04-30,2023-04,963608.0
5631,ORN,dedust,2023-05-31,2023-05,1485078.0
5631,ORN,dedust,2023-06-30,2023-06,4808231.0
5631,ORN,dedust,2023-07-31,2023-07,1530413.0
5631,ORN,dedust,2023-08-31,2023-08,2031735.0
5631,ORN,dedust,2023-09-30,2023-09,2870303.0
5631,ORN,dedust,2023-10-31,2023-10,2707190.0
5631,ORN,dedust,2023-11-30,2023-11,2986742.0
5631,ORN,dedust,2023-12-31,2023-12,5700947.0
5631,ORN,dedust,2024-01-31,2024-01,7491644.0
5631,ORN,dedust,2024-02-29,2024-02,8021987.0
5631,ORN,dedust,2024-03-31,2024-03,35565734.0
5631,ORN,dedust,2024-04-30,2024-04,49013026.0
5631,ORN,dedust,2024-05-31,2024-05,79529424.0
5631,ORN,dedust,2024-06-30,2024-06,349263859.0
5631,ORN,dedust,2024-07-31,2024-07,338859806.0
5631,ORN,dedust,2024-08-31,2024-08,134818179.0
5631,ORN,dedust,2024-09-30,2024-09,172523165.0
5631,ORN,dedust,2024-10-31,2024-10,145569728.0
5631,ORN,dedust,2024-11-30,2024-11,107026706.0
5631,ORN,dedust,2024-12-31,2024-12,72200579.0
5631,ORN,dedust,2025-01-31,2025-01,47816467.0
5631,ORN,dedust,2025-02-28,2025-02,19975254.0
5631,ORN,dedust,2025-03-31,2025-03,16871901.0
5631,ORN,dedust,2025-04-30,2025-04,13298148.0
5631,ORN,dedust,2025-05-31,2025-05,13564824.0
5631,ORN,dedust,2025-06-30,2025-06,12010713.0
5631,ORN,dedust,2025-07-31,2025-07,12513750.0
5631,ORN,dedust,2025-08-31,2025-08,11785669.0
5631,ORN,dedust,2025-09-30,2025-09,10218193.0
5631,ORN,dedust,2025-10-31,2025-10,8428401.0
5631,ORN,dedust,2025-11-30,2025-11,6319082.0
5631,ORN,dedust,2025-12-31,2025-12,6046854.0
5631,ORN,dedust,2026-01-31,2026-01,5295483.0
5631,ORN,dedust,2026-02-28,2026-02,4601765.0
5631,ORN,dedust,2026-03-31,2026-03,4118736.0
5631,ORN,dedust,2026-04-30,2026-04,4369742.0
5631,ORN,dedust,2026-05-31,2026-05,5925842.0
5692,COMP,compound-finance,2018-09-30,2018-09,2871881.0
5692,COMP,compound-finance,2018-10-31,2018-10,3407850.0
5692,COMP,compound-finance,2018-11-30,2018-11,5851643.0
5692,COMP,compound-finance,2018-12-31,2018-12,3149383.0
5692,COMP,compound-finance,2019-01-31,2019-01,8386518.0
5692,COMP,compound-finance,2019-02-28,2019-02,9902221.0
5692,COMP,compound-finance,2019-03-31,2019-03,11624691.0
5692,COMP,compound-finance,2019-04-30,2019-04,15783567.0
5692,COMP,compound-finance,2019-05-31,2019-05,24370888.0
5692,COMP,compound-finance,2019-06-30,2019-06,42972382.0
5692,COMP,compound-finance,2019-07-31,2019-07,91582007.0
5692,COMP,compound-finance,2019-08-31,2019-08,107602288.0
5692,COMP,compound-finance,2019-09-30,2019-09,105469592.0
5692,COMP,compound-finance,2019-10-31,2019-10,115998149.0
5692,COMP,compound-finance,2019-11-30,2019-11,88801271.0
5692,COMP,compound-finance,2019-12-31,2019-12,80406375.0
5692,COMP,compound-finance,2020-01-31,2020-01,98335523.0
5692,COMP,compound-finance,2020-02-29,2020-02,143485406.0
5692,COMP,compound-finance,2020-03-31,2020-03,86143382.0
5692,COMP,compound-finance,2020-04-30,2020-04,94965409.0
5692,COMP,compound-finance,2020-05-31,2020-05,100515502.0
5692,COMP,compound-finance,2020-06-30,2020-06,605770555.0
5692,COMP,compound-finance,2020-07-31,2020-07,720442966.0
5692,COMP,compound-finance,2020-08-31,2020-08,773733337.0
5692,COMP,compound-finance,2020-09-30,2020-09,829472924.0
5692,COMP,compound-finance,2020-10-31,2020-10,1081824089.0
5692,COMP,compound-finance,2020-11-30,2020-11,1609817650.0
5692,COMP,compound-finance,2020-12-31,2020-12,1976622971.0
5692,COMP,compound-finance,2021-01-31,2021-01,3327266034.0
5692,COMP,compound-finance,2021-02-28,2021-02,4478244070.0
5692,COMP,compound-finance,2021-03-31,2021-03,7714501392.0
5692,COMP,compound-finance,2021-04-30,2021-04,8904741255.0
5692,COMP,compound-finance,2021-05-31,2021-05,7150814625.0
5692,COMP,compound-finance,2021-06-30,2021-06,6158683293.0
5692,COMP,compound-finance,2021-07-31,2021-07,8897665108.0
5692,COMP,compound-finance,2021-08-31,2021-08,10541855179.0
5692,COMP,compound-finance,2021-09-30,2021-09,9732370014.0
5692,COMP,compound-finance,2021-10-31,2021-10,10979517086.0
5692,COMP,compound-finance,2021-11-30,2021-11,11795385817.0
5692,COMP,compound-finance,2021-12-31,2021-12,9071744157.0
5692,COMP,compound-finance,2022-01-31,2022-01,6645654833.0
5692,COMP,compound-finance,2022-02-28,2022-02,6734976625.0
5692,COMP,compound-finance,2022-03-31,2022-03,6959133625.0
5692,COMP,compound-finance,2022-04-30,2022-04,5920313454.0
5692,COMP,compound-finance,2022-05-31,2022-05,4331470642.0
5692,COMP,compound-finance,2022-06-30,2022-06,2755666207.0
5692,COMP,compound-finance,2022-07-31,2022-07,2962563786.0
5692,COMP,compound-finance,2022-08-31,2022-08,2667408413.0
5692,COMP,compound-finance,2022-09-30,2022-09,2339544221.0
5692,COMP,compound-finance,2022-10-31,2022-10,2362045748.0
5692,COMP,compound-finance,2022-11-30,2022-11,1686136601.0
5692,COMP,compound-finance,2022-12-31,2022-12,1646498589.0
5692,COMP,compound-finance,2023-01-31,2023-01,1932028765.0
5692,COMP,compound-finance,2023-02-28,2023-02,1941744208.0
5692,COMP,compound-finance,2023-03-31,2023-03,1994811731.0
5692,COMP,compound-finance,2023-04-30,2023-04,1948270577.0
5692,COMP,compound-finance,2023-05-31,2023-05,1903365820.0
5692,COMP,compound-finance,2023-06-30,2023-06,1869622374.0
5692,COMP,compound-finance,2023-07-31,2023-07,2245772738.0
5692,COMP,compound-finance,2023-08-31,2023-08,1947898576.0
5692,COMP,compound-finance,2023-09-30,2023-09,1920609261.0
5692,COMP,compound-finance,2023-10-31,2023-10,2215368187.0
5692,COMP,compound-finance,2023-11-30,2023-11,2235886774.0
5692,COMP,compound-finance,2023-12-31,2023-12,2284810982.0
5692,COMP,compound-finance,2024-01-31,2024-01,2182554995.0
5692,COMP,compound-finance,2024-02-29,2024-02,2854631784.0
5692,COMP,compound-finance,2024-03-31,2024-03,2768752603.0
5692,COMP,compound-finance,2024-04-30,2024-04,2351985973.0
5692,COMP,compound-finance,2024-05-31,2024-05,2550919192.0
5692,COMP,compound-finance,2024-06-30,2024-06,2264260889.0
5692,COMP,compound-finance,2024-07-31,2024-07,2193373374.0
5692,COMP,compound-finance,2024-08-31,2024-08,1955530622.0
5692,COMP,compound-finance,2024-09-30,2024-09,2057351245.0
5692,COMP,compound-finance,2024-10-31,2024-10,2146969345.0
5692,COMP,compound-finance,2024-11-30,2024-11,2766086768.0
5692,COMP,compound-finance,2024-12-31,2024-12,2703435845.0
5692,COMP,compound-finance,2025-01-31,2025-01,2906221677.0
5692,COMP,compound-finance,2025-02-28,2025-02,2350912916.0
5692,COMP,compound-finance,2025-03-31,2025-03,2123029701.0
5692,COMP,compound-finance,2025-04-30,2025-04,2329302485.0
5692,COMP,compound-finance,2025-05-31,2025-05,2561819848.0
5692,COMP,compound-finance,2025-06-30,2025-06,2589689575.0
5692,COMP,compound-finance,2025-07-31,2025-07,2900133346.0
5692,COMP,compound-finance,2025-08-31,2025-08,2738082181.0
5692,COMP,compound-finance,2025-09-30,2025-09,2838176927.0
5692,COMP,compound-finance,2025-10-31,2025-10,2551151364.0
5692,COMP,compound-finance,2025-11-30,2025-11,2044634855.0
5692,COMP,compound-finance,2025-12-31,2025-12,1900179001.0
5692,COMP,compound-finance,2026-01-31,2026-01,1725230033.0
5692,COMP,compound-finance,2026-02-28,2026-02,1414509576.0
5692,COMP,compound-finance,2026-03-31,2026-03,1381130543.0
5692,COMP,compound-finance,2026-04-30,2026-04,1440253199.0
5692,COMP,compound-finance,2026-05-31,2026-05,1309240028.0
5728,BAL,balancer,2020-02-29,2020-02,126.0
5728,BAL,balancer,2020-03-31,2020-03,83440.0
5728,BAL,balancer,2020-04-30,2020-04,2649325.0
5728,BAL,balancer,2020-05-31,2020-05,8231362.0
5728,BAL,balancer,2020-06-30,2020-06,102506527.0
5728,BAL,balancer,2020-07-31,2020-07,291137907.0
5728,BAL,balancer,2020-08-31,2020-08,659046749.0
5728,BAL,balancer,2020-09-30,2020-09,489153726.0
5728,BAL,balancer,2020-10-31,2020-10,314544112.0
5728,BAL,balancer,2020-11-30,2020-11,442674405.0
5728,BAL,balancer,2020-12-31,2020-12,577939616.0
5728,BAL,balancer,2021-01-31,2021-01,863364922.0
5728,BAL,balancer,2021-02-28,2021-02,1261314541.0
5728,BAL,balancer,2021-03-31,2021-03,2017671390.0
5728,BAL,balancer,2021-04-30,2021-04,2425310230.0
5728,BAL,balancer,2021-05-31,2021-05,1423445261.0
5728,BAL,balancer,2021-06-30,2021-06,1220415951.0
5728,BAL,balancer,2021-07-31,2021-07,1972041141.0
5728,BAL,balancer,2021-08-31,2021-08,2432957059.0
5728,BAL,balancer,2021-09-30,2021-09,2050600591.0
5728,BAL,balancer,2021-10-31,2021-10,2914979939.0
5728,BAL,balancer,2021-11-30,2021-11,2753210889.0
5728,BAL,balancer,2021-12-31,2021-12,2412563670.0
5728,BAL,balancer,2022-01-31,2022-01,1954406869.0
5728,BAL,balancer,2022-02-28,2022-02,1741905702.0
5728,BAL,balancer,2022-03-31,2022-03,2149654120.0
5728,BAL,balancer,2022-04-30,2022-04,2203828646.0
5728,BAL,balancer,2022-05-31,2022-05,1053013060.0
5728,BAL,balancer,2022-06-30,2022-06,528290793.0
5728,BAL,balancer,2022-07-31,2022-07,822049712.0
5728,BAL,balancer,2022-08-31,2022-08,898774660.0
5728,BAL,balancer,2022-09-30,2022-09,853803439.0
5728,BAL,balancer,2022-10-31,2022-10,1089687319.0
5728,BAL,balancer,2022-11-30,2022-11,845545792.0
5728,BAL,balancer,2022-12-31,2022-12,873819584.0
5728,BAL,balancer,2023-01-31,2023-01,1093805241.0
5728,BAL,balancer,2023-02-28,2023-02,1255211882.0
5728,BAL,balancer,2023-03-31,2023-03,1359668166.0
5728,BAL,balancer,2023-04-30,2023-04,1225822835.0
5728,BAL,balancer,2023-05-31,2023-05,1071325925.0
5728,BAL,balancer,2023-06-30,2023-06,1032466213.0
5728,BAL,balancer,2023-07-31,2023-07,1000932517.0
5728,BAL,balancer,2023-08-31,2023-08,712957649.0
5728,BAL,balancer,2023-09-30,2023-09,718272699.0
5728,BAL,balancer,2023-10-31,2023-10,808080526.0
5728,BAL,balancer,2023-11-30,2023-11,835083106.0
5728,BAL,balancer,2023-12-31,2023-12,942548546.0
5728,BAL,balancer,2024-01-31,2024-01,946735255.0
5728,BAL,balancer,2024-02-29,2024-02,1307861837.0
5728,BAL,balancer,2024-03-31,2024-03,1254490152.0
5728,BAL,balancer,2024-04-30,2024-04,1088517119.0
5728,BAL,balancer,2024-05-31,2024-05,1133282957.0
5728,BAL,balancer,2024-06-30,2024-06,914137187.0
5728,BAL,balancer,2024-07-31,2024-07,825802444.0
5728,BAL,balancer,2024-08-31,2024-08,717367174.0
5728,BAL,balancer,2024-09-30,2024-09,781423950.0
5728,BAL,balancer,2024-10-31,2024-10,786489863.0
5728,BAL,balancer,2024-11-30,2024-11,1000614546.0
5728,BAL,balancer,2024-12-31,2024-12,1069230983.0
5728,BAL,balancer,2025-01-31,2025-01,1045037180.0
5728,BAL,balancer,2025-02-28,2025-02,765365499.0
5728,BAL,balancer,2025-03-31,2025-03,649091813.0
5728,BAL,balancer,2025-04-30,2025-04,654818663.0
5728,BAL,balancer,2025-05-31,2025-05,778880534.0
5728,BAL,balancer,2025-06-30,2025-06,762697277.0
5728,BAL,balancer,2025-07-31,2025-07,886726002.0
5728,BAL,balancer,2025-08-31,2025-08,949801691.0
5728,BAL,balancer,2025-09-30,2025-09,962542714.0
5728,BAL,balancer,2025-10-31,2025-10,779100898.0
5728,BAL,balancer,2025-11-30,2025-11,255557155.0
5728,BAL,balancer,2025-12-31,2025-12,248515324.0
5728,BAL,balancer,2026-01-31,2026-01,258647615.0
5728,BAL,balancer,2026-02-28,2026-02,173688712.0
5728,BAL,balancer,2026-03-31,2026-03,142157910.0
5728,BAL,balancer,2026-04-30,2026-04,122103635.0
5728,BAL,balancer,2026-05-31,2026-05,123486971.0
5794,PNT,pnetwork,2021-09-30,2021-09,175931126.0
5794,PNT,pnetwork,2021-10-31,2021-10,235182788.0
5794,PNT,pnetwork,2021-11-30,2021-11,239443957.0
5794,PNT,pnetwork,2021-12-31,2021-12,160624196.0
5794,PNT,pnetwork,2022-01-31,2022-01,120084866.0
5794,PNT,pnetwork,2022-02-28,2022-02,132603610.0
5794,PNT,pnetwork,2022-03-31,2022-03,145803604.0
5794,PNT,pnetwork,2022-04-30,2022-04,90500138.0
5794,PNT,pnetwork,2022-05-31,2022-05,87247536.0
5794,PNT,pnetwork,2022-06-30,2022-06,60968015.0
5794,PNT,pnetwork,2022-07-31,2022-07,65561624.0
5794,PNT,pnetwork,2022-08-31,2022-08,64726082.0
5794,PNT,pnetwork,2022-09-30,2022-09,57928192.0
5794,PNT,pnetwork,2022-10-31,2022-10,57297424.0
5794,PNT,pnetwork,2022-11-30,2022-11,57858267.0
5794,PNT,pnetwork,2022-12-31,2022-12,23110005.0
5794,PNT,pnetwork,2023-01-31,2023-01,35698938.0
5794,PNT,pnetwork,2023-02-28,2023-02,35507960.0
5794,PNT,pnetwork,2023-03-31,2023-03,34890780.0
5794,PNT,pnetwork,2023-10-31,2023-10,20395372.0
5794,PNT,pnetwork,2023-11-30,2023-11,26483123.0
5794,PNT,pnetwork,2023-12-31,2023-12,32819789.0
5794,PNT,pnetwork,2024-01-31,2024-01,31191073.0
5794,PNT,pnetwork,2024-02-29,2024-02,59831451.0
5794,PNT,pnetwork,2024-03-31,2024-03,46438347.0
5794,PNT,pnetwork,2024-04-30,2024-04,35788868.0
5794,PNT,pnetwork,2024-05-31,2024-05,31977408.0
5794,PNT,pnetwork,2024-06-30,2024-06,21534944.0
5794,PNT,pnetwork,2024-07-31,2024-07,17103714.0
5794,PNT,pnetwork,2024-08-31,2024-08,19592681.0
5794,PNT,pnetwork,2024-09-30,2024-09,14926075.0
5794,PNT,pnetwork,2024-10-31,2024-10,12022352.0
5794,PNT,pnetwork,2024-11-30,2024-11,13099805.0
5810,BZRX,ooki,2021-02-28,2021-02,71211059.0
5810,BZRX,ooki,2021-03-31,2021-03,154022991.0
5810,BZRX,ooki,2021-04-30,2021-04,613488517.0
5810,BZRX,ooki,2021-05-31,2021-05,136346994.0
5810,BZRX,ooki,2021-06-30,2021-06,89872592.0
5810,BZRX,ooki,2021-07-31,2021-07,105654476.0
5810,BZRX,ooki,2021-08-31,2021-08,134635391.0
5810,BZRX,ooki,2021-09-30,2021-09,88681133.0
5810,BZRX,ooki,2021-10-31,2021-10,198373842.0
5810,BZRX,ooki,2021-11-30,2021-11,143929707.0
5810,BZRX,ooki,2021-12-31,2021-12,99994569.0
5810,BZRX,ooki,2022-01-31,2022-01,8276745.0
5810,BZRX,ooki,2022-02-28,2022-02,75879934.0
5810,BZRX,ooki,2022-03-31,2022-03,64246641.0
5810,BZRX,ooki,2022-04-30,2022-04,69927987.0
5810,BZRX,ooki,2022-05-31,2022-05,28185755.0
5810,BZRX,ooki,2022-06-30,2022-06,18645867.0
5810,BZRX,ooki,2022-07-31,2022-07,29284499.0
5810,BZRX,ooki,2022-08-31,2022-08,36580586.0
5810,BZRX,ooki,2022-09-30,2022-09,752556.0
5810,BZRX,ooki,2022-10-31,2022-10,784703.0
5810,BZRX,ooki,2022-11-30,2022-11,633797.0
5810,BZRX,ooki,2022-12-31,2022-12,485204.0
5810,BZRX,ooki,2023-01-31,2023-01,520045.0
5810,BZRX,ooki,2023-02-28,2023-02,507156.0
5810,BZRX,ooki,2023-03-31,2023-03,485204.0
5810,BZRX,ooki,2023-04-30,2023-04,480794.0
5810,BZRX,ooki,2023-05-31,2023-05,481098.0
5810,BZRX,ooki,2023-06-30,2023-06,532142.0
5810,BZRX,ooki,2023-07-31,2023-07,447112.0
5810,BZRX,ooki,2023-08-31,2023-08,291842.0
5810,BZRX,ooki,2023-09-30,2023-09,300226.0
5810,BZRX,ooki,2023-10-31,2023-10,316141.0
5810,BZRX,ooki,2023-11-30,2023-11,294380.0
5810,BZRX,ooki,2023-12-31,2023-12,567188.0
5810,BZRX,ooki,2024-01-31,2024-01,10904.0
5810,BZRX,ooki,2024-02-29,2024-02,16875.0
5810,BZRX,ooki,2024-03-31,2024-03,13833.0
5810,BZRX,ooki,2024-04-30,2024-04,528622.0
5810,BZRX,ooki,2024-05-31,2024-05,17687.0
5810,BZRX,ooki,2024-06-30,2024-06,6554.0
5810,BZRX,ooki,2024-07-31,2024-07,6334.0
5810,BZRX,ooki,2024-08-31,2024-08,5624.0
5810,BZRX,ooki,2024-09-30,2024-09,26794.0
5810,BZRX,ooki,2024-10-31,2024-10,11142.0
5810,BZRX,ooki,2024-11-30,2024-11,13553.0
5810,BZRX,ooki,2024-12-31,2024-12,5115.0
5810,BZRX,ooki,2025-01-31,2025-01,5089.0
5810,BZRX,ooki,2025-02-28,2025-02,8266.0
5810,BZRX,ooki,2025-03-31,2025-03,8240.0
5810,BZRX,ooki,2025-04-30,2025-04,27036.0
5810,BZRX,ooki,2025-05-31,2025-05,27368.0
5810,BZRX,ooki,2025-06-30,2025-06,27516.0
5829,SWAP,team-finance,2022-06-30,2022-06,131699505.0
5829,SWAP,team-finance,2022-07-31,2022-07,178891549.0
5829,SWAP,team-finance,2022-08-31,2022-08,156827837.0
5829,SWAP,team-finance,2022-09-30,2022-09,142599736.0
5829,SWAP,team-finance,2022-10-31,2022-10,131442750.0
5829,SWAP,team-finance,2022-11-30,2022-11,102329656.0
5829,SWAP,team-finance,2022-12-31,2022-12,85106454.0
5829,SWAP,team-finance,2023-01-31,2023-01,108061984.0
5829,SWAP,team-finance,2023-02-28,2023-02,111997650.0
5829,SWAP,team-finance,2023-03-31,2023-03,112074891.0
5829,SWAP,team-finance,2023-04-30,2023-04,110237012.0
5829,SWAP,team-finance,2023-05-31,2023-05,106732100.0
5829,SWAP,team-finance,2023-06-30,2023-06,90569727.0
5829,SWAP,team-finance,2023-07-31,2023-07,94840256.0
5829,SWAP,team-finance,2023-08-31,2023-08,89265653.0
5829,SWAP,team-finance,2023-09-30,2023-09,85824455.0
5829,SWAP,team-finance,2023-10-31,2023-10,93635283.0
5829,SWAP,team-finance,2023-11-30,2023-11,108298251.0
5829,SWAP,team-finance,2023-12-31,2023-12,125621276.0
5829,SWAP,team-finance,2024-01-31,2024-01,130978309.0
5829,SWAP,team-finance,2024-02-29,2024-02,176129883.0
5829,SWAP,team-finance,2024-03-31,2024-03,211038564.0
5829,SWAP,team-finance,2024-04-30,2024-04,212342398.0
5829,SWAP,team-finance,2024-05-31,2024-05,216966615.0
5829,SWAP,team-finance,2024-07-31,2024-07,154127748.0
5829,SWAP,team-finance,2024-08-31,2024-08,116723314.0
5829,SWAP,team-finance,2024-09-30,2024-09,129770265.0
5829,SWAP,team-finance,2024-10-31,2024-10,123826395.0
5829,SWAP,team-finance,2024-11-30,2024-11,153991503.0
5829,SWAP,team-finance,2024-12-31,2024-12,145153496.0
5829,SWAP,team-finance,2025-01-31,2025-01,127718609.0
5829,SWAP,team-finance,2025-02-28,2025-02,90891732.0
5829,SWAP,team-finance,2025-03-31,2025-03,74909881.0
5829,SWAP,team-finance,2025-04-30,2025-04,73755361.0
5829,SWAP,team-finance,2025-05-31,2025-05,95302465.0
5829,SWAP,team-finance,2025-06-30,2025-06,90730005.0
5829,SWAP,team-finance,2025-07-31,2025-07,118934952.0
5829,SWAP,team-finance,2025-08-31,2025-08,126215234.0
5829,SWAP,team-finance,2025-09-30,2025-09,121469816.0
5829,SWAP,team-finance,2025-10-31,2025-10,106463254.0
5829,SWAP,team-finance,2025-11-30,2025-11,79804744.0
5829,SWAP,team-finance,2025-12-31,2025-12,73655273.0
5829,SWAP,team-finance,2026-01-31,2026-01,66398307.0
5829,SWAP,team-finance,2026-02-28,2026-02,48187947.0
5829,SWAP,team-finance,2026-03-31,2026-03,47556135.0
5829,SWAP,team-finance,2026-04-30,2026-04,53563560.0
5829,SWAP,team-finance,2026-05-31,2026-05,53553812.0
5864,YFI,yearn,2020-02-29,2020-02,6567196.0
5864,YFI,yearn,2020-03-31,2020-03,9698147.0
5864,YFI,yearn,2020-04-30,2020-04,2775942.0
5864,YFI,yearn,2020-05-31,2020-05,2559194.0
5864,YFI,yearn,2020-06-30,2020-06,7423713.0
5864,YFI,yearn,2020-07-31,2020-07,202988946.0
5864,YFI,yearn,2020-08-31,2020-08,1437930217.0
5864,YFI,yearn,2020-09-30,2020-09,1252561036.0
5864,YFI,yearn,2020-10-31,2020-10,585601127.0
5864,YFI,yearn,2020-11-30,2020-11,758282719.0
5864,YFI,yearn,2020-12-31,2020-12,540140111.0
5864,YFI,yearn,2021-01-31,2021-01,884126688.0
5864,YFI,yearn,2021-02-28,2021-02,1029285395.0
5864,YFI,yearn,2021-03-31,2021-03,1729930618.0
5864,YFI,yearn,2021-04-30,2021-04,3057829952.0
5864,YFI,yearn,2021-05-31,2021-05,3907146592.0
5864,YFI,yearn,2021-06-30,2021-06,4078236735.0
5864,YFI,yearn,2021-07-31,2021-07,3727845615.0
5864,YFI,yearn,2021-08-31,2021-08,4701077857.0
5864,YFI,yearn,2021-09-30,2021-09,4687917496.0
5864,YFI,yearn,2021-10-31,2021-10,5877957683.0
5864,YFI,yearn,2021-11-30,2021-11,5944342365.0
5864,YFI,yearn,2021-12-31,2021-12,4094159671.0
5864,YFI,yearn,2022-01-31,2022-01,4040709017.0
5864,YFI,yearn,2022-02-28,2022-02,3393905263.0
5864,YFI,yearn,2022-03-31,2022-03,3001608221.0
5864,YFI,yearn,2022-04-30,2022-04,2338892564.0
5864,YFI,yearn,2022-05-31,2022-05,1194722269.0
5864,YFI,yearn,2022-06-30,2022-06,547405696.0
5864,YFI,yearn,2022-07-31,2022-07,623510361.0
5864,YFI,yearn,2022-08-31,2022-08,509192752.0
5864,YFI,yearn,2022-09-30,2022-09,452539172.0
5864,YFI,yearn,2022-10-31,2022-10,454099428.0
5864,YFI,yearn,2022-11-30,2022-11,371610982.0
5864,YFI,yearn,2022-12-31,2022-12,357569995.0
5864,YFI,yearn,2023-01-31,2023-01,430186693.0
5864,YFI,yearn,2023-02-28,2023-02,445147246.0
5864,YFI,yearn,2023-03-31,2023-03,426528050.0
5864,YFI,yearn,2023-04-30,2023-04,472930684.0
5864,YFI,yearn,2023-05-31,2023-05,453780814.0
5864,YFI,yearn,2023-06-30,2023-06,443601837.0
5864,YFI,yearn,2023-07-31,2023-07,414159664.0
5864,YFI,yearn,2023-08-31,2023-08,378049746.0
5864,YFI,yearn,2023-09-30,2023-09,337606220.0
5864,YFI,yearn,2023-10-31,2023-10,341744285.0
5864,YFI,yearn,2023-11-30,2023-11,344068410.0
5864,YFI,yearn,2023-12-31,2023-12,347627940.0
5864,YFI,yearn,2024-01-31,2024-01,321537084.0
5864,YFI,yearn,2024-02-29,2024-02,366503725.0
5864,YFI,yearn,2024-03-31,2024-03,358499840.0
5864,YFI,yearn,2024-04-30,2024-04,306582576.0
5864,YFI,yearn,2024-05-31,2024-05,332247231.0
5864,YFI,yearn,2024-06-30,2024-06,276308518.0
5864,YFI,yearn,2024-07-31,2024-07,283548914.0
5864,YFI,yearn,2024-08-31,2024-08,224906769.0
5864,YFI,yearn,2024-09-30,2024-09,219725523.0
5864,YFI,yearn,2024-10-31,2024-10,209711931.0
5864,YFI,yearn,2024-11-30,2024-11,242994489.0
5864,YFI,yearn,2024-12-31,2024-12,252915195.0
5864,YFI,yearn,2025-01-31,2025-01,255296914.0
5864,YFI,yearn,2025-02-28,2025-02,197853481.0
5864,YFI,yearn,2025-03-31,2025-03,238285634.0
5864,YFI,yearn,2025-04-30,2025-04,209580402.0
5864,YFI,yearn,2025-05-31,2025-05,327021229.0
5864,YFI,yearn,2025-06-30,2025-06,440017231.0
5864,YFI,yearn,2025-07-31,2025-07,606813365.0
5864,YFI,yearn,2025-08-31,2025-08,730394954.0
5864,YFI,yearn,2025-09-30,2025-09,758018414.0
5864,YFI,yearn,2025-10-31,2025-10,689515298.0
5864,YFI,yearn,2025-11-30,2025-11,610595695.0
5864,YFI,yearn,2025-12-31,2025-12,542037995.0
5864,YFI,yearn,2026-01-31,2026-01,527453315.0
5864,YFI,yearn,2026-02-28,2026-02,356253521.0
5864,YFI,yearn,2026-03-31,2026-03,317267058.0
5864,YFI,yearn,2026-04-30,2026-04,225470656.0
5864,YFI,yearn,2026-05-31,2026-05,253022668.0
5906,NVT,nerve-staking,2021-06-30,2021-06,10592704.0
5906,NVT,nerve-staking,2021-07-31,2021-07,10087426.0
5906,NVT,nerve-staking,2021-08-31,2021-08,13795033.0
5906,NVT,nerve-staking,2021-09-30,2021-09,12415370.0
5906,NVT,nerve-staking,2021-10-31,2021-10,13794120.0
5906,NVT,nerve-staking,2021-11-30,2021-11,19148588.0
5906,NVT,nerve-staking,2021-12-31,2021-12,16159720.0
5906,NVT,nerve-staking,2022-01-31,2022-01,12340218.0
5906,NVT,nerve-staking,2022-02-28,2022-02,7588741.0
5906,NVT,nerve-staking,2022-03-31,2022-03,5682467.0
5906,NVT,nerve-staking,2022-04-30,2022-04,5810622.0
5906,NVT,nerve-staking,2022-05-31,2022-05,3149986.0
5906,NVT,nerve-staking,2022-06-30,2022-06,13648431.0
5906,NVT,nerve-staking,2022-07-31,2022-07,3157781.0
5906,NVT,nerve-staking,2022-08-31,2022-08,2757913.0
5906,NVT,nerve-staking,2022-09-30,2022-09,2551242.0
5906,NVT,nerve-staking,2022-10-31,2022-10,2779978.0
5906,NVT,nerve-staking,2022-11-30,2022-11,2440334.0
5906,NVT,nerve-staking,2022-12-31,2022-12,2253488.0
5906,NVT,nerve-staking,2023-01-31,2023-01,2759006.0
5906,NVT,nerve-staking,2023-02-28,2023-02,2964080.0
5906,NVT,nerve-staking,2023-03-31,2023-03,2823685.0
5906,NVT,nerve-staking,2023-04-30,2023-04,2603825.0
5906,NVT,nerve-staking,2023-05-31,2023-05,2313687.0
5906,NVT,nerve-staking,2023-06-30,2023-06,2053908.0
5906,NVT,nerve-staking,2023-07-31,2023-07,1918381.0
5906,NVT,nerve-staking,2023-08-31,2023-08,1689992.0
5906,NVT,nerve-staking,2023-09-30,2023-09,1678060.0
5906,NVT,nerve-staking,2023-10-31,2023-10,1805843.0
5906,NVT,nerve-staking,2023-11-30,2023-11,1945414.0
5906,NVT,nerve-staking,2023-12-31,2023-12,2209579.0
5906,NVT,nerve-staking,2024-01-31,2024-01,1811527.0
5906,NVT,nerve-staking,2024-02-29,2024-02,2003310.0
5906,NVT,nerve-staking,2024-03-31,2024-03,4107186.0
5906,NVT,nerve-staking,2024-04-30,2024-04,3205788.0
5906,NVT,nerve-staking,2024-05-31,2024-05,3175704.0
5906,NVT,nerve-staking,2024-06-30,2024-06,2121129.0
5906,NVT,nerve-staking,2024-07-31,2024-07,1680639.0
5906,NVT,nerve-staking,2024-08-31,2024-08,1907350.0
5906,NVT,nerve-staking,2024-09-30,2024-09,2027849.0
5906,NVT,nerve-staking,2024-10-31,2024-10,1744654.0
5906,NVT,nerve-staking,2024-11-30,2024-11,2180311.0
5906,NVT,nerve-staking,2024-12-31,2024-12,2047181.0
5906,NVT,nerve-staking,2025-01-31,2025-01,1741566.0
5906,NVT,nerve-staking,2025-02-28,2025-02,1315244.0
5906,NVT,nerve-staking,2025-03-31,2025-03,783058.0
5906,NVT,nerve-staking,2025-04-30,2025-04,616343.0
5906,NVT,nerve-staking,2025-05-31,2025-05,704878.0
5906,NVT,nerve-staking,2025-06-30,2025-06,325200.0
5906,NVT,nerve-staking,2025-07-31,2025-07,329404.0
5906,NVT,nerve-staking,2025-08-31,2025-08,356712.0
5906,NVT,nerve-staking,2025-09-30,2025-09,215091.0
5906,NVT,nerve-staking,2025-10-31,2025-10,169690.0
5906,NVT,nerve-staking,2025-11-30,2025-11,154089.0
5906,NVT,nerve-staking,2025-12-31,2025-12,148436.0
5906,NVT,nerve-staking,2026-01-31,2026-01,143468.0
5906,NVT,nerve-staking,2026-02-28,2026-02,113063.0
5906,NVT,nerve-staking,2026-03-31,2026-03,123282.0
5906,NVT,nerve-staking,2026-04-30,2026-04,132496.0
5906,NVT,nerve-staking,2026-05-31,2026-05,138603.0
5957,YFII,yfii,2021-04-30,2021-04,651247.0
5957,YFII,yfii,2021-05-31,2021-05,429146.0
5957,YFII,yfii,2021-06-30,2021-06,378230.0
5957,YFII,yfii,2021-07-31,2021-07,291062.0
5957,YFII,yfii,2021-08-31,2021-08,564976.0
5957,YFII,yfii,2021-09-30,2021-09,1219174.0
5957,YFII,yfii,2021-10-31,2021-10,1072137.0
5957,YFII,yfii,2021-11-30,2021-11,1050645.0
5957,YFII,yfii,2021-12-31,2021-12,1026867.0
5957,YFII,yfii,2022-01-31,2022-01,1139675.0
5957,YFII,yfii,2022-02-28,2022-02,295868.0
5957,YFII,yfii,2022-03-31,2022-03,317238.0
5957,YFII,yfii,2022-04-30,2022-04,141056.0
5957,YFII,yfii,2022-05-31,2022-05,113613.0
5957,YFII,yfii,2022-06-30,2022-06,86232.0
5957,YFII,yfii,2022-07-31,2022-07,108736.0
5957,YFII,yfii,2022-08-31,2022-08,96602.0
5957,YFII,yfii,2022-09-30,2022-09,92046.0
5957,YFII,yfii,2022-10-31,2022-10,101777.0
5957,YFII,yfii,2022-11-30,2022-11,93419.0
5957,YFII,yfii,2022-12-31,2022-12,92322.0
5957,YFII,yfii,2023-01-31,2023-01,101678.0
5957,YFII,yfii,2023-02-28,2023-02,102290.0
5957,YFII,yfii,2023-03-31,2023-03,98575.0
5957,YFII,yfii,2023-04-30,2023-04,100306.0
5957,YFII,yfii,2023-05-31,2023-05,101264.0
5957,YFII,yfii,2023-06-30,2023-06,100810.0
5957,YFII,yfii,2023-07-31,2023-07,102351.0
5957,YFII,yfii,2023-08-31,2023-08,97970.0
5957,YFII,yfii,2023-09-30,2023-09,100184.0
5957,YFII,yfii,2023-10-31,2023-10,104914.0
5957,YFII,yfii,2023-11-30,2023-11,115400.0
5957,YFII,yfii,2023-12-31,2023-12,120772.0
5957,YFII,yfii,2024-01-31,2024-01,139417.0
5957,YFII,yfii,2024-02-29,2024-02,147209.0
5957,YFII,yfii,2024-03-31,2024-03,158555.0
5957,YFII,yfii,2024-04-30,2024-04,160653.0
5957,YFII,yfii,2024-05-31,2024-05,184958.0
5957,YFII,yfii,2024-06-30,2024-06,184586.0
5957,YFII,yfii,2024-07-31,2024-07,192037.0
5957,YFII,yfii,2024-08-31,2024-08,182065.0
5957,YFII,yfii,2024-09-30,2024-09,196418.0
5957,YFII,yfii,2024-10-31,2024-10,208211.0
5957,YFII,yfii,2024-11-30,2024-11,251421.0
5957,YFII,yfii,2024-12-31,2024-12,256299.0
5957,YFII,yfii,2025-01-31,2025-01,264339.0
5957,YFII,yfii,2025-02-28,2025-02,239607.0
5957,YFII,yfii,2025-03-31,2025-03,231533.0
5957,YFII,yfii,2025-04-30,2025-04,241394.0
5957,YFII,yfii,2025-05-31,2025-05,280459.0
5957,YFII,yfii,2025-06-30,2025-06,291169.0
5957,YFII,yfii,2025-07-31,2025-07,360509.0
5957,YFII,yfii,2025-08-31,2025-08,400205.0
5957,YFII,yfii,2025-09-30,2025-09,405894.0
5957,YFII,yfii,2025-10-31,2025-10,400564.0
5957,YFII,yfii,2025-11-30,2025-11,372867.0
5957,YFII,yfii,2025-12-31,2025-12,382981.0
5957,YFII,yfii,2026-01-31,2026-01,381029.0
5957,YFII,yfii,2026-02-28,2026-02,350666.0
5957,YFII,yfii,2026-03-31,2026-03,366184.0
5957,YFII,yfii,2026-04-30,2026-04,390850.0
5957,YFII,yfii,2026-05-31,2026-05,386982.0
6536,OM,mantra-dao,2021-06-30,2021-06,10864266.0
6536,OM,mantra-dao,2021-07-31,2021-07,8750470.0
6536,OM,mantra-dao,2021-08-31,2021-08,12369025.0
6536,OM,mantra-dao,2021-09-30,2021-09,11247489.0
6536,OM,mantra-dao,2021-10-31,2021-10,14670250.0
6536,OM,mantra-dao,2021-11-30,2021-11,14678860.0
6536,OM,mantra-dao,2021-12-31,2021-12,12793523.0
6536,OM,mantra-dao,2022-01-31,2022-01,7826493.0
6536,OM,mantra-dao,2022-02-28,2022-02,7371144.0
6536,OM,mantra-dao,2022-03-31,2022-03,8977023.0
6536,OM,mantra-dao,2022-04-30,2022-04,9178181.0
6536,OM,mantra-dao,2022-05-31,2022-05,5327399.0
6536,OM,mantra-dao,2022-06-30,2022-06,1977125.0
6536,OM,mantra-dao,2022-07-31,2022-07,2674473.0
6536,OM,mantra-dao,2022-08-31,2022-08,2359324.0
6536,OM,mantra-dao,2022-09-30,2022-09,2222122.0
6536,OM,mantra-dao,2022-10-31,2022-10,2044921.0
6536,OM,mantra-dao,2022-11-30,2022-11,1580296.0
6536,OM,mantra-dao,2022-12-31,2022-12,1200535.0
6536,OM,mantra-dao,2023-01-31,2023-01,1582520.0
6536,OM,mantra-dao,2023-02-28,2023-02,1510384.0
6536,OM,mantra-dao,2023-03-31,2023-03,1201765.0
6536,OM,mantra-dao,2023-04-30,2023-04,1204997.0
6536,OM,mantra-dao,2023-05-31,2023-05,979710.0
6536,OM,mantra-dao,2023-06-30,2023-06,802130.0
6536,OM,mantra-dao,2023-07-31,2023-07,870851.0
6536,OM,mantra-dao,2023-08-31,2023-08,713670.0
6536,OM,mantra-dao,2023-09-30,2023-09,469093.0
6536,OM,mantra-dao,2023-10-31,2023-10,452479.0
6536,OM,mantra-dao,2023-11-30,2023-11,321360.0
6536,OM,mantra-dao,2023-12-31,2023-12,556996.0
6536,OM,mantra-dao,2024-01-31,2024-01,811303.0
6536,OM,mantra-dao,2024-02-29,2024-02,536166.0
6536,OM,mantra-dao,2024-03-31,2024-03,884473.0
6536,OM,mantra-dao,2024-04-30,2024-04,934074.0
6536,OM,mantra-dao,2024-05-31,2024-05,879455.0
6536,OM,mantra-dao,2024-06-30,2024-06,769031.0
6536,OM,mantra-dao,2024-07-31,2024-07,5173.0
6536,OM,mantra-dao,2024-08-31,2024-08,14622.0
6536,OM,mantra-dao,2024-09-30,2024-09,13344.0
6536,OM,mantra-dao,2025-04-30,2025-04,13414.0
6536,OM,mantra-dao,2025-05-31,2025-05,14256.0
6536,OM,mantra-dao,2025-06-30,2025-06,11629.0
6536,OM,mantra-dao,2025-07-31,2025-07,13104.0
6536,OM,mantra-dao,2025-08-31,2025-08,12762.0
6536,OM,mantra-dao,2025-09-30,2025-09,6292.0
6536,OM,mantra-dao,2025-10-31,2025-10,9780.0
6536,OM,mantra-dao,2025-11-30,2025-11,10424.0
6536,OM,mantra-dao,2025-12-31,2025-12,10036.0
6536,OM,mantra-dao,2026-01-31,2026-01,3289.0
6536,OM,mantra-dao,2026-02-28,2026-02,2450.0
6536,OM,mantra-dao,2026-03-31,2026-03,2480.0
6536,OM,mantra-dao,2026-04-30,2026-04,2864.0
6536,OM,mantra-dao,2026-05-31,2026-05,2719.0
6538,CRV,curve-finance,2020-02-29,2020-02,6220751.0
6538,CRV,curve-finance,2020-03-31,2020-03,8352047.0
6538,CRV,curve-finance,2020-04-30,2020-04,12697303.0
6538,CRV,curve-finance,2020-05-31,2020-05,15328991.0
6538,CRV,curve-finance,2020-06-30,2020-06,51160758.0
6538,CRV,curve-finance,2020-07-31,2020-07,272069485.0
6538,CRV,curve-finance,2020-08-31,2020-08,1304475468.0
6538,CRV,curve-finance,2020-09-30,2020-09,1574349659.0
6538,CRV,curve-finance,2020-10-31,2020-10,962660806.0
6538,CRV,curve-finance,2020-11-30,2020-11,1404382846.0
6538,CRV,curve-finance,2020-12-31,2020-12,1401696075.0
6538,CRV,curve-finance,2021-01-31,2021-01,2530194437.0
6538,CRV,curve-finance,2021-02-28,2021-02,3330932344.0
6538,CRV,curve-finance,2021-03-31,2021-03,3986499461.0
6538,CRV,curve-finance,2021-04-30,2021-04,5812206833.0
6538,CRV,curve-finance,2021-05-31,2021-05,8139501736.0
6538,CRV,curve-finance,2021-06-30,2021-06,9349440988.0
6538,CRV,curve-finance,2021-07-31,2021-07,9801794171.0
6538,CRV,curve-finance,2021-08-31,2021-08,12750026521.0
6538,CRV,curve-finance,2021-09-30,2021-09,13680499254.0
6538,CRV,curve-finance,2021-10-31,2021-10,19283974827.0
6538,CRV,curve-finance,2021-11-30,2021-11,21071065035.0
6538,CRV,curve-finance,2021-12-31,2021-12,23073479403.0
6538,CRV,curve-finance,2022-01-31,2022-01,17197457677.0
6538,CRV,curve-finance,2022-02-28,2022-02,17548896388.0
6538,CRV,curve-finance,2022-03-31,2022-03,21009165365.0
6538,CRV,curve-finance,2022-04-30,2022-04,19528676972.0
6538,CRV,curve-finance,2022-05-31,2022-05,8926109100.0
6538,CRV,curve-finance,2022-06-30,2022-06,4969954889.0
6538,CRV,curve-finance,2022-07-31,2022-07,6031359734.0
6538,CRV,curve-finance,2022-08-31,2022-08,5795410736.0
6538,CRV,curve-finance,2022-09-30,2022-09,6070207990.0
6538,CRV,curve-finance,2022-10-31,2022-10,5949137470.0
6538,CRV,curve-finance,2022-11-30,2022-11,3657622721.0
6538,CRV,curve-finance,2022-12-31,2022-12,3611001670.0
6538,CRV,curve-finance,2023-01-31,2023-01,4739574205.0
6538,CRV,curve-finance,2023-02-28,2023-02,4930628785.0
6538,CRV,curve-finance,2023-03-31,2023-03,4673833628.0
6538,CRV,curve-finance,2023-04-30,2023-04,4359299673.0
6538,CRV,curve-finance,2023-05-31,2023-05,4246263003.0
6538,CRV,curve-finance,2023-06-30,2023-06,3804973774.0
6538,CRV,curve-finance,2023-07-31,2023-07,1841766037.0
6538,CRV,curve-finance,2023-08-31,2023-08,2393098757.0
6538,CRV,curve-finance,2023-09-30,2023-09,2112252757.0
6538,CRV,curve-finance,2023-10-31,2023-10,1853359624.0
6538,CRV,curve-finance,2023-11-30,2023-11,1976180978.0
6538,CRV,curve-finance,2023-12-31,2023-12,1852990610.0
6538,CRV,curve-finance,2024-01-31,2024-01,2021301983.0
6538,CRV,curve-finance,2024-02-29,2024-02,2730334556.97166
6538,CRV,curve-finance,2024-03-31,2024-03,2674827443.88856
6538,CRV,curve-finance,2024-04-30,2024-04,2266227068.68454
6538,CRV,curve-finance,2024-05-31,2024-05,2427225025.82909
6538,CRV,curve-finance,2024-06-30,2024-06,2173476723.7322702
6538,CRV,curve-finance,2024-07-31,2024-07,2216313003.39929
6538,CRV,curve-finance,2024-08-31,2024-08,1954513747.00858
6538,CRV,curve-finance,2024-09-30,2024-09,1935604083.81275
6538,CRV,curve-finance,2024-10-31,2024-10,1775583021.63301
6538,CRV,curve-finance,2024-11-30,2024-11,1973998027.44689
6538,CRV,curve-finance,2024-12-31,2024-12,2443749910.82899
6538,CRV,curve-finance,2025-01-31,2025-01,2320059351.61687
6538,CRV,curve-finance,2025-02-28,2025-02,1862933141.03791
6538,CRV,curve-finance,2025-03-31,2025-03,1813196632.23409
6538,CRV,curve-finance,2025-04-30,2025-04,2024334675.52117
6538,CRV,curve-finance,2025-05-31,2025-05,2328375562.0081797
6538,CRV,curve-finance,2025-06-30,2025-06,2164353761.54001
6538,CRV,curve-finance,2025-07-31,2025-07,2532611776.43705
6538,CRV,curve-finance,2025-08-31,2025-08,2382388309.0016003
6538,CRV,curve-finance,2025-09-30,2025-09,2348378755.01448
6538,CRV,curve-finance,2025-10-31,2025-10,2330285478.13179
6538,CRV,curve-finance,2025-11-30,2025-11,2057502522.24898
6538,CRV,curve-finance,2025-12-31,2025-12,2093031309.55239
6538,CRV,curve-finance,2026-01-31,2026-01,1980998903.91773
6538,CRV,curve-finance,2026-02-28,2026-02,1832186630.6768
6538,CRV,curve-finance,2026-03-31,2026-03,1718592196.4359
6538,CRV,curve-finance,2026-04-30,2026-04,1691687852.21314
6538,CRV,curve-finance,2026-05-31,2026-05,1610076168.84128
6622,HAKKA,hakka-finance,2020-10-31,2020-10,1846839.0
6622,HAKKA,hakka-finance,2020-11-30,2020-11,5006859.0
6622,HAKKA,hakka-finance,2020-12-31,2020-12,4922121.0
6622,HAKKA,hakka-finance,2021-01-31,2021-01,6538680.0
6622,HAKKA,hakka-finance,2021-02-28,2021-02,5651688.0
6622,HAKKA,hakka-finance,2021-03-31,2021-03,5496370.0
6622,HAKKA,hakka-finance,2021-04-30,2021-04,7305546.0
6622,HAKKA,hakka-finance,2021-05-31,2021-05,6971380.0
6622,HAKKA,hakka-finance,2021-06-30,2021-06,7570750.0
6622,HAKKA,hakka-finance,2021-07-31,2021-07,8163667.0
6622,HAKKA,hakka-finance,2021-08-31,2021-08,10874587.0
6622,HAKKA,hakka-finance,2021-09-30,2021-09,9473854.0
6622,HAKKA,hakka-finance,2021-10-31,2021-10,14118648.0
6622,HAKKA,hakka-finance,2021-11-30,2021-11,13970064.0
6622,HAKKA,hakka-finance,2021-12-31,2021-12,11194186.0
6622,HAKKA,hakka-finance,2022-01-31,2022-01,8124787.0
6622,HAKKA,hakka-finance,2022-02-28,2022-02,7717611.0
6622,HAKKA,hakka-finance,2022-03-31,2022-03,9273218.0
6622,HAKKA,hakka-finance,2022-04-30,2022-04,7515877.0
6622,HAKKA,hakka-finance,2022-05-31,2022-05,5293739.0
6622,HAKKA,hakka-finance,2022-06-30,2022-06,2976558.0
6622,HAKKA,hakka-finance,2022-07-31,2022-07,4458771.0
6622,HAKKA,hakka-finance,2022-08-31,2022-08,4009214.0
6622,HAKKA,hakka-finance,2022-09-30,2022-09,3467607.0
6622,HAKKA,hakka-finance,2022-10-31,2022-10,4084686.0
6622,HAKKA,hakka-finance,2022-11-30,2022-11,3191781.0
6622,HAKKA,hakka-finance,2022-12-31,2022-12,2972471.0
6622,HAKKA,hakka-finance,2023-01-31,2023-01,3839152.0
6622,HAKKA,hakka-finance,2023-02-28,2023-02,3952008.0
6622,HAKKA,hakka-finance,2023-03-31,2023-03,4348457.0
6622,HAKKA,hakka-finance,2023-04-30,2023-04,4553233.0
6622,HAKKA,hakka-finance,2023-05-31,2023-05,4544820.0
6622,HAKKA,hakka-finance,2023-06-30,2023-06,4432346.0
6622,HAKKA,hakka-finance,2023-07-31,2023-07,4581969.0
6622,HAKKA,hakka-finance,2023-08-31,2023-08,4160385.0
6622,HAKKA,hakka-finance,2023-09-30,2023-09,4141675.0
6622,HAKKA,hakka-finance,2023-10-31,2023-10,4487123.0
6622,HAKKA,hakka-finance,2023-11-30,2023-11,4967038.0
6622,HAKKA,hakka-finance,2023-12-31,2023-12,5583179.0
6622,HAKKA,hakka-finance,2024-01-31,2024-01,5743993.0
6622,HAKKA,hakka-finance,2024-02-29,2024-02,8107306.0
6622,HAKKA,hakka-finance,2024-03-31,2024-03,8710112.0
6622,HAKKA,hakka-finance,2024-04-30,2024-04,7764260.0
6622,HAKKA,hakka-finance,2024-05-31,2024-05,9035004.0
6622,HAKKA,hakka-finance,2024-06-30,2024-06,8140845.0
6622,HAKKA,hakka-finance,2024-07-31,2024-07,7967154.0
6622,HAKKA,hakka-finance,2024-08-31,2024-08,6047474.0
6622,HAKKA,hakka-finance,2024-09-30,2024-09,6341627.0
6622,HAKKA,hakka-finance,2024-10-31,2024-10,6257095.0
6622,HAKKA,hakka-finance,2024-11-30,2024-11,8460090.0
6622,HAKKA,hakka-finance,2024-12-31,2024-12,7760895.0
6622,HAKKA,hakka-finance,2025-01-31,2025-01,7462590.0
6622,HAKKA,hakka-finance,2025-02-28,2025-02,5434463.0
6622,HAKKA,hakka-finance,2025-03-31,2025-03,4242010.0
6622,HAKKA,hakka-finance,2025-04-30,2025-04,4272631.0
6622,HAKKA,hakka-finance,2025-05-31,2025-05,5898792.0
6622,HAKKA,hakka-finance,2025-06-30,2025-06,5921664.0
6622,HAKKA,hakka-finance,2025-07-31,2025-07,8821690.0
6622,HAKKA,hakka-finance,2025-08-31,2025-08,10029995.0
6622,HAKKA,hakka-finance,2025-09-30,2025-09,9651966.0
6622,HAKKA,hakka-finance,2025-10-31,2025-10,8726466.0
6622,HAKKA,hakka-finance,2025-11-30,2025-11,6891115.0
6622,HAKKA,hakka-finance,2025-12-31,2025-12,6554847.0
6622,HAKKA,hakka-finance,2026-01-31,2026-01,5978402.0
6622,HAKKA,hakka-finance,2026-02-28,2026-02,4251269.0
6622,HAKKA,hakka-finance,2026-03-31,2026-03,4489487.0
6622,HAKKA,hakka-finance,2026-04-30,2026-04,5007394.0
6622,HAKKA,hakka-finance,2026-05-31,2026-05,4443829.0
6719,GRT,the-graph,2025-07-31,2025-07,0.0
6719,GRT,the-graph,2025-08-31,2025-08,0.0
6719,GRT,the-graph,2025-09-30,2025-09,0.0
6719,GRT,the-graph,2025-10-31,2025-10,0.0
6719,GRT,the-graph,2025-11-30,2025-11,0.0
6719,GRT,the-graph,2025-12-31,2025-12,0.0
6719,GRT,the-graph,2026-01-31,2026-01,0.0
6719,GRT,the-graph,2026-02-28,2026-02,0.0
6719,GRT,the-graph,2026-03-31,2026-03,0.0
6719,GRT,the-graph,2026-04-30,2026-04,0.0
6719,GRT,the-graph,2026-05-31,2026-05,0.0
6748,CFG,centrifuge-protocol,2025-03-31,2025-03,36424492.0
6748,CFG,centrifuge-protocol,2025-04-30,2025-04,236909640.0
6748,CFG,centrifuge-protocol,2025-05-31,2025-05,441391682.0
6748,CFG,centrifuge-protocol,2025-06-30,2025-06,446076242.0
6748,CFG,centrifuge-protocol,2025-07-31,2025-07,647576684.0
6748,CFG,centrifuge-protocol,2025-08-31,2025-08,1146932151.0
6748,CFG,centrifuge-protocol,2025-09-30,2025-09,1148766267.0
6748,CFG,centrifuge-protocol,2025-10-31,2025-10,1374635819.0
6748,CFG,centrifuge-protocol,2025-11-30,2025-11,1372245827.0
6748,CFG,centrifuge-protocol,2025-12-31,2025-12,1345691378.0
6748,CFG,centrifuge-protocol,2026-01-31,2026-01,1341012022.0
6748,CFG,centrifuge-protocol,2026-02-28,2026-02,1360594257.0
6748,CFG,centrifuge-protocol,2026-03-31,2026-03,1578430724.0
6748,CFG,centrifuge-protocol,2026-04-30,2026-04,1742008553.0
6748,CFG,centrifuge-protocol,2026-05-31,2026-05,1382692567.0
6758,SUSHI,sushiswap,2020-09-30,2020-09,381750840.0
6758,SUSHI,sushiswap,2020-10-31,2020-10,261389377.0
6758,SUSHI,sushiswap,2020-11-30,2020-11,739298328.0
6758,SUSHI,sushiswap,2020-12-31,2020-12,1156882080.0
6758,SUSHI,sushiswap,2021-01-31,2021-01,2158688386.0
6758,SUSHI,sushiswap,2021-02-28,2021-02,3004179306.0
6758,SUSHI,sushiswap,2021-03-31,2021-03,4541945778.0
6758,SUSHI,sushiswap,2021-04-30,2021-04,4608029525.0
6758,SUSHI,sushiswap,2021-05-31,2021-05,3972130662.0
6758,SUSHI,sushiswap,2021-06-30,2021-06,3359893867.0
6758,SUSHI,sushiswap,2021-07-31,2021-07,3857820938.0
6758,SUSHI,sushiswap,2021-08-31,2021-08,4657513505.0
6758,SUSHI,sushiswap,2021-09-30,2021-09,4317762863.0
6758,SUSHI,sushiswap,2021-10-31,2021-10,6459085312.0
6758,SUSHI,sushiswap,2021-11-30,2021-11,6575282334.0
6758,SUSHI,sushiswap,2021-12-31,2021-12,3967358555.0
6758,SUSHI,sushiswap,2022-01-31,2022-01,2808895717.0
6758,SUSHI,sushiswap,2022-02-28,2022-02,2052513519.0
6758,SUSHI,sushiswap,2022-03-31,2022-03,2305821839.0
6758,SUSHI,sushiswap,2022-04-30,2022-04,1803830996.0
6758,SUSHI,sushiswap,2022-05-31,2022-05,1050290983.0
6758,SUSHI,sushiswap,2022-06-30,2022-06,621629231.0
6758,SUSHI,sushiswap,2022-07-31,2022-07,758564047.0
6758,SUSHI,sushiswap,2022-08-31,2022-08,644211368.0
6758,SUSHI,sushiswap,2022-09-30,2022-09,512906610.0
6758,SUSHI,sushiswap,2022-10-31,2022-10,567499983.0
6758,SUSHI,sushiswap,2022-11-30,2022-11,412456406.0
6758,SUSHI,sushiswap,2022-12-31,2022-12,388460985.0
6758,SUSHI,sushiswap,2023-01-31,2023-01,472342725.0
6758,SUSHI,sushiswap,2023-02-28,2023-02,526363700.0
6758,SUSHI,sushiswap,2023-03-31,2023-03,474592485.0
6758,SUSHI,sushiswap,2023-04-30,2023-04,449922695.0
6758,SUSHI,sushiswap,2023-05-31,2023-05,397973880.0
6758,SUSHI,sushiswap,2023-06-30,2023-06,354760016.0
6758,SUSHI,sushiswap,2023-07-31,2023-07,340203796.0
6758,SUSHI,sushiswap,2023-08-31,2023-08,290184356.0
6758,SUSHI,sushiswap,2023-09-30,2023-09,265814457.0
6758,SUSHI,sushiswap,2023-10-31,2023-10,270557202.0
6758,SUSHI,sushiswap,2023-11-30,2023-11,303780347.0
6758,SUSHI,sushiswap,2023-12-31,2023-12,304288536.0
6758,SUSHI,sushiswap,2024-01-31,2024-01,297423110.0
6758,SUSHI,sushiswap,2024-02-29,2024-02,373129536.0
6758,SUSHI,sushiswap,2024-03-31,2024-03,375338915.0
6758,SUSHI,sushiswap,2024-04-30,2024-04,310615569.0
6758,SUSHI,sushiswap,2024-05-31,2024-05,313124897.0
6758,SUSHI,sushiswap,2024-06-30,2024-06,266705577.0
6758,SUSHI,sushiswap,2024-07-31,2024-07,236275275.0
6758,SUSHI,sushiswap,2024-08-31,2024-08,180968293.0
6758,SUSHI,sushiswap,2024-09-30,2024-09,189852273.0
6758,SUSHI,sushiswap,2024-10-31,2024-10,182464406.0
6758,SUSHI,sushiswap,2024-11-30,2024-11,221428238.0
6758,SUSHI,sushiswap,2024-12-31,2024-12,194960850.0
6758,SUSHI,sushiswap,2025-01-31,2025-01,180214009.0
6758,SUSHI,sushiswap,2025-02-28,2025-02,125473171.0
6758,SUSHI,sushiswap,2025-03-31,2025-03,101167285.0
6758,SUSHI,sushiswap,2025-04-30,2025-04,104190499.0
6758,SUSHI,sushiswap,2025-05-31,2025-05,121134104.0
6758,SUSHI,sushiswap,2025-06-30,2025-06,120313567.0
6758,SUSHI,sushiswap,2025-07-31,2025-07,156612598.0
6758,SUSHI,sushiswap,2025-08-31,2025-08,166951540.0
6758,SUSHI,sushiswap,2025-09-30,2025-09,159715972.0
6758,SUSHI,sushiswap,2025-10-31,2025-10,141842969.0
6758,SUSHI,sushiswap,2025-11-30,2025-11,110090174.0
6758,SUSHI,sushiswap,2025-12-31,2025-12,103380582.0
6758,SUSHI,sushiswap,2026-01-31,2026-01,82344039.0
6758,SUSHI,sushiswap,2026-02-28,2026-02,62365375.0
6758,SUSHI,sushiswap,2026-03-31,2026-03,40778511.0
6758,SUSHI,sushiswap,2026-04-30,2026-04,40087174.0
6758,SUSHI,sushiswap,2026-05-31,2026-05,37400468.0
6859,FARM,harvest-finance,2020-10-31,2020-10,350096477.0
6859,FARM,harvest-finance,2020-11-30,2020-11,538647756.0
6859,FARM,harvest-finance,2020-12-31,2020-12,314891193.0
6859,FARM,harvest-finance,2021-01-31,2021-01,568631738.0
6859,FARM,harvest-finance,2021-02-28,2021-02,601912949.0
6859,FARM,harvest-finance,2021-03-31,2021-03,535286029.0
6859,FARM,harvest-finance,2021-04-30,2021-04,542042382.0
6859,FARM,harvest-finance,2021-05-31,2021-05,312397770.0
6859,FARM,harvest-finance,2021-06-30,2021-06,289185295.0
6859,FARM,harvest-finance,2021-07-31,2021-07,432983158.0
6859,FARM,harvest-finance,2021-08-31,2021-08,464017128.0
6859,FARM,harvest-finance,2021-09-30,2021-09,385798632.0
6859,FARM,harvest-finance,2021-10-31,2021-10,463804175.0
6859,FARM,harvest-finance,2021-11-30,2021-11,338108354.0
6859,FARM,harvest-finance,2021-12-31,2021-12,285125294.0
6859,FARM,harvest-finance,2022-01-31,2022-01,211307286.0
6859,FARM,harvest-finance,2022-02-28,2022-02,218363897.0
6859,FARM,harvest-finance,2022-03-31,2022-03,254346696.0
6859,FARM,harvest-finance,2022-04-30,2022-04,273580500.0
6859,FARM,harvest-finance,2022-05-31,2022-05,124028029.0
6859,FARM,harvest-finance,2022-06-30,2022-06,28860057.0
6859,FARM,harvest-finance,2022-07-31,2022-07,31554002.0
6859,FARM,harvest-finance,2022-08-31,2022-08,29032756.0
6859,FARM,harvest-finance,2022-09-30,2022-09,21622885.0
6859,FARM,harvest-finance,2022-10-31,2022-10,21052857.0
6859,FARM,harvest-finance,2022-11-30,2022-11,15901315.0
6859,FARM,harvest-finance,2022-12-31,2022-12,14540559.0
6859,FARM,harvest-finance,2023-01-31,2023-01,15060366.0
6859,FARM,harvest-finance,2023-02-28,2023-02,15677436.0
6859,FARM,harvest-finance,2023-03-31,2023-03,13692512.0
6859,FARM,harvest-finance,2023-04-30,2023-04,12666145.0
6859,FARM,harvest-finance,2023-05-31,2023-05,10587242.0
6859,FARM,harvest-finance,2023-06-30,2023-06,10256888.0
6859,FARM,harvest-finance,2023-07-31,2023-07,10061353.0
6859,FARM,harvest-finance,2023-08-31,2023-08,9275755.0
6859,FARM,harvest-finance,2023-09-30,2023-09,9398283.0
6859,FARM,harvest-finance,2023-10-31,2023-10,9499507.0
6859,FARM,harvest-finance,2023-11-30,2023-11,10502696.0
6859,FARM,harvest-finance,2023-12-31,2023-12,11074472.0
6859,FARM,harvest-finance,2024-01-31,2024-01,10587849.0
6859,FARM,harvest-finance,2024-02-29,2024-02,12826248.0
6859,FARM,harvest-finance,2024-03-31,2024-03,14621509.0
6859,FARM,harvest-finance,2024-04-30,2024-04,12994206.0
6859,FARM,harvest-finance,2024-05-31,2024-05,16755779.0
6859,FARM,harvest-finance,2024-06-30,2024-06,14610975.0
6859,FARM,harvest-finance,2024-07-31,2024-07,15114819.0
6859,FARM,harvest-finance,2024-08-31,2024-08,15216010.0
6859,FARM,harvest-finance,2024-09-30,2024-09,20338585.0
6859,FARM,harvest-finance,2024-10-31,2024-10,22064616.0
6859,FARM,harvest-finance,2024-11-30,2024-11,28363209.0
6859,FARM,harvest-finance,2024-12-31,2024-12,26329281.0
6859,FARM,harvest-finance,2025-01-31,2025-01,20576802.0
6859,FARM,harvest-finance,2025-02-28,2025-02,16196942.0
6859,FARM,harvest-finance,2025-03-31,2025-03,14665469.0
6859,FARM,harvest-finance,2025-04-30,2025-04,18149569.0
6859,FARM,harvest-finance,2025-05-31,2025-05,31373910.0
6859,FARM,harvest-finance,2025-06-30,2025-06,34514920.0
6859,FARM,harvest-finance,2025-07-31,2025-07,42210562.0
6859,FARM,harvest-finance,2025-08-31,2025-08,37848175.0
6859,FARM,harvest-finance,2025-09-30,2025-09,41315087.0
6859,FARM,harvest-finance,2025-10-31,2025-10,36875940.0
6859,FARM,harvest-finance,2025-11-30,2025-11,19740314.0
6859,FARM,harvest-finance,2025-12-31,2025-12,18920794.0
6859,FARM,harvest-finance,2026-01-31,2026-01,17443321.0
6859,FARM,harvest-finance,2026-02-28,2026-02,13894025.0
6859,FARM,harvest-finance,2026-03-31,2026-03,11962954.0
6859,FARM,harvest-finance,2026-04-30,2026-04,12162323.0
6859,FARM,harvest-finance,2026-05-31,2026-05,12071226.0
6929,HEGIC,hegic,2020-10-31,2020-10,18769012.0
6929,HEGIC,hegic,2020-11-30,2020-11,73412961.0
6929,HEGIC,hegic,2020-12-31,2020-12,80805457.0
6929,HEGIC,hegic,2021-01-31,2021-01,53020895.0
6929,HEGIC,hegic,2021-02-28,2021-02,57751844.0
6929,HEGIC,hegic,2021-03-31,2021-03,67290598.0
6929,HEGIC,hegic,2021-04-30,2021-04,58015929.0
6929,HEGIC,hegic,2021-05-31,2021-05,43221087.0
6929,HEGIC,hegic,2021-06-30,2021-06,39042423.0
6929,HEGIC,hegic,2021-07-31,2021-07,45125783.0
6929,HEGIC,hegic,2021-08-31,2021-08,23162909.0
6929,HEGIC,hegic,2021-09-30,2021-09,17653388.0
6929,HEGIC,hegic,2021-10-31,2021-10,22550699.0
6929,HEGIC,hegic,2021-11-30,2021-11,16536259.0
6929,HEGIC,hegic,2021-12-31,2021-12,13841945.0
6929,HEGIC,hegic,2022-01-31,2022-01,8803684.0
6929,HEGIC,hegic,2022-02-28,2022-02,6843709.0
6929,HEGIC,hegic,2022-03-31,2022-03,6862457.0
6929,HEGIC,hegic,2022-04-30,2022-04,7375568.0
6929,HEGIC,hegic,2022-05-31,2022-05,5802754.0
6929,HEGIC,hegic,2022-06-30,2022-06,4137600.0
6929,HEGIC,hegic,2022-07-31,2022-07,4552002.0
6929,HEGIC,hegic,2022-08-31,2022-08,4328297.0
6929,HEGIC,hegic,2022-09-30,2022-09,2499524.0
6929,HEGIC,hegic,2022-10-31,2022-10,2506291.0
6929,HEGIC,hegic,2022-11-30,2022-11,6158979.0
6929,HEGIC,hegic,2022-12-31,2022-12,9301137.0
6929,HEGIC,hegic,2023-01-31,2023-01,15023299.0
6929,HEGIC,hegic,2023-02-28,2023-02,13134751.0
6929,HEGIC,hegic,2023-03-31,2023-03,10668082.0
6929,HEGIC,hegic,2023-04-30,2023-04,8802869.0
6929,HEGIC,hegic,2023-05-31,2023-05,8131724.0
6929,HEGIC,hegic,2023-06-30,2023-06,8039997.0
6929,HEGIC,hegic,2023-07-31,2023-07,8376143.0
6929,HEGIC,hegic,2023-08-31,2023-08,7393254.0
6929,HEGIC,hegic,2023-09-30,2023-09,7399821.0
6929,HEGIC,hegic,2023-10-31,2023-10,9572199.0
6929,HEGIC,hegic,2023-11-30,2023-11,11396819.0
6929,HEGIC,hegic,2023-12-31,2023-12,14713030.0
6929,HEGIC,hegic,2024-01-31,2024-01,13161801.0
6929,HEGIC,hegic,2024-02-29,2024-02,14635900.0
6929,HEGIC,hegic,2024-03-31,2024-03,13705707.0
6929,HEGIC,hegic,2024-04-30,2024-04,11448658.0
6929,HEGIC,hegic,2024-05-31,2024-05,14085197.0
6929,HEGIC,hegic,2024-06-30,2024-06,12516481.0
6929,HEGIC,hegic,2024-07-31,2024-07,12613538.0
6929,HEGIC,hegic,2024-08-31,2024-08,11961663.0
6929,HEGIC,hegic,2024-09-30,2024-09,14768946.0
6929,HEGIC,hegic,2024-10-31,2024-10,13402646.0
6929,HEGIC,hegic,2024-11-30,2024-11,14853959.0
6929,HEGIC,hegic,2024-12-31,2024-12,13403313.0
6929,HEGIC,hegic,2025-01-31,2025-01,21661787.0
6929,HEGIC,hegic,2025-02-28,2025-02,17248921.0
6929,HEGIC,hegic,2025-03-31,2025-03,11709293.0
6929,HEGIC,hegic,2025-04-30,2025-04,16292269.0
6929,HEGIC,hegic,2025-05-31,2025-05,17789961.0
6929,HEGIC,hegic,2025-06-30,2025-06,15663592.0
6929,HEGIC,hegic,2025-07-31,2025-07,19042793.0
6929,HEGIC,hegic,2025-08-31,2025-08,23553054.0
6929,HEGIC,hegic,2025-09-30,2025-09,18531907.0
6929,HEGIC,hegic,2025-10-31,2025-10,16535614.0
6929,HEGIC,hegic,2025-11-30,2025-11,12258486.0
6929,HEGIC,hegic,2025-12-31,2025-12,12423736.0
6929,HEGIC,hegic,2026-01-31,2026-01,11085891.0
6929,HEGIC,hegic,2026-02-28,2026-02,8719274.0
6929,HEGIC,hegic,2026-03-31,2026-03,9260427.0
6929,HEGIC,hegic,2026-04-30,2026-04,9946058.0
6929,HEGIC,hegic,2026-05-31,2026-05,9595291.0
6945,AMP,flexa,2020-11-30,2020-11,126380654.0
6945,AMP,flexa,2020-12-31,2020-12,130605135.0
6945,AMP,flexa,2021-01-31,2021-01,193254842.0
6945,AMP,flexa,2021-02-28,2021-02,430982195.0
6945,AMP,flexa,2021-03-31,2021-03,550063217.0
6945,AMP,flexa,2021-04-30,2021-04,1201874827.0
6945,AMP,flexa,2021-05-31,2021-05,979433706.0
6945,AMP,flexa,2021-06-30,2021-06,1361533487.0
6945,AMP,flexa,2021-07-31,2021-07,1693783147.0
6945,AMP,flexa,2021-08-31,2021-08,1240763474.0
6945,AMP,flexa,2021-09-30,2021-09,1355416038.0
6945,AMP,flexa,2021-10-31,2021-10,1297947124.0
6945,AMP,flexa,2021-11-30,2021-11,1731428553.0
6945,AMP,flexa,2021-12-31,2021-12,1369875941.0
6945,AMP,flexa,2022-01-31,2022-01,813375265.0
6945,AMP,flexa,2022-02-28,2022-02,762561480.0
6945,AMP,flexa,2022-03-31,2022-03,764575007.0
6945,AMP,flexa,2022-04-30,2022-04,582424347.0
6945,AMP,flexa,2022-05-31,2022-05,337220598.0
6945,AMP,flexa,2022-06-30,2022-06,217096164.0
6945,AMP,flexa,2022-07-31,2022-07,234394314.0
6945,AMP,flexa,2022-08-31,2022-08,147503043.0
6945,AMP,flexa,2022-09-30,2022-09,104342438.0
6945,AMP,flexa,2022-10-31,2022-10,107550074.0
6945,AMP,flexa,2022-11-30,2022-11,76298449.0
6945,AMP,flexa,2022-12-31,2022-12,72746656.0
6945,AMP,flexa,2023-01-31,2023-01,110089945.0
6945,AMP,flexa,2023-02-28,2023-02,133659422.0
6945,AMP,flexa,2023-03-31,2023-03,83336695.0
6945,AMP,flexa,2023-04-30,2023-04,77629215.0
6945,AMP,flexa,2023-05-31,2023-05,62262426.0
6945,AMP,flexa,2023-06-30,2023-06,47798826.0
6945,AMP,flexa,2023-07-31,2023-07,56154884.0
6945,AMP,flexa,2023-08-31,2023-08,43556626.0
6945,AMP,flexa,2023-09-30,2023-09,37923025.0
6945,AMP,flexa,2023-10-31,2023-10,37586405.0
6945,AMP,flexa,2023-11-30,2023-11,56091925.0
6945,AMP,flexa,2023-12-31,2023-12,79905577.0
6945,AMP,flexa,2024-01-31,2024-01,88399066.0
6945,AMP,flexa,2024-02-29,2024-02,127743929.0
6945,AMP,flexa,2024-03-31,2024-03,298373456.0
6945,AMP,flexa,2024-04-30,2024-04,247062673.0
6945,AMP,flexa,2024-05-31,2024-05,251833012.0
6945,AMP,flexa,2024-06-30,2024-06,189264202.0
6945,AMP,flexa,2024-07-31,2024-07,157990468.0
6945,AMP,flexa,2024-08-31,2024-08,144516105.0
6945,AMP,flexa,2024-09-30,2024-09,151875576.0
6945,AMP,flexa,2024-10-31,2024-10,130812207.0
6945,AMP,flexa,2024-11-30,2024-11,253825220.0
6945,AMP,flexa,2024-12-31,2024-12,258483323.0
6945,AMP,flexa,2025-01-31,2025-01,233081202.0
6945,AMP,flexa,2025-02-28,2025-02,142377594.0
6945,AMP,flexa,2025-03-31,2025-03,98823495.0
6945,AMP,flexa,2025-04-30,2025-04,85970427.0
6945,AMP,flexa,2025-05-31,2025-05,70366293.0
6945,AMP,flexa,2025-06-30,2025-06,23219399.0
6945,AMP,flexa,2025-07-31,2025-07,20293144.0
6945,AMP,flexa,2025-08-31,2025-08,17308427.0
6945,AMP,flexa,2025-09-30,2025-09,14761314.0
6945,AMP,flexa,2025-10-31,2025-10,11649506.0
6945,AMP,flexa,2025-11-30,2025-11,10404633.0
6945,AMP,flexa,2025-12-31,2025-12,7823299.0
6945,AMP,flexa,2026-01-31,2026-01,5771575.0
6945,AMP,flexa,2026-02-28,2026-02,4770764.0
6945,AMP,flexa,2026-03-31,2026-03,2845053.0
6945,AMP,flexa,2026-04-30,2026-04,1552417.0
6945,AMP,flexa,2026-05-31,2026-05,1256160.0
6950,PERP,perpetual-protocol,2021-06-30,2021-06,9350324.0
6950,PERP,perpetual-protocol,2021-07-31,2021-07,12911678.0
6950,PERP,perpetual-protocol,2021-08-31,2021-08,13029307.0
6950,PERP,perpetual-protocol,2021-09-30,2021-09,16115899.0
6950,PERP,perpetual-protocol,2021-10-31,2021-10,12757169.0
6950,PERP,perpetual-protocol,2021-11-30,2021-11,10274533.0
6950,PERP,perpetual-protocol,2021-12-31,2021-12,20843609.0
6950,PERP,perpetual-protocol,2022-01-31,2022-01,30729706.0
6950,PERP,perpetual-protocol,2022-02-28,2022-02,34317471.0
6950,PERP,perpetual-protocol,2022-03-31,2022-03,48887181.0
6950,PERP,perpetual-protocol,2022-04-30,2022-04,53611635.0
6950,PERP,perpetual-protocol,2022-05-31,2022-05,37922823.0
6950,PERP,perpetual-protocol,2022-06-30,2022-06,29641634.0
6950,PERP,perpetual-protocol,2022-07-31,2022-07,21734063.0
6950,PERP,perpetual-protocol,2022-08-31,2022-08,21875766.0
6950,PERP,perpetual-protocol,2022-09-30,2022-09,22555688.0
6950,PERP,perpetual-protocol,2022-10-31,2022-10,22432079.0
6950,PERP,perpetual-protocol,2022-11-30,2022-11,17083203.0
6950,PERP,perpetual-protocol,2022-12-31,2022-12,17280696.0
6950,PERP,perpetual-protocol,2023-01-31,2023-01,16740235.0
6950,PERP,perpetual-protocol,2023-02-28,2023-02,17496006.0
6950,PERP,perpetual-protocol,2023-03-31,2023-03,17460206.0
6950,PERP,perpetual-protocol,2023-04-30,2023-04,17788104.0
6950,PERP,perpetual-protocol,2023-05-31,2023-05,20582285.0
6950,PERP,perpetual-protocol,2023-06-30,2023-06,18676880.0
6950,PERP,perpetual-protocol,2023-07-31,2023-07,18050466.0
6950,PERP,perpetual-protocol,2023-08-31,2023-08,12501637.0
6950,PERP,perpetual-protocol,2023-09-30,2023-09,13311540.0
6950,PERP,perpetual-protocol,2023-10-31,2023-10,11912295.0
6950,PERP,perpetual-protocol,2023-11-30,2023-11,8828483.0
6950,PERP,perpetual-protocol,2023-12-31,2023-12,8482285.0
6950,PERP,perpetual-protocol,2024-01-31,2024-01,8496128.0
6950,PERP,perpetual-protocol,2024-02-29,2024-02,8627990.0
6950,PERP,perpetual-protocol,2024-03-31,2024-03,7245693.0
6950,PERP,perpetual-protocol,2024-04-30,2024-04,7307078.0
6950,PERP,perpetual-protocol,2024-05-31,2024-05,6952742.0
6950,PERP,perpetual-protocol,2024-06-30,2024-06,5881181.0
6950,PERP,perpetual-protocol,2024-07-31,2024-07,5851771.0
6950,PERP,perpetual-protocol,2024-08-31,2024-08,5156237.0
6950,PERP,perpetual-protocol,2024-09-30,2024-09,5291816.0
6950,PERP,perpetual-protocol,2024-10-31,2024-10,4438381.0
6950,PERP,perpetual-protocol,2024-11-30,2024-11,3473768.0
6950,PERP,perpetual-protocol,2024-12-31,2024-12,3332750.0
6950,PERP,perpetual-protocol,2025-01-31,2025-01,3318989.0
6950,PERP,perpetual-protocol,2025-02-28,2025-02,3185603.0
6950,PERP,perpetual-protocol,2025-03-31,2025-03,3034872.0
6950,PERP,perpetual-protocol,2025-04-30,2025-04,2938062.0
6950,PERP,perpetual-protocol,2025-05-31,2025-05,2934110.0
6950,PERP,perpetual-protocol,2025-06-30,2025-06,2931280.0
6950,PERP,perpetual-protocol,2025-07-31,2025-07,2948784.0
6950,PERP,perpetual-protocol,2025-08-31,2025-08,2767405.0
6950,PERP,perpetual-protocol,2025-09-30,2025-09,2749411.0
6950,PERP,perpetual-protocol,2025-10-31,2025-10,2649742.0
6950,PERP,perpetual-protocol,2025-11-30,2025-11,2529635.0
6950,PERP,perpetual-protocol,2025-12-31,2025-12,2444605.0
6950,PERP,perpetual-protocol,2026-01-31,2026-01,458558.0
6950,PERP,perpetual-protocol,2026-02-28,2026-02,441584.0
6950,PERP,perpetual-protocol,2026-03-31,2026-03,443780.0
6950,PERP,perpetual-protocol,2026-04-30,2026-04,436734.0
6950,PERP,perpetual-protocol,2026-05-31,2026-05,431703.0
6953,FRAX,frax-finance,2020-12-31,2020-12,53888646.0
6953,FRAX,frax-finance,2021-01-31,2021-01,72471557.0
6953,FRAX,frax-finance,2021-02-28,2021-02,71536962.0
6953,FRAX,frax-finance,2021-03-31,2021-03,92238851.0
6953,FRAX,frax-finance,2021-04-30,2021-04,89525803.0
6953,FRAX,frax-finance,2021-05-31,2021-05,98678896.0
6953,FRAX,frax-finance,2021-06-30,2021-06,126131307.0
6953,FRAX,frax-finance,2021-07-31,2021-07,180588710.0
6953,FRAX,frax-finance,2021-08-31,2021-08,191086438.0
6953,FRAX,frax-finance,2021-09-30,2021-09,214985932.0
6953,FRAX,frax-finance,2021-10-31,2021-10,390458518.0
6953,FRAX,frax-finance,2021-11-30,2021-11,885151908.0
6953,FRAX,frax-finance,2021-12-31,2021-12,1340958687.0
6953,FRAX,frax-finance,2022-01-31,2022-01,2231620548.0
6953,FRAX,frax-finance,2022-02-28,2022-02,2450372013.0
6953,FRAX,frax-finance,2022-03-31,2022-03,2304164807.0
6953,FRAX,frax-finance,2022-04-30,2022-04,2337017615.0
6953,FRAX,frax-finance,2022-05-31,2022-05,1261423945.0
6953,FRAX,frax-finance,2022-06-30,2022-06,1312786220.0
6953,FRAX,frax-finance,2022-07-31,2022-07,1277494074.0
6953,FRAX,frax-finance,2022-08-31,2022-08,1311293684.0
6953,FRAX,frax-finance,2022-09-30,2022-09,1364043554.29352
6953,FRAX,frax-finance,2022-10-31,2022-10,1385634207.57621
6953,FRAX,frax-finance,2022-11-30,2022-11,1346045911.70945
6953,FRAX,frax-finance,2022-12-31,2022-12,1358910829.71788
6953,FRAX,frax-finance,2023-01-31,2023-01,631707026.7948
6953,FRAX,frax-finance,2023-02-28,2023-02,643669059.6031101
6953,FRAX,frax-finance,2023-03-31,2023-03,525532311.24615
6953,FRAX,frax-finance,2023-04-30,2023-04,511700514.39044
6953,FRAX,frax-finance,2023-05-31,2023-05,511464151.55704
6953,FRAX,frax-finance,2023-06-30,2023-06,549973272.4023299
6953,FRAX,frax-finance,2023-07-31,2023-07,465482503.75291
6953,FRAX,frax-finance,2023-08-31,2023-08,442498188.95336
6953,FRAX,frax-finance,2023-09-30,2023-09,412344886.843
6953,FRAX,frax-finance,2023-10-31,2023-10,407386174.95155
6953,FRAX,frax-finance,2023-11-30,2023-11,465695396.19118
6953,FRAX,frax-finance,2023-12-31,2023-12,494293130.72415
6953,FRAX,frax-finance,2024-01-31,2024-01,500758190.95267
6953,FRAX,frax-finance,2024-02-29,2024-02,683536454.34428
6953,FRAX,frax-finance,2024-03-31,2024-03,694591790.76702
6953,FRAX,frax-finance,2024-04-30,2024-04,604537406.15204
6953,FRAX,frax-finance,2024-05-31,2024-05,711330900.62566
6953,FRAX,frax-finance,2024-06-30,2024-06,610624594.1424401
6953,FRAX,frax-finance,2024-07-31,2024-07,595083105.41846
6953,FRAX,frax-finance,2024-08-31,2024-08,455893613.85504
6953,FRAX,frax-finance,2024-09-30,2024-09,465931607.82653
6953,FRAX,frax-finance,2024-10-31,2024-10,418106844.03953
6953,FRAX,frax-finance,2024-11-30,2024-11,512672641.21178
6953,FRAX,frax-finance,2024-12-31,2024-12,472971775.40834
6953,FRAX,frax-finance,2025-01-31,2025-01,423543977.60023
6953,FRAX,frax-finance,2025-02-28,2025-02,295616610.56407
6953,FRAX,frax-finance,2025-03-31,2025-03,228271788.8322
6953,FRAX,frax-finance,2025-04-30,2025-04,220889303.14916998
6953,FRAX,frax-finance,2025-05-31,2025-05,298665686.58681
6953,FRAX,frax-finance,2025-06-30,2025-06,287997165.07666
6953,FRAX,frax-finance,2025-07-31,2025-07,424526726.52565
6953,FRAX,frax-finance,2025-08-31,2025-08,481402824.0554
6953,FRAX,frax-finance,2025-09-30,2025-09,504951150.99726
6953,FRAX,frax-finance,2025-10-31,2025-10,539089081.49157
6953,FRAX,frax-finance,2025-11-30,2025-11,464472881.53056
6953,FRAX,frax-finance,2025-12-31,2025-12,395182243.12303
6953,FRAX,frax-finance,2026-01-31,2026-01,328269934.41543996
6953,FRAX,frax-finance,2026-02-28,2026-02,252987077.57822
6953,FRAX,frax-finance,2026-03-31,2026-03,327848116.93248
6953,FRAX,frax-finance,2026-04-30,2026-04,362161504.0837
6953,FRAX,frax-finance,2026-05-31,2026-05,336420106.15873003
7064,BAKE,bakeryswap,2021-07-31,2021-07,194711542.0
7064,BAKE,bakeryswap,2021-08-31,2021-08,173277039.0
7064,BAKE,bakeryswap,2021-09-30,2021-09,99675751.0
7064,BAKE,bakeryswap,2021-10-31,2021-10,139014458.0
7064,BAKE,bakeryswap,2021-11-30,2021-11,82845803.0
7064,BAKE,bakeryswap,2021-12-31,2021-12,47561925.0
7064,BAKE,bakeryswap,2022-01-31,2022-01,34508177.0
7064,BAKE,bakeryswap,2022-02-28,2022-02,31846456.0
7064,BAKE,bakeryswap,2022-03-31,2022-03,41171132.0
7064,BAKE,bakeryswap,2022-04-30,2022-04,33955435.0
7064,BAKE,bakeryswap,2022-05-31,2022-05,23481576.0
7064,BAKE,bakeryswap,2022-06-30,2022-06,14827464.0
7064,BAKE,bakeryswap,2022-07-31,2022-07,6068175.0
7064,BAKE,bakeryswap,2022-08-31,2022-08,5355022.0
7064,BAKE,bakeryswap,2022-09-30,2022-09,5197680.0
7064,BAKE,bakeryswap,2022-10-31,2022-10,8413366.0
7064,BAKE,bakeryswap,2022-11-30,2022-11,6859860.0
7064,BAKE,bakeryswap,2022-12-31,2022-12,6090183.0
7064,BAKE,bakeryswap,2023-01-31,2023-01,7865841.0
7064,BAKE,bakeryswap,2023-02-28,2023-02,8108946.0
7064,BAKE,bakeryswap,2023-03-31,2023-03,8564494.0
7064,BAKE,bakeryswap,2023-04-30,2023-04,8816555.0
7064,BAKE,bakeryswap,2023-05-31,2023-05,8563301.0
7064,BAKE,bakeryswap,2023-06-30,2023-06,4045867.0
7064,BAKE,bakeryswap,2023-07-31,2023-07,4136861.0
7064,BAKE,bakeryswap,2023-08-31,2023-08,4038356.0
7064,BAKE,bakeryswap,2023-09-30,2023-09,3981647.0
7064,BAKE,bakeryswap,2023-10-31,2023-10,4095348.0
7064,BAKE,bakeryswap,2023-11-30,2023-11,4373198.0
7064,BAKE,bakeryswap,2023-12-31,2023-12,4946816.0
7064,BAKE,bakeryswap,2024-01-31,2024-01,4339526.0
7064,BAKE,bakeryswap,2024-02-29,2024-02,5756903.0
7064,BAKE,bakeryswap,2024-03-31,2024-03,6257613.0
7064,BAKE,bakeryswap,2024-04-30,2024-04,5302029.0
7064,BAKE,bakeryswap,2024-05-31,2024-05,5802456.0
7064,BAKE,bakeryswap,2024-06-30,2024-06,5305447.0
7064,BAKE,bakeryswap,2024-07-31,2024-07,5177782.0
7064,BAKE,bakeryswap,2024-08-31,2024-08,4329705.0
7064,BAKE,bakeryswap,2024-09-30,2024-09,4658927.0
7064,BAKE,bakeryswap,2024-10-31,2024-10,4600638.0
7064,BAKE,bakeryswap,2024-11-30,2024-11,5811164.0
7064,BAKE,bakeryswap,2024-12-31,2024-12,5539602.0
7064,BAKE,bakeryswap,2025-01-31,2025-01,5289814.0
7064,BAKE,bakeryswap,2025-02-28,2025-02,4189375.0
7064,BAKE,bakeryswap,2025-03-31,2025-03,3584891.0
7064,BAKE,bakeryswap,2025-04-30,2025-04,3506949.0
7064,BAKE,bakeryswap,2025-05-31,2025-05,4286261.0
7064,BAKE,bakeryswap,2025-06-30,2025-06,4189517.0
7064,BAKE,bakeryswap,2025-07-31,2025-07,5634951.0
7064,BAKE,bakeryswap,2025-08-31,2025-08,6279600.0
7064,BAKE,bakeryswap,2025-09-30,2025-09,6245783.0
7064,BAKE,bakeryswap,2025-10-31,2025-10,5676329.0
7064,BAKE,bakeryswap,2025-11-30,2025-11,4600831.0
7064,BAKE,bakeryswap,2025-12-31,2025-12,4569309.0
7064,BAKE,bakeryswap,2026-01-31,2026-01,4266496.0
7064,BAKE,bakeryswap,2026-02-28,2026-02,3136130.0
7064,BAKE,bakeryswap,2026-03-31,2026-03,3234829.0
7064,BAKE,bakeryswap,2026-04-30,2026-04,3476986.0
7064,BAKE,bakeryswap,2026-05-31,2026-05,3447600.0
7083,UNI,uniswap,2018-11-30,2018-11,199867.0
7083,UNI,uniswap,2018-12-31,2018-12,489799.0
7083,UNI,uniswap,2019-01-31,2019-01,687412.0
7083,UNI,uniswap,2019-02-28,2019-02,4722700.0
7083,UNI,uniswap,2019-03-31,2019-03,7697191.0
7083,UNI,uniswap,2019-04-30,2019-04,9877389.0
7083,UNI,uniswap,2019-05-31,2019-05,15695686.0
7083,UNI,uniswap,2019-06-30,2019-06,20054247.0
7083,UNI,uniswap,2019-07-31,2019-07,17040339.0
7083,UNI,uniswap,2019-08-31,2019-08,15687021.0
7083,UNI,uniswap,2019-09-30,2019-09,18509398.0
7083,UNI,uniswap,2019-10-31,2019-10,23062069.0
7083,UNI,uniswap,2019-11-30,2019-11,26318944.0
7083,UNI,uniswap,2019-12-31,2019-12,27367122.0
7083,UNI,uniswap,2020-01-31,2020-01,55310600.0
7083,UNI,uniswap,2020-02-29,2020-02,57653882.0
7083,UNI,uniswap,2020-03-31,2020-03,36307381.0
7083,UNI,uniswap,2020-04-30,2020-04,65704213.0
7083,UNI,uniswap,2020-05-31,2020-05,76220670.0
7083,UNI,uniswap,2020-06-30,2020-06,72105427.0
7083,UNI,uniswap,2020-07-31,2020-07,158594918.0
7083,UNI,uniswap,2020-08-31,2020-08,952260979.0
7083,UNI,uniswap,2020-09-30,2020-09,2332735343.0
7083,UNI,uniswap,2020-10-31,2020-10,2924666497.0
7083,UNI,uniswap,2020-11-30,2020-11,1697269263.0
7083,UNI,uniswap,2020-12-31,2020-12,2166260763.0
7083,UNI,uniswap,2021-01-31,2021-01,3626303421.0
7083,UNI,uniswap,2021-02-28,2021-02,4227322047.0
7083,UNI,uniswap,2021-03-31,2021-03,5782512613.0
7083,UNI,uniswap,2021-04-30,2021-04,8370824971.0
7083,UNI,uniswap,2021-05-31,2021-05,6855373579.0
7083,UNI,uniswap,2021-06-30,2021-06,6011769446.0
7083,UNI,uniswap,2021-07-31,2021-07,6285263050.0
7083,UNI,uniswap,2021-08-31,2021-08,7405565359.0
7083,UNI,uniswap,2021-09-30,2021-09,6491019170.0
7083,UNI,uniswap,2021-10-31,2021-10,8812269785.0
7083,UNI,uniswap,2021-11-30,2021-11,9927063306.0
7083,UNI,uniswap,2021-12-31,2021-12,8399903436.0
7083,UNI,uniswap,2022-01-31,2022-01,6554040617.0
7083,UNI,uniswap,2022-02-28,2022-02,6705808813.0
7083,UNI,uniswap,2022-03-31,2022-03,7805567193.0
7083,UNI,uniswap,2022-04-30,2022-04,6826955441.0
7083,UNI,uniswap,2022-05-31,2022-05,5844129687.0
7083,UNI,uniswap,2022-06-30,2022-06,4342804400.0
7083,UNI,uniswap,2022-07-31,2022-07,5683692717.0
7083,UNI,uniswap,2022-08-31,2022-08,4855903745.0
7083,UNI,uniswap,2022-09-30,2022-09,4447047442.0
7083,UNI,uniswap,2022-10-31,2022-10,4245839301.0
7083,UNI,uniswap,2022-11-30,2022-11,3565852415.0
7083,UNI,uniswap,2022-12-31,2022-12,3306274915.0
7083,UNI,uniswap,2023-01-31,2023-01,3799362674.0
7083,UNI,uniswap,2023-02-28,2023-02,4107601583.0
7083,UNI,uniswap,2023-03-31,2023-03,3912243286.0
7083,UNI,uniswap,2023-04-30,2023-04,4130660431.0
7083,UNI,uniswap,2023-05-31,2023-05,4198566269.0
7083,UNI,uniswap,2023-06-30,2023-06,3945989937.0
7083,UNI,uniswap,2023-07-31,2023-07,3796091689.0
7083,UNI,uniswap,2023-08-31,2023-08,3399259433.0
7083,UNI,uniswap,2023-09-30,2023-09,3213325498.0
7083,UNI,uniswap,2023-10-31,2023-10,3416052972.0
7083,UNI,uniswap,2023-11-30,2023-11,3699064977.0
7083,UNI,uniswap,2023-12-31,2023-12,3726205092.0
7083,UNI,uniswap,2024-01-31,2024-01,4186994056.0
7083,UNI,uniswap,2024-02-29,2024-02,5368375864.0
7083,UNI,uniswap,2024-03-31,2024-03,6087815913.0
7083,UNI,uniswap,2024-04-30,2024-04,5630283169.0
7083,UNI,uniswap,2024-05-31,2024-05,6203646899.0
7083,UNI,uniswap,2024-06-30,2024-06,5608474767.0
7083,UNI,uniswap,2024-07-31,2024-07,5491431901.0
7083,UNI,uniswap,2024-08-31,2024-08,4535637179.0
7083,UNI,uniswap,2024-09-30,2024-09,4881969285.0
7083,UNI,uniswap,2024-10-31,2024-10,4954515548.0
7083,UNI,uniswap,2024-11-30,2024-11,6241718611.0
7083,UNI,uniswap,2024-12-31,2024-12,5897923748.0
7083,UNI,uniswap,2025-01-31,2025-01,5817769753.0
7083,UNI,uniswap,2025-02-28,2025-02,4134524337.0
7083,UNI,uniswap,2025-03-31,2025-03,3734694729.0
7083,UNI,uniswap,2025-04-30,2025-04,3942809571.0
7083,UNI,uniswap,2025-05-31,2025-05,4831358648.0
7083,UNI,uniswap,2025-06-30,2025-06,4875771320.0
7083,UNI,uniswap,2025-07-31,2025-07,5704623203.0
7083,UNI,uniswap,2025-08-31,2025-08,5911671031.0
7083,UNI,uniswap,2025-09-30,2025-09,5658795022.0
7083,UNI,uniswap,2025-10-31,2025-10,5304777207.0
7083,UNI,uniswap,2025-11-30,2025-11,4119517542.0
7083,UNI,uniswap,2025-12-31,2025-12,4008799394.0
7083,UNI,uniswap,2026-01-31,2026-01,3677698915.0
7083,UNI,uniswap,2026-02-28,2026-02,2987189488.0
7083,UNI,uniswap,2026-03-31,2026-03,3018483696.0
7083,UNI,uniswap,2026-04-30,2026-04,3417356520.0
7083,UNI,uniswap,2026-05-31,2026-05,3235075479.0
7102,LINA,linear-finance,2021-12-31,2021-12,28387495.0
7102,LINA,linear-finance,2022-01-31,2022-01,14545699.0
7102,LINA,linear-finance,2022-02-28,2022-02,10664735.0
7102,LINA,linear-finance,2022-03-31,2022-03,15354438.0
7102,LINA,linear-finance,2022-04-30,2022-04,12359302.0
7102,LINA,linear-finance,2022-05-31,2022-05,6891377.0
7102,LINA,linear-finance,2022-06-30,2022-06,5537483.0
7102,LINA,linear-finance,2022-07-31,2022-07,6942349.0
7102,LINA,linear-finance,2022-08-31,2022-08,5883686.0
7102,LINA,linear-finance,2022-09-30,2022-09,5685536.0
7102,LINA,linear-finance,2022-10-31,2022-10,6347838.0
7102,LINA,linear-finance,2022-11-30,2022-11,5051220.0
7102,LINA,linear-finance,2022-12-31,2022-12,4218133.0
7102,LINA,linear-finance,2023-01-31,2023-01,6428684.0
7102,LINA,linear-finance,2023-02-28,2023-02,8730656.0
7102,LINA,linear-finance,2023-03-31,2023-03,10539313.0
7102,LINA,linear-finance,2023-04-30,2023-04,10309871.0
7102,LINA,linear-finance,2023-05-31,2023-05,16416829.0
7102,LINA,linear-finance,2023-06-30,2023-06,9508233.0
7102,LINA,linear-finance,2023-07-31,2023-07,9178001.0
7102,LINA,linear-finance,2023-08-31,2023-08,7922052.0
7102,LINA,linear-finance,2023-09-30,2023-09,8042591.0
7102,LINA,linear-finance,2023-10-31,2023-10,7237378.0
7102,LINA,linear-finance,2023-11-30,2023-11,8598827.0
7102,LINA,linear-finance,2023-12-31,2023-12,8680242.0
7102,LINA,linear-finance,2024-01-31,2024-01,6418730.0
7102,LINA,linear-finance,2024-02-29,2024-02,9294538.0
7102,LINA,linear-finance,2024-03-31,2024-03,10927888.0
7102,LINA,linear-finance,2024-04-30,2024-04,6312380.0
7102,LINA,linear-finance,2024-05-31,2024-05,6850401.0
7102,LINA,linear-finance,2024-06-30,2024-06,4878450.0
7102,LINA,linear-finance,2024-07-31,2024-07,4315473.0
7102,LINA,linear-finance,2024-08-31,2024-08,3172763.0
7102,LINA,linear-finance,2024-09-30,2024-09,3700685.0
7102,LINA,linear-finance,2024-10-31,2024-10,3361623.0
7102,LINA,linear-finance,2024-11-30,2024-11,4407608.0
7102,LINA,linear-finance,2024-12-31,2024-12,3391847.0
7102,LINA,linear-finance,2025-01-31,2025-01,2247457.0
7102,LINA,linear-finance,2025-02-28,2025-02,1094772.0
7102,LINA,linear-finance,2025-03-31,2025-03,30918.0
7102,LINA,linear-finance,2025-04-30,2025-04,15084.0
7102,LINA,linear-finance,2025-05-31,2025-05,12924.0
7102,LINA,linear-finance,2025-06-30,2025-06,7566.0
7102,LINA,linear-finance,2025-07-31,2025-07,8272.0
7102,LINA,linear-finance,2025-08-31,2025-08,8855.0
7102,LINA,linear-finance,2025-09-30,2025-09,8686.0
7102,LINA,linear-finance,2025-10-31,2025-10,8216.0
7102,LINA,linear-finance,2025-11-30,2025-11,7803.0
7102,LINA,linear-finance,2025-12-31,2025-12,7704.0
7102,LINA,linear-finance,2026-01-31,2026-01,7411.0
7102,LINA,linear-finance,2026-02-28,2026-02,7460.0
7102,LINA,linear-finance,2026-03-31,2026-03,4853.0
7102,LINA,linear-finance,2026-04-30,2026-04,4860.0
7102,LINA,linear-finance,2026-05-31,2026-05,4865.0
7127,VELO,velo-finance,2024-08-31,2024-08,150520.0
7127,VELO,velo-finance,2024-09-30,2024-09,151648.0
7127,VELO,velo-finance,2024-10-31,2024-10,125673.0
7127,VELO,velo-finance,2024-11-30,2024-11,153208.0
7127,VELO,velo-finance,2024-12-31,2024-12,177281.0
7127,VELO,velo-finance,2025-01-31,2025-01,173555.0
7127,VELO,velo-finance,2025-02-28,2025-02,129183.0
7127,VELO,velo-finance,2025-03-31,2025-03,118013.0
7127,VELO,velo-finance,2025-04-30,2025-04,120450.0
7127,VELO,velo-finance,2025-05-31,2025-05,120186.0
7127,VELO,velo-finance,2025-06-30,2025-06,128275.0
7127,VELO,velo-finance,2025-07-31,2025-07,151401.0
7127,VELO,velo-finance,2025-08-31,2025-08,147257.0
7127,VELO,velo-finance,2025-09-30,2025-09,157235.0
7127,VELO,velo-finance,2025-10-31,2025-10,133781.0
7127,VELO,velo-finance,2025-11-30,2025-11,103514.0
7127,VELO,velo-finance,2025-12-31,2025-12,106383.0
7127,VELO,velo-finance,2026-01-31,2026-01,95971.0
7127,VELO,velo-finance,2026-02-28,2026-02,64556.0
7127,VELO,velo-finance,2026-03-31,2026-03,67447.0
7127,VELO,velo-finance,2026-04-30,2026-04,64929.0
7127,VELO,velo-finance,2026-05-31,2026-05,73430.0
7186,CAKE,pancakeswap,2021-04-30,2021-04,6832856647.0
7186,CAKE,pancakeswap,2021-05-31,2021-05,3605056446.0
7186,CAKE,pancakeswap,2021-06-30,2021-06,3960633203.0
7186,CAKE,pancakeswap,2021-07-31,2021-07,4831047746.0
7186,CAKE,pancakeswap,2021-08-31,2021-08,5743608591.0
7186,CAKE,pancakeswap,2021-09-30,2021-09,4591479388.0
7186,CAKE,pancakeswap,2021-10-31,2021-10,5758975045.0
7186,CAKE,pancakeswap,2021-11-30,2021-11,6542694210.0
7186,CAKE,pancakeswap,2021-12-31,2021-12,5427373581.0
7186,CAKE,pancakeswap,2022-01-31,2022-01,4207423379.0
7186,CAKE,pancakeswap,2022-02-28,2022-02,4541815965.0
7186,CAKE,pancakeswap,2022-03-31,2022-03,5037136189.0
7186,CAKE,pancakeswap,2022-04-30,2022-04,4577702579.0
7186,CAKE,pancakeswap,2022-05-31,2022-05,4107242317.0
7186,CAKE,pancakeswap,2022-06-30,2022-06,2950925002.0
7186,CAKE,pancakeswap,2022-07-31,2022-07,3144316959.0
7186,CAKE,pancakeswap,2022-08-31,2022-08,3036753555.0
7186,CAKE,pancakeswap,2022-09-30,2022-09,2951181093.0
7186,CAKE,pancakeswap,2022-10-31,2022-10,3161456934.0
7186,CAKE,pancakeswap,2022-11-30,2022-11,2802632090.0
7186,CAKE,pancakeswap,2022-12-31,2022-12,2401272681.0
7186,CAKE,pancakeswap,2023-01-31,2023-01,2690686885.0
7186,CAKE,pancakeswap,2023-02-28,2023-02,2543976787.0
7186,CAKE,pancakeswap,2023-03-31,2023-03,2480416254.0
7186,CAKE,pancakeswap,2023-04-30,2023-04,2223389896.0
7186,CAKE,pancakeswap,2023-05-31,2023-05,1966697371.0
7186,CAKE,pancakeswap,2023-06-30,2023-06,1534843407.0
7186,CAKE,pancakeswap,2023-07-31,2023-07,1555029311.0
7186,CAKE,pancakeswap,2023-08-31,2023-08,1375018452.0
7186,CAKE,pancakeswap,2023-09-30,2023-09,1380137880.0
7186,CAKE,pancakeswap,2023-10-31,2023-10,1403598673.0
7186,CAKE,pancakeswap,2023-11-30,2023-11,1423433041.0
7186,CAKE,pancakeswap,2023-12-31,2023-12,1655611798.0
7186,CAKE,pancakeswap,2024-01-31,2024-01,1562300305.0
7186,CAKE,pancakeswap,2024-02-29,2024-02,1932942507.0
7186,CAKE,pancakeswap,2024-03-31,2024-03,2402916424.0
7186,CAKE,pancakeswap,2024-04-30,2024-04,2069763595.0
7186,CAKE,pancakeswap,2024-05-31,2024-05,2029476628.0
7186,CAKE,pancakeswap,2024-06-30,2024-06,1882003147.0
7186,CAKE,pancakeswap,2024-07-31,2024-07,1796718059.0
7186,CAKE,pancakeswap,2024-08-31,2024-08,1627907469.0
7186,CAKE,pancakeswap,2024-09-30,2024-09,1787713830.0
7186,CAKE,pancakeswap,2024-10-31,2024-10,1760444993.0
7186,CAKE,pancakeswap,2024-11-30,2024-11,1904743216.0
7186,CAKE,pancakeswap,2024-12-31,2024-12,1907077063.0
7186,CAKE,pancakeswap,2025-01-31,2025-01,1799560528.0
7186,CAKE,pancakeswap,2025-02-28,2025-02,1656462057.0
7186,CAKE,pancakeswap,2025-03-31,2025-03,1605581019.0
7186,CAKE,pancakeswap,2025-04-30,2025-04,1677942161.0
7186,CAKE,pancakeswap,2025-05-31,2025-05,1761781253.0
7186,CAKE,pancakeswap,2025-06-30,2025-06,1762651899.0
7186,CAKE,pancakeswap,2025-07-31,2025-07,2057040832.0
7186,CAKE,pancakeswap,2025-08-31,2025-08,2157533252.0
7186,CAKE,pancakeswap,2025-09-30,2025-09,2450934469.0
7186,CAKE,pancakeswap,2025-10-31,2025-10,2731051960.0
7186,CAKE,pancakeswap,2025-11-30,2025-11,2629518496.0
7186,CAKE,pancakeswap,2025-12-31,2025-12,2387067887.0
7186,CAKE,pancakeswap,2026-01-31,2026-01,2406429807.0
7186,CAKE,pancakeswap,2026-02-28,2026-02,1957902770.0
7186,CAKE,pancakeswap,2026-03-31,2026-03,2047204064.0
7186,CAKE,pancakeswap,2026-04-30,2026-04,2149790595.0
7186,CAKE,pancakeswap,2026-05-31,2026-05,2333442144.0
7224,DODO,dodo-amm,2020-11-30,2020-11,17885081.0
7224,DODO,dodo-amm,2020-12-31,2020-12,9264166.0
7224,DODO,dodo-amm,2021-01-31,2021-01,27241730.0
7224,DODO,dodo-amm,2021-02-28,2021-02,50525385.0
7224,DODO,dodo-amm,2021-03-31,2021-03,55940770.0
7224,DODO,dodo-amm,2021-04-30,2021-04,139376758.0
7224,DODO,dodo-amm,2021-05-31,2021-05,100313643.0
7224,DODO,dodo-amm,2021-06-30,2021-06,217756573.0
7224,DODO,dodo-amm,2021-07-31,2021-07,227359101.0
7224,DODO,dodo-amm,2021-08-31,2021-08,282558361.0
7224,DODO,dodo-amm,2021-09-30,2021-09,293690313.0
7224,DODO,dodo-amm,2021-10-31,2021-10,311489031.0
7224,DODO,dodo-amm,2021-11-30,2021-11,282658459.0
7224,DODO,dodo-amm,2021-12-31,2021-12,240018237.0
7224,DODO,dodo-amm,2022-01-31,2022-01,230797765.0
7224,DODO,dodo-amm,2022-02-28,2022-02,367236479.0
7224,DODO,dodo-amm,2022-03-31,2022-03,186553989.0
7224,DODO,dodo-amm,2022-04-30,2022-04,151780132.0
7224,DODO,dodo-amm,2022-05-31,2022-05,120994378.0
7224,DODO,dodo-amm,2022-06-30,2022-06,111944224.0
7224,DODO,dodo-amm,2022-07-31,2022-07,126454387.0
7224,DODO,dodo-amm,2022-08-31,2022-08,118648051.0
7224,DODO,dodo-amm,2022-09-30,2022-09,98547763.0
7224,DODO,dodo-amm,2022-10-31,2022-10,97500505.0
7224,DODO,dodo-amm,2022-11-30,2022-11,46518548.0
7224,DODO,dodo-amm,2022-12-31,2022-12,47541177.0
7224,DODO,dodo-amm,2023-01-31,2023-01,44012336.0
7224,DODO,dodo-amm,2023-02-28,2023-02,45966820.0
7224,DODO,dodo-amm,2023-03-31,2023-03,40272571.0
7224,DODO,dodo-amm,2023-04-30,2023-04,43949357.0
7224,DODO,dodo-amm,2023-05-31,2023-05,41651658.0
7224,DODO,dodo-amm,2023-06-30,2023-06,35840662.0
7224,DODO,dodo-amm,2023-07-31,2023-07,34767503.0
7224,DODO,dodo-amm,2023-08-31,2023-08,32832478.0
7224,DODO,dodo-amm,2023-09-30,2023-09,32595557.0
7224,DODO,dodo-amm,2023-10-31,2023-10,33837858.0
7224,DODO,dodo-amm,2023-11-30,2023-11,28497027.0
7224,DODO,dodo-amm,2023-12-31,2023-12,34044702.0
7224,DODO,dodo-amm,2024-01-31,2024-01,33331407.0
7224,DODO,dodo-amm,2024-02-29,2024-02,34728474.0
7224,DODO,dodo-amm,2024-03-31,2024-03,34505076.0
7224,DODO,dodo-amm,2024-04-30,2024-04,29576149.0
7224,DODO,dodo-amm,2024-05-31,2024-05,33710228.0
7224,DODO,dodo-amm,2024-06-30,2024-06,30690241.0
7224,DODO,dodo-amm,2024-07-31,2024-07,49177757.0
7224,DODO,dodo-amm,2024-08-31,2024-08,58651811.0
7224,DODO,dodo-amm,2024-09-30,2024-09,47649188.0
7224,DODO,dodo-amm,2024-10-31,2024-10,24135117.0
7224,DODO,dodo-amm,2024-11-30,2024-11,21300459.0
7224,DODO,dodo-amm,2024-12-31,2024-12,22654269.0
7224,DODO,dodo-amm,2025-01-31,2025-01,20931419.0
7224,DODO,dodo-amm,2025-02-28,2025-02,17410144.0
7224,DODO,dodo-amm,2025-03-31,2025-03,18408165.0
7224,DODO,dodo-amm,2025-04-30,2025-04,19174612.0
7224,DODO,dodo-amm,2025-05-31,2025-05,20453356.0
7224,DODO,dodo-amm,2025-06-30,2025-06,18697104.0
7224,DODO,dodo-amm,2025-07-31,2025-07,19984279.0
7224,DODO,dodo-amm,2025-08-31,2025-08,21312629.0
7224,DODO,dodo-amm,2025-09-30,2025-09,21730649.0
7224,DODO,dodo-amm,2025-10-31,2025-10,20334457.0
7224,DODO,dodo-amm,2025-11-30,2025-11,18127399.0
7224,DODO,dodo-amm,2025-12-31,2025-12,18190888.0
7224,DODO,dodo-amm,2026-01-31,2026-01,17799192.0
7224,DODO,dodo-amm,2026-02-28,2026-02,13998060.0
7224,DODO,dodo-amm,2026-03-31,2026-03,12777224.0
7224,DODO,dodo-amm,2026-04-30,2026-04,12222879.0
7224,DODO,dodo-amm,2026-05-31,2026-05,11899880.0
7228,DDX,derivadex,2021-03-31,2021-03,33572034.0
7228,DDX,derivadex,2021-04-30,2021-04,37901029.0
7228,DDX,derivadex,2021-05-31,2021-05,31760698.0
7228,DDX,derivadex,2021-06-30,2021-06,34699174.0
7228,DDX,derivadex,2021-07-31,2021-07,39516572.0
7228,DDX,derivadex,2021-08-31,2021-08,40010349.0
7228,DDX,derivadex,2021-09-30,2021-09,65251295.0
7228,DDX,derivadex,2021-10-31,2021-10,64600870.0
7228,DDX,derivadex,2021-11-30,2021-11,62702498.0
7228,DDX,derivadex,2021-12-31,2021-12,64155359.0
7228,DDX,derivadex,2022-01-31,2022-01,61230344.0
7228,DDX,derivadex,2022-02-28,2022-02,3325249.0
7228,DDX,derivadex,2022-03-31,2022-03,2357215.0
7228,DDX,derivadex,2022-04-30,2022-04,2182010.0
7228,DDX,derivadex,2022-05-31,2022-05,1912744.0
7228,DDX,derivadex,2022-06-30,2022-06,1728105.0
7228,DDX,derivadex,2022-07-31,2022-07,1699583.0
7228,DDX,derivadex,2022-08-31,2022-08,1662023.0
7228,DDX,derivadex,2022-09-30,2022-09,1662618.0
7228,DDX,derivadex,2022-10-31,2022-10,1659186.0
7228,DDX,derivadex,2022-11-30,2022-11,1652623.0
7228,DDX,derivadex,2022-12-31,2022-12,1644813.0
7228,DDX,derivadex,2023-01-31,2023-01,1645953.0
7228,DDX,derivadex,2023-02-28,2023-02,1643136.0
7228,DDX,derivadex,2023-03-31,2023-03,1636028.0
7228,DDX,derivadex,2023-04-30,2023-04,1632333.0
7228,DDX,derivadex,2023-05-31,2023-05,1632112.0
7228,DDX,derivadex,2023-06-30,2023-06,1631436.0
7228,DDX,derivadex,2023-07-31,2023-07,1633142.0
7228,DDX,derivadex,2023-08-31,2023-08,1635317.0
7228,DDX,derivadex,2023-09-30,2023-09,1537535.0
7228,DDX,derivadex,2023-10-31,2023-10,1540462.0
7228,DDX,derivadex,2023-11-30,2023-11,1543806.0
7228,DDX,derivadex,2023-12-31,2023-12,1542138.0
7228,DDX,derivadex,2024-01-31,2024-01,1546217.0
7228,DDX,derivadex,2024-02-29,2024-02,1547973.0
7228,DDX,derivadex,2024-03-31,2024-03,1450099.0
7228,DDX,derivadex,2024-04-30,2024-04,1450154.0
7228,DDX,derivadex,2024-05-31,2024-05,1452458.0
7228,DDX,derivadex,2024-06-30,2024-06,1453679.0
7228,DDX,derivadex,2024-07-31,2024-07,1451996.0
7228,DDX,derivadex,2024-08-31,2024-08,1452873.0
7228,DDX,derivadex,2024-09-30,2024-09,1454284.0
7228,DDX,derivadex,2024-10-31,2024-10,1453202.0
7228,DDX,derivadex,2024-11-30,2024-11,1454754.0
7228,DDX,derivadex,2024-12-31,2024-12,1422613.0
7228,DDX,derivadex,2025-01-31,2025-01,1427474.0
7228,DDX,derivadex,2025-02-28,2025-02,1429918.0
7228,DDX,derivadex,2025-03-31,2025-03,1431492.0
7228,DDX,derivadex,2025-04-30,2025-04,1432662.0
7228,DDX,derivadex,2025-05-31,2025-05,1434029.0
7228,DDX,derivadex,2025-06-30,2025-06,1436265.0
7228,DDX,derivadex,2025-07-31,2025-07,1439682.0
7228,DDX,derivadex,2025-08-31,2025-08,1442810.0
7228,DDX,derivadex,2025-09-30,2025-09,1443960.0
7228,DDX,derivadex,2025-10-31,2025-10,1445712.0
7228,DDX,derivadex,2025-11-30,2025-11,1479495.0
7228,DDX,derivadex,2025-12-31,2025-12,1472782.0
7228,DDX,derivadex,2026-01-31,2026-01,1468730.0
7228,DDX,derivadex,2026-02-28,2026-02,1651745.0
7228,DDX,derivadex,2026-03-31,2026-03,1625429.0
7228,DDX,derivadex,2026-04-30,2026-04,1624610.0
7228,DDX,derivadex,2026-05-31,2026-05,1586214.0
7230,OPIUM,opium,2021-02-28,2021-02,8118379.0
7230,OPIUM,opium,2021-03-31,2021-03,3685161.0
7230,OPIUM,opium,2021-04-30,2021-04,2780156.0
7230,OPIUM,opium,2021-05-31,2021-05,4648914.0
7230,OPIUM,opium,2021-06-30,2021-06,548268.0
7230,OPIUM,opium,2021-07-31,2021-07,3045399.0
7230,OPIUM,opium,2021-08-31,2021-08,3635065.0
7230,OPIUM,opium,2021-09-30,2021-09,2772453.0
7230,OPIUM,opium,2021-10-31,2021-10,4132842.0
7230,OPIUM,opium,2021-11-30,2021-11,6920892.0
7230,OPIUM,opium,2021-12-31,2021-12,11170277.0
7230,OPIUM,opium,2022-01-31,2022-01,8096556.0
7230,OPIUM,opium,2022-02-28,2022-02,7330872.0
7230,OPIUM,opium,2022-03-31,2022-03,8829552.0
7230,OPIUM,opium,2022-04-30,2022-04,6689849.0
7230,OPIUM,opium,2022-05-31,2022-05,5191206.0
7230,OPIUM,opium,2022-06-30,2022-06,3332262.0
7230,OPIUM,opium,2022-07-31,2022-07,5248522.0
7230,OPIUM,opium,2022-08-31,2022-08,4354539.0
7230,OPIUM,opium,2022-09-30,2022-09,3841006.0
7230,OPIUM,opium,2022-10-31,2022-10,4720037.0
7230,OPIUM,opium,2022-11-30,2022-11,3877007.0
7230,OPIUM,opium,2022-12-31,2022-12,3432600.0
7230,OPIUM,opium,2023-01-31,2023-01,4485174.0
7230,OPIUM,opium,2023-02-28,2023-02,3311622.0
7230,OPIUM,opium,2023-03-31,2023-03,2758837.0
7230,OPIUM,opium,2023-04-30,2023-04,2818609.0
7230,OPIUM,opium,2023-05-31,2023-05,2547936.0
7230,OPIUM,opium,2023-06-30,2023-06,2413202.0
7230,OPIUM,opium,2023-07-31,2023-07,2417605.0
7230,OPIUM,opium,2023-08-31,2023-08,2147290.0
7230,OPIUM,opium,2023-09-30,2023-09,2119031.0
7230,OPIUM,opium,2023-10-31,2023-10,2299026.0
7230,OPIUM,opium,2023-11-30,2023-11,2593543.0
7230,OPIUM,opium,2023-12-31,2023-12,2914567.0
7230,OPIUM,opium,2024-01-31,2024-01,3510661.0
7230,OPIUM,opium,2024-02-29,2024-02,4212714.0
7230,OPIUM,opium,2024-03-31,2024-03,4509005.0
7230,OPIUM,opium,2024-04-30,2024-04,4017971.0
7230,OPIUM,opium,2024-05-31,2024-05,4721320.0
7230,OPIUM,opium,2024-06-30,2024-06,4156900.0
7230,OPIUM,opium,2024-07-31,2024-07,3999023.0
7230,OPIUM,opium,2024-08-31,2024-08,3066751.0
7230,OPIUM,opium,2024-09-30,2024-09,3277605.0
7230,OPIUM,opium,2024-10-31,2024-10,3260704.0
7230,OPIUM,opium,2024-11-30,2024-11,4460760.0
7230,OPIUM,opium,2024-12-31,2024-12,4812665.0
7230,OPIUM,opium,2025-01-31,2025-01,4613907.0
7230,OPIUM,opium,2025-02-28,2025-02,2919988.0
7230,OPIUM,opium,2025-03-31,2025-03,2290506.0
7230,OPIUM,opium,2025-04-30,2025-04,2315228.0
7230,OPIUM,opium,2025-05-31,2025-05,3125437.0
7230,OPIUM,opium,2025-06-30,2025-06,3092466.0
7230,OPIUM,opium,2025-07-31,2025-07,4634874.0
7230,OPIUM,opium,2025-08-31,2025-08,5104079.0
7230,OPIUM,opium,2025-09-30,2025-09,4883070.0
7230,OPIUM,opium,2025-10-31,2025-10,208303.0
7230,OPIUM,opium,2025-11-30,2025-11,181881.0
7230,OPIUM,opium,2025-12-31,2025-12,181797.0
7230,OPIUM,opium,2026-01-31,2026-01,162625.0
7230,OPIUM,opium,2026-02-28,2026-02,135197.0
7230,OPIUM,opium,2026-03-31,2026-03,139757.0
7230,OPIUM,opium,2026-04-30,2026-04,145083.0
7230,OPIUM,opium,2026-05-31,2026-05,136289.0
7232,ALPHA,stella,2023-06-30,2023-06,519105.0
7232,ALPHA,stella,2023-07-31,2023-07,1039117.0
7232,ALPHA,stella,2023-08-31,2023-08,1222414.0
7232,ALPHA,stella,2023-09-30,2023-09,1924242.0
7232,ALPHA,stella,2023-10-31,2023-10,2368532.0
7232,ALPHA,stella,2023-11-30,2023-11,5863434.0
7232,ALPHA,stella,2023-12-31,2023-12,6731312.0
7232,ALPHA,stella,2024-01-31,2024-01,6146191.0
7232,ALPHA,stella,2024-02-29,2024-02,8248975.0
7232,ALPHA,stella,2024-03-31,2024-03,6710667.0
7232,ALPHA,stella,2024-04-30,2024-04,3827315.0
7232,ALPHA,stella,2024-05-31,2024-05,3600952.0
7232,ALPHA,stella,2024-06-30,2024-06,3264507.0
7232,ALPHA,stella,2024-07-31,2024-07,4326136.0
7232,ALPHA,stella,2024-08-31,2024-08,3588139.0
7232,ALPHA,stella,2024-09-30,2024-09,1657268.0
7232,ALPHA,stella,2024-10-31,2024-10,1386521.0
7232,ALPHA,stella,2024-11-30,2024-11,1475812.0
7232,ALPHA,stella,2024-12-31,2024-12,1108486.0
7232,ALPHA,stella,2025-01-31,2025-01,878484.0
7232,ALPHA,stella,2025-02-28,2025-02,642011.0
7232,ALPHA,stella,2025-03-31,2025-03,597870.0
7232,ALPHA,stella,2025-04-30,2025-04,518510.0
7232,ALPHA,stella,2025-05-31,2025-05,621720.0
7232,ALPHA,stella,2025-06-30,2025-06,620953.0
7232,ALPHA,stella,2025-07-31,2025-07,799620.0
7232,ALPHA,stella,2025-08-31,2025-08,893340.0
7232,ALPHA,stella,2025-09-30,2025-09,848453.0
7232,ALPHA,stella,2025-10-31,2025-10,775121.0
7232,ALPHA,stella,2025-11-30,2025-11,650539.0
7232,ALPHA,stella,2025-12-31,2025-12,642639.0
7232,ALPHA,stella,2026-01-31,2026-01,599074.0
7232,ALPHA,stella,2026-02-28,2026-02,487100.0
7232,ALPHA,stella,2026-03-31,2026-03,498396.0
7232,ALPHA,stella,2026-04-30,2026-04,537080.0
7232,ALPHA,stella,2026-05-31,2026-05,499553.0
7242,CORE,cvault-finance,2021-03-31,2021-03,89974593.0
7242,CORE,cvault-finance,2021-04-30,2021-04,48807509.0
7242,CORE,cvault-finance,2021-05-31,2021-05,3620656.0
7242,CORE,cvault-finance,2021-06-30,2021-06,3558534.0
7242,CORE,cvault-finance,2021-07-31,2021-07,4023174.0
7242,CORE,cvault-finance,2021-08-31,2021-08,5713111.0
7242,CORE,cvault-finance,2021-09-30,2021-09,3251451.0
7242,CORE,cvault-finance,2021-10-31,2021-10,3522995.0
7242,CORE,cvault-finance,2021-11-30,2021-11,3854875.0
7242,CORE,cvault-finance,2021-12-31,2021-12,2949001.0
7242,CORE,cvault-finance,2022-01-31,2022-01,2861490.0
7242,CORE,cvault-finance,2022-02-28,2022-02,2163560.0
7242,CORE,cvault-finance,2022-03-31,2022-03,2299039.0
7242,CORE,cvault-finance,2022-04-30,2022-04,2189051.0
7242,CORE,cvault-finance,2022-05-31,2022-05,1703264.0
7242,CORE,cvault-finance,2022-06-30,2022-06,1287889.0
7242,CORE,cvault-finance,2022-07-31,2022-07,1590605.0
7242,CORE,cvault-finance,2022-08-31,2022-08,10917584.0
7242,CORE,cvault-finance,2022-09-30,2022-09,10007908.0
7242,CORE,cvault-finance,2022-10-31,2022-10,10778341.0
7242,CORE,cvault-finance,2022-11-30,2022-11,9170894.0
7242,CORE,cvault-finance,2022-12-31,2022-12,8691584.0
7242,CORE,cvault-finance,2023-01-31,2023-01,10461738.0
7242,CORE,cvault-finance,2023-02-28,2023-02,10685123.0
7242,CORE,cvault-finance,2023-03-31,2023-03,10050924.0
7242,CORE,cvault-finance,2023-04-30,2023-04,10369692.0
7242,CORE,cvault-finance,2023-05-31,2023-05,9680570.0
7242,CORE,cvault-finance,2023-06-30,2023-06,8910591.0
7242,CORE,cvault-finance,2023-07-31,2023-07,7348597.0
7242,CORE,cvault-finance,2023-08-31,2023-08,6417950.0
7242,CORE,cvault-finance,2023-09-30,2023-09,6243731.0
7242,CORE,cvault-finance,2023-10-31,2023-10,6822863.0
7242,CORE,cvault-finance,2023-11-30,2023-11,7290900.0
7242,CORE,cvault-finance,2023-12-31,2023-12,189370.0
7242,CORE,cvault-finance,2024-01-31,2024-01,8575475.0
7242,CORE,cvault-finance,2024-02-29,2024-02,11614703.0
7242,CORE,cvault-finance,2024-03-31,2024-03,11491661.0
7242,CORE,cvault-finance,2024-04-30,2024-04,10063688.0
7242,CORE,cvault-finance,2024-05-31,2024-05,12132195.0
7242,CORE,cvault-finance,2024-06-30,2024-06,10835548.0
7242,CORE,cvault-finance,2024-07-31,2024-07,9690627.0
7242,CORE,cvault-finance,2024-08-31,2024-08,7482331.0
7242,CORE,cvault-finance,2024-09-30,2024-09,7879467.0
7242,CORE,cvault-finance,2024-10-31,2024-10,7729194.0
7242,CORE,cvault-finance,2024-11-30,2024-11,10137206.0
7242,CORE,cvault-finance,2024-12-31,2024-12,9525050.0
7242,CORE,cvault-finance,2025-01-31,2025-01,9049707.0
7242,CORE,cvault-finance,2025-02-28,2025-02,6847529.0
7242,CORE,cvault-finance,2025-03-31,2025-03,5522819.0
7242,CORE,cvault-finance,2025-04-30,2025-04,4998211.0
7242,CORE,cvault-finance,2025-05-31,2025-05,6985086.0
7242,CORE,cvault-finance,2025-06-30,2025-06,6656777.0
7242,CORE,cvault-finance,2025-07-31,2025-07,10251413.0
7242,CORE,cvault-finance,2025-08-31,2025-08,12008766.0
7242,CORE,cvault-finance,2025-09-30,2025-09,11271733.0
7242,CORE,cvault-finance,2025-10-31,2025-10,10370453.0
7242,CORE,cvault-finance,2025-11-30,2025-11,7911616.0
7242,CORE,cvault-finance,2025-12-31,2025-12,7976877.0
7242,CORE,cvault-finance,2026-01-31,2026-01,7621469.0
7242,CORE,cvault-finance,2026-02-28,2026-02,5121240.0
7242,CORE,cvault-finance,2026-03-31,2026-03,5393227.0
7242,CORE,cvault-finance,2026-04-30,2026-04,6034259.0
7242,CORE,cvault-finance,2026-05-31,2026-05,5361761.0
7278,AAVE,aave-v2,2020-12-31,2020-12,126438639.0
7278,AAVE,aave-v2,2021-01-31,2021-01,750007695.0
7278,AAVE,aave-v2,2021-02-28,2021-02,1867668421.0
7278,AAVE,aave-v2,2021-03-31,2021-03,2919057794.0
7278,AAVE,aave-v2,2021-04-30,2021-04,6761616305.0
7278,AAVE,aave-v2,2021-05-31,2021-05,10649925254.0
7278,AAVE,aave-v2,2021-06-30,2021-06,9439085464.0
7278,AAVE,aave-v2,2021-07-31,2021-07,11373085997.0
7278,AAVE,aave-v2,2021-08-31,2021-08,13005240835.0
7278,AAVE,aave-v2,2021-09-30,2021-09,11353699667.0
7278,AAVE,aave-v2,2021-10-31,2021-10,12957614296.0
7278,AAVE,aave-v2,2021-11-30,2021-11,15181291662.0
7278,AAVE,aave-v2,2021-12-31,2021-12,14017782853.0
7278,AAVE,aave-v2,2022-01-31,2022-01,11683368207.0
7278,AAVE,aave-v2,2022-02-28,2022-02,11410557686.0
7278,AAVE,aave-v2,2022-03-31,2022-03,13898161619.0
7278,AAVE,aave-v2,2022-04-30,2022-04,11143989311.0
7278,AAVE,aave-v2,2022-05-31,2022-05,8918241366.0
7278,AAVE,aave-v2,2022-06-30,2022-06,4874071729.0
7278,AAVE,aave-v2,2022-07-31,2022-07,5304595820.0
7278,AAVE,aave-v2,2022-08-31,2022-08,4851432857.0
7278,AAVE,aave-v2,2022-09-30,2022-09,4334581308.0
7278,AAVE,aave-v2,2022-10-31,2022-10,4385000066.0
7278,AAVE,aave-v2,2022-11-30,2022-11,3341267759.0
7278,AAVE,aave-v2,2022-12-31,2022-12,3223512665.0
7278,AAVE,aave-v2,2023-01-31,2023-01,3947643453.0
7278,AAVE,aave-v2,2023-02-28,2023-02,4052707981.0
7278,AAVE,aave-v2,2023-03-31,2023-03,4212463248.0
7278,AAVE,aave-v2,2023-04-30,2023-04,3936587120.0
7278,AAVE,aave-v2,2023-05-31,2023-05,3859801296.0
7278,AAVE,aave-v2,2023-06-30,2023-06,3764917587.0
7278,AAVE,aave-v2,2023-07-31,2023-07,3470723589.0
7278,AAVE,aave-v2,2023-08-31,2023-08,2450332680.0
7278,AAVE,aave-v2,2023-09-30,2023-09,2327176416.0
7278,AAVE,aave-v2,2023-10-31,2023-10,2488662169.0
7278,AAVE,aave-v2,2023-11-30,2023-11,2349431933.0
7278,AAVE,aave-v2,2023-12-31,2023-12,2335592933.0
7278,AAVE,aave-v2,2024-01-31,2024-01,2000079875.0
7278,AAVE,aave-v2,2024-02-29,2024-02,2602574382.0
7278,AAVE,aave-v2,2024-03-31,2024-03,2386251776.0
7278,AAVE,aave-v2,2024-04-30,2024-04,1884438529.0
7278,AAVE,aave-v2,2024-05-31,2024-05,1934207000.0
7278,AAVE,aave-v2,2024-06-30,2024-06,1639724106.0
7278,AAVE,aave-v2,2024-07-31,2024-07,1482354476.0
7278,AAVE,aave-v2,2024-08-31,2024-08,1134740920.0
7278,AAVE,aave-v2,2024-09-30,2024-09,1079277720.0
7278,AAVE,aave-v2,2024-10-31,2024-10,878939353.0
7278,AAVE,aave-v2,2024-11-30,2024-11,869536712.0
7278,AAVE,aave-v2,2024-12-31,2024-12,650120851.0
7278,AAVE,aave-v2,2025-01-31,2025-01,572430037.0
7278,AAVE,aave-v2,2025-02-28,2025-02,397777311.0
7278,AAVE,aave-v2,2025-03-31,2025-03,307098294.0
7278,AAVE,aave-v2,2025-04-30,2025-04,290320923.0
7278,AAVE,aave-v2,2025-05-31,2025-05,323337228.0
7278,AAVE,aave-v2,2025-06-30,2025-06,283618027.0
7278,AAVE,aave-v2,2025-07-31,2025-07,330556163.0
7278,AAVE,aave-v2,2025-08-31,2025-08,334329895.0
7278,AAVE,aave-v2,2025-09-30,2025-09,320163761.0
7278,AAVE,aave-v2,2025-10-31,2025-10,248467514.0
7278,AAVE,aave-v2,2025-11-30,2025-11,197276903.0
7278,AAVE,aave-v2,2025-12-31,2025-12,183792240.0
7278,AAVE,aave-v2,2026-01-31,2026-01,168777646.0
7278,AAVE,aave-v2,2026-02-28,2026-02,131905127.0
7278,AAVE,aave-v2,2026-03-31,2026-03,130235871.0
7278,AAVE,aave-v2,2026-04-30,2026-04,131929023.0
7278,AAVE,aave-v2,2026-05-31,2026-05,120091327.0
7288,XVS,venus,2020-11-30,2020-11,51201349.0
7288,XVS,venus,2020-12-31,2020-12,55115626.0
7288,XVS,venus,2021-01-31,2021-01,150038349.0
7288,XVS,venus,2021-02-28,2021-02,1811489919.0
7288,XVS,venus,2021-03-31,2021-03,2929059837.0
7288,XVS,venus,2021-04-30,2021-04,4992677707.0
7288,XVS,venus,2021-05-31,2021-05,1997104746.0
7288,XVS,venus,2021-06-30,2021-06,1658768441.0
7288,XVS,venus,2021-07-31,2021-07,1857125265.0
7288,XVS,venus,2021-08-31,2021-08,2378846677.0
7288,XVS,venus,2021-09-30,2021-09,2106430071.0
7288,XVS,venus,2021-10-31,2021-10,2413386404.0
7288,XVS,venus,2021-11-30,2021-11,2243799810.0
7288,XVS,venus,2021-12-31,2021-12,2030681460.0
7288,XVS,venus,2022-01-31,2022-01,1416450157.0
7288,XVS,venus,2022-02-28,2022-02,1426524087.0
7288,XVS,venus,2022-03-31,2022-03,1778676225.0
7288,XVS,venus,2022-04-30,2022-04,1535130077.0
7288,XVS,venus,2022-05-31,2022-05,834526798.0
7288,XVS,venus,2022-06-30,2022-06,625841389.0
7288,XVS,venus,2022-07-31,2022-07,713084965.0
7288,XVS,venus,2022-08-31,2022-08,674597464.0
7288,XVS,venus,2022-09-30,2022-09,635424798.0
7288,XVS,venus,2022-10-31,2022-10,798069095.0
7288,XVS,venus,2022-11-30,2022-11,988279547.0
7288,XVS,venus,2022-12-31,2022-12,649589314.0
7288,XVS,venus,2023-01-31,2023-01,847415141.0
7288,XVS,venus,2023-02-28,2023-02,828678857.0
7288,XVS,venus,2023-03-31,2023-03,835058453.0
7288,XVS,venus,2023-04-30,2023-04,862822124.0
7288,XVS,venus,2023-05-31,2023-05,799983329.0
7288,XVS,venus,2023-06-30,2023-06,657872349.0
7288,XVS,venus,2023-07-31,2023-07,701785649.0
7288,XVS,venus,2023-08-31,2023-08,628195671.0
7288,XVS,venus,2023-09-30,2023-09,617663587.0
7288,XVS,venus,2023-10-31,2023-10,588534418.0
7288,XVS,venus,2023-11-30,2023-11,677634306.0
7288,XVS,venus,2023-12-31,2023-12,907656945.0
7288,XVS,venus,2024-01-31,2024-01,1007441195.0
7288,XVS,venus,2024-02-29,2024-02,1312863064.0
7288,XVS,venus,2024-03-31,2024-03,1704397995.0
7288,XVS,venus,2024-04-30,2024-04,1652110314.0
7288,XVS,venus,2024-05-31,2024-05,1820714457.0
7288,XVS,venus,2024-06-30,2024-06,1662125038.0
7288,XVS,venus,2024-07-31,2024-07,1765953702.0
7288,XVS,venus,2024-08-31,2024-08,1555724967.0
7288,XVS,venus,2024-09-30,2024-09,1866807372.0
7288,XVS,venus,2024-10-31,2024-10,1718866762.0
7288,XVS,venus,2024-11-30,2024-11,1958078244.0
7288,XVS,venus,2024-12-31,2024-12,1747562842.0
7288,XVS,venus,2025-01-31,2025-01,1904458299.0
7288,XVS,venus,2025-02-28,2025-02,1691925185.0
7288,XVS,venus,2025-03-31,2025-03,1640604002.0
7288,XVS,venus,2025-04-30,2025-04,1686197962.0
7288,XVS,venus,2025-05-31,2025-05,1604783037.0
7288,XVS,venus,2025-06-30,2025-06,1665681369.0
7288,XVS,venus,2025-07-31,2025-07,1907992805.0
7288,XVS,venus,2025-08-31,2025-08,1891997691.0
7288,XVS,venus,2025-09-30,2025-09,1897416829.0
7288,XVS,venus,2025-10-31,2025-10,1979477587.0
7288,XVS,venus,2025-11-30,2025-11,1554889301.0
7288,XVS,venus,2025-12-31,2025-12,1559932438.0
7288,XVS,venus,2026-01-31,2026-01,1558324629.0
7288,XVS,venus,2026-02-28,2026-02,1393229378.0
7288,XVS,venus,2026-03-31,2026-03,1239144034.0
7288,XVS,venus,2026-04-30,2026-04,1256451833.0
7288,XVS,venus,2026-05-31,2026-05,1200187614.0
7429,LQTY,liquity,2021-04-30,2021-04,3244986841.0
7429,LQTY,liquity,2021-05-31,2021-05,2242465955.0
7429,LQTY,liquity,2021-06-30,2021-06,2167936838.0
7429,LQTY,liquity,2021-07-31,2021-07,1492075254.0
7429,LQTY,liquity,2021-08-31,2021-08,1756152110.0
7429,LQTY,liquity,2021-09-30,2021-09,1501808894.0
7429,LQTY,liquity,2021-10-31,2021-10,1888061933.0
7429,LQTY,liquity,2021-11-30,2021-11,2287595393.0
7429,LQTY,liquity,2021-12-31,2021-12,1830171653.0
7429,LQTY,liquity,2022-01-31,2022-01,1029217784.0
7429,LQTY,liquity,2022-02-28,2022-02,994766853.0
7429,LQTY,liquity,2022-03-31,2022-03,1257653620.0
7429,LQTY,liquity,2022-04-30,2022-04,1029892776.0
7429,LQTY,liquity,2022-05-31,2022-05,669903917.0
7429,LQTY,liquity,2022-06-30,2022-06,362927716.0
7429,LQTY,liquity,2022-07-31,2022-07,564729298.0
7429,LQTY,liquity,2022-08-31,2022-08,519996848.0
7429,LQTY,liquity,2022-09-30,2022-09,426057333.0
7429,LQTY,liquity,2022-10-31,2022-10,520275418.0
7429,LQTY,liquity,2022-11-30,2022-11,445688980.0
7429,LQTY,liquity,2022-12-31,2022-12,411247636.0
7429,LQTY,liquity,2023-01-31,2023-01,571146243.0
7429,LQTY,liquity,2023-02-28,2023-02,599657022.0
7429,LQTY,liquity,2023-03-31,2023-03,727421003.0
7429,LQTY,liquity,2023-04-30,2023-04,752957031.0
7429,LQTY,liquity,2023-05-31,2023-05,750510905.0
7429,LQTY,liquity,2023-06-30,2023-06,732260709.0
7429,LQTY,liquity,2023-07-31,2023-07,755321791.0
7429,LQTY,liquity,2023-08-31,2023-08,688627394.0
7429,LQTY,liquity,2023-09-30,2023-09,642182479.0
7429,LQTY,liquity,2023-10-31,2023-10,655471142.0
7429,LQTY,liquity,2023-11-30,2023-11,702572923.0
7429,LQTY,liquity,2023-12-31,2023-12,728304690.0
7429,LQTY,liquity,2024-01-31,2024-01,611931456.0
7429,LQTY,liquity,2024-02-29,2024-02,853371568.0
7429,LQTY,liquity,2024-03-31,2024-03,813043395.0
7429,LQTY,liquity,2024-04-30,2024-04,699855371.0
7429,LQTY,liquity,2024-05-31,2024-05,779058169.0
7429,LQTY,liquity,2024-06-30,2024-06,527248273.0
7429,LQTY,liquity,2024-07-31,2024-07,512310661.0
7429,LQTY,liquity,2024-08-31,2024-08,349968078.0
7429,LQTY,liquity,2024-09-30,2024-09,359029553.0
7429,LQTY,liquity,2024-10-31,2024-10,363551224.0
7429,LQTY,liquity,2024-11-30,2024-11,466641139.0
7429,LQTY,liquity,2024-12-31,2024-12,413501331.0
7429,LQTY,liquity,2025-01-31,2025-01,425103043.0
7429,LQTY,liquity,2025-02-28,2025-02,288944393.0
7429,LQTY,liquity,2025-03-31,2025-03,208735085.0
7429,LQTY,liquity,2025-04-30,2025-04,197571506.0
7429,LQTY,liquity,2025-05-31,2025-05,315162737.0
7429,LQTY,liquity,2025-06-30,2025-06,349551683.0
7429,LQTY,liquity,2025-07-31,2025-07,503667051.0
7429,LQTY,liquity,2025-08-31,2025-08,542325150.0
7429,LQTY,liquity,2025-09-30,2025-09,496792553.0
7429,LQTY,liquity,2025-10-31,2025-10,455852224.0
7429,LQTY,liquity,2025-11-30,2025-11,373866239.0
7429,LQTY,liquity,2025-12-31,2025-12,357292849.0
7429,LQTY,liquity,2026-01-31,2026-01,318315019.0
7429,LQTY,liquity,2026-02-28,2026-02,234843258.0
7429,LQTY,liquity,2026-03-31,2026-03,244334320.0
7429,LQTY,liquity,2026-04-30,2026-04,278380615.0
7429,LQTY,liquity,2026-05-31,2026-05,231315944.0
7486,RGT,rari-capital,2020-10-31,2020-10,59583632.0
7486,RGT,rari-capital,2020-11-30,2020-11,53931821.0
7486,RGT,rari-capital,2020-12-31,2020-12,38822190.0
7486,RGT,rari-capital,2021-01-31,2021-01,14891881.0
7486,RGT,rari-capital,2021-02-28,2021-02,9484128.0
7486,RGT,rari-capital,2021-03-31,2021-03,25760553.0
7486,RGT,rari-capital,2021-04-30,2021-04,50502880.0
7486,RGT,rari-capital,2021-05-31,2021-05,29939991.0
7486,RGT,rari-capital,2021-06-30,2021-06,46331564.0
7486,RGT,rari-capital,2021-07-31,2021-07,109537861.0
7486,RGT,rari-capital,2021-08-31,2021-08,147232033.0
7486,RGT,rari-capital,2021-09-30,2021-09,391267837.0
7486,RGT,rari-capital,2021-10-31,2021-10,1052493508.0
7486,RGT,rari-capital,2021-11-30,2021-11,1300854739.0
7486,RGT,rari-capital,2021-12-31,2021-12,947276942.0
7486,RGT,rari-capital,2022-01-31,2022-01,505274910.0
7486,RGT,rari-capital,2022-02-28,2022-02,708291065.0
7486,RGT,rari-capital,2022-03-31,2022-03,890257358.0
7486,RGT,rari-capital,2022-04-30,2022-04,675061851.0
7486,RGT,rari-capital,2022-05-31,2022-05,210410175.0
7486,RGT,rari-capital,2022-06-30,2022-06,54341102.0
7486,RGT,rari-capital,2022-07-31,2022-07,53180597.0
7486,RGT,rari-capital,2022-08-31,2022-08,36348763.0
7486,RGT,rari-capital,2022-09-30,2022-09,24956008.0
7486,RGT,rari-capital,2022-10-31,2022-10,21488720.0
7486,RGT,rari-capital,2022-11-30,2022-11,16173155.0
7486,RGT,rari-capital,2022-12-31,2022-12,11913078.0
7486,RGT,rari-capital,2023-01-31,2023-01,9526561.0
7486,RGT,rari-capital,2023-02-28,2023-02,9362495.0
7486,RGT,rari-capital,2023-03-31,2023-03,7437747.0
7486,RGT,rari-capital,2023-04-30,2023-04,6260075.0
7486,RGT,rari-capital,2023-05-31,2023-05,12421501.0
7486,RGT,rari-capital,2023-06-30,2023-06,11713916.0
7486,RGT,rari-capital,2023-07-31,2023-07,8010302.0
7486,RGT,rari-capital,2023-08-31,2023-08,7082086.0
7486,RGT,rari-capital,2023-09-30,2023-09,6878821.0
7486,RGT,rari-capital,2023-10-31,2023-10,5377860.0
7486,RGT,rari-capital,2023-11-30,2023-11,5942802.0
7486,RGT,rari-capital,2023-12-31,2023-12,5675267.0
7486,RGT,rari-capital,2024-01-31,2024-01,5686450.0
7486,RGT,rari-capital,2024-02-29,2024-02,6137366.0
7486,RGT,rari-capital,2024-03-31,2024-03,6385073.0
7486,RGT,rari-capital,2024-04-30,2024-04,5940849.0
7486,RGT,rari-capital,2024-05-31,2024-05,5992229.0
7486,RGT,rari-capital,2024-06-30,2024-06,5432485.0
7486,RGT,rari-capital,2024-07-31,2024-07,5567753.0
7486,RGT,rari-capital,2024-08-31,2024-08,5445979.0
7486,RGT,rari-capital,2024-09-30,2024-09,5606684.0
7486,RGT,rari-capital,2024-10-31,2024-10,5717446.0
7486,RGT,rari-capital,2024-11-30,2024-11,6984503.0
7486,RGT,rari-capital,2024-12-31,2024-12,7028930.0
7486,RGT,rari-capital,2025-01-31,2025-01,6937596.0
7486,RGT,rari-capital,2025-02-28,2025-02,6514784.0
7486,RGT,rari-capital,2025-03-31,2025-03,6403957.0
7486,RGT,rari-capital,2025-04-30,2025-04,5357823.0
7486,RGT,rari-capital,2025-05-31,2025-05,5402046.0
7486,RGT,rari-capital,2025-06-30,2025-06,5385200.0
7486,RGT,rari-capital,2025-07-31,2025-07,6672220.0
7486,RGT,rari-capital,2025-08-31,2025-08,6852683.0
7486,RGT,rari-capital,2025-09-30,2025-09,6469167.0
7486,RGT,rari-capital,2025-10-31,2025-10,6471315.0
7486,RGT,rari-capital,2025-11-30,2025-11,5705683.0
7486,RGT,rari-capital,2025-12-31,2025-12,2072694.0
7486,RGT,rari-capital,2026-01-31,2026-01,1790012.0
7486,RGT,rari-capital,2026-02-28,2026-02,1416491.0
7486,RGT,rari-capital,2026-03-31,2026-03,1335490.0
7486,RGT,rari-capital,2026-04-30,2026-04,1344317.0
7486,RGT,rari-capital,2026-05-31,2026-05,1486368.0
7501,WOO,woofi-swap,2022-02-28,2022-02,23742582.0
7501,WOO,woofi-swap,2022-03-31,2022-03,14551661.0
7501,WOO,woofi-swap,2022-04-30,2022-04,5480757.0
7501,WOO,woofi-swap,2022-05-31,2022-05,4388839.0
7501,WOO,woofi-swap,2022-06-30,2022-06,2430283.0
7501,WOO,woofi-swap,2022-07-31,2022-07,1718387.0
7501,WOO,woofi-swap,2022-08-31,2022-08,4036211.0
7501,WOO,woofi-swap,2022-09-30,2022-09,4521764.0
7501,WOO,woofi-swap,2022-10-31,2022-10,7918614.0
7501,WOO,woofi-swap,2022-11-30,2022-11,5027762.0
7501,WOO,woofi-swap,2022-12-31,2022-12,5501416.0
7501,WOO,woofi-swap,2023-01-31,2023-01,5600026.0
7501,WOO,woofi-swap,2023-02-28,2023-02,7246178.0
7501,WOO,woofi-swap,2023-03-31,2023-03,8551846.0
7501,WOO,woofi-swap,2023-04-30,2023-04,8542290.0
7501,WOO,woofi-swap,2023-05-31,2023-05,7948048.0
7501,WOO,woofi-swap,2023-06-30,2023-06,9125266.0
7501,WOO,woofi-swap,2023-07-31,2023-07,9486638.0
7501,WOO,woofi-swap,2023-08-31,2023-08,9509286.0
7501,WOO,woofi-swap,2023-09-30,2023-09,8714478.0
7501,WOO,woofi-swap,2023-10-31,2023-10,10477193.0
7501,WOO,woofi-swap,2023-11-30,2023-11,12797501.0
7501,WOO,woofi-swap,2023-12-31,2023-12,16650112.0
7501,WOO,woofi-swap,2024-01-31,2024-01,19488719.0
7501,WOO,woofi-swap,2024-02-29,2024-02,23807704.0
7501,WOO,woofi-swap,2024-03-31,2024-03,0.0
7501,WOO,woofi-swap,2024-04-30,2024-04,0.0
7501,WOO,woofi-swap,2024-05-31,2024-05,0.0
7501,WOO,woofi-swap,2024-06-30,2024-06,11278049.0
7501,WOO,woofi-swap,2024-07-31,2024-07,15718456.0
7501,WOO,woofi-swap,2024-08-31,2024-08,15160007.0
7501,WOO,woofi-swap,2024-09-30,2024-09,16419185.0
7501,WOO,woofi-swap,2024-10-31,2024-10,12938208.0
7501,WOO,woofi-swap,2024-11-30,2024-11,17141960.0
7501,WOO,woofi-swap,2024-12-31,2024-12,16019419.0
7501,WOO,woofi-swap,2025-01-31,2025-01,15195776.0
7501,WOO,woofi-swap,2025-02-28,2025-02,10720456.0
7501,WOO,woofi-swap,2025-03-31,2025-03,7844883.0
7501,WOO,woofi-swap,2025-04-30,2025-04,9587853.0
7501,WOO,woofi-swap,2025-05-31,2025-05,10033169.0
7501,WOO,woofi-swap,2025-06-30,2025-06,9252430.0
7501,WOO,woofi-swap,2025-07-31,2025-07,10110429.0
7501,WOO,woofi-swap,2025-08-31,2025-08,9364904.0
7501,WOO,woofi-swap,2025-09-30,2025-09,8644167.0
7501,WOO,woofi-swap,2025-10-31,2025-10,8732634.0
7501,WOO,woofi-swap,2025-11-30,2025-11,7401855.0
7501,WOO,woofi-swap,2025-12-31,2025-12,7348239.0
7501,WOO,woofi-swap,2026-01-31,2026-01,6943348.0
7501,WOO,woofi-swap,2026-02-28,2026-02,5839299.0
7501,WOO,woofi-swap,2026-03-31,2026-03,5010911.0
7501,WOO,woofi-swap,2026-04-30,2026-04,3809577.0
7501,WOO,woofi-swap,2026-05-31,2026-05,98219.0
7535,KP3R,keep3r-network,2021-10-31,2021-10,0.0
7535,KP3R,keep3r-network,2021-11-30,2021-11,0.0
7535,KP3R,keep3r-network,2021-12-31,2021-12,585738465.0
7535,KP3R,keep3r-network,2022-01-31,2022-01,615797988.0
7535,KP3R,keep3r-network,2022-02-28,2022-02,601597796.0
7535,KP3R,keep3r-network,2022-03-31,2022-03,407543728.0
7535,KP3R,keep3r-network,2022-04-30,2022-04,127704647.0
7535,KP3R,keep3r-network,2022-05-31,2022-05,127253428.0
7535,KP3R,keep3r-network,2022-06-30,2022-06,113234797.0
7535,KP3R,keep3r-network,2022-07-31,2022-07,118377546.0
7535,KP3R,keep3r-network,2022-08-31,2022-08,118770931.0
7535,KP3R,keep3r-network,2022-09-30,2022-09,44703365.0
7535,KP3R,keep3r-network,2022-10-31,2022-10,118798618.0
7535,KP3R,keep3r-network,2022-11-30,2022-11,125260024.0
7535,KP3R,keep3r-network,2022-12-31,2022-12,187742787.0
7535,KP3R,keep3r-network,2023-01-31,2023-01,172520463.0
7535,KP3R,keep3r-network,2023-02-28,2023-02,23730142.0
7535,KP3R,keep3r-network,2023-03-31,2023-03,25390028.0
7535,KP3R,keep3r-network,2023-04-30,2023-04,37795260.0
7535,KP3R,keep3r-network,2023-05-31,2023-05,26283973.0
7535,KP3R,keep3r-network,2023-06-30,2023-06,26495367.0
7535,KP3R,keep3r-network,2023-07-31,2023-07,26244919.0
7535,KP3R,keep3r-network,2023-08-31,2023-08,23853656.0
7535,KP3R,keep3r-network,2023-09-30,2023-09,14570010.0
7535,KP3R,keep3r-network,2023-10-31,2023-10,16703487.0
7535,KP3R,keep3r-network,2023-11-30,2023-11,14939067.0
7535,KP3R,keep3r-network,2023-12-31,2023-12,28130893.0
7535,KP3R,keep3r-network,2024-01-31,2024-01,16307651.0
7535,KP3R,keep3r-network,2024-02-29,2024-02,17895764.0
7535,KP3R,keep3r-network,2024-03-31,2024-03,17787460.0
7535,KP3R,keep3r-network,2024-04-30,2024-04,10471085.0
7535,KP3R,keep3r-network,2024-05-31,2024-05,7509140.0
7535,KP3R,keep3r-network,2024-06-30,2024-06,6548533.0
7535,KP3R,keep3r-network,2024-07-31,2024-07,6290056.0
7535,KP3R,keep3r-network,2024-08-31,2024-08,7548889.0
7535,KP3R,keep3r-network,2024-09-30,2024-09,7858181.0
7535,KP3R,keep3r-network,2024-10-31,2024-10,6441440.0
7535,KP3R,keep3r-network,2024-11-30,2024-11,8824254.0
7535,KP3R,keep3r-network,2024-12-31,2024-12,10221918.0
7535,KP3R,keep3r-network,2025-01-31,2025-01,8405207.0
7535,KP3R,keep3r-network,2025-02-28,2025-02,9235699.0
7535,KP3R,keep3r-network,2025-03-31,2025-03,7661408.0
7535,KP3R,keep3r-network,2025-04-30,2025-04,5682422.0
7535,KP3R,keep3r-network,2025-05-31,2025-05,4622213.0
7535,KP3R,keep3r-network,2025-06-30,2025-06,4474581.0
7535,KP3R,keep3r-network,2025-07-31,2025-07,5886814.0
7535,KP3R,keep3r-network,2025-08-31,2025-08,4736040.0
7535,KP3R,keep3r-network,2025-09-30,2025-09,4851306.0
7535,KP3R,keep3r-network,2025-10-31,2025-10,5536396.0
7535,KP3R,keep3r-network,2025-11-30,2025-11,5560432.0
7535,KP3R,keep3r-network,2025-12-31,2025-12,5305996.0
7535,KP3R,keep3r-network,2026-01-31,2026-01,3624609.0
7535,KP3R,keep3r-network,2026-02-28,2026-02,3368347.0
7535,KP3R,keep3r-network,2026-03-31,2026-03,3165605.0
7535,KP3R,keep3r-network,2026-04-30,2026-04,3426770.0
7535,KP3R,keep3r-network,2026-05-31,2026-05,3058411.0
7617,SFI,saffron-finance,2021-11-30,2021-11,0.0
7617,SFI,saffron-finance,2021-12-31,2021-12,0.0
7617,SFI,saffron-finance,2022-01-31,2022-01,0.0
7617,SFI,saffron-finance,2022-02-28,2022-02,0.0
7617,SFI,saffron-finance,2022-03-31,2022-03,0.0
7617,SFI,saffron-finance,2022-04-30,2022-04,0.0
7617,SFI,saffron-finance,2022-05-31,2022-05,0.0
7617,SFI,saffron-finance,2022-06-30,2022-06,0.0
7617,SFI,saffron-finance,2022-07-31,2022-07,0.0
7617,SFI,saffron-finance,2022-08-31,2022-08,0.0
7617,SFI,saffron-finance,2022-09-30,2022-09,0.0
7617,SFI,saffron-finance,2022-10-31,2022-10,0.0
7617,SFI,saffron-finance,2022-11-30,2022-11,0.0
7617,SFI,saffron-finance,2022-12-31,2022-12,0.0
7617,SFI,saffron-finance,2023-01-31,2023-01,0.0
7617,SFI,saffron-finance,2023-02-28,2023-02,0.0
7617,SFI,saffron-finance,2023-03-31,2023-03,0.0
7617,SFI,saffron-finance,2023-04-30,2023-04,0.0
7617,SFI,saffron-finance,2023-05-31,2023-05,0.0
7617,SFI,saffron-finance,2023-06-30,2023-06,0.0
7617,SFI,saffron-finance,2023-07-31,2023-07,0.0
7617,SFI,saffron-finance,2023-08-31,2023-08,0.0
7617,SFI,saffron-finance,2023-09-30,2023-09,0.0
7617,SFI,saffron-finance,2023-10-31,2023-10,0.0
7617,SFI,saffron-finance,2023-11-30,2023-11,0.0
7617,SFI,saffron-finance,2023-12-31,2023-12,0.0
7617,SFI,saffron-finance,2024-01-31,2024-01,0.0
7617,SFI,saffron-finance,2024-02-29,2024-02,0.0
7617,SFI,saffron-finance,2024-03-31,2024-03,0.0
7617,SFI,saffron-finance,2024-04-30,2024-04,0.0
7617,SFI,saffron-finance,2024-05-31,2024-05,0.0
7617,SFI,saffron-finance,2024-06-30,2024-06,0.0
7617,SFI,saffron-finance,2024-07-31,2024-07,0.0
7617,SFI,saffron-finance,2024-08-31,2024-08,0.0
7617,SFI,saffron-finance,2024-09-30,2024-09,0.0
7617,SFI,saffron-finance,2024-10-31,2024-10,0.0
7617,SFI,saffron-finance,2024-11-30,2024-11,0.0
7617,SFI,saffron-finance,2024-12-31,2024-12,0.0
7617,SFI,saffron-finance,2025-01-31,2025-01,0.0
7617,SFI,saffron-finance,2025-02-28,2025-02,0.0
7617,SFI,saffron-finance,2025-03-31,2025-03,0.0
7617,SFI,saffron-finance,2025-04-30,2025-04,0.0
7617,SFI,saffron-finance,2025-05-31,2025-05,0.0
7617,SFI,saffron-finance,2025-06-30,2025-06,0.0
7617,SFI,saffron-finance,2025-07-31,2025-07,0.0
7617,SFI,saffron-finance,2025-08-31,2025-08,0.0
7617,SFI,saffron-finance,2025-09-30,2025-09,0.0
7617,SFI,saffron-finance,2025-10-31,2025-10,0.0
7617,SFI,saffron-finance,2025-11-30,2025-11,0.0
7617,SFI,saffron-finance,2025-12-31,2025-12,0.0
7617,SFI,saffron-finance,2026-01-31,2026-01,0.0
7617,SFI,saffron-finance,2026-02-28,2026-02,0.0
7617,SFI,saffron-finance,2026-03-31,2026-03,0.0
7617,SFI,saffron-finance,2026-04-30,2026-04,0.0
7617,SFI,saffron-finance,2026-05-31,2026-05,0.0
7654,RFOX,rfox,2022-04-30,2022-04,0.0
7654,RFOX,rfox,2022-05-31,2022-05,0.0
7654,RFOX,rfox,2022-06-30,2022-06,0.0
7654,RFOX,rfox,2022-07-31,2022-07,0.0
7654,RFOX,rfox,2022-08-31,2022-08,0.0
7654,RFOX,rfox,2022-09-30,2022-09,0.0
7654,RFOX,rfox,2022-10-31,2022-10,0.0
7654,RFOX,rfox,2022-11-30,2022-11,0.0
7654,RFOX,rfox,2022-12-31,2022-12,0.0
7654,RFOX,rfox,2023-01-31,2023-01,0.0
7654,RFOX,rfox,2023-02-28,2023-02,0.0
7654,RFOX,rfox,2023-03-31,2023-03,0.0
7654,RFOX,rfox,2023-04-30,2023-04,0.0
7654,RFOX,rfox,2023-05-31,2023-05,0.0
7654,RFOX,rfox,2023-06-30,2023-06,0.0
7654,RFOX,rfox,2023-07-31,2023-07,0.0
7654,RFOX,rfox,2023-08-31,2023-08,0.0
7654,RFOX,rfox,2023-09-30,2023-09,0.0
7654,RFOX,rfox,2023-10-31,2023-10,0.0
7654,RFOX,rfox,2023-11-30,2023-11,0.0
7654,RFOX,rfox,2023-12-31,2023-12,0.0
7654,RFOX,rfox,2024-01-31,2024-01,0.0
7654,RFOX,rfox,2024-02-29,2024-02,0.0
7654,RFOX,rfox,2024-03-31,2024-03,0.0
7654,RFOX,rfox,2024-04-30,2024-04,0.0
7654,RFOX,rfox,2024-05-31,2024-05,0.0
7654,RFOX,rfox,2024-06-30,2024-06,0.0
7654,RFOX,rfox,2024-07-31,2024-07,0.0
7654,RFOX,rfox,2024-08-31,2024-08,0.0
7654,RFOX,rfox,2024-09-30,2024-09,0.0
7654,RFOX,rfox,2024-10-31,2024-10,0.0
7654,RFOX,rfox,2024-11-30,2024-11,0.0
7654,RFOX,rfox,2024-12-31,2024-12,0.0
7654,RFOX,rfox,2025-01-31,2025-01,0.0
7654,RFOX,rfox,2025-02-28,2025-02,0.0
7654,RFOX,rfox,2025-03-31,2025-03,0.0
7654,RFOX,rfox,2025-04-30,2025-04,0.0
7654,RFOX,rfox,2025-05-31,2025-05,0.0
7654,RFOX,rfox,2025-06-30,2025-06,0.0
7654,RFOX,rfox,2025-07-31,2025-07,0.0
7654,RFOX,rfox,2025-08-31,2025-08,0.0
7654,RFOX,rfox,2025-09-30,2025-09,0.0
7654,RFOX,rfox,2025-10-31,2025-10,0.0
7654,RFOX,rfox,2025-11-30,2025-11,0.0
7654,RFOX,rfox,2025-12-31,2025-12,0.0
7654,RFOX,rfox,2026-01-31,2026-01,0.0
7654,RFOX,rfox,2026-02-28,2026-02,0.0
7654,RFOX,rfox,2026-03-31,2026-03,0.0
7654,RFOX,rfox,2026-04-30,2026-04,0.0
7654,RFOX,rfox,2026-05-31,2026-05,0.0
7725,TRU,truefi,2020-11-30,2020-11,2097730.0
7725,TRU,truefi,2020-12-31,2020-12,9098154.0
7725,TRU,truefi,2021-01-31,2021-01,11707003.0
7725,TRU,truefi,2021-02-28,2021-02,9815860.0
7725,TRU,truefi,2021-03-31,2021-03,32609827.0
7725,TRU,truefi,2021-04-30,2021-04,29253161.0
7725,TRU,truefi,2021-05-31,2021-05,156428787.0
7725,TRU,truefi,2021-06-30,2021-06,131479371.0
7725,TRU,truefi,2021-07-31,2021-07,39354061.0
7725,TRU,truefi,2021-08-31,2021-08,653406215.0
7725,TRU,truefi,2021-09-30,2021-09,613405980.0
7725,TRU,truefi,2021-10-31,2021-10,357697584.0
7725,TRU,truefi,2021-11-30,2021-11,313349183.0
7725,TRU,truefi,2021-12-31,2021-12,293693166.0
7725,TRU,truefi,2022-01-31,2022-01,196860209.0
7725,TRU,truefi,2022-02-28,2022-02,42691204.0
7725,TRU,truefi,2022-03-31,2022-03,121380466.0
7725,TRU,truefi,2022-04-30,2022-04,204127436.0
7725,TRU,truefi,2022-05-31,2022-05,67230945.0
7725,TRU,truefi,2022-06-30,2022-06,9351247.0
7725,TRU,truefi,2022-07-31,2022-07,5390265.0
7725,TRU,truefi,2022-08-31,2022-08,16840834.0
7725,TRU,truefi,2022-09-30,2022-09,23002217.0
7725,TRU,truefi,2022-10-31,2022-10,44615036.0
7725,TRU,truefi,2022-11-30,2022-11,14987778.0
7725,TRU,truefi,2022-12-31,2022-12,3704935.0
7725,TRU,truefi,2023-01-31,2023-01,4015020.0
7725,TRU,truefi,2023-02-28,2023-02,1395125.0
7725,TRU,truefi,2023-03-31,2023-03,1312273.0
7725,TRU,truefi,2023-04-30,2023-04,1668300.0
7725,TRU,truefi,2023-05-31,2023-05,1433138.0
7725,TRU,truefi,2023-06-30,2023-06,1539686.0
7725,TRU,truefi,2023-07-31,2023-07,1295915.0
7725,TRU,truefi,2023-08-31,2023-08,1096723.0
7725,TRU,truefi,2023-09-30,2023-09,71678.0
7725,TRU,truefi,2023-10-31,2023-10,71756.0
7725,TRU,truefi,2023-11-30,2023-11,71699.0
7725,TRU,truefi,2023-12-31,2023-12,70557.0
7725,TRU,truefi,2024-01-31,2024-01,70083.0
7725,TRU,truefi,2024-02-29,2024-02,68924.0
7725,TRU,truefi,2024-03-31,2024-03,60359.0
7725,TRU,truefi,2024-04-30,2024-04,38366.0
7725,TRU,truefi,2024-05-31,2024-05,38285.0
7725,TRU,truefi,2024-06-30,2024-06,1220794.0
7725,TRU,truefi,2024-07-31,2024-07,261904.0
7725,TRU,truefi,2024-08-31,2024-08,256014.0
7725,TRU,truefi,2024-09-30,2024-09,65960.0
7725,TRU,truefi,2024-10-31,2024-10,41571.0
7725,TRU,truefi,2024-11-30,2024-11,43619.0
7725,TRU,truefi,2024-12-31,2024-12,43787.0
7725,TRU,truefi,2025-01-31,2025-01,37883.0
7725,TRU,truefi,2025-02-28,2025-02,49673.0
7725,TRU,truefi,2025-03-31,2025-03,36677.0
7725,TRU,truefi,2025-04-30,2025-04,36505.0
7725,TRU,truefi,2025-05-31,2025-05,145100.0
7725,TRU,truefi,2025-06-30,2025-06,33790.0
7725,TRU,truefi,2025-07-31,2025-07,26603.0
7725,TRU,truefi,2025-08-31,2025-08,26597.0
7725,TRU,truefi,2025-09-30,2025-09,25865.0
7725,TRU,truefi,2025-10-31,2025-10,33799.0
7725,TRU,truefi,2025-11-30,2025-11,25746.0
7725,TRU,truefi,2025-12-31,2025-12,26398.0
7725,TRU,truefi,2026-01-31,2026-01,24364.0
7725,TRU,truefi,2026-02-28,2026-02,21677.0
7725,TRU,truefi,2026-03-31,2026-03,21738.0
7725,TRU,truefi,2026-04-30,2026-04,21725.0
7725,TRU,truefi,2026-05-31,2026-05,21312.0
7726,ICHI,ichi,2021-06-30,2021-06,868655.0
7726,ICHI,ichi,2021-07-31,2021-07,3893770.0
7726,ICHI,ichi,2021-08-31,2021-08,5647835.0
7726,ICHI,ichi,2021-09-30,2021-09,5317213.0
7726,ICHI,ichi,2021-10-31,2021-10,6553347.0
7726,ICHI,ichi,2021-11-30,2021-11,400938.0
7726,ICHI,ichi,2021-12-31,2021-12,3374551.0
7726,ICHI,ichi,2022-01-31,2022-01,11438875.0
7726,ICHI,ichi,2022-02-28,2022-02,21661455.0
7726,ICHI,ichi,2022-03-31,2022-03,89866763.0
7726,ICHI,ichi,2022-04-30,2022-04,22769162.0
7726,ICHI,ichi,2022-05-31,2022-05,13632077.0
7726,ICHI,ichi,2022-06-30,2022-06,10381390.0
7726,ICHI,ichi,2022-07-31,2022-07,10244294.0
7726,ICHI,ichi,2022-08-31,2022-08,8175435.0
7726,ICHI,ichi,2022-09-30,2022-09,11492796.0
7726,ICHI,ichi,2022-10-31,2022-10,16499952.0
7726,ICHI,ichi,2022-11-30,2022-11,9523216.0
7726,ICHI,ichi,2022-12-31,2022-12,10999024.0
7726,ICHI,ichi,2023-01-31,2023-01,12872090.0
7726,ICHI,ichi,2023-02-28,2023-02,11119715.0
7726,ICHI,ichi,2023-03-31,2023-03,10799453.0
7726,ICHI,ichi,2023-04-30,2023-04,10028980.0
7726,ICHI,ichi,2023-05-31,2023-05,9615110.0
7726,ICHI,ichi,2023-06-30,2023-06,10332167.0
7726,ICHI,ichi,2023-07-31,2023-07,9271610.0
7726,ICHI,ichi,2023-08-31,2023-08,9299558.0
7726,ICHI,ichi,2023-09-30,2023-09,10175789.0
7726,ICHI,ichi,2023-10-31,2023-10,9623240.0
7726,ICHI,ichi,2023-11-30,2023-11,16392525.0
7726,ICHI,ichi,2023-12-31,2023-12,22031530.0
7726,ICHI,ichi,2024-01-31,2024-01,21082648.0
7726,ICHI,ichi,2024-02-29,2024-02,31552433.0
7726,ICHI,ichi,2024-03-31,2024-03,47613792.0
7726,ICHI,ichi,2024-04-30,2024-04,43151858.0
7726,ICHI,ichi,2024-05-31,2024-05,54033980.0
7726,ICHI,ichi,2024-06-30,2024-06,41544182.0
7726,ICHI,ichi,2024-07-31,2024-07,35874291.0
7726,ICHI,ichi,2024-08-31,2024-08,28574335.0
7726,ICHI,ichi,2024-09-30,2024-09,28260040.0
7726,ICHI,ichi,2024-10-31,2024-10,28933121.0
7726,ICHI,ichi,2024-11-30,2024-11,33562828.0
7726,ICHI,ichi,2024-12-31,2024-12,26056642.0
7726,ICHI,ichi,2025-01-31,2025-01,46472559.0
7726,ICHI,ichi,2025-02-28,2025-02,60779187.0
7726,ICHI,ichi,2025-03-31,2025-03,73537929.0
7726,ICHI,ichi,2025-04-30,2025-04,59975933.0
7726,ICHI,ichi,2025-05-31,2025-05,36513936.0
7726,ICHI,ichi,2025-06-30,2025-06,27392668.0
7726,ICHI,ichi,2025-07-31,2025-07,35949793.0
7726,ICHI,ichi,2025-08-31,2025-08,34436804.0
7726,ICHI,ichi,2025-09-30,2025-09,34563938.0
7726,ICHI,ichi,2025-10-31,2025-10,32888820.0
7726,ICHI,ichi,2025-11-30,2025-11,27280543.0
7726,ICHI,ichi,2025-12-31,2025-12,21412535.0
7726,ICHI,ichi,2026-01-31,2026-01,22216478.0
7726,ICHI,ichi,2026-02-28,2026-02,18150337.0
7726,ICHI,ichi,2026-03-31,2026-03,15205978.0
7726,ICHI,ichi,2026-04-30,2026-04,13518988.0
7726,ICHI,ichi,2026-05-31,2026-05,12667065.0
7737,API3,api3,2022-02-28,2022-02,0.0
7737,API3,api3,2022-03-31,2022-03,0.0
7737,API3,api3,2022-04-30,2022-04,0.0
7737,API3,api3,2022-05-31,2022-05,0.0
7737,API3,api3,2022-06-30,2022-06,0.0
7737,API3,api3,2022-07-31,2022-07,0.0
7737,API3,api3,2022-08-31,2022-08,0.0
7737,API3,api3,2022-09-30,2022-09,0.0
7737,API3,api3,2022-10-31,2022-10,0.0
7737,API3,api3,2022-11-30,2022-11,0.0
7737,API3,api3,2022-12-31,2022-12,0.0
7737,API3,api3,2023-01-31,2023-01,0.0
7737,API3,api3,2023-02-28,2023-02,0.0
7737,API3,api3,2023-03-31,2023-03,0.0
7737,API3,api3,2023-04-30,2023-04,0.0
7737,API3,api3,2023-05-31,2023-05,0.0
7737,API3,api3,2023-06-30,2023-06,0.0
7737,API3,api3,2023-07-31,2023-07,0.0
7737,API3,api3,2023-08-31,2023-08,0.0
7737,API3,api3,2023-09-30,2023-09,0.0
7737,API3,api3,2023-10-31,2023-10,0.0
7737,API3,api3,2023-11-30,2023-11,0.0
7737,API3,api3,2023-12-31,2023-12,0.0
7737,API3,api3,2024-01-31,2024-01,0.0
7737,API3,api3,2024-02-29,2024-02,0.0
7737,API3,api3,2024-03-31,2024-03,0.0
7737,API3,api3,2024-04-30,2024-04,0.0
7737,API3,api3,2024-05-31,2024-05,0.0
7737,API3,api3,2024-06-30,2024-06,0.0
7737,API3,api3,2024-07-31,2024-07,0.0
7737,API3,api3,2024-08-31,2024-08,0.0
7737,API3,api3,2024-09-30,2024-09,0.0
7737,API3,api3,2024-10-31,2024-10,0.0
7737,API3,api3,2024-11-30,2024-11,0.0
7737,API3,api3,2024-12-31,2024-12,0.0
7737,API3,api3,2025-01-31,2025-01,0.0
7737,API3,api3,2025-02-28,2025-02,0.0
7737,API3,api3,2025-03-31,2025-03,0.0
7737,API3,api3,2025-04-30,2025-04,0.0
7737,API3,api3,2025-05-31,2025-05,0.0
7737,API3,api3,2025-06-30,2025-06,0.0
7737,API3,api3,2025-07-31,2025-07,0.0
7737,API3,api3,2025-08-31,2025-08,0.0
7737,API3,api3,2025-09-30,2025-09,0.0
7737,API3,api3,2025-10-31,2025-10,0.0
7737,API3,api3,2025-11-30,2025-11,0.0
7737,API3,api3,2025-12-31,2025-12,0.0
7737,API3,api3,2026-01-31,2026-01,0.0
7737,API3,api3,2026-02-28,2026-02,0.0
7737,API3,api3,2026-03-31,2026-03,13091022.0
7737,API3,api3,2026-04-30,2026-04,14087821.0
7737,API3,api3,2026-05-31,2026-05,15755866.0
7857,MIR,mirror,2021-04-30,2021-04,2065463575.0
7857,MIR,mirror,2021-05-31,2021-05,1772599981.0
7857,MIR,mirror,2021-06-30,2021-06,1843776049.0
7857,MIR,mirror,2021-07-31,2021-07,1689241291.0
7857,MIR,mirror,2021-08-31,2021-08,1748906479.0
7857,MIR,mirror,2021-09-30,2021-09,1701369770.0
7857,MIR,mirror,2021-10-31,2021-10,1512592071.0
7857,MIR,mirror,2021-11-30,2021-11,1283719464.0
7857,MIR,mirror,2021-12-31,2021-12,1006877387.0
7857,MIR,mirror,2022-01-31,2022-01,717720046.0
7857,MIR,mirror,2022-02-28,2022-02,613192461.0
7857,MIR,mirror,2022-03-31,2022-03,742452649.0
7857,MIR,mirror,2022-04-30,2022-04,708217776.0
7857,MIR,mirror,2022-05-31,2022-05,102027.0
7857,MIR,mirror,2022-06-30,2022-06,1058501.0
7857,MIR,mirror,2022-07-31,2022-07,641717.0
7857,MIR,mirror,2022-08-31,2022-08,691712.0
7857,MIR,mirror,2022-09-30,2022-09,960265.0
7857,MIR,mirror,2022-10-31,2022-10,1383553.0
7857,MIR,mirror,2022-11-30,2022-11,909853.0
7857,MIR,mirror,2022-12-31,2022-12,742464.0
7857,MIR,mirror,2023-01-31,2023-01,0.0
7857,MIR,mirror,2023-02-28,2023-02,0.0
7857,MIR,mirror,2023-03-31,2023-03,0.0
7857,MIR,mirror,2023-04-30,2023-04,0.0
7857,MIR,mirror,2023-05-31,2023-05,0.0
7857,MIR,mirror,2023-06-30,2023-06,0.0
7857,MIR,mirror,2023-07-31,2023-07,0.0
7857,MIR,mirror,2023-08-31,2023-08,0.0
7857,MIR,mirror,2023-10-31,2023-10,0.0
7859,BADGER,badger-dao,2020-12-31,2020-12,492513719.0
7859,BADGER,badger-dao,2021-01-31,2021-01,1135459499.0
7859,BADGER,badger-dao,2021-02-28,2021-02,1480827175.0
7859,BADGER,badger-dao,2021-03-31,2021-03,1128535111.0
7859,BADGER,badger-dao,2021-04-30,2021-04,1008952755.0
7859,BADGER,badger-dao,2021-05-31,2021-05,685633183.0
7859,BADGER,badger-dao,2021-06-30,2021-06,476531438.0
7859,BADGER,badger-dao,2021-07-31,2021-07,580907294.0
7859,BADGER,badger-dao,2021-08-31,2021-08,712028229.0
7859,BADGER,badger-dao,2021-09-30,2021-09,648236982.0
7859,BADGER,badger-dao,2021-10-31,2021-10,929758908.0
7859,BADGER,badger-dao,2021-11-30,2021-11,1247548145.0
7859,BADGER,badger-dao,2021-12-31,2021-12,1003106083.0
7859,BADGER,badger-dao,2022-01-31,2022-01,728932268.0
7859,BADGER,badger-dao,2022-02-28,2022-02,758289810.0
7859,BADGER,badger-dao,2022-03-31,2022-03,830902914.0
7859,BADGER,badger-dao,2022-04-30,2022-04,437810334.0
7859,BADGER,badger-dao,2022-05-31,2022-05,152401781.0
7859,BADGER,badger-dao,2022-06-30,2022-06,74090825.0
7859,BADGER,badger-dao,2022-07-31,2022-07,108775566.0
7859,BADGER,badger-dao,2022-08-31,2022-08,88759312.0
7859,BADGER,badger-dao,2022-09-30,2022-09,82584514.0
7859,BADGER,badger-dao,2022-10-31,2022-10,87870275.0
7859,BADGER,badger-dao,2022-11-30,2022-11,41122939.0
7859,BADGER,badger-dao,2022-12-31,2022-12,30660735.0
7859,BADGER,badger-dao,2023-01-31,2023-01,45248994.0
7859,BADGER,badger-dao,2023-02-28,2023-02,46127462.0
7859,BADGER,badger-dao,2023-03-31,2023-03,40671120.0
7859,BADGER,badger-dao,2023-04-30,2023-04,41506804.0
7859,BADGER,badger-dao,2023-05-31,2023-05,40426907.0
7859,BADGER,badger-dao,2023-06-30,2023-06,34568733.0
7859,BADGER,badger-dao,2023-07-31,2023-07,29065359.0
7859,BADGER,badger-dao,2023-08-31,2023-08,24081938.0
7859,BADGER,badger-dao,2023-09-30,2023-09,22527410.0
7859,BADGER,badger-dao,2023-10-31,2023-10,24645281.0
7859,BADGER,badger-dao,2023-11-30,2023-11,26205513.0
7859,BADGER,badger-dao,2023-12-31,2023-12,25467451.0
7859,BADGER,badger-dao,2024-01-31,2024-01,24586427.0
7859,BADGER,badger-dao,2024-02-29,2024-02,24484985.0
7859,BADGER,badger-dao,2024-03-31,2024-03,23325753.0
7859,BADGER,badger-dao,2024-04-30,2024-04,33494012.0
7859,BADGER,badger-dao,2024-05-31,2024-05,36409693.0
7859,BADGER,badger-dao,2024-06-30,2024-06,31220336.0
7859,BADGER,badger-dao,2024-07-31,2024-07,32288755.0
7859,BADGER,badger-dao,2024-08-31,2024-08,26905522.0
7859,BADGER,badger-dao,2024-09-30,2024-09,29568536.0
7859,BADGER,badger-dao,2024-10-31,2024-10,30417675.0
7859,BADGER,badger-dao,2024-11-30,2024-11,39497153.0
7859,BADGER,badger-dao,2024-12-31,2024-12,34506992.0
7859,BADGER,badger-dao,2025-01-31,2025-01,33693009.0
7859,BADGER,badger-dao,2025-02-28,2025-02,26213039.0
7859,BADGER,badger-dao,2025-03-31,2025-03,21997960.0
7859,BADGER,badger-dao,2025-04-30,2025-04,23589634.0
7859,BADGER,badger-dao,2025-05-31,2025-05,28447390.0
7859,BADGER,badger-dao,2025-06-30,2025-06,28802441.0
7859,BADGER,badger-dao,2025-07-31,2025-07,35504817.0
7859,BADGER,badger-dao,2025-08-31,2025-08,35938827.0
7859,BADGER,badger-dao,2025-09-30,2025-09,35727137.0
7859,BADGER,badger-dao,2025-10-31,2025-10,33314422.0
7859,BADGER,badger-dao,2025-11-30,2025-11,26132301.0
7859,BADGER,badger-dao,2025-12-31,2025-12,25505261.0
7859,BADGER,badger-dao,2026-01-31,2026-01,10929975.0
7859,BADGER,badger-dao,2026-02-28,2026-02,8240407.0
7859,BADGER,badger-dao,2026-03-31,2026-03,8074069.0
7859,BADGER,badger-dao,2026-04-30,2026-04,9722580.0
7859,BADGER,badger-dao,2026-05-31,2026-05,9215158.0
8000,LDO,lido,2020-12-31,2020-12,12582167.0
8000,LDO,lido,2021-01-31,2021-01,142145275.0
8000,LDO,lido,2021-02-28,2021-02,250111049.0
8000,LDO,lido,2021-03-31,2021-03,743763681.0
8000,LDO,lido,2021-04-30,2021-04,1511692566.0
8000,LDO,lido,2021-05-31,2021-05,1568761944.0
8000,LDO,lido,2021-06-30,2021-06,1761252203.0
8000,LDO,lido,2021-07-31,2021-07,2626538659.0
8000,LDO,lido,2021-08-31,2021-08,5770642097.0
8000,LDO,lido,2021-09-30,2021-09,6571715805.0
8000,LDO,lido,2021-10-31,2021-10,9469184595.0
8000,LDO,lido,2021-11-30,2021-11,10413358618.0
8000,LDO,lido,2021-12-31,2021-12,11742907288.0
8000,LDO,lido,2022-01-31,2022-01,7741523020.0
8000,LDO,lido,2022-02-28,2022-02,11178505823.0
8000,LDO,lido,2022-03-31,2022-03,18882952743.0
8000,LDO,lido,2022-04-30,2022-04,18112355454.0
8000,LDO,lido,2022-05-31,2022-05,8503163677.0
8000,LDO,lido,2022-06-30,2022-06,4712977381.0
8000,LDO,lido,2022-07-31,2022-07,7421914302.0
8000,LDO,lido,2022-08-31,2022-08,6826349841.0
8000,LDO,lido,2022-09-30,2022-09,6054258476.0
8000,LDO,lido,2022-10-31,2022-10,7501819224.0
8000,LDO,lido,2022-11-30,2022-11,6189278062.0
8000,LDO,lido,2022-12-31,2022-12,5877772406.0
8000,LDO,lido,2023-01-31,2023-01,8022423607.0
8000,LDO,lido,2023-02-28,2023-02,9369689599.0
8000,LDO,lido,2023-03-31,2023-03,10815594771.0
8000,LDO,lido,2023-04-30,2023-04,11969869690.0
8000,LDO,lido,2023-05-31,2023-05,13320264442.0
8000,LDO,lido,2023-06-30,2023-06,13951078500.0
8000,LDO,lido,2023-07-31,2023-07,15009087732.0
8000,LDO,lido,2023-08-31,2023-08,14687616085.0
8000,LDO,lido,2023-09-30,2023-09,14758254437.0
8000,LDO,lido,2023-10-31,2023-10,16306961418.0
8000,LDO,lido,2023-11-30,2023-11,18989258739.0
8000,LDO,lido,2023-12-31,2023-12,21439380980.0
8000,LDO,lido,2024-01-31,2024-01,21691562309.0
8000,LDO,lido,2024-02-29,2024-02,34471170343.0
8000,LDO,lido,2024-03-31,2024-03,34146351588.0
8000,LDO,lido,2024-04-30,2024-04,30141577695.0
8000,LDO,lido,2024-05-31,2024-05,35709394441.0
8000,LDO,lido,2024-06-30,2024-06,32933751631.0
8000,LDO,lido,2024-07-31,2024-07,32360387368.0
8000,LDO,lido,2024-08-31,2024-08,24809519821.0
8000,LDO,lido,2024-09-30,2024-09,26122497002.0
8000,LDO,lido,2024-10-31,2024-10,26066656377.0
8000,LDO,lido,2024-11-30,2024-11,35345326398.0
8000,LDO,lido,2024-12-31,2024-12,32519760519.0
8000,LDO,lido,2025-01-31,2025-01,30867377610.0
8000,LDO,lido,2025-02-28,2025-02,21637428528.0
8000,LDO,lido,2025-03-31,2025-03,16901782336.0
8000,LDO,lido,2025-04-30,2025-04,16630227105.0
8000,LDO,lido,2025-05-31,2025-05,22691942168.0
8000,LDO,lido,2025-06-30,2025-06,22776902359.0
8000,LDO,lido,2025-07-31,2025-07,34143656347.0
8000,LDO,lido,2025-08-31,2025-08,38449491207.0
8000,LDO,lido,2025-09-30,2025-09,36006915312.0
8000,LDO,lido,2025-10-31,2025-10,32634669745.0
8000,LDO,lido,2025-11-30,2025-11,25882628596.0
8000,LDO,lido,2025-12-31,2025-12,26091672725.0
8000,LDO,lido,2026-01-31,2026-01,25945545528.0
8000,LDO,lido,2026-02-28,2026-02,18174505188.0
8000,LDO,lido,2026-03-31,2026-03,18609641628.0
8000,LDO,lido,2026-04-30,2026-04,20915932502.0
8000,LDO,lido,2026-05-31,2026-05,17907241355.0
8083,LON,tokenlon-amm,2021-07-31,2021-07,10656443.0
8083,LON,tokenlon-amm,2021-08-31,2021-08,14780680.0
8083,LON,tokenlon-amm,2021-09-30,2021-09,6103805.0
8083,LON,tokenlon-amm,2021-10-31,2021-10,11175852.0
8083,LON,tokenlon-amm,2021-11-30,2021-11,10132366.0
8083,LON,tokenlon-amm,2021-12-31,2021-12,5118117.0
8083,LON,tokenlon-amm,2022-01-31,2022-01,4569766.0
8083,LON,tokenlon-amm,2022-02-28,2022-02,4711982.0
8083,LON,tokenlon-amm,2022-03-31,2022-03,5877326.0
8083,LON,tokenlon-amm,2022-04-30,2022-04,5152022.0
8083,LON,tokenlon-amm,2022-05-31,2022-05,1847790.0
8083,LON,tokenlon-amm,2022-06-30,2022-06,637388.0
8083,LON,tokenlon-amm,2022-07-31,2022-07,397981.0
8083,LON,tokenlon-amm,2022-08-31,2022-08,424774.0
8083,LON,tokenlon-amm,2022-09-30,2022-09,482819.0
8083,LON,tokenlon-amm,2022-10-31,2022-10,670056.0
8083,LON,tokenlon-amm,2022-11-30,2022-11,725866.0
8083,LON,tokenlon-amm,2022-12-31,2022-12,776191.0
8083,LON,tokenlon-amm,2023-01-31,2023-01,1100848.0
8083,LON,tokenlon-amm,2023-02-28,2023-02,1275954.0
8083,LON,tokenlon-amm,2023-03-31,2023-03,1079909.0
8083,LON,tokenlon-amm,2023-04-30,2023-04,1288125.0
8083,LON,tokenlon-amm,2023-05-31,2023-05,1459446.0
8083,LON,tokenlon-amm,2023-06-30,2023-06,1626149.0
8083,LON,tokenlon-amm,2023-07-31,2023-07,1361019.0
8083,LON,tokenlon-amm,2023-08-31,2023-08,1544070.0
8083,LON,tokenlon-amm,2023-09-30,2023-09,105285.0
8083,LON,tokenlon-amm,2023-10-31,2023-10,225853.0
8083,LON,tokenlon-amm,2023-11-30,2023-11,416604.0
8083,LON,tokenlon-amm,2023-12-31,2023-12,302875.0
8083,LON,tokenlon-amm,2024-01-31,2024-01,73670.0
8083,LON,tokenlon-amm,2024-02-29,2024-02,448608.0
8083,LON,tokenlon-amm,2024-03-31,2024-03,283260.0
8083,LON,tokenlon-amm,2024-04-30,2024-04,416398.0
8083,LON,tokenlon-amm,2024-05-31,2024-05,738482.0
8083,LON,tokenlon-amm,2024-06-30,2024-06,854643.0
8083,LON,tokenlon-amm,2024-07-31,2024-07,953095.0
8083,LON,tokenlon-amm,2024-08-31,2024-08,438028.0
8083,LON,tokenlon-amm,2024-09-30,2024-09,693595.0
8083,LON,tokenlon-amm,2024-10-31,2024-10,840946.0
8083,LON,tokenlon-amm,2024-11-30,2024-11,1548571.0
8083,LON,tokenlon-amm,2024-12-31,2024-12,1690508.0
8083,LON,tokenlon-amm,2025-01-31,2025-01,2086365.0
8083,LON,tokenlon-amm,2025-02-28,2025-02,893824.0
8083,LON,tokenlon-amm,2025-03-31,2025-03,242219.0
8083,LON,tokenlon-amm,2025-04-30,2025-04,406179.0
8083,LON,tokenlon-amm,2025-05-31,2025-05,920009.0
8083,LON,tokenlon-amm,2025-06-30,2025-06,1288415.0
8083,LON,tokenlon-amm,2025-07-31,2025-07,2075177.0
8083,LON,tokenlon-amm,2025-08-31,2025-08,2797577.0
8083,LON,tokenlon-amm,2025-09-30,2025-09,2617243.0
8083,LON,tokenlon-amm,2025-10-31,2025-10,604984.0
8083,LON,tokenlon-amm,2025-11-30,2025-11,809017.0
8083,LON,tokenlon-amm,2025-12-31,2025-12,1049477.0
8083,LON,tokenlon-amm,2026-01-31,2026-01,1172247.0
8083,LON,tokenlon-amm,2026-02-28,2026-02,1018670.0
8083,LON,tokenlon-amm,2026-03-31,2026-03,1283980.0
8083,LON,tokenlon-amm,2026-04-30,2026-04,427137.0
8083,LON,tokenlon-amm,2026-05-31,2026-05,751475.0
8104,1INCH,1inch,2021-02-28,2021-02,1501366120.0
8104,1INCH,1inch,2021-03-31,2021-03,223902034.0
8104,1INCH,1inch,2021-04-30,2021-04,326237721.0
8104,1INCH,1inch,2021-05-31,2021-05,68677040.0
8104,1INCH,1inch,2021-06-30,2021-06,40091329.0
8104,1INCH,1inch,2021-07-31,2021-07,37247709.0
8104,1INCH,1inch,2021-08-31,2021-08,45729598.0
8104,1INCH,1inch,2021-09-30,2021-09,74939879.0
8104,1INCH,1inch,2021-10-31,2021-10,73615564.0
8104,1INCH,1inch,2021-11-30,2021-11,45359681.0
8104,1INCH,1inch,2021-12-31,2021-12,36221403.0
8104,1INCH,1inch,2022-01-31,2022-01,24027303.0
8104,1INCH,1inch,2022-02-28,2022-02,18407442.0
8104,1INCH,1inch,2022-03-31,2022-03,20360388.0
8104,1INCH,1inch,2022-04-30,2022-04,14644535.0
8104,1INCH,1inch,2022-05-31,2022-05,9650855.0
8104,1INCH,1inch,2022-06-30,2022-06,6866197.0
8104,1INCH,1inch,2022-07-31,2022-07,11044920.0
8104,1INCH,1inch,2022-08-31,2022-08,8363769.0
8104,1INCH,1inch,2022-09-30,2022-09,6864405.0
8104,1INCH,1inch,2022-10-31,2022-10,7332395.0
8104,1INCH,1inch,2022-11-30,2022-11,6174601.0
8104,1INCH,1inch,2022-12-31,2022-12,5099227.0
8104,1INCH,1inch,2023-01-31,2023-01,6455417.0
8104,1INCH,1inch,2023-02-28,2023-02,7015770.0
8104,1INCH,1inch,2023-03-31,2023-03,6917363.0
8104,1INCH,1inch,2023-04-30,2023-04,6758435.0
8104,1INCH,1inch,2023-05-31,2023-05,5857939.0
8104,1INCH,1inch,2023-06-30,2023-06,5468670.0
8104,1INCH,1inch,2023-07-31,2023-07,5191320.0
8104,1INCH,1inch,2023-08-31,2023-08,4576359.0
8104,1INCH,1inch,2023-09-30,2023-09,4572679.0
8104,1INCH,1inch,2023-10-31,2023-10,5134498.0
8104,1INCH,1inch,2023-11-30,2023-11,5398374.0
8104,1INCH,1inch,2023-12-31,2023-12,4832083.0
8104,1INCH,1inch,2024-01-31,2024-01,4822071.0
8104,1INCH,1inch,2024-02-29,2024-02,6078300.0
8104,1INCH,1inch,2024-03-31,2024-03,6618204.0
8104,1INCH,1inch,2024-04-30,2024-04,5656655.0
8104,1INCH,1inch,2024-05-31,2024-05,6294370.0
8104,1INCH,1inch,2024-06-30,2024-06,5372459.0
8104,1INCH,1inch,2024-07-31,2024-07,5241814.0
8104,1INCH,1inch,2024-08-31,2024-08,4208053.0
8104,1INCH,1inch,2024-09-30,2024-09,4633475.0
8104,1INCH,1inch,2024-10-31,2024-10,4556492.0
8104,1INCH,1inch,2024-11-30,2024-11,6354177.0
8104,1INCH,1inch,2024-12-31,2024-12,5951983.0
8104,1INCH,1inch,2025-01-31,2025-01,5868046.0
8104,1INCH,1inch,2025-02-28,2025-02,4417878.0
8104,1INCH,1inch,2025-03-31,2025-03,3357689.0
8104,1INCH,1inch,2025-04-30,2025-04,3492240.0
8104,1INCH,1inch,2025-05-31,2025-05,4184158.0
8104,1INCH,1inch,2025-06-30,2025-06,4038555.0
8104,1INCH,1inch,2025-07-31,2025-07,5373742.0
8104,1INCH,1inch,2025-08-31,2025-08,5614322.0
8104,1INCH,1inch,2025-09-30,2025-09,5622027.0
8104,1INCH,1inch,2025-10-31,2025-10,4945409.0
8104,1INCH,1inch,2025-11-30,2025-11,4243077.0
8104,1INCH,1inch,2025-12-31,2025-12,4010359.0
8104,1INCH,1inch,2026-01-31,2026-01,3642473.0
8104,1INCH,1inch,2026-02-28,2026-02,2770596.0
8104,1INCH,1inch,2026-03-31,2026-03,2835847.0
8104,1INCH,1inch,2026-04-30,2026-04,3107969.0
8104,1INCH,1inch,2026-05-31,2026-05,2883286.0
8191,NFTX,nftx,2021-06-30,2021-06,35444.0
8191,NFTX,nftx,2021-07-31,2021-07,3494623.0
8191,NFTX,nftx,2021-08-31,2021-08,16106151.0
8191,NFTX,nftx,2021-09-30,2021-09,16055247.0
8191,NFTX,nftx,2021-10-31,2021-10,31813143.0
8191,NFTX,nftx,2021-11-30,2021-11,28364905.0
8191,NFTX,nftx,2021-12-31,2021-12,23373514.0
8191,NFTX,nftx,2022-01-31,2022-01,20495492.0
8191,NFTX,nftx,2022-02-28,2022-02,24194856.0
8191,NFTX,nftx,2022-03-31,2022-03,39188436.0
8191,NFTX,nftx,2022-04-30,2022-04,31445492.0
8191,NFTX,nftx,2022-05-31,2022-05,27691982.0
8191,NFTX,nftx,2022-06-30,2022-06,19222847.0
8191,NFTX,nftx,2022-07-31,2022-07,28365507.0
8191,NFTX,nftx,2022-08-31,2022-08,23422579.0
8191,NFTX,nftx,2022-09-30,2022-09,19584277.0
8191,NFTX,nftx,2022-10-31,2022-10,22699377.0
8191,NFTX,nftx,2022-11-30,2022-11,18463204.0
8191,NFTX,nftx,2022-12-31,2022-12,16402930.0
8191,NFTX,nftx,2023-01-31,2023-01,22913935.0
8191,NFTX,nftx,2023-02-28,2023-02,22643500.0
8191,NFTX,nftx,2023-03-31,2023-03,22212446.0
8191,NFTX,nftx,2023-04-30,2023-04,21250544.0
8191,NFTX,nftx,2023-05-31,2023-05,20488043.0
8191,NFTX,nftx,2023-06-30,2023-06,17835035.0
8191,NFTX,nftx,2023-07-31,2023-07,16563765.0
8191,NFTX,nftx,2023-08-31,2023-08,16080301.0
8191,NFTX,nftx,2023-09-30,2023-09,13339019.0
8191,NFTX,nftx,2023-10-31,2023-10,13987541.0
8191,NFTX,nftx,2023-11-30,2023-11,18120907.0
8191,NFTX,nftx,2023-12-31,2023-12,19196599.0
8191,NFTX,nftx,2024-01-31,2024-01,19928048.0
8191,NFTX,nftx,2024-02-29,2024-02,26945922.0
8191,NFTX,nftx,2024-03-31,2024-03,21135212.0
8191,NFTX,nftx,2024-04-30,2024-04,17071587.0
8191,NFTX,nftx,2024-05-31,2024-05,18237752.0
8191,NFTX,nftx,2024-06-30,2024-06,14313245.0
8191,NFTX,nftx,2024-07-31,2024-07,14325517.0
8191,NFTX,nftx,2024-08-31,2024-08,9784836.0
8191,NFTX,nftx,2024-09-30,2024-09,9043365.0
8191,NFTX,nftx,2024-10-31,2024-10,8207662.0
8191,NFTX,nftx,2024-11-30,2024-11,14768928.0
8191,NFTX,nftx,2024-12-31,2024-12,14604262.0
8191,NFTX,nftx,2025-01-31,2025-01,13069450.0
8191,NFTX,nftx,2025-02-28,2025-02,8969441.0
8191,NFTX,nftx,2025-03-31,2025-03,8148405.0
8191,NFTX,nftx,2025-04-30,2025-04,8247825.0
8191,NFTX,nftx,2025-05-31,2025-05,11796284.0
8191,NFTX,nftx,2025-06-30,2025-06,10197108.0
8191,NFTX,nftx,2025-07-31,2025-07,20280975.0
8191,NFTX,nftx,2025-08-31,2025-08,21313345.0
8191,NFTX,nftx,2025-09-30,2025-09,20178511.0
8191,NFTX,nftx,2025-10-31,2025-10,3868903.0
8191,NFTX,nftx,2025-11-30,2025-11,3216479.0
8191,NFTX,nftx,2025-12-31,2025-12,3466173.0
8191,NFTX,nftx,2026-01-31,2026-01,3227362.0
8191,NFTX,nftx,2026-02-28,2026-02,2205528.0
8191,NFTX,nftx,2026-03-31,2026-03,2421266.0
8191,NFTX,nftx,2026-04-30,2026-04,1669794.0
8191,NFTX,nftx,2026-05-31,2026-05,1517598.0
8202,ZKB,zkswap,2021-02-28,2021-02,176190775.0
8202,ZKB,zkswap,2021-03-31,2021-03,378320375.0
8202,ZKB,zkswap,2021-04-30,2021-04,1452455593.0
8202,ZKB,zkswap,2021-05-31,2021-05,174870962.0
8202,ZKB,zkswap,2021-06-30,2021-06,92597370.0
8202,ZKB,zkswap,2021-07-31,2021-07,63872500.0
8202,ZKB,zkswap,2021-08-31,2021-08,90941806.0
8202,ZKB,zkswap,2021-09-30,2021-09,73196226.0
8202,ZKB,zkswap,2021-10-31,2021-10,98272796.0
8202,ZKB,zkswap,2021-11-30,2021-11,226200290.0
8202,ZKB,zkswap,2021-12-31,2021-12,124632419.0
8202,ZKB,zkswap,2022-01-31,2022-01,77882265.0
8202,ZKB,zkswap,2022-02-28,2022-02,5177698.0
8202,ZKB,zkswap,2022-03-31,2022-03,4498570.0
8202,ZKB,zkswap,2022-04-30,2022-04,3797828.0
8202,ZKB,zkswap,2022-05-31,2022-05,2876651.0
8202,ZKB,zkswap,2022-06-30,2022-06,1929417.0
8202,ZKB,zkswap,2022-07-31,2022-07,2053659.0
8202,ZKB,zkswap,2022-08-31,2022-08,1884087.0
8202,ZKB,zkswap,2022-09-30,2022-09,1673896.0
8202,ZKB,zkswap,2022-10-31,2022-10,2131561.0
8202,ZKB,zkswap,2022-11-30,2022-11,1852317.0
8202,ZKB,zkswap,2022-12-31,2022-12,1771295.0
8202,ZKB,zkswap,2023-01-31,2023-01,2249065.0
8202,ZKB,zkswap,2023-02-28,2023-02,2363305.0
8202,ZKB,zkswap,2023-03-31,2023-03,2523957.0
8202,ZKB,zkswap,2023-04-30,2023-04,2529979.0
8202,ZKB,zkswap,2023-05-31,2023-05,2453067.0
8202,ZKB,zkswap,2023-06-30,2023-06,2478108.0
8202,ZKB,zkswap,2023-07-31,2023-07,2464817.0
8202,ZKB,zkswap,2023-08-31,2023-08,2283952.0
8202,ZKB,zkswap,2023-09-30,2023-09,2261746.0
8202,ZKB,zkswap,2023-10-31,2023-10,2590085.0
8202,ZKB,zkswap,2023-11-30,2023-11,2890892.0
8202,ZKB,zkswap,2023-12-31,2023-12,3314104.0
8202,ZKB,zkswap,2024-01-31,2024-01,2819647.0
8202,ZKB,zkswap,2024-02-29,2024-02,4110422.0
8202,ZKB,zkswap,2024-03-31,2024-03,4398380.0
8202,ZKB,zkswap,2024-04-30,2024-04,4067771.0
8202,ZKB,zkswap,2024-05-31,2024-05,4418454.0
8202,ZKB,zkswap,2024-06-30,2024-06,4003764.0
8202,ZKB,zkswap,2024-07-31,2024-07,4105312.0
8202,ZKB,zkswap,2024-08-31,2024-08,3563406.0
8202,ZKB,zkswap,2024-09-30,2024-09,3818968.0
8202,ZKB,zkswap,2024-10-31,2024-10,4008646.0
8202,ZKB,zkswap,2024-11-30,2024-11,5148921.0
8202,ZKB,zkswap,2024-12-31,2024-12,4933346.0
8202,ZKB,zkswap,2025-01-31,2025-01,5189256.0
8202,ZKB,zkswap,2025-02-28,2025-02,4138285.0
8202,ZKB,zkswap,2025-03-31,2025-03,3799781.0
8202,ZKB,zkswap,2025-04-30,2025-04,4167661.0
8202,ZKB,zkswap,2025-05-31,2025-05,4836766.0
8202,ZKB,zkswap,2025-06-30,2025-06,4929391.0
8202,ZKB,zkswap,2025-07-31,2025-07,214408.0
8202,ZKB,zkswap,2025-08-31,2025-08,224131.0
8202,ZKB,zkswap,2025-09-30,2025-09,218158.0
8202,ZKB,zkswap,2025-10-31,2025-10,206204.0
8202,ZKB,zkswap,2025-11-30,2025-11,176429.0
8202,ZKB,zkswap,2025-12-31,2025-12,175089.0
8202,ZKB,zkswap,2026-01-31,2026-01,165602.0
8202,ZKB,zkswap,2026-02-28,2026-02,139074.0
8202,ZKB,zkswap,2026-03-31,2026-03,143660.0
8202,ZKB,zkswap,2026-04-30,2026-04,149912.0
8202,ZKB,zkswap,2026-05-31,2026-05,141408.0
8290,SUPER,superfarm,2021-12-31,2021-12,799898.0
8290,SUPER,superfarm,2022-01-31,2022-01,493136.0
8290,SUPER,superfarm,2022-02-28,2022-02,465521.0
8290,SUPER,superfarm,2022-03-31,2022-03,525891.0
8290,SUPER,superfarm,2022-04-30,2022-04,321944.0
8290,SUPER,superfarm,2022-05-31,2022-05,142984.0
8290,SUPER,superfarm,2022-06-30,2022-06,86959.0
8290,SUPER,superfarm,2022-07-31,2022-07,91209.0
8290,SUPER,superfarm,2022-08-31,2022-08,82502.0
8290,SUPER,superfarm,2022-09-30,2022-09,83180.0
8290,SUPER,superfarm,2022-10-31,2022-10,93631.0
8290,SUPER,superfarm,2022-11-30,2022-11,71893.0
8290,SUPER,superfarm,2022-12-31,2022-12,54858.0
8290,SUPER,superfarm,2023-01-31,2023-01,89009.0
8290,SUPER,superfarm,2023-02-28,2023-02,100396.0
8290,SUPER,superfarm,2023-03-31,2023-03,103044.0
8290,SUPER,superfarm,2023-04-30,2023-04,141398.0
8290,SUPER,superfarm,2023-05-31,2023-05,125755.0
8290,SUPER,superfarm,2023-06-30,2023-06,115985.0
8290,SUPER,superfarm,2023-07-31,2023-07,118283.0
8290,SUPER,superfarm,2023-08-31,2023-08,100726.0
8290,SUPER,superfarm,2023-09-30,2023-09,91308.0
8290,SUPER,superfarm,2023-10-31,2023-10,154606.0
8290,SUPER,superfarm,2023-11-30,2023-11,221140.0
8290,SUPER,superfarm,2023-12-31,2023-12,260970.0
8290,SUPER,superfarm,2024-01-31,2024-01,211539.0
8290,SUPER,superfarm,2024-02-29,2024-02,263452.0
8290,SUPER,superfarm,2024-03-31,2024-03,222462.0
8290,SUPER,superfarm,2024-04-30,2024-04,156521.0
8290,SUPER,superfarm,2024-05-31,2024-05,147449.0
8290,SUPER,superfarm,2024-06-30,2024-06,131397.0
8290,SUPER,superfarm,2024-07-31,2024-07,131726.0
8290,SUPER,superfarm,2024-08-31,2024-08,100672.0
8290,SUPER,superfarm,2024-09-30,2024-09,126169.0
8290,SUPER,superfarm,2024-10-31,2024-10,106086.0
8290,SUPER,superfarm,2024-11-30,2024-11,158435.0
8290,SUPER,superfarm,2024-12-31,2024-12,109574.0
8290,SUPER,superfarm,2025-01-31,2025-01,103196.0
8290,SUPER,superfarm,2025-02-28,2025-02,67858.0
8290,SUPER,superfarm,2025-03-31,2025-03,45186.0
8290,SUPER,superfarm,2025-04-30,2025-04,50137.0
8290,SUPER,superfarm,2025-05-31,2025-05,60617.0
8290,SUPER,superfarm,2025-06-30,2025-06,58135.0
8290,SUPER,superfarm,2025-07-31,2025-07,71379.0
8290,SUPER,superfarm,2025-08-31,2025-08,66473.0
8290,SUPER,superfarm,2025-09-30,2025-09,61471.0
8290,SUPER,superfarm,2025-10-31,2025-10,39896.0
8290,SUPER,superfarm,2025-11-30,2025-11,30343.0
8290,SUPER,superfarm,2025-12-31,2025-12,22963.0
8290,SUPER,superfarm,2026-01-31,2026-01,20515.0
8290,SUPER,superfarm,2026-02-28,2026-02,15533.0
8290,SUPER,superfarm,2026-03-31,2026-03,14295.0
8290,SUPER,superfarm,2026-04-30,2026-04,17064.0
8290,SUPER,superfarm,2026-05-31,2026-05,31823.0
8335,MDX,mdex,2021-01-31,2021-01,910267676.0
8335,MDX,mdex,2021-02-28,2021-02,2134946415.0
8335,MDX,mdex,2021-03-31,2021-03,2046034402.0
8335,MDX,mdex,2021-04-30,2021-04,4733198736.0
8335,MDX,mdex,2021-05-31,2021-05,2854605009.0
8335,MDX,mdex,2021-06-30,2021-06,2195097431.0
8335,MDX,mdex,2021-07-31,2021-07,1598211094.0
8335,MDX,mdex,2021-08-31,2021-08,1869559653.0
8335,MDX,mdex,2021-09-30,2021-09,1285403540.0
8335,MDX,mdex,2021-10-31,2021-10,1244457909.0
8335,MDX,mdex,2021-11-30,2021-11,1019420848.0
8335,MDX,mdex,2021-12-31,2021-12,813583983.0
8335,MDX,mdex,2022-01-31,2022-01,641051732.0
8335,MDX,mdex,2022-02-28,2022-02,638385255.0
8335,MDX,mdex,2022-03-31,2022-03,434435276.0
8335,MDX,mdex,2022-04-30,2022-04,407305522.0
8335,MDX,mdex,2022-05-31,2022-05,201616615.0
8335,MDX,mdex,2022-06-30,2022-06,154573848.0
8335,MDX,mdex,2022-07-31,2022-07,159045937.0
8335,MDX,mdex,2022-08-31,2022-08,137687588.0
8335,MDX,mdex,2022-09-30,2022-09,112329370.0
8335,MDX,mdex,2022-10-31,2022-10,138016212.0
8335,MDX,mdex,2022-11-30,2022-11,113348740.0
8335,MDX,mdex,2022-12-31,2022-12,91277394.0
8335,MDX,mdex,2023-01-31,2023-01,74292909.0
8335,MDX,mdex,2023-02-28,2023-02,72317497.0
8335,MDX,mdex,2023-03-31,2023-03,61016878.0
8335,MDX,mdex,2023-04-30,2023-04,53242160.0
8335,MDX,mdex,2023-05-31,2023-05,37220402.0
8335,MDX,mdex,2023-06-30,2023-06,32010923.0
8335,MDX,mdex,2023-07-31,2023-07,30847941.0
8335,MDX,mdex,2023-08-31,2023-08,28872082.0
8335,MDX,mdex,2023-09-30,2023-09,28329337.0
8335,MDX,mdex,2023-10-31,2023-10,28602308.0
8335,MDX,mdex,2023-11-30,2023-11,28963621.0
8335,MDX,mdex,2023-12-31,2023-12,29144926.0
8335,MDX,mdex,2024-01-31,2024-01,26824405.0
8335,MDX,mdex,2024-02-29,2024-02,33446676.0
8335,MDX,mdex,2024-03-31,2024-03,34768308.0
8335,MDX,mdex,2024-04-30,2024-04,32592307.0
8335,MDX,mdex,2024-05-31,2024-05,16656708.0
8335,MDX,mdex,2024-06-30,2024-06,16041924.0
8335,MDX,mdex,2024-07-31,2024-07,16052229.0
8335,MDX,mdex,2024-08-31,2024-08,15369116.0
8335,MDX,mdex,2024-09-30,2024-09,16915760.0
8335,MDX,mdex,2024-10-31,2024-10,2744360.0
8335,MDX,mdex,2024-11-30,2024-11,2334057.0
8335,MDX,mdex,2024-12-31,2024-12,2770161.0
8335,MDX,mdex,2025-01-31,2025-01,1875324.0
8335,MDX,mdex,2025-02-28,2025-02,1636788.0
8335,MDX,mdex,2025-03-31,2025-03,1582507.0
8335,MDX,mdex,2025-04-30,2025-04,1596757.0
8335,MDX,mdex,2025-05-31,2025-05,1699805.0
8335,MDX,mdex,2025-06-30,2025-06,1686408.0
8335,MDX,mdex,2025-07-31,2025-07,1825962.0
8335,MDX,mdex,2025-08-31,2025-08,1878600.0
8335,MDX,mdex,2025-09-30,2025-09,1985768.0
8335,MDX,mdex,2025-10-31,2025-10,1870074.0
8335,MDX,mdex,2025-11-30,2025-11,1658074.0
8335,MDX,mdex,2025-12-31,2025-12,1603678.0
8335,MDX,mdex,2026-01-31,2026-01,1579416.0
8335,MDX,mdex,2026-02-28,2026-02,1362883.0
8335,MDX,mdex,2026-03-31,2026-03,1341776.0
8335,MDX,mdex,2026-04-30,2026-04,1364564.0
8335,MDX,mdex,2026-05-31,2026-05,1405308.0
8602,AUCTION,bounce-finance,2023-08-31,2023-08,6072.0
8602,AUCTION,bounce-finance,2023-09-30,2023-09,6072.0
8602,AUCTION,bounce-finance,2023-10-31,2023-10,6072.0
8602,AUCTION,bounce-finance,2023-11-30,2023-11,6078.0
8602,AUCTION,bounce-finance,2023-12-31,2023-12,6067.0
8602,AUCTION,bounce-finance,2024-01-31,2024-01,6072.0
8602,AUCTION,bounce-finance,2024-02-29,2024-02,6084.0
8602,AUCTION,bounce-finance,2024-03-31,2024-03,6078.0
8602,AUCTION,bounce-finance,2024-04-30,2024-04,6069.0
8602,AUCTION,bounce-finance,2024-05-31,2024-05,6069.0
8602,AUCTION,bounce-finance,2024-06-30,2024-06,6063.0
8602,AUCTION,bounce-finance,2024-07-31,2024-07,6070.0
8602,AUCTION,bounce-finance,2024-08-31,2024-08,6071.0
8602,AUCTION,bounce-finance,2024-09-30,2024-09,6078.0
8602,AUCTION,bounce-finance,2024-10-31,2024-10,6069.0
8602,AUCTION,bounce-finance,2024-11-30,2024-11,6078.0
8602,AUCTION,bounce-finance,2024-12-31,2024-12,6064.0
8602,AUCTION,bounce-finance,2025-01-31,2025-01,6072.0
8602,AUCTION,bounce-finance,2025-02-28,2025-02,6066.0
8602,AUCTION,bounce-finance,2025-03-31,2025-03,6072.0
8602,AUCTION,bounce-finance,2025-04-30,2025-04,6072.0
8602,AUCTION,bounce-finance,2025-05-31,2025-05,6072.0
8602,AUCTION,bounce-finance,2025-06-30,2025-06,6072.0
8602,AUCTION,bounce-finance,2025-07-31,2025-07,6071.0
8602,AUCTION,bounce-finance,2025-08-31,2025-08,6072.0
8602,AUCTION,bounce-finance,2025-09-30,2025-09,6078.0
8602,AUCTION,bounce-finance,2025-10-31,2025-10,6073.0
8602,AUCTION,bounce-finance,2025-11-30,2025-11,6074.0
8602,AUCTION,bounce-finance,2025-12-31,2025-12,6066.0
8602,AUCTION,bounce-finance,2026-01-31,2026-01,6063.0
8602,AUCTION,bounce-finance,2026-02-28,2026-02,6072.0
8602,AUCTION,bounce-finance,2026-03-31,2026-03,6067.0
8602,AUCTION,bounce-finance,2026-04-30,2026-04,6069.0
8602,AUCTION,bounce-finance,2026-05-31,2026-05,6063.0
8613,ALCX,alchemix,2021-11-30,2021-11,824894519.0
8613,ALCX,alchemix,2021-12-31,2021-12,781467891.0
8613,ALCX,alchemix,2022-01-31,2022-01,595613774.0
8613,ALCX,alchemix,2022-02-28,2022-02,539620050.0
8613,ALCX,alchemix,2022-03-31,2022-03,483701685.0
8613,ALCX,alchemix,2022-04-30,2022-04,315265621.0
8613,ALCX,alchemix,2022-05-31,2022-05,166614749.0
8613,ALCX,alchemix,2022-06-30,2022-06,128349130.0
8613,ALCX,alchemix,2022-07-31,2022-07,133576425.0
8613,ALCX,alchemix,2022-08-31,2022-08,85711545.0
8613,ALCX,alchemix,2022-09-30,2022-09,63513717.0
8613,ALCX,alchemix,2022-10-31,2022-10,65607918.0
8613,ALCX,alchemix,2022-11-30,2022-11,60440383.0
8613,ALCX,alchemix,2022-12-31,2022-12,57473626.0
8613,ALCX,alchemix,2023-01-31,2023-01,58554796.0
8613,ALCX,alchemix,2023-02-28,2023-02,50896997.0
8613,ALCX,alchemix,2023-03-31,2023-03,50559065.0
8613,ALCX,alchemix,2023-04-30,2023-04,56094475.0
8613,ALCX,alchemix,2023-05-31,2023-05,69347765.0
8613,ALCX,alchemix,2023-06-30,2023-06,67938038.0
8613,ALCX,alchemix,2023-07-31,2023-07,47817114.0
8613,ALCX,alchemix,2023-08-31,2023-08,42346396.0
8613,ALCX,alchemix,2023-09-30,2023-09,53855856.0
8613,ALCX,alchemix,2023-10-31,2023-10,53100193.0
8613,ALCX,alchemix,2023-11-30,2023-11,57456008.0
8613,ALCX,alchemix,2023-12-31,2023-12,60498695.0
8613,ALCX,alchemix,2024-01-31,2024-01,55790750.0
8613,ALCX,alchemix,2024-02-29,2024-02,57323522.0
8613,ALCX,alchemix,2024-03-31,2024-03,56866481.0
8613,ALCX,alchemix,2024-04-30,2024-04,50754766.0
8613,ALCX,alchemix,2024-05-31,2024-05,55641677.0
8613,ALCX,alchemix,2024-06-30,2024-06,50806106.0
8613,ALCX,alchemix,2024-07-31,2024-07,50960122.0
8613,ALCX,alchemix,2024-08-31,2024-08,41111317.0
8613,ALCX,alchemix,2024-09-30,2024-09,45151213.0
8613,ALCX,alchemix,2024-10-31,2024-10,48345661.0
8613,ALCX,alchemix,2024-11-30,2024-11,65457856.0
8613,ALCX,alchemix,2024-12-31,2024-12,62928427.0
8613,ALCX,alchemix,2025-01-31,2025-01,60709606.0
8613,ALCX,alchemix,2025-02-28,2025-02,42764020.0
8613,ALCX,alchemix,2025-03-31,2025-03,38876532.0
8613,ALCX,alchemix,2025-04-30,2025-04,36797959.0
8613,ALCX,alchemix,2025-05-31,2025-05,43690554.0
8613,ALCX,alchemix,2025-06-30,2025-06,42612353.0
8613,ALCX,alchemix,2025-07-31,2025-07,59818623.0
8613,ALCX,alchemix,2025-08-31,2025-08,58415903.0
8613,ALCX,alchemix,2025-09-30,2025-09,58091852.0
8613,ALCX,alchemix,2025-10-31,2025-10,51101838.0
8613,ALCX,alchemix,2025-11-30,2025-11,41185021.0
8613,ALCX,alchemix,2025-12-31,2025-12,40995486.0
8613,ALCX,alchemix,2026-01-31,2026-01,37706961.0
8613,ALCX,alchemix,2026-02-28,2026-02,28657449.0
8613,ALCX,alchemix,2026-03-31,2026-03,28854502.0
8613,ALCX,alchemix,2026-04-30,2026-04,32423647.0
8613,ALCX,alchemix,2026-05-31,2026-05,34252612.0
8615,EPIC,ethernity-chain,2021-06-30,2021-06,12487321.0
8615,EPIC,ethernity-chain,2021-07-31,2021-07,17064461.0
8615,EPIC,ethernity-chain,2021-08-31,2021-08,30207140.0
8615,EPIC,ethernity-chain,2021-09-30,2021-09,18772734.0
8615,EPIC,ethernity-chain,2021-10-31,2021-10,22644196.0
8615,EPIC,ethernity-chain,2021-11-30,2021-11,23256611.0
8615,EPIC,ethernity-chain,2021-12-31,2021-12,15358965.0
8615,EPIC,ethernity-chain,2022-01-31,2022-01,8763703.0
8615,EPIC,ethernity-chain,2022-02-28,2022-02,8936151.0
8615,EPIC,ethernity-chain,2022-03-31,2022-03,11643860.0
8615,EPIC,ethernity-chain,2022-04-30,2022-04,8494005.0
8615,EPIC,ethernity-chain,2022-05-31,2022-05,4459024.0
8615,EPIC,ethernity-chain,2022-06-30,2022-06,2705531.0
8615,EPIC,ethernity-chain,2022-07-31,2022-07,4562208.0
8615,EPIC,ethernity-chain,2022-08-31,2022-08,3512470.0
8615,EPIC,ethernity-chain,2022-09-30,2022-09,5121447.0
8615,EPIC,ethernity-chain,2022-10-31,2022-10,4903930.0
8615,EPIC,ethernity-chain,2022-11-30,2022-11,3651199.0
8615,EPIC,ethernity-chain,2022-12-31,2022-12,3389895.0
8615,EPIC,ethernity-chain,2023-01-31,2023-01,4388668.0
8615,EPIC,ethernity-chain,2023-02-28,2023-02,4583152.0
8615,EPIC,ethernity-chain,2023-03-31,2023-03,3918691.0
8615,EPIC,ethernity-chain,2023-04-30,2023-04,4669442.0
8615,EPIC,ethernity-chain,2023-05-31,2023-05,4159025.0
8615,EPIC,ethernity-chain,2023-06-30,2023-06,3432788.0
8615,EPIC,ethernity-chain,2023-07-31,2023-07,3877396.0
8615,EPIC,ethernity-chain,2023-08-31,2023-08,3384257.0
8615,EPIC,ethernity-chain,2023-09-30,2023-09,3507558.0
8615,EPIC,ethernity-chain,2023-10-31,2023-10,3686695.0
8615,EPIC,ethernity-chain,2023-11-30,2023-11,4047552.0
8615,EPIC,ethernity-chain,2023-12-31,2023-12,4755940.0
8615,EPIC,ethernity-chain,2024-01-31,2024-01,4430538.0
8615,EPIC,ethernity-chain,2024-02-29,2024-02,6346875.0
8615,EPIC,ethernity-chain,2024-03-31,2024-03,10545862.0
8615,EPIC,ethernity-chain,2024-04-30,2024-04,8025148.0
8615,EPIC,ethernity-chain,2024-05-31,2024-05,8717063.0
8615,EPIC,ethernity-chain,2024-06-30,2024-06,5797996.0
8615,EPIC,ethernity-chain,2024-07-31,2024-07,5465813.0
8615,EPIC,ethernity-chain,2024-08-31,2024-08,4963922.0
8615,EPIC,ethernity-chain,2024-09-30,2024-09,5193809.0
8615,EPIC,ethernity-chain,2024-10-31,2024-10,5046011.0
8615,EPIC,ethernity-chain,2024-11-30,2024-11,6037982.0
8615,EPIC,ethernity-chain,2024-12-31,2024-12,5066729.0
8615,EPIC,ethernity-chain,2025-01-31,2025-01,3391835.0
8615,EPIC,ethernity-chain,2025-02-28,2025-02,2358842.0
8615,EPIC,ethernity-chain,2025-03-31,2025-03,1326952.0
8615,EPIC,ethernity-chain,2025-04-30,2025-04,1341036.0
8615,EPIC,ethernity-chain,2025-05-31,2025-05,1413966.0
8615,EPIC,ethernity-chain,2025-06-30,2025-06,1118473.0
8615,EPIC,ethernity-chain,2025-07-31,2025-07,513325.0
8615,EPIC,ethernity-chain,2025-08-31,2025-08,360332.0
8615,EPIC,ethernity-chain,2025-09-30,2025-09,117899.0
8615,EPIC,ethernity-chain,2025-10-31,2025-10,82586.0
8615,EPIC,ethernity-chain,2025-11-30,2025-11,61255.0
8615,EPIC,ethernity-chain,2025-12-31,2025-12,55763.0
8615,EPIC,ethernity-chain,2026-01-31,2026-01,48895.0
8615,EPIC,ethernity-chain,2026-02-28,2026-02,36977.0
8615,EPIC,ethernity-chain,2026-03-31,2026-03,37730.0
8615,EPIC,ethernity-chain,2026-04-30,2026-04,19053.0
8615,EPIC,ethernity-chain,2026-05-31,2026-05,16255.0
8719,ILV,illuvium,2021-06-30,2021-06,1345127.0
8719,ILV,illuvium,2021-07-31,2021-07,73000284.0
8719,ILV,illuvium,2021-08-31,2021-08,4589168.0
8719,ILV,illuvium,2021-09-30,2021-09,201053.0
8719,ILV,illuvium,2021-10-31,2021-10,118492.0
8719,ILV,illuvium,2021-11-30,2021-11,91657.0
8719,ILV,illuvium,2021-12-31,2021-12,64217.0
8719,ILV,illuvium,2022-01-31,2022-01,37380.0
8719,ILV,illuvium,2022-02-28,2022-02,32498.0
8719,ILV,illuvium,2022-03-31,2022-03,43630.0
8719,ILV,illuvium,2022-04-30,2022-04,22948.0
8719,ILV,illuvium,2022-05-31,2022-05,16177.0
8719,ILV,illuvium,2022-06-30,2022-06,9768.0
8719,ILV,illuvium,2022-07-31,2022-07,12912.0
8719,ILV,illuvium,2022-08-31,2022-08,9828.0
8719,ILV,illuvium,2022-09-30,2022-09,8654.0
8719,ILV,illuvium,2022-10-31,2022-10,6462.0
8719,ILV,illuvium,2022-11-30,2022-11,4751.0
8719,ILV,illuvium,2022-12-31,2022-12,4076.0
8719,ILV,illuvium,2023-01-31,2023-01,7217.0
8719,ILV,illuvium,2023-02-28,2023-02,6874.0
8719,ILV,illuvium,2023-03-31,2023-03,5455.0
8719,ILV,illuvium,2023-04-30,2023-04,0.0
8719,ILV,illuvium,2023-05-31,2023-05,0.0
8719,ILV,illuvium,2023-06-30,2023-06,0.0
8719,ILV,illuvium,2023-07-31,2023-07,0.0
8719,ILV,illuvium,2023-08-31,2023-08,0.0
8719,ILV,illuvium,2023-09-30,2023-09,0.0
8719,ILV,illuvium,2023-10-31,2023-10,0.0
8719,ILV,illuvium,2023-11-30,2023-11,0.0
8719,ILV,illuvium,2023-12-31,2023-12,0.0
8719,ILV,illuvium,2024-01-31,2024-01,0.0
8719,ILV,illuvium,2024-02-29,2024-02,0.0
8719,ILV,illuvium,2024-03-31,2024-03,0.0
8719,ILV,illuvium,2024-04-30,2024-04,0.0
8719,ILV,illuvium,2024-05-31,2024-05,0.0
8719,ILV,illuvium,2024-06-30,2024-06,0.0
8719,ILV,illuvium,2024-07-31,2024-07,0.0
8719,ILV,illuvium,2024-08-31,2024-08,0.0
8719,ILV,illuvium,2024-09-30,2024-09,0.0
8719,ILV,illuvium,2024-10-31,2024-10,0.0
8719,ILV,illuvium,2024-11-30,2024-11,0.0
8719,ILV,illuvium,2024-12-31,2024-12,0.0
8719,ILV,illuvium,2025-01-31,2025-01,0.0
8719,ILV,illuvium,2025-02-28,2025-02,0.0
8719,ILV,illuvium,2025-03-31,2025-03,0.0
8719,ILV,illuvium,2025-04-30,2025-04,0.0
8719,ILV,illuvium,2025-05-31,2025-05,0.0
8719,ILV,illuvium,2025-06-30,2025-06,0.0
8719,ILV,illuvium,2025-07-31,2025-07,0.0
8719,ILV,illuvium,2025-08-31,2025-08,0.0
8719,ILV,illuvium,2025-09-30,2025-09,0.0
8719,ILV,illuvium,2025-10-31,2025-10,0.0
8719,ILV,illuvium,2025-11-30,2025-11,0.0
8719,ILV,illuvium,2025-12-31,2025-12,0.0
8719,ILV,illuvium,2026-01-31,2026-01,0.0
8719,ILV,illuvium,2026-02-28,2026-02,0.0
8719,ILV,illuvium,2026-03-31,2026-03,0.0
8719,ILV,illuvium,2026-04-30,2026-04,0.0
8719,ILV,illuvium,2026-05-31,2026-05,0.0
8857,ANC,anchor,2021-04-30,2021-04,702240855.0
8857,ANC,anchor,2021-05-31,2021-05,541552969.0
8857,ANC,anchor,2021-06-30,2021-06,749738424.0
8857,ANC,anchor,2021-07-31,2021-07,1299748370.0
8857,ANC,anchor,2021-08-31,2021-08,2756729922.0
8857,ANC,anchor,2021-09-30,2021-09,3091771259.0
8857,ANC,anchor,2021-10-31,2021-10,4040747884.0
8857,ANC,anchor,2021-11-30,2021-11,4793858488.0
8857,ANC,anchor,2021-12-31,2021-12,8503470744.0
8857,ANC,anchor,2022-01-31,2022-01,6826994231.0
8857,ANC,anchor,2022-02-28,2022-02,10318694107.0
8857,ANC,anchor,2022-03-31,2022-03,15189624402.0
8857,ANC,anchor,2022-04-30,2022-04,16604279587.0
8857,ANC,anchor,2022-05-31,2022-05,23174331.0
8857,ANC,anchor,2022-06-30,2022-06,1595140.0
8857,ANC,anchor,2022-07-31,2022-07,2403216.0
8857,ANC,anchor,2022-08-31,2022-08,2062330.0
8857,ANC,anchor,2022-09-30,2022-09,1748745.0
8857,ANC,anchor,2022-10-31,2022-10,2053931.0
8857,ANC,anchor,2022-11-30,2022-11,1638968.0
8857,ANC,anchor,2022-12-31,2022-12,1530981.0
8857,ANC,anchor,2023-01-31,2023-01,1737287.0
8857,ANC,anchor,2023-02-28,2023-02,1786507.0
8857,ANC,anchor,2023-03-31,2023-03,0.0
8857,ANC,anchor,2023-04-30,2023-04,0.0
8857,ANC,anchor,2023-05-31,2023-05,0.0
8857,ANC,anchor,2023-06-30,2023-06,0.0
8857,ANC,anchor,2023-07-31,2023-07,0.0
8857,ANC,anchor,2023-08-31,2023-08,0.0
8857,ANC,anchor,2023-10-31,2023-10,0.0
8891,BTCST,btcst,2021-12-31,2021-12,12857600.0
8891,BTCST,btcst,2022-01-31,2022-01,8257357.0
8891,BTCST,btcst,2022-02-28,2022-02,7569881.0
8891,BTCST,btcst,2022-03-31,2022-03,6749913.0
8891,BTCST,btcst,2022-04-30,2022-04,5048334.0
8891,BTCST,btcst,2022-05-31,2022-05,2992957.0
8891,BTCST,btcst,2022-06-30,2022-06,2128346.0
8891,BTCST,btcst,2022-07-31,2022-07,2317709.0
8891,BTCST,btcst,2022-08-31,2022-08,1544526.0
8891,BTCST,btcst,2022-09-30,2022-09,1465812.0
8891,BTCST,btcst,2022-10-31,2022-10,1811459.0
8891,BTCST,btcst,2022-11-30,2022-11,1404735.0
8891,BTCST,btcst,2022-12-31,2022-12,1222120.0
8891,BTCST,btcst,2023-01-31,2023-01,1388473.0
8891,BTCST,btcst,2023-02-28,2023-02,1354339.0
8891,BTCST,btcst,2023-03-31,2023-03,854530.0
8891,BTCST,btcst,2023-04-30,2023-04,839309.0
8891,BTCST,btcst,2023-05-31,2023-05,750064.0
8891,BTCST,btcst,2023-06-30,2023-06,699701.0
8891,BTCST,btcst,2023-07-31,2023-07,753862.0
8891,BTCST,btcst,2023-08-31,2023-08,647645.0
8891,BTCST,btcst,2023-09-30,2023-09,614765.0
8891,BTCST,btcst,2023-10-31,2023-10,720371.0
8891,BTCST,btcst,2023-11-30,2023-11,801998.0
8891,BTCST,btcst,2023-12-31,2023-12,905415.0
8891,BTCST,btcst,2024-01-31,2024-01,878087.0
8891,BTCST,btcst,2024-02-29,2024-02,1261762.0
8891,BTCST,btcst,2024-03-31,2024-03,1525971.0
8891,BTCST,btcst,2024-04-30,2024-04,1262687.0
8891,BTCST,btcst,2024-05-31,2024-05,1373121.0
8891,BTCST,btcst,2024-06-30,2024-06,1166133.0
8891,BTCST,btcst,2024-07-31,2024-07,1225612.0
8891,BTCST,btcst,2024-08-31,2024-08,1051646.0
8891,BTCST,btcst,2024-09-30,2024-09,1172831.0
8891,BTCST,btcst,2024-10-31,2024-10,1343004.0
8891,BTCST,btcst,2024-11-30,2024-11,2314919.0
8891,BTCST,btcst,2024-12-31,2024-12,1942282.0
8891,BTCST,btcst,2025-01-31,2025-01,2078647.0
8891,BTCST,btcst,2025-02-28,2025-02,1428678.0
8891,BTCST,btcst,2025-03-31,2025-03,1226636.0
8891,BTCST,btcst,2025-04-30,2025-04,1359948.0
8891,BTCST,btcst,2025-05-31,2025-05,1502800.0
8891,BTCST,btcst,2025-06-30,2025-06,1461251.0
8891,BTCST,btcst,2025-07-31,2025-07,1687357.0
8891,BTCST,btcst,2025-08-31,2025-08,1563568.0
8891,BTCST,btcst,2025-09-30,2025-09,1655651.0
8891,BTCST,btcst,2025-10-31,2025-10,1510989.0
8891,BTCST,btcst,2025-11-30,2025-11,1238098.0
8891,BTCST,btcst,2025-12-31,2025-12,1146569.0
8891,BTCST,btcst,2026-01-31,2026-01,1091729.0
8891,BTCST,btcst,2026-02-28,2026-02,854951.0
8891,BTCST,btcst,2026-03-31,2026-03,855237.0
8891,BTCST,btcst,2026-04-30,2026-04,970770.0
8891,BTCST,btcst,2026-05-31,2026-05,950414.0
8911,STRK,strike,2021-09-30,2021-09,27206145.0
8911,STRK,strike,2021-10-31,2021-10,33724076.0
8911,STRK,strike,2021-11-30,2021-11,31080595.0
8911,STRK,strike,2021-12-31,2021-12,28785901.0
8911,STRK,strike,2022-01-31,2022-01,24024804.0
8911,STRK,strike,2022-02-28,2022-02,27789336.0
8911,STRK,strike,2022-03-31,2022-03,35743683.0
8911,STRK,strike,2022-04-30,2022-04,28698576.0
8911,STRK,strike,2022-05-31,2022-05,23223780.0
8911,STRK,strike,2022-06-30,2022-06,13704369.0
8911,STRK,strike,2022-07-31,2022-07,16161787.0
8911,STRK,strike,2022-08-31,2022-08,16022894.0
8911,STRK,strike,2022-09-30,2022-09,15080861.0
8911,STRK,strike,2022-10-31,2022-10,15990889.0
8911,STRK,strike,2022-11-30,2022-11,14507919.0
8911,STRK,strike,2022-12-31,2022-12,11542292.0
8911,STRK,strike,2023-01-31,2023-01,13316890.0
8911,STRK,strike,2023-02-28,2023-02,14020426.0
8911,STRK,strike,2023-03-31,2023-03,13709685.0
8911,STRK,strike,2023-04-30,2023-04,14994196.0
8911,STRK,strike,2023-05-31,2023-05,13784419.0
8911,STRK,strike,2023-06-30,2023-06,16367705.0
8911,STRK,strike,2023-07-31,2023-07,14260308.0
8911,STRK,strike,2023-08-31,2023-08,14526429.0
8911,STRK,strike,2023-09-30,2023-09,13061593.0
8911,STRK,strike,2023-10-31,2023-10,16627658.0
8911,STRK,strike,2023-11-30,2023-11,17899120.0
8911,STRK,strike,2023-12-31,2023-12,18154286.0
8911,STRK,strike,2024-01-31,2024-01,17307804.0
8911,STRK,strike,2024-02-29,2024-02,23856249.0
8911,STRK,strike,2024-03-31,2024-03,21541561.0
8911,STRK,strike,2024-04-30,2024-04,14974929.0
8911,STRK,strike,2024-05-31,2024-05,12746095.0
8911,STRK,strike,2024-06-30,2024-06,10190062.0
8911,STRK,strike,2024-07-31,2024-07,11952585.0
8911,STRK,strike,2024-08-31,2024-08,8847595.0
8911,STRK,strike,2024-09-30,2024-09,9300472.0
8911,STRK,strike,2024-10-31,2024-10,7593610.0
8911,STRK,strike,2024-11-30,2024-11,14515952.0
8911,STRK,strike,2024-12-31,2024-12,11663393.0
8911,STRK,strike,2025-01-31,2025-01,16970313.0
8911,STRK,strike,2025-02-28,2025-02,11780707.0
8911,STRK,strike,2025-03-31,2025-03,11397351.0
8911,STRK,strike,2025-04-30,2025-04,13100136.0
8911,STRK,strike,2025-05-31,2025-05,12939383.0
8911,STRK,strike,2025-06-30,2025-06,9603573.0
8911,STRK,strike,2025-07-31,2025-07,4762300.0
8911,STRK,strike,2025-08-31,2025-08,57530.0
8911,STRK,strike,2025-09-30,2025-09,36989.0
8911,STRK,strike,2025-10-31,2025-10,20425.0
8911,STRK,strike,2025-11-30,2025-11,4642.0
8911,STRK,strike,2025-12-31,2025-12,5338.0
8911,STRK,strike,2026-01-31,2026-01,2960.0
8911,STRK,strike,2026-02-28,2026-02,2841.0
8911,STRK,strike,2026-03-31,2026-03,5229.0
8911,STRK,strike,2026-04-30,2026-04,5571.0
8911,STRK,strike,2026-05-31,2026-05,5219.0
8938,EPS,ellipsis-finance,2021-03-31,2021-03,2017666466.0
8938,EPS,ellipsis-finance,2021-04-30,2021-04,2396335527.0
8938,EPS,ellipsis-finance,2021-05-31,2021-05,1570842695.0
8938,EPS,ellipsis-finance,2021-06-30,2021-06,1635012595.0
8938,EPS,ellipsis-finance,2021-07-31,2021-07,1220094764.0
8938,EPS,ellipsis-finance,2021-08-31,2021-08,1058218067.0
8938,EPS,ellipsis-finance,2021-09-30,2021-09,601839020.0
8938,EPS,ellipsis-finance,2021-10-31,2021-10,619580894.0
8938,EPS,ellipsis-finance,2021-11-30,2021-11,596469226.0
8938,EPS,ellipsis-finance,2021-12-31,2021-12,558696757.0
8938,EPS,ellipsis-finance,2022-01-31,2022-01,616553576.0
8938,EPS,ellipsis-finance,2022-02-28,2022-02,615534087.0
8938,EPS,ellipsis-finance,2022-03-31,2022-03,660337051.0
8938,EPS,ellipsis-finance,2022-04-30,2022-04,672104518.0
8938,EPS,ellipsis-finance,2022-05-31,2022-05,151861358.0
8938,EPS,ellipsis-finance,2022-06-30,2022-06,91690933.0
8938,EPS,ellipsis-finance,2022-07-31,2022-07,83391988.0
8938,EPS,ellipsis-finance,2022-08-31,2022-08,62238371.0
8938,EPS,ellipsis-finance,2022-09-30,2022-09,64964841.0
8938,EPS,ellipsis-finance,2022-10-31,2022-10,59885626.0
8938,EPS,ellipsis-finance,2022-11-30,2022-11,51185296.0
8938,EPS,ellipsis-finance,2022-12-31,2022-12,32867240.0
8938,EPS,ellipsis-finance,2023-01-31,2023-01,27626049.0
8938,EPS,ellipsis-finance,2023-02-28,2023-02,22797999.0
8938,EPS,ellipsis-finance,2023-03-31,2023-03,23294761.0
8938,EPS,ellipsis-finance,2023-04-30,2023-04,23884001.0
8938,EPS,ellipsis-finance,2023-05-31,2023-05,23424105.0
8938,EPS,ellipsis-finance,2023-06-30,2023-06,8179064.0
8938,EPS,ellipsis-finance,2023-07-31,2023-07,7111561.0
8938,EPS,ellipsis-finance,2023-08-31,2023-08,5010029.0
8938,EPS,ellipsis-finance,2023-09-30,2023-09,4755344.0
8938,EPS,ellipsis-finance,2023-10-31,2023-10,4703358.0
8938,EPS,ellipsis-finance,2023-11-30,2023-11,4697426.0
8938,EPS,ellipsis-finance,2023-12-31,2023-12,4982710.0
8938,EPS,ellipsis-finance,2024-01-31,2024-01,4635651.0
8938,EPS,ellipsis-finance,2024-02-29,2024-02,5954165.0
8938,EPS,ellipsis-finance,2024-03-31,2024-03,6281889.0
8938,EPS,ellipsis-finance,2024-04-30,2024-04,4515289.0
8938,EPS,ellipsis-finance,2024-05-31,2024-05,4869167.0
8938,EPS,ellipsis-finance,2024-06-30,2024-06,4493296.0
8938,EPS,ellipsis-finance,2024-07-31,2024-07,4091759.0
8938,EPS,ellipsis-finance,2024-08-31,2024-08,2528708.0
8938,EPS,ellipsis-finance,2024-09-30,2024-09,2524387.0
8938,EPS,ellipsis-finance,2024-10-31,2024-10,2482558.0
8938,EPS,ellipsis-finance,2024-11-30,2024-11,2425834.0
8938,EPS,ellipsis-finance,2024-12-31,2024-12,2308825.0
8938,EPS,ellipsis-finance,2025-01-31,2025-01,2042896.0
8938,EPS,ellipsis-finance,2025-02-28,2025-02,1844477.0
8938,EPS,ellipsis-finance,2025-03-31,2025-03,2240522.0
8938,EPS,ellipsis-finance,2025-04-30,2025-04,2289060.0
8938,EPS,ellipsis-finance,2025-05-31,2025-05,1752376.0
8938,EPS,ellipsis-finance,2025-06-30,2025-06,1316737.0
8938,EPS,ellipsis-finance,2025-07-31,2025-07,1378443.0
8938,EPS,ellipsis-finance,2025-08-31,2025-08,1291764.0
8938,EPS,ellipsis-finance,2025-09-30,2025-09,1165318.0
8938,EPS,ellipsis-finance,2025-10-31,2025-10,1149580.0
8938,EPS,ellipsis-finance,2025-11-30,2025-11,1235323.0
8938,EPS,ellipsis-finance,2025-12-31,2025-12,1218906.0
8938,EPS,ellipsis-finance,2026-01-31,2026-01,1246571.0
8938,EPS,ellipsis-finance,2026-02-28,2026-02,1212875.0
8938,EPS,ellipsis-finance,2026-03-31,2026-03,1222661.0
8938,EPS,ellipsis-finance,2026-04-30,2026-04,1003739.0
8938,EPS,ellipsis-finance,2026-05-31,2026-05,848172.0
8972,SFUND,seedify,2022-03-31,2022-03,0.0
8972,SFUND,seedify,2022-04-30,2022-04,0.0
8972,SFUND,seedify,2022-05-31,2022-05,0.0
8972,SFUND,seedify,2022-06-30,2022-06,0.0
8972,SFUND,seedify,2022-07-31,2022-07,0.0
8972,SFUND,seedify,2022-08-31,2022-08,0.0
8972,SFUND,seedify,2022-09-30,2022-09,0.0
8972,SFUND,seedify,2022-10-31,2022-10,0.0
8972,SFUND,seedify,2022-11-30,2022-11,0.0
8972,SFUND,seedify,2022-12-31,2022-12,0.0
8972,SFUND,seedify,2023-01-31,2023-01,0.0
8972,SFUND,seedify,2023-02-28,2023-02,0.0
8972,SFUND,seedify,2023-03-31,2023-03,0.0
8972,SFUND,seedify,2023-04-30,2023-04,0.0
8972,SFUND,seedify,2023-05-31,2023-05,0.0
8972,SFUND,seedify,2023-06-30,2023-06,0.0
8972,SFUND,seedify,2023-07-31,2023-07,0.0
8972,SFUND,seedify,2023-08-31,2023-08,0.0
8972,SFUND,seedify,2023-09-30,2023-09,0.0
8972,SFUND,seedify,2023-10-31,2023-10,0.0
8972,SFUND,seedify,2023-11-30,2023-11,0.0
8972,SFUND,seedify,2023-12-31,2023-12,0.0
8972,SFUND,seedify,2024-01-31,2024-01,0.0
8972,SFUND,seedify,2024-02-29,2024-02,0.0
8972,SFUND,seedify,2024-03-31,2024-03,0.0
8972,SFUND,seedify,2024-04-30,2024-04,0.0
8972,SFUND,seedify,2024-05-31,2024-05,0.0
8972,SFUND,seedify,2024-06-30,2024-06,0.0
8972,SFUND,seedify,2024-07-31,2024-07,0.0
8972,SFUND,seedify,2024-08-31,2024-08,0.0
8972,SFUND,seedify,2024-09-30,2024-09,0.0
8972,SFUND,seedify,2024-10-31,2024-10,0.0
8972,SFUND,seedify,2024-11-30,2024-11,0.0
8972,SFUND,seedify,2024-12-31,2024-12,0.0
8972,SFUND,seedify,2025-01-31,2025-01,0.0
8972,SFUND,seedify,2025-02-28,2025-02,0.0
8972,SFUND,seedify,2025-03-31,2025-03,0.0
8972,SFUND,seedify,2025-04-30,2025-04,0.0
8972,SFUND,seedify,2025-05-31,2025-05,0.0
8972,SFUND,seedify,2025-06-30,2025-06,0.0
8972,SFUND,seedify,2025-07-31,2025-07,0.0
8972,SFUND,seedify,2025-08-31,2025-08,0.0
8972,SFUND,seedify,2025-09-30,2025-09,0.0
8972,SFUND,seedify,2025-10-31,2025-10,0.0
8972,SFUND,seedify,2025-11-30,2025-11,0.0
8972,SFUND,seedify,2025-12-31,2025-12,0.0
8972,SFUND,seedify,2026-01-31,2026-01,0.0
8972,SFUND,seedify,2026-02-28,2026-02,0.0
8972,SFUND,seedify,2026-03-31,2026-03,0.0
8972,SFUND,seedify,2026-04-30,2026-04,0.0
8972,SFUND,seedify,2026-05-31,2026-05,0.0
9067,OHM,olympus-dao,2021-03-31,2021-03,0.0
9067,OHM,olympus-dao,2021-04-30,2021-04,0.0
9067,OHM,olympus-dao,2021-05-31,2021-05,0.0
9067,OHM,olympus-dao,2021-06-30,2021-06,0.0
9067,OHM,olympus-dao,2021-07-31,2021-07,0.0
9067,OHM,olympus-dao,2021-08-31,2021-08,0.0
9067,OHM,olympus-dao,2021-09-30,2021-09,0.0
9067,OHM,olympus-dao,2021-10-31,2021-10,0.0
9067,OHM,olympus-dao,2021-11-30,2021-11,0.0
9067,OHM,olympus-dao,2021-12-31,2021-12,0.0
9067,OHM,olympus-dao,2022-01-31,2022-01,0.0
9067,OHM,olympus-dao,2022-02-28,2022-02,0.0
9067,OHM,olympus-dao,2022-03-31,2022-03,0.0
9067,OHM,olympus-dao,2022-04-30,2022-04,0.0
9067,OHM,olympus-dao,2022-05-31,2022-05,0.0
9067,OHM,olympus-dao,2022-06-30,2022-06,0.0
9067,OHM,olympus-dao,2022-07-31,2022-07,0.0
9067,OHM,olympus-dao,2022-08-31,2022-08,0.0
9067,OHM,olympus-dao,2022-09-30,2022-09,0.0
9067,OHM,olympus-dao,2022-10-31,2022-10,0.0
9067,OHM,olympus-dao,2022-11-30,2022-11,0.0
9067,OHM,olympus-dao,2022-12-31,2022-12,0.0
9067,OHM,olympus-dao,2023-01-31,2023-01,0.0
9067,OHM,olympus-dao,2023-02-28,2023-02,0.0
9067,OHM,olympus-dao,2023-03-31,2023-03,0.0
9067,OHM,olympus-dao,2023-04-30,2023-04,0.0
9067,OHM,olympus-dao,2023-05-31,2023-05,0.0
9067,OHM,olympus-dao,2023-06-30,2023-06,0.0
9067,OHM,olympus-dao,2023-07-31,2023-07,0.0
9067,OHM,olympus-dao,2023-08-31,2023-08,0.0
9067,OHM,olympus-dao,2023-09-30,2023-09,0.0
9067,OHM,olympus-dao,2023-10-31,2023-10,0.0
9067,OHM,olympus-dao,2023-11-30,2023-11,0.0
9067,OHM,olympus-dao,2023-12-31,2023-12,0.0
9067,OHM,olympus-dao,2024-01-31,2024-01,0.0
9067,OHM,olympus-dao,2024-02-29,2024-02,0.0
9067,OHM,olympus-dao,2024-03-31,2024-03,0.0
9067,OHM,olympus-dao,2024-04-30,2024-04,0.0
9067,OHM,olympus-dao,2024-05-31,2024-05,0.0
9067,OHM,olympus-dao,2024-06-30,2024-06,0.0
9067,OHM,olympus-dao,2024-07-31,2024-07,0.0
9067,OHM,olympus-dao,2024-08-31,2024-08,0.0
9067,OHM,olympus-dao,2024-09-30,2024-09,0.0
9067,OHM,olympus-dao,2024-10-31,2024-10,0.0
9067,OHM,olympus-dao,2024-11-30,2024-11,0.0
9067,OHM,olympus-dao,2024-12-31,2024-12,0.0
9067,OHM,olympus-dao,2025-01-31,2025-01,0.0
9067,OHM,olympus-dao,2025-02-28,2025-02,0.0
9067,OHM,olympus-dao,2025-03-31,2025-03,0.0
9067,OHM,olympus-dao,2025-04-30,2025-04,0.0
9067,OHM,olympus-dao,2025-05-31,2025-05,0.0
9067,OHM,olympus-dao,2025-06-30,2025-06,0.0
9067,OHM,olympus-dao,2025-07-31,2025-07,0.0
9067,OHM,olympus-dao,2025-08-31,2025-08,0.0
9067,OHM,olympus-dao,2025-09-30,2025-09,0.0
9067,OHM,olympus-dao,2025-10-31,2025-10,0.0
9067,OHM,olympus-dao,2025-11-30,2025-11,0.0
9067,OHM,olympus-dao,2025-12-31,2025-12,0.0
9067,OHM,olympus-dao,2026-01-31,2026-01,0.0
9067,OHM,olympus-dao,2026-02-28,2026-02,0.0
9067,OHM,olympus-dao,2026-03-31,2026-03,0.0
9067,OHM,olympus-dao,2026-04-30,2026-04,0.0
9067,OHM,olympus-dao,2026-05-31,2026-05,0.0
9119,TLM,alien-worlds,2024-08-31,2024-08,187657.0
9119,TLM,alien-worlds,2024-09-30,2024-09,230579.0
9119,TLM,alien-worlds,2024-10-31,2024-10,224131.0
9119,TLM,alien-worlds,2024-11-30,2024-11,381590.0
9119,TLM,alien-worlds,2024-12-31,2024-12,301290.0
9119,TLM,alien-worlds,2025-01-31,2025-01,285335.0
9119,TLM,alien-worlds,2025-02-28,2025-02,226106.0
9119,TLM,alien-worlds,2025-03-31,2025-03,169513.0
9119,TLM,alien-worlds,2025-04-30,2025-04,196934.0
9119,TLM,alien-worlds,2025-05-31,2025-05,168031.0
9119,TLM,alien-worlds,2025-06-30,2025-06,163915.0
9119,TLM,alien-worlds,2025-07-31,2025-07,183680.0
9119,TLM,alien-worlds,2025-08-31,2025-08,164903.0
9119,TLM,alien-worlds,2025-09-30,2025-09,142865.0
9119,TLM,alien-worlds,2025-10-31,2025-10,98739.0
9119,TLM,alien-worlds,2025-11-30,2025-11,77163.0
9119,TLM,alien-worlds,2025-12-31,2025-12,62661.0
9119,TLM,alien-worlds,2026-01-31,2026-01,67543.0
9119,TLM,alien-worlds,2026-02-28,2026-02,57152.0
9119,TLM,alien-worlds,2026-03-31,2026-03,56363.0
9119,TLM,alien-worlds,2026-04-30,2026-04,60087.0
9119,TLM,alien-worlds,2026-05-31,2026-05,54628.0
9175,MBOX,mobox,2021-12-31,2021-12,0.0
9175,MBOX,mobox,2022-03-31,2022-03,0.0
9175,MBOX,mobox,2022-04-30,2022-04,0.0
9175,MBOX,mobox,2022-05-31,2022-05,0.0
9175,MBOX,mobox,2022-06-30,2022-06,0.0
9175,MBOX,mobox,2022-07-31,2022-07,0.0
9175,MBOX,mobox,2022-08-31,2022-08,0.0
9175,MBOX,mobox,2022-09-30,2022-09,0.0
9175,MBOX,mobox,2022-10-31,2022-10,0.0
9175,MBOX,mobox,2022-11-30,2022-11,0.0
9175,MBOX,mobox,2022-12-31,2022-12,0.0
9175,MBOX,mobox,2023-01-31,2023-01,0.0
9175,MBOX,mobox,2023-02-28,2023-02,0.0
9175,MBOX,mobox,2023-03-31,2023-03,0.0
9175,MBOX,mobox,2023-04-30,2023-04,0.0
9175,MBOX,mobox,2023-05-31,2023-05,0.0
9175,MBOX,mobox,2023-06-30,2023-06,0.0
9175,MBOX,mobox,2023-07-31,2023-07,0.0
9175,MBOX,mobox,2023-08-31,2023-08,0.0
9175,MBOX,mobox,2023-09-30,2023-09,0.0
9175,MBOX,mobox,2023-10-31,2023-10,0.0
9175,MBOX,mobox,2023-11-30,2023-11,0.0
9175,MBOX,mobox,2023-12-31,2023-12,0.0
9175,MBOX,mobox,2024-01-31,2024-01,0.0
9175,MBOX,mobox,2024-02-29,2024-02,0.0
9175,MBOX,mobox,2024-03-31,2024-03,0.0
9175,MBOX,mobox,2024-04-30,2024-04,0.0
9175,MBOX,mobox,2024-05-31,2024-05,0.0
9175,MBOX,mobox,2024-06-30,2024-06,0.0
9175,MBOX,mobox,2024-07-31,2024-07,0.0
9175,MBOX,mobox,2024-08-31,2024-08,0.0
9175,MBOX,mobox,2024-09-30,2024-09,0.0
9175,MBOX,mobox,2024-10-31,2024-10,0.0
9175,MBOX,mobox,2024-11-30,2024-11,0.0
9175,MBOX,mobox,2024-12-31,2024-12,0.0
9175,MBOX,mobox,2025-01-31,2025-01,0.0
9175,MBOX,mobox,2025-02-28,2025-02,0.0
9175,MBOX,mobox,2025-03-31,2025-03,0.0
9175,MBOX,mobox,2025-04-30,2025-04,0.0
9175,MBOX,mobox,2025-05-31,2025-05,0.0
9175,MBOX,mobox,2025-06-30,2025-06,0.0
9175,MBOX,mobox,2025-07-31,2025-07,0.0
9175,MBOX,mobox,2025-08-31,2025-08,0.0
9175,MBOX,mobox,2025-09-30,2025-09,0.0
9175,MBOX,mobox,2025-10-31,2025-10,0.0
9175,MBOX,mobox,2025-11-30,2025-11,0.0
9175,MBOX,mobox,2025-12-31,2025-12,0.0
9175,MBOX,mobox,2026-01-31,2026-01,0.0
9175,MBOX,mobox,2026-02-28,2026-02,0.0
9175,MBOX,mobox,2026-03-31,2026-03,0.0
9175,MBOX,mobox,2026-04-30,2026-04,0.0
9175,MBOX,mobox,2026-05-31,2026-05,0.0
9444,KNC,kyberswap-classic,2020-10-31,2020-10,9908589.0
9444,KNC,kyberswap-classic,2020-11-30,2020-11,10551753.0
9444,KNC,kyberswap-classic,2020-12-31,2020-12,13893721.0
9444,KNC,kyberswap-classic,2021-01-31,2021-01,3232311.0
9444,KNC,kyberswap-classic,2021-02-28,2021-02,11682093.0
9444,KNC,kyberswap-classic,2021-03-31,2021-03,25019623.0
9444,KNC,kyberswap-classic,2021-04-30,2021-04,50103737.0
9444,KNC,kyberswap-classic,2021-05-31,2021-05,35839087.0
9444,KNC,kyberswap-classic,2021-06-30,2021-06,187167535.0
9444,KNC,kyberswap-classic,2021-07-31,2021-07,445345641.0
9444,KNC,kyberswap-classic,2021-08-31,2021-08,461473286.0
9444,KNC,kyberswap-classic,2021-09-30,2021-09,383801049.0
9444,KNC,kyberswap-classic,2021-10-31,2021-10,149775387.0
9444,KNC,kyberswap-classic,2021-11-30,2021-11,77436166.0
9444,KNC,kyberswap-classic,2021-12-31,2021-12,72455775.0
9444,KNC,kyberswap-classic,2022-01-31,2022-01,68397031.0
9444,KNC,kyberswap-classic,2022-02-28,2022-02,66071795.0
9444,KNC,kyberswap-classic,2022-03-31,2022-03,130514700.0
9444,KNC,kyberswap-classic,2022-04-30,2022-04,131886457.0
9444,KNC,kyberswap-classic,2022-05-31,2022-05,76454469.0
9444,KNC,kyberswap-classic,2022-06-30,2022-06,55183990.0
9444,KNC,kyberswap-classic,2022-07-31,2022-07,54359224.0
9444,KNC,kyberswap-classic,2022-08-31,2022-08,56636372.0
9444,KNC,kyberswap-classic,2022-09-30,2022-09,51720656.0
9444,KNC,kyberswap-classic,2022-10-31,2022-10,78628071.0
9444,KNC,kyberswap-classic,2022-11-30,2022-11,91582099.0
9444,KNC,kyberswap-classic,2022-12-31,2022-12,88783567.0
9444,KNC,kyberswap-classic,2023-01-31,2023-01,113397280.0
9444,KNC,kyberswap-classic,2023-02-28,2023-02,121132645.0
9444,KNC,kyberswap-classic,2023-03-31,2023-03,21459168.0
9444,KNC,kyberswap-classic,2023-04-30,2023-04,21614172.0
9444,KNC,kyberswap-classic,2023-05-31,2023-05,16804507.0
9444,KNC,kyberswap-classic,2023-06-30,2023-06,15725292.0
9444,KNC,kyberswap-classic,2023-07-31,2023-07,13944560.0
9444,KNC,kyberswap-classic,2023-08-31,2023-08,13236355.0
9444,KNC,kyberswap-classic,2023-09-30,2023-09,13569193.0
9444,KNC,kyberswap-classic,2023-10-31,2023-10,13993680.0
9444,KNC,kyberswap-classic,2023-11-30,2023-11,5903994.0
9444,KNC,kyberswap-classic,2023-12-31,2023-12,6662830.0
9444,KNC,kyberswap-classic,2024-01-31,2024-01,5475789.0
9444,KNC,kyberswap-classic,2024-02-29,2024-02,4796761.0
9444,KNC,kyberswap-classic,2024-03-31,2024-03,4313179.0
9444,KNC,kyberswap-classic,2024-04-30,2024-04,3575330.0
9444,KNC,kyberswap-classic,2024-05-31,2024-05,2459223.0
9444,KNC,kyberswap-classic,2024-06-30,2024-06,2210689.0
9444,KNC,kyberswap-classic,2024-07-31,2024-07,2039766.0
9444,KNC,kyberswap-classic,2024-08-31,2024-08,1828638.0
9444,KNC,kyberswap-classic,2024-09-30,2024-09,1943605.0
9444,KNC,kyberswap-classic,2024-10-31,2024-10,1930040.0
9444,KNC,kyberswap-classic,2024-11-30,2024-11,2132476.0
9444,KNC,kyberswap-classic,2024-12-31,2024-12,2046819.0
9444,KNC,kyberswap-classic,2025-01-31,2025-01,1880465.0
9444,KNC,kyberswap-classic,2025-02-28,2025-02,1574723.0
9444,KNC,kyberswap-classic,2025-03-31,2025-03,1450409.0
9444,KNC,kyberswap-classic,2025-04-30,2025-04,1425300.0
9444,KNC,kyberswap-classic,2025-05-31,2025-05,1506210.0
9444,KNC,kyberswap-classic,2025-06-30,2025-06,1411406.0
9444,KNC,kyberswap-classic,2025-07-31,2025-07,1445534.0
9444,KNC,kyberswap-classic,2025-08-31,2025-08,1375414.0
9444,KNC,kyberswap-classic,2025-09-30,2025-09,1378436.0
9444,KNC,kyberswap-classic,2025-10-31,2025-10,1299173.0
9444,KNC,kyberswap-classic,2025-11-30,2025-11,1209820.0
9444,KNC,kyberswap-classic,2025-12-31,2025-12,1168702.0
9444,KNC,kyberswap-classic,2026-01-31,2026-01,1141371.0
9444,KNC,kyberswap-classic,2026-02-28,2026-02,1046996.0
9444,KNC,kyberswap-classic,2026-03-31,2026-03,1044820.0
9444,KNC,kyberswap-classic,2026-04-30,2026-04,1064941.0
9444,KNC,kyberswap-classic,2026-05-31,2026-05,1045506.0
9481,PENDLE,pendle,2021-06-30,2021-06,19866287.0
9481,PENDLE,pendle,2021-07-31,2021-07,23053916.0
9481,PENDLE,pendle,2021-08-31,2021-08,26917762.0
9481,PENDLE,pendle,2021-09-30,2021-09,37728519.0
9481,PENDLE,pendle,2021-10-31,2021-10,27433551.0
9481,PENDLE,pendle,2021-11-30,2021-11,35740200.0
9481,PENDLE,pendle,2021-12-31,2021-12,34125935.0
9481,PENDLE,pendle,2022-01-31,2022-01,29353503.0
9481,PENDLE,pendle,2022-02-28,2022-02,16170583.0
9481,PENDLE,pendle,2022-03-31,2022-03,7691177.0
9481,PENDLE,pendle,2022-04-30,2022-04,5303584.0
9481,PENDLE,pendle,2022-05-31,2022-05,4180713.0
9481,PENDLE,pendle,2022-06-30,2022-06,3935781.0
9481,PENDLE,pendle,2022-07-31,2022-07,6091329.0
9481,PENDLE,pendle,2022-08-31,2022-08,6829956.0
9481,PENDLE,pendle,2022-09-30,2022-09,8299958.0
9481,PENDLE,pendle,2022-10-31,2022-10,7611346.0
9481,PENDLE,pendle,2022-11-30,2022-11,7547360.0
9481,PENDLE,pendle,2022-12-31,2022-12,15220262.0
9481,PENDLE,pendle,2023-01-31,2023-01,19471989.0
9481,PENDLE,pendle,2023-02-28,2023-02,23979636.0
9481,PENDLE,pendle,2023-03-31,2023-03,41044278.0
9481,PENDLE,pendle,2023-04-30,2023-04,65541203.0
9481,PENDLE,pendle,2023-05-31,2023-05,80490197.0
9481,PENDLE,pendle,2023-06-30,2023-06,119739193.0
9481,PENDLE,pendle,2023-07-31,2023-07,151335610.0
9481,PENDLE,pendle,2023-08-31,2023-08,139413802.0
9481,PENDLE,pendle,2023-09-30,2023-09,157861726.0
9481,PENDLE,pendle,2023-10-31,2023-10,191490592.0
9481,PENDLE,pendle,2023-11-30,2023-11,231954053.0
9481,PENDLE,pendle,2023-12-31,2023-12,234009336.0
9481,PENDLE,pendle,2024-01-31,2024-01,596013505.0
9481,PENDLE,pendle,2024-02-29,2024-02,1886175965.0
9481,PENDLE,pendle,2024-03-31,2024-03,3364805201.0
9481,PENDLE,pendle,2024-04-30,2024-04,4329225340.0
9481,PENDLE,pendle,2024-05-31,2024-05,6140319954.0
9481,PENDLE,pendle,2024-06-30,2024-06,3654689772.0
9481,PENDLE,pendle,2024-07-31,2024-07,3237365380.0
9481,PENDLE,pendle,2024-08-31,2024-08,2540040260.0
9481,PENDLE,pendle,2024-09-30,2024-09,1969412695.0
9481,PENDLE,pendle,2024-10-31,2024-10,2561848718.0
9481,PENDLE,pendle,2024-11-30,2024-11,4141218645.0
9481,PENDLE,pendle,2024-12-31,2024-12,4423123759.0
9481,PENDLE,pendle,2025-01-31,2025-01,5457738909.0
9481,PENDLE,pendle,2025-02-28,2025-02,4692563459.0
9481,PENDLE,pendle,2025-03-31,2025-03,3041609048.0
9481,PENDLE,pendle,2025-04-30,2025-04,2932157703.0
9481,PENDLE,pendle,2025-05-31,2025-05,4053452168.0
9481,PENDLE,pendle,2025-06-30,2025-06,4911522523.0
9481,PENDLE,pendle,2025-07-31,2025-07,6827448720.0
9481,PENDLE,pendle,2025-08-31,2025-08,10567721103.0
9481,PENDLE,pendle,2025-09-30,2025-09,6601956892.0
9481,PENDLE,pendle,2025-10-31,2025-10,6997324716.0
9481,PENDLE,pendle,2025-11-30,2025-11,3463142879.0
9481,PENDLE,pendle,2025-12-31,2025-12,3733733489.0
9481,PENDLE,pendle,2026-01-31,2026-01,3096886826.0
9481,PENDLE,pendle,2026-02-28,2026-02,2260382218.0
9481,PENDLE,pendle,2026-03-31,2026-03,2070918575.0
9481,PENDLE,pendle,2026-04-30,2026-04,1478857918.0
9481,PENDLE,pendle,2026-05-31,2026-05,1449285890.0
9543,BICO,hyphen,2022-03-31,2022-03,17560827.0
9543,BICO,hyphen,2022-04-30,2022-04,13898128.0
9543,BICO,hyphen,2022-05-31,2022-05,9791140.0
9543,BICO,hyphen,2022-06-30,2022-06,6669376.0
9543,BICO,hyphen,2022-07-31,2022-07,9265040.0
9543,BICO,hyphen,2022-08-31,2022-08,7094764.0
9543,BICO,hyphen,2022-09-30,2022-09,5171229.0
9543,BICO,hyphen,2022-10-31,2022-10,4494188.0
9543,BICO,hyphen,2022-11-30,2022-11,3150426.0
9543,BICO,hyphen,2022-12-31,2022-12,3324146.0
9543,BICO,hyphen,2023-01-31,2023-01,2770091.0
9543,BICO,hyphen,2023-02-28,2023-02,2879783.0
9543,BICO,hyphen,2023-03-31,2023-03,2833380.0
9543,BICO,hyphen,2023-04-30,2023-04,2783063.0
9543,BICO,hyphen,2023-05-31,2023-05,2856280.0
9543,BICO,hyphen,2023-06-30,2023-06,3080656.0
9543,BICO,hyphen,2023-07-31,2023-07,2935442.0
9543,BICO,hyphen,2023-08-31,2023-08,2241697.0
9543,BICO,hyphen,2023-09-30,2023-09,1950789.0
9543,BICO,hyphen,2023-10-31,2023-10,1750560.0
9543,BICO,hyphen,2023-11-30,2023-11,1154684.0
9543,BICO,hyphen,2023-12-31,2023-12,1022846.0
9543,BICO,hyphen,2024-01-31,2024-01,801160.0
9543,BICO,hyphen,2024-02-29,2024-02,1281646.0
9543,BICO,hyphen,2024-03-31,2024-03,1105732.0
9543,BICO,hyphen,2024-04-30,2024-04,840775.0
9543,BICO,hyphen,2024-05-31,2024-05,963756.0
9543,BICO,hyphen,2024-06-30,2024-06,878803.0
9543,BICO,hyphen,2024-07-31,2024-07,366844.0
9543,BICO,hyphen,2024-08-31,2024-08,319476.0
9543,BICO,hyphen,2024-09-30,2024-09,434947.0
9543,BICO,hyphen,2024-10-31,2024-10,383823.0
9543,BICO,hyphen,2024-11-30,2024-11,213562.0
9543,BICO,hyphen,2024-12-31,2024-12,177165.0
9543,BICO,hyphen,2025-01-31,2025-01,165814.0
9543,BICO,hyphen,2025-02-28,2025-02,119967.0
9543,BICO,hyphen,2025-03-31,2025-03,99511.0
9543,BICO,hyphen,2025-04-30,2025-04,98536.0
9543,BICO,hyphen,2025-05-31,2025-05,127553.0
9543,BICO,hyphen,2025-06-30,2025-06,30125547.0
9543,BICO,hyphen,2025-07-31,2025-07,183555.0
9543,BICO,hyphen,2025-08-31,2025-08,204693.0
9543,BICO,hyphen,2025-09-30,2025-09,196031.0
9543,BICO,hyphen,2025-10-31,2025-10,179634.0
9543,BICO,hyphen,2025-11-30,2025-11,145931.0
9543,BICO,hyphen,2025-12-31,2025-12,144336.0
9543,BICO,hyphen,2026-01-31,2026-01,133601.0
9543,BICO,hyphen,2026-02-28,2026-02,100361.0
9640,METIS,chain:Metis,2021-12-31,2021-12,106920308.0
9640,METIS,chain:Metis,2022-01-31,2022-01,279761286.0
9640,METIS,chain:Metis,2022-02-28,2022-02,226245237.0
9640,METIS,chain:Metis,2022-03-31,2022-03,302278537.0
9640,METIS,chain:Metis,2022-04-30,2022-04,119130189.0
9640,METIS,chain:Metis,2022-05-31,2022-05,47981677.0
9640,METIS,chain:Metis,2022-06-30,2022-06,28853555.0
9640,METIS,chain:Metis,2022-07-31,2022-07,37769234.0
9640,METIS,chain:Metis,2022-08-31,2022-08,52270356.0
9640,METIS,chain:Metis,2022-09-30,2022-09,47955045.0
9640,METIS,chain:Metis,2022-10-31,2022-10,53824916.0
9640,METIS,chain:Metis,2022-11-30,2022-11,33418646.0
9640,METIS,chain:Metis,2022-12-31,2022-12,35517517.0
9640,METIS,chain:Metis,2023-01-31,2023-01,47212109.0
9640,METIS,chain:Metis,2023-02-28,2023-02,53021856.0
9640,METIS,chain:Metis,2023-03-31,2023-03,42343420.0
9640,METIS,chain:Metis,2023-04-30,2023-04,44340414.0
9640,METIS,chain:Metis,2023-05-31,2023-05,42617794.0
9640,METIS,chain:Metis,2023-06-30,2023-06,42021679.0
9640,METIS,chain:Metis,2023-07-31,2023-07,35000493.0
9640,METIS,chain:Metis,2023-08-31,2023-08,26386398.0
9640,METIS,chain:Metis,2023-09-30,2023-09,25240522.0
9640,METIS,chain:Metis,2023-10-31,2023-10,24412975.0
9640,METIS,chain:Metis,2023-11-30,2023-11,26311442.0
9640,METIS,chain:Metis,2023-12-31,2023-12,66026633.0
9640,METIS,chain:Metis,2024-01-31,2024-01,67019265.0
9640,METIS,chain:Metis,2024-02-29,2024-02,83324996.0
9640,METIS,chain:Metis,2024-03-31,2024-03,78790760.0
9640,METIS,chain:Metis,2024-04-30,2024-04,63623583.0
9640,METIS,chain:Metis,2024-05-31,2024-05,72495476.0
9640,METIS,chain:Metis,2024-06-30,2024-06,51002794.0
9640,METIS,chain:Metis,2024-07-31,2024-07,56357399.0
9640,METIS,chain:Metis,2024-08-31,2024-08,42573328.0
9640,METIS,chain:Metis,2024-09-30,2024-09,46702479.0
9640,METIS,chain:Metis,2024-10-31,2024-10,51106319.0
9640,METIS,chain:Metis,2024-11-30,2024-11,54616756.0
9640,METIS,chain:Metis,2024-12-31,2024-12,45498051.0
9640,METIS,chain:Metis,2025-01-31,2025-01,40817536.0
9640,METIS,chain:Metis,2025-02-28,2025-02,30812172.0
9640,METIS,chain:Metis,2025-03-31,2025-03,22802408.0
9640,METIS,chain:Metis,2025-04-30,2025-04,23049260.0
9640,METIS,chain:Metis,2025-05-31,2025-05,26641881.0
9640,METIS,chain:Metis,2025-06-30,2025-06,25985158.0
9640,METIS,chain:Metis,2025-07-31,2025-07,31526884.0
9640,METIS,chain:Metis,2025-08-31,2025-08,33811012.0
9640,METIS,chain:Metis,2025-09-30,2025-09,30965327.0
9640,METIS,chain:Metis,2025-10-31,2025-10,25648153.0
9640,METIS,chain:Metis,2025-11-30,2025-11,22205998.0
9640,METIS,chain:Metis,2025-12-31,2025-12,18111880.0
9640,METIS,chain:Metis,2026-01-31,2026-01,13301425.0
9640,METIS,chain:Metis,2026-02-28,2026-02,9916578.0
9640,METIS,chain:Metis,2026-03-31,2026-03,6428150.0
9640,METIS,chain:Metis,2026-04-30,2026-04,5665287.0
9640,METIS,chain:Metis,2026-05-31,2026-05,3158641.0
9903,CVX,convex-finance,2021-05-31,2021-05,966119987.0
9903,CVX,convex-finance,2021-06-30,2021-06,4085109670.0
9903,CVX,convex-finance,2021-07-31,2021-07,4546063816.0
9903,CVX,convex-finance,2021-08-31,2021-08,7238264498.0
9903,CVX,convex-finance,2021-09-30,2021-09,7934980624.0
9903,CVX,convex-finance,2021-10-31,2021-10,13875973838.0
9903,CVX,convex-finance,2021-11-30,2021-11,15986853588.0
9903,CVX,convex-finance,2021-12-31,2021-12,19189306450.0
9903,CVX,convex-finance,2022-01-31,2022-01,12028176673.0
9903,CVX,convex-finance,2022-02-28,2022-02,12109355980.0
9903,CVX,convex-finance,2022-03-31,2022-03,12993289663.0
9903,CVX,convex-finance,2022-04-30,2022-04,11982338122.0
9903,CVX,convex-finance,2022-05-31,2022-05,5360920985.0
9903,CVX,convex-finance,2022-06-30,2022-06,2987209886.0
9903,CVX,convex-finance,2022-07-31,2022-07,4646138349.0
9903,CVX,convex-finance,2022-08-31,2022-08,5134986404.0
9903,CVX,convex-finance,2022-09-30,2022-09,4806985028.0
9903,CVX,convex-finance,2022-10-31,2022-10,4703554705.0
9903,CVX,convex-finance,2022-11-30,2022-11,3039859157.0
9903,CVX,convex-finance,2022-12-31,2022-12,3000733187.0
9903,CVX,convex-finance,2023-01-31,2023-01,3975256458.0
9903,CVX,convex-finance,2023-02-28,2023-02,4113533768.0
9903,CVX,convex-finance,2023-03-31,2023-03,3717834247.0
9903,CVX,convex-finance,2023-04-30,2023-04,2647380615.0
9903,CVX,convex-finance,2023-05-31,2023-05,3306541412.0
9903,CVX,convex-finance,2023-06-30,2023-06,3003209994.0
9903,CVX,convex-finance,2023-07-31,2023-07,1497459332.0
9903,CVX,convex-finance,2023-08-31,2023-08,2029533409.0
9903,CVX,convex-finance,2023-09-30,2023-09,1889851535.0
9903,CVX,convex-finance,2023-10-31,2023-10,1642435884.0
9903,CVX,convex-finance,2023-11-30,2023-11,1839430028.0
9903,CVX,convex-finance,2023-12-31,2023-12,1857465430.0
9903,CVX,convex-finance,2024-01-31,2024-01,1662840105.0
9903,CVX,convex-finance,2024-02-29,2024-02,1897649643.0
9903,CVX,convex-finance,2024-03-31,2024-03,1707726767.0
9903,CVX,convex-finance,2024-04-30,2024-04,1549001908.0
9903,CVX,convex-finance,2024-05-31,2024-05,1551923652.0
9903,CVX,convex-finance,2024-06-30,2024-06,1228068010.0
9903,CVX,convex-finance,2024-07-31,2024-07,1125801110.0
9903,CVX,convex-finance,2024-08-31,2024-08,1001956303.0
9903,CVX,convex-finance,2024-09-30,2024-09,1027781404.0
9903,CVX,convex-finance,2024-10-31,2024-10,928263862.0
9903,CVX,convex-finance,2024-11-30,2024-11,1102878572.0
9903,CVX,convex-finance,2024-12-31,2024-12,1235109314.0
9903,CVX,convex-finance,2025-01-31,2025-01,1307374468.0
9903,CVX,convex-finance,2025-02-28,2025-02,843584104.0
9903,CVX,convex-finance,2025-03-31,2025-03,824485385.0
9903,CVX,convex-finance,2025-04-30,2025-04,996334326.0
9903,CVX,convex-finance,2025-05-31,2025-05,1141717464.0
9903,CVX,convex-finance,2025-06-30,2025-06,1044240086.0
9903,CVX,convex-finance,2025-07-31,2025-07,1446343489.0
9903,CVX,convex-finance,2025-08-31,2025-08,1362002495.0
9903,CVX,convex-finance,2025-09-30,2025-09,1119565051.0
9903,CVX,convex-finance,2025-10-31,2025-10,974762310.0
9903,CVX,convex-finance,2025-11-30,2025-11,946367966.0
9903,CVX,convex-finance,2025-12-31,2025-12,919958122.0
9903,CVX,convex-finance,2026-01-31,2026-01,849156383.0
9903,CVX,convex-finance,2026-02-28,2026-02,697175913.0
9903,CVX,convex-finance,2026-03-31,2026-03,643305146.0
9903,CVX,convex-finance,2026-04-30,2026-04,602436380.0
9903,CVX,convex-finance,2026-05-31,2026-05,554830464.0
10407,BabyDoge,babydogeswap,2022-10-31,2022-10,27953840.0
10407,BabyDoge,babydogeswap,2022-11-30,2022-11,28224545.0
10407,BabyDoge,babydogeswap,2022-12-31,2022-12,27846859.0
10407,BabyDoge,babydogeswap,2023-01-31,2023-01,39582431.0
10407,BabyDoge,babydogeswap,2023-02-28,2023-02,49927366.0
10407,BabyDoge,babydogeswap,2023-03-31,2023-03,47589195.0
10407,BabyDoge,babydogeswap,2023-04-30,2023-04,47042542.0
10407,BabyDoge,babydogeswap,2023-05-31,2023-05,40837733.0
10407,BabyDoge,babydogeswap,2023-06-30,2023-06,28341679.0
10407,BabyDoge,babydogeswap,2023-07-31,2023-07,21193012.0
10407,BabyDoge,babydogeswap,2023-08-31,2023-08,14600413.0
10407,BabyDoge,babydogeswap,2023-09-30,2023-09,10649961.0
10407,BabyDoge,babydogeswap,2023-10-31,2023-10,2758465.0
10407,BabyDoge,babydogeswap,2023-11-30,2023-11,2707570.0
10407,BabyDoge,babydogeswap,2023-12-31,2023-12,3304281.0
10407,BabyDoge,babydogeswap,2024-01-31,2024-01,3014289.0
10407,BabyDoge,babydogeswap,2024-02-29,2024-02,3473741.0
10407,BabyDoge,babydogeswap,2024-03-31,2024-03,4784827.0
10407,BabyDoge,babydogeswap,2024-04-30,2024-04,4297137.0
10407,BabyDoge,babydogeswap,2024-05-31,2024-05,4057019.0
10407,BabyDoge,babydogeswap,2024-06-30,2024-06,2095573.0
10407,BabyDoge,babydogeswap,2024-07-31,2024-07,2069129.0
10407,BabyDoge,babydogeswap,2024-08-31,2024-08,1904119.0
10407,BabyDoge,babydogeswap,2024-09-30,2024-09,2148460.0
10407,BabyDoge,babydogeswap,2024-10-31,2024-10,2130261.0
10407,BabyDoge,babydogeswap,2024-11-30,2024-11,2249568.0
10407,BabyDoge,babydogeswap,2024-12-31,2024-12,2418185.0
10407,BabyDoge,babydogeswap,2025-01-31,2025-01,2295531.0
10407,BabyDoge,babydogeswap,2025-02-28,2025-02,2213111.0
10407,BabyDoge,babydogeswap,2025-03-31,2025-03,2111766.0
10407,BabyDoge,babydogeswap,2025-04-30,2025-04,2113636.0
10407,BabyDoge,babydogeswap,2025-05-31,2025-05,2219679.0
10407,BabyDoge,babydogeswap,2025-06-30,2025-06,2188699.0
10407,BabyDoge,babydogeswap,2025-07-31,2025-07,2374713.0
10407,BabyDoge,babydogeswap,2025-08-31,2025-08,2501364.0
10407,BabyDoge,babydogeswap,2025-09-30,2025-09,2700724.0
10407,BabyDoge,babydogeswap,2025-10-31,2025-10,2689000.0
10407,BabyDoge,babydogeswap,2025-11-30,2025-11,2392748.0
10407,BabyDoge,babydogeswap,2025-12-31,2025-12,2355438.0
10407,BabyDoge,babydogeswap,2026-01-31,2026-01,2316403.0
10407,BabyDoge,babydogeswap,2026-02-28,2026-02,1965363.0
10407,BabyDoge,babydogeswap,2026-03-31,2026-03,1959183.0
10407,BabyDoge,babydogeswap,2026-04-30,2026-04,1988805.0
10407,BabyDoge,babydogeswap,2026-05-31,2026-05,2118408.0
10508,FLUID,fluid,2024-02-29,2024-02,41349599.0
10508,FLUID,fluid,2024-03-31,2024-03,84203187.0
10508,FLUID,fluid,2024-04-30,2024-04,238492264.0
10508,FLUID,fluid,2024-05-31,2024-05,405115643.0
10508,FLUID,fluid,2024-06-30,2024-06,484868990.0
10508,FLUID,fluid,2024-07-31,2024-07,520921444.0
10508,FLUID,fluid,2024-08-31,2024-08,474397872.0
10508,FLUID,fluid,2024-09-30,2024-09,520844775.0
10508,FLUID,fluid,2024-10-31,2024-10,526150496.0
10508,FLUID,fluid,2024-11-30,2024-11,726116404.0
10508,FLUID,fluid,2024-12-31,2024-12,882721027.0
10508,FLUID,fluid,2025-01-31,2025-01,998066040.0
10508,FLUID,fluid,2025-02-28,2025-02,932407385.0
10508,FLUID,fluid,2025-03-31,2025-03,833348825.0
10508,FLUID,fluid,2025-04-30,2025-04,942315258.0
10508,FLUID,fluid,2025-05-31,2025-05,1157921904.0
10508,FLUID,fluid,2025-06-30,2025-06,1209099329.0
10508,FLUID,fluid,2025-07-31,2025-07,1490374609.0
10508,FLUID,fluid,2025-08-31,2025-08,1611087469.0
10508,FLUID,fluid,2025-09-30,2025-09,2154510238.0
10508,FLUID,fluid,2025-10-31,2025-10,2410139975.0
10508,FLUID,fluid,2025-11-30,2025-11,1754543404.0
10508,FLUID,fluid,2025-12-31,2025-12,1769382551.0
10508,FLUID,fluid,2026-01-31,2026-01,1815265426.0
10508,FLUID,fluid,2026-02-28,2026-02,1174351129.0
10508,FLUID,fluid,2026-03-31,2026-03,905197907.0
10508,FLUID,fluid,2026-04-30,2026-04,920154510.0
10508,FLUID,fluid,2026-05-31,2026-05,882634508.0
10529,SUN,sun.io,2021-07-31,2021-07,535101294.0
10529,SUN,sun.io,2021-08-31,2021-08,573615920.0
10529,SUN,sun.io,2021-09-30,2021-09,552587324.0
10529,SUN,sun.io,2021-10-31,2021-10,549693807.0
10529,SUN,sun.io,2021-11-30,2021-11,611338627.0
10529,SUN,sun.io,2021-12-31,2021-12,611467648.0
10529,SUN,sun.io,2022-01-31,2022-01,248365221.0
10529,SUN,sun.io,2022-02-28,2022-02,249370422.0
10529,SUN,sun.io,2022-03-31,2022-03,247659279.0
10529,SUN,sun.io,2022-04-30,2022-04,247222073.0
10529,SUN,sun.io,2022-05-31,2022-05,658176874.0
10529,SUN,sun.io,2022-06-30,2022-06,480717222.0
10529,SUN,sun.io,2022-07-31,2022-07,470474338.0
10529,SUN,sun.io,2022-08-31,2022-08,451840066.0
10529,SUN,sun.io,2022-09-30,2022-09,452678210.0
10529,SUN,sun.io,2022-10-31,2022-10,259494304.0
10529,SUN,sun.io,2022-11-30,2022-11,184057739.0
10529,SUN,sun.io,2022-12-31,2022-12,174388998.0
10529,SUN,sun.io,2023-01-31,2023-01,71675995.0
10529,SUN,sun.io,2023-02-28,2023-02,64584281.0
10529,SUN,sun.io,2023-03-31,2023-03,60275306.0
10529,SUN,sun.io,2023-04-30,2023-04,92840390.0
10529,SUN,sun.io,2023-05-31,2023-05,95965769.0
10529,SUN,sun.io,2023-06-30,2023-06,87393200.0
10529,SUN,sun.io,2023-07-31,2023-07,51885508.0
10529,SUN,sun.io,2023-08-31,2023-08,49480514.0
10529,SUN,sun.io,2023-09-30,2023-09,50310286.0
10529,SUN,sun.io,2023-10-31,2023-10,42041537.0
10529,SUN,sun.io,2023-11-30,2023-11,21238422.0
10529,SUN,sun.io,2023-12-31,2023-12,20920178.0
10529,SUN,sun.io,2024-01-31,2024-01,20851581.0
10529,SUN,sun.io,2024-02-29,2024-02,21145105.0
10529,SUN,sun.io,2024-03-31,2024-03,19862906.0
10529,SUN,sun.io,2024-04-30,2024-04,18077184.0
10529,SUN,sun.io,2024-05-31,2024-05,18172215.0
10529,SUN,sun.io,2024-06-30,2024-06,17776435.0
10529,SUN,sun.io,2024-07-31,2024-07,16681152.0
10529,SUN,sun.io,2024-08-31,2024-08,17378478.0
10529,SUN,sun.io,2024-09-30,2024-09,3432955.0
10529,SUN,sun.io,2024-10-31,2024-10,3410363.0
10529,SUN,sun.io,2024-11-30,2024-11,3389962.0
10529,SUN,sun.io,2024-12-31,2024-12,3375340.0
10529,SUN,sun.io,2025-01-31,2025-01,3374738.0
10529,SUN,sun.io,2025-02-28,2025-02,3347884.0
10529,SUN,sun.io,2025-03-31,2025-03,3304708.0
10529,SUN,sun.io,2025-04-30,2025-04,3307390.0
10529,SUN,sun.io,2025-05-31,2025-05,3294454.0
10529,SUN,sun.io,2025-06-30,2025-06,3303281.0
10529,SUN,sun.io,2025-07-31,2025-07,2768640.0
10529,SUN,sun.io,2025-08-31,2025-08,2771535.0
10529,SUN,sun.io,2025-09-30,2025-09,2620422.0
10529,SUN,sun.io,2025-10-31,2025-10,2617751.0
10529,SUN,sun.io,2025-11-30,2025-11,857719.0
10529,SUN,sun.io,2025-12-31,2025-12,863648.0
10529,SUN,sun.io,2026-01-31,2026-01,831967.0
10529,SUN,sun.io,2026-02-28,2026-02,832111.0
10529,SUN,sun.io,2026-03-31,2026-03,829158.0
10529,SUN,sun.io,2026-04-30,2026-04,832902.0
10529,SUN,sun.io,2026-05-31,2026-05,840092.0
10804,FLOKI,flokifi-locker,2023-02-28,2023-02,3430594.0
10804,FLOKI,flokifi-locker,2023-03-31,2023-03,3271950.0
10804,FLOKI,flokifi-locker,2023-04-30,2023-04,3522274.0
10804,FLOKI,flokifi-locker,2023-05-31,2023-05,4262063.0
10804,FLOKI,flokifi-locker,2023-06-30,2023-06,3565619.0
10804,FLOKI,flokifi-locker,2023-07-31,2023-07,3253453.0
10804,FLOKI,flokifi-locker,2023-08-31,2023-08,2846169.0
10804,FLOKI,flokifi-locker,2023-09-30,2023-09,2770438.0
10804,FLOKI,flokifi-locker,2023-10-31,2023-10,6310663.0
10804,FLOKI,flokifi-locker,2023-11-30,2023-11,9398635.0
10804,FLOKI,flokifi-locker,2023-12-31,2023-12,12070436.0
10804,FLOKI,flokifi-locker,2024-01-31,2024-01,11185588.0
10804,FLOKI,flokifi-locker,2024-02-29,2024-02,15856189.0
10804,FLOKI,flokifi-locker,2024-03-31,2024-03,32158552.0
10804,FLOKI,flokifi-locker,2024-04-30,2024-04,25280270.0
10804,FLOKI,flokifi-locker,2024-05-31,2024-05,31030831.0
10804,FLOKI,flokifi-locker,2024-06-30,2024-06,25395026.0
10804,FLOKI,flokifi-locker,2024-07-31,2024-07,23764131.0
10804,FLOKI,flokifi-locker,2024-08-31,2024-08,30911786.0
10804,FLOKI,flokifi-locker,2024-09-30,2024-09,38613687.0
10804,FLOKI,flokifi-locker,2024-10-31,2024-10,36703135.0
10804,FLOKI,flokifi-locker,2024-11-30,2024-11,49134264.0
10804,FLOKI,flokifi-locker,2024-12-31,2024-12,50464538.0
10804,FLOKI,flokifi-locker,2025-01-31,2025-01,37336380.0
10804,FLOKI,flokifi-locker,2025-02-28,2025-02,26832427.0
10804,FLOKI,flokifi-locker,2025-03-31,2025-03,20727144.0
10804,FLOKI,flokifi-locker,2025-04-30,2025-04,21350568.0
10804,FLOKI,flokifi-locker,2025-05-31,2025-05,21768680.0
10804,FLOKI,flokifi-locker,2025-06-30,2025-06,23519639.0
10804,FLOKI,flokifi-locker,2025-07-31,2025-07,28985224.0
10804,FLOKI,flokifi-locker,2025-08-31,2025-08,27796261.0
10804,FLOKI,flokifi-locker,2025-09-30,2025-09,27865877.0
10804,FLOKI,flokifi-locker,2025-11-30,2025-11,18280848.0
10804,FLOKI,flokifi-locker,2025-12-31,2025-12,16082222.0
10804,FLOKI,flokifi-locker,2026-01-31,2026-01,14580290.0
10804,FLOKI,flokifi-locker,2026-02-28,2026-02,10936725.0
10804,FLOKI,flokifi-locker,2026-03-31,2026-03,10458453.0
10804,FLOKI,flokifi-locker,2026-04-30,2026-04,11231858.0
10804,FLOKI,flokifi-locker,2026-05-31,2026-05,11881527.0
10903,C98,coin98,2025-04-30,2025-04,0.0
10903,C98,coin98,2025-05-31,2025-05,0.0
10903,C98,coin98,2025-06-30,2025-06,0.0
10903,C98,coin98,2025-07-31,2025-07,0.0
10903,C98,coin98,2025-08-31,2025-08,0.0
10903,C98,coin98,2025-09-30,2025-09,0.0
10903,C98,coin98,2025-10-31,2025-10,0.0
10903,C98,coin98,2025-11-30,2025-11,0.0
10903,C98,coin98,2025-12-31,2025-12,0.0
10903,C98,coin98,2026-01-31,2026-01,0.0
10903,C98,coin98,2026-02-28,2026-02,0.0
10903,C98,coin98,2026-03-31,2026-03,0.0
10903,C98,coin98,2026-04-30,2026-04,0.0
10903,C98,coin98,2026-05-31,2026-05,0.0
11079,BRISE,bitgert,2022-07-31,2022-07,0.0
11079,BRISE,bitgert,2022-08-31,2022-08,0.0
11079,BRISE,bitgert,2022-09-30,2022-09,0.0
11079,BRISE,bitgert,2022-10-31,2022-10,0.0
11079,BRISE,bitgert,2022-11-30,2022-11,0.0
11079,BRISE,bitgert,2022-12-31,2022-12,0.0
11079,BRISE,bitgert,2023-01-31,2023-01,0.0
11079,BRISE,bitgert,2023-02-28,2023-02,0.0
11079,BRISE,bitgert,2023-03-31,2023-03,0.0
11079,BRISE,bitgert,2023-04-30,2023-04,0.0
11079,BRISE,bitgert,2023-05-31,2023-05,0.0
11079,BRISE,bitgert,2023-06-30,2023-06,0.0
11079,BRISE,bitgert,2023-07-31,2023-07,0.0
11079,BRISE,bitgert,2023-08-31,2023-08,0.0
11079,BRISE,bitgert,2023-09-30,2023-09,0.0
11079,BRISE,bitgert,2023-10-31,2023-10,0.0
11079,BRISE,bitgert,2023-11-30,2023-11,0.0
11079,BRISE,bitgert,2023-12-31,2023-12,0.0
11079,BRISE,bitgert,2024-01-31,2024-01,0.0
11079,BRISE,bitgert,2024-02-29,2024-02,0.0
11079,BRISE,bitgert,2024-03-31,2024-03,0.0
11079,BRISE,bitgert,2024-04-30,2024-04,0.0
11079,BRISE,bitgert,2024-05-31,2024-05,0.0
11079,BRISE,bitgert,2024-06-30,2024-06,0.0
11079,BRISE,bitgert,2024-07-31,2024-07,0.0
11079,BRISE,bitgert,2024-08-31,2024-08,0.0
11079,BRISE,bitgert,2024-09-30,2024-09,0.0
11079,BRISE,bitgert,2024-10-31,2024-10,0.0
11079,BRISE,bitgert,2024-11-30,2024-11,0.0
11079,BRISE,bitgert,2024-12-31,2024-12,0.0
11079,BRISE,bitgert,2025-01-31,2025-01,0.0
11079,BRISE,bitgert,2025-02-28,2025-02,0.0
11079,BRISE,bitgert,2025-03-31,2025-03,0.0
11079,BRISE,bitgert,2025-04-30,2025-04,0.0
11079,BRISE,bitgert,2025-05-31,2025-05,0.0
11079,BRISE,bitgert,2025-06-30,2025-06,0.0
11079,BRISE,bitgert,2025-07-31,2025-07,0.0
11079,BRISE,bitgert,2025-08-31,2025-08,0.0
11079,BRISE,bitgert,2025-09-30,2025-09,0.0
11079,BRISE,bitgert,2025-10-31,2025-10,0.0
11079,BRISE,bitgert,2025-11-30,2025-11,0.0
11079,BRISE,bitgert,2025-12-31,2025-12,0.0
11079,BRISE,bitgert,2026-01-31,2026-01,0.0
11079,BRISE,bitgert,2026-02-28,2026-02,0.0
11079,BRISE,bitgert,2026-03-31,2026-03,0.0
11079,BRISE,bitgert,2026-04-30,2026-04,0.0
11079,BRISE,bitgert,2026-05-31,2026-05,0.0
11156,ETHDYDX,dydx-v3,2020-11-30,2020-11,44464772.0
11156,ETHDYDX,dydx-v3,2020-12-31,2020-12,61203969.0
11156,ETHDYDX,dydx-v3,2021-01-31,2021-01,148945181.0
11156,ETHDYDX,dydx-v3,2021-02-28,2021-02,228587209.0
11156,ETHDYDX,dydx-v3,2021-03-31,2021-03,278427912.0
11156,ETHDYDX,dydx-v3,2021-04-30,2021-04,227396289.0
11156,ETHDYDX,dydx-v3,2021-05-31,2021-05,154333780.0
11156,ETHDYDX,dydx-v3,2021-06-30,2021-06,180396878.0
11156,ETHDYDX,dydx-v3,2021-07-31,2021-07,181846648.0
11156,ETHDYDX,dydx-v3,2021-08-31,2021-08,420535981.0
11156,ETHDYDX,dydx-v3,2021-09-30,2021-09,693916346.0
11156,ETHDYDX,dydx-v3,2021-10-31,2021-10,1099056664.0
11156,ETHDYDX,dydx-v3,2021-11-30,2021-11,972005726.0
11156,ETHDYDX,dydx-v3,2021-12-31,2021-12,1006893677.0
11156,ETHDYDX,dydx-v3,2022-01-31,2022-01,970480594.0
11156,ETHDYDX,dydx-v3,2022-02-28,2022-02,994105442.0
11156,ETHDYDX,dydx-v3,2022-03-31,2022-03,1006681824.0
11156,ETHDYDX,dydx-v3,2022-04-30,2022-04,1011092975.0
11156,ETHDYDX,dydx-v3,2022-05-31,2022-05,970047874.0
11156,ETHDYDX,dydx-v3,2022-06-30,2022-06,634445620.0
11156,ETHDYDX,dydx-v3,2022-07-31,2022-07,572907307.0
11156,ETHDYDX,dydx-v3,2022-08-31,2022-08,503113065.0
11156,ETHDYDX,dydx-v3,2022-09-30,2022-09,394326933.0
11156,ETHDYDX,dydx-v3,2022-10-31,2022-10,383877487.0
11156,ETHDYDX,dydx-v3,2022-11-30,2022-11,415670609.0
11156,ETHDYDX,dydx-v3,2022-12-31,2022-12,395244901.0
11156,ETHDYDX,dydx-v3,2023-01-31,2023-01,399094927.0
11156,ETHDYDX,dydx-v3,2023-02-28,2023-02,382810772.0
11156,ETHDYDX,dydx-v3,2023-03-31,2023-03,340583026.0
11156,ETHDYDX,dydx-v3,2023-04-30,2023-04,342411590.0
11156,ETHDYDX,dydx-v3,2023-05-31,2023-05,353539825.0
11156,ETHDYDX,dydx-v3,2023-06-30,2023-06,353051592.0
11156,ETHDYDX,dydx-v3,2023-07-31,2023-07,345367650.0
11156,ETHDYDX,dydx-v3,2023-08-31,2023-08,343533072.0
11156,ETHDYDX,dydx-v3,2023-09-30,2023-09,344461431.0
11156,ETHDYDX,dydx-v3,2023-10-31,2023-10,364338139.0
11156,ETHDYDX,dydx-v3,2023-11-30,2023-11,343141011.0
11156,ETHDYDX,dydx-v3,2023-12-31,2023-12,347570817.0
11156,ETHDYDX,dydx-v3,2024-01-31,2024-01,289867496.0
11156,ETHDYDX,dydx-v3,2024-02-29,2024-02,337798363.0
11156,ETHDYDX,dydx-v3,2024-03-31,2024-03,392896419.0
11156,ETHDYDX,dydx-v3,2024-04-30,2024-04,323132280.0
11156,ETHDYDX,dydx-v3,2024-05-31,2024-05,340302691.0
11156,ETHDYDX,dydx-v3,2024-06-30,2024-06,306986463.0
11156,ETHDYDX,dydx-v3,2024-07-31,2024-07,264810731.0
11156,ETHDYDX,dydx-v3,2024-08-31,2024-08,224628002.0
11156,ETHDYDX,dydx-v3,2024-09-30,2024-09,177914737.0
11156,ETHDYDX,dydx-v3,2024-10-31,2024-10,72725671.0
11156,ETHDYDX,dydx-v3,2024-11-30,2024-11,44483804.0
11156,ETHDYDX,dydx-v3,2024-12-31,2024-12,42974881.0
11156,ETHDYDX,dydx-v3,2025-01-31,2025-01,42163145.0
11156,ETHDYDX,dydx-v3,2025-02-28,2025-02,40407094.0
11156,ETHDYDX,dydx-v3,2025-03-31,2025-03,39351798.0
11156,ETHDYDX,dydx-v3,2025-04-30,2025-04,39264115.0
11156,ETHDYDX,dydx-v3,2025-05-31,2025-05,40459743.0
11156,ETHDYDX,dydx-v3,2025-06-30,2025-06,40553703.0
11156,ETHDYDX,dydx-v3,2025-07-31,2025-07,42669596.0
11156,ETHDYDX,dydx-v3,2025-08-31,2025-08,43470903.0
11156,ETHDYDX,dydx-v3,2025-09-30,2025-09,43100872.0
11156,ETHDYDX,dydx-v3,2025-10-31,2025-10,42393541.0
11156,ETHDYDX,dydx-v3,2025-11-30,2025-11,40795778.0
11156,ETHDYDX,dydx-v3,2025-12-31,2025-12,41106722.0
11156,ETHDYDX,dydx-v3,2026-01-31,2026-01,40640723.0
11156,ETHDYDX,dydx-v3,2026-02-28,2026-02,39198315.0
11156,ETHDYDX,dydx-v3,2026-03-31,2026-03,39358916.0
11156,ETHDYDX,dydx-v3,2026-04-30,2026-04,39708744.0
11156,ETHDYDX,dydx-v3,2026-05-31,2026-05,39163264.0
11289,SPELL,abracadabra-spell,2021-06-30,2021-06,78560972.0
11289,SPELL,abracadabra-spell,2021-07-31,2021-07,113855429.0
11289,SPELL,abracadabra-spell,2021-08-31,2021-08,243149079.0
11289,SPELL,abracadabra-spell,2021-09-30,2021-09,1054091591.0
11289,SPELL,abracadabra-spell,2021-10-31,2021-10,4016402987.0
11289,SPELL,abracadabra-spell,2021-11-30,2021-11,4751414953.0
11289,SPELL,abracadabra-spell,2021-12-31,2021-12,6124597431.0
11289,SPELL,abracadabra-spell,2022-01-31,2022-01,3032416011.0
11289,SPELL,abracadabra-spell,2022-02-28,2022-02,2844415524.0
11289,SPELL,abracadabra-spell,2022-03-31,2022-03,2561600069.0
11289,SPELL,abracadabra-spell,2022-04-30,2022-04,1848218239.0
11289,SPELL,abracadabra-spell,2022-05-31,2022-05,658688226.0
11289,SPELL,abracadabra-spell,2022-06-30,2022-06,369195038.0
11289,SPELL,abracadabra-spell,2022-07-31,2022-07,430991186.0
11289,SPELL,abracadabra-spell,2022-08-31,2022-08,452598800.0
11289,SPELL,abracadabra-spell,2022-09-30,2022-09,375693571.0
11289,SPELL,abracadabra-spell,2022-10-31,2022-10,382149016.0
11289,SPELL,abracadabra-spell,2022-11-30,2022-11,155068832.0
11289,SPELL,abracadabra-spell,2022-12-31,2022-12,158934199.0
11289,SPELL,abracadabra-spell,2023-01-31,2023-01,216422734.0
11289,SPELL,abracadabra-spell,2023-02-28,2023-02,263559964.0
11289,SPELL,abracadabra-spell,2023-03-31,2023-03,237441385.0
11289,SPELL,abracadabra-spell,2023-04-30,2023-04,250767947.0
11289,SPELL,abracadabra-spell,2023-05-31,2023-05,242976883.0
11289,SPELL,abracadabra-spell,2023-06-30,2023-06,229462530.0
11289,SPELL,abracadabra-spell,2023-07-31,2023-07,200213706.0
11289,SPELL,abracadabra-spell,2023-08-31,2023-08,137435823.0
11289,SPELL,abracadabra-spell,2023-09-30,2023-09,115579086.0
11289,SPELL,abracadabra-spell,2023-10-31,2023-10,114847406.0
11289,SPELL,abracadabra-spell,2023-11-30,2023-11,133389369.0
11289,SPELL,abracadabra-spell,2023-12-31,2023-12,154905582.0
11289,SPELL,abracadabra-spell,2024-01-31,2024-01,129335902.0
11289,SPELL,abracadabra-spell,2024-02-29,2024-02,137931009.0
11289,SPELL,abracadabra-spell,2024-03-31,2024-03,134660001.0
11289,SPELL,abracadabra-spell,2024-04-30,2024-04,118509271.0
11289,SPELL,abracadabra-spell,2024-05-31,2024-05,119065228.0
11289,SPELL,abracadabra-spell,2024-06-30,2024-06,71492401.0
11289,SPELL,abracadabra-spell,2024-07-31,2024-07,51841930.0
11289,SPELL,abracadabra-spell,2024-08-31,2024-08,41009403.0
11289,SPELL,abracadabra-spell,2024-09-30,2024-09,44320008.0
11289,SPELL,abracadabra-spell,2024-10-31,2024-10,38615706.0
11289,SPELL,abracadabra-spell,2024-11-30,2024-11,51392361.0
11289,SPELL,abracadabra-spell,2024-12-31,2024-12,64997982.0
11289,SPELL,abracadabra-spell,2025-01-31,2025-01,67385782.0
11289,SPELL,abracadabra-spell,2025-02-28,2025-02,59092377.0
11289,SPELL,abracadabra-spell,2025-03-31,2025-03,39535518.0
11289,SPELL,abracadabra-spell,2025-04-30,2025-04,29821315.0
11289,SPELL,abracadabra-spell,2025-05-31,2025-05,31787841.0
11289,SPELL,abracadabra-spell,2025-06-30,2025-06,31973071.0
11289,SPELL,abracadabra-spell,2025-07-31,2025-07,25522043.0
11289,SPELL,abracadabra-spell,2025-08-31,2025-08,25639655.0
11289,SPELL,abracadabra-spell,2025-09-30,2025-09,22747337.0
11289,SPELL,abracadabra-spell,2025-10-31,2025-10,19548493.0
11289,SPELL,abracadabra-spell,2025-11-30,2025-11,15393577.0
11289,SPELL,abracadabra-spell,2025-12-31,2025-12,14803901.0
11289,SPELL,abracadabra-spell,2026-01-31,2026-01,13943225.0
11289,SPELL,abracadabra-spell,2026-02-28,2026-02,10806067.0
11289,SPELL,abracadabra-spell,2026-03-31,2026-03,8933026.0
11289,SPELL,abracadabra-spell,2026-04-30,2026-04,7300242.0
11289,SPELL,abracadabra-spell,2026-05-31,2026-05,6790943.0
11840,OP,chain:OP Mainnet,2021-07-31,2021-07,70431242.0
11840,OP,chain:OP Mainnet,2021-08-31,2021-08,96977865.0
11840,OP,chain:OP Mainnet,2021-09-30,2021-09,101105148.0
11840,OP,chain:OP Mainnet,2021-10-31,2021-10,253685253.0
11840,OP,chain:OP Mainnet,2021-11-30,2021-11,362624371.0
11840,OP,chain:OP Mainnet,2021-12-31,2021-12,342776666.0
11840,OP,chain:OP Mainnet,2022-01-31,2022-01,292693054.0
11840,OP,chain:OP Mainnet,2022-02-28,2022-02,288044558.0
11840,OP,chain:OP Mainnet,2022-03-31,2022-03,435746277.0
11840,OP,chain:OP Mainnet,2022-04-30,2022-04,447961828.0
11840,OP,chain:OP Mainnet,2022-05-31,2022-05,275203556.0
11840,OP,chain:OP Mainnet,2022-06-30,2022-06,276948270.0
11840,OP,chain:OP Mainnet,2022-07-31,2022-07,533368430.0
11840,OP,chain:OP Mainnet,2022-08-31,2022-08,893568172.0
11840,OP,chain:OP Mainnet,2022-09-30,2022-09,903682655.0
11840,OP,chain:OP Mainnet,2022-10-31,2022-10,999078359.0
11840,OP,chain:OP Mainnet,2022-11-30,2022-11,524012265.0
11840,OP,chain:OP Mainnet,2022-12-31,2022-12,493296280.0
11840,OP,chain:OP Mainnet,2023-01-31,2023-01,680051638.0
11840,OP,chain:OP Mainnet,2023-02-28,2023-02,936053013.0
11840,OP,chain:OP Mainnet,2023-03-31,2023-03,899242003.0
11840,OP,chain:OP Mainnet,2023-04-30,2023-04,904858221.0
11840,OP,chain:OP Mainnet,2023-05-31,2023-05,870374867.0
11840,OP,chain:OP Mainnet,2023-06-30,2023-06,774721031.0
11840,OP,chain:OP Mainnet,2023-07-31,2023-07,871870622.0
11840,OP,chain:OP Mainnet,2023-08-31,2023-08,694415804.0
11840,OP,chain:OP Mainnet,2023-09-30,2023-09,635296270.0
11840,OP,chain:OP Mainnet,2023-10-31,2023-10,631057660.0
11840,OP,chain:OP Mainnet,2023-11-30,2023-11,745018855.0
11840,OP,chain:OP Mainnet,2023-12-31,2023-12,884072294.0
11840,OP,chain:OP Mainnet,2024-01-31,2024-01,764626005.0
11840,OP,chain:OP Mainnet,2024-02-29,2024-02,959735585.0
11840,OP,chain:OP Mainnet,2024-03-31,2024-03,1043020672.0
11840,OP,chain:OP Mainnet,2024-04-30,2024-04,880282795.0
11840,OP,chain:OP Mainnet,2024-05-31,2024-05,859170775.0
11840,OP,chain:OP Mainnet,2024-06-30,2024-06,674584257.0
11840,OP,chain:OP Mainnet,2024-07-31,2024-07,716884829.0
11840,OP,chain:OP Mainnet,2024-08-31,2024-08,613925728.0
11840,OP,chain:OP Mainnet,2024-09-30,2024-09,719102865.0
11840,OP,chain:OP Mainnet,2024-10-31,2024-10,671106631.0
11840,OP,chain:OP Mainnet,2024-11-30,2024-11,838017714.0
11840,OP,chain:OP Mainnet,2024-12-31,2024-12,782268389.0
11840,OP,chain:OP Mainnet,2025-01-31,2025-01,697717369.0
11840,OP,chain:OP Mainnet,2025-02-28,2025-02,543107611.0
11840,OP,chain:OP Mainnet,2025-03-31,2025-03,407496786.0
11840,OP,chain:OP Mainnet,2025-04-30,2025-04,381455145.0
11840,OP,chain:OP Mainnet,2025-05-31,2025-05,396272990.0
11840,OP,chain:OP Mainnet,2025-06-30,2025-06,376426365.0
11840,OP,chain:OP Mainnet,2025-07-31,2025-07,455079513.0
11840,OP,chain:OP Mainnet,2025-08-31,2025-08,449467887.0
11840,OP,chain:OP Mainnet,2025-09-30,2025-09,399510352.0
11840,OP,chain:OP Mainnet,2025-10-31,2025-10,335666226.0
11840,OP,chain:OP Mainnet,2025-11-30,2025-11,281590093.0
11840,OP,chain:OP Mainnet,2025-12-31,2025-12,288722276.0
11840,OP,chain:OP Mainnet,2026-01-31,2026-01,264765206.0
11840,OP,chain:OP Mainnet,2026-02-28,2026-02,200805332.0
11840,OP,chain:OP Mainnet,2026-03-31,2026-03,192047796.0
11840,OP,chain:OP Mainnet,2026-04-30,2026-04,353381073.0
11840,OP,chain:OP Mainnet,2026-05-31,2026-05,325551915.0
11841,ARB,chain:Arbitrum,2021-06-30,2021-06,0.0
11841,ARB,chain:Arbitrum,2021-08-31,2021-08,3119.0
11841,ARB,chain:Arbitrum,2021-09-30,2021-09,915418690.0
11841,ARB,chain:Arbitrum,2021-10-31,2021-10,2300267075.0
11841,ARB,chain:Arbitrum,2021-11-30,2021-11,1947386932.0
11841,ARB,chain:Arbitrum,2021-12-31,2021-12,1775161249.0
11841,ARB,chain:Arbitrum,2022-01-31,2022-01,1488837253.0
11841,ARB,chain:Arbitrum,2022-02-28,2022-02,1547917689.0
11841,ARB,chain:Arbitrum,2022-03-31,2022-03,1753403144.0
11841,ARB,chain:Arbitrum,2022-04-30,2022-04,1464033631.0
11841,ARB,chain:Arbitrum,2022-05-31,2022-05,1032741579.0
11841,ARB,chain:Arbitrum,2022-06-30,2022-06,676475033.0
11841,ARB,chain:Arbitrum,2022-07-31,2022-07,758916035.0
11841,ARB,chain:Arbitrum,2022-08-31,2022-08,897029556.0
11841,ARB,chain:Arbitrum,2022-09-30,2022-09,916110867.0
11841,ARB,chain:Arbitrum,2022-10-31,2022-10,1007224354.0
11841,ARB,chain:Arbitrum,2022-11-30,2022-11,970737404.0
11841,ARB,chain:Arbitrum,2022-12-31,2022-12,998662068.0
11841,ARB,chain:Arbitrum,2023-01-31,2023-01,1176315329.0
11841,ARB,chain:Arbitrum,2023-02-28,2023-02,1914393508.0
11841,ARB,chain:Arbitrum,2023-03-31,2023-03,2298455946.0
11841,ARB,chain:Arbitrum,2023-04-30,2023-04,2280960984.0
11841,ARB,chain:Arbitrum,2023-05-31,2023-05,2331066410.0
11841,ARB,chain:Arbitrum,2023-06-30,2023-06,2167779062.0
11841,ARB,chain:Arbitrum,2023-07-31,2023-07,2055324787.0
11841,ARB,chain:Arbitrum,2023-08-31,2023-08,1738396618.0
11841,ARB,chain:Arbitrum,2023-09-30,2023-09,1714859137.0
11841,ARB,chain:Arbitrum,2023-10-31,2023-10,1827312289.0
11841,ARB,chain:Arbitrum,2023-11-30,2023-11,2061407363.0
11841,ARB,chain:Arbitrum,2023-12-31,2023-12,2312986974.0
11841,ARB,chain:Arbitrum,2024-01-31,2024-01,2388963490.0
11841,ARB,chain:Arbitrum,2024-02-29,2024-02,2842700151.0
11841,ARB,chain:Arbitrum,2024-03-31,2024-03,2810075196.0
11841,ARB,chain:Arbitrum,2024-04-30,2024-04,2515882103.0
11841,ARB,chain:Arbitrum,2024-05-31,2024-05,2963284666.0
11841,ARB,chain:Arbitrum,2024-06-30,2024-06,2638546157.0
11841,ARB,chain:Arbitrum,2024-07-31,2024-07,3082800550.0
11841,ARB,chain:Arbitrum,2024-08-31,2024-08,2634102297.0
11841,ARB,chain:Arbitrum,2024-09-30,2024-09,2491625799.0
11841,ARB,chain:Arbitrum,2024-10-31,2024-10,2417356713.0
11841,ARB,chain:Arbitrum,2024-11-30,2024-11,3083981470.0
11841,ARB,chain:Arbitrum,2024-12-31,2024-12,2944518715.0
11841,ARB,chain:Arbitrum,2025-01-31,2025-01,2990467069.0
11841,ARB,chain:Arbitrum,2025-02-28,2025-02,2491004172.0
11841,ARB,chain:Arbitrum,2025-03-31,2025-03,2295539520.0
11841,ARB,chain:Arbitrum,2025-04-30,2025-04,2147688132.0
11841,ARB,chain:Arbitrum,2025-05-31,2025-05,2385518750.0
11841,ARB,chain:Arbitrum,2025-06-30,2025-06,2487911483.0
11841,ARB,chain:Arbitrum,2025-07-31,2025-07,2914072895.0
11841,ARB,chain:Arbitrum,2025-08-31,2025-08,3165475149.0
11841,ARB,chain:Arbitrum,2025-09-30,2025-09,3460199632.0
11841,ARB,chain:Arbitrum,2025-10-31,2025-10,3447769860.0
11841,ARB,chain:Arbitrum,2025-11-30,2025-11,2817658762.0
11841,ARB,chain:Arbitrum,2025-12-31,2025-12,2886484134.0
11841,ARB,chain:Arbitrum,2026-01-31,2026-01,2715615969.0
11841,ARB,chain:Arbitrum,2026-02-28,2026-02,1979489009.0
11841,ARB,chain:Arbitrum,2026-03-31,2026-03,1907850856.0
11841,ARB,chain:Arbitrum,2026-04-30,2026-04,1648046304.0
11841,ARB,chain:Arbitrum,2026-05-31,2026-05,1494011539.0
11857,GMX,gmx,2021-09-30,2021-09,31572259.0
11857,GMX,gmx,2021-10-31,2021-10,74465135.0
11857,GMX,gmx,2021-11-30,2021-11,118553463.0
11857,GMX,gmx,2021-12-31,2021-12,107046091.0
11857,GMX,gmx,2022-01-31,2022-01,201829034.0
11857,GMX,gmx,2022-02-28,2022-02,243669343.0
11857,GMX,gmx,2022-03-31,2022-03,323209208.0
11857,GMX,gmx,2022-04-30,2022-04,335229602.0
11857,GMX,gmx,2022-05-31,2022-05,322436959.0
11857,GMX,gmx,2022-06-30,2022-06,225891957.0
11857,GMX,gmx,2022-07-31,2022-07,305684844.0
11857,GMX,gmx,2022-08-31,2022-08,359020126.0
11857,GMX,gmx,2022-09-30,2022-09,441023333.0
11857,GMX,gmx,2022-10-31,2022-10,487508385.0
11857,GMX,gmx,2022-11-30,2022-11,445138287.0
11857,GMX,gmx,2022-12-31,2022-12,463020184.0
11857,GMX,gmx,2023-01-31,2023-01,510351557.0
11857,GMX,gmx,2023-02-28,2023-02,651979913.0
11857,GMX,gmx,2023-03-31,2023-03,609127420.0
11857,GMX,gmx,2023-04-30,2023-04,690328369.0
11857,GMX,gmx,2023-05-31,2023-05,627762645.0
11857,GMX,gmx,2023-06-30,2023-06,595623082.0
11857,GMX,gmx,2023-07-31,2023-07,575940113.0
11857,GMX,gmx,2023-08-31,2023-08,498663188.0
11857,GMX,gmx,2023-09-30,2023-09,478104577.0
11857,GMX,gmx,2023-10-31,2023-10,496279081.0
11857,GMX,gmx,2023-11-30,2023-11,550494613.0
11857,GMX,gmx,2023-12-31,2023-12,616336743.0
11857,GMX,gmx,2024-01-31,2024-01,624030740.0
11857,GMX,gmx,2024-02-29,2024-02,656629930.0
11857,GMX,gmx,2024-03-31,2024-03,593316714.0
11857,GMX,gmx,2024-04-30,2024-04,511469689.0
11857,GMX,gmx,2024-05-31,2024-05,541697231.0
11857,GMX,gmx,2024-06-30,2024-06,511484619.0
11857,GMX,gmx,2024-07-31,2024-07,597358400.0
11857,GMX,gmx,2024-08-31,2024-08,481595281.0
11857,GMX,gmx,2024-09-30,2024-09,470755151.0
11857,GMX,gmx,2024-10-31,2024-10,500197103.0
11857,GMX,gmx,2024-11-30,2024-11,662402620.0
11857,GMX,gmx,2024-12-31,2024-12,525098005.0
11857,GMX,gmx,2025-01-31,2025-01,534985788.0
11857,GMX,gmx,2025-02-28,2025-02,439744294.0
11857,GMX,gmx,2025-03-31,2025-03,390605115.0
11857,GMX,gmx,2025-04-30,2025-04,384385129.0
11857,GMX,gmx,2025-05-31,2025-05,461251943.0
11857,GMX,gmx,2025-06-30,2025-06,486323785.0
11857,GMX,gmx,2025-07-31,2025-07,474641151.0
11857,GMX,gmx,2025-08-31,2025-08,560478040.0
11857,GMX,gmx,2025-09-30,2025-09,507532881.0
11857,GMX,gmx,2025-10-31,2025-10,460455716.0
11857,GMX,gmx,2025-11-30,2025-11,380374087.0
11857,GMX,gmx,2025-12-31,2025-12,379951682.0
11857,GMX,gmx,2026-01-31,2026-01,355916266.0
11857,GMX,gmx,2026-02-28,2026-02,257439726.0
11857,GMX,gmx,2026-03-31,2026-03,260211772.0
11857,GMX,gmx,2026-04-30,2026-04,240465683.0
11857,GMX,gmx,2026-05-31,2026-05,194186405.0
11865,BONE,shibaswap,2021-07-31,2021-07,405896236.0
11865,BONE,shibaswap,2021-08-31,2021-08,382874385.0
11865,BONE,shibaswap,2021-09-30,2021-09,232974873.0
11865,BONE,shibaswap,2021-10-31,2021-10,529398233.0
11865,BONE,shibaswap,2021-11-30,2021-11,550726915.0
11865,BONE,shibaswap,2021-12-31,2021-12,376697964.0
11865,BONE,shibaswap,2022-01-31,2022-01,203754904.0
11865,BONE,shibaswap,2022-02-28,2022-02,206737292.0
11865,BONE,shibaswap,2022-03-31,2022-03,145986263.0
11865,BONE,shibaswap,2022-04-30,2022-04,72958741.0
11865,BONE,shibaswap,2022-05-31,2022-05,43986621.0
11865,BONE,shibaswap,2022-06-30,2022-06,32473765.0
11865,BONE,shibaswap,2022-07-31,2022-07,41075546.0
11865,BONE,shibaswap,2022-08-31,2022-08,48323548.0
11865,BONE,shibaswap,2022-09-30,2022-09,26565043.0
11865,BONE,shibaswap,2022-10-31,2022-10,27129950.0
11865,BONE,shibaswap,2022-11-30,2022-11,19848723.0
11865,BONE,shibaswap,2022-12-31,2022-12,23694685.0
11865,BONE,shibaswap,2023-01-31,2023-01,30859539.0
11865,BONE,shibaswap,2023-02-28,2023-02,34918948.0
11865,BONE,shibaswap,2023-03-31,2023-03,31820279.0
11865,BONE,shibaswap,2023-04-30,2023-04,29914828.0
11865,BONE,shibaswap,2023-05-31,2023-05,25666630.0
11865,BONE,shibaswap,2023-06-30,2023-06,24374497.0
11865,BONE,shibaswap,2023-07-31,2023-07,27114876.0
11865,BONE,shibaswap,2023-08-31,2023-08,25961170.0
11865,BONE,shibaswap,2023-09-30,2023-09,21223886.0
11865,BONE,shibaswap,2023-10-31,2023-10,22292835.0
11865,BONE,shibaswap,2023-11-30,2023-11,22143096.0
11865,BONE,shibaswap,2023-12-31,2023-12,25667992.0
11865,BONE,shibaswap,2024-01-31,2024-01,23046865.0
11865,BONE,shibaswap,2024-02-29,2024-02,25540397.0
11865,BONE,shibaswap,2024-03-31,2024-03,32049259.0
11865,BONE,shibaswap,2024-04-30,2024-04,25516884.0
11865,BONE,shibaswap,2024-05-31,2024-05,28751502.0
11865,BONE,shibaswap,2024-06-30,2024-06,21671413.0
11865,BONE,shibaswap,2024-07-31,2024-07,20572129.0
11865,BONE,shibaswap,2024-08-31,2024-08,16654737.0
11865,BONE,shibaswap,2024-09-30,2024-09,22056161.0
11865,BONE,shibaswap,2024-10-31,2024-10,20438992.0
11865,BONE,shibaswap,2024-11-30,2024-11,25336850.0
11865,BONE,shibaswap,2024-12-31,2024-12,20782703.0
11865,BONE,shibaswap,2025-01-31,2025-01,18645945.0
11865,BONE,shibaswap,2025-02-28,2025-02,13237111.0
11865,BONE,shibaswap,2025-03-31,2025-03,12072968.0
11865,BONE,shibaswap,2025-04-30,2025-04,11903655.0
11865,BONE,shibaswap,2025-05-31,2025-05,13340509.0
11865,BONE,shibaswap,2025-06-30,2025-06,12875710.0
11865,BONE,shibaswap,2025-07-31,2025-07,14928874.0
11865,BONE,shibaswap,2025-08-31,2025-08,15011038.0
11865,BONE,shibaswap,2025-09-30,2025-09,12790907.0
11865,BONE,shibaswap,2025-10-31,2025-10,11429840.0
11865,BONE,shibaswap,2025-11-30,2025-11,10148449.0
11865,BONE,shibaswap,2025-12-31,2025-12,9029605.0
11865,BONE,shibaswap,2026-01-31,2026-01,7361680.0
11865,BONE,shibaswap,2026-02-28,2026-02,5487503.0
11865,BONE,shibaswap,2026-03-31,2026-03,5845136.0
11865,BONE,shibaswap,2026-04-30,2026-04,6028716.0
11865,BONE,shibaswap,2026-05-31,2026-05,5488736.0
12147,SYN,synapse,2021-08-31,2021-08,5926924.0
12147,SYN,synapse,2021-09-30,2021-09,325232376.0
12147,SYN,synapse,2021-10-31,2021-10,682046600.0
12147,SYN,synapse,2021-11-30,2021-11,857456851.0
12147,SYN,synapse,2021-12-31,2021-12,848129109.0
12147,SYN,synapse,2022-01-31,2022-01,771150961.0
12147,SYN,synapse,2022-02-28,2022-02,775404904.0
12147,SYN,synapse,2022-03-31,2022-03,709756907.0
12147,SYN,synapse,2022-04-30,2022-04,712771295.0
12147,SYN,synapse,2022-05-31,2022-05,383439379.0
12147,SYN,synapse,2022-06-30,2022-06,191141125.0
12147,SYN,synapse,2022-07-31,2022-07,242580768.0
12147,SYN,synapse,2022-08-31,2022-08,209261961.0
12147,SYN,synapse,2022-09-30,2022-09,213005650.0
12147,SYN,synapse,2022-10-31,2022-10,202104300.0
12147,SYN,synapse,2022-11-30,2022-11,147714128.0
12147,SYN,synapse,2022-12-31,2022-12,136414099.0
12147,SYN,synapse,2023-01-31,2023-01,173381659.0
12147,SYN,synapse,2023-02-28,2023-02,208163397.0
12147,SYN,synapse,2023-03-31,2023-03,188150499.0
12147,SYN,synapse,2023-04-30,2023-04,219245218.0
12147,SYN,synapse,2023-05-31,2023-05,192038048.0
12147,SYN,synapse,2023-06-30,2023-06,178529529.0
12147,SYN,synapse,2023-07-31,2023-07,175500052.0
12147,SYN,synapse,2023-08-31,2023-08,147636871.0
12147,SYN,synapse,2023-09-30,2023-09,109963826.0
12147,SYN,synapse,2023-10-31,2023-10,98091152.0
12147,SYN,synapse,2023-11-30,2023-11,98910747.0
12147,SYN,synapse,2023-12-31,2023-12,113641363.0
12147,SYN,synapse,2024-01-31,2024-01,100246885.0
12147,SYN,synapse,2024-02-29,2024-02,115215328.0
12147,SYN,synapse,2024-03-31,2024-03,113597531.0
12147,SYN,synapse,2024-04-30,2024-04,145733712.0
12147,SYN,synapse,2024-05-31,2024-05,256408780.0
12147,SYN,synapse,2024-06-30,2024-06,129724872.0
12147,SYN,synapse,2024-07-31,2024-07,120195248.0
12147,SYN,synapse,2024-08-31,2024-08,105898752.0
12147,SYN,synapse,2024-09-30,2024-09,115232960.0
12147,SYN,synapse,2024-10-31,2024-10,109133479.0
12147,SYN,synapse,2024-11-30,2024-11,134388752.0
12147,SYN,synapse,2024-12-31,2024-12,101958216.0
12147,SYN,synapse,2025-01-31,2025-01,88105283.0
12147,SYN,synapse,2025-02-28,2025-02,69401439.0
12147,SYN,synapse,2025-03-31,2025-03,50227536.0
12147,SYN,synapse,2025-04-30,2025-04,48566125.0
12147,SYN,synapse,2025-05-31,2025-05,44947704.0
12147,SYN,synapse,2025-06-30,2025-06,41707633.0
12147,SYN,synapse,2025-07-31,2025-07,43643799.0
12147,SYN,synapse,2025-08-31,2025-08,43708467.0
12147,SYN,synapse,2025-09-30,2025-09,43911173.0
12147,SYN,synapse,2025-10-31,2025-10,25998930.0
12147,SYN,synapse,2025-11-30,2025-11,23485066.0
12147,SYN,synapse,2025-12-31,2025-12,21930971.0
12147,SYN,synapse,2026-01-31,2026-01,19774439.0
12147,SYN,synapse,2026-02-28,2026-02,16690679.0
12147,SYN,synapse,2026-03-31,2026-03,15310683.0
12147,SYN,synapse,2026-04-30,2026-04,18321963.0
12147,SYN,synapse,2026-05-31,2026-05,13689787.0
12220,OSMO,osmosis-dex,2021-06-30,2021-06,80587167.0
12220,OSMO,osmosis-dex,2021-07-31,2021-07,96970217.0
12220,OSMO,osmosis-dex,2021-08-31,2021-08,244298077.0
12220,OSMO,osmosis-dex,2021-09-30,2021-09,432532491.0
12220,OSMO,osmosis-dex,2021-10-31,2021-10,582197586.0
12220,OSMO,osmosis-dex,2021-11-30,2021-11,632891150.0
12220,OSMO,osmosis-dex,2021-12-31,2021-12,811632843.0
12220,OSMO,osmosis-dex,2022-01-31,2022-01,1036540794.0
12220,OSMO,osmosis-dex,2022-02-28,2022-02,1478074157.0
12220,OSMO,osmosis-dex,2022-03-31,2022-03,1674754318.0
12220,OSMO,osmosis-dex,2022-04-30,2022-04,996664903.0
12220,OSMO,osmosis-dex,2022-05-31,2022-05,260456859.0
12220,OSMO,osmosis-dex,2022-06-30,2022-06,152243054.0
12220,OSMO,osmosis-dex,2022-07-31,2022-07,190790392.0
12220,OSMO,osmosis-dex,2022-08-31,2022-08,207102905.0
12220,OSMO,osmosis-dex,2022-09-30,2022-09,210071461.0
12220,OSMO,osmosis-dex,2022-10-31,2022-10,255687496.0
12220,OSMO,osmosis-dex,2022-11-30,2022-11,192883400.0
12220,OSMO,osmosis-dex,2022-12-31,2022-12,148547612.0
12220,OSMO,osmosis-dex,2023-01-31,2023-01,185400747.0
12220,OSMO,osmosis-dex,2023-02-28,2023-02,183993199.0
12220,OSMO,osmosis-dex,2023-03-31,2023-03,163929739.0
12220,OSMO,osmosis-dex,2023-04-30,2023-04,172577832.0
12220,OSMO,osmosis-dex,2023-05-31,2023-05,143583477.0
12220,OSMO,osmosis-dex,2023-06-30,2023-06,119588540.0
12220,OSMO,osmosis-dex,2023-07-31,2023-07,115779894.0
12220,OSMO,osmosis-dex,2023-08-31,2023-08,90534924.0
12220,OSMO,osmosis-dex,2023-09-30,2023-09,75209449.0
12220,OSMO,osmosis-dex,2023-10-31,2023-10,81708654.0
12220,OSMO,osmosis-dex,2023-11-30,2023-11,122845039.0
12220,OSMO,osmosis-dex,2023-12-31,2023-12,191527223.0
12220,OSMO,osmosis-dex,2024-01-31,2024-01,200675174.0
12220,OSMO,osmosis-dex,2024-02-29,2024-02,206720339.0
12220,OSMO,osmosis-dex,2024-03-31,2024-03,201875511.0
12220,OSMO,osmosis-dex,2024-04-30,2024-04,139250806.0
12220,OSMO,osmosis-dex,2024-05-31,2024-05,135273994.0
12220,OSMO,osmosis-dex,2024-06-30,2024-06,91788840.0
12220,OSMO,osmosis-dex,2024-07-31,2024-07,83168709.0
12220,OSMO,osmosis-dex,2024-08-31,2024-08,69298944.0
12220,OSMO,osmosis-dex,2024-09-30,2024-09,89868591.0
12220,OSMO,osmosis-dex,2024-10-31,2024-10,69209911.0
12220,OSMO,osmosis-dex,2024-11-30,2024-11,98153784.0
12220,OSMO,osmosis-dex,2024-12-31,2024-12,82200582.0
12220,OSMO,osmosis-dex,2025-01-31,2025-01,74667847.0
12220,OSMO,osmosis-dex,2025-02-28,2025-02,62464643.0
12220,OSMO,osmosis-dex,2025-03-31,2025-03,55854424.0
12220,OSMO,osmosis-dex,2025-04-30,2025-04,49328303.0
12220,OSMO,osmosis-dex,2025-05-31,2025-05,47332198.0
12220,OSMO,osmosis-dex,2025-06-30,2025-06,39412046.0
12220,OSMO,osmosis-dex,2025-07-31,2025-07,42472606.0
12220,OSMO,osmosis-dex,2025-08-31,2025-08,42209082.0
12220,OSMO,osmosis-dex,2025-09-30,2025-09,36575817.0
12220,OSMO,osmosis-dex,2025-10-31,2025-10,30908429.0
12220,OSMO,osmosis-dex,2025-11-30,2025-11,24788979.0
12220,OSMO,osmosis-dex,2025-12-31,2025-12,20278606.0
12220,OSMO,osmosis-dex,2026-01-31,2026-01,20819768.0
12220,OSMO,osmosis-dex,2026-02-28,2026-02,15837420.0
12220,OSMO,osmosis-dex,2026-03-31,2026-03,15208149.0
12220,OSMO,osmosis-dex,2026-04-30,2026-04,15627753.0
12220,OSMO,osmosis-dex,2026-05-31,2026-05,17350892.0
12387,RBN,ribbon,2021-03-31,2021-03,9345.0
12387,RBN,ribbon,2021-04-30,2021-04,19246396.0
12387,RBN,ribbon,2021-05-31,2021-05,27621439.0
12387,RBN,ribbon,2021-06-30,2021-06,59111191.0
12387,RBN,ribbon,2021-07-31,2021-07,89597327.0
12387,RBN,ribbon,2021-08-31,2021-08,109811467.0
12387,RBN,ribbon,2021-09-30,2021-09,112053814.0
12387,RBN,ribbon,2021-10-31,2021-10,176233551.0
12387,RBN,ribbon,2021-11-30,2021-11,214529965.0
12387,RBN,ribbon,2021-12-31,2021-12,285586474.0
12387,RBN,ribbon,2022-01-31,2022-01,170257998.0
12387,RBN,ribbon,2022-02-28,2022-02,192711838.0
12387,RBN,ribbon,2022-03-31,2022-03,294117666.0
12387,RBN,ribbon,2022-04-30,2022-04,301946486.0
12387,RBN,ribbon,2022-05-31,2022-05,173743095.0
12387,RBN,ribbon,2022-06-30,2022-06,69603298.0
12387,RBN,ribbon,2022-07-31,2022-07,83698531.0
12387,RBN,ribbon,2022-08-31,2022-08,82046190.0
12387,RBN,ribbon,2022-09-30,2022-09,80656270.0
12387,RBN,ribbon,2022-10-31,2022-10,77762966.0
12387,RBN,ribbon,2022-11-30,2022-11,48111187.0
12387,RBN,ribbon,2022-12-31,2022-12,47273369.0
12387,RBN,ribbon,2023-01-31,2023-01,46223805.0
12387,RBN,ribbon,2023-02-28,2023-02,45356665.0
12387,RBN,ribbon,2023-03-31,2023-03,35075668.0
12387,RBN,ribbon,2023-04-30,2023-04,31579345.0
12387,RBN,ribbon,2023-05-31,2023-05,28812607.0
12387,RBN,ribbon,2023-06-30,2023-06,24838572.0
12387,RBN,ribbon,2023-07-31,2023-07,24246199.0
12387,RBN,ribbon,2023-08-31,2023-08,19693473.0
12387,RBN,ribbon,2023-09-30,2023-09,19232865.0
12387,RBN,ribbon,2023-10-31,2023-10,20419298.0
12387,RBN,ribbon,2023-11-30,2023-11,13823369.0
12387,RBN,ribbon,2023-12-31,2023-12,14389723.0
12387,RBN,ribbon,2024-01-31,2024-01,12488424.0
12387,RBN,ribbon,2024-02-29,2024-02,15509969.0
12387,RBN,ribbon,2024-03-31,2024-03,15663771.0
12387,RBN,ribbon,2024-04-30,2024-04,13558082.0
12387,RBN,ribbon,2024-05-31,2024-05,14834202.0
12387,RBN,ribbon,2024-06-30,2024-06,12531536.0
12387,RBN,ribbon,2024-07-31,2024-07,12550583.0
12387,RBN,ribbon,2024-08-31,2024-08,10155863.0
12387,RBN,ribbon,2024-09-30,2024-09,10647951.0
12387,RBN,ribbon,2024-10-31,2024-10,10781454.0
12387,RBN,ribbon,2024-11-30,2024-11,13859809.0
12387,RBN,ribbon,2024-12-31,2024-12,12721030.0
12387,RBN,ribbon,2025-01-31,2025-01,13187293.0
12387,RBN,ribbon,2025-02-28,2025-02,9675884.0
12387,RBN,ribbon,2025-03-31,2025-03,8018651.0
12387,RBN,ribbon,2025-04-30,2025-04,8508233.0
12387,RBN,ribbon,2025-05-31,2025-05,9998212.0
12387,RBN,ribbon,2025-06-30,2025-06,10412648.0
12387,RBN,ribbon,2025-07-31,2025-07,12292591.0
12387,RBN,ribbon,2025-08-31,2025-08,13052267.0
12387,RBN,ribbon,2025-09-30,2025-09,12921258.0
12387,RBN,ribbon,2025-10-31,2025-10,11792690.0
12387,RBN,ribbon,2025-11-30,2025-11,9559392.0
12387,RBN,ribbon,2025-12-31,2025-12,5052533.0
12387,RBN,ribbon,2026-01-31,2026-01,4680279.0
12387,RBN,ribbon,2026-02-28,2026-02,3581829.0
12387,RBN,ribbon,2026-03-31,2026-03,3627983.0
12387,RBN,ribbon,2026-04-30,2026-04,3981421.0
12387,RBN,ribbon,2026-05-31,2026-05,3774381.0
12573,CPOOL,clearpool-lending,2022-04-30,2022-04,20958590.0
12573,CPOOL,clearpool-lending,2022-05-31,2022-05,16412065.0
12573,CPOOL,clearpool-lending,2022-06-30,2022-06,9171925.0
12573,CPOOL,clearpool-lending,2022-07-31,2022-07,9657222.0
12573,CPOOL,clearpool-lending,2022-08-31,2022-08,10514162.0
12573,CPOOL,clearpool-lending,2022-09-30,2022-09,12901630.0
12573,CPOOL,clearpool-lending,2022-10-31,2022-10,17124609.0
12573,CPOOL,clearpool-lending,2022-11-30,2022-11,8642261.0
12573,CPOOL,clearpool-lending,2022-12-31,2022-12,4229417.0
12573,CPOOL,clearpool-lending,2023-01-31,2023-01,4241205.0
12573,CPOOL,clearpool-lending,2023-02-28,2023-02,724198.0
12573,CPOOL,clearpool-lending,2023-03-31,2023-03,935454.0
12573,CPOOL,clearpool-lending,2023-04-30,2023-04,3367011.0
12573,CPOOL,clearpool-lending,2023-05-31,2023-05,4257137.0
12573,CPOOL,clearpool-lending,2023-06-30,2023-06,5448162.0
12573,CPOOL,clearpool-lending,2023-07-31,2023-07,6639657.0
12573,CPOOL,clearpool-lending,2023-08-31,2023-08,5458084.0
12573,CPOOL,clearpool-lending,2023-09-30,2023-09,3957429.0
12573,CPOOL,clearpool-lending,2023-10-31,2023-10,1972874.0
12573,CPOOL,clearpool-lending,2023-11-30,2023-11,4323882.0
12573,CPOOL,clearpool-lending,2023-12-31,2023-12,5241162.0
12573,CPOOL,clearpool-lending,2024-01-31,2024-01,5213132.0
12573,CPOOL,clearpool-lending,2024-02-29,2024-02,4465069.0
12573,CPOOL,clearpool-lending,2024-03-31,2024-03,2744732.0
12573,CPOOL,clearpool-lending,2024-04-30,2024-04,3242225.0
12573,CPOOL,clearpool-lending,2024-05-31,2024-05,4605413.0
12573,CPOOL,clearpool-lending,2024-06-30,2024-06,8609122.0
12573,CPOOL,clearpool-lending,2024-07-31,2024-07,5028086.0
12573,CPOOL,clearpool-lending,2024-08-31,2024-08,4064494.0
12573,CPOOL,clearpool-lending,2024-09-30,2024-09,4310413.0
12573,CPOOL,clearpool-lending,2024-10-31,2024-10,3013819.0
12573,CPOOL,clearpool-lending,2024-11-30,2024-11,1397281.0
12573,CPOOL,clearpool-lending,2024-12-31,2024-12,1223799.0
12573,CPOOL,clearpool-lending,2025-01-31,2025-01,1098131.0
12573,CPOOL,clearpool-lending,2025-02-28,2025-02,1017333.0
12573,CPOOL,clearpool-lending,2025-03-31,2025-03,991925.0
12573,CPOOL,clearpool-lending,2025-04-30,2025-04,994937.0
12573,CPOOL,clearpool-lending,2025-05-31,2025-05,980265.0
12573,CPOOL,clearpool-lending,2025-06-30,2025-06,988697.0
12573,CPOOL,clearpool-lending,2025-07-31,2025-07,1053181.0
12573,CPOOL,clearpool-lending,2025-08-31,2025-08,1025285.0
12573,CPOOL,clearpool-lending,2025-09-30,2025-09,1007272.0
12573,CPOOL,clearpool-lending,2025-10-31,2025-10,968315.0
12573,CPOOL,clearpool-lending,2025-11-30,2025-11,851220.0
12573,CPOOL,clearpool-lending,2025-12-31,2025-12,837946.0
12573,CPOOL,clearpool-lending,2026-01-31,2026-01,632892.0
12573,CPOOL,clearpool-lending,2026-02-28,2026-02,629472.0
12573,CPOOL,clearpool-lending,2026-03-31,2026-03,628960.0
12573,CPOOL,clearpool-lending,2026-04-30,2026-04,265787.0
12573,CPOOL,clearpool-lending,2026-05-31,2026-05,265062.0
12999,SSV,ssv-network,2026-02-28,2026-02,12442709271.0
12999,SSV,ssv-network,2026-03-31,2026-03,14808959008.0
12999,SSV,ssv-network,2026-04-30,2026-04,16716944267.0
12999,SSV,ssv-network,2026-05-31,2026-05,14860838723.0
13523,MC,merit-circle,2021-12-31,2021-12,0.0
13523,MC,merit-circle,2022-01-31,2022-01,0.0
13523,MC,merit-circle,2022-02-28,2022-02,0.0
13523,MC,merit-circle,2022-03-31,2022-03,0.0
13523,MC,merit-circle,2022-04-30,2022-04,0.0
13523,MC,merit-circle,2022-05-31,2022-05,0.0
13523,MC,merit-circle,2022-06-30,2022-06,0.0
13523,MC,merit-circle,2022-07-31,2022-07,0.0
13523,MC,merit-circle,2022-08-31,2022-08,0.0
13523,MC,merit-circle,2022-09-30,2022-09,0.0
13523,MC,merit-circle,2022-10-31,2022-10,0.0
13523,MC,merit-circle,2022-11-30,2022-11,0.0
13523,MC,merit-circle,2022-12-31,2022-12,0.0
13523,MC,merit-circle,2023-01-31,2023-01,0.0
13523,MC,merit-circle,2023-02-28,2023-02,0.0
13523,MC,merit-circle,2023-03-31,2023-03,0.0
13523,MC,merit-circle,2023-04-30,2023-04,0.0
13523,MC,merit-circle,2023-05-31,2023-05,0.0
13523,MC,merit-circle,2023-06-30,2023-06,0.0
13523,MC,merit-circle,2023-07-31,2023-07,0.0
13523,MC,merit-circle,2023-08-31,2023-08,0.0
13523,MC,merit-circle,2023-09-30,2023-09,0.0
13523,MC,merit-circle,2023-10-31,2023-10,0.0
13523,MC,merit-circle,2023-11-30,2023-11,0.0
13523,MC,merit-circle,2023-12-31,2023-12,0.0
13523,MC,merit-circle,2024-01-31,2024-01,0.0
13523,MC,merit-circle,2024-02-29,2024-02,0.0
13523,MC,merit-circle,2024-03-31,2024-03,0.0
13523,MC,merit-circle,2024-04-30,2024-04,0.0
13523,MC,merit-circle,2024-05-31,2024-05,0.0
13523,MC,merit-circle,2024-06-30,2024-06,0.0
13523,MC,merit-circle,2024-07-31,2024-07,0.0
13523,MC,merit-circle,2024-08-31,2024-08,0.0
13523,MC,merit-circle,2024-09-30,2024-09,0.0
13523,MC,merit-circle,2024-10-31,2024-10,0.0
13523,MC,merit-circle,2024-11-30,2024-11,0.0
13523,MC,merit-circle,2024-12-31,2024-12,0.0
13523,MC,merit-circle,2025-01-31,2025-01,0.0
13523,MC,merit-circle,2025-02-28,2025-02,0.0
13523,MC,merit-circle,2025-03-31,2025-03,0.0
13523,MC,merit-circle,2025-04-30,2025-04,0.0
13523,MC,merit-circle,2025-05-31,2025-05,0.0
13523,MC,merit-circle,2025-06-30,2025-06,0.0
13523,MC,merit-circle,2025-07-31,2025-07,0.0
13523,MC,merit-circle,2025-08-31,2025-08,0.0
13523,MC,merit-circle,2025-09-30,2025-09,0.0
13523,MC,merit-circle,2025-10-31,2025-10,0.0
13523,MC,merit-circle,2025-11-30,2025-11,0.0
13523,MC,merit-circle,2025-12-31,2025-12,0.0
13523,MC,merit-circle,2026-01-31,2026-01,0.0
13523,MC,merit-circle,2026-02-28,2026-02,0.0
13523,MC,merit-circle,2026-03-31,2026-03,0.0
13523,MC,merit-circle,2026-04-30,2026-04,0.0
13523,MC,merit-circle,2026-05-31,2026-05,0.0
13663,GNS,gains-network,2021-12-31,2021-12,2177199.0
13663,GNS,gains-network,2022-01-31,2022-01,5238439.0
13663,GNS,gains-network,2022-02-28,2022-02,4282002.0
13663,GNS,gains-network,2022-03-31,2022-03,7601031.0
13663,GNS,gains-network,2022-04-30,2022-04,6227575.0
13663,GNS,gains-network,2022-05-31,2022-05,5210599.0
13663,GNS,gains-network,2022-06-30,2022-06,9149745.0
13663,GNS,gains-network,2022-07-31,2022-07,10511039.0
13663,GNS,gains-network,2022-08-31,2022-08,12967784.0
13663,GNS,gains-network,2022-09-30,2022-09,17586501.0
13663,GNS,gains-network,2022-10-31,2022-10,19223451.0
13663,GNS,gains-network,2022-11-30,2022-11,24374128.0
13663,GNS,gains-network,2022-12-31,2022-12,19287269.0
13663,GNS,gains-network,2023-01-31,2023-01,43320011.0
13663,GNS,gains-network,2023-02-28,2023-02,49204574.0
13663,GNS,gains-network,2023-03-31,2023-03,53920026.0
13663,GNS,gains-network,2023-04-30,2023-04,57566323.0
13663,GNS,gains-network,2023-05-31,2023-05,57551404.0
13663,GNS,gains-network,2023-06-30,2023-06,51899094.0
13663,GNS,gains-network,2023-07-31,2023-07,50281578.0
13663,GNS,gains-network,2023-08-31,2023-08,37198307.0
13663,GNS,gains-network,2023-09-30,2023-09,34735090.0
13663,GNS,gains-network,2023-10-31,2023-10,32496401.0
13663,GNS,gains-network,2023-11-30,2023-11,33567307.0
13663,GNS,gains-network,2023-12-31,2023-12,30749673.0
13663,GNS,gains-network,2024-01-31,2024-01,44201409.0
13663,GNS,gains-network,2024-02-29,2024-02,41643347.0
13663,GNS,gains-network,2024-03-31,2024-03,37272286.0
13663,GNS,gains-network,2024-04-30,2024-04,21045116.0
13663,GNS,gains-network,2024-05-31,2024-05,18353216.0
13663,GNS,gains-network,2024-06-30,2024-06,22758328.0
13663,GNS,gains-network,2024-07-31,2024-07,30315172.0
13663,GNS,gains-network,2024-08-31,2024-08,21005726.0
13663,GNS,gains-network,2024-09-30,2024-09,15093998.0
13663,GNS,gains-network,2024-10-31,2024-10,27439195.0
13663,GNS,gains-network,2024-11-30,2024-11,37263703.0
13663,GNS,gains-network,2024-12-31,2024-12,27182495.0
13663,GNS,gains-network,2025-01-31,2025-01,28155319.0
13663,GNS,gains-network,2025-02-28,2025-02,28286537.0
13663,GNS,gains-network,2025-03-31,2025-03,25285583.0
13663,GNS,gains-network,2025-04-30,2025-04,25965243.0
13663,GNS,gains-network,2025-05-31,2025-05,28319845.0
13663,GNS,gains-network,2025-06-30,2025-06,27012927.0
13663,GNS,gains-network,2025-07-31,2025-07,27200619.0
13663,GNS,gains-network,2025-08-31,2025-08,29492553.0
13663,GNS,gains-network,2025-09-30,2025-09,26095333.0
13663,GNS,gains-network,2025-10-31,2025-10,26779490.0
13663,GNS,gains-network,2025-11-30,2025-11,26775167.0
13663,GNS,gains-network,2025-12-31,2025-12,23461976.0
13663,GNS,gains-network,2026-01-31,2026-01,24604253.0
13663,GNS,gains-network,2026-02-28,2026-02,22088314.0
13663,GNS,gains-network,2026-03-31,2026-03,19302903.0
13663,GNS,gains-network,2026-04-30,2026-04,14449365.0
13663,GNS,gains-network,2026-05-31,2026-05,13879339.0
14280,EUL,euler,2021-12-31,2021-12,28615959.0
14280,EUL,euler,2022-01-31,2022-01,33683771.0
14280,EUL,euler,2022-02-28,2022-02,56299928.0
14280,EUL,euler,2022-03-31,2022-03,92606112.0
14280,EUL,euler,2022-04-30,2022-04,82048995.0
14280,EUL,euler,2022-05-31,2022-05,89913650.0
14280,EUL,euler,2022-06-30,2022-06,212708260.0
14280,EUL,euler,2022-07-31,2022-07,234605292.0
14280,EUL,euler,2022-08-31,2022-08,213974517.0
14280,EUL,euler,2022-09-30,2022-09,271694085.0
14280,EUL,euler,2022-10-31,2022-10,303231029.0
14280,EUL,euler,2022-11-30,2022-11,154291612.0
14280,EUL,euler,2022-12-31,2022-12,173710684.0
14280,EUL,euler,2023-01-31,2023-01,241544108.0
14280,EUL,euler,2023-02-28,2023-02,291912141.0
14280,EUL,euler,2023-03-31,2023-03,9952968.0
14280,EUL,euler,2023-04-30,2023-04,114333.0
14280,EUL,euler,2023-05-31,2023-05,99615.0
14280,EUL,euler,2023-06-30,2023-06,85683.0
14280,EUL,euler,2023-07-31,2023-07,77234.0
14280,EUL,euler,2023-08-31,2023-08,68362.0
14280,EUL,euler,2023-09-30,2023-09,69129.0
14280,EUL,euler,2023-10-31,2023-10,76307.0
14280,EUL,euler,2023-11-30,2023-11,72514.0
14280,EUL,euler,2023-12-31,2023-12,86765.0
14280,EUL,euler,2024-01-31,2024-01,83104.0
14280,EUL,euler,2024-02-29,2024-02,109675.0
14280,EUL,euler,2024-03-31,2024-03,106745.0
14280,EUL,euler,2024-04-30,2024-04,97114.0
14280,EUL,euler,2024-05-31,2024-05,87701.0
14280,EUL,euler,2024-06-30,2024-06,80009.0
14280,EUL,euler,2024-07-31,2024-07,79683.0
14280,EUL,euler,2024-08-31,2024-08,3486863.0
14280,EUL,euler,2024-09-30,2024-09,5618254.0
14280,EUL,euler,2024-10-31,2024-10,8674860.0
14280,EUL,euler,2024-11-30,2024-11,59514637.0
14280,EUL,euler,2024-12-31,2024-12,107188834.0
14280,EUL,euler,2025-01-31,2025-01,158157549.0
14280,EUL,euler,2025-02-28,2025-02,290880772.0
14280,EUL,euler,2025-03-31,2025-03,566228287.0
14280,EUL,euler,2025-04-30,2025-04,775471328.0
14280,EUL,euler,2025-05-31,2025-05,967527939.0
14280,EUL,euler,2025-06-30,2025-06,1127557345.0
14280,EUL,euler,2025-07-31,2025-07,1136320819.0
14280,EUL,euler,2025-08-31,2025-08,1470754141.0
14280,EUL,euler,2025-09-30,2025-09,1662642256.0
14280,EUL,euler,2025-10-31,2025-10,1646475022.0
14280,EUL,euler,2025-11-30,2025-11,1039564028.0
14280,EUL,euler,2025-12-31,2025-12,1013506218.0
14280,EUL,euler,2026-01-31,2026-01,587605382.0
14280,EUL,euler,2026-02-28,2026-02,500626254.0
14280,EUL,euler,2026-03-31,2026-03,505933237.0
14280,EUL,euler,2026-04-30,2026-04,374395752.0
14280,EUL,euler,2026-05-31,2026-05,283708051.0
14519,VVS,vvs-finance,2021-11-30,2021-11,746706853.0
14519,VVS,vvs-finance,2021-12-31,2021-12,1293081227.0
14519,VVS,vvs-finance,2022-01-31,2022-01,1188540098.0
14519,VVS,vvs-finance,2022-02-28,2022-02,1255090909.0
14519,VVS,vvs-finance,2022-03-31,2022-03,1331423754.0
14519,VVS,vvs-finance,2022-04-30,2022-04,1250044998.0
14519,VVS,vvs-finance,2022-05-31,2022-05,867539576.0
14519,VVS,vvs-finance,2022-06-30,2022-06,678958245.0
14519,VVS,vvs-finance,2022-07-31,2022-07,709432776.0
14519,VVS,vvs-finance,2022-08-31,2022-08,500228969.0
14519,VVS,vvs-finance,2022-09-30,2022-09,417894970.0
14519,VVS,vvs-finance,2022-10-31,2022-10,451315985.0
14519,VVS,vvs-finance,2022-11-30,2022-11,187197342.0
14519,VVS,vvs-finance,2022-12-31,2022-12,174999845.0
14519,VVS,vvs-finance,2023-01-31,2023-01,201260751.0
14519,VVS,vvs-finance,2023-02-28,2023-02,198646879.0
14519,VVS,vvs-finance,2023-03-31,2023-03,188626805.0
14519,VVS,vvs-finance,2023-04-30,2023-04,193089892.0
14519,VVS,vvs-finance,2023-05-31,2023-05,165557247.0
14519,VVS,vvs-finance,2023-06-30,2023-06,145507274.0
14519,VVS,vvs-finance,2023-07-31,2023-07,147789121.0
14519,VVS,vvs-finance,2023-08-31,2023-08,128461427.0
14519,VVS,vvs-finance,2023-09-30,2023-09,123272870.0
14519,VVS,vvs-finance,2023-10-31,2023-10,140826341.0
14519,VVS,vvs-finance,2023-11-30,2023-11,176043093.0
14519,VVS,vvs-finance,2023-12-31,2023-12,189283819.0
14519,VVS,vvs-finance,2024-01-31,2024-01,168020870.0
14519,VVS,vvs-finance,2024-02-29,2024-02,199263867.0
14519,VVS,vvs-finance,2024-03-31,2024-03,259047671.0
14519,VVS,vvs-finance,2024-04-30,2024-04,260814375.0
14519,VVS,vvs-finance,2024-05-31,2024-05,261678482.0
14519,VVS,vvs-finance,2024-06-30,2024-06,216586862.0
14519,VVS,vvs-finance,2024-07-31,2024-07,208125821.0
14519,VVS,vvs-finance,2024-08-31,2024-08,180710093.0
14519,VVS,vvs-finance,2024-09-30,2024-09,194194458.0
14519,VVS,vvs-finance,2024-10-31,2024-10,178174090.0
14519,VVS,vvs-finance,2024-11-30,2024-11,316158422.0
14519,VVS,vvs-finance,2024-12-31,2024-12,259167164.0
14519,VVS,vvs-finance,2025-01-31,2025-01,242568179.0
14519,VVS,vvs-finance,2025-02-28,2025-02,173386172.0
14519,VVS,vvs-finance,2025-03-31,2025-03,235316112.0
14519,VVS,vvs-finance,2025-04-30,2025-04,210406817.0
14519,VVS,vvs-finance,2025-05-31,2025-05,219671228.0
14519,VVS,vvs-finance,2025-06-30,2025-06,187178763.0
14519,VVS,vvs-finance,2025-07-31,2025-07,284951892.0
14519,VVS,vvs-finance,2025-08-31,2025-08,477385114.0
14519,VVS,vvs-finance,2025-09-30,2025-09,329450845.0
14519,VVS,vvs-finance,2025-10-31,2025-10,263239862.0
14519,VVS,vvs-finance,2025-11-30,2025-11,194036954.0
14519,VVS,vvs-finance,2025-12-31,2025-12,173663970.0
14519,VVS,vvs-finance,2026-01-31,2026-01,160015312.0
14519,VVS,vvs-finance,2026-02-28,2026-02,138392201.0
14519,VVS,vvs-finance,2026-03-31,2026-03,124916484.0
14519,VVS,vvs-finance,2026-04-30,2026-04,117254505.0
14519,VVS,vvs-finance,2026-05-31,2026-05,113583460.0
14783,MAGIC,treasure,2022-02-28,2022-02,0.0
14783,MAGIC,treasure,2022-03-31,2022-03,0.0
14783,MAGIC,treasure,2022-04-30,2022-04,0.0
14783,MAGIC,treasure,2022-05-31,2022-05,0.0
14783,MAGIC,treasure,2022-06-30,2022-06,0.0
14783,MAGIC,treasure,2022-07-31,2022-07,0.0
14783,MAGIC,treasure,2022-08-31,2022-08,0.0
14783,MAGIC,treasure,2022-09-30,2022-09,0.0
14783,MAGIC,treasure,2022-10-31,2022-10,0.0
14783,MAGIC,treasure,2022-11-30,2022-11,0.0
14783,MAGIC,treasure,2022-12-31,2022-12,0.0
14783,MAGIC,treasure,2023-01-31,2023-01,0.0
14783,MAGIC,treasure,2023-02-28,2023-02,0.0
14783,MAGIC,treasure,2023-03-31,2023-03,0.0
14783,MAGIC,treasure,2023-04-30,2023-04,0.0
14783,MAGIC,treasure,2023-05-31,2023-05,0.0
14783,MAGIC,treasure,2023-06-30,2023-06,0.0
14783,MAGIC,treasure,2023-07-31,2023-07,0.0
14783,MAGIC,treasure,2023-08-31,2023-08,0.0
14783,MAGIC,treasure,2023-09-30,2023-09,0.0
14783,MAGIC,treasure,2023-10-31,2023-10,0.0
14783,MAGIC,treasure,2023-11-30,2023-11,0.0
14783,MAGIC,treasure,2023-12-31,2023-12,0.0
14783,MAGIC,treasure,2024-01-31,2024-01,0.0
14783,MAGIC,treasure,2024-02-29,2024-02,0.0
14783,MAGIC,treasure,2024-03-31,2024-03,0.0
14783,MAGIC,treasure,2024-04-30,2024-04,0.0
14783,MAGIC,treasure,2024-05-31,2024-05,0.0
14783,MAGIC,treasure,2024-06-30,2024-06,0.0
14783,MAGIC,treasure,2024-07-31,2024-07,0.0
14783,MAGIC,treasure,2024-08-31,2024-08,0.0
14783,MAGIC,treasure,2024-09-30,2024-09,0.0
14783,MAGIC,treasure,2024-10-31,2024-10,0.0
14783,MAGIC,treasure,2024-11-30,2024-11,0.0
14783,MAGIC,treasure,2024-12-31,2024-12,0.0
14783,MAGIC,treasure,2025-01-31,2025-01,0.0
14783,MAGIC,treasure,2025-02-28,2025-02,0.0
14783,MAGIC,treasure,2025-03-31,2025-03,0.0
14783,MAGIC,treasure,2025-04-30,2025-04,0.0
14783,MAGIC,treasure,2025-05-31,2025-05,0.0
14783,MAGIC,treasure,2025-06-30,2025-06,0.0
14783,MAGIC,treasure,2025-07-31,2025-07,0.0
14783,MAGIC,treasure,2025-08-31,2025-08,0.0
14783,MAGIC,treasure,2025-09-30,2025-09,0.0
14783,MAGIC,treasure,2025-10-31,2025-10,0.0
14783,MAGIC,treasure,2025-11-30,2025-11,0.0
14783,MAGIC,treasure,2025-12-31,2025-12,0.0
14783,MAGIC,treasure,2026-01-31,2026-01,0.0
14783,MAGIC,treasure,2026-02-28,2026-02,0.0
14783,MAGIC,treasure,2026-03-31,2026-03,0.0
14783,MAGIC,treasure,2026-04-30,2026-04,0.0
14783,MAGIC,treasure,2026-05-31,2026-05,0.0
14803,AURORA,aurora-plus,2022-09-30,2022-09,18367980.0
14803,AURORA,aurora-plus,2022-10-31,2022-10,13029803.0
14803,AURORA,aurora-plus,2022-11-30,2022-11,8261863.0
14803,AURORA,aurora-plus,2022-12-31,2022-12,4739079.0
14803,AURORA,aurora-plus,2023-01-31,2023-01,7303847.0
14803,AURORA,aurora-plus,2023-02-28,2023-02,8831031.0
14803,AURORA,aurora-plus,2023-03-31,2023-03,6900206.0
14803,AURORA,aurora-plus,2023-04-30,2023-04,6356913.0
14803,AURORA,aurora-plus,2023-05-31,2023-05,7765305.0
14803,AURORA,aurora-plus,2023-06-30,2023-06,6465848.0
14803,AURORA,aurora-plus,2023-07-31,2023-07,5615026.0
14803,AURORA,aurora-plus,2023-08-31,2023-08,4382468.0
14803,AURORA,aurora-plus,2023-09-30,2023-09,4016900.0
14803,AURORA,aurora-plus,2023-10-31,2023-10,6637551.0
14803,AURORA,aurora-plus,2023-11-30,2023-11,11252705.0
14803,AURORA,aurora-plus,2023-12-31,2023-12,17109966.0
14803,AURORA,aurora-plus,2024-01-31,2024-01,14199941.0
14803,AURORA,aurora-plus,2024-02-29,2024-02,18025149.0
14803,AURORA,aurora-plus,2024-03-31,2024-03,23272305.0
14803,AURORA,aurora-plus,2024-04-30,2024-04,15208554.0
14803,AURORA,aurora-plus,2024-05-31,2024-05,12166808.0
14803,AURORA,aurora-plus,2024-06-30,2024-06,11006696.0
14803,AURORA,aurora-plus,2024-07-31,2024-07,10654640.0
14803,AURORA,aurora-plus,2024-08-31,2024-08,7411965.0
14803,AURORA,aurora-plus,2024-09-30,2024-09,9242738.0
14803,AURORA,aurora-plus,2024-10-31,2024-10,8765451.0
14803,AURORA,aurora-plus,2024-11-30,2024-11,14192097.0
14803,AURORA,aurora-plus,2024-12-31,2024-12,14042977.0
14803,AURORA,aurora-plus,2025-01-31,2025-01,11084275.0
14803,AURORA,aurora-plus,2025-02-28,2025-02,7311022.0
14803,AURORA,aurora-plus,2025-03-31,2025-03,5965382.0
14803,AURORA,aurora-plus,2025-04-30,2025-04,6356488.0
14803,AURORA,aurora-plus,2025-05-31,2025-05,5475930.0
14803,AURORA,aurora-plus,2025-06-30,2025-06,4806192.0
14803,AURORA,aurora-plus,2025-07-31,2025-07,5169753.0
14803,AURORA,aurora-plus,2025-08-31,2025-08,5370535.0
14803,AURORA,aurora-plus,2025-09-30,2025-09,5028489.0
14803,AURORA,aurora-plus,2025-10-31,2025-10,6939808.0
14803,AURORA,aurora-plus,2025-11-30,2025-11,3744245.0
14803,AURORA,aurora-plus,2025-12-31,2025-12,3326716.0
14803,AURORA,aurora-plus,2026-01-31,2026-01,2618424.0
14803,AURORA,aurora-plus,2026-02-28,2026-02,1835452.0
14803,AURORA,aurora-plus,2026-03-31,2026-03,1768631.0
14803,AURORA,aurora-plus,2026-04-30,2026-04,1732253.0
14803,AURORA,aurora-plus,2026-05-31,2026-05,1880417.0
17050,MULTI,multichain,2021-09-30,2021-09,1396649603.0
17050,MULTI,multichain,2021-10-31,2021-10,4619557283.0
17050,MULTI,multichain,2021-11-30,2021-11,4838167383.0
17050,MULTI,multichain,2021-12-31,2021-12,5129205922.0
17050,MULTI,multichain,2022-01-31,2022-01,7702707710.0
17050,MULTI,multichain,2022-02-28,2022-02,8009796563.0
17050,MULTI,multichain,2022-03-31,2022-03,6479314826.0
17050,MULTI,multichain,2022-04-30,2022-04,5374364208.0
17050,MULTI,multichain,2022-05-31,2022-05,2993812273.0
17050,MULTI,multichain,2022-06-30,2022-06,1922627895.0
17050,MULTI,multichain,2022-07-31,2022-07,1982115755.0
17050,MULTI,multichain,2022-08-31,2022-08,1805265110.0
17050,MULTI,multichain,2022-09-30,2022-09,1661822339.0
17050,MULTI,multichain,2022-10-31,2022-10,1504446308.0
17050,MULTI,multichain,2022-11-30,2022-11,1269763389.0
17050,MULTI,multichain,2022-12-31,2022-12,1242765936.0
17050,MULTI,multichain,2023-01-31,2023-01,796223471.0
17050,MULTI,multichain,2023-02-28,2023-02,1681726698.0
17050,MULTI,multichain,2023-03-31,2023-03,1548243135.0
17050,MULTI,multichain,2023-04-30,2023-04,1838247735.0
17050,MULTI,multichain,2023-05-31,2023-05,1546014352.0
17050,MULTI,multichain,2023-06-30,2023-06,1311896981.0
17050,MULTI,multichain,2023-07-31,2023-07,123985735.0
17050,MULTI,multichain,2023-08-31,2023-08,110778236.0
17050,MULTI,multichain,2023-09-30,2023-09,114891977.0
17050,MULTI,multichain,2023-10-31,2023-10,126045389.0
17050,MULTI,multichain,2023-11-30,2023-11,138604399.0
17050,MULTI,multichain,2023-12-31,2023-12,176911679.0
17050,MULTI,multichain,2024-01-31,2024-01,154355402.0
17050,MULTI,multichain,2024-02-29,2024-02,189525656.0
17050,MULTI,multichain,2024-03-31,2024-03,253101260.0
17050,MULTI,multichain,2024-04-30,2024-04,184289078.0
17050,MULTI,multichain,2024-05-31,2024-05,171620536.0
17050,MULTI,multichain,2024-06-30,2024-06,127935725.0
17050,MULTI,multichain,2024-07-31,2024-07,115251352.0
17050,MULTI,multichain,2024-08-31,2024-08,91525863.0
17050,MULTI,multichain,2024-09-30,2024-09,124481334.0
17050,MULTI,multichain,2024-10-31,2024-10,122100961.0
17050,MULTI,multichain,2024-11-30,2024-11,138042872.0
17050,MULTI,multichain,2024-12-31,2024-12,142848068.0
17050,MULTI,multichain,2025-01-31,2025-01,128350665.0
17050,MULTI,multichain,2025-02-28,2025-02,96692131.0
17050,MULTI,multichain,2025-03-31,2025-03,81457746.0
17050,MULTI,multichain,2025-04-30,2025-04,84030339.0
17050,MULTI,multichain,2025-05-31,2025-05,86736649.0
17050,MULTI,multichain,2025-06-30,2025-06,92697516.0
17050,MULTI,multichain,2026-03-31,2026-03,44395972.0
17050,MULTI,multichain,2026-04-30,2026-04,44592700.0
17050,MULTI,multichain,2026-05-31,2026-05,45888944.0
17704,MV,gensokishi,2022-02-28,2022-02,0.0
17704,MV,gensokishi,2022-03-31,2022-03,0.0
17704,MV,gensokishi,2022-04-30,2022-04,0.0
17704,MV,gensokishi,2022-05-31,2022-05,0.0
17704,MV,gensokishi,2022-06-30,2022-06,0.0
17704,MV,gensokishi,2022-07-31,2022-07,0.0
17704,MV,gensokishi,2022-08-31,2022-08,0.0
17704,MV,gensokishi,2022-09-30,2022-09,0.0
17704,MV,gensokishi,2022-10-31,2022-10,0.0
17704,MV,gensokishi,2022-11-30,2022-11,0.0
17704,MV,gensokishi,2022-12-31,2022-12,0.0
17704,MV,gensokishi,2023-01-31,2023-01,0.0
17704,MV,gensokishi,2023-02-28,2023-02,0.0
17704,MV,gensokishi,2023-03-31,2023-03,0.0
17704,MV,gensokishi,2023-04-30,2023-04,0.0
17704,MV,gensokishi,2023-05-31,2023-05,0.0
17704,MV,gensokishi,2023-06-30,2023-06,0.0
17704,MV,gensokishi,2023-07-31,2023-07,0.0
17704,MV,gensokishi,2023-08-31,2023-08,0.0
17704,MV,gensokishi,2023-09-30,2023-09,0.0
17704,MV,gensokishi,2023-10-31,2023-10,0.0
17704,MV,gensokishi,2023-11-30,2023-11,0.0
17704,MV,gensokishi,2023-12-31,2023-12,0.0
17704,MV,gensokishi,2024-01-31,2024-01,0.0
17704,MV,gensokishi,2024-02-29,2024-02,0.0
17704,MV,gensokishi,2024-03-31,2024-03,0.0
17704,MV,gensokishi,2024-04-30,2024-04,0.0
17704,MV,gensokishi,2024-05-31,2024-05,0.0
17704,MV,gensokishi,2024-06-30,2024-06,0.0
17704,MV,gensokishi,2024-07-31,2024-07,0.0
17704,MV,gensokishi,2024-08-31,2024-08,0.0
17704,MV,gensokishi,2024-09-30,2024-09,0.0
17704,MV,gensokishi,2024-10-31,2024-10,0.0
17704,MV,gensokishi,2024-11-30,2024-11,0.0
17704,MV,gensokishi,2024-12-31,2024-12,0.0
17704,MV,gensokishi,2025-01-31,2025-01,0.0
17704,MV,gensokishi,2025-02-28,2025-02,0.0
17704,MV,gensokishi,2025-03-31,2025-03,0.0
17704,MV,gensokishi,2025-04-30,2025-04,0.0
17704,MV,gensokishi,2025-05-31,2025-05,0.0
17704,MV,gensokishi,2025-06-30,2025-06,0.0
17704,MV,gensokishi,2025-07-31,2025-07,0.0
17704,MV,gensokishi,2025-08-31,2025-08,0.0
17704,MV,gensokishi,2025-09-30,2025-09,0.0
17704,MV,gensokishi,2025-10-31,2025-10,0.0
17704,MV,gensokishi,2025-11-30,2025-11,0.0
17704,MV,gensokishi,2025-12-31,2025-12,0.0
17704,MV,gensokishi,2026-01-31,2026-01,0.0
17704,MV,gensokishi,2026-02-28,2026-02,0.0
17704,MV,gensokishi,2026-03-31,2026-03,0.0
17704,MV,gensokishi,2026-04-30,2026-04,0.0
17704,MV,gensokishi,2026-05-31,2026-05,0.0
17751,T,threshold-network,2021-08-31,2021-08,1296900.0
17751,T,threshold-network,2021-09-30,2021-09,1851697.0
17751,T,threshold-network,2021-10-31,2021-10,12160437.0
17751,T,threshold-network,2021-11-30,2021-11,10677852.0
17751,T,threshold-network,2021-12-31,2021-12,8450759.0
17751,T,threshold-network,2022-01-31,2022-01,12361153.0
17751,T,threshold-network,2022-02-28,2022-02,15474893.0
17751,T,threshold-network,2022-03-31,2022-03,21784688.0
17751,T,threshold-network,2022-04-30,2022-04,13549881.0
17751,T,threshold-network,2022-05-31,2022-05,5879916.0
17751,T,threshold-network,2022-06-30,2022-06,1931957.0
17751,T,threshold-network,2022-07-31,2022-07,1448176.0
17751,T,threshold-network,2022-08-31,2022-08,1453252.0
17751,T,threshold-network,2022-09-30,2022-09,1402608.0
17751,T,threshold-network,2022-10-31,2022-10,1344972.0
17751,T,threshold-network,2022-11-30,2022-11,910890.0
17751,T,threshold-network,2022-12-31,2022-12,883307.0
17751,T,threshold-network,2023-01-31,2023-01,1177324.0
17751,T,threshold-network,2023-02-28,2023-02,9588594.0
17751,T,threshold-network,2023-03-31,2023-03,13834715.0
17751,T,threshold-network,2023-04-30,2023-04,15276453.0
17751,T,threshold-network,2023-05-31,2023-05,19631569.0
17751,T,threshold-network,2023-06-30,2023-06,23056364.0
17751,T,threshold-network,2023-07-31,2023-07,23885609.0
17751,T,threshold-network,2023-08-31,2023-08,30974427.0
17751,T,threshold-network,2023-09-30,2023-09,35870685.0
17751,T,threshold-network,2023-10-31,2023-10,82130275.0
17751,T,threshold-network,2023-11-30,2023-11,59937990.0
17751,T,threshold-network,2023-12-31,2023-12,54990804.0
17751,T,threshold-network,2024-01-31,2024-01,55805119.0
17751,T,threshold-network,2024-02-29,2024-02,121314694.0
17751,T,threshold-network,2024-03-31,2024-03,112611096.0
17751,T,threshold-network,2024-04-30,2024-04,185415467.0
17751,T,threshold-network,2024-05-31,2024-05,222875509.0
17751,T,threshold-network,2024-06-30,2024-06,199623871.92785
17751,T,threshold-network,2024-07-31,2024-07,205911772.92827
17751,T,threshold-network,2024-08-31,2024-08,205905827.8083
17751,T,threshold-network,2024-09-30,2024-09,252931789.89383
17751,T,threshold-network,2024-10-31,2024-10,311039209.5032
17751,T,threshold-network,2024-11-30,2024-11,527562890.57134
17751,T,threshold-network,2024-12-31,2024-12,443449424.14207
17751,T,threshold-network,2025-01-31,2025-01,499215282.90875
17751,T,threshold-network,2025-02-28,2025-02,386567958.49691
17751,T,threshold-network,2025-03-31,2025-03,375122733.60333
17751,T,threshold-network,2025-04-30,2025-04,442922907.25581
17751,T,threshold-network,2025-05-31,2025-05,343135790.55395
17751,T,threshold-network,2025-06-30,2025-06,579058122.62976
17751,T,threshold-network,2025-07-31,2025-07,673233606.56263
17751,T,threshold-network,2025-08-31,2025-08,639001649.26768
17751,T,threshold-network,2025-09-30,2025-09,678482912.1776
17751,T,threshold-network,2025-10-31,2025-10,645048308.47559
17751,T,threshold-network,2025-11-30,2025-11,548573299.39477
17751,T,threshold-network,2025-12-31,2025-12,435744455.0
17751,T,threshold-network,2026-01-31,2026-01,502936210.0
17751,T,threshold-network,2026-02-28,2026-02,390047722.0
17751,T,threshold-network,2026-03-31,2026-03,405260084.0
17751,T,threshold-network,2026-04-30,2026-04,417490829.0
17751,T,threshold-network,2026-05-31,2026-05,365057900.05182
17799,AXL,axelar,2022-10-31,2022-10,108729219.0
17799,AXL,axelar,2022-11-30,2022-11,86732575.0
17799,AXL,axelar,2022-12-31,2022-12,90240764.0
17799,AXL,axelar,2023-01-31,2023-01,94224154.0
17799,AXL,axelar,2023-02-28,2023-02,94912912.0
17799,AXL,axelar,2023-03-31,2023-03,79913288.0
17799,AXL,axelar,2023-04-30,2023-04,58353549.0
17799,AXL,axelar,2023-05-31,2023-05,57595726.0
17799,AXL,axelar,2023-06-30,2023-06,86848484.0
17799,AXL,axelar,2023-07-31,2023-07,94581270.0
17799,AXL,axelar,2023-08-31,2023-08,94500139.0
17799,AXL,axelar,2023-09-30,2023-09,95858518.0
17799,AXL,axelar,2023-10-31,2023-10,113050960.0
17799,AXL,axelar,2023-11-30,2023-11,142757751.0
17799,AXL,axelar,2023-12-31,2023-12,168255292.0
17799,AXL,axelar,2024-01-31,2024-01,149942388.0
17799,AXL,axelar,2024-02-29,2024-02,167952023.0
17799,AXL,axelar,2024-03-31,2024-03,183068065.0
17799,AXL,axelar,2024-04-30,2024-04,146370127.0
17799,AXL,axelar,2024-05-31,2024-05,157353545.0
17799,AXL,axelar,2024-06-30,2024-06,133345358.0
17799,AXL,axelar,2024-07-31,2024-07,245701691.0
17799,AXL,axelar,2024-08-31,2024-08,198441725.0
17799,AXL,axelar,2024-09-30,2024-09,213644897.0
17799,AXL,axelar,2024-10-31,2024-10,211608143.0
17799,AXL,axelar,2024-11-30,2024-11,265971373.0
17799,AXL,axelar,2024-12-31,2024-12,318677905.0
17799,AXL,axelar,2025-01-31,2025-01,240307886.0
17799,AXL,axelar,2025-02-28,2025-02,177027474.0
17799,AXL,axelar,2025-03-31,2025-03,171103379.0
17799,AXL,axelar,2025-04-30,2025-04,173773979.0
17799,AXL,axelar,2025-05-31,2025-05,252602130.0
17799,AXL,axelar,2025-06-30,2025-06,220920882.0
17799,AXL,axelar,2025-07-31,2025-07,337273116.0
17799,AXL,axelar,2025-08-31,2025-08,289343833.0
17799,AXL,axelar,2025-09-30,2025-09,327169433.0
17799,AXL,axelar,2025-10-31,2025-10,244541075.0
17799,AXL,axelar,2025-11-30,2025-11,175275481.0
17799,AXL,axelar,2025-12-31,2025-12,170418484.0
17799,AXL,axelar,2026-01-31,2026-01,156013375.0
17799,AXL,axelar,2026-02-28,2026-02,141903143.0
17799,AXL,axelar,2026-03-31,2026-03,141072815.0
17799,AXL,axelar,2026-04-30,2026-04,137059818.0
17799,AXL,axelar,2026-05-31,2026-05,151050511.0
18037,MAV,maverick-v1,2023-03-31,2023-03,14815270.0
18037,MAV,maverick-v1,2023-04-30,2023-04,19619387.0
18037,MAV,maverick-v1,2023-05-31,2023-05,29278025.0
18037,MAV,maverick-v1,2023-06-30,2023-06,49528432.0
18037,MAV,maverick-v1,2023-07-31,2023-07,57455057.0
18037,MAV,maverick-v1,2023-08-31,2023-08,44165903.0
18037,MAV,maverick-v1,2023-09-30,2023-09,41505148.0
18037,MAV,maverick-v1,2023-10-31,2023-10,38475806.0
18037,MAV,maverick-v1,2023-11-30,2023-11,39735061.0
18037,MAV,maverick-v1,2023-12-31,2023-12,30947057.0
18037,MAV,maverick-v1,2024-01-31,2024-01,29583413.0
18037,MAV,maverick-v1,2024-02-29,2024-02,32316379.0
18037,MAV,maverick-v1,2024-03-31,2024-03,24238613.0
18037,MAV,maverick-v1,2024-04-30,2024-04,20403599.0
18037,MAV,maverick-v1,2024-05-31,2024-05,20676087.0
18037,MAV,maverick-v1,2024-06-30,2024-06,8751376.0
18037,MAV,maverick-v1,2024-07-31,2024-07,4032463.0
18037,MAV,maverick-v1,2024-08-31,2024-08,3359443.0
18037,MAV,maverick-v1,2024-09-30,2024-09,3516520.0
18037,MAV,maverick-v1,2024-10-31,2024-10,2826854.0
18037,MAV,maverick-v1,2024-11-30,2024-11,3323732.0
18037,MAV,maverick-v1,2024-12-31,2024-12,2774085.0
18037,MAV,maverick-v1,2025-01-31,2025-01,2378000.0
18037,MAV,maverick-v1,2025-02-28,2025-02,2043146.0
18037,MAV,maverick-v1,2025-03-31,2025-03,1648942.0
18037,MAV,maverick-v1,2025-04-30,2025-04,2514714.0
18037,MAV,maverick-v1,2025-05-31,2025-05,1639521.0
18037,MAV,maverick-v1,2025-06-30,2025-06,1595253.0
18037,MAV,maverick-v1,2025-07-31,2025-07,1816059.0
18037,MAV,maverick-v1,2025-08-31,2025-08,1816364.0
18037,MAV,maverick-v1,2025-09-30,2025-09,1857944.0
18037,MAV,maverick-v1,2025-10-31,2025-10,1592451.0
18037,MAV,maverick-v1,2025-11-30,2025-11,1404529.0
18037,MAV,maverick-v1,2025-12-31,2025-12,1374211.0
18037,MAV,maverick-v1,2026-01-31,2026-01,1265284.0
18037,MAV,maverick-v1,2026-02-28,2026-02,1118349.0
18037,MAV,maverick-v1,2026-03-31,2026-03,1243184.0
18037,MAV,maverick-v1,2026-05-31,2026-05,1172929.0
18876,APE,chain:ApeChain,2024-10-31,2024-10,2405104.0
18876,APE,chain:ApeChain,2024-11-30,2024-11,25647454.0
18876,APE,chain:ApeChain,2024-12-31,2024-12,23595821.0
18876,APE,chain:ApeChain,2025-01-31,2025-01,18510632.0
18876,APE,chain:ApeChain,2025-02-28,2025-02,12373065.0
18876,APE,chain:ApeChain,2025-03-31,2025-03,9400295.0
18876,APE,chain:ApeChain,2025-04-30,2025-04,8568046.0
18876,APE,chain:ApeChain,2025-05-31,2025-05,9937318.0
18876,APE,chain:ApeChain,2025-06-30,2025-06,9764678.0
18876,APE,chain:ApeChain,2025-07-31,2025-07,11012869.0
18876,APE,chain:ApeChain,2025-08-31,2025-08,10923494.0
18876,APE,chain:ApeChain,2025-09-30,2025-09,10655083.0
18876,APE,chain:ApeChain,2025-10-31,2025-10,7130098.0
18876,APE,chain:ApeChain,2025-11-30,2025-11,5600910.0
18876,APE,chain:ApeChain,2025-12-31,2025-12,5047619.0
18876,APE,chain:ApeChain,2026-01-31,2026-01,3422313.0
18876,APE,chain:ApeChain,2026-02-28,2026-02,2657765.0
18876,APE,chain:ApeChain,2026-03-31,2026-03,2056396.0
18876,APE,chain:ApeChain,2026-04-30,2026-04,3442811.0
18876,APE,chain:ApeChain,2026-05-31,2026-05,2730600.0
18934,STG,stargate-finance,2022-03-31,2022-03,3558419830.0
18934,STG,stargate-finance,2022-04-30,2022-04,1606911662.0
18934,STG,stargate-finance,2022-05-31,2022-05,669791593.0
18934,STG,stargate-finance,2022-06-30,2022-06,443473047.0
18934,STG,stargate-finance,2022-07-31,2022-07,516572226.0
18934,STG,stargate-finance,2022-08-31,2022-08,678315701.0
18934,STG,stargate-finance,2022-09-30,2022-09,489075738.0
18934,STG,stargate-finance,2022-10-31,2022-10,450460152.0
18934,STG,stargate-finance,2022-11-30,2022-11,342458207.0
18934,STG,stargate-finance,2022-12-31,2022-12,390356450.0
18934,STG,stargate-finance,2023-01-31,2023-01,379594196.0
18934,STG,stargate-finance,2023-02-28,2023-02,478682905.0
18934,STG,stargate-finance,2023-03-31,2023-03,368526373.0
18934,STG,stargate-finance,2023-04-30,2023-04,467784258.0
18934,STG,stargate-finance,2023-05-31,2023-05,432042414.0
18934,STG,stargate-finance,2023-06-30,2023-06,401795940.0
18934,STG,stargate-finance,2023-07-31,2023-07,379909408.0
18934,STG,stargate-finance,2023-08-31,2023-08,352588381.0
18934,STG,stargate-finance,2023-09-30,2023-09,389325099.0
18934,STG,stargate-finance,2023-10-31,2023-10,366555845.0
18934,STG,stargate-finance,2023-11-30,2023-11,349488613.0
18934,STG,stargate-finance,2023-12-31,2023-12,329791794.0
18934,STG,stargate-finance,2024-01-31,2024-01,335445625.0
18934,STG,stargate-finance,2024-02-29,2024-02,297733917.0
18934,STG,stargate-finance,2024-03-31,2024-03,304622144.0
18934,STG,stargate-finance,2024-04-30,2024-04,326237872.0
18934,STG,stargate-finance,2024-05-31,2024-05,296173264.0
18934,STG,stargate-finance,2024-06-30,2024-06,212909169.0
18934,STG,stargate-finance,2024-07-31,2024-07,468627857.0
18934,STG,stargate-finance,2024-08-31,2024-08,448655182.0
18934,STG,stargate-finance,2024-09-30,2024-09,504017320.0
18934,STG,stargate-finance,2024-10-31,2024-10,473154214.0
18934,STG,stargate-finance,2024-11-30,2024-11,495021335.0
18934,STG,stargate-finance,2024-12-31,2024-12,425002977.0
18934,STG,stargate-finance,2025-01-31,2025-01,424289662.0
18934,STG,stargate-finance,2025-02-28,2025-02,1294830596.0
18934,STG,stargate-finance,2025-03-31,2025-03,1286569002.0
18934,STG,stargate-finance,2025-04-30,2025-04,671648073.0
18934,STG,stargate-finance,2025-05-31,2025-05,396827966.0
18934,STG,stargate-finance,2025-06-30,2025-06,287395030.0
18934,STG,stargate-finance,2025-07-31,2025-07,467776808.0
18934,STG,stargate-finance,2025-08-31,2025-08,296634780.0
18934,STG,stargate-finance,2025-09-30,2025-09,779842996.0
18934,STG,stargate-finance,2025-10-31,2025-10,303013296.0
18934,STG,stargate-finance,2025-11-30,2025-11,226502499.0
18934,STG,stargate-finance,2025-12-31,2025-12,189336117.0
18934,STG,stargate-finance,2026-01-31,2026-01,152638585.0
18934,STG,stargate-finance,2026-02-28,2026-02,122669510.0
18934,STG,stargate-finance,2026-03-31,2026-03,114754818.0
18934,STG,stargate-finance,2026-04-30,2026-04,105004241.0
18934,STG,stargate-finance,2026-05-31,2026-05,89544967.0
19843,APEX,apex-pro,2022-07-31,2022-07,5414051.0
19843,APEX,apex-pro,2022-08-31,2022-08,936896.0
19843,APEX,apex-pro,2022-09-30,2022-09,227849.0
19843,APEX,apex-pro,2022-10-31,2022-10,227770.0
19843,APEX,apex-pro,2022-11-30,2022-11,227770.0
19843,APEX,apex-pro,2022-12-31,2022-12,227770.0
19843,APEX,apex-pro,2023-01-31,2023-01,227770.0
19843,APEX,apex-pro,2023-02-28,2023-02,227770.0
19843,APEX,apex-pro,2023-04-30,2023-04,23166306.0
19843,APEX,apex-pro,2023-05-31,2023-05,25169903.0
19843,APEX,apex-pro,2023-06-30,2023-06,28029659.0
19843,APEX,apex-pro,2023-07-31,2023-07,32381057.0
19843,APEX,apex-pro,2023-08-31,2023-08,32429861.0
19843,APEX,apex-pro,2023-09-30,2023-09,37330008.0
19843,APEX,apex-pro,2023-10-31,2023-10,39804351.0
19843,APEX,apex-pro,2023-11-30,2023-11,47943330.0
19843,APEX,apex-pro,2023-12-31,2023-12,61932936.0
19843,APEX,apex-pro,2024-01-31,2024-01,83874194.0
19843,APEX,apex-pro,2024-02-29,2024-02,88264405.0
19843,APEX,apex-pro,2024-03-31,2024-03,89537570.0
19843,APEX,apex-pro,2024-04-30,2024-04,90007764.0
19843,APEX,apex-pro,2024-05-31,2024-05,91954728.0
19843,APEX,apex-pro,2024-06-30,2024-06,88147578.0
19843,APEX,apex-pro,2024-07-31,2024-07,88202177.0
19843,APEX,apex-pro,2024-08-31,2024-08,89348271.0
19843,APEX,apex-pro,2024-09-30,2024-09,88250085.0
19843,APEX,apex-pro,2024-10-31,2024-10,80569597.0
19843,APEX,apex-pro,2024-11-30,2024-11,65459719.0
19843,APEX,apex-pro,2024-12-31,2024-12,51026073.0
19843,APEX,apex-pro,2025-01-31,2025-01,41934557.0
19843,APEX,apex-pro,2025-02-28,2025-02,38151039.0
19843,APEX,apex-pro,2025-03-31,2025-03,33706088.0
19843,APEX,apex-pro,2025-04-30,2025-04,2247593.0
19843,APEX,apex-pro,2025-05-31,2025-05,1942864.0
19843,APEX,apex-pro,2025-06-30,2025-06,1703874.0
19843,APEX,apex-pro,2025-07-31,2025-07,1596234.0
19843,APEX,apex-pro,2025-08-31,2025-08,1515714.0
19843,APEX,apex-pro,2025-09-30,2025-09,1494135.0
19843,APEX,apex-pro,2025-10-31,2025-10,1449578.0
19843,APEX,apex-pro,2025-11-30,2025-11,1441383.0
19843,APEX,apex-pro,2025-12-31,2025-12,1440500.0
19843,APEX,apex-pro,2026-01-31,2026-01,1439538.0
19843,APEX,apex-pro,2026-02-28,2026-02,1431955.0
19843,APEX,apex-pro,2026-03-31,2026-03,1429804.0
19843,APEX,apex-pro,2026-04-30,2026-04,1430069.0
19843,APEX,apex-pro,2026-05-31,2026-05,1429630.0
21159,ONDO,ondo-finance,2023-01-31,2023-01,495.0
21159,ONDO,ondo-finance,2023-02-28,2023-02,38019748.0
21159,ONDO,ondo-finance,2023-03-31,2023-03,68190523.0
21159,ONDO,ondo-finance,2023-04-30,2023-04,105249413.0
21159,ONDO,ondo-finance,2023-05-31,2023-05,103502843.0
21159,ONDO,ondo-finance,2023-06-30,2023-06,130329616.0
21159,ONDO,ondo-finance,2023-07-31,2023-07,162336560.0
21159,ONDO,ondo-finance,2023-08-31,2023-08,157690500.0
21159,ONDO,ondo-finance,2023-09-30,2023-09,202420134.0
21159,ONDO,ondo-finance,2023-10-31,2023-10,227553207.0
21159,ONDO,ondo-finance,2023-11-30,2023-11,199058967.0
21159,ONDO,ondo-finance,2023-12-31,2023-12,199434004.0
21159,ONDO,ondo-finance,2024-01-31,2024-01,185665393.0
21159,ONDO,ondo-finance,2024-02-29,2024-02,182668612.0
21159,ONDO,ondo-finance,2024-03-31,2024-03,221473998.0
21159,ONDO,ondo-finance,2024-04-30,2024-04,356690892.0
21159,ONDO,ondo-finance,2024-05-31,2024-05,466955794.0
21159,ONDO,ondo-finance,2024-06-30,2024-06,548603580.0
21159,ONDO,ondo-finance,2024-07-31,2024-07,571921269.0
21159,ONDO,ondo-finance,2024-08-31,2024-08,596832229.0
21159,ONDO,ondo-finance,2024-09-30,2024-09,623025955.0
21159,ONDO,ondo-finance,2024-10-31,2024-10,641380021.0
21159,ONDO,ondo-finance,2024-11-30,2024-11,642588574.0
21159,ONDO,ondo-finance,2024-12-31,2024-12,611746818.0
21159,ONDO,ondo-finance,2025-01-31,2025-01,568321869.0
21159,ONDO,ondo-finance,2025-02-28,2025-02,969217191.0
21159,ONDO,ondo-finance,2025-03-31,2025-03,987572757.0
21159,ONDO,ondo-finance,2025-04-30,2025-04,1020356568.0
21159,ONDO,ondo-finance,2025-05-31,2025-05,1300596313.0
21159,ONDO,ondo-finance,2025-06-30,2025-06,1391199632.0
21159,ONDO,ondo-finance,2025-07-31,2025-07,1380429602.0
21159,ONDO,ondo-finance,2025-08-31,2025-08,1398350857.0
21159,ONDO,ondo-finance,2025-09-30,2025-09,1691923967.0
21159,ONDO,ondo-finance,2025-10-31,2025-10,1781086073.0
21159,ONDO,ondo-finance,2025-11-30,2025-11,1821954308.0
21159,ONDO,ondo-finance,2025-12-31,2025-12,1944663922.0
21159,ONDO,ondo-finance,2026-01-31,2026-01,2675956178.0
21159,ONDO,ondo-finance,2026-02-28,2026-02,2712733036.0
21159,ONDO,ondo-finance,2026-03-31,2026-03,3044397769.0
21159,ONDO,ondo-finance,2026-04-30,2026-04,3543014845.0
21159,ONDO,ondo-finance,2026-05-31,2026-05,3894986879.0
22461,HFT,hashflow,2022-02-28,2022-02,8798409.0
22461,HFT,hashflow,2022-03-31,2022-03,9116771.0
22461,HFT,hashflow,2022-06-30,2022-06,24517596.0
22461,HFT,hashflow,2022-07-31,2022-07,31171150.0
22461,HFT,hashflow,2022-08-31,2022-08,29699049.0
22461,HFT,hashflow,2022-09-30,2022-09,31061221.0
22461,HFT,hashflow,2022-10-31,2022-10,30296762.0
22461,HFT,hashflow,2022-11-30,2022-11,38904192.0
22461,HFT,hashflow,2022-12-31,2022-12,25029835.0
22461,HFT,hashflow,2023-01-31,2023-01,24916834.0
22461,HFT,hashflow,2023-02-28,2023-02,17173056.0
22461,HFT,hashflow,2023-03-31,2023-03,1784435.0
22461,HFT,hashflow,2023-04-30,2023-04,1598343.0
22461,HFT,hashflow,2023-05-31,2023-05,1193379.0
22461,HFT,hashflow,2023-06-30,2023-06,1114094.0
22461,HFT,hashflow,2023-07-31,2023-07,1111205.0
22461,HFT,hashflow,2023-08-31,2023-08,1060411.0
22461,HFT,hashflow,2023-09-30,2023-09,1037739.0
22461,HFT,hashflow,2023-10-31,2023-10,1031160.0
22461,HFT,hashflow,2023-11-30,2023-11,1043416.0
22461,HFT,hashflow,2023-12-31,2023-12,1062012.0
22461,HFT,hashflow,2024-01-31,2024-01,1056983.0
22461,HFT,hashflow,2024-02-29,2024-02,1116021.0
22461,HFT,hashflow,2024-03-31,2024-03,1112157.0
22461,HFT,hashflow,2024-04-30,2024-04,725115.0
22461,HFT,hashflow,2024-05-31,2024-05,751006.0
22461,HFT,hashflow,2024-06-30,2024-06,719205.0
22461,HFT,hashflow,2024-07-31,2024-07,719034.0
22461,HFT,hashflow,2024-08-31,2024-08,676649.0
22461,HFT,hashflow,2024-09-30,2024-09,685837.0
22461,HFT,hashflow,2024-10-31,2024-10,640612.0
22461,HFT,hashflow,2024-11-30,2024-11,691495.0
22461,HFT,hashflow,2024-12-31,2024-12,678198.0
22461,HFT,hashflow,2025-01-31,2025-01,669225.0
22461,HFT,hashflow,2025-02-28,2025-02,619366.0
22461,HFT,hashflow,2025-03-31,2025-03,593544.0
22461,HFT,hashflow,2025-04-30,2025-04,589033.0
22461,HFT,hashflow,2025-05-31,2025-05,622010.0
22461,HFT,hashflow,2025-06-30,2025-06,620317.0
22461,HFT,hashflow,2025-07-31,2025-07,681530.0
22461,HFT,hashflow,2025-08-31,2025-08,704628.0
22461,HFT,hashflow,2025-09-30,2025-09,697264.0
22461,HFT,hashflow,2025-10-31,2025-10,674437.0
22461,HFT,hashflow,2025-11-30,2025-11,634330.0
22461,HFT,hashflow,2025-12-31,2025-12,631245.0
22461,HFT,hashflow,2026-01-31,2026-01,619444.0
22461,HFT,hashflow,2026-02-28,2026-02,581155.0
22461,HFT,hashflow,2026-03-31,2026-03,585640.0
22461,HFT,hashflow,2026-04-30,2026-04,595296.0
22461,HFT,hashflow,2026-05-31,2026-05,583560.0
23121,BLUR,blur,2022-12-31,2022-12,22039107.0
23121,BLUR,blur,2023-01-31,2023-01,35269111.0
23121,BLUR,blur,2023-02-28,2023-02,143077410.0
23121,BLUR,blur,2023-03-31,2023-03,130216786.0
23121,BLUR,blur,2023-04-30,2023-04,114949736.0
23121,BLUR,blur,2023-05-31,2023-05,153475562.0
23121,BLUR,blur,2023-06-30,2023-06,161178258.0
23121,BLUR,blur,2023-07-31,2023-07,130443124.0
23121,BLUR,blur,2023-08-31,2023-08,97372034.0
23121,BLUR,blur,2023-09-30,2023-09,88686514.0
23121,BLUR,blur,2023-10-31,2023-10,94869601.0
23121,BLUR,blur,2023-11-30,2023-11,103115871.0
23121,BLUR,blur,2023-12-31,2023-12,118593614.0
23121,BLUR,blur,2024-01-31,2024-01,137299837.0
23121,BLUR,blur,2024-02-29,2024-02,208841517.0
23121,BLUR,blur,2024-03-31,2024-03,146835186.0
23121,BLUR,blur,2024-04-30,2024-04,114727324.0
23121,BLUR,blur,2024-05-31,2024-05,183423697.0
23121,BLUR,blur,2024-06-30,2024-06,102275662.0
23121,BLUR,blur,2024-07-31,2024-07,85232429.0
23121,BLUR,blur,2024-08-31,2024-08,71997345.0
23121,BLUR,blur,2024-09-30,2024-09,72878957.0
23121,BLUR,blur,2024-10-31,2024-10,74146351.0
23121,BLUR,blur,2024-11-30,2024-11,108860543.0
23121,BLUR,blur,2024-12-31,2024-12,146518515.0
23121,BLUR,blur,2025-01-31,2025-01,112656440.0
23121,BLUR,blur,2025-02-28,2025-02,68757688.0
23121,BLUR,blur,2025-03-31,2025-03,52197824.0
23121,BLUR,blur,2025-04-30,2025-04,50595388.0
23121,BLUR,blur,2025-05-31,2025-05,61570074.0
23121,BLUR,blur,2025-06-30,2025-06,60215206.0
23121,BLUR,blur,2025-07-31,2025-07,100637168.0
23121,BLUR,blur,2025-08-31,2025-08,98504878.0
23121,BLUR,blur,2025-09-30,2025-09,92801116.0
23121,BLUR,blur,2025-10-31,2025-10,43914784.0
23121,BLUR,blur,2025-11-30,2025-11,31864012.0
23121,BLUR,blur,2025-12-31,2025-12,29992915.0
23121,BLUR,blur,2026-01-31,2026-01,25281624.0
23121,BLUR,blur,2026-02-28,2026-02,17084368.0
23121,BLUR,blur,2026-03-31,2026-03,17359780.0
23121,BLUR,blur,2026-04-30,2026-04,19442807.0
23121,BLUR,blur,2026-05-31,2026-05,16987339.0
24796,ADF,artdefinance,2024-01-31,2024-01,0.0
24796,ADF,artdefinance,2024-02-29,2024-02,0.0
24796,ADF,artdefinance,2024-03-31,2024-03,0.0
24796,ADF,artdefinance,2024-04-30,2024-04,0.0
24796,ADF,artdefinance,2024-05-31,2024-05,0.0
24796,ADF,artdefinance,2024-06-30,2024-06,0.0
24796,ADF,artdefinance,2024-07-31,2024-07,0.0
24796,ADF,artdefinance,2024-08-31,2024-08,0.0
24796,ADF,artdefinance,2024-09-30,2024-09,0.0
24796,ADF,artdefinance,2024-10-31,2024-10,0.0
24796,ADF,artdefinance,2024-11-30,2024-11,0.0
24796,ADF,artdefinance,2024-12-31,2024-12,0.0
24796,ADF,artdefinance,2025-01-31,2025-01,0.0
24796,ADF,artdefinance,2025-02-28,2025-02,0.0
24796,ADF,artdefinance,2025-03-31,2025-03,0.0
24796,ADF,artdefinance,2025-04-30,2025-04,0.0
24796,ADF,artdefinance,2025-05-31,2025-05,0.0
24796,ADF,artdefinance,2025-06-30,2025-06,0.0
24796,ADF,artdefinance,2025-07-31,2025-07,0.0
24796,ADF,artdefinance,2025-08-31,2025-08,0.0
24796,ADF,artdefinance,2025-09-30,2025-09,0.0
24796,ADF,artdefinance,2025-10-31,2025-10,0.0
24796,ADF,artdefinance,2025-11-30,2025-11,0.0
24796,ADF,artdefinance,2025-12-31,2025-12,0.0
24796,ADF,artdefinance,2026-01-31,2026-01,0.0
24796,ADF,artdefinance,2026-02-28,2026-02,0.0
24796,ADF,artdefinance,2026-03-31,2026-03,0.0
24796,ADF,artdefinance,2026-04-30,2026-04,0.0
24796,ADF,artdefinance,2026-05-31,2026-05,0.0
26997,ZRO,layerzero-v2,2026-05-31,2026-05,7544617897.0
27075,MNT,chain:Mantle,2023-07-31,2023-07,15316816.0
27075,MNT,chain:Mantle,2023-08-31,2023-08,38909271.0
27075,MNT,chain:Mantle,2023-09-30,2023-09,37953606.0
27075,MNT,chain:Mantle,2023-10-31,2023-10,52807799.0
27075,MNT,chain:Mantle,2023-11-30,2023-11,77001359.0
27075,MNT,chain:Mantle,2023-12-31,2023-12,122930340.0
27075,MNT,chain:Mantle,2024-01-31,2024-01,140000344.0
27075,MNT,chain:Mantle,2024-02-29,2024-02,228421740.0
27075,MNT,chain:Mantle,2024-03-31,2024-03,270205113.0
27075,MNT,chain:Mantle,2024-04-30,2024-04,300176689.0
27075,MNT,chain:Mantle,2024-05-31,2024-05,363631549.0
27075,MNT,chain:Mantle,2024-06-30,2024-06,358172718.0
27075,MNT,chain:Mantle,2024-07-31,2024-07,599727721.0
27075,MNT,chain:Mantle,2024-08-31,2024-08,471290004.0
27075,MNT,chain:Mantle,2024-09-30,2024-09,462095446.0
27075,MNT,chain:Mantle,2024-10-31,2024-10,517260199.0
27075,MNT,chain:Mantle,2024-11-30,2024-11,522864881.0
27075,MNT,chain:Mantle,2024-12-31,2024-12,457269777.0
27075,MNT,chain:Mantle,2025-01-31,2025-01,456562034.0
27075,MNT,chain:Mantle,2025-02-28,2025-02,277845099.0
27075,MNT,chain:Mantle,2025-03-31,2025-03,241037053.0
27075,MNT,chain:Mantle,2025-04-30,2025-04,238209843.0
27075,MNT,chain:Mantle,2025-05-31,2025-05,218772409.0
27075,MNT,chain:Mantle,2025-06-30,2025-06,212494006.0
27075,MNT,chain:Mantle,2025-07-31,2025-07,235804019.0
27075,MNT,chain:Mantle,2025-08-31,2025-08,225536596.0
27075,MNT,chain:Mantle,2025-09-30,2025-09,242296736.0
27075,MNT,chain:Mantle,2025-10-31,2025-10,195074451.0
27075,MNT,chain:Mantle,2025-11-30,2025-11,172300050.0
27075,MNT,chain:Mantle,2025-12-31,2025-12,169345356.0
27075,MNT,chain:Mantle,2026-01-31,2026-01,142712086.0
27075,MNT,chain:Mantle,2026-02-28,2026-02,516760940.0
27075,MNT,chain:Mantle,2026-03-31,2026-03,648015213.0
27075,MNT,chain:Mantle,2026-04-30,2026-04,198546343.0
27075,MNT,chain:Mantle,2026-05-31,2026-05,230220629.0
27765,ZBU,zeebu,2024-12-31,2024-12,0.0
27765,ZBU,zeebu,2025-01-31,2025-01,0.0
27765,ZBU,zeebu,2025-02-28,2025-02,0.0
27765,ZBU,zeebu,2025-03-31,2025-03,0.0
27765,ZBU,zeebu,2025-04-30,2025-04,0.0
27765,ZBU,zeebu,2025-05-31,2025-05,0.0
27765,ZBU,zeebu,2025-06-30,2025-06,0.0
27765,ZBU,zeebu,2025-07-31,2025-07,0.0
27765,ZBU,zeebu,2025-08-31,2025-08,0.0
27765,ZBU,zeebu,2025-09-30,2025-09,0.0
27765,ZBU,zeebu,2025-10-31,2025-10,0.0
27765,ZBU,zeebu,2025-11-30,2025-11,0.0
27765,ZBU,zeebu,2025-12-31,2025-12,0.0
27765,ZBU,zeebu,2026-01-31,2026-01,0.0
27765,ZBU,zeebu,2026-02-28,2026-02,0.0
27765,ZBU,zeebu,2026-03-31,2026-03,0.0
27765,ZBU,zeebu,2026-04-30,2026-04,0.0
27765,ZBU,zeebu,2026-05-31,2026-05,0.0
28412,MUBI,multibit-protocol,2023-12-31,2023-12,4334176.0
28412,MUBI,multibit-protocol,2024-01-31,2024-01,14563.0
28412,MUBI,multibit-protocol,2024-02-29,2024-02,1364005.0
28412,MUBI,multibit-protocol,2024-03-31,2024-03,64565605.0
28412,MUBI,multibit-protocol,2024-04-30,2024-04,41138311.0
28412,MUBI,multibit-protocol,2024-05-31,2024-05,34104371.0
28412,MUBI,multibit-protocol,2024-06-30,2024-06,21591843.0
28412,MUBI,multibit-protocol,2024-07-31,2024-07,16333565.0
28412,MUBI,multibit-protocol,2024-08-31,2024-08,14119571.0
28412,MUBI,multibit-protocol,2024-09-30,2024-09,341641.0
28412,MUBI,multibit-protocol,2024-10-31,2024-10,261621.0
28412,MUBI,multibit-protocol,2024-11-30,2024-11,282732.0
28412,MUBI,multibit-protocol,2024-12-31,2024-12,210554.0
28412,MUBI,multibit-protocol,2025-01-31,2025-01,168309.0
28412,MUBI,multibit-protocol,2025-02-28,2025-02,133762.0
28412,MUBI,multibit-protocol,2025-03-31,2025-03,107951.0
28412,MUBI,multibit-protocol,2025-04-30,2025-04,75149.0
28412,MUBI,multibit-protocol,2025-05-31,2025-05,67538.0
28412,MUBI,multibit-protocol,2025-06-30,2025-06,57554.0
28412,MUBI,multibit-protocol,2025-07-31,2025-07,6041902.0
28412,MUBI,multibit-protocol,2025-08-31,2025-08,5605928.0
28412,MUBI,multibit-protocol,2025-09-30,2025-09,5921953.0
28412,MUBI,multibit-protocol,2025-10-31,2025-10,196258.0
28412,MUBI,multibit-protocol,2025-11-30,2025-11,168906.0
28412,MUBI,multibit-protocol,2025-12-31,2025-12,164104.0
28412,MUBI,multibit-protocol,2026-01-31,2026-01,162207.0
28412,MUBI,multibit-protocol,2026-02-28,2026-02,124786.0
28412,MUBI,multibit-protocol,2026-03-31,2026-03,125094.0
28412,MUBI,multibit-protocol,2026-04-30,2026-04,146473.0
28412,MUBI,multibit-protocol,2026-05-31,2026-05,137196.0
28480,BLAST,chain:Blast,2024-02-29,2024-02,1007755.0
28480,BLAST,chain:Blast,2024-03-31,2024-03,1295816777.0
28480,BLAST,chain:Blast,2024-04-30,2024-04,1509757187.0
28480,BLAST,chain:Blast,2024-05-31,2024-05,2198206581.0
28480,BLAST,chain:Blast,2024-06-30,2024-06,1430009999.0
28480,BLAST,chain:Blast,2024-07-31,2024-07,1150084312.0
28480,BLAST,chain:Blast,2024-08-31,2024-08,795766258.0
28480,BLAST,chain:Blast,2024-09-30,2024-09,762198437.0
28480,BLAST,chain:Blast,2024-10-31,2024-10,613760144.0
28480,BLAST,chain:Blast,2024-11-30,2024-11,615781629.0
28480,BLAST,chain:Blast,2024-12-31,2024-12,455092097.0
28480,BLAST,chain:Blast,2025-01-31,2025-01,327619366.0
28480,BLAST,chain:Blast,2025-02-28,2025-02,173750141.0
28480,BLAST,chain:Blast,2025-03-31,2025-03,114160514.0
28480,BLAST,chain:Blast,2025-04-30,2025-04,108411186.0
28480,BLAST,chain:Blast,2025-05-31,2025-05,115081336.0
28480,BLAST,chain:Blast,2025-06-30,2025-06,99841105.0
28480,BLAST,chain:Blast,2025-07-31,2025-07,96172914.0
28480,BLAST,chain:Blast,2025-08-31,2025-08,73044996.0
28480,BLAST,chain:Blast,2025-09-30,2025-09,69756399.0
28480,BLAST,chain:Blast,2025-10-31,2025-10,60872111.0
28480,BLAST,chain:Blast,2025-11-30,2025-11,52239900.0
28480,BLAST,chain:Blast,2025-12-31,2025-12,53668841.0
28480,BLAST,chain:Blast,2026-01-31,2026-01,48116631.0
28480,BLAST,chain:Blast,2026-02-28,2026-02,33142527.0
28480,BLAST,chain:Blast,2026-03-31,2026-03,33541104.0
28480,BLAST,chain:Blast,2026-04-30,2026-04,32357985.0
28480,BLAST,chain:Blast,2026-05-31,2026-05,30513777.0
28933,XAI,chain:Xai,2024-02-29,2024-02,13494.0
28933,XAI,chain:Xai,2024-03-31,2024-03,931142.0
28933,XAI,chain:Xai,2024-04-30,2024-04,561675.0
28933,XAI,chain:Xai,2024-05-31,2024-05,595314.0
28933,XAI,chain:Xai,2024-06-30,2024-06,1315404.0
28933,XAI,chain:Xai,2024-07-31,2024-07,988173.0
28933,XAI,chain:Xai,2024-08-31,2024-08,697845.0
28933,XAI,chain:Xai,2024-09-30,2024-09,955166.0
28933,XAI,chain:Xai,2024-10-31,2024-10,1216350.0
28933,XAI,chain:Xai,2024-11-30,2024-11,1959417.0
28933,XAI,chain:Xai,2024-12-31,2024-12,1279595.0
28933,XAI,chain:Xai,2025-01-31,2025-01,932416.0
28933,XAI,chain:Xai,2025-02-28,2025-02,547172.0
28933,XAI,chain:Xai,2025-03-31,2025-03,406651.0
28933,XAI,chain:Xai,2025-04-30,2025-04,306646.0
28933,XAI,chain:Xai,2025-05-31,2025-05,276217.0
28933,XAI,chain:Xai,2025-06-30,2025-06,251627.0
28933,XAI,chain:Xai,2025-07-31,2025-07,259771.0
28933,XAI,chain:Xai,2025-08-31,2025-08,242432.0
28933,XAI,chain:Xai,2025-09-30,2025-09,207420.0
28933,XAI,chain:Xai,2025-10-31,2025-10,137223.0
28933,XAI,chain:Xai,2025-11-30,2025-11,119562.0
28933,XAI,chain:Xai,2025-12-31,2025-12,102997.0
28933,XAI,chain:Xai,2026-01-31,2026-01,49895.0
28933,XAI,chain:Xai,2026-02-28,2026-02,46678.0
28933,XAI,chain:Xai,2026-03-31,2026-03,43809.0
28933,XAI,chain:Xai,2026-04-30,2026-04,50484.0
28933,XAI,chain:Xai,2026-05-31,2026-05,46889.0
29270,AERO,aerodrome,2023-08-31,2023-08,24002800.0
29270,AERO,aerodrome,2023-09-30,2023-09,105932869.0
29270,AERO,aerodrome,2023-10-31,2023-10,57100810.0
29270,AERO,aerodrome,2023-11-30,2023-11,62273867.0
29270,AERO,aerodrome,2023-12-31,2023-12,122143953.0
29270,AERO,aerodrome,2024-01-31,2024-01,116234445.0
29270,AERO,aerodrome,2024-02-29,2024-02,150670030.0
29270,AERO,aerodrome,2024-03-31,2024-03,529791902.0
29270,AERO,aerodrome,2024-04-30,2024-04,694617027.0
29270,AERO,aerodrome,2024-05-31,2024-05,669782419.0
29270,AERO,aerodrome,2024-06-30,2024-06,552774076.0
29270,AERO,aerodrome,2024-07-31,2024-07,601024620.0
29270,AERO,aerodrome,2024-08-31,2024-08,571098149.0
29270,AERO,aerodrome,2024-09-30,2024-09,853314542.0
29270,AERO,aerodrome,2024-10-31,2024-10,941348119.0
29270,AERO,aerodrome,2024-11-30,2024-11,1156145896.0
29270,AERO,aerodrome,2024-12-31,2024-12,1071388715.0
29270,AERO,aerodrome,2025-01-31,2025-01,772702979.0
29270,AERO,aerodrome,2025-02-28,2025-02,543391700.0
29270,AERO,aerodrome,2025-03-31,2025-03,494946912.0
29270,AERO,aerodrome,2025-04-30,2025-04,479204712.0
29270,AERO,aerodrome,2025-05-31,2025-05,500516304.0
29270,AERO,aerodrome,2025-06-30,2025-06,520070994.0
29270,AERO,aerodrome,2025-07-31,2025-07,560106189.0
29270,AERO,aerodrome,2025-08-31,2025-08,621559883.0
29270,AERO,aerodrome,2025-09-30,2025-09,575078296.0
29270,AERO,aerodrome,2025-10-31,2025-10,543237959.0
29270,AERO,aerodrome,2025-11-30,2025-11,436778881.0
29270,AERO,aerodrome,2025-12-31,2025-12,452220634.0
29270,AERO,aerodrome,2026-01-31,2026-01,428612166.0
29270,AERO,aerodrome,2026-02-28,2026-02,351240764.0
29270,AERO,aerodrome,2026-03-31,2026-03,347557433.0
29270,AERO,aerodrome,2026-04-30,2026-04,371713310.0
29270,AERO,aerodrome,2026-05-31,2026-05,354536098.0
29587,W,portal,2021-09-30,2021-09,137903884.0
29587,W,portal,2021-10-31,2021-10,460923515.0
29587,W,portal,2021-11-30,2021-11,660669080.0
29587,W,portal,2021-12-31,2021-12,943929601.0
29587,W,portal,2022-01-31,2022-01,1573210852.0
29587,W,portal,2022-02-28,2022-02,2221162050.0
29587,W,portal,2022-03-31,2022-03,4206730862.0
29587,W,portal,2022-04-30,2022-04,3898979117.0
29587,W,portal,2022-05-31,2022-05,633037977.0
29587,W,portal,2022-06-30,2022-06,587636309.0
29587,W,portal,2022-07-31,2022-07,529294803.0
29587,W,portal,2022-08-31,2022-08,472484529.0
29587,W,portal,2022-09-30,2022-09,436597497.0
29587,W,portal,2022-10-31,2022-10,506954447.0
29587,W,portal,2022-11-30,2022-11,274176270.0
29587,W,portal,2022-12-31,2022-12,244966348.0
29587,W,portal,2023-01-31,2023-01,304358239.0
29587,W,portal,2023-02-28,2023-02,311760589.0
29587,W,portal,2023-03-31,2023-03,281141615.0
29587,W,portal,2023-04-30,2023-04,275681327.0
29587,W,portal,2023-05-31,2023-05,367244367.0
29587,W,portal,2023-06-30,2023-06,370688577.0
29587,W,portal,2023-07-31,2023-07,388447348.0
29587,W,portal,2023-08-31,2023-08,321398254.0
29587,W,portal,2023-09-30,2023-09,321847291.0
29587,W,portal,2023-10-31,2023-10,399494078.0
29587,W,portal,2023-11-30,2023-11,641542472.0
29587,W,portal,2023-12-31,2023-12,1001192209.0
29587,W,portal,2024-01-31,2024-01,1004683950.0
29587,W,portal,2024-02-29,2024-02,1559385515.0
29587,W,portal,2024-03-31,2024-03,2563526442.0
29587,W,portal,2024-04-30,2024-04,2033442492.0
29587,W,portal,2024-05-31,2024-05,1787797299.0
29587,W,portal,2024-06-30,2024-06,1538877996.0
29587,W,portal,2024-07-31,2024-07,2044184015.0
29587,W,portal,2024-08-31,2024-08,2213566933.0
29587,W,portal,2024-09-30,2024-09,3529342509.0
29587,W,portal,2024-10-31,2024-10,3061695888.0
29587,W,portal,2024-11-30,2024-11,4659940308.0
29587,W,portal,2024-12-31,2024-12,4202971031.0
29587,W,portal,2025-01-31,2025-01,4182850112.0
29587,W,portal,2025-02-28,2025-02,2742539029.0
29587,W,portal,2025-03-31,2025-03,2508372227.0
29587,W,portal,2025-04-30,2025-04,2887317589.0
29587,W,portal,2025-05-31,2025-05,2767069780.0
29587,W,portal,2025-06-30,2025-06,2598881091.0
29587,W,portal,2025-07-31,2025-07,2984595555.0
29587,W,portal,2025-08-31,2025-08,2766737097.0
29587,W,portal,2025-09-30,2025-09,2809810692.0
29587,W,portal,2025-10-31,2025-10,2242830506.0
29587,W,portal,2025-11-30,2025-11,1853331886.0
29587,W,portal,2025-12-31,2025-12,1536089328.0
29587,W,portal,2026-01-31,2026-01,1558394175.0
29587,W,portal,2026-02-28,2026-02,1294853806.0
29587,W,portal,2026-03-31,2026-03,1500715207.0
29587,W,portal,2026-04-30,2026-04,1838061774.0
29587,W,portal,2026-05-31,2026-05,2057178626.0
29676,AEVO,aevo-perps,2023-04-30,2023-04,2698488.0
29676,AEVO,aevo-perps,2023-05-31,2023-05,2834586.0
29676,AEVO,aevo-perps,2023-06-30,2023-06,3740136.0
29676,AEVO,aevo-perps,2023-07-31,2023-07,4859767.0
29676,AEVO,aevo-perps,2023-08-31,2023-08,6206398.0
29676,AEVO,aevo-perps,2023-09-30,2023-09,6925896.0
29676,AEVO,aevo-perps,2023-10-31,2023-10,9390221.0
29676,AEVO,aevo-perps,2023-11-30,2023-11,14019214.0
29676,AEVO,aevo-perps,2023-12-31,2023-12,34137287.0
29676,AEVO,aevo-perps,2024-01-31,2024-01,47770924.0
29676,AEVO,aevo-perps,2024-02-29,2024-02,84324277.0
29676,AEVO,aevo-perps,2024-03-31,2024-03,86235395.0
29676,AEVO,aevo-perps,2024-04-30,2024-04,71987906.0
29676,AEVO,aevo-perps,2024-05-31,2024-05,73698113.0
29676,AEVO,aevo-perps,2024-06-30,2024-06,66722576.0
29676,AEVO,aevo-perps,2024-07-31,2024-07,62084389.0
29676,AEVO,aevo-perps,2024-08-31,2024-08,50706757.0
29676,AEVO,aevo-perps,2024-09-30,2024-09,49414047.0
29676,AEVO,aevo-perps,2024-10-31,2024-10,50521458.0
29676,AEVO,aevo-perps,2024-11-30,2024-11,56130049.0
29676,AEVO,aevo-perps,2024-12-31,2024-12,42217154.0
29676,AEVO,aevo-perps,2025-01-31,2025-01,39745747.0
29676,AEVO,aevo-perps,2025-02-28,2025-02,41894147.0
29676,AEVO,aevo-perps,2025-03-31,2025-03,40270314.0
29676,AEVO,aevo-perps,2025-04-30,2025-04,36986025.0
29676,AEVO,aevo-perps,2025-05-31,2025-05,38700915.0
29676,AEVO,aevo-perps,2025-06-30,2025-06,38358129.0
29676,AEVO,aevo-perps,2025-07-31,2025-07,41524908.0
29676,AEVO,aevo-perps,2025-08-31,2025-08,36727462.0
29676,AEVO,aevo-perps,2025-09-30,2025-09,34613857.0
29676,AEVO,aevo-perps,2025-10-31,2025-10,31687385.0
29676,AEVO,aevo-perps,2025-11-30,2025-11,28637351.0
29676,AEVO,aevo-perps,2025-12-31,2025-12,26744913.0
29676,AEVO,aevo-perps,2026-01-31,2026-01,22989521.0
29676,AEVO,aevo-perps,2026-02-28,2026-02,22346999.0
29676,AEVO,aevo-perps,2026-03-31,2026-03,21523354.0
29676,AEVO,aevo-perps,2026-04-30,2026-04,19618499.0
29676,AEVO,aevo-perps,2026-05-31,2026-05,16163380.0
30083,ATH,aethir,2025-10-31,2025-10,0.0
30083,ATH,aethir,2025-11-30,2025-11,0.0
30083,ATH,aethir,2025-12-31,2025-12,0.0
30083,ATH,aethir,2026-01-31,2026-01,0.0
30083,ATH,aethir,2026-02-28,2026-02,0.0
30083,ATH,aethir,2026-03-31,2026-03,0.0
30083,ATH,aethir,2026-04-30,2026-04,0.0
30083,ATH,aethir,2026-05-31,2026-05,0.0
30171,ENA,ethena,2023-12-31,2023-12,84763418.0
30171,ENA,ethena,2024-01-31,2024-01,135308781.0
30171,ENA,ethena,2024-02-29,2024-02,519531850.0
30171,ENA,ethena,2024-03-31,2024-03,1532428086.0
30171,ENA,ethena,2024-04-30,2024-04,2355242501.0
30171,ENA,ethena,2024-05-31,2024-05,2970024151.0
30171,ENA,ethena,2024-06-30,2024-06,3599760275.0
30171,ENA,ethena,2024-07-31,2024-07,3207502025.0
30171,ENA,ethena,2024-08-31,2024-08,2839844045.0
30171,ENA,ethena,2024-09-30,2024-09,2543481016.0
30171,ENA,ethena,2024-10-31,2024-10,2722913229.0
30171,ENA,ethena,2024-11-30,2024-11,4360673846.0
30171,ENA,ethena,2024-12-31,2024-12,5889368151.66005
30171,ENA,ethena,2025-01-31,2025-01,5945059913.63545
30171,ENA,ethena,2025-02-28,2025-02,5897597648.33472
30171,ENA,ethena,2025-03-31,2025-03,5270592903.22774
30171,ENA,ethena,2025-04-30,2025-04,4709054007.22774
30171,ENA,ethena,2025-05-31,2025-05,5410409844.15774
30171,ENA,ethena,2025-06-30,2025-06,5458326742.2641
30171,ENA,ethena,2025-07-31,2025-07,8400434060.91986
30171,ENA,ethena,2025-08-31,2025-08,12507365859.66682
30171,ENA,ethena,2025-09-30,2025-09,14644755312.24263
30171,ENA,ethena,2025-10-31,2025-10,9675384708.107521
30171,ENA,ethena,2025-11-30,2025-11,7397982451.02607
30171,ENA,ethena,2025-12-31,2025-12,6465596999.89417
30171,ENA,ethena,2026-01-31,2026-01,7377826630.98263
30171,ENA,ethena,2026-02-28,2026-02,6810074834.80654
30171,ENA,ethena,2026-03-31,2026-03,6618376125.15369
30171,ENA,ethena,2026-04-30,2026-04,4342257819.47695
30171,ENA,ethena,2026-05-31,2026-05,5517377271.82489
30494,EIGEN,eigencloud,2023-06-30,2023-06,18453136.0
30494,EIGEN,eigencloud,2023-07-31,2023-07,87662292.0
30494,EIGEN,eigencloud,2023-08-31,2023-08,245234866.0
30494,EIGEN,eigencloud,2023-09-30,2023-09,231465894.0
30494,EIGEN,eigencloud,2023-10-31,2023-10,231172058.0
30494,EIGEN,eigencloud,2023-11-30,2023-11,359403374.0
30494,EIGEN,eigencloud,2023-12-31,2023-12,1322709263.0
30494,EIGEN,eigencloud,2024-01-31,2024-01,2123282669.0
30494,EIGEN,eigencloud,2024-02-29,2024-02,9741289639.0
30494,EIGEN,eigencloud,2024-03-31,2024-03,13694514130.0
30494,EIGEN,eigencloud,2024-04-30,2024-04,15645612091.0
30494,EIGEN,eigencloud,2024-05-31,2024-05,18467386420.0
30494,EIGEN,eigencloud,2024-06-30,2024-06,17231594979.0
30494,EIGEN,eigencloud,2024-07-31,2024-07,16157306601.0
30494,EIGEN,eigencloud,2024-08-31,2024-08,11818936221.0
30494,EIGEN,eigencloud,2024-09-30,2024-09,12170132980.0
30494,EIGEN,eigencloud,2024-10-31,2024-10,11279829476.0
30494,EIGEN,eigencloud,2024-11-30,2024-11,16405101415.0
30494,EIGEN,eigencloud,2024-12-31,2024-12,14911863381.0
30494,EIGEN,eigencloud,2025-01-31,2025-01,14009881509.0
30494,EIGEN,eigencloud,2025-02-28,2025-02,10131030971.0
30494,EIGEN,eigencloud,2025-03-31,2025-03,8359057729.0
30494,EIGEN,eigencloud,2025-04-30,2025-04,7841297244.0
30494,EIGEN,eigencloud,2025-05-31,2025-05,10767812057.0
30494,EIGEN,eigencloud,2025-06-30,2025-06,11656154232.0
30494,EIGEN,eigencloud,2025-07-31,2025-07,18555608698.0
30494,EIGEN,eigencloud,2025-08-31,2025-08,19343095080.0
30494,EIGEN,eigencloud,2025-09-30,2025-09,17647976919.0
30494,EIGEN,eigencloud,2025-10-31,2025-10,15969368454.0
30494,EIGEN,eigencloud,2025-11-30,2025-11,12192995471.0
30494,EIGEN,eigencloud,2025-12-31,2025-12,12552326401.0
30494,EIGEN,eigencloud,2026-01-31,2026-01,12248452706.0
30494,EIGEN,eigencloud,2026-02-28,2026-02,8770070046.0
30494,EIGEN,eigencloud,2026-03-31,2026-03,8586226980.0
30494,EIGEN,eigencloud,2026-04-30,2026-04,8823827809.0
30494,EIGEN,eigencloud,2026-05-31,2026-05,5799487909.0
30712,MERL,merlins-seal,2024-02-29,2024-02,1892743498.0
30712,MERL,merlins-seal,2024-03-31,2024-03,2497157958.0
30712,MERL,merlins-seal,2024-04-30,2024-04,1268277350.0
30712,MERL,merlins-seal,2024-05-31,2024-05,1357406259.0
30712,MERL,merlins-seal,2024-06-30,2024-06,1229288974.0
30712,MERL,merlins-seal,2024-07-31,2024-07,1209384585.0
30712,MERL,merlins-seal,2024-08-31,2024-08,868106889.0
30712,MERL,merlins-seal,2024-09-30,2024-09,1084655022.0
30712,MERL,merlins-seal,2024-10-31,2024-10,1099860681.0
30712,MERL,merlins-seal,2024-11-30,2024-11,1346583472.0
30712,MERL,merlins-seal,2024-12-31,2024-12,925995727.0
30712,MERL,merlins-seal,2025-01-31,2025-01,966406434.0
30712,MERL,merlins-seal,2025-02-28,2025-02,789433849.0
30712,MERL,merlins-seal,2025-03-31,2025-03,736822978.0
30712,MERL,merlins-seal,2025-04-30,2025-04,832752197.0
30712,MERL,merlins-seal,2025-05-31,2025-05,662823729.0
30712,MERL,merlins-seal,2025-06-30,2025-06,685703289.0
30712,MERL,merlins-seal,2025-07-31,2025-07,750489052.0
30712,MERL,merlins-seal,2025-08-31,2025-08,708172155.0
30712,MERL,merlins-seal,2025-09-30,2025-09,740214430.0
30712,MERL,merlins-seal,2025-10-31,2025-10,697332850.0
30712,MERL,merlins-seal,2025-11-30,2025-11,584195613.0
30712,MERL,merlins-seal,2025-12-31,2025-12,563464581.0
30712,MERL,merlins-seal,2026-01-31,2026-01,534351005.0
30712,MERL,merlins-seal,2026-02-28,2026-02,415498185.0
30712,MERL,merlins-seal,2026-03-31,2026-03,413810333.0
30712,MERL,merlins-seal,2026-04-30,2026-04,454227085.0
30712,MERL,merlins-seal,2026-05-31,2026-05,439377105.0
33038,SKY,sky-lending,2019-01-31,2019-01,210148472.0
33038,SKY,sky-lending,2019-02-28,2019-02,294046143.0
33038,SKY,sky-lending,2019-03-31,2019-03,313300444.0
33038,SKY,sky-lending,2019-04-30,2019-04,316208536.0
33038,SKY,sky-lending,2019-05-31,2019-05,460889453.0
33038,SKY,sky-lending,2019-06-30,2019-06,462481827.0
33038,SKY,sky-lending,2019-07-31,2019-07,288660675.0
33038,SKY,sky-lending,2019-08-31,2019-08,242611108.0
33038,SKY,sky-lending,2019-09-30,2019-09,259152760.0
33038,SKY,sky-lending,2019-10-31,2019-10,334565766.0
33038,SKY,sky-lending,2019-11-30,2019-11,321797642.0
33038,SKY,sky-lending,2019-12-31,2019-12,314326635.0
33038,SKY,sky-lending,2020-01-31,2020-01,453879841.0
33038,SKY,sky-lending,2020-02-29,2020-02,461749793.0
33038,SKY,sky-lending,2020-03-31,2020-03,303983274.0
33038,SKY,sky-lending,2020-04-30,2020-04,453511911.0
33038,SKY,sky-lending,2020-05-31,2020-05,503552611.0
33038,SKY,sky-lending,2020-06-30,2020-06,422698336.0
33038,SKY,sky-lending,2020-07-31,2020-07,918144848.0
33038,SKY,sky-lending,2020-08-31,2020-08,1224738190.0
33038,SKY,sky-lending,2020-09-30,2020-09,1646430006.0
33038,SKY,sky-lending,2020-10-31,2020-10,1684870911.0
33038,SKY,sky-lending,2020-11-30,2020-11,2274518760.0
33038,SKY,sky-lending,2020-12-31,2020-12,2793237930.0
33038,SKY,sky-lending,2021-01-31,2021-01,4833263998.0
33038,SKY,sky-lending,2021-02-28,2021-02,5997627653.0
33038,SKY,sky-lending,2021-03-31,2021-03,7862364093.0
33038,SKY,sky-lending,2021-04-30,2021-04,11426945554.0
33038,SKY,sky-lending,2021-05-31,2021-05,9957422828.0
33038,SKY,sky-lending,2021-06-30,2021-06,9643812752.0
33038,SKY,sky-lending,2021-07-31,2021-07,10496831046.0
33038,SKY,sky-lending,2021-08-31,2021-08,12345435368.0
33038,SKY,sky-lending,2021-09-30,2021-09,11485228843.0
33038,SKY,sky-lending,2021-10-31,2021-10,17335522623.0
33038,SKY,sky-lending,2021-11-30,2021-11,19248402258.0
33038,SKY,sky-lending,2021-12-31,2021-12,17601219407.0
33038,SKY,sky-lending,2022-01-31,2022-01,15626766732.0
33038,SKY,sky-lending,2022-02-28,2022-02,15017845311.0
33038,SKY,sky-lending,2022-03-31,2022-03,17448229800.0
33038,SKY,sky-lending,2022-04-30,2022-04,13379725963.0
33038,SKY,sky-lending,2022-05-31,2022-05,10099104834.0
33038,SKY,sky-lending,2022-06-30,2022-06,7631786581.0
33038,SKY,sky-lending,2022-07-31,2022-07,8568869966.0
33038,SKY,sky-lending,2022-08-31,2022-08,7990896835.0
33038,SKY,sky-lending,2022-09-30,2022-09,7174354841.0
33038,SKY,sky-lending,2022-10-31,2022-10,8182950077.0
33038,SKY,sky-lending,2022-11-30,2022-11,6650925818.0
33038,SKY,sky-lending,2022-12-31,2022-12,6067393212.0
33038,SKY,sky-lending,2023-01-31,2023-01,7098932840.0
33038,SKY,sky-lending,2023-02-28,2023-02,7241570129.0
33038,SKY,sky-lending,2023-03-31,2023-03,7635357383.0
33038,SKY,sky-lending,2023-04-30,2023-04,7433932192.0
33038,SKY,sky-lending,2023-05-31,2023-05,6900015086.0
33038,SKY,sky-lending,2023-06-30,2023-06,6118031217.0
33038,SKY,sky-lending,2023-07-31,2023-07,5170037482.0
33038,SKY,sky-lending,2023-08-31,2023-08,5237921392.0
33038,SKY,sky-lending,2023-09-30,2023-09,4606435318.0
33038,SKY,sky-lending,2023-10-31,2023-10,4921828366.0
33038,SKY,sky-lending,2023-11-30,2023-11,5475981157.0
33038,SKY,sky-lending,2023-12-31,2023-12,5726152714.0
33038,SKY,sky-lending,2024-01-31,2024-01,5816363538.0
33038,SKY,sky-lending,2024-02-29,2024-02,7038207414.0
33038,SKY,sky-lending,2024-03-31,2024-03,6528577241.0
33038,SKY,sky-lending,2024-04-30,2024-04,5993588590.0
33038,SKY,sky-lending,2024-05-31,2024-05,6541711883.0
33038,SKY,sky-lending,2024-06-30,2024-06,5715576660.0
33038,SKY,sky-lending,2024-07-31,2024-07,5684589721.0
33038,SKY,sky-lending,2024-08-31,2024-08,4717521574.0
33038,SKY,sky-lending,2024-09-30,2024-09,6210298771.0
33038,SKY,sky-lending,2024-10-31,2024-10,5367883118.0
33038,SKY,sky-lending,2024-11-30,2024-11,6626494104.0
33038,SKY,sky-lending,2024-12-31,2024-12,6664037136.0
33038,SKY,sky-lending,2025-01-31,2025-01,7079548419.0
33038,SKY,sky-lending,2025-02-28,2025-02,5458803888.0
33038,SKY,sky-lending,2025-03-31,2025-03,6337060877.0
33038,SKY,sky-lending,2025-04-30,2025-04,6239092008.0
33038,SKY,sky-lending,2025-05-31,2025-05,5316930279.0
33038,SKY,sky-lending,2025-06-30,2025-06,4981693628.0
33038,SKY,sky-lending,2025-07-31,2025-07,5534108497.0
33038,SKY,sky-lending,2025-08-31,2025-08,6143764325.0
33038,SKY,sky-lending,2025-09-30,2025-09,5826659252.0
33038,SKY,sky-lending,2025-10-31,2025-10,6762768427.0
33038,SKY,sky-lending,2025-11-30,2025-11,6211846085.0
33038,SKY,sky-lending,2025-12-31,2025-12,5737553498.0
33038,SKY,sky-lending,2026-01-31,2026-01,5543489419.0
33038,SKY,sky-lending,2026-02-28,2026-02,5585842158.0
33038,SKY,sky-lending,2026-03-31,2026-03,6372871549.0
33038,SKY,sky-lending,2026-04-30,2026-04,5403200761.0
33038,SKY,sky-lending,2026-05-31,2026-05,6131118441.0
33824,SYRUP,maple,2021-05-31,2021-05,17022273.0
33824,SYRUP,maple,2021-06-30,2021-06,20167024.0
33824,SYRUP,maple,2021-07-31,2021-07,12534406.0
33824,SYRUP,maple,2021-08-31,2021-08,15006713.0
33824,SYRUP,maple,2021-09-30,2021-09,5943591.0
33824,SYRUP,maple,2021-10-31,2021-10,23951514.0
33824,SYRUP,maple,2021-11-30,2021-11,67294113.0
33824,SYRUP,maple,2021-12-31,2021-12,25073075.0
33824,SYRUP,maple,2022-01-31,2022-01,55840712.0
33824,SYRUP,maple,2022-02-28,2022-02,44084535.0
33824,SYRUP,maple,2022-03-31,2022-03,29697229.0
33824,SYRUP,maple,2022-04-30,2022-04,59760592.0
33824,SYRUP,maple,2022-05-31,2022-05,84439317.0
33824,SYRUP,maple,2022-06-30,2022-06,1764.0
33824,SYRUP,maple,2022-07-31,2022-07,12471050.0
33824,SYRUP,maple,2022-08-31,2022-08,34025246.0
33824,SYRUP,maple,2022-09-30,2022-09,9701068.0
33824,SYRUP,maple,2022-10-31,2022-10,24601061.0
33824,SYRUP,maple,2022-11-30,2022-11,21927518.0
33824,SYRUP,maple,2022-12-31,2022-12,33507824.0
33824,SYRUP,maple,2023-01-31,2023-01,34869194.0
33824,SYRUP,maple,2023-02-28,2023-02,5545325.0
33824,SYRUP,maple,2023-03-31,2023-03,2509940.0
33824,SYRUP,maple,2023-04-30,2023-04,1871625.0
33824,SYRUP,maple,2023-05-31,2023-05,4974697.0
33824,SYRUP,maple,2023-06-30,2023-06,4261662.0
33824,SYRUP,maple,2023-07-31,2023-07,1901136.0
33824,SYRUP,maple,2023-08-31,2023-08,2018578.0
33824,SYRUP,maple,2023-09-30,2023-09,20511227.0
33824,SYRUP,maple,2023-10-31,2023-10,39743954.0
33824,SYRUP,maple,2023-11-30,2023-11,62980686.0
33824,SYRUP,maple,2023-12-31,2023-12,45460048.0
33824,SYRUP,maple,2024-01-31,2024-01,50753453.0
33824,SYRUP,maple,2024-02-29,2024-02,55189774.0
33824,SYRUP,maple,2024-03-31,2024-03,40480620.0
33824,SYRUP,maple,2024-04-30,2024-04,31992748.0
33824,SYRUP,maple,2024-05-31,2024-05,70297249.0
33824,SYRUP,maple,2024-06-30,2024-06,91337689.0
33824,SYRUP,maple,2024-07-31,2024-07,146240771.0
33824,SYRUP,maple,2024-08-31,2024-08,156163744.0
33824,SYRUP,maple,2024-09-30,2024-09,188937769.0
33824,SYRUP,maple,2024-10-31,2024-10,256490044.0
33824,SYRUP,maple,2024-11-30,2024-11,302894127.0
33824,SYRUP,maple,2024-12-31,2024-12,266694051.0
33824,SYRUP,maple,2025-01-31,2025-01,279658383.0
33824,SYRUP,maple,2025-02-28,2025-02,297030024.0
33824,SYRUP,maple,2025-03-31,2025-03,444328567.0
33824,SYRUP,maple,2025-04-30,2025-04,735831090.0
33824,SYRUP,maple,2025-05-31,2025-05,1306677186.0
33824,SYRUP,maple,2025-06-30,2025-06,1646311856.0
33824,SYRUP,maple,2025-07-31,2025-07,1986903483.0
33824,SYRUP,maple,2025-08-31,2025-08,2047921524.0
33824,SYRUP,maple,2025-09-30,2025-09,2590679074.0
33824,SYRUP,maple,2025-10-31,2025-10,3198570635.0
33824,SYRUP,maple,2025-11-30,2025-11,2656507368.0
33824,SYRUP,maple,2025-12-31,2025-12,2481268608.0
33824,SYRUP,maple,2026-01-31,2026-01,2535792102.0
33824,SYRUP,maple,2026-02-28,2026-02,2038040266.0
33824,SYRUP,maple,2026-03-31,2026-03,2491207397.0
33824,SYRUP,maple,2026-04-30,2026-04,1848779747.0
33824,SYRUP,maple,2026-05-31,2026-05,2025034822.0
34104,MORPHO,morpho-blue,2024-01-31,2024-01,33029506.0
34104,MORPHO,morpho-blue,2024-02-29,2024-02,106368577.0
34104,MORPHO,morpho-blue,2024-03-31,2024-03,354900872.0
34104,MORPHO,morpho-blue,2024-04-30,2024-04,759714380.0
34104,MORPHO,morpho-blue,2024-05-31,2024-05,906654617.0
34104,MORPHO,morpho-blue,2024-06-30,2024-06,1051549458.0
34104,MORPHO,morpho-blue,2024-07-31,2024-07,1061933265.0
34104,MORPHO,morpho-blue,2024-08-31,2024-08,933618128.0
34104,MORPHO,morpho-blue,2024-09-30,2024-09,999933472.0
34104,MORPHO,morpho-blue,2024-10-31,2024-10,1162403530.0
34104,MORPHO,morpho-blue,2024-11-30,2024-11,1987659397.0
34104,MORPHO,morpho-blue,2024-12-31,2024-12,2853852978.0
34104,MORPHO,morpho-blue,2025-01-31,2025-01,3697751878.0
34104,MORPHO,morpho-blue,2025-02-28,2025-02,3006052866.0
34104,MORPHO,morpho-blue,2025-03-31,2025-03,2751450364.0
34104,MORPHO,morpho-blue,2025-04-30,2025-04,2732047397.0
34104,MORPHO,morpho-blue,2025-05-31,2025-05,3614022763.0
34104,MORPHO,morpho-blue,2025-06-30,2025-06,4107611765.0
34104,MORPHO,morpho-blue,2025-07-31,2025-07,5856142891.0
34104,MORPHO,morpho-blue,2025-08-31,2025-08,7239130592.0
34104,MORPHO,morpho-blue,2025-09-30,2025-09,7053924298.0
34104,MORPHO,morpho-blue,2025-10-31,2025-10,8194271606.0
34104,MORPHO,morpho-blue,2025-11-30,2025-11,5884522997.0
34104,MORPHO,morpho-blue,2025-12-31,2025-12,5677763058.0
34104,MORPHO,morpho-blue,2026-01-31,2026-01,6440303650.0
34104,MORPHO,morpho-blue,2026-02-28,2026-02,5623734119.0
34104,MORPHO,morpho-blue,2026-03-31,2026-03,6737065731.0
34104,MORPHO,morpho-blue,2026-04-30,2026-04,6898044940.0
34104,MORPHO,morpho-blue,2026-05-31,2026-05,7324984606.0
34812,BIO,bio-protocol,2025-10-31,2025-10,17611755.0
34812,BIO,bio-protocol,2025-11-30,2025-11,12163236.0
34812,BIO,bio-protocol,2025-12-31,2025-12,8233750.0
34812,BIO,bio-protocol,2026-01-31,2026-01,7072538.0
34812,BIO,bio-protocol,2026-02-28,2026-02,2828787.0
34812,BIO,bio-protocol,2026-03-31,2026-03,2127805.0
34812,BIO,bio-protocol,2026-04-30,2026-04,4185784.0
34812,BIO,bio-protocol,2026-05-31,2026-05,4198348.0
35509,VVV,venice,2026-05-31,2026-05,0.0
35763,KAITO,kaito,2025-11-30,2025-11,0.0
35763,KAITO,kaito,2025-12-31,2025-12,0.0
35763,KAITO,kaito,2026-01-31,2026-01,0.0
35763,KAITO,kaito,2026-02-28,2026-02,0.0
35763,KAITO,kaito,2026-03-31,2026-03,0.0
35763,KAITO,kaito,2026-04-30,2026-04,0.0
35763,KAITO,kaito,2026-05-31,2026-05,0.0
35818,SOSO,sosovalue-indexes,2025-01-31,2025-01,79982831.0
35818,SOSO,sosovalue-indexes,2025-02-28,2025-02,159753366.0
35818,SOSO,sosovalue-indexes,2025-03-31,2025-03,141148246.0
35818,SOSO,sosovalue-indexes,2025-04-30,2025-04,151390030.0
35818,SOSO,sosovalue-indexes,2025-05-31,2025-05,158903555.0
35818,SOSO,sosovalue-indexes,2025-06-30,2025-06,151186376.0
35818,SOSO,sosovalue-indexes,2025-07-31,2025-07,184075054.0
35818,SOSO,sosovalue-indexes,2025-08-31,2025-08,185989504.0
35818,SOSO,sosovalue-indexes,2025-09-30,2025-09,188464699.0
35818,SOSO,sosovalue-indexes,2025-10-31,2025-10,162236702.0
35818,SOSO,sosovalue-indexes,2025-11-30,2025-11,131273036.0
35818,SOSO,sosovalue-indexes,2025-12-31,2025-12,120454694.0
35818,SOSO,sosovalue-indexes,2026-01-31,2026-01,112652884.0
35818,SOSO,sosovalue-indexes,2026-02-28,2026-02,87005060.0
35818,SOSO,sosovalue-indexes,2026-03-31,2026-03,85354349.0
35818,SOSO,sosovalue-indexes,2026-04-30,2026-04,93335114.0
35818,SOSO,sosovalue-indexes,2026-05-31,2026-05,95839411.0
36410,MYX,myx-finance,2024-03-31,2024-03,8096187.0
36410,MYX,myx-finance,2024-04-30,2024-04,11825238.0
36410,MYX,myx-finance,2024-05-31,2024-05,13019523.0
36410,MYX,myx-finance,2024-06-30,2024-06,8009328.0
36410,MYX,myx-finance,2024-07-31,2024-07,8211870.0
36410,MYX,myx-finance,2024-08-31,2024-08,7170488.0
36410,MYX,myx-finance,2024-09-30,2024-09,7485787.0
36410,MYX,myx-finance,2024-10-31,2024-10,7849365.0
36410,MYX,myx-finance,2024-11-30,2024-11,8096932.0
36410,MYX,myx-finance,2024-12-31,2024-12,7960474.0
36410,MYX,myx-finance,2025-01-31,2025-01,7716194.0
36410,MYX,myx-finance,2025-02-28,2025-02,7269936.0
36410,MYX,myx-finance,2025-03-31,2025-03,2645841.0
36410,MYX,myx-finance,2025-04-30,2025-04,2320986.0
36410,MYX,myx-finance,2025-05-31,2025-05,2946435.0
36410,MYX,myx-finance,2025-06-30,2025-06,2707439.0
36410,MYX,myx-finance,2025-07-31,2025-07,3037344.0
36410,MYX,myx-finance,2025-08-31,2025-08,3131450.0
36410,MYX,myx-finance,2025-09-30,2025-09,27933271.0
36410,MYX,myx-finance,2025-10-31,2025-10,26845282.0
36410,MYX,myx-finance,2025-11-30,2025-11,23187308.0
36410,MYX,myx-finance,2025-12-31,2025-12,22919929.0
36410,MYX,myx-finance,2026-01-31,2026-01,22273764.0
36410,MYX,myx-finance,2026-02-28,2026-02,19909229.0
36410,MYX,myx-finance,2026-03-31,2026-03,19855002.0
36410,MYX,myx-finance,2026-04-30,2026-04,13319995.0
36410,MYX,myx-finance,2026-05-31,2026-05,192344.0
38299,AVNT,avantis,2024-02-29,2024-02,2028330.0
38299,AVNT,avantis,2024-03-31,2024-03,5014435.0
38299,AVNT,avantis,2024-04-30,2024-04,7538448.0
38299,AVNT,avantis,2024-05-31,2024-05,7535311.0
38299,AVNT,avantis,2024-06-30,2024-06,14711522.0
38299,AVNT,avantis,2024-07-31,2024-07,15051183.0
38299,AVNT,avantis,2024-08-31,2024-08,15203701.0
38299,AVNT,avantis,2024-09-30,2024-09,14500137.0
38299,AVNT,avantis,2024-10-31,2024-10,12049993.0
38299,AVNT,avantis,2024-11-30,2024-11,11336761.0
38299,AVNT,avantis,2024-12-31,2024-12,15950680.0
38299,AVNT,avantis,2025-01-31,2025-01,13479371.0
38299,AVNT,avantis,2025-02-28,2025-02,12353246.0
38299,AVNT,avantis,2025-03-31,2025-03,10669987.0
38299,AVNT,avantis,2025-04-30,2025-04,10525478.0
38299,AVNT,avantis,2025-05-31,2025-05,11490219.0
38299,AVNT,avantis,2025-06-30,2025-06,20332370.0
38299,AVNT,avantis,2025-07-31,2025-07,22317065.0
38299,AVNT,avantis,2025-08-31,2025-08,23132122.0
38299,AVNT,avantis,2025-09-30,2025-09,44709296.0
38299,AVNT,avantis,2025-10-31,2025-10,118582387.0
38299,AVNT,avantis,2025-11-30,2025-11,111617528.0
38299,AVNT,avantis,2025-12-31,2025-12,103033674.0
38299,AVNT,avantis,2026-01-31,2026-01,103884365.0
38299,AVNT,avantis,2026-02-28,2026-02,90591562.0
38299,AVNT,avantis,2026-03-31,2026-03,71924419.0
38299,AVNT,avantis,2026-04-30,2026-04,49870180.0
38299,AVNT,avantis,2026-05-31,2026-05,44259426.0
38341,RAIN,rain,2025-10-31,2025-10,193571.0
38341,RAIN,rain,2025-11-30,2025-11,1652903.0
38341,RAIN,rain,2025-12-31,2025-12,1525174.0
38341,RAIN,rain,2026-01-31,2026-01,4025047.0
38341,RAIN,rain,2026-02-28,2026-02,3574004.0
38341,RAIN,rain,2026-03-31,2026-03,727606.0
38341,RAIN,rain,2026-04-30,2026-04,3540045.0
38341,RAIN,rain,2026-05-31,2026-05,29256020.0
38408,BARD,lombard-lbtc,2024-09-30,2024-09,395057984.0
38408,BARD,lombard-lbtc,2024-10-31,2024-10,770550263.0
38408,BARD,lombard-lbtc,2024-11-30,2024-11,1065771048.0
38408,BARD,lombard-lbtc,2024-12-31,2024-12,1488603150.0
38408,BARD,lombard-lbtc,2025-01-31,2025-01,1913484933.0
38408,BARD,lombard-lbtc,2025-02-28,2025-02,1590861530.0
38408,BARD,lombard-lbtc,2025-03-31,2025-03,1652924424.0
38408,BARD,lombard-lbtc,2025-04-30,2025-04,1927420478.0
38408,BARD,lombard-lbtc,2025-05-31,2025-05,1933298421.0
38408,BARD,lombard-lbtc,2025-06-30,2025-06,1696131759.0
38408,BARD,lombard-lbtc,2025-07-31,2025-07,1646783282.0
38408,BARD,lombard-lbtc,2025-08-31,2025-08,1513647706.0
38408,BARD,lombard-lbtc,2025-09-30,2025-09,1422683862.0
38408,BARD,lombard-lbtc,2025-10-31,2025-10,1361778634.0
38408,BARD,lombard-lbtc,2025-11-30,2025-11,1077206376.0
38408,BARD,lombard-lbtc,2025-12-31,2025-12,970975305.0
38408,BARD,lombard-lbtc,2026-01-31,2026-01,941639371.0
38408,BARD,lombard-lbtc,2026-02-28,2026-02,691191494.0
38408,BARD,lombard-lbtc,2026-03-31,2026-03,710237202.0
38408,BARD,lombard-lbtc,2026-04-30,2026-04,757890961.0
38408,BARD,lombard-lbtc,2026-05-31,2026-05,706229154.0
38417,RIVER,river-omni-cdp,2024-03-31,2024-03,58301.0
38417,RIVER,river-omni-cdp,2024-04-30,2024-04,731924.0
38417,RIVER,river-omni-cdp,2024-05-31,2024-05,1967579.0
38417,RIVER,river-omni-cdp,2024-06-30,2024-06,957907.0
38417,RIVER,river-omni-cdp,2024-07-31,2024-07,1026912.0
38417,RIVER,river-omni-cdp,2024-08-31,2024-08,772676.0
38417,RIVER,river-omni-cdp,2024-09-30,2024-09,1515824.0
38417,RIVER,river-omni-cdp,2024-10-31,2024-10,1681228.0
38417,RIVER,river-omni-cdp,2024-11-30,2024-11,2220001.0
38417,RIVER,river-omni-cdp,2024-12-31,2024-12,20397631.0
38417,RIVER,river-omni-cdp,2025-01-31,2025-01,22693995.0
38417,RIVER,river-omni-cdp,2025-02-28,2025-02,17955370.0
38417,RIVER,river-omni-cdp,2025-03-31,2025-03,17411838.0
38417,RIVER,river-omni-cdp,2025-04-30,2025-04,47885453.0
38417,RIVER,river-omni-cdp,2025-05-31,2025-05,126424780.0
38417,RIVER,river-omni-cdp,2025-06-30,2025-06,144193047.0
38417,RIVER,river-omni-cdp,2025-07-31,2025-07,193751965.0
38417,RIVER,river-omni-cdp,2025-08-31,2025-08,421042832.0
38417,RIVER,river-omni-cdp,2025-09-30,2025-09,576524080.0
38417,RIVER,river-omni-cdp,2025-10-31,2025-10,498376455.0
38417,RIVER,river-omni-cdp,2025-11-30,2025-11,130503217.0
38417,RIVER,river-omni-cdp,2025-12-31,2025-12,154263144.0
38417,RIVER,river-omni-cdp,2026-01-31,2026-01,152773788.0
38417,RIVER,river-omni-cdp,2026-02-28,2026-02,117875156.0
38417,RIVER,river-omni-cdp,2026-03-31,2026-03,85008199.0
38417,RIVER,river-omni-cdp,2026-04-30,2026-04,95379308.0
38417,RIVER,river-omni-cdp,2026-05-31,2026-05,92406668.0
38482,FF,falcon-finance,2025-09-30,2025-09,1738886874.0
38482,FF,falcon-finance,2025-10-31,2025-10,2010223651.0
38482,FF,falcon-finance,2025-11-30,2025-11,2082562424.0
38482,FF,falcon-finance,2025-12-31,2025-12,2050242934.0
38482,FF,falcon-finance,2026-01-31,2026-01,2048273379.0
38482,FF,falcon-finance,2026-02-28,2026-02,1622674521.0
38482,FF,falcon-finance,2026-03-31,2026-03,1632437360.0
38482,FF,falcon-finance,2026-04-30,2026-04,1620425457.0
38482,FF,falcon-finance,2026-05-31,2026-05,1500948074.0
39125,LIT,lighter-bridge,2025-04-30,2025-04,74621356.0
39125,LIT,lighter-bridge,2025-05-31,2025-05,105309598.0
39125,LIT,lighter-bridge,2025-06-30,2025-06,177449734.0
39125,LIT,lighter-bridge,2025-07-31,2025-07,193253446.0
39125,LIT,lighter-bridge,2025-08-31,2025-08,339457225.0
39125,LIT,lighter-bridge,2025-09-30,2025-09,720195510.0
39125,LIT,lighter-bridge,2025-10-31,2025-10,1151852467.0
39125,LIT,lighter-bridge,2025-11-30,2025-11,1227965694.0
39125,LIT,lighter-bridge,2025-12-31,2025-12,1450116038.0
39125,LIT,lighter-bridge,2026-01-31,2026-01,967553465.0
39125,LIT,lighter-bridge,2026-02-28,2026-02,870755992.0
39125,LIT,lighter-bridge,2026-03-31,2026-03,520588438.0
39125,LIT,lighter-bridge,2026-04-30,2026-04,481296283.0
39125,LIT,lighter-bridge,2026-05-31,2026-05,515712345.0
39720,EDGE,edgex-bridge,2024-08-31,2024-08,2562666.0
39720,EDGE,edgex-bridge,2024-09-30,2024-09,2565397.0
39720,EDGE,edgex-bridge,2024-10-31,2024-10,2578015.0
39720,EDGE,edgex-bridge,2024-11-30,2024-11,4704387.0
39720,EDGE,edgex-bridge,2024-12-31,2024-12,4437843.0
39720,EDGE,edgex-bridge,2025-01-31,2025-01,4515743.0
39720,EDGE,edgex-bridge,2025-02-28,2025-02,4609036.0
39720,EDGE,edgex-bridge,2025-03-31,2025-03,5389625.0
39720,EDGE,edgex-bridge,2025-04-30,2025-04,11078332.0
39720,EDGE,edgex-bridge,2025-05-31,2025-05,10721848.0
39720,EDGE,edgex-bridge,2025-06-30,2025-06,12812699.0
39720,EDGE,edgex-bridge,2025-07-31,2025-07,46057671.0
39720,EDGE,edgex-bridge,2025-08-31,2025-08,67928852.0
39720,EDGE,edgex-bridge,2025-09-30,2025-09,162816395.0
39720,EDGE,edgex-bridge,2025-10-31,2025-10,241432779.0
39720,EDGE,edgex-bridge,2025-11-30,2025-11,236854675.0
39720,EDGE,edgex-bridge,2025-12-31,2025-12,158930033.0
39720,EDGE,edgex-bridge,2026-01-31,2026-01,227837464.0
39720,EDGE,edgex-bridge,2026-02-28,2026-02,182213469.0
39720,EDGE,edgex-bridge,2026-03-31,2026-03,241327077.0
39720,EDGE,edgex-bridge,2026-04-30,2026-04,155526309.0
39720,EDGE,edgex-bridge,2026-05-31,2026-05,147976146.0
