cmc_id,symbol,month_end,ym,role,chain_id,delegated_supply,circulating_supply,delegation_ratio,flag,source
23121,BLUR,2023-02-28,2023-02,primary,1,10156.19078051841,395454432.2678843,2.568232886472876e-05,,etherscan getLogs DelegateVotesChanged replay
23121,BLUR,2023-03-31,2023-03,primary,1,30053.10753177126,460922230.2130898,6.520212209742488e-05,,etherscan getLogs DelegateVotesChanged replay
23121,BLUR,2023-04-30,2023-04,primary,1,29977.110250977978,453612652.2070015,6.608526042015739e-05,,etherscan getLogs DelegateVotesChanged replay
23121,BLUR,2023-05-31,2023-05,primary,1,30231.003847584296,483168816.5905632,6.256820144335188e-05,,etherscan getLogs DelegateVotesChanged replay
23121,BLUR,2023-06-30,2023-06,primary,1,27856.315910734163,728970538.4322679,3.8213225970204864e-05,,etherscan getLogs DelegateVotesChanged replay
23121,BLUR,2023-07-31,2023-07,primary,1,26120.024168155604,807956810.3120244,3.23284906257159e-05,,etherscan getLogs DelegateVotesChanged replay
23121,BLUR,2023-08-31,2023-08,primary,1,25845.121042607585,886943141.171994,2.9139546655106e-05,,etherscan getLogs DelegateVotesChanged replay
23121,BLUR,2023-09-30,2023-09,primary,1,25837.135574093245,963381467.8462708,2.681921589363201e-05,,etherscan getLogs DelegateVotesChanged replay
23121,BLUR,2023-10-31,2023-10,primary,1,23925.758217170434,1042367798.7062404,2.295327834077996e-05,,etherscan getLogs DelegateVotesChanged replay
23121,BLUR,2023-11-30,2023-11,primary,1,10748.755612276798,1118806125.3805175,9.607344264960148e-06,,etherscan getLogs DelegateVotesChanged replay
23121,BLUR,2023-12-31,2023-12,primary,1,8714.363511631173,1197792426.7503805,7.275353656453901e-06,,etherscan getLogs DelegateVotesChanged replay
23121,BLUR,2024-01-31,2024-01,primary,1,7807.966140746835,1277840401.4459667,6.110282733204843e-06,,etherscan getLogs DelegateVotesChanged replay
23121,BLUR,2024-02-29,2024-02,primary,1,7733.058496623798,1442828706.4783106,5.359651122757895e-06,,etherscan getLogs DelegateVotesChanged replay
23121,BLUR,2024-03-31,2024-03,primary,1,7733.058187043798,1509722556.3641553,5.122171722509875e-06,,etherscan getLogs DelegateVotesChanged replay
23121,BLUR,2024-04-30,2024-04,primary,1,7766.151455065289,1574447759.7031963,4.93261933093881e-06,,etherscan getLogs DelegateVotesChanged replay
23121,BLUR,2024-05-31,2024-05,primary,1,7724.1726610674195,1641328349.7431507,4.7060496227194056e-06,,etherscan getLogs DelegateVotesChanged replay
23121,BLUR,2024-06-30,2024-06,primary,1,14834.915398025909,1708473379.423516,8.683141087648437e-06,,etherscan getLogs DelegateVotesChanged replay
23121,BLUR,2024-07-31,2024-07,primary,1,10528.592175929336,1775862302.9394977,5.928721026682009e-06,,etherscan getLogs DelegateVotesChanged replay
23121,BLUR,2024-08-31,2024-08,primary,1,11970.14347674319,1843258296.8987825,6.494013072873474e-06,,etherscan getLogs DelegateVotesChanged replay
23121,BLUR,2024-09-30,2024-09,primary,1,10530.607579430658,1908475134.94102,5.517812302938963e-06,,etherscan getLogs DelegateVotesChanged replay
23121,BLUR,2024-10-31,2024-10,primary,1,10622.524897228624,1975868184.979072,5.376130340061696e-06,,etherscan getLogs DelegateVotesChanged replay
23121,BLUR,2024-11-30,2024-11,primary,1,12592.431569476645,2041041996.4802127,6.169609244294021e-06,,etherscan getLogs DelegateVotesChanged replay
23121,BLUR,2024-12-31,2024-12,primary,1,12483.91249583642,2108480664.7165143,5.920809569062321e-06,,etherscan getLogs DelegateVotesChanged replay
23121,BLUR,2025-01-31,2025-01,primary,1,6511.6059251164215,2175918930.365297,2.9925774504950155e-06,,etherscan getLogs DelegateVotesChanged replay
23121,BLUR,2025-02-28,2025-02,primary,1,6547.036947731294,2225653856.2119484,2.9416240667694475e-06,,etherscan getLogs DelegateVotesChanged replay
23121,BLUR,2025-03-31,2025-03,primary,1,10498.0409854972,2270685635.036149,4.623291231298107e-06,,etherscan getLogs DelegateVotesChanged replay
23121,BLUR,2025-04-30,2025-04,primary,1,6466.025539563227,2314175876.4269404,2.794094262855549e-06,,etherscan getLogs DelegateVotesChanged replay
23121,BLUR,2025-05-31,2025-05,primary,1,6466.025539563227,2359207554.5091324,2.7407616287107803e-06,,etherscan getLogs DelegateVotesChanged replay
23121,BLUR,2025-06-30,2025-06,primary,1,6121.643319866381,2402667690.8295283,2.54785268192992e-06,,etherscan getLogs DelegateVotesChanged replay
23121,BLUR,2025-07-31,2025-07,primary,1,8254.66331986638,2447608549.9904866,3.3725422800547352e-06,,etherscan getLogs DelegateVotesChanged replay
23121,BLUR,2025-08-31,2025-08,primary,1,10119.01047596638,2492610290.905632,4.059603907151436e-06,,etherscan getLogs DelegateVotesChanged replay
23121,BLUR,2025-09-30,2025-09,primary,1,14472.16438385638,2536100683.409437,5.706462869762945e-06,,etherscan getLogs DelegateVotesChanged replay
23121,BLUR,2025-10-31,2025-10,primary,1,14230.659283513169,2581101903.824201,5.5134046673743484e-06,,etherscan getLogs DelegateVotesChanged replay
23121,BLUR,2025-11-30,2025-11,primary,1,14230.659283513169,2624622636.463089,5.421982987501106e-06,,etherscan getLogs DelegateVotesChanged replay
23121,BLUR,2025-12-31,2025-12,primary,1,14221.904803188329,2669654532.8196344,5.327245390124484e-06,,etherscan getLogs DelegateVotesChanged replay
23121,BLUR,2026-01-31,2026-01,primary,1,14156.693456966988,2714625631.373668,5.214970820784356e-06,,etherscan getLogs DelegateVotesChanged replay
23121,BLUR,2026-02-28,2026-02,primary,1,14148.145510176144,2744154047.659817,5.1557402625561485e-06,,etherscan getLogs DelegateVotesChanged replay
23121,BLUR,2026-03-31,2026-03,primary,1,14143.884302481072,2766703025.97032,5.1121801543989785e-06,,etherscan getLogs DelegateVotesChanged replay
23121,BLUR,2026-04-30,2026-04,primary,1,14141.533934730684,2788524960.6164384,5.071331307575788e-06,,etherscan getLogs DelegateVotesChanged replay
23121,BLUR,2026-05-31,2026-05,primary,1,14152.338960809138,2811074359.874429,5.03449469812009e-06,,etherscan getLogs DelegateVotesChanged replay
11584,BTRST,2021-10-31,2021-10,primary,1,242883.2615,80181852.33,0.0030291550324926,,etherscan getLogs DelegateVotesChanged replay
11584,BTRST,2021-11-30,2021-11,primary,1,242863.2615,80181852.33,0.0030289055994922,,etherscan getLogs DelegateVotesChanged replay
11584,BTRST,2021-12-31,2021-12,primary,1,242865.1815570509,87348518.0,0.0027804155939663,,etherscan getLogs DelegateVotesChanged replay
11584,BTRST,2022-01-31,2022-01,primary,1,252438.5457092973,87931851.0,0.0028708430772064,,etherscan getLogs DelegateVotesChanged replay
11584,BTRST,2022-02-28,2022-02,primary,1,252808.4522979949,88515184.0,0.0028561026580252,,etherscan getLogs DelegateVotesChanged replay
11584,BTRST,2022-03-31,2022-03,primary,1,253492.042900788,89098517.0,0.0028450758939207,,etherscan getLogs DelegateVotesChanged replay
11584,BTRST,2022-04-30,2022-04,primary,1,253654.042900788,89098517.0,0.0028468941060016,,etherscan getLogs DelegateVotesChanged replay
11584,BTRST,2022-05-31,2022-05,primary,1,254520.35227377957,90400861.0,0.0028154638070734,,etherscan getLogs DelegateVotesChanged replay
11584,BTRST,2022-06-30,2022-06,primary,1,255197.3211269537,91202861.0,0.0027981284614191,,etherscan getLogs DelegateVotesChanged replay
11584,BTRST,2022-07-31,2022-07,primary,1,255952.0011269537,91202861.0,0.0028064032018354,,etherscan getLogs DelegateVotesChanged replay
11584,BTRST,2022-08-31,2022-08,primary,1,255941.9011269537,91803328.0,0.0027879370683266,,etherscan getLogs DelegateVotesChanged replay
11584,BTRST,2022-09-30,2022-09,primary,1,256454.9011269537,119853514.0,0.0021397361876845,,etherscan getLogs DelegateVotesChanged replay
11584,BTRST,2022-10-31,2022-10,primary,1,256784.4932129537,122191029.0,0.0021015003745729,,etherscan getLogs DelegateVotesChanged replay
11584,BTRST,2022-11-30,2022-11,primary,1,266180.8132129537,127486866.0,0.0020879077317106,,etherscan getLogs DelegateVotesChanged replay
11584,BTRST,2022-12-31,2022-12,primary,1,266190.8132129537,129824382.0,0.0020503915297894,,etherscan getLogs DelegateVotesChanged replay
11584,BTRST,2023-01-31,2023-01,primary,1,267947.18881327496,132161897.0,0.0020274163347797,,etherscan getLogs DelegateVotesChanged replay
11584,BTRST,2023-02-28,2023-02,primary,1,267947.18881327496,134499412.0,0.0019921811168458,,etherscan getLogs DelegateVotesChanged replay
11584,BTRST,2023-03-31,2023-03,primary,1,263684.18881327496,141511957.0,0.0018633350453437,,etherscan getLogs DelegateVotesChanged replay
11584,BTRST,2023-04-30,2023-04,primary,1,263684.18881327496,139174442.0,0.0018946308318108,,etherscan getLogs DelegateVotesChanged replay
11584,BTRST,2023-05-31,2023-05,primary,1,263679.18881327496,141511957.0,0.0018632997126403,,etherscan getLogs DelegateVotesChanged replay
11584,BTRST,2023-06-30,2023-06,primary,1,248483.188813275,143849472.0,0.0017273833915308,,etherscan getLogs DelegateVotesChanged replay
11584,BTRST,2023-07-31,2023-07,primary,1,248483.188813275,146186987.0,0.0016997627074239,,etherscan getLogs DelegateVotesChanged replay
11584,BTRST,2023-08-31,2023-08,primary,1,248467.85581327495,149876469.0,0.0016578176512369,,etherscan getLogs DelegateVotesChanged replay
11584,BTRST,2023-09-30,2023-09,primary,1,248467.85581327495,152213984.0,0.0016323589284232,,etherscan getLogs DelegateVotesChanged replay
11584,BTRST,2023-10-31,2023-10,primary,1,248457.85581327495,152213984.0,0.001632293231437,,etherscan getLogs DelegateVotesChanged replay
11584,BTRST,2023-11-30,2023-11,primary,1,8299606.746492414,215082513.0,0.0385880127153452,,etherscan getLogs DelegateVotesChanged replay
11584,BTRST,2023-12-31,2023-12,primary,1,7426933.7407532465,215082513.0,0.0345306256522734,,etherscan getLogs DelegateVotesChanged replay
11584,BTRST,2024-01-31,2024-01,primary,1,15075296.3450277,224274024.0,0.0672182006464899,,etherscan getLogs DelegateVotesChanged replay
11584,BTRST,2024-02-29,2024-02,primary,1,15735978.705533229,224274024.0,0.0701640717229616,,etherscan getLogs DelegateVotesChanged replay
11584,BTRST,2024-03-31,2024-03,primary,1,31218447.888164274,224274024.0,0.1391977872932991,,etherscan getLogs DelegateVotesChanged replay
11584,BTRST,2024-04-30,2024-04,primary,1,25508454.760321032,224274024.0,0.1137378921792611,,etherscan getLogs DelegateVotesChanged replay
11584,BTRST,2024-05-31,2024-05,primary,1,27175802.609954413,234044807.0,0.1161136748056726,,etherscan getLogs DelegateVotesChanged replay
11584,BTRST,2024-06-30,2024-06,primary,1,27125802.609954413,234044807.0,0.1159000404993152,,etherscan getLogs DelegateVotesChanged replay
11584,BTRST,2024-07-31,2024-07,primary,1,26876525.29746709,234044807.0,0.1148349567844378,,etherscan getLogs DelegateVotesChanged replay
11584,BTRST,2024-08-31,2024-08,primary,1,26876525.29746709,234044807.0,0.1148349567844378,,etherscan getLogs DelegateVotesChanged replay
11584,BTRST,2024-09-30,2024-09,primary,1,26876525.29746709,234044807.0,0.1148349567844378,,etherscan getLogs DelegateVotesChanged replay
11584,BTRST,2024-10-31,2024-10,primary,1,26876525.29746709,234044807.0,0.1148349567844378,,etherscan getLogs DelegateVotesChanged replay
11584,BTRST,2024-11-30,2024-11,primary,1,26899986.079158105,241347782.0,0.1114573577442617,,etherscan getLogs DelegateVotesChanged replay
11584,BTRST,2024-12-31,2024-12,primary,1,26563687.47087448,241347782.0,0.1100639386479817,,etherscan getLogs DelegateVotesChanged replay
11584,BTRST,2025-01-31,2025-01,primary,1,26563684.140874483,241347782.0,0.1100639248504653,,etherscan getLogs DelegateVotesChanged replay
11584,BTRST,2025-02-28,2025-02,primary,1,26563664.76153052,241347782.0,0.1100638445541236,,etherscan getLogs DelegateVotesChanged replay
11584,BTRST,2025-03-31,2025-03,primary,1,26563664.76153052,241347782.0,0.1100638445541236,,etherscan getLogs DelegateVotesChanged replay
11584,BTRST,2025-04-30,2025-04,primary,1,26563664.70153052,241347782.0,0.1100638443055197,,etherscan getLogs DelegateVotesChanged replay
11584,BTRST,2025-05-31,2025-05,primary,1,26563682.24584452,241347782.0,0.1100639169986012,,etherscan getLogs DelegateVotesChanged replay
11584,BTRST,2025-06-30,2025-06,primary,1,25963349.24584452,241347782.0,0.1075764982412165,,etherscan getLogs DelegateVotesChanged replay
11584,BTRST,2025-07-31,2025-07,primary,1,25963349.24584452,241347782.0,0.1075764982412165,,etherscan getLogs DelegateVotesChanged replay
11584,BTRST,2025-08-31,2025-08,primary,1,25670006.08809027,241347782.0,0.1063610606874782,,etherscan getLogs DelegateVotesChanged replay
11584,BTRST,2025-09-30,2025-09,primary,1,25670006.08809027,241347782.0,0.1063610606874782,,etherscan getLogs DelegateVotesChanged replay
11584,BTRST,2025-10-31,2025-10,primary,1,25670006.08809027,241347782.0,0.1063610606874782,,etherscan getLogs DelegateVotesChanged replay
11584,BTRST,2025-11-30,2025-11,primary,1,25670006.08809027,241347782.0,0.1063610606874782,,etherscan getLogs DelegateVotesChanged replay
11584,BTRST,2025-12-31,2025-12,primary,1,25670006.08809027,241347782.0,0.1063610606874782,,etherscan getLogs DelegateVotesChanged replay
11584,BTRST,2026-01-31,2026-01,primary,1,25670006.08809027,241347782.0,0.1063610606874782,,etherscan getLogs DelegateVotesChanged replay
11584,BTRST,2026-02-28,2026-02,primary,1,25670006.08809027,241347782.0,0.1063610606874782,,etherscan getLogs DelegateVotesChanged replay
11584,BTRST,2026-03-31,2026-03,primary,1,25670006.08809027,241347782.0,0.1063610606874782,,etherscan getLogs DelegateVotesChanged replay
11584,BTRST,2026-04-30,2026-04,primary,1,25670006.08809027,241347782.0,0.1063610606874782,,etherscan getLogs DelegateVotesChanged replay
11584,BTRST,2026-05-31,2026-05,primary,1,25670006.08809027,241347782.0,0.1063610606874782,,etherscan getLogs DelegateVotesChanged replay
38341,RAIN,2025-11-30,2025-11,primary,42161,,237627740044.4829,,,etherscan getLogs DelegateVotesChanged replay
38341,RAIN,2025-12-31,2025-12,primary,42161,,339629438625.46985,,,etherscan getLogs DelegateVotesChanged replay
38341,RAIN,2026-01-31,2026-01,primary,42161,,339825156294.068,,,etherscan getLogs DelegateVotesChanged replay
38341,RAIN,2026-02-28,2026-02,primary,42161,,477934549704.1072,,,etherscan getLogs DelegateVotesChanged replay
38341,RAIN,2026-03-31,2026-03,primary,42161,,478316077411.7217,,,etherscan getLogs DelegateVotesChanged replay
38341,RAIN,2026-04-30,2026-04,primary,42161,,478393950372.5233,,,etherscan getLogs DelegateVotesChanged replay
38341,RAIN,2026-05-31,2026-05,primary,42161,3110302458.475797,622638078982.1196,0.0049953617735048,,etherscan getLogs DelegateVotesChanged replay
23246,TOMI,2023-04-30,2023-04,primary,1,,39642453.0,,,etherscan getLogs DelegateVotesChanged replay
23246,TOMI,2023-05-31,2023-05,primary,1,,39642453.0,,,etherscan getLogs DelegateVotesChanged replay
23246,TOMI,2023-06-30,2023-06,primary,1,,65369656.0,,,etherscan getLogs DelegateVotesChanged replay
23246,TOMI,2023-07-31,2023-07,primary,1,,65369656.0,,,etherscan getLogs DelegateVotesChanged replay
23246,TOMI,2023-08-31,2023-08,primary,1,,65369656.0,,,etherscan getLogs DelegateVotesChanged replay
23246,TOMI,2023-09-30,2023-09,primary,1,,65369656.0,,,etherscan getLogs DelegateVotesChanged replay
23246,TOMI,2023-10-31,2023-10,primary,1,,65369656.0,,,etherscan getLogs DelegateVotesChanged replay
23246,TOMI,2023-11-30,2023-11,primary,1,,65369656.0,,,etherscan getLogs DelegateVotesChanged replay
23246,TOMI,2023-12-31,2023-12,primary,1,,89187878.8078549,,,etherscan getLogs DelegateVotesChanged replay
23246,TOMI,2024-01-31,2024-01,primary,1,,89187878.8078549,,,etherscan getLogs DelegateVotesChanged replay
23246,TOMI,2024-02-29,2024-02,primary,1,,97731371.3003965,,,etherscan getLogs DelegateVotesChanged replay
23246,TOMI,2024-03-31,2024-03,primary,1,,109075863.8328843,,,etherscan getLogs DelegateVotesChanged replay
23246,TOMI,2024-04-30,2024-04,primary,1,,115418759.77431668,,,etherscan getLogs DelegateVotesChanged replay
23246,TOMI,2024-05-31,2024-05,primary,1,,115418759.77431668,,,etherscan getLogs DelegateVotesChanged replay
23246,TOMI,2024-06-30,2024-06,primary,1,,125386167.68228193,,,etherscan getLogs DelegateVotesChanged replay
23246,TOMI,2024-07-31,2024-07,primary,1,,142250602.75379068,,,etherscan getLogs DelegateVotesChanged replay
32257,UXLINK,2025-02-28,2025-02,primary,42161,,338200000.0,,,etherscan getLogs DelegateVotesChanged replay
32257,UXLINK,2025-03-31,2025-03,primary,42161,,338200000.0,,,etherscan getLogs DelegateVotesChanged replay
32257,UXLINK,2025-04-30,2025-04,primary,42161,,408956731.0,,,etherscan getLogs DelegateVotesChanged replay
32257,UXLINK,2025-05-31,2025-05,primary,42161,,408956731.0,,,etherscan getLogs DelegateVotesChanged replay
32257,UXLINK,2025-06-30,2025-06,primary,42161,,408956731.0,,,etherscan getLogs DelegateVotesChanged replay
32257,UXLINK,2025-07-31,2025-07,primary,42161,,479713462.0,,,etherscan getLogs DelegateVotesChanged replay
32257,UXLINK,2025-08-31,2025-08,primary,42161,,479713462.0,,,etherscan getLogs DelegateVotesChanged replay
32257,UXLINK,2025-09-30,2025-09,primary,42161,,479713462.0,,,etherscan getLogs DelegateVotesChanged replay
32257,UXLINK,2025-10-31,2025-10,primary,42161,,595470193.0,,,etherscan getLogs DelegateVotesChanged replay
11221,BIT,2021-08-31,2021-08,primary,1,500012213.2603481,231500974.86068952,2.159870875538389,"delegated>circulating (CMC circ excludes delegated locked/treasury supply, the Entry-49 pattern); kept un-capped & flagged, lambda z-scores rank not level",etherscan getLogs DelegateVotesChanged replay
11221,BIT,2021-09-30,2021-09,primary,1,236723340.8849768,231500974.86068952,1.0225587215234404,"delegated>circulating (CMC circ excludes delegated locked/treasury supply, the Entry-49 pattern); kept un-capped & flagged, lambda z-scores rank not level",etherscan getLogs DelegateVotesChanged replay
11221,BIT,2021-10-31,2021-10,primary,1,304363318.8852934,586278942.8606895,0.5191442104336598,,etherscan getLogs DelegateVotesChanged replay
11221,BIT,2021-11-30,2021-11,primary,1,304323698.23696625,586278942.8606895,0.5190766305746018,,etherscan getLogs DelegateVotesChanged replay
11221,BIT,2021-12-31,2021-12,primary,1,316440624.955364,586278942.8606895,0.5397441419460225,,etherscan getLogs DelegateVotesChanged replay
11221,BIT,2022-01-31,2022-01,primary,1,353829736.88948894,586278942.8606895,0.6035177302514262,,etherscan getLogs DelegateVotesChanged replay
11221,BIT,2022-02-28,2022-02,primary,1,319325740.5728147,586278942.8606895,0.5446652049529472,,etherscan getLogs DelegateVotesChanged replay
11221,BIT,2022-03-31,2022-03,primary,1,312544836.6891654,586278942.8606895,0.5330992021718094,,etherscan getLogs DelegateVotesChanged replay
11221,BIT,2022-04-30,2022-04,primary,1,333307889.70012057,586278942.8606895,0.568514175306686,,etherscan getLogs DelegateVotesChanged replay
11221,BIT,2022-05-31,2022-05,primary,1,331740241.25272006,586278942.8606895,0.5658402801131261,,etherscan getLogs DelegateVotesChanged replay
11221,BIT,2022-06-30,2022-06,primary,1,357447277.01251435,586278942.8606895,0.6096880697580337,,etherscan getLogs DelegateVotesChanged replay
11221,BIT,2022-07-31,2022-07,primary,1,349915277.1142992,586278942.8606895,0.5968409429936585,,etherscan getLogs DelegateVotesChanged replay
11221,BIT,2022-08-31,2022-08,primary,1,351229610.66382825,2060868172.860899,0.1704279852972114,,etherscan getLogs DelegateVotesChanged replay
11221,BIT,2022-09-30,2022-09,primary,1,350174228.467683,2090946168.860899,0.1674716612424557,,etherscan getLogs DelegateVotesChanged replay
11221,BIT,2022-10-31,2022-10,primary,1,349329867.6030063,2090946168.860899,0.1670678436419592,,etherscan getLogs DelegateVotesChanged replay
11221,BIT,2022-11-30,2022-11,primary,1,341505169.70808667,2090946168.860899,0.1633256631824869,,etherscan getLogs DelegateVotesChanged replay
11221,BIT,2022-12-31,2022-12,primary,1,341640024.07373226,2090946168.860899,0.1633901576049899,,etherscan getLogs DelegateVotesChanged replay
11221,BIT,2023-01-31,2023-01,primary,1,340823324.9411998,2090946168.860899,0.1629995692939683,,etherscan getLogs DelegateVotesChanged replay
11221,BIT,2023-02-28,2023-02,primary,1,338378386.21274835,2090946168.860899,0.1618302715067453,,etherscan getLogs DelegateVotesChanged replay
11221,BIT,2023-03-31,2023-03,primary,1,359350305.4790239,1843669912.2107096,0.1949103270054094,,etherscan getLogs DelegateVotesChanged replay
11221,BIT,2023-04-30,2023-04,primary,1,361359161.8566574,1843669912.2107096,0.195999923556467,,etherscan getLogs DelegateVotesChanged replay
11221,BIT,2023-05-31,2023-05,primary,1,364809633.8313933,1843669839.1764588,0.1978714551160356,,etherscan getLogs DelegateVotesChanged replay
11221,BIT,2023-06-30,2023-06,primary,1,365995857.6638655,1843669839.1764588,0.198514858727282,,etherscan getLogs DelegateVotesChanged replay
28480,BLAST,2024-06-30,2024-06,primary,81457,11734.43311600849,17000000000.0,6.902607715299111e-07,,etherscan getLogs DelegateVotesChanged replay
28480,BLAST,2024-07-31,2024-07,primary,81457,3421385.846654014,18425508477.86657,0.0001856874588163,,etherscan getLogs DelegateVotesChanged replay
28480,BLAST,2024-08-31,2024-08,primary,81457,1980289.4828256583,19530589290.905632,0.0001013942515164,,etherscan getLogs DelegateVotesChanged replay
28480,BLAST,2024-09-30,2024-09,primary,81457,772313.0062235486,20598633454.3379,3.749340983884084e-05,,etherscan getLogs DelegateVotesChanged replay
28480,BLAST,2024-10-31,2024-10,primary,81457,1979873.368681942,21702734203.989094,9.122690947936088e-05,,etherscan getLogs DelegateVotesChanged replay
28480,BLAST,2024-11-30,2024-11,primary,81457,1979715.731873999,22771228432.23617,8.693934706971746e-05,,etherscan getLogs DelegateVotesChanged replay
28480,BLAST,2024-12-31,2024-12,primary,81457,6251.299213619454,23876896219.843987,2.618137280516396e-07,,etherscan getLogs DelegateVotesChanged replay
28480,BLAST,2025-01-31,2025-01,primary,81457,1050.073553496704,24982449039.32014,4.2032450535333114e-08,,etherscan getLogs DelegateVotesChanged replay
28480,BLAST,2025-02-28,2025-02,primary,81457,1040.4399494117588,25978290274.004314,4.005036276205195e-08,,etherscan getLogs DelegateVotesChanged replay
28480,BLAST,2025-03-31,2025-03,primary,81457,1036.5838404071735,27083771900.17757,3.8273245108831296e-08,,etherscan getLogs DelegateVotesChanged replay
28480,BLAST,2025-04-30,2025-04,primary,81457,33149.3240658969,28150770776.794777,1.1775636386205996e-06,,etherscan getLogs DelegateVotesChanged replay
28480,BLAST,2025-05-31,2025-05,primary,81457,33084.41380497887,29256418846.74657,1.13084290932135e-06,,etherscan getLogs DelegateVotesChanged replay
28480,BLAST,2025-06-30,2025-06,primary,81457,33084.41380497887,40949927082.19179,8.079236316727544e-07,,etherscan getLogs DelegateVotesChanged replay
28480,BLAST,2025-07-31,2025-07,primary,81457,33084.41137398078,42945965007.51521,7.703729877344999e-07,,etherscan getLogs DelegateVotesChanged replay
28480,BLAST,2025-08-31,2025-08,primary,81457,1009.6192017658178,44941716791.87279,2.246507863599008e-08,,etherscan getLogs DelegateVotesChanged replay
28480,BLAST,2025-09-30,2025-09,primary,81457,1009.6192017658178,46873348496.11555,2.1539301845471662e-08,,etherscan getLogs DelegateVotesChanged replay
28480,BLAST,2025-10-31,2025-10,primary,81457,1009.6192017658178,48869128807.45815,2.0659652144478892e-08,,etherscan getLogs DelegateVotesChanged replay
28480,BLAST,2025-11-30,2025-11,primary,81457,1009.6192017658178,50803421584.15779,1.98730552054126e-08,,etherscan getLogs DelegateVotesChanged replay
28480,BLAST,2025-12-31,2025-12,primary,81457,1009.6192017658178,52799400733.39992,1.912179281851492e-08,,etherscan getLogs DelegateVotesChanged replay
28480,BLAST,2026-01-31,2026-01,primary,81457,1009.6192017658178,54795052963.18493,1.842537140066548e-08,,etherscan getLogs DelegateVotesChanged replay
28480,BLAST,2026-02-28,2026-02,primary,81457,1009.6192017658178,56597878438.57814,1.7838463730782585e-08,,etherscan getLogs DelegateVotesChanged replay
28480,BLAST,2026-03-31,2026-03,primary,81457,1009.6192017658178,58593700145.421104,1.7230849037696694e-08,,etherscan getLogs DelegateVotesChanged replay
28480,BLAST,2026-04-30,2026-04,primary,81457,1009.6192017658178,60525307977.819,1.6680942823716285e-08,,etherscan getLogs DelegateVotesChanged replay
28480,BLAST,2026-05-31,2026-05,primary,81457,1009.6192017658178,62521164151.47768,1.6148438940127378e-08,,etherscan getLogs DelegateVotesChanged replay
11865,BONE,2022-11-30,2022-11,primary,1,,156566784.4345867,,,etherscan getLogs DelegateVotesChanged replay
11865,BONE,2022-12-31,2022-12,primary,1,,161983257.12232453,,,etherscan getLogs DelegateVotesChanged replay
11865,BONE,2023-01-31,2023-01,primary,1,,165576897.71001196,,,etherscan getLogs DelegateVotesChanged replay
11865,BONE,2023-02-28,2023-02,primary,1,,229925645.89718947,,,etherscan getLogs DelegateVotesChanged replay
11865,BONE,2023-03-31,2023-03,primary,1,,229923350.6228802,,,etherscan getLogs DelegateVotesChanged replay
11865,BONE,2023-04-30,2023-04,primary,1,,229923445.5982428,,,etherscan getLogs DelegateVotesChanged replay
11865,BONE,2023-05-31,2023-05,primary,1,,229923350.6228802,,,etherscan getLogs DelegateVotesChanged replay
11865,BONE,2023-06-30,2023-06,primary,1,,229923350.6228802,,,etherscan getLogs DelegateVotesChanged replay
11865,BONE,2023-07-31,2023-07,primary,1,,229923350.6228802,,,etherscan getLogs DelegateVotesChanged replay
11865,BONE,2023-08-31,2023-08,primary,1,0.86,229923350.6228802,3.740376945926515e-09,,etherscan getLogs DelegateVotesChanged replay
11865,BONE,2023-09-30,2023-09,primary,1,0.86,229923350.6228802,3.740376945926515e-09,,etherscan getLogs DelegateVotesChanged replay
11865,BONE,2023-10-31,2023-10,primary,1,0.86,229923350.6228802,3.740376945926515e-09,,etherscan getLogs DelegateVotesChanged replay
11865,BONE,2023-11-30,2023-11,primary,1,0.86,229923350.6228802,3.740376945926515e-09,,etherscan getLogs DelegateVotesChanged replay
11865,BONE,2023-12-31,2023-12,primary,1,2.75127464,229923350.6228802,1.1966051436474737e-08,,etherscan getLogs DelegateVotesChanged replay
11865,BONE,2024-01-31,2024-01,primary,1,2.75127464,229923350.6228802,1.1966051436474737e-08,,etherscan getLogs DelegateVotesChanged replay
11865,BONE,2024-02-29,2024-02,primary,1,2.75127464,229923350.6228802,1.1966051436474737e-08,,etherscan getLogs DelegateVotesChanged replay
11865,BONE,2024-03-31,2024-03,primary,1,2.75127464,229923350.6228802,1.1966051436474737e-08,,etherscan getLogs DelegateVotesChanged replay
11865,BONE,2024-04-30,2024-04,primary,1,2.75127464,229923350.6228802,1.1966051436474737e-08,,etherscan getLogs DelegateVotesChanged replay
11865,BONE,2024-05-31,2024-05,primary,1,2.75127464,229923350.6228802,1.1966051436474737e-08,,etherscan getLogs DelegateVotesChanged replay
11865,BONE,2024-06-30,2024-06,primary,1,2.75127464,229923350.6228802,1.1966051436474737e-08,,etherscan getLogs DelegateVotesChanged replay
11865,BONE,2024-07-31,2024-07,primary,1,2.75127464,229923350.6228802,1.1966051436474737e-08,,etherscan getLogs DelegateVotesChanged replay
11865,BONE,2024-08-31,2024-08,primary,1,2.75127464,229923350.6228802,1.1966051436474737e-08,,etherscan getLogs DelegateVotesChanged replay
11865,BONE,2024-09-30,2024-09,primary,1,2.75127464,229923350.6228802,1.1966051436474737e-08,,etherscan getLogs DelegateVotesChanged replay
11865,BONE,2024-10-31,2024-10,primary,1,2.75127464,229923350.6228802,1.1966051436474737e-08,,etherscan getLogs DelegateVotesChanged replay
11865,BONE,2024-11-30,2024-11,primary,1,2.75127464,229923350.6228802,1.1966051436474737e-08,,etherscan getLogs DelegateVotesChanged replay
11865,BONE,2024-12-31,2024-12,primary,1,2.75127464,229923350.6228802,1.1966051436474737e-08,,etherscan getLogs DelegateVotesChanged replay
11865,BONE,2025-01-31,2025-01,primary,1,2.75127464,229923350.6228802,1.1966051436474737e-08,,etherscan getLogs DelegateVotesChanged replay
11865,BONE,2025-02-28,2025-02,primary,1,2.75127464,229923350.6228802,1.1966051436474737e-08,,etherscan getLogs DelegateVotesChanged replay
11865,BONE,2025-03-31,2025-03,primary,1,2.75127464,229923350.6228802,1.1966051436474737e-08,,etherscan getLogs DelegateVotesChanged replay
11865,BONE,2025-04-30,2025-04,primary,1,2.75127464,229923350.6228802,1.1966051436474737e-08,,etherscan getLogs DelegateVotesChanged replay
11865,BONE,2025-05-31,2025-05,primary,1,2.75127464,229923350.6228802,1.1966051436474737e-08,,etherscan getLogs DelegateVotesChanged replay
11865,BONE,2025-06-30,2025-06,primary,1,2.75127464,229923350.6228802,1.1966051436474737e-08,,etherscan getLogs DelegateVotesChanged replay
11865,BONE,2025-07-31,2025-07,primary,1,2.75127464,229923350.6228802,1.1966051436474737e-08,,etherscan getLogs DelegateVotesChanged replay
11865,BONE,2025-08-31,2025-08,primary,1,2.75127464,229923350.6228802,1.1966051436474737e-08,,etherscan getLogs DelegateVotesChanged replay
11865,BONE,2025-09-30,2025-09,primary,1,2.75127464,229923350.6228802,1.1966051436474737e-08,,etherscan getLogs DelegateVotesChanged replay
11865,BONE,2025-10-31,2025-10,primary,1,2.75127464,229923350.6228802,1.1966051436474737e-08,,etherscan getLogs DelegateVotesChanged replay
11865,BONE,2025-11-30,2025-11,primary,1,2.75127464,229923350.6228802,1.1966051436474737e-08,,etherscan getLogs DelegateVotesChanged replay
11865,BONE,2025-12-31,2025-12,primary,1,2.75127464,229923350.6228802,1.1966051436474737e-08,,etherscan getLogs DelegateVotesChanged replay
11865,BONE,2026-01-31,2026-01,primary,1,2.75127464,229923350.6228802,1.1966051436474737e-08,,etherscan getLogs DelegateVotesChanged replay
11865,BONE,2026-02-28,2026-02,primary,1,2.75127464,229923350.6228802,1.1966051436474737e-08,,etherscan getLogs DelegateVotesChanged replay
11865,BONE,2026-03-31,2026-03,primary,1,2.75127464,229923350.6228802,1.1966051436474737e-08,,etherscan getLogs DelegateVotesChanged replay
11865,BONE,2026-04-30,2026-04,primary,1,2.75127464,229923350.6228802,1.1966051436474737e-08,,etherscan getLogs DelegateVotesChanged replay
6669,CVP,2020-08-31,2020-08,primary,1,1.2635e-14,5000000.0,2.527e-21,,etherscan getLogs DelegateVotesChanged replay
6669,CVP,2020-09-30,2020-09,primary,1,1893692.1564143663,5000000.0,0.3787384312828732,,etherscan getLogs DelegateVotesChanged replay
6669,CVP,2020-10-31,2020-10,primary,1,1887945.1675254,5000000.0,0.37758903350508,,etherscan getLogs DelegateVotesChanged replay
6669,CVP,2020-12-31,2020-12,primary,1,1329055.9678968417,5870000.0,0.2264149860130905,,etherscan getLogs DelegateVotesChanged replay
6669,CVP,2021-01-31,2021-01,primary,1,449370.869218669,5870000.0,0.0765538107697902,,etherscan getLogs DelegateVotesChanged replay
6669,CVP,2021-02-28,2021-02,primary,1,993933.0108127112,19575139.3151,0.0507752713691291,,etherscan getLogs DelegateVotesChanged replay
6669,CVP,2021-03-31,2021-03,primary,1,973768.1700049874,20948125.3151,0.0464847405368091,,etherscan getLogs DelegateVotesChanged replay
6669,CVP,2021-04-30,2021-04,primary,1,1136826.7276093697,23128598.3151,0.0491524264515056,,etherscan getLogs DelegateVotesChanged replay
6669,CVP,2021-05-31,2021-05,primary,1,1256582.565210508,31740984.9466792,0.0395886443763924,,etherscan getLogs DelegateVotesChanged replay
6669,CVP,2021-06-30,2021-06,primary,1,1243391.2234979298,32271344.9466792,0.0385292656860859,,etherscan getLogs DelegateVotesChanged replay
6669,CVP,2021-07-31,2021-07,primary,1,1084632.7259642335,32955119.89633897,0.0329124193562629,,etherscan getLogs DelegateVotesChanged replay
6669,CVP,2021-08-31,2021-08,primary,1,773271.1586675843,33994723.44337028,0.0227467995130399,,etherscan getLogs DelegateVotesChanged replay
6669,CVP,2021-09-30,2021-09,primary,1,646372.8505128635,34818900.62349712,0.0185638500624188,,etherscan getLogs DelegateVotesChanged replay
6669,CVP,2021-10-31,2021-10,primary,1,644191.7374422706,35488589.62349712,0.0181520805497367,,etherscan getLogs DelegateVotesChanged replay
6669,CVP,2021-11-30,2021-11,primary,1,606462.928838644,35574685.62349712,0.0170475977007109,,etherscan getLogs DelegateVotesChanged replay
6669,CVP,2021-12-31,2021-12,primary,1,595878.5061809762,36331245.62349712,0.0164012682734883,,etherscan getLogs DelegateVotesChanged replay
6669,CVP,2022-01-31,2022-01,primary,1,592068.7171938296,36479810.01894712,0.0162300383934652,,etherscan getLogs DelegateVotesChanged replay
6669,CVP,2022-02-28,2022-02,primary,1,602870.5799630602,37074460.56894712,0.0162610748939126,,etherscan getLogs DelegateVotesChanged replay
6669,CVP,2022-03-31,2022-03,primary,1,607021.9702702916,37172605.56894712,0.0163298203335356,,etherscan getLogs DelegateVotesChanged replay
6669,CVP,2022-04-30,2022-04,primary,1,641037.7171104326,36399214.56994712,0.0176113063065845,,etherscan getLogs DelegateVotesChanged replay
6669,CVP,2022-05-31,2022-05,primary,1,638051.656926256,39584202.56994712,0.0161188457895239,,etherscan getLogs DelegateVotesChanged replay
6669,CVP,2022-06-30,2022-06,primary,1,629186.3906276023,39693202.56994712,0.0158512377407404,,etherscan getLogs DelegateVotesChanged replay
6669,CVP,2022-07-31,2022-07,primary,1,610559.0435506306,39776702.56994712,0.0153496646052287,,etherscan getLogs DelegateVotesChanged replay
6669,CVP,2022-08-31,2022-08,primary,1,613914.1920917697,40050429.56994712,0.0153285295234994,,etherscan getLogs DelegateVotesChanged replay
6669,CVP,2022-09-30,2022-09,primary,1,744282.3782897586,40108385.56994712,0.018556777285183,,etherscan getLogs DelegateVotesChanged replay
6669,CVP,2022-10-31,2022-10,primary,1,737282.1145506436,40622085.56994712,0.0181497848819484,,etherscan getLogs DelegateVotesChanged replay
6669,CVP,2022-11-30,2022-11,primary,1,757491.2331759091,40845885.56994712,0.0185451049134124,,etherscan getLogs DelegateVotesChanged replay
6669,CVP,2022-12-31,2022-12,primary,1,798836.7042176387,27342770.89613525,0.0292156455997863,,etherscan getLogs DelegateVotesChanged replay
6669,CVP,2023-01-31,2023-01,primary,1,800774.582102153,27996196.46480462,0.0286029776619422,,etherscan getLogs DelegateVotesChanged replay
6669,CVP,2023-02-28,2023-02,primary,1,790942.900558602,28563801.14947143,0.0276903937406537,,etherscan getLogs DelegateVotesChanged replay
6669,CVP,2023-03-31,2023-03,primary,1,826700.4883211231,29925057.10661167,0.0276256945935274,,etherscan getLogs DelegateVotesChanged replay
6669,CVP,2023-04-30,2023-04,primary,1,807813.8419368621,29910057.10661167,0.0270081009560591,,etherscan getLogs DelegateVotesChanged replay
6669,CVP,2023-05-31,2023-05,primary,1,807936.7619368621,29950763.01599063,0.0269754984707904,,etherscan getLogs DelegateVotesChanged replay
6669,CVP,2023-06-30,2023-06,primary,1,812140.2124681758,29950763.01599063,0.0271158438279043,,etherscan getLogs DelegateVotesChanged replay
6669,CVP,2023-07-31,2023-07,primary,1,812140.2124681758,29950763.01599063,0.0271158438279043,,etherscan getLogs DelegateVotesChanged replay
6669,CVP,2023-08-31,2023-08,primary,1,841083.9220341357,29950763.01599063,0.0280822201953614,,etherscan getLogs DelegateVotesChanged replay
6669,CVP,2023-09-30,2023-09,primary,1,851838.8762141387,29950763.01599063,0.0284413080147355,,etherscan getLogs DelegateVotesChanged replay
6669,CVP,2023-10-31,2023-10,primary,1,855085.1321917559,30490413.21906512,0.0280443930375166,,etherscan getLogs DelegateVotesChanged replay
6669,CVP,2023-11-30,2023-11,primary,1,802328.2178523337,30490413.21906512,0.026314114278735,,etherscan getLogs DelegateVotesChanged replay
6669,CVP,2023-12-31,2023-12,primary,1,899716.0425253127,30490413.21906512,0.029508161665803,,etherscan getLogs DelegateVotesChanged replay
6669,CVP,2024-01-31,2024-01,primary,1,936142.822181621,30490413.21906512,0.0307028578279899,,etherscan getLogs DelegateVotesChanged replay
6669,CVP,2024-02-29,2024-02,primary,1,922732.253003044,30490413.21906512,0.0302630287878839,,etherscan getLogs DelegateVotesChanged replay
6669,CVP,2024-03-31,2024-03,primary,1,903287.048204209,31016993.0,0.0291223281445821,,etherscan getLogs DelegateVotesChanged replay
6669,CVP,2024-07-31,2024-07,primary,1,730383.5667882541,34605454.7791391,0.0211060242221854,,etherscan getLogs DelegateVotesChanged replay
24781,CYBER,2023-08-31,2023-08,primary,1,,11038000.0,,,etherscan getLogs DelegateVotesChanged replay
24781,CYBER,2023-09-30,2023-09,primary,1,,11038000.0,,,etherscan getLogs DelegateVotesChanged replay
24781,CYBER,2023-10-31,2023-10,primary,1,,11038000.0,,,etherscan getLogs DelegateVotesChanged replay
24781,CYBER,2023-11-30,2023-11,primary,1,,11038000.0,,,etherscan getLogs DelegateVotesChanged replay
24781,CYBER,2023-12-31,2023-12,primary,1,,11038000.0,,,etherscan getLogs DelegateVotesChanged replay
24781,CYBER,2024-01-31,2024-01,primary,1,,17343583.0,,,etherscan getLogs DelegateVotesChanged replay
24781,CYBER,2024-02-29,2024-02,primary,1,,19704700.0,,,etherscan getLogs DelegateVotesChanged replay
24781,CYBER,2024-03-31,2024-03,primary,1,,19704700.0,,,etherscan getLogs DelegateVotesChanged replay
24781,CYBER,2024-04-30,2024-04,primary,1,,21254743.67843472,,,etherscan getLogs DelegateVotesChanged replay
24781,CYBER,2024-05-31,2024-05,primary,1,,22235360.34843472,,,etherscan getLogs DelegateVotesChanged replay
24781,CYBER,2024-06-30,2024-06,primary,1,,23249167.0,,,etherscan getLogs DelegateVotesChanged replay
24781,CYBER,2024-07-31,2024-07,primary,1,,24135283.0,,,etherscan getLogs DelegateVotesChanged replay
24781,CYBER,2024-08-31,2024-08,primary,1,,26121400.0,,,etherscan getLogs DelegateVotesChanged replay
24781,CYBER,2024-09-30,2024-09,primary,1,,27007517.0,,,etherscan getLogs DelegateVotesChanged replay
24781,CYBER,2024-10-31,2024-10,primary,1,,27893633.0,,,etherscan getLogs DelegateVotesChanged replay
24781,CYBER,2024-11-30,2024-11,primary,1,,30873083.0,,,etherscan getLogs DelegateVotesChanged replay
24781,CYBER,2024-12-31,2024-12,primary,1,2653.19,31759200.0,8.35408322627774e-05,,etherscan getLogs DelegateVotesChanged replay
24781,CYBER,2025-01-31,2025-01,primary,1,2653.19,32645317.0,8.127321906538693e-05,,etherscan getLogs DelegateVotesChanged replay
24781,CYBER,2025-02-28,2025-02,primary,1,2653.19,37974767.0,6.986718312188723e-05,,etherscan getLogs DelegateVotesChanged replay
24781,CYBER,2025-03-31,2025-03,primary,1,2653.19,38860883.0,6.827405337135546e-05,,etherscan getLogs DelegateVotesChanged replay
24781,CYBER,2025-04-30,2025-04,primary,1,2653.19,39747000.0,6.675195612247465e-05,,etherscan getLogs DelegateVotesChanged replay
24781,CYBER,2025-05-31,2025-05,primary,1,2653.19,43976450.0,6.0332064093395445e-05,,etherscan getLogs DelegateVotesChanged replay
24781,CYBER,2025-06-30,2025-06,primary,1,2653.19,44862567.0,5.914039649135548e-05,,etherscan getLogs DelegateVotesChanged replay
24781,CYBER,2025-07-31,2025-07,primary,1,2653.19,45748683.0,5.799489353606092e-05,,etherscan getLogs DelegateVotesChanged replay
24781,CYBER,2025-08-31,2025-08,primary,1,2653.19,51078133.0,5.194375448296045e-05,,etherscan getLogs DelegateVotesChanged replay
24781,CYBER,2025-09-30,2025-09,primary,1,2653.19,51964250.0,5.105798698143436e-05,,etherscan getLogs DelegateVotesChanged replay
24781,CYBER,2025-10-31,2025-10,primary,1,2653.19,52850367.0,5.02019219658399e-05,,etherscan getLogs DelegateVotesChanged replay
24781,CYBER,2025-11-30,2025-11,primary,1,2653.19,57079817.0,4.6482104173529496e-05,,etherscan getLogs DelegateVotesChanged replay
24781,CYBER,2025-12-31,2025-12,primary,1,2653.19,57965933.0,4.577153963863568e-05,,etherscan getLogs DelegateVotesChanged replay
24781,CYBER,2026-01-31,2026-01,primary,1,2653.19,58852050.0,4.508237181202694e-05,,etherscan getLogs DelegateVotesChanged replay
24781,CYBER,2026-02-28,2026-02,primary,1,0.0,64181500.0,,,etherscan getLogs DelegateVotesChanged replay
24781,CYBER,2026-03-31,2026-03,primary,1,0.0,65067617.0,,,etherscan getLogs DelegateVotesChanged replay
24781,CYBER,2026-04-30,2026-04,primary,1,0.0,65953733.0,,,etherscan getLogs DelegateVotesChanged replay
24781,CYBER,2026-05-31,2026-05,primary,1,0.0,70183183.0,,,etherscan getLogs DelegateVotesChanged replay
7228,DDX,2021-01-31,2021-01,primary,1,50327584.764608815,26094663.78333334,1.928654271328571,"delegated>circulating (CMC circ excludes delegated locked/treasury supply, the Entry-49 pattern); kept un-capped & flagged, lambda z-scores rank not level",etherscan getLogs DelegateVotesChanged replay
7228,DDX,2021-02-28,2021-02,primary,1,50492308.21387535,26094663.78333334,1.9349668052103732,"delegated>circulating (CMC circ excludes delegated locked/treasury supply, the Entry-49 pattern); kept un-capped & flagged, lambda z-scores rank not level",etherscan getLogs DelegateVotesChanged replay
7228,DDX,2021-03-31,2021-03,primary,1,50784020.87647464,26094663.78333334,1.9461458211586689,"delegated>circulating (CMC circ excludes delegated locked/treasury supply, the Entry-49 pattern); kept un-capped & flagged, lambda z-scores rank not level",etherscan getLogs DelegateVotesChanged replay
7228,DDX,2021-04-30,2021-04,primary,1,50988646.62100458,26094663.78333334,1.9539874912498787,"delegated>circulating (CMC circ excludes delegated locked/treasury supply, the Entry-49 pattern); kept un-capped & flagged, lambda z-scores rank not level",etherscan getLogs DelegateVotesChanged replay
7228,DDX,2021-05-31,2021-05,primary,1,51211306.77779059,26094663.78333334,1.962520276291096,"delegated>circulating (CMC circ excludes delegated locked/treasury supply, the Entry-49 pattern); kept un-capped & flagged, lambda z-scores rank not level",etherscan getLogs DelegateVotesChanged replay
7228,DDX,2021-06-30,2021-06,primary,1,51425729.19325641,26094663.78333334,1.970737374516472,"delegated>circulating (CMC circ excludes delegated locked/treasury supply, the Entry-49 pattern); kept un-capped & flagged, lambda z-scores rank not level",etherscan getLogs DelegateVotesChanged replay
7228,DDX,2021-07-31,2021-07,primary,1,51611888.02261105,26094663.78333334,1.9778713552759228,"delegated>circulating (CMC circ excludes delegated locked/treasury supply, the Entry-49 pattern); kept un-capped & flagged, lambda z-scores rank not level",etherscan getLogs DelegateVotesChanged replay
7228,DDX,2021-08-31,2021-08,primary,1,51875079.21538373,26094663.78333334,1.98795737113564,"delegated>circulating (CMC circ excludes delegated locked/treasury supply, the Entry-49 pattern); kept un-capped & flagged, lambda z-scores rank not level",etherscan getLogs DelegateVotesChanged replay
7228,DDX,2021-09-30,2021-09,primary,1,52148761.77336932,26094663.78333334,1.9984454372114475,"delegated>circulating (CMC circ excludes delegated locked/treasury supply, the Entry-49 pattern); kept un-capped & flagged, lambda z-scores rank not level",etherscan getLogs DelegateVotesChanged replay
7228,DDX,2021-10-31,2021-10,primary,1,52356085.72982005,26094663.78333334,2.006390508210337,"delegated>circulating (CMC circ excludes delegated locked/treasury supply, the Entry-49 pattern); kept un-capped & flagged, lambda z-scores rank not level",etherscan getLogs DelegateVotesChanged replay
7228,DDX,2021-11-30,2021-11,primary,1,52631452.58488606,26094663.78333334,2.016943119937869,"delegated>circulating (CMC circ excludes delegated locked/treasury supply, the Entry-49 pattern); kept un-capped & flagged, lambda z-scores rank not level",etherscan getLogs DelegateVotesChanged replay
7228,DDX,2021-12-31,2021-12,primary,1,52751117.908595935,26094663.78333334,2.021528935823579,"delegated>circulating (CMC circ excludes delegated locked/treasury supply, the Entry-49 pattern); kept un-capped & flagged, lambda z-scores rank not level",etherscan getLogs DelegateVotesChanged replay
7228,DDX,2022-01-31,2022-01,primary,1,53058531.02808792,26094663.78333334,2.033309624858106,"delegated>circulating (CMC circ excludes delegated locked/treasury supply, the Entry-49 pattern); kept un-capped & flagged, lambda z-scores rank not level",etherscan getLogs DelegateVotesChanged replay
7228,DDX,2022-02-28,2022-02,primary,1,53178915.73859257,26094663.78333334,2.0379230090926845,"delegated>circulating (CMC circ excludes delegated locked/treasury supply, the Entry-49 pattern); kept un-capped & flagged, lambda z-scores rank not level",etherscan getLogs DelegateVotesChanged replay
7228,DDX,2022-03-31,2022-03,primary,1,53203912.60674217,26094663.78333334,2.0388809393560194,"delegated>circulating (CMC circ excludes delegated locked/treasury supply, the Entry-49 pattern); kept un-capped & flagged, lambda z-scores rank not level",etherscan getLogs DelegateVotesChanged replay
7228,DDX,2022-04-30,2022-04,primary,1,53204252.12917,26094663.78333334,2.03889395053833,"delegated>circulating (CMC circ excludes delegated locked/treasury supply, the Entry-49 pattern); kept un-capped & flagged, lambda z-scores rank not level",etherscan getLogs DelegateVotesChanged replay
7228,DDX,2022-05-31,2022-05,primary,1,53213523.2414107,26094663.78333334,2.039249238206249,"delegated>circulating (CMC circ excludes delegated locked/treasury supply, the Entry-49 pattern); kept un-capped & flagged, lambda z-scores rank not level",etherscan getLogs DelegateVotesChanged replay
7228,DDX,2022-06-30,2022-06,primary,1,53220462.141151816,26094663.78333334,2.0395151508004377,"delegated>circulating (CMC circ excludes delegated locked/treasury supply, the Entry-49 pattern); kept un-capped & flagged, lambda z-scores rank not level",etherscan getLogs DelegateVotesChanged replay
7228,DDX,2022-07-31,2022-07,primary,1,53220677.57237755,26094663.78333334,2.0395234065583017,"delegated>circulating (CMC circ excludes delegated locked/treasury supply, the Entry-49 pattern); kept un-capped & flagged, lambda z-scores rank not level",etherscan getLogs DelegateVotesChanged replay
7228,DDX,2022-08-31,2022-08,primary,1,53221708.70093351,26094663.78333334,2.03956292147846,"delegated>circulating (CMC circ excludes delegated locked/treasury supply, the Entry-49 pattern); kept un-capped & flagged, lambda z-scores rank not level",etherscan getLogs DelegateVotesChanged replay
7228,DDX,2022-09-30,2022-09,primary,1,53221796.34929024,26094663.78333334,2.039566280339776,"delegated>circulating (CMC circ excludes delegated locked/treasury supply, the Entry-49 pattern); kept un-capped & flagged, lambda z-scores rank not level",etherscan getLogs DelegateVotesChanged replay
7228,DDX,2022-10-31,2022-10,primary,1,53221821.86134138,26094663.78333334,2.0395672580128874,"delegated>circulating (CMC circ excludes delegated locked/treasury supply, the Entry-49 pattern); kept un-capped & flagged, lambda z-scores rank not level",etherscan getLogs DelegateVotesChanged replay
7228,DDX,2022-11-30,2022-11,primary,1,53222009.98762881,26094663.78333334,2.039574467390598,"delegated>circulating (CMC circ excludes delegated locked/treasury supply, the Entry-49 pattern); kept un-capped & flagged, lambda z-scores rank not level",etherscan getLogs DelegateVotesChanged replay
7228,DDX,2022-12-31,2022-12,primary,1,53222013.01970626,26094663.78333334,2.039574583585904,"delegated>circulating (CMC circ excludes delegated locked/treasury supply, the Entry-49 pattern); kept un-capped & flagged, lambda z-scores rank not level",etherscan getLogs DelegateVotesChanged replay
7228,DDX,2023-01-31,2023-01,primary,1,53222065.14734729,26094663.78333334,2.039576581221952,"delegated>circulating (CMC circ excludes delegated locked/treasury supply, the Entry-49 pattern); kept un-capped & flagged, lambda z-scores rank not level",etherscan getLogs DelegateVotesChanged replay
7228,DDX,2023-02-28,2023-02,primary,1,53222450.83291276,26094663.78333334,2.039591361468544,"delegated>circulating (CMC circ excludes delegated locked/treasury supply, the Entry-49 pattern); kept un-capped & flagged, lambda z-scores rank not level",etherscan getLogs DelegateVotesChanged replay
7228,DDX,2023-03-31,2023-03,primary,1,53225594.983073056,26094663.78333334,2.0397118516264707,"delegated>circulating (CMC circ excludes delegated locked/treasury supply, the Entry-49 pattern); kept un-capped & flagged, lambda z-scores rank not level",etherscan getLogs DelegateVotesChanged replay
7228,DDX,2023-04-30,2023-04,primary,1,53225605.78408353,26094663.78333334,2.0397122655429163,"delegated>circulating (CMC circ excludes delegated locked/treasury supply, the Entry-49 pattern); kept un-capped & flagged, lambda z-scores rank not level",etherscan getLogs DelegateVotesChanged replay
7228,DDX,2023-05-31,2023-05,primary,1,53225623.00741748,26094663.78333334,2.039712925575714,"delegated>circulating (CMC circ excludes delegated locked/treasury supply, the Entry-49 pattern); kept un-capped & flagged, lambda z-scores rank not level",etherscan getLogs DelegateVotesChanged replay
7228,DDX,2023-06-30,2023-06,primary,1,53225763.84569863,26094663.78333334,2.039718322781914,"delegated>circulating (CMC circ excludes delegated locked/treasury supply, the Entry-49 pattern); kept un-capped & flagged, lambda z-scores rank not level",etherscan getLogs DelegateVotesChanged replay
7228,DDX,2023-07-31,2023-07,primary,1,53225763.84569863,26094663.78333334,2.039718322781914,"delegated>circulating (CMC circ excludes delegated locked/treasury supply, the Entry-49 pattern); kept un-capped & flagged, lambda z-scores rank not level",etherscan getLogs DelegateVotesChanged replay
7228,DDX,2023-08-31,2023-08,primary,1,53225763.84569863,26094663.78333334,2.039718322781914,"delegated>circulating (CMC circ excludes delegated locked/treasury supply, the Entry-49 pattern); kept un-capped & flagged, lambda z-scores rank not level",etherscan getLogs DelegateVotesChanged replay
5741,DMG,2020-08-31,2020-08,primary,1,6531927.026053743,44274766.7420288,0.1475315965889249,,etherscan getLogs DelegateVotesChanged replay
5741,DMG,2020-09-30,2020-09,primary,1,4897436.077614377,46316252.45303273,0.1057390401475303,,etherscan getLogs DelegateVotesChanged replay
5741,DMG,2020-10-31,2020-10,primary,1,6516527.186167933,46935891.63264111,0.1388388919330996,,etherscan getLogs DelegateVotesChanged replay
5741,DMG,2020-12-31,2020-12,primary,1,5536722.36884983,47690894.02591351,0.1160960070457344,,etherscan getLogs DelegateVotesChanged replay
5741,DMG,2021-01-31,2021-01,primary,1,5453989.477468215,50314779.30165011,0.1083973646146818,,etherscan getLogs DelegateVotesChanged replay
30494,EIGEN,2024-10-31,2024-10,primary,1,,186582000.0,,,etherscan getLogs DelegateVotesChanged replay
30494,EIGEN,2024-11-30,2024-11,primary,1,,210808569.73,,,etherscan getLogs DelegateVotesChanged replay
30494,EIGEN,2024-12-31,2024-12,primary,1,,210808569.73,,,etherscan getLogs DelegateVotesChanged replay
30494,EIGEN,2025-01-31,2025-01,primary,1,,234977760.92,,,etherscan getLogs DelegateVotesChanged replay
30494,EIGEN,2025-02-28,2025-02,primary,1,,234977760.92,,,etherscan getLogs DelegateVotesChanged replay
30494,EIGEN,2025-03-31,2025-03,primary,1,18.76000007,234977760.92,7.983734288959791e-08,,etherscan getLogs DelegateVotesChanged replay
30494,EIGEN,2025-04-30,2025-04,primary,1,18.77000007,262190048.7504022,7.158929242150045e-08,,etherscan getLogs DelegateVotesChanged replay
30494,EIGEN,2025-05-31,2025-05,primary,1,19.44516794546749,304179530.81670123,6.392661561827827e-08,,etherscan getLogs DelegateVotesChanged replay
30494,EIGEN,2025-06-30,2025-06,primary,1,129.93461687037242,311279285.38702685,4.174213414452528e-07,,etherscan getLogs DelegateVotesChanged replay
30494,EIGEN,2025-07-31,2025-07,primary,1,132.81596410558043,318216387.9573524,4.1737625443533275e-07,,etherscan getLogs DelegateVotesChanged replay
30494,EIGEN,2025-08-31,2025-08,primary,1,87.89391309878745,327741070.01361275,2.6818095484687585e-07,,etherscan getLogs DelegateVotesChanged replay
30494,EIGEN,2025-09-30,2025-09,primary,1,85.02984746073506,381377491.98987335,2.229545509282253e-07,,etherscan getLogs DelegateVotesChanged replay
30494,EIGEN,2025-10-31,2025-10,primary,1,85.18937336479985,433954591.9407846,1.963094179596201e-07,,etherscan getLogs DelegateVotesChanged replay
30494,EIGEN,2025-11-30,2025-11,primary,1,85.18937336479985,485165784.4576306,1.7558817231935166e-07,,etherscan getLogs DelegateVotesChanged replay
30494,EIGEN,2025-12-31,2025-12,primary,1,70.00057336479985,536263888.0244768,1.3053381912899716e-07,,etherscan getLogs DelegateVotesChanged replay
30494,EIGEN,2026-01-31,2026-01,primary,1,20.00052443989492,589512855.7955344,3.3927206579582826e-08,,etherscan getLogs DelegateVotesChanged replay
30494,EIGEN,2026-02-28,2026-02,primary,1,20.00052443989492,640067972.8223805,3.124750071731066e-08,,etherscan getLogs DelegateVotesChanged replay
30494,EIGEN,2026-03-31,2026-03,primary,1,20.00052443989492,688735518.2165385,2.903948454943302e-08,,etherscan getLogs DelegateVotesChanged replay
30494,EIGEN,2026-04-30,2026-04,primary,1,20.00052443989492,736514626.9695323,2.7155637793901262e-08,,etherscan getLogs DelegateVotesChanged replay
30494,EIGEN,2026-05-31,2026-05,primary,1,20.00052443989492,786316972.4763784,2.543570231850203e-08,,etherscan getLogs DelegateVotesChanged replay
14280,EUL,2025-06-30,2025-06,primary,1,2710529.975595244,18651873.68863373,0.1453221279987015,,etherscan getLogs DelegateVotesChanged replay
14280,EUL,2025-07-31,2025-07,primary,1,2512930.579837272,19712589.36768069,0.1274784622641857,,etherscan getLogs DelegateVotesChanged replay
14280,EUL,2025-08-31,2025-08,primary,1,2483256.009582005,19778514.89714576,0.1255532087467479,,etherscan getLogs DelegateVotesChanged replay
14280,EUL,2025-09-30,2025-09,primary,1,2337450.703590356,19815561.18012734,0.1179603586465439,,etherscan getLogs DelegateVotesChanged replay
14280,EUL,2025-10-31,2025-10,primary,1,2279262.333005968,20699356.67434014,0.110112713591309,,etherscan getLogs DelegateVotesChanged replay
14280,EUL,2025-11-30,2025-11,primary,1,2232205.001677624,24101011.9156838,0.0926187252836886,,etherscan getLogs DelegateVotesChanged replay
14280,EUL,2025-12-31,2025-12,primary,1,2176957.9721963336,24232636.98735444,0.089835785240061,,etherscan getLogs DelegateVotesChanged replay
14280,EUL,2026-01-31,2026-01,primary,1,2265372.578928221,24311394.79127323,0.093181514198494,,etherscan getLogs DelegateVotesChanged replay
14280,EUL,2026-02-28,2026-02,primary,1,2281534.4555943627,24220861.25052188,0.0941970820936519,,etherscan getLogs DelegateVotesChanged replay
14280,EUL,2026-03-31,2026-03,primary,1,2319858.8411592306,24165115.20250936,0.0960003220228112,,etherscan getLogs DelegateVotesChanged replay
14280,EUL,2026-04-30,2026-04,primary,1,2309984.5057126274,24130150.81847105,0.0957302141661041,,etherscan getLogs DelegateVotesChanged replay
14280,EUL,2026-05-31,2026-05,primary,1,2322342.0096226605,24165334.75997301,0.0961022072605152,,etherscan getLogs DelegateVotesChanged replay
10508,FLUID,2025-09-30,2025-09,primary,1,17095867.81734811,76753292.53490426,0.2227379080783226,,etherscan getLogs DelegateVotesChanged replay
10508,FLUID,2025-10-31,2025-10,primary,1,17145854.505125806,77753292.53490426,0.220516121518955,,etherscan getLogs DelegateVotesChanged replay
10508,FLUID,2025-11-30,2025-11,primary,1,17133614.350880545,77488208.8672596,0.2211125357179323,,etherscan getLogs DelegateVotesChanged replay
10508,FLUID,2025-12-31,2025-12,primary,1,17040266.62120779,77249827.8672596,0.2205864672020826,,etherscan getLogs DelegateVotesChanged replay
10508,FLUID,2026-01-31,2026-01,primary,1,15856154.386903886,77532543.82034639,0.204509662724917,,etherscan getLogs DelegateVotesChanged replay
10508,FLUID,2026-02-28,2026-02,primary,1,16012671.696735734,78532543.82034639,0.2038985485223405,,etherscan getLogs DelegateVotesChanged replay
10508,FLUID,2026-03-31,2026-03,primary,1,16037136.6537281,77946996.82034639,0.2057441249557154,,etherscan getLogs DelegateVotesChanged replay
10508,FLUID,2026-04-30,2026-04,primary,1,16253353.950550357,77946996.82034639,0.208518026525273,,etherscan getLogs DelegateVotesChanged replay
10508,FLUID,2026-05-31,2026-05,primary,1,16564680.948826252,77946996.82034639,0.2125121123909984,,etherscan getLogs DelegateVotesChanged replay
9421,FORTH,2021-04-30,2021-04,primary,1,,6111837.05074989,,,etherscan getLogs DelegateVotesChanged replay
9421,FORTH,2021-05-31,2021-05,primary,1,1349028.66,6853661.16968447,0.196833287581695,,etherscan getLogs DelegateVotesChanged replay
9421,FORTH,2021-06-30,2021-06,primary,1,1349028.66,7305061.52065294,0.1846704036901008,,etherscan getLogs DelegateVotesChanged replay
9421,FORTH,2021-07-31,2021-07,primary,1,32470.67794892464,7745946.56240812,0.0041919573918193,,etherscan getLogs DelegateVotesChanged replay
9421,FORTH,2021-08-31,2021-08,primary,1,52628.382514514335,8182725.77197353,0.0064316444154551,,etherscan getLogs DelegateVotesChanged replay
9421,FORTH,2021-09-30,2021-09,primary,1,47220.90772045249,8599980.60400846,0.0054908156070076,,etherscan getLogs DelegateVotesChanged replay
9421,FORTH,2021-10-31,2021-10,primary,1,753704.8298016811,9042074.23261795,0.083355302158746,,etherscan getLogs DelegateVotesChanged replay
9421,FORTH,2021-11-30,2021-11,primary,1,433062.836291506,9497540.83685239,0.0455973650159138,,etherscan getLogs DelegateVotesChanged replay
9421,FORTH,2021-12-31,2021-12,primary,1,429053.5064376794,9918301.98317266,0.0432587661845353,,etherscan getLogs DelegateVotesChanged replay
9421,FORTH,2022-01-31,2022-01,primary,1,446145.8133161055,10333666.8604294,0.0431740077691614,,etherscan getLogs DelegateVotesChanged replay
9421,FORTH,2022-02-28,2022-02,primary,1,444766.9614914398,10697300.90870283,0.0415774937329843,,etherscan getLogs DelegateVotesChanged replay
9421,FORTH,2022-03-31,2022-03,primary,1,925219.9318174332,11099032.88773765,0.0833604099722623,,etherscan getLogs DelegateVotesChanged replay
9421,FORTH,2022-04-30,2022-04,primary,1,856087.817323595,15297897.14455933,0.055961143497952,,etherscan getLogs DelegateVotesChanged replay
9421,FORTH,2022-05-31,2022-05,primary,1,815653.8194153851,15297897.14455933,0.0533180352637859,,etherscan getLogs DelegateVotesChanged replay
9421,FORTH,2022-06-30,2022-06,primary,1,782400.6655011108,15297897.14455933,0.0511443277535285,,etherscan getLogs DelegateVotesChanged replay
9421,FORTH,2022-07-31,2022-07,primary,1,757737.6241225553,15297897.14455933,0.049532142683548,,etherscan getLogs DelegateVotesChanged replay
9421,FORTH,2022-08-31,2022-08,primary,1,774562.3161239851,15297897.14455933,0.0506319469143154,,etherscan getLogs DelegateVotesChanged replay
9421,FORTH,2022-09-30,2022-09,primary,1,708824.3857059419,15297897.14455933,0.0463347595429502,,etherscan getLogs DelegateVotesChanged replay
9421,FORTH,2022-10-31,2022-10,primary,1,726228.5287029265,15297897.14455933,0.0474724415937917,,etherscan getLogs DelegateVotesChanged replay
9421,FORTH,2022-11-30,2022-11,primary,1,781637.6990882172,14982363.81125837,0.0521705192141217,,etherscan getLogs DelegateVotesChanged replay
9421,FORTH,2022-12-31,2022-12,primary,1,764314.0618412421,15051575.26959575,0.0507796724363568,,etherscan getLogs DelegateVotesChanged replay
9421,FORTH,2023-01-31,2023-01,primary,1,1074087.8477622156,15120786.72793313,0.0710338600158957,,etherscan getLogs DelegateVotesChanged replay
9421,FORTH,2023-02-28,2023-02,primary,1,923064.4479801533,15189998.18627051,0.0607679103486967,,etherscan getLogs DelegateVotesChanged replay
9421,FORTH,2023-03-31,2023-03,primary,1,920998.5802995022,15259209.64460789,0.0603568993250547,,etherscan getLogs DelegateVotesChanged replay
9421,FORTH,2023-04-30,2023-04,primary,1,935610.634993506,15259209.64460789,0.0613144885471916,,etherscan getLogs DelegateVotesChanged replay
9421,FORTH,2023-05-31,2023-05,primary,1,934791.5991339956,15259209.64460789,0.0612608136925571,,etherscan getLogs DelegateVotesChanged replay
9421,FORTH,2023-06-30,2023-06,primary,1,920724.7419046792,15259209.64460789,0.0603389535466559,,etherscan getLogs DelegateVotesChanged replay
9421,FORTH,2023-07-31,2023-07,primary,1,886736.5868081492,15259209.64460789,0.0581115672082985,,etherscan getLogs DelegateVotesChanged replay
9421,FORTH,2023-08-31,2023-08,primary,1,894513.327448504,15140481.24460789,0.0590809045628635,,etherscan getLogs DelegateVotesChanged replay
9421,FORTH,2023-09-30,2023-09,primary,1,893826.6440308336,15140481.24460789,0.0590355504286998,,etherscan getLogs DelegateVotesChanged replay
9421,FORTH,2023-10-31,2023-10,primary,1,892968.0498771791,15140481.24460789,0.0589788419172739,,etherscan getLogs DelegateVotesChanged replay
9421,FORTH,2023-11-30,2023-11,primary,1,861691.230486982,15140481.24460789,0.0569130674623611,,etherscan getLogs DelegateVotesChanged replay
9421,FORTH,2023-12-31,2023-12,primary,1,856443.696371163,14990376.17105689,0.0571329022432917,,etherscan getLogs DelegateVotesChanged replay
9421,FORTH,2024-01-31,2024-01,primary,1,854626.2567963065,14990376.17105689,0.057011661818494,,etherscan getLogs DelegateVotesChanged replay
9421,FORTH,2024-02-29,2024-02,primary,1,832814.214653852,14990376.17105689,0.0555565921195381,,etherscan getLogs DelegateVotesChanged replay
9421,FORTH,2024-03-31,2024-03,primary,1,811630.3980825756,14997389.51105689,0.0541181115209548,,etherscan getLogs DelegateVotesChanged replay
9421,FORTH,2024-04-30,2024-04,primary,1,818267.5790380595,14997389.51105689,0.0545606672704465,,etherscan getLogs DelegateVotesChanged replay
9421,FORTH,2024-05-31,2024-05,primary,1,828169.5820949962,14997389.51105689,0.0552209157123261,,etherscan getLogs DelegateVotesChanged replay
9421,FORTH,2024-06-30,2024-06,primary,1,827981.4810256319,14997389.51105689,0.0552083734582741,,etherscan getLogs DelegateVotesChanged replay
9421,FORTH,2024-07-31,2024-07,primary,1,807423.72448602,14997389.51105689,0.0538376177994672,,etherscan getLogs DelegateVotesChanged replay
9421,FORTH,2024-08-31,2024-08,primary,1,806037.0862459014,14263553.15380151,0.0565102592288568,,etherscan getLogs DelegateVotesChanged replay
9421,FORTH,2024-09-30,2024-09,primary,1,802930.8794112544,14263553.15380151,0.0562924869247784,,etherscan getLogs DelegateVotesChanged replay
9421,FORTH,2024-10-31,2024-10,primary,1,801710.7805279912,14263553.15380151,0.0562069473071175,,etherscan getLogs DelegateVotesChanged replay
9421,FORTH,2024-11-30,2024-11,primary,1,797828.9650512568,14263553.15380151,0.055934798044246,,etherscan getLogs DelegateVotesChanged replay
9421,FORTH,2024-12-31,2024-12,primary,1,938786.7252565556,14343554.15380151,0.0654500771001548,,etherscan getLogs DelegateVotesChanged replay
9421,FORTH,2025-01-31,2025-01,primary,1,958256.530377904,14343554.15380151,0.0668074676682511,,etherscan getLogs DelegateVotesChanged replay
9421,FORTH,2025-02-28,2025-02,primary,1,903656.5003145856,14343554.15380151,0.0630008776503337,,etherscan getLogs DelegateVotesChanged replay
9421,FORTH,2025-03-31,2025-03,primary,1,904020.1861553756,14343554.15380151,0.0630262330006807,,etherscan getLogs DelegateVotesChanged replay
9421,FORTH,2025-04-30,2025-04,primary,1,794035.8510688622,14343554.15380151,0.0553583750969014,,etherscan getLogs DelegateVotesChanged replay
9421,FORTH,2025-05-31,2025-05,primary,1,793205.7586767059,14343554.15380151,0.055300502941698,,etherscan getLogs DelegateVotesChanged replay
9421,FORTH,2025-06-30,2025-06,primary,1,784889.4335058662,14343554.15380151,0.0547207076495643,,etherscan getLogs DelegateVotesChanged replay
9421,FORTH,2025-07-31,2025-07,primary,1,786350.0624100292,14343554.15380151,0.0548225393774959,,etherscan getLogs DelegateVotesChanged replay
9421,FORTH,2025-08-31,2025-08,primary,1,821612.6249841114,14343554.15380151,0.0572809651062918,,etherscan getLogs DelegateVotesChanged replay
9421,FORTH,2025-09-30,2025-09,primary,1,820912.3862851036,14343554.15380151,0.0572321460554834,,etherscan getLogs DelegateVotesChanged replay
9421,FORTH,2025-10-31,2025-10,primary,1,831801.7566209905,14343554.15380151,0.0579913282093013,,etherscan getLogs DelegateVotesChanged replay
9421,FORTH,2025-11-30,2025-11,primary,1,761596.0527222671,14343554.15380151,0.0530967460753386,,etherscan getLogs DelegateVotesChanged replay
9421,FORTH,2025-12-31,2025-12,primary,1,753116.5130298411,14343554.15380151,0.0525055718376634,,etherscan getLogs DelegateVotesChanged replay
9421,FORTH,2026-01-31,2026-01,primary,1,751478.0519987397,14343554.15380151,0.0523913420579636,,etherscan getLogs DelegateVotesChanged replay
9421,FORTH,2026-02-28,2026-02,primary,1,744590.5681874375,14343554.15380151,0.0519111623383871,,etherscan getLogs DelegateVotesChanged replay
2873,MET,2020-11-30,2020-11,primary,1,,11134738.15179773,,,etherscan getLogs DelegateVotesChanged replay
2873,MET,2020-12-31,2020-12,primary,1,,11221122.73075276,,,etherscan getLogs DelegateVotesChanged replay
2873,MET,2021-01-31,2021-01,primary,1,,11405536.79567297,,,etherscan getLogs DelegateVotesChanged replay
2873,MET,2021-02-28,2021-02,primary,1,,11486162.40269767,,,etherscan getLogs DelegateVotesChanged replay
2873,MET,2021-03-31,2021-03,primary,1,,11572546.98165271,,,etherscan getLogs DelegateVotesChanged replay
2873,MET,2021-04-30,2021-04,primary,1,,11618618.7570954,,,etherscan getLogs DelegateVotesChanged replay
2873,MET,2021-05-31,2021-05,primary,1,,11795770.62552795,,,etherscan getLogs DelegateVotesChanged replay
2873,MET,2021-06-30,2021-06,primary,1,,11885034.69044816,,,etherscan getLogs DelegateVotesChanged replay
2873,MET,2021-07-31,2021-07,primary,1,,11974298.75536837,,,etherscan getLogs DelegateVotesChanged replay
2873,MET,2021-08-31,2021-08,primary,1,,12063562.82028857,,,etherscan getLogs DelegateVotesChanged replay
2873,MET,2021-09-30,2021-09,primary,1,,12147067.91327844,,,etherscan getLogs DelegateVotesChanged replay
2873,MET,2021-10-31,2021-10,primary,1,,12239211.46416381,,,etherscan getLogs DelegateVotesChanged replay
2873,MET,2021-11-30,2021-11,primary,1,,12439776.04311885,,,etherscan getLogs DelegateVotesChanged replay
2873,MET,2021-12-31,2021-12,primary,1,,12529040.10803906,,,etherscan getLogs DelegateVotesChanged replay
2873,MET,2022-01-31,2022-01,primary,1,,13645924.17295926,,,etherscan getLogs DelegateVotesChanged replay
2873,MET,2022-02-28,2022-02,primary,1,,13726549.77998397,,,etherscan getLogs DelegateVotesChanged replay
2873,MET,2022-03-31,2022-03,primary,1,,13815813.84490417,,,etherscan getLogs DelegateVotesChanged replay
2873,MET,2022-04-30,2022-04,primary,1,,13902198.42385921,,,etherscan getLogs DelegateVotesChanged replay
2873,MET,2022-05-31,2022-05,primary,1,,13991462.48877942,,,etherscan getLogs DelegateVotesChanged replay
2873,MET,2022-06-30,2022-06,primary,1,,14077847.06773445,,,etherscan getLogs DelegateVotesChanged replay
2873,MET,2022-07-31,2022-07,primary,1,,14167111.13265466,,,etherscan getLogs DelegateVotesChanged replay
2873,MET,2022-08-31,2022-08,primary,1,,14256377.20077921,,,etherscan getLogs DelegateVotesChanged replay
2873,MET,2022-09-30,2022-09,primary,1,,14299569.49626487,,,etherscan getLogs DelegateVotesChanged replay
2873,MET,2022-10-31,2022-10,primary,1,813.332105053728,14299569.49626487,5.687808330636633e-05,,etherscan getLogs DelegateVotesChanged replay
2873,MET,2022-11-30,2022-11,primary,1,803.0266850538203,14299569.49626487,5.615740286891683e-05,,etherscan getLogs DelegateVotesChanged replay
2873,MET,2022-12-31,2022-12,primary,1,803.0266850538203,14299569.49626487,5.615740286891683e-05,,etherscan getLogs DelegateVotesChanged replay
2873,MET,2023-01-31,2023-01,primary,1,803.0266850538203,14299569.49626487,5.615740286891683e-05,,etherscan getLogs DelegateVotesChanged replay
2873,MET,2023-02-28,2023-02,primary,1,853.0266850538203,14299569.49626487,5.965401163137365e-05,,etherscan getLogs DelegateVotesChanged replay
2873,MET,2023-03-31,2023-03,primary,1,25803.02668505382,14299569.49626487,0.0018044617840973,,etherscan getLogs DelegateVotesChanged replay
2873,MET,2023-04-30,2023-04,primary,1,803.0266850538203,14299569.49626487,5.615740286891683e-05,,etherscan getLogs DelegateVotesChanged replay
2873,MET,2023-05-31,2023-05,primary,1,803.0266850538203,14299569.49626487,5.615740286891683e-05,,etherscan getLogs DelegateVotesChanged replay
2873,MET,2023-06-30,2023-06,primary,1,803.0266850538203,14299569.49626487,5.615740286891683e-05,,etherscan getLogs DelegateVotesChanged replay
21159,ONDO,2024-01-31,2024-01,primary,1,280540209.480339,1382388249.3235118,0.202938797850477,,etherscan getLogs DelegateVotesChanged replay
21159,ONDO,2024-02-29,2024-02,primary,1,278363138.2782835,1387523264.5692694,0.2006187178163791,,etherscan getLogs DelegateVotesChanged replay
21159,ONDO,2024-03-31,2024-03,primary,1,276920385.5317027,1389759838.4783604,0.1992577263096774,,etherscan getLogs DelegateVotesChanged replay
21159,ONDO,2024-04-30,2024-04,primary,1,276090142.4893436,1389759838.4783604,0.1986603259392162,,etherscan getLogs DelegateVotesChanged replay
21159,ONDO,2024-05-31,2024-05,primary,1,274816867.39731455,1389759838.4783604,0.197744142396725,,etherscan getLogs DelegateVotesChanged replay
21159,ONDO,2024-06-30,2024-06,primary,1,273516647.064943,1389759838.4783604,0.1968085704393463,,etherscan getLogs DelegateVotesChanged replay
21159,ONDO,2024-07-31,2024-07,primary,1,271434487.2207573,1389759838.4783604,0.1953103548581093,,etherscan getLogs DelegateVotesChanged replay
21159,ONDO,2024-08-31,2024-08,primary,1,178578080.95599413,1389759838.4783604,0.1284956407659025,,etherscan getLogs DelegateVotesChanged replay
21159,ONDO,2024-09-30,2024-09,primary,1,138294389.21247068,1389759838.4783604,0.099509559409839,,etherscan getLogs DelegateVotesChanged replay
21159,ONDO,2024-10-31,2024-10,primary,1,137549460.0183683,1389759838.4783604,0.098973546515037,,etherscan getLogs DelegateVotesChanged replay
21159,ONDO,2024-11-30,2024-11,primary,1,136340288.21862945,1389759838.4783604,0.0981034884184792,,etherscan getLogs DelegateVotesChanged replay
21159,ONDO,2024-12-31,2024-12,primary,1,133101912.44592378,1389759838.4783604,0.095773319073356,,etherscan getLogs DelegateVotesChanged replay
21159,ONDO,2025-01-31,2025-01,primary,1,124548154.71584736,3159107529.0,0.03942510774721,,etherscan getLogs DelegateVotesChanged replay
21159,ONDO,2025-02-28,2025-02,primary,1,153751555.35665154,3159107529.0,0.0486693010431717,,etherscan getLogs DelegateVotesChanged replay
21159,ONDO,2025-03-31,2025-03,primary,1,153515414.4480763,3159107529.0,0.0485945517963014,,etherscan getLogs DelegateVotesChanged replay
21159,ONDO,2025-04-30,2025-04,primary,1,153081987.90601245,3159107529.0,0.0484573527493917,,etherscan getLogs DelegateVotesChanged replay
21159,ONDO,2025-05-31,2025-05,primary,1,153026012.26816767,3159107529.0,0.0484396339356664,,etherscan getLogs DelegateVotesChanged replay
21159,ONDO,2025-06-30,2025-06,primary,1,152830195.71951583,3159107529.0,0.0483776491672296,,etherscan getLogs DelegateVotesChanged replay
21159,ONDO,2025-07-31,2025-07,primary,1,152779088.45546234,3159107529.0,0.0483614714133595,,etherscan getLogs DelegateVotesChanged replay
21159,ONDO,2025-08-31,2025-08,primary,1,152535427.78756794,3159107529.0,0.0482843418235441,,etherscan getLogs DelegateVotesChanged replay
21159,ONDO,2025-09-30,2025-09,primary,1,152496900.61003572,3159107529.0,0.0482721462343853,,etherscan getLogs DelegateVotesChanged replay
21159,ONDO,2025-10-31,2025-10,primary,1,152183221.7894733,3159107529.0,0.0481728527416241,,etherscan getLogs DelegateVotesChanged replay
21159,ONDO,2025-11-30,2025-11,primary,1,151932520.119237,3159107529.0,0.0480934943570377,,etherscan getLogs DelegateVotesChanged replay
21159,ONDO,2025-12-31,2025-12,primary,1,149201640.37586123,3159107529.0,0.0472290477630846,,etherscan getLogs DelegateVotesChanged replay
21159,ONDO,2026-01-31,2026-01,primary,1,132583793.8506348,4869330647.0,0.0272283407027041,,etherscan getLogs DelegateVotesChanged replay
21159,ONDO,2026-02-28,2026-02,primary,1,127082682.80819207,4869330647.0,0.0260985938357847,,etherscan getLogs DelegateVotesChanged replay
21159,ONDO,2026-03-31,2026-03,primary,1,127220550.42361592,4869330647.0,0.0261269072992602,,etherscan getLogs DelegateVotesChanged replay
21159,ONDO,2026-04-30,2026-04,primary,1,127178316.29631811,4869330647.0,0.0261182338017388,,etherscan getLogs DelegateVotesChanged replay
21159,ONDO,2026-05-31,2026-05,primary,1,127638900.42997502,4869330647.0,0.026212822599881,,etherscan getLogs DelegateVotesChanged replay
5354,PEAK,2021-08-31,2021-08,primary,1,,559587016.3001662,,,etherscan getLogs DelegateVotesChanged replay
5354,PEAK,2021-09-30,2021-09,primary,1,,950084339.9272296,,,etherscan getLogs DelegateVotesChanged replay
5354,PEAK,2021-10-31,2021-10,primary,1,,1033837018.4713086,,,etherscan getLogs DelegateVotesChanged replay
5354,PEAK,2021-11-30,2021-11,primary,1,,1081475681.1932049,,,etherscan getLogs DelegateVotesChanged replay
5354,PEAK,2021-12-31,2021-12,primary,1,,1106494719.8786335,,,etherscan getLogs DelegateVotesChanged replay
5354,PEAK,2022-01-31,2022-01,primary,1,138320413.7216774,1271207926.629925,0.1088102196533465,,etherscan getLogs DelegateVotesChanged replay
5354,PEAK,2022-02-28,2022-02,primary,1,638716550.5709338,1296884128.5628347,0.492500861490794,,etherscan getLogs DelegateVotesChanged replay
5354,PEAK,2022-03-31,2022-03,primary,1,639435802.8248702,1354517219.8469834,0.4720765402281897,,etherscan getLogs DelegateVotesChanged replay
5354,PEAK,2022-04-30,2022-04,primary,1,639435802.8248702,1354517219.8469834,0.4720765402281897,,etherscan getLogs DelegateVotesChanged replay
5354,PEAK,2022-05-31,2022-05,primary,1,639435802.8248702,1354517219.8469834,0.4720765402281897,,etherscan getLogs DelegateVotesChanged replay
5354,PEAK,2022-06-30,2022-06,primary,1,639435802.8248702,1354517219.8469834,0.4720765402281897,,etherscan getLogs DelegateVotesChanged replay
5354,PEAK,2022-07-31,2022-07,primary,1,639435802.8248702,1354517219.8469834,0.4720765402281897,,etherscan getLogs DelegateVotesChanged replay
5354,PEAK,2022-08-31,2022-08,primary,1,639435802.8248702,1354517219.8469834,0.4720765402281897,,etherscan getLogs DelegateVotesChanged replay
5354,PEAK,2022-09-30,2022-09,primary,1,639435802.8248702,1354517219.8469834,0.4720765402281897,,etherscan getLogs DelegateVotesChanged replay
5354,PEAK,2022-10-31,2022-10,primary,1,335879452.82487017,1490005183.4341533,0.2254216673600675,,etherscan getLogs DelegateVotesChanged replay
5354,PEAK,2022-11-30,2022-11,primary,1,332779452.82487017,1514221360.250379,0.2197693557630467,,etherscan getLogs DelegateVotesChanged replay
5354,PEAK,2022-12-31,2022-12,primary,1,331044346.82487017,1550710257.250379,0.2134791752856893,,etherscan getLogs DelegateVotesChanged replay
5354,PEAK,2023-01-31,2023-01,primary,1,321434346.82487017,1579913013.250379,0.2034506609725167,,etherscan getLogs DelegateVotesChanged replay
6843,RAD,2021-08-31,2021-08,primary,1,3383943.829997527,18836327.74465792,0.1796498699677399,,etherscan getLogs DelegateVotesChanged replay
6843,RAD,2021-09-30,2021-09,primary,1,3270165.0655877087,19436287.74465792,0.1682504966251344,,etherscan getLogs DelegateVotesChanged replay
6843,RAD,2021-10-31,2021-10,primary,1,2281697.669461257,19436287.74465792,0.1173936967509849,,etherscan getLogs DelegateVotesChanged replay
6843,RAD,2021-11-30,2021-11,primary,1,2248931.603388515,21173240.46477973,0.1062157494092348,,etherscan getLogs DelegateVotesChanged replay
6843,RAD,2021-12-31,2021-12,primary,1,6735789.066191297,21712160.06254102,0.3102311813651485,,etherscan getLogs DelegateVotesChanged replay
6843,RAD,2022-01-31,2022-01,primary,1,6664970.514700171,26179956.39578303,0.2545829494113955,,etherscan getLogs DelegateVotesChanged replay
6843,RAD,2022-02-28,2022-02,primary,1,6049870.342660966,27094816.06581093,0.2232851600825177,,etherscan getLogs DelegateVotesChanged replay
6843,RAD,2022-03-31,2022-03,primary,1,6141167.456714183,30318692.30877516,0.2025538368927851,,etherscan getLogs DelegateVotesChanged replay
6843,RAD,2022-04-30,2022-04,primary,1,6393943.196975245,31076491.12034797,0.2057485567535222,,etherscan getLogs DelegateVotesChanged replay
6843,RAD,2022-05-31,2022-05,primary,1,6029629.862436435,30820811.11178633,0.1956350155927796,,etherscan getLogs DelegateVotesChanged replay
6843,RAD,2022-06-30,2022-06,primary,1,6000918.782602102,30824462.78764883,0.1946804012106459,,etherscan getLogs DelegateVotesChanged replay
6843,RAD,2022-07-31,2022-07,primary,1,4841649.7543910965,32336223.78764883,0.1497283599404212,,etherscan getLogs DelegateVotesChanged replay
6843,RAD,2022-08-31,2022-08,primary,1,6961897.635180801,32626292.81950883,0.2133830427408518,,etherscan getLogs DelegateVotesChanged replay
6843,RAD,2022-09-30,2022-09,primary,1,7454217.77951125,34526292.81950884,0.2158997439568518,,etherscan getLogs DelegateVotesChanged replay
6843,RAD,2022-10-31,2022-10,primary,1,7443361.347380789,35206564.92750883,0.2114196986473077,,etherscan getLogs DelegateVotesChanged replay
6843,RAD,2022-11-30,2022-11,primary,1,13110511.146162776,34683548.39640153,0.3780037439169001,,etherscan getLogs DelegateVotesChanged replay
6843,RAD,2022-12-31,2022-12,primary,1,12742271.584869225,48829980.91665251,0.2609518034958666,,etherscan getLogs DelegateVotesChanged replay
6843,RAD,2023-01-31,2023-01,primary,1,11259075.885557516,48829111.56634565,0.2305812152707193,,etherscan getLogs DelegateVotesChanged replay
6843,RAD,2023-02-28,2023-02,primary,1,9814858.749493737,48829111.56634565,0.2010042459232128,,etherscan getLogs DelegateVotesChanged replay
6843,RAD,2023-03-31,2023-03,primary,1,10817300.132410243,49829110.56634565,0.2170879634306818,,etherscan getLogs DelegateVotesChanged replay
6843,RAD,2023-04-30,2023-04,primary,1,10810874.135872891,49829110.56634565,0.2169590027395453,,etherscan getLogs DelegateVotesChanged replay
6843,RAD,2023-05-31,2023-05,primary,1,10577422.156022808,49829110.56634565,0.2122739506244919,,etherscan getLogs DelegateVotesChanged replay
6843,RAD,2023-06-30,2023-06,primary,1,10586347.765980994,49829110.56634565,0.2124530750330303,,etherscan getLogs DelegateVotesChanged replay
6843,RAD,2023-07-31,2023-07,primary,1,10540362.546115538,49829110.56634565,0.2115302165002811,,etherscan getLogs DelegateVotesChanged replay
6843,RAD,2023-08-31,2023-08,primary,1,10969748.911300378,51082844.65634566,0.2147442842131871,,etherscan getLogs DelegateVotesChanged replay
6843,RAD,2023-09-30,2023-09,primary,1,10559960.818948433,51455979.65634566,0.2052232002864249,,etherscan getLogs DelegateVotesChanged replay
6843,RAD,2023-10-31,2023-10,primary,1,10359898.43116655,51455979.65634566,0.2013351703797353,,etherscan getLogs DelegateVotesChanged replay
6843,RAD,2023-11-30,2023-11,primary,1,10991546.549141644,51455979.65634566,0.2136106750381564,,etherscan getLogs DelegateVotesChanged replay
6843,RAD,2023-12-31,2023-12,primary,1,10691695.36105791,51455979.65634566,0.2077833408762899,,etherscan getLogs DelegateVotesChanged replay
6843,RAD,2024-01-31,2024-01,primary,1,10249754.30712942,51555979.65634566,0.198808254162771,,etherscan getLogs DelegateVotesChanged replay
6843,RAD,2024-02-29,2024-02,primary,1,10050996.810561098,51555979.65634566,0.1949530758130787,,etherscan getLogs DelegateVotesChanged replay
6843,RAD,2024-03-31,2024-03,primary,1,10441493.503066665,51555979.65634566,0.2025273028010727,,etherscan getLogs DelegateVotesChanged replay
6843,RAD,2024-04-30,2024-04,primary,1,10840773.105756035,51622094.44634566,0.2100025816857079,,etherscan getLogs DelegateVotesChanged replay
6843,RAD,2024-05-31,2024-05,primary,1,10822227.51290712,51815475.44634566,0.2088609130705249,,etherscan getLogs DelegateVotesChanged replay
6843,RAD,2024-06-30,2024-06,primary,1,10816829.85107621,51815475.44634566,0.2087567422261118,,etherscan getLogs DelegateVotesChanged replay
6843,RAD,2024-07-31,2024-07,primary,1,10840203.007267209,51763430.39315043,0.2094181727318758,,etherscan getLogs DelegateVotesChanged replay
6843,RAD,2024-08-31,2024-08,primary,1,10839604.529630616,51763430.39315043,0.2094066109471941,,etherscan getLogs DelegateVotesChanged replay
6843,RAD,2024-09-30,2024-09,primary,1,10775222.98546832,51771495.39315043,0.2081304181701099,,etherscan getLogs DelegateVotesChanged replay
6843,RAD,2024-10-31,2024-10,primary,1,11080746.766351812,51771495.39315043,0.2140318080867689,,etherscan getLogs DelegateVotesChanged replay
6843,RAD,2024-11-30,2024-11,primary,1,11048054.348928712,51771495.39315043,0.2134003328478399,,etherscan getLogs DelegateVotesChanged replay
6843,RAD,2024-12-31,2024-12,primary,1,11122211.61904041,51771484.39315043,0.2148327742465101,,etherscan getLogs DelegateVotesChanged replay
6843,RAD,2025-01-31,2025-01,primary,1,11208865.117594738,51575978.89552598,0.2173272394945676,,etherscan getLogs DelegateVotesChanged replay
6843,RAD,2025-02-28,2025-02,primary,1,10902736.773400413,51575978.89552598,0.2113917565284676,,etherscan getLogs DelegateVotesChanged replay
6843,RAD,2025-03-31,2025-03,primary,1,10848091.52290606,51575978.89552598,0.2103322468174635,,etherscan getLogs DelegateVotesChanged replay
6843,RAD,2025-04-30,2025-04,primary,1,10838991.52290606,51575978.89552598,0.2101558080916289,,etherscan getLogs DelegateVotesChanged replay
6843,RAD,2025-05-31,2025-05,primary,1,10783244.779024744,51575978.89552598,0.2090749416674697,,etherscan getLogs DelegateVotesChanged replay
6843,RAD,2025-06-30,2025-06,primary,1,10771160.51152468,51575978.89552598,0.2088406413641339,,etherscan getLogs DelegateVotesChanged replay
6843,RAD,2025-07-31,2025-07,primary,1,10615034.146971468,51575978.89552598,0.2058135274266657,,etherscan getLogs DelegateVotesChanged replay
6843,RAD,2025-08-31,2025-08,primary,1,10612909.46716439,51575978.89552598,0.2057723322840319,,etherscan getLogs DelegateVotesChanged replay
6843,RAD,2025-09-30,2025-09,primary,1,10646144.46716439,51575978.89552598,0.2064167214107477,,etherscan getLogs DelegateVotesChanged replay
6843,RAD,2025-10-31,2025-10,primary,1,10633266.37699636,51575978.89552598,0.206167029782129,,etherscan getLogs DelegateVotesChanged replay
6843,RAD,2025-11-30,2025-11,primary,1,9835446.336367387,51575978.89552598,0.1906981999564253,,etherscan getLogs DelegateVotesChanged replay
6843,RAD,2025-12-31,2025-12,primary,1,17253760.231494438,59075978.89552598,0.2920605050321244,,etherscan getLogs DelegateVotesChanged replay
6843,RAD,2026-01-31,2026-01,primary,1,17253909.4463171,59075978.89552598,0.2920630308442302,,etherscan getLogs DelegateVotesChanged replay
6843,RAD,2026-02-28,2026-02,primary,1,17197316.744186785,59075978.89552598,0.2911050661487929,,etherscan getLogs DelegateVotesChanged replay
6843,RAD,2026-03-31,2026-03,primary,1,17032949.26778193,59075978.89552598,0.2883227597109168,,etherscan getLogs DelegateVotesChanged replay
6843,RAD,2026-04-30,2026-04,primary,1,16930672.385782655,59075978.89552598,0.2865914827365624,,etherscan getLogs DelegateVotesChanged replay
6843,RAD,2026-05-31,2026-05,primary,1,16908969.620976377,59075978.89552598,0.2862241123567222,,etherscan getLogs DelegateVotesChanged replay
17751,T,2022-04-30,2022-04,primary,1,5325419.835275637,8245460686.0,0.0006458608000299,,etherscan getLogs DelegateVotesChanged replay
17751,T,2022-05-31,2022-05,primary,1,1260734.578902678,8245460686.0,0.0001529004414566,,etherscan getLogs DelegateVotesChanged replay
17751,T,2022-06-30,2022-06,primary,1,2504192.152180437,8245460686.0,0.000303705547518,,etherscan getLogs DelegateVotesChanged replay
17751,T,2022-07-31,2022-07,primary,1,754411.7924842888,8245460686.0,9.149419555964988e-05,,etherscan getLogs DelegateVotesChanged replay
17751,T,2022-08-31,2022-08,primary,1,709595.120419755,8245460686.0,8.605888105495177e-05,,etherscan getLogs DelegateVotesChanged replay
17751,T,2022-09-30,2022-09,primary,1,723058.059046594,8245460686.0,8.769165078602304e-05,,etherscan getLogs DelegateVotesChanged replay
17751,T,2022-10-31,2022-10,primary,1,2355799.889545142,8245460686.0,0.0002857087043717,,etherscan getLogs DelegateVotesChanged replay
17751,T,2022-11-30,2022-11,primary,1,3107676.702660824,8245460686.0,0.0003768954605456,,etherscan getLogs DelegateVotesChanged replay
17751,T,2022-12-31,2022-12,primary,1,2792657.757679203,8245460686.0,0.0003386903247772,,etherscan getLogs DelegateVotesChanged replay
17751,T,2023-01-31,2023-01,primary,1,94811386.71219017,8484987372.575405,0.0111740162417486,,etherscan getLogs DelegateVotesChanged replay
17751,T,2023-02-28,2023-02,primary,1,6603921.184039985,8722855081.904884,0.0007570825288315,,etherscan getLogs DelegateVotesChanged replay
17751,T,2023-03-31,2023-03,primary,1,14645334.363833228,8702143645.095488,0.0016829570920823,,etherscan getLogs DelegateVotesChanged replay
17751,T,2023-04-30,2023-04,primary,1,14476729.794133425,8620909587.253454,0.0016792578146902,,etherscan getLogs DelegateVotesChanged replay
17751,T,2023-05-31,2023-05,primary,1,19873768.9049038,8706044441.80294,0.00228275527856,,etherscan getLogs DelegateVotesChanged replay
17751,T,2023-06-30,2023-06,primary,1,33007406.15859102,8800386213.700886,0.0037506769995166,,etherscan getLogs DelegateVotesChanged replay
17751,T,2023-07-31,2023-07,primary,1,40734929.951376855,8863354523.849775,0.0045958818234976,,etherscan getLogs DelegateVotesChanged replay
17751,T,2023-08-31,2023-08,primary,1,42452736.21718466,8956309596.342915,0.0047399808772263,,etherscan getLogs DelegateVotesChanged replay
17751,T,2023-09-30,2023-09,primary,1,43391493.42906673,9176749389.745943,0.004728416521601,,etherscan getLogs DelegateVotesChanged replay
17751,T,2023-10-31,2023-10,primary,1,42601578.2031622,9312266777.77431,0.0045747806865713,,etherscan getLogs DelegateVotesChanged replay
17751,T,2023-11-30,2023-11,primary,1,40018063.84192393,9463322025.23737,0.0042287543143096,,etherscan getLogs DelegateVotesChanged replay
17751,T,2023-12-31,2023-12,primary,1,47175208.0879564,9526720449.26697,0.0049518833200974,,etherscan getLogs DelegateVotesChanged replay
17751,T,2024-01-31,2024-01,primary,1,353618862.10353947,9559447724.272491,0.0369915577032407,,etherscan getLogs DelegateVotesChanged replay
17751,T,2024-02-29,2024-02,primary,1,246366022.44725555,9615628651.349789,0.0256214160696266,,etherscan getLogs DelegateVotesChanged replay
17751,T,2024-03-31,2024-03,primary,1,165386734.31543753,9622255780.507149,0.017187937848262,,etherscan getLogs DelegateVotesChanged replay
17751,T,2024-04-30,2024-04,primary,1,165117512.54355893,9647764144.420092,0.0171145884239984,,etherscan getLogs DelegateVotesChanged replay
17751,T,2024-05-31,2024-05,primary,1,101408191.22288164,9673595901.744846,0.0104829881517575,,etherscan getLogs DelegateVotesChanged replay
17751,T,2024-06-30,2024-06,primary,1,126571836.98187783,9713815259.93422,0.013030084842558,,etherscan getLogs DelegateVotesChanged replay
17751,T,2024-07-31,2024-07,primary,1,126614223.05630328,9770618928.671667,0.0129586696585573,,etherscan getLogs DelegateVotesChanged replay
17751,T,2024-08-31,2024-08,primary,1,616247109.3384057,9803950975.77597,0.0628570166110638,,etherscan getLogs DelegateVotesChanged replay
17751,T,2024-09-30,2024-09,primary,1,621934738.6728125,9836969966.7932,0.0632242185116236,,etherscan getLogs DelegateVotesChanged replay
17751,T,2024-10-31,2024-10,primary,1,588976911.1801829,9962860940.162596,0.0591172470154512,,etherscan getLogs DelegateVotesChanged replay
17751,T,2024-11-30,2024-11,primary,1,616356429.8703113,9996068399.47894,0.0616598851907055,,etherscan getLogs DelegateVotesChanged replay
17751,T,2024-12-31,2024-12,primary,1,688434400.6283531,10040293394.8759,0.0685671596987094,,etherscan getLogs DelegateVotesChanged replay
17751,T,2025-01-31,2025-01,primary,1,692156008.1952401,10074547970.90936,0.0687034306843212,,etherscan getLogs DelegateVotesChanged replay
17751,T,2025-02-28,2025-02,primary,1,737549677.3986557,10108927222.864153,0.0729602321926387,,etherscan getLogs DelegateVotesChanged replay
17751,T,2025-03-31,2025-03,primary,1,1297716229.412795,10126069957.184572,0.1281559612860514,,etherscan getLogs DelegateVotesChanged replay
17751,T,2025-04-30,2025-04,primary,1,2465967120.750466,10127322683.164083,0.2434964499403136,,etherscan getLogs DelegateVotesChanged replay
17751,T,2025-05-31,2025-05,primary,1,2264934921.619902,10128333798.695452,0.223623644978173,,etherscan getLogs DelegateVotesChanged replay
17751,T,2025-06-30,2025-06,primary,1,2244974597.764914,10129331389.15684,0.2216310743044793,,etherscan getLogs DelegateVotesChanged replay
17751,T,2025-07-31,2025-07,primary,1,3033042341.0504475,10130273407.873446,0.2994037987852438,,etherscan getLogs DelegateVotesChanged replay
17751,T,2025-08-31,2025-08,primary,1,2983677120.102774,10131241695.548374,0.2945026098245972,,etherscan getLogs DelegateVotesChanged replay
17751,T,2025-09-30,2025-09,primary,1,2957596994.0608053,10132205877.32724,0.2919006018895646,,etherscan getLogs DelegateVotesChanged replay
17751,T,2025-10-31,2025-10,primary,1,2930344312.8268805,10784054375.95924,0.2717293710387311,,etherscan getLogs DelegateVotesChanged replay
17751,T,2025-11-30,2025-11,primary,1,2910725597.67723,11155000000.0,0.2609346120732613,,etherscan getLogs DelegateVotesChanged replay
17751,T,2025-12-31,2025-12,primary,1,2544328555.0767627,11155000000.0,0.2280886199082709,,etherscan getLogs DelegateVotesChanged replay
17751,T,2026-01-31,2026-01,primary,1,2544785642.704764,11155000000.0,0.2281295959394678,,etherscan getLogs DelegateVotesChanged replay
17751,T,2026-02-28,2026-02,primary,1,2557076536.640588,11155000000.0,0.2292314241721727,,etherscan getLogs DelegateVotesChanged replay
17751,T,2026-03-31,2026-03,primary,1,2689770791.32204,11155000000.0,0.241126919885436,,etherscan getLogs DelegateVotesChanged replay
17751,T,2026-04-30,2026-04,primary,1,3113380526.1595817,11155000000.0,0.2791017952630732,,etherscan getLogs DelegateVotesChanged replay
17751,T,2026-05-31,2026-05,primary,1,2736790993.37787,11155000000.0,0.2453420881557929,,etherscan getLogs DelegateVotesChanged replay
29587,W,2024-04-30,2024-04,primary,1,8.808599,1800000000.0,4.89366611111111e-09,,etherscan getLogs DelegateVotesChanged replay
29587,W,2024-05-31,2024-05,primary,1,145812.26563130444,1800000000.0,8.100681423961358e-05,,etherscan getLogs DelegateVotesChanged replay
29587,W,2024-06-30,2024-06,primary,1,11505435.542822314,1800000000.0,0.0063919086349012,,etherscan getLogs DelegateVotesChanged replay
29587,W,2024-07-31,2024-07,primary,1,70410637.45722398,1800000000.0,0.0391170208095688,,etherscan getLogs DelegateVotesChanged replay
29587,W,2024-08-31,2024-08,primary,1,198772751.25127265,2577873594.0,0.0771072529366514,,etherscan getLogs DelegateVotesChanged replay
29587,W,2024-09-30,2024-09,primary,1,198269119.62980345,2577873594.0,0.0769118858625476,,etherscan getLogs DelegateVotesChanged replay
29587,W,2024-10-31,2024-10,primary,1,171180004.08112672,2709105786.0,0.0631869028392111,,etherscan getLogs DelegateVotesChanged replay
29587,W,2024-11-30,2024-11,primary,1,171815065.01736537,2753158183.0,0.0624065359114766,,etherscan getLogs DelegateVotesChanged replay
29587,W,2024-12-31,2024-12,primary,1,340375257.7194948,2798512327.0,0.1216272140149464,,etherscan getLogs DelegateVotesChanged replay
29587,W,2025-01-31,2025-01,primary,1,346333352.4544075,2843671471.0,0.1217909157180581,,etherscan getLogs DelegateVotesChanged replay
29587,W,2025-02-28,2025-02,primary,1,386761606.997783,2883003628.0,0.1341523136639573,,etherscan getLogs DelegateVotesChanged replay
29587,W,2025-03-31,2025-03,primary,1,384097643.5174421,2932869519.0,0.1309630861615709,,etherscan getLogs DelegateVotesChanged replay
29587,W,2025-04-30,2025-04,primary,1,364331448.5768732,4560876788.0,0.0798818879596694,,etherscan getLogs DelegateVotesChanged replay
29587,W,2025-05-31,2025-05,primary,1,380718094.5803052,4606035932.0,0.0826563448919931,,etherscan getLogs DelegateVotesChanged replay
29587,W,2025-06-30,2025-06,primary,1,371816796.8250802,4649769579.0,0.0799645639440578,,etherscan getLogs DelegateVotesChanged replay
29587,W,2025-07-31,2025-07,primary,1,374301872.6351197,4693471977.0,0.0797494636101711,,etherscan getLogs DelegateVotesChanged replay
29587,W,2025-08-31,2025-08,primary,1,359012774.1238,4740087867.0,0.0757396875748252,,etherscan getLogs DelegateVotesChanged replay
29587,W,2025-09-30,2025-09,primary,1,450081208.240132,4690458518.0,0.0959567612660703,,etherscan getLogs DelegateVotesChanged replay
29587,W,2025-10-31,2025-10,primary,1,460849283.8359636,4888082447.0,0.0942801781338209,,etherscan getLogs DelegateVotesChanged replay
29587,W,2025-11-30,2025-11,primary,1,453000590.1006042,5032403537.0,0.0900167458293009,,etherscan getLogs DelegateVotesChanged replay
29587,W,2025-12-31,2025-12,primary,1,483561859.4392541,5178181374.0,0.0933844963151061,,etherscan getLogs DelegateVotesChanged replay
29587,W,2026-01-31,2026-01,primary,1,457880972.5627471,5323959211.0,0.0860038468395296,,etherscan getLogs DelegateVotesChanged replay
29587,W,2026-02-28,2026-02,primary,1,454962408.03156257,5465366808.0,0.0832446245630953,,etherscan getLogs DelegateVotesChanged replay
29587,W,2026-03-31,2026-03,primary,1,445795887.7871521,5611144644.0,0.0794482972852681,,etherscan getLogs DelegateVotesChanged replay
29587,W,2026-04-30,2026-04,primary,1,362388282.2530893,5806825081.0,0.0624073012701601,,etherscan getLogs DelegateVotesChanged replay
29587,W,2026-05-31,2026-05,primary,1,363952805.7134443,5952602917.0,0.0611417913790341,,etherscan getLogs DelegateVotesChanged replay
33251,WLFI,2025-09-30,2025-09,primary,1,6.328242525714346,24608127586.0,2.571606678971624e-10,,etherscan getLogs DelegateVotesChanged replay
33251,WLFI,2025-10-31,2025-10,primary,1,6.328242525714346,24570821535.0,2.575511167463431e-10,,etherscan getLogs DelegateVotesChanged replay
33251,WLFI,2025-11-30,2025-11,primary,1,6.328242525714346,26732803165.0,2.367219960680972e-10,,etherscan getLogs DelegateVotesChanged replay
33251,WLFI,2025-12-31,2025-12,primary,1,0.3390884,26735452483.0,1.2683099349659884e-11,,etherscan getLogs DelegateVotesChanged replay
33251,WLFI,2026-01-31,2026-01,primary,1,0.3390884,26742250945.0,1.2679875029869144e-11,,etherscan getLogs DelegateVotesChanged replay
33251,WLFI,2026-02-28,2026-02,primary,1,0.3390884,27661084612.0,1.2258680552710352e-11,,etherscan getLogs DelegateVotesChanged replay
33251,WLFI,2026-03-31,2026-03,primary,1,0.3390884,28762320278.0,1.1789327033513536e-11,,etherscan getLogs DelegateVotesChanged replay
33251,WLFI,2026-04-30,2026-04,primary,1,0.3390884,31767078627.0,1.067420784836653e-11,,etherscan getLogs DelegateVotesChanged replay
33251,WLFI,2026-05-31,2026-05,primary,1,0.4306676089237316,31773575870.0,1.3554269456034368e-11,,etherscan getLogs DelegateVotesChanged replay
10897,ALT,2021-09-30,2021-09,primary,56,,60000000.0,,,etherscan getLogs DelegateVotesChanged replay
10897,ALT,2021-10-31,2021-10,primary,56,,60000000.0,,,etherscan getLogs DelegateVotesChanged replay
10897,ALT,2021-11-30,2021-11,primary,56,,60000000.0,,,etherscan getLogs DelegateVotesChanged replay
10897,ALT,2021-12-31,2021-12,primary,56,,60000000.0,,,etherscan getLogs DelegateVotesChanged replay
10897,ALT,2022-01-31,2022-01,primary,56,,60000000.0,,,etherscan getLogs DelegateVotesChanged replay
10897,ALT,2022-02-28,2022-02,primary,56,0.0,60000000.0,,,etherscan getLogs DelegateVotesChanged replay
10897,ALT,2022-03-31,2022-03,primary,56,0.0,60000000.0,,,etherscan getLogs DelegateVotesChanged replay
10897,ALT,2022-04-30,2022-04,primary,56,0.0,60000000.0,,,etherscan getLogs DelegateVotesChanged replay
10897,ALT,2022-05-31,2022-05,primary,56,0.0,60000000.0,,,etherscan getLogs DelegateVotesChanged replay
10897,ALT,2022-06-30,2022-06,primary,56,0.0,60000000.0,,,etherscan getLogs DelegateVotesChanged replay
10897,ALT,2022-07-31,2022-07,primary,56,0.0,60000000.0,,,etherscan getLogs DelegateVotesChanged replay
10897,ALT,2022-08-31,2022-08,primary,56,0.0,60000000.0,,,etherscan getLogs DelegateVotesChanged replay
10897,ALT,2022-09-30,2022-09,primary,56,0.0,60000000.0,,,etherscan getLogs DelegateVotesChanged replay
10897,ALT,2022-10-31,2022-10,primary,56,0.0,60000000.0,,,etherscan getLogs DelegateVotesChanged replay
10897,ALT,2022-11-30,2022-11,primary,56,0.0,60000000.0,,,etherscan getLogs DelegateVotesChanged replay
10897,ALT,2022-12-31,2022-12,primary,56,0.0,60000000.0,,,etherscan getLogs DelegateVotesChanged replay
10897,ALT,2023-01-31,2023-01,primary,56,0.0,60000000.0,,,etherscan getLogs DelegateVotesChanged replay
10897,ALT,2023-02-28,2023-02,primary,56,0.0,120000000.0,,,etherscan getLogs DelegateVotesChanged replay
10897,ALT,2023-03-31,2023-03,primary,56,0.0,120000000.0,,,etherscan getLogs DelegateVotesChanged replay
10897,ALT,2023-04-30,2023-04,primary,56,0.0,120000000.0,,,etherscan getLogs DelegateVotesChanged replay
10897,ALT,2023-05-31,2023-05,primary,56,0.0,120000000.0,,,etherscan getLogs DelegateVotesChanged replay
10897,ALT,2023-06-30,2023-06,primary,56,0.0,120000000.0,,,etherscan getLogs DelegateVotesChanged replay
10897,ALT,2023-07-31,2023-07,primary,56,0.0,120000000.0,,,etherscan getLogs DelegateVotesChanged replay
10897,ALT,2023-08-31,2023-08,primary,56,0.0,120000000.0,,,etherscan getLogs DelegateVotesChanged replay
10897,ALT,2023-09-30,2023-09,primary,56,0.0,120000000.0,,,etherscan getLogs DelegateVotesChanged replay
10897,ALT,2023-10-31,2023-10,primary,56,0.0,120000000.0,,,etherscan getLogs DelegateVotesChanged replay
10897,ALT,2023-11-30,2023-11,primary,56,0.0,120000000.0,,,etherscan getLogs DelegateVotesChanged replay
10897,ALT,2023-12-31,2023-12,primary,56,0.0,120000000.0,,,etherscan getLogs DelegateVotesChanged replay
10897,ALT,2024-01-31,2024-01,primary,56,0.0,120000000.0,,,etherscan getLogs DelegateVotesChanged replay
10897,ALT,2024-02-29,2024-02,primary,56,0.0,120000000.0,,,etherscan getLogs DelegateVotesChanged replay
10897,ALT,2024-03-31,2024-03,primary,56,0.0,120000000.0,,,etherscan getLogs DelegateVotesChanged replay
10897,ALT,2024-04-30,2024-04,primary,56,0.0,120000000.0,,,etherscan getLogs DelegateVotesChanged replay
10897,ALT,2024-05-31,2024-05,primary,56,0.0,120000000.0,,,etherscan getLogs DelegateVotesChanged replay
10897,ALT,2024-06-30,2024-06,primary,56,0.0,120000000.0,,,etherscan getLogs DelegateVotesChanged replay
10897,ALT,2024-07-31,2024-07,primary,56,0.0,120000000.0,,,etherscan getLogs DelegateVotesChanged replay
10897,ALT,2024-09-30,2024-09,primary,56,0.0,120000000.0,,,etherscan getLogs DelegateVotesChanged replay
10897,ALT,2024-11-30,2024-11,primary,56,0.0,120000000.0,,,etherscan getLogs DelegateVotesChanged replay
4006,AWE,2023-08-31,2023-08,primary,8453,,1942420283.027067,,,etherscan getLogs DelegateVotesChanged replay
4006,AWE,2023-09-30,2023-09,primary,8453,,1942420283.027067,,,etherscan getLogs DelegateVotesChanged replay
4006,AWE,2023-10-31,2023-10,primary,8453,,1942420283.027067,,,etherscan getLogs DelegateVotesChanged replay
4006,AWE,2023-11-30,2023-11,primary,8453,,1942420283.027067,,,etherscan getLogs DelegateVotesChanged replay
4006,AWE,2023-12-31,2023-12,primary,8453,,1942420283.027067,,,etherscan getLogs DelegateVotesChanged replay
4006,AWE,2024-01-31,2024-01,primary,8453,,1942420283.027067,,,etherscan getLogs DelegateVotesChanged replay
4006,AWE,2024-02-29,2024-02,primary,8453,,1942420283.027067,,,etherscan getLogs DelegateVotesChanged replay
4006,AWE,2024-03-31,2024-03,primary,8453,,1942420283.027067,,,etherscan getLogs DelegateVotesChanged replay
4006,AWE,2024-04-30,2024-04,primary,8453,,1942420283.027067,,,etherscan getLogs DelegateVotesChanged replay
4006,AWE,2024-05-31,2024-05,primary,8453,,1942420283.027067,,,etherscan getLogs DelegateVotesChanged replay
4006,AWE,2024-06-30,2024-06,primary,8453,,1942420283.027067,,,etherscan getLogs DelegateVotesChanged replay
4006,AWE,2024-07-31,2024-07,primary,8453,,1942420283.027067,,,etherscan getLogs DelegateVotesChanged replay
4006,AWE,2024-08-31,2024-08,primary,8453,,1942420283.027067,,,etherscan getLogs DelegateVotesChanged replay
4006,AWE,2024-09-30,2024-09,primary,8453,,1942420283.027067,,,etherscan getLogs DelegateVotesChanged replay
4006,AWE,2024-10-31,2024-10,primary,8453,,1942420283.027067,,,etherscan getLogs DelegateVotesChanged replay
4006,AWE,2024-11-30,2024-11,primary,8453,,1942420283.027067,,,etherscan getLogs DelegateVotesChanged replay
4006,AWE,2024-12-31,2024-12,primary,8453,,1942420283.027067,,,etherscan getLogs DelegateVotesChanged replay
4006,AWE,2025-01-31,2025-01,primary,8453,,1942420283.027067,,,etherscan getLogs DelegateVotesChanged replay
4006,AWE,2025-02-28,2025-02,primary,8453,,1942420283.027067,,,etherscan getLogs DelegateVotesChanged replay
4006,AWE,2025-03-31,2025-03,primary,8453,,1942420283.027067,,,etherscan getLogs DelegateVotesChanged replay
4006,AWE,2025-04-30,2025-04,primary,8453,,1942420283.027067,,,etherscan getLogs DelegateVotesChanged replay
4006,AWE,2025-05-31,2025-05,primary,8453,18522167.081578348,1942419283.027067,0.0095356173836543,,etherscan getLogs DelegateVotesChanged replay
4006,AWE,2025-06-30,2025-06,primary,8453,267464292.01041684,1942420283.0270672,0.1376964060494676,,etherscan getLogs DelegateVotesChanged replay
4006,AWE,2025-07-31,2025-07,primary,8453,314795261.0589628,1942420283.0270672,0.1620634132631615,,etherscan getLogs DelegateVotesChanged replay
4006,AWE,2025-08-31,2025-08,primary,8453,296582673.991882,1942420283.0270672,0.1526871792801132,,etherscan getLogs DelegateVotesChanged replay
4006,AWE,2025-09-30,2025-09,primary,8453,297207223.9319373,1942420283.0270672,0.1530087111059042,,etherscan getLogs DelegateVotesChanged replay
4006,AWE,2025-10-31,2025-10,primary,8453,296569225.4878409,1942420283.0270672,0.1526802556991773,,etherscan getLogs DelegateVotesChanged replay
4006,AWE,2025-11-30,2025-11,primary,8453,296546607.6359906,1942420283.0270672,0.152668611539544,,etherscan getLogs DelegateVotesChanged replay
4006,AWE,2025-12-31,2025-12,primary,8453,296536214.34978765,1942420283.0270672,0.1526632608508729,,etherscan getLogs DelegateVotesChanged replay
4006,AWE,2026-01-31,2026-01,primary,8453,296529628.9433478,1942420283.0270672,0.1526598705411148,,etherscan getLogs DelegateVotesChanged replay
4006,AWE,2026-02-28,2026-02,primary,8453,296528424.8285093,1942420283.0270672,0.1526592506367362,,etherscan getLogs DelegateVotesChanged replay
4006,AWE,2026-03-31,2026-03,primary,8453,296545298.72021645,1942420283.0270672,0.1526679376813757,,etherscan getLogs DelegateVotesChanged replay
4006,AWE,2026-04-30,2026-04,primary,8453,296152402.2216402,1942420283.0270672,0.152465666060754,,etherscan getLogs DelegateVotesChanged replay
4006,AWE,2026-05-31,2026-05,primary,8453,296151936.8436772,1942420283.0270672,0.1524654264741069,,etherscan getLogs DelegateVotesChanged replay
23054,CHEEL,2023-10-31,2023-10,primary,56,1.0762475301102354,53837607.90444811,1.999062684992204e-08,,etherscan getLogs DelegateVotesChanged replay
23054,CHEEL,2023-11-30,2023-11,primary,56,1.0762475301102354,53837995.70877286,1.9990482854005316e-08,,etherscan getLogs DelegateVotesChanged replay
23054,CHEEL,2023-12-31,2023-12,primary,56,1.1527281614362694,53837995.70877286,2.1411052663842636e-08,,etherscan getLogs DelegateVotesChanged replay
23054,CHEEL,2024-01-31,2024-01,primary,56,0.9027286595069052,53837995.70877286,1.6767501234445215e-08,,etherscan getLogs DelegateVotesChanged replay
23054,CHEEL,2024-02-29,2024-02,primary,56,0.7425311270549333,53837995.70877286,1.3791953383100002e-08,,etherscan getLogs DelegateVotesChanged replay
23054,CHEEL,2024-03-31,2024-03,primary,56,1.256448914247603,53837995.70877286,2.3337587101944542e-08,,etherscan getLogs DelegateVotesChanged replay
23054,CHEEL,2024-04-30,2024-04,primary,56,1.2564518014853114,53837995.70877286,2.333764073019853e-08,,etherscan getLogs DelegateVotesChanged replay
23054,CHEEL,2024-05-31,2024-05,primary,56,0.624981911775142,53837995.70877286,1.160856572662681e-08,,etherscan getLogs DelegateVotesChanged replay
23054,CHEEL,2024-06-30,2024-06,primary,56,1.0091420546165983,53837995.70877286,1.874404946416234e-08,,etherscan getLogs DelegateVotesChanged replay
23054,CHEEL,2024-07-31,2024-07,primary,56,0.7643501444846791,53837995.70877286,1.4197225108811562e-08,,etherscan getLogs DelegateVotesChanged replay
23054,CHEEL,2024-08-31,2024-08,primary,56,0.7643546268537739,53837995.70877286,1.41973083654231e-08,,etherscan getLogs DelegateVotesChanged replay
23054,CHEEL,2024-09-30,2024-09,primary,56,0.7643546268537739,56798047.48668115,1.3457410257509488e-08,,etherscan getLogs DelegateVotesChanged replay
23054,CHEEL,2024-10-31,2024-10,primary,56,0.7643546268537739,56798980.74755584,1.3457189139554506e-08,,etherscan getLogs DelegateVotesChanged replay
23054,CHEEL,2024-11-30,2024-11,primary,56,0.7643546268537739,56799805.73594629,1.3456993680702764e-08,,etherscan getLogs DelegateVotesChanged replay
23054,CHEEL,2024-12-31,2024-12,primary,56,0.7643546268537739,56801804.22891678,1.345652021498033e-08,,etherscan getLogs DelegateVotesChanged replay
23054,CHEEL,2025-01-31,2025-01,primary,56,0.7643546268537739,56803115.6701439,1.3456209537737097e-08,,etherscan getLogs DelegateVotesChanged replay
23054,CHEEL,2025-02-28,2025-02,primary,56,0.7643546268537739,56805384.02278876,1.3455672204365976e-08,,etherscan getLogs DelegateVotesChanged replay
23054,CHEEL,2025-03-31,2025-03,primary,56,0.7643547639670772,56811988.58498166,1.3454110356016224e-08,,etherscan getLogs DelegateVotesChanged replay
23054,CHEEL,2025-04-30,2025-04,primary,56,0.7643547639670772,56817887.3370422,1.3452713569460005e-08,,etherscan getLogs DelegateVotesChanged replay
23054,CHEEL,2025-05-31,2025-05,primary,56,0.7643547639670772,56821200.01389998,1.3451929276046541e-08,,etherscan getLogs DelegateVotesChanged replay
23054,CHEEL,2025-06-30,2025-06,primary,56,0.7643547639670772,56822658.03710291,1.3451584110479032e-08,,etherscan getLogs DelegateVotesChanged replay
23054,CHEEL,2025-07-31,2025-07,primary,56,0.7643547639670772,56824997.79012824,1.345103024535203e-08,,etherscan getLogs DelegateVotesChanged replay
23054,CHEEL,2025-08-31,2025-08,primary,56,0.7643547639670772,56827742.96522419,1.3450380467069141e-08,,etherscan getLogs DelegateVotesChanged replay
23054,CHEEL,2025-09-30,2025-09,primary,56,0.7643547639670772,56828115.48959432,1.3450292296020914e-08,,etherscan getLogs DelegateVotesChanged replay
23054,CHEEL,2025-10-31,2025-10,primary,56,0.7643547639670772,56828115.48959432,1.3450292296020914e-08,,etherscan getLogs DelegateVotesChanged replay
23054,CHEEL,2025-11-30,2025-11,primary,56,0.7643547639670772,56828115.48959432,1.3450292296020914e-08,,etherscan getLogs DelegateVotesChanged replay
23054,CHEEL,2025-12-31,2025-12,primary,56,0.7643547639670772,56828115.48959432,1.3450292296020914e-08,,etherscan getLogs DelegateVotesChanged replay
23054,CHEEL,2026-01-31,2026-01,primary,56,0.7643547639670772,56828115.48959432,1.3450292296020914e-08,,etherscan getLogs DelegateVotesChanged replay
23054,CHEEL,2026-02-28,2026-02,primary,56,0.7643547639670772,56828115.48959432,1.3450292296020914e-08,,etherscan getLogs DelegateVotesChanged replay
23054,CHEEL,2026-03-31,2026-03,primary,56,0.7643547639670772,56828115.48959432,1.3450292296020914e-08,,etherscan getLogs DelegateVotesChanged replay
23054,CHEEL,2026-04-30,2026-04,primary,56,0.7643547639670772,56828115.48959432,1.3450292296020914e-08,,etherscan getLogs DelegateVotesChanged replay
23054,CHEEL,2026-05-31,2026-05,primary,56,0.7643547639670772,56828115.48959432,1.3450292296020914e-08,,etherscan getLogs DelegateVotesChanged replay
23635,FORM,2023-02-28,2023-02,primary,56,,289119100.0,,,etherscan getLogs DelegateVotesChanged replay
23635,FORM,2023-03-31,2023-03,primary,56,,289119100.0,,,etherscan getLogs DelegateVotesChanged replay
23635,FORM,2023-04-30,2023-04,primary,56,,289119100.0,,,etherscan getLogs DelegateVotesChanged replay
23635,FORM,2023-05-31,2023-05,primary,56,,289119100.0,,,etherscan getLogs DelegateVotesChanged replay
23635,FORM,2023-06-30,2023-06,primary,56,,267114290.79426697,,,etherscan getLogs DelegateVotesChanged replay
23635,FORM,2023-07-31,2023-07,primary,56,,267188971.05051795,,,etherscan getLogs DelegateVotesChanged replay
23635,FORM,2023-08-31,2023-08,primary,56,,267256057.85712984,,,etherscan getLogs DelegateVotesChanged replay
23635,FORM,2023-09-30,2023-09,primary,56,,267328557.68567783,,,etherscan getLogs DelegateVotesChanged replay
23635,FORM,2023-10-31,2023-10,primary,56,,350508225.8212288,,,etherscan getLogs DelegateVotesChanged replay
23635,FORM,2023-11-30,2023-11,primary,56,,350795139.90372145,,,etherscan getLogs DelegateVotesChanged replay
23635,FORM,2023-12-31,2023-12,primary,56,,342832633.85493755,,,etherscan getLogs DelegateVotesChanged replay
23635,FORM,2024-01-31,2024-01,primary,56,,338965142.39635,,,etherscan getLogs DelegateVotesChanged replay
23635,FORM,2024-02-29,2024-02,primary,56,,336038642.7267211,,,etherscan getLogs DelegateVotesChanged replay
23635,FORM,2024-03-31,2024-03,primary,56,,354032682.76267064,,,etherscan getLogs DelegateVotesChanged replay
23635,FORM,2024-04-30,2024-04,primary,56,,362360207.297733,,,etherscan getLogs DelegateVotesChanged replay
23635,FORM,2024-05-31,2024-05,primary,56,,368122909.3394918,,,etherscan getLogs DelegateVotesChanged replay
23635,FORM,2024-06-30,2024-06,primary,56,,368503596.6258366,,,etherscan getLogs DelegateVotesChanged replay
23635,FORM,2024-07-31,2024-07,primary,56,,373126248.0303216,,,etherscan getLogs DelegateVotesChanged replay
23635,FORM,2024-08-31,2024-08,primary,56,,373584242.1442935,,,etherscan getLogs DelegateVotesChanged replay
23635,FORM,2024-09-30,2024-09,primary,56,,375095537.69612455,,,etherscan getLogs DelegateVotesChanged replay
23635,FORM,2024-10-31,2024-10,primary,56,,372380934.5452637,,,etherscan getLogs DelegateVotesChanged replay
23635,FORM,2024-11-30,2024-11,primary,56,,369336977.2614224,,,etherscan getLogs DelegateVotesChanged replay
23635,FORM,2024-12-31,2024-12,primary,56,,370561814.3227598,,,etherscan getLogs DelegateVotesChanged replay
23635,FORM,2025-01-31,2025-01,primary,56,,368476484.8346732,,,etherscan getLogs DelegateVotesChanged replay
23635,FORM,2025-02-28,2025-02,primary,56,,371973688.7461861,,,etherscan getLogs DelegateVotesChanged replay
23635,FORM,2025-03-31,2025-03,primary,56,,381867255.144574,,,etherscan getLogs DelegateVotesChanged replay
23635,FORM,2025-04-30,2025-04,primary,56,,381867255.144574,,,etherscan getLogs DelegateVotesChanged replay
23635,FORM,2025-05-31,2025-05,primary,56,,381867255.144574,,,etherscan getLogs DelegateVotesChanged replay
23635,FORM,2025-06-30,2025-06,primary,56,,381867255.144574,,,etherscan getLogs DelegateVotesChanged replay
23635,FORM,2025-07-31,2025-07,primary,56,,381867255.144574,,,etherscan getLogs DelegateVotesChanged replay
23635,FORM,2025-08-31,2025-08,primary,56,,381867255.144574,,,etherscan getLogs DelegateVotesChanged replay
23635,FORM,2025-09-30,2025-09,primary,56,,381867255.144574,,,etherscan getLogs DelegateVotesChanged replay
23635,FORM,2025-10-31,2025-10,primary,56,,381867255.144574,,,etherscan getLogs DelegateVotesChanged replay
23635,FORM,2025-11-30,2025-11,primary,56,1e-18,381867255.144574,2.6187110482185817e-27,,etherscan getLogs DelegateVotesChanged replay
23635,FORM,2025-12-31,2025-12,primary,56,1e-18,381867255.144574,2.6187110482185817e-27,,etherscan getLogs DelegateVotesChanged replay
23635,FORM,2026-01-31,2026-01,primary,56,1e-18,381867255.144574,2.6187110482185817e-27,,etherscan getLogs DelegateVotesChanged replay
23635,FORM,2026-02-28,2026-02,primary,56,1e-18,381867255.144574,2.6187110482185817e-27,,etherscan getLogs DelegateVotesChanged replay
23635,FORM,2026-03-31,2026-03,primary,56,1e-18,381867255.144574,2.6187110482185817e-27,,etherscan getLogs DelegateVotesChanged replay
23635,FORM,2026-04-30,2026-04,primary,56,1e-18,381867255.144574,2.6187110482185817e-27,,etherscan getLogs DelegateVotesChanged replay
23635,FORM,2026-05-31,2026-05,primary,56,1e-18,381867255.144574,2.6187110482185817e-27,,etherscan getLogs DelegateVotesChanged replay
27657,LINEA,2025-09-30,2025-09,primary,59144,0.0,15482147850.0,,,etherscan getLogs DelegateVotesChanged replay
27657,LINEA,2025-10-31,2025-10,primary,59144,0.0,15482147850.0,,,etherscan getLogs DelegateVotesChanged replay
27657,LINEA,2025-11-30,2025-11,primary,59144,0.0,15482147850.0,,,etherscan getLogs DelegateVotesChanged replay
27657,LINEA,2025-12-31,2025-12,primary,59144,0.0,15482147850.0,,,etherscan getLogs DelegateVotesChanged replay
27657,LINEA,2026-01-31,2026-01,primary,59144,0.0,15482147850.0,,,etherscan getLogs DelegateVotesChanged replay
27657,LINEA,2026-02-28,2026-02,primary,59144,52702.06787,15482147850.0,3.404054035693762e-06,,etherscan getLogs DelegateVotesChanged replay
27657,LINEA,2026-03-31,2026-03,primary,59144,52702.06787,15482147850.0,3.404054035693762e-06,,etherscan getLogs DelegateVotesChanged replay
27657,LINEA,2026-04-30,2026-04,primary,59144,52702.06787,15482147850.0,3.404054035693762e-06,,etherscan getLogs DelegateVotesChanged replay
27657,LINEA,2026-05-31,2026-05,primary,59144,52702.06787,15482147850.0,3.404054035693762e-06,,etherscan getLogs DelegateVotesChanged replay
35931,ZORA,2025-07-31,2025-07,primary,8453,15644.604443870792,3217853993.653004,4.861813020332401e-06,,etherscan getLogs DelegateVotesChanged replay
35931,ZORA,2025-08-31,2025-08,primary,8453,15313.649533569003,3250562927.262671,4.711076166264152e-06,,etherscan getLogs DelegateVotesChanged replay
35931,ZORA,2025-09-30,2025-09,primary,8453,4557.614758473301,4800143779.221837,9.49474634114428e-07,,etherscan getLogs DelegateVotesChanged replay
35931,ZORA,2025-10-31,2025-10,primary,8453,7464.43614447536,4469999999.0,1.6698962295626972e-06,,etherscan getLogs DelegateVotesChanged replay
35931,ZORA,2025-11-30,2025-11,primary,8453,7468.88658498241,4469999999.0,1.6708918538374275e-06,,etherscan getLogs DelegateVotesChanged replay
35931,ZORA,2025-12-31,2025-12,primary,8453,8751.942744068549,4469999999.0,1.9579290259567064e-06,,etherscan getLogs DelegateVotesChanged replay
35931,ZORA,2026-01-31,2026-01,primary,8453,9525.312702275058,4469999999.0,2.130942439464429e-06,,etherscan getLogs DelegateVotesChanged replay
35931,ZORA,2026-02-28,2026-02,primary,8453,6783.128253508079,4469999999.0,1.517478356828984e-06,,etherscan getLogs DelegateVotesChanged replay
35931,ZORA,2026-03-31,2026-03,primary,8453,11230.334649929404,4469999999.0,2.512379116877356e-06,,etherscan getLogs DelegateVotesChanged replay
35931,ZORA,2026-04-30,2026-04,primary,8453,11229.249597901233,4469999999.0,2.512136375931402e-06,,etherscan getLogs DelegateVotesChanged replay
35931,ZORA,2026-05-31,2026-05,primary,8453,14981.69690610116,4469999999.0,3.3516100468574426e-06,,etherscan getLogs DelegateVotesChanged replay
11840,OP,2022-07-31,2022-07,crosscheck,10,25887892.89539573,234748364.0,0.1102793325341161,,etherscan getLogs DelegateVotesChanged replay (block-windowed streaming)
11840,OP,2022-08-31,2022-08,crosscheck,10,24119152.355300505,234748364.0,0.10274470903362933,,etherscan getLogs DelegateVotesChanged replay (block-windowed streaming)
11840,OP,2022-09-30,2022-09,crosscheck,10,22919257.42002948,234748364.0,0.09763329988544449,,etherscan getLogs DelegateVotesChanged replay (block-windowed streaming)
11840,OP,2022-10-31,2022-10,crosscheck,10,24622855.457871936,234748364.0,0.10489042410481692,,etherscan getLogs DelegateVotesChanged replay (block-windowed streaming)
11840,OP,2022-11-30,2022-11,crosscheck,10,23548338.308592,234748364.0,0.10031310935394634,,etherscan getLogs DelegateVotesChanged replay (block-windowed streaming)
11840,OP,2022-12-31,2022-12,crosscheck,10,23751056.2285468,234748364.0,0.10117666348697875,,etherscan getLogs DelegateVotesChanged replay (block-windowed streaming)
11840,OP,2023-01-31,2023-01,crosscheck,10,21540192.489885062,234748364.0,0.0917586479532827,,etherscan getLogs DelegateVotesChanged replay (block-windowed streaming)
11840,OP,2023-02-28,2023-02,crosscheck,10,41078581.12297086,314844141.0,0.1304727507156338,,etherscan getLogs DelegateVotesChanged replay (block-windowed streaming)
11840,OP,2023-03-31,2023-03,crosscheck,10,40320832.27935569,314844141.0,0.12806600799776577,,etherscan getLogs DelegateVotesChanged replay (block-windowed streaming)
11840,OP,2023-04-30,2023-04,crosscheck,10,40466885.22418407,314844141.0,0.12852989766826906,,etherscan getLogs DelegateVotesChanged replay (block-windowed streaming)
11840,OP,2023-05-31,2023-05,crosscheck,10,38276272.890869394,644594782.0,0.05938036416011415,,etherscan getLogs DelegateVotesChanged replay (block-windowed streaming)
11840,OP,2023-06-30,2023-06,crosscheck,10,38728072.493980974,644594782.0,0.06008126900099693,,etherscan getLogs DelegateVotesChanged replay (block-windowed streaming)
11840,OP,2023-07-31,2023-07,crosscheck,10,48312273.31549023,716708907.0,0.06740850133663852,,etherscan getLogs DelegateVotesChanged replay (block-windowed streaming)
11840,OP,2023-08-31,2023-08,crosscheck,10,49365725.25714755,798517235.0,0.06182174046268087,,etherscan getLogs DelegateVotesChanged replay (block-windowed streaming)
11840,OP,2023-09-30,2023-09,crosscheck,10,69525616.31826076,798517235.0,0.08706839786402451,,etherscan getLogs DelegateVotesChanged replay (block-windowed streaming)
11840,OP,2023-10-31,2023-10,crosscheck,10,80648135.41074462,880444572.0,0.09159933285470312,,etherscan getLogs DelegateVotesChanged replay (block-windowed streaming)
11840,OP,2023-11-30,2023-11,crosscheck,10,82087677.0429659,880917403.0,0.09318430622827178,,etherscan getLogs DelegateVotesChanged replay (block-windowed streaming)
11840,OP,2023-12-31,2023-12,crosscheck,10,74815966.73820429,911294948.0,0.08209852024572431,,etherscan getLogs DelegateVotesChanged replay (block-windowed streaming)
11840,OP,2024-01-31,2024-01,crosscheck,10,88684173.75563203,957378568.0,0.09263229480987507,,etherscan getLogs DelegateVotesChanged replay (block-windowed streaming)
11840,OP,2024-02-29,2024-02,crosscheck,10,89364521.2924348,1006141600.0,0.08881903033572491,,etherscan getLogs DelegateVotesChanged replay (block-windowed streaming)
11840,OP,2024-03-31,2024-03,crosscheck,10,88467677.27366242,1006141600.0,0.08792766075238556,,etherscan getLogs DelegateVotesChanged replay (block-windowed streaming)
11840,OP,2024-04-30,2024-04,crosscheck,10,89871295.77088009,1045379867.0,0.08596998909955102,,etherscan getLogs DelegateVotesChanged replay (block-windowed streaming)
11840,OP,2024-05-31,2024-05,crosscheck,10,91605439.52593572,1086889963.0,0.08428216530134222,,etherscan getLogs DelegateVotesChanged replay (block-windowed streaming)
11840,OP,2024-06-30,2024-06,crosscheck,10,89466340.05774273,1121728540.0,0.07975756777815668,,etherscan getLogs DelegateVotesChanged replay (block-windowed streaming)
11840,OP,2024-07-31,2024-07,crosscheck,10,93572028.7383882,1187596466.0,0.07879109732748918,,etherscan getLogs DelegateVotesChanged replay (block-windowed streaming)
11840,OP,2024-08-31,2024-08,crosscheck,10,97019218.95228396,1187596466.0,0.08169375855340745,,etherscan getLogs DelegateVotesChanged replay (block-windowed streaming)
11840,OP,2024-09-30,2024-09,crosscheck,10,96096691.7874791,1255070491.0,0.07656676854135287,,etherscan getLogs DelegateVotesChanged replay (block-windowed streaming)
11840,OP,2024-10-31,2024-10,crosscheck,10,104353688.60744609,1255070491.0,0.08314567935088682,,etherscan getLogs DelegateVotesChanged replay (block-windowed streaming)
11840,OP,2024-11-30,2024-11,crosscheck,10,104029154.15573967,1255070491.0,0.08288710068615554,,etherscan getLogs DelegateVotesChanged replay (block-windowed streaming)
11840,OP,2024-12-31,2024-12,crosscheck,10,105416795.70029525,1351719035.0,0.0779872095981065,,etherscan getLogs DelegateVotesChanged replay (block-windowed streaming)
11840,OP,2025-01-31,2025-01,crosscheck,10,114985703.95618305,1351719035.0,0.08506627559342098,,etherscan getLogs DelegateVotesChanged replay (block-windowed streaming)
11840,OP,2025-02-28,2025-02,crosscheck,10,116867401.9833964,1620705846.0,0.07210895318964401,,etherscan getLogs DelegateVotesChanged replay (block-windowed streaming)
11840,OP,2025-03-31,2025-03,crosscheck,10,115303872.62346064,1620705846.0,0.07114423194562886,,etherscan getLogs DelegateVotesChanged replay (block-windowed streaming)
11840,OP,2025-04-30,2025-04,crosscheck,10,116328743.69821371,1657120774.0,0.07019931529638389,,etherscan getLogs DelegateVotesChanged replay (block-windowed streaming)
11840,OP,2025-05-31,2025-05,crosscheck,10,114526015.21206053,1714909778.0,0.06678253088370957,,etherscan getLogs DelegateVotesChanged replay (block-windowed streaming)
11840,OP,2025-06-30,2025-06,crosscheck,10,113577966.97497636,1752186819.0,0.06482069477031967,,etherscan getLogs DelegateVotesChanged replay (block-windowed streaming)
11840,OP,2025-07-31,2025-07,crosscheck,10,113332171.34803951,1752186819.0,0.06468041542095376,,etherscan getLogs DelegateVotesChanged replay (block-windowed streaming)
11840,OP,2025-08-31,2025-08,crosscheck,10,96037170.34990999,1778634390.0,0.05399489118722707,,etherscan getLogs DelegateVotesChanged replay (block-windowed streaming)
11840,OP,2025-09-30,2025-09,crosscheck,10,86521583.06085442,1778634390.0,0.048644951175634485,,etherscan getLogs DelegateVotesChanged replay (block-windowed streaming)
11840,OP,2025-10-31,2025-10,crosscheck,10,84971107.65097891,1896570907.0,0.04480249451120517,,etherscan getLogs DelegateVotesChanged replay (block-windowed streaming)
11840,OP,2025-11-30,2025-11,crosscheck,10,84543743.51218612,1896570907.0,0.044577159335380506,,etherscan getLogs DelegateVotesChanged replay (block-windowed streaming)
11840,OP,2025-12-31,2025-12,crosscheck,10,83464333.9662047,1944092497.0,0.042932285421090594,,etherscan getLogs DelegateVotesChanged replay (block-windowed streaming)
11840,OP,2026-01-31,2026-01,crosscheck,10,82338698.16315928,1944092497.0,0.04235328220762084,,etherscan getLogs DelegateVotesChanged replay (block-windowed streaming)
11840,OP,2026-02-28,2026-02,crosscheck,10,79581423.71515697,2117847344.0,0.03757656279647178,,etherscan getLogs DelegateVotesChanged replay (block-windowed streaming)
11840,OP,2026-03-31,2026-03,crosscheck,10,79270273.85430606,2117847344.0,0.0374296448131089,,etherscan getLogs DelegateVotesChanged replay (block-windowed streaming)
11840,OP,2026-04-30,2026-04,crosscheck,10,76244551.66486982,2150100019.0,0.035460932510633036,,etherscan getLogs DelegateVotesChanged replay (block-windowed streaming)
11840,OP,2026-05-31,2026-05,crosscheck,10,76157664.19092625,2152519691.0,0.035380704998589606,,etherscan getLogs DelegateVotesChanged replay (block-windowed streaming)
