cmc_id,symbol,month_end,staked_native,circulating_supply,staking_ratio,source,flag
1839,BNB,2017-07-31,,100000000.0,,bscscan(etherscanV2/56):StakeHub Delegated-Undelegated+RewardDistributed replay; cross-checked vs live sum(totalPooledBNB) all validators,post-BC-fusion window only (2024-07+); earlier staking lived on the retired Beacon Chain = documented gap; replay drift ~0% vs on-chain state
1839,BNB,2017-08-31,,100000000.0,,bscscan(etherscanV2/56):StakeHub Delegated-Undelegated+RewardDistributed replay; cross-checked vs live sum(totalPooledBNB) all validators,post-BC-fusion window only (2024-07+); earlier staking lived on the retired Beacon Chain = documented gap; replay drift ~0% vs on-chain state
1839,BNB,2017-09-30,,100000000.0,,bscscan(etherscanV2/56):StakeHub Delegated-Undelegated+RewardDistributed replay; cross-checked vs live sum(totalPooledBNB) all validators,post-BC-fusion window only (2024-07+); earlier staking lived on the retired Beacon Chain = documented gap; replay drift ~0% vs on-chain state
1839,BNB,2017-10-31,,99014000.0,,bscscan(etherscanV2/56):StakeHub Delegated-Undelegated+RewardDistributed replay; cross-checked vs live sum(totalPooledBNB) all validators,post-BC-fusion window only (2024-07+); earlier staking lived on the retired Beacon Chain = documented gap; replay drift ~0% vs on-chain state
1839,BNB,2017-11-30,,99014000.0,,bscscan(etherscanV2/56):StakeHub Delegated-Undelegated+RewardDistributed replay; cross-checked vs live sum(totalPooledBNB) all validators,post-BC-fusion window only (2024-07+); earlier staking lived on the retired Beacon Chain = documented gap; replay drift ~0% vs on-chain state
1839,BNB,2017-12-31,,99014000.0,,bscscan(etherscanV2/56):StakeHub Delegated-Undelegated+RewardDistributed replay; cross-checked vs live sum(totalPooledBNB) all validators,post-BC-fusion window only (2024-07+); earlier staking lived on the retired Beacon Chain = documented gap; replay drift ~0% vs on-chain state
1839,BNB,2018-01-31,,99014000.0,,bscscan(etherscanV2/56):StakeHub Delegated-Undelegated+RewardDistributed replay; cross-checked vs live sum(totalPooledBNB) all validators,post-BC-fusion window only (2024-07+); earlier staking lived on the retired Beacon Chain = documented gap; replay drift ~0% vs on-chain state
1839,BNB,2018-02-28,,99014000.0,,bscscan(etherscanV2/56):StakeHub Delegated-Undelegated+RewardDistributed replay; cross-checked vs live sum(totalPooledBNB) all validators,post-BC-fusion window only (2024-07+); earlier staking lived on the retired Beacon Chain = documented gap; replay drift ~0% vs on-chain state
1839,BNB,2018-03-31,,99014000.0,,bscscan(etherscanV2/56):StakeHub Delegated-Undelegated+RewardDistributed replay; cross-checked vs live sum(totalPooledBNB) all validators,post-BC-fusion window only (2024-07+); earlier staking lived on the retired Beacon Chain = documented gap; replay drift ~0% vs on-chain state
1839,BNB,2018-04-30,,114041290.1095,,bscscan(etherscanV2/56):StakeHub Delegated-Undelegated+RewardDistributed replay; cross-checked vs live sum(totalPooledBNB) all validators,post-BC-fusion window only (2024-07+); earlier staking lived on the retired Beacon Chain = documented gap; replay drift ~0% vs on-chain state
1839,BNB,2018-05-31,,114041290.1095,,bscscan(etherscanV2/56):StakeHub Delegated-Undelegated+RewardDistributed replay; cross-checked vs live sum(totalPooledBNB) all validators,post-BC-fusion window only (2024-07+); earlier staking lived on the retired Beacon Chain = documented gap; replay drift ~0% vs on-chain state
1839,BNB,2018-06-30,,114041290.1095,,bscscan(etherscanV2/56):StakeHub Delegated-Undelegated+RewardDistributed replay; cross-checked vs live sum(totalPooledBNB) all validators,post-BC-fusion window only (2024-07+); earlier staking lived on the retired Beacon Chain = documented gap; replay drift ~0% vs on-chain state
1839,BNB,2018-07-31,,95512523.1095,,bscscan(etherscanV2/56):StakeHub Delegated-Undelegated+RewardDistributed replay; cross-checked vs live sum(totalPooledBNB) all validators,post-BC-fusion window only (2024-07+); earlier staking lived on the retired Beacon Chain = documented gap; replay drift ~0% vs on-chain state
1839,BNB,2018-08-31,,95512523.1095,,bscscan(etherscanV2/56):StakeHub Delegated-Undelegated+RewardDistributed replay; cross-checked vs live sum(totalPooledBNB) all validators,post-BC-fusion window only (2024-07+); earlier staking lived on the retired Beacon Chain = documented gap; replay drift ~0% vs on-chain state
1839,BNB,2018-09-30,,117443301.0,,bscscan(etherscanV2/56):StakeHub Delegated-Undelegated+RewardDistributed replay; cross-checked vs live sum(totalPooledBNB) all validators,post-BC-fusion window only (2024-07+); earlier staking lived on the retired Beacon Chain = documented gap; replay drift ~0% vs on-chain state
1839,BNB,2018-10-31,,130799315.0005,,bscscan(etherscanV2/56):StakeHub Delegated-Undelegated+RewardDistributed replay; cross-checked vs live sum(totalPooledBNB) all validators,post-BC-fusion window only (2024-07+); earlier staking lived on the retired Beacon Chain = documented gap; replay drift ~0% vs on-chain state
1839,BNB,2018-11-30,,130799315.0005,,bscscan(etherscanV2/56):StakeHub Delegated-Undelegated+RewardDistributed replay; cross-checked vs live sum(totalPooledBNB) all validators,post-BC-fusion window only (2024-07+); earlier staking lived on the retired Beacon Chain = documented gap; replay drift ~0% vs on-chain state
1839,BNB,2018-12-31,,130799308.242999,,bscscan(etherscanV2/56):StakeHub Delegated-Undelegated+RewardDistributed replay; cross-checked vs live sum(totalPooledBNB) all validators,post-BC-fusion window only (2024-07+); earlier staking lived on the retired Beacon Chain = documented gap; replay drift ~0% vs on-chain state
1839,BNB,2019-01-31,,129175490.242999,,bscscan(etherscanV2/56):StakeHub Delegated-Undelegated+RewardDistributed replay; cross-checked vs live sum(totalPooledBNB) all validators,post-BC-fusion window only (2024-07+); earlier staking lived on the retired Beacon Chain = documented gap; replay drift ~0% vs on-chain state
1839,BNB,2019-02-28,,141175490.242,,bscscan(etherscanV2/56):StakeHub Delegated-Undelegated+RewardDistributed replay; cross-checked vs live sum(totalPooledBNB) all validators,post-BC-fusion window only (2024-07+); earlier staking lived on the retired Beacon Chain = documented gap; replay drift ~0% vs on-chain state
1839,BNB,2019-03-31,,141175490.242,,bscscan(etherscanV2/56):StakeHub Delegated-Undelegated+RewardDistributed replay; cross-checked vs live sum(totalPooledBNB) all validators,post-BC-fusion window only (2024-07+); earlier staking lived on the retired Beacon Chain = documented gap; replay drift ~0% vs on-chain state
1839,BNB,2019-04-30,,141175490.242,,bscscan(etherscanV2/56):StakeHub Delegated-Undelegated+RewardDistributed replay; cross-checked vs live sum(totalPooledBNB) all validators,post-BC-fusion window only (2024-07+); earlier staking lived on the retired Beacon Chain = documented gap; replay drift ~0% vs on-chain state
1839,BNB,2019-05-31,,141175490.242,,bscscan(etherscanV2/56):StakeHub Delegated-Undelegated+RewardDistributed replay; cross-checked vs live sum(totalPooledBNB) all validators,post-BC-fusion window only (2024-07+); earlier staking lived on the retired Beacon Chain = documented gap; replay drift ~0% vs on-chain state
1839,BNB,2019-06-30,,141175490.242,,bscscan(etherscanV2/56):StakeHub Delegated-Undelegated+RewardDistributed replay; cross-checked vs live sum(totalPooledBNB) all validators,post-BC-fusion window only (2024-07+); earlier staking lived on the retired Beacon Chain = documented gap; replay drift ~0% vs on-chain state
1839,BNB,2019-07-31,,155536713.0,,bscscan(etherscanV2/56):StakeHub Delegated-Undelegated+RewardDistributed replay; cross-checked vs live sum(totalPooledBNB) all validators,post-BC-fusion window only (2024-07+); earlier staking lived on the retired Beacon Chain = documented gap; replay drift ~0% vs on-chain state
1839,BNB,2019-08-31,,155536713.0,,bscscan(etherscanV2/56):StakeHub Delegated-Undelegated+RewardDistributed replay; cross-checked vs live sum(totalPooledBNB) all validators,post-BC-fusion window only (2024-07+); earlier staking lived on the retired Beacon Chain = documented gap; replay drift ~0% vs on-chain state
1839,BNB,2019-09-30,,155536713.0,,bscscan(etherscanV2/56):StakeHub Delegated-Undelegated+RewardDistributed replay; cross-checked vs live sum(totalPooledBNB) all validators,post-BC-fusion window only (2024-07+); earlier staking lived on the retired Beacon Chain = documented gap; replay drift ~0% vs on-chain state
1839,BNB,2019-10-31,,155536713.0,,bscscan(etherscanV2/56):StakeHub Delegated-Undelegated+RewardDistributed replay; cross-checked vs live sum(totalPooledBNB) all validators,post-BC-fusion window only (2024-07+); earlier staking lived on the retired Beacon Chain = documented gap; replay drift ~0% vs on-chain state
1839,BNB,2019-11-30,,155536713.0,,bscscan(etherscanV2/56):StakeHub Delegated-Undelegated+RewardDistributed replay; cross-checked vs live sum(totalPooledBNB) all validators,post-BC-fusion window only (2024-07+); earlier staking lived on the retired Beacon Chain = documented gap; replay drift ~0% vs on-chain state
1839,BNB,2019-12-31,,155536713.0,,bscscan(etherscanV2/56):StakeHub Delegated-Undelegated+RewardDistributed replay; cross-checked vs live sum(totalPooledBNB) all validators,post-BC-fusion window only (2024-07+); earlier staking lived on the retired Beacon Chain = documented gap; replay drift ~0% vs on-chain state
1839,BNB,2020-01-31,,155536713.0,,bscscan(etherscanV2/56):StakeHub Delegated-Undelegated+RewardDistributed replay; cross-checked vs live sum(totalPooledBNB) all validators,post-BC-fusion window only (2024-07+); earlier staking lived on the retired Beacon Chain = documented gap; replay drift ~0% vs on-chain state
1839,BNB,2020-02-29,,155536713.0,,bscscan(etherscanV2/56):StakeHub Delegated-Undelegated+RewardDistributed replay; cross-checked vs live sum(totalPooledBNB) all validators,post-BC-fusion window only (2024-07+); earlier staking lived on the retired Beacon Chain = documented gap; replay drift ~0% vs on-chain state
1839,BNB,2020-03-31,,155536713.0,,bscscan(etherscanV2/56):StakeHub Delegated-Undelegated+RewardDistributed replay; cross-checked vs live sum(totalPooledBNB) all validators,post-BC-fusion window only (2024-07+); earlier staking lived on the retired Beacon Chain = documented gap; replay drift ~0% vs on-chain state
1839,BNB,2020-04-30,,155536713.0,,bscscan(etherscanV2/56):StakeHub Delegated-Undelegated+RewardDistributed replay; cross-checked vs live sum(totalPooledBNB) all validators,post-BC-fusion window only (2024-07+); earlier staking lived on the retired Beacon Chain = documented gap; replay drift ~0% vs on-chain state
1839,BNB,2020-05-31,,155536713.0,,bscscan(etherscanV2/56):StakeHub Delegated-Undelegated+RewardDistributed replay; cross-checked vs live sum(totalPooledBNB) all validators,post-BC-fusion window only (2024-07+); earlier staking lived on the retired Beacon Chain = documented gap; replay drift ~0% vs on-chain state
1839,BNB,2020-06-30,,155536713.0,,bscscan(etherscanV2/56):StakeHub Delegated-Undelegated+RewardDistributed replay; cross-checked vs live sum(totalPooledBNB) all validators,post-BC-fusion window only (2024-07+); earlier staking lived on the retired Beacon Chain = documented gap; replay drift ~0% vs on-chain state
1839,BNB,2020-07-31,,144406560.0,,bscscan(etherscanV2/56):StakeHub Delegated-Undelegated+RewardDistributed replay; cross-checked vs live sum(totalPooledBNB) all validators,post-BC-fusion window only (2024-07+); earlier staking lived on the retired Beacon Chain = documented gap; replay drift ~0% vs on-chain state
1839,BNB,2020-08-31,,144406560.0,,bscscan(etherscanV2/56):StakeHub Delegated-Undelegated+RewardDistributed replay; cross-checked vs live sum(totalPooledBNB) all validators,post-BC-fusion window only (2024-07+); earlier staking lived on the retired Beacon Chain = documented gap; replay drift ~0% vs on-chain state
1839,BNB,2020-09-30,,144406560.9,,bscscan(etherscanV2/56):StakeHub Delegated-Undelegated+RewardDistributed replay; cross-checked vs live sum(totalPooledBNB) all validators,post-BC-fusion window only (2024-07+); earlier staking lived on the retired Beacon Chain = documented gap; replay drift ~0% vs on-chain state
1839,BNB,2020-10-31,,144406560.9,,bscscan(etherscanV2/56):StakeHub Delegated-Undelegated+RewardDistributed replay; cross-checked vs live sum(totalPooledBNB) all validators,post-BC-fusion window only (2024-07+); earlier staking lived on the retired Beacon Chain = documented gap; replay drift ~0% vs on-chain state
1839,BNB,2020-11-30,,144406560.9,,bscscan(etherscanV2/56):StakeHub Delegated-Undelegated+RewardDistributed replay; cross-checked vs live sum(totalPooledBNB) all validators,post-BC-fusion window only (2024-07+); earlier staking lived on the retired Beacon Chain = documented gap; replay drift ~0% vs on-chain state
1839,BNB,2020-12-31,,144406560.9,,bscscan(etherscanV2/56):StakeHub Delegated-Undelegated+RewardDistributed replay; cross-checked vs live sum(totalPooledBNB) all validators,post-BC-fusion window only (2024-07+); earlier staking lived on the retired Beacon Chain = documented gap; replay drift ~0% vs on-chain state
1839,BNB,2021-01-31,,154532785.0,,bscscan(etherscanV2/56):StakeHub Delegated-Undelegated+RewardDistributed replay; cross-checked vs live sum(totalPooledBNB) all validators,post-BC-fusion window only (2024-07+); earlier staking lived on the retired Beacon Chain = documented gap; replay drift ~0% vs on-chain state
1839,BNB,2021-02-28,,154532785.0,,bscscan(etherscanV2/56):StakeHub Delegated-Undelegated+RewardDistributed replay; cross-checked vs live sum(totalPooledBNB) all validators,post-BC-fusion window only (2024-07+); earlier staking lived on the retired Beacon Chain = documented gap; replay drift ~0% vs on-chain state
1839,BNB,2021-03-31,,154532785.0,,bscscan(etherscanV2/56):StakeHub Delegated-Undelegated+RewardDistributed replay; cross-checked vs live sum(totalPooledBNB) all validators,post-BC-fusion window only (2024-07+); earlier staking lived on the retired Beacon Chain = documented gap; replay drift ~0% vs on-chain state
1839,BNB,2021-04-30,,153432897.0,,bscscan(etherscanV2/56):StakeHub Delegated-Undelegated+RewardDistributed replay; cross-checked vs live sum(totalPooledBNB) all validators,post-BC-fusion window only (2024-07+); earlier staking lived on the retired Beacon Chain = documented gap; replay drift ~0% vs on-chain state
1839,BNB,2021-05-31,,153432897.0,,bscscan(etherscanV2/56):StakeHub Delegated-Undelegated+RewardDistributed replay; cross-checked vs live sum(totalPooledBNB) all validators,post-BC-fusion window only (2024-07+); earlier staking lived on the retired Beacon Chain = documented gap; replay drift ~0% vs on-chain state
1839,BNB,2021-06-30,,153432897.0,,bscscan(etherscanV2/56):StakeHub Delegated-Undelegated+RewardDistributed replay; cross-checked vs live sum(totalPooledBNB) all validators,post-BC-fusion window only (2024-07+); earlier staking lived on the retired Beacon Chain = documented gap; replay drift ~0% vs on-chain state
1839,BNB,2021-07-31,,168137036.0,,bscscan(etherscanV2/56):StakeHub Delegated-Undelegated+RewardDistributed replay; cross-checked vs live sum(totalPooledBNB) all validators,post-BC-fusion window only (2024-07+); earlier staking lived on the retired Beacon Chain = documented gap; replay drift ~0% vs on-chain state
1839,BNB,2021-08-31,,168137036.0,,bscscan(etherscanV2/56):StakeHub Delegated-Undelegated+RewardDistributed replay; cross-checked vs live sum(totalPooledBNB) all validators,post-BC-fusion window only (2024-07+); earlier staking lived on the retired Beacon Chain = documented gap; replay drift ~0% vs on-chain state
1839,BNB,2021-09-30,,168137036.0,,bscscan(etherscanV2/56):StakeHub Delegated-Undelegated+RewardDistributed replay; cross-checked vs live sum(totalPooledBNB) all validators,post-BC-fusion window only (2024-07+); earlier staking lived on the retired Beacon Chain = documented gap; replay drift ~0% vs on-chain state
1839,BNB,2021-10-31,,166801148.0,,bscscan(etherscanV2/56):StakeHub Delegated-Undelegated+RewardDistributed replay; cross-checked vs live sum(totalPooledBNB) all validators,post-BC-fusion window only (2024-07+); earlier staking lived on the retired Beacon Chain = documented gap; replay drift ~0% vs on-chain state
1839,BNB,2021-11-30,,166801148.0,,bscscan(etherscanV2/56):StakeHub Delegated-Undelegated+RewardDistributed replay; cross-checked vs live sum(totalPooledBNB) all validators,post-BC-fusion window only (2024-07+); earlier staking lived on the retired Beacon Chain = documented gap; replay drift ~0% vs on-chain state
1839,BNB,2021-12-31,,166801148.0,,bscscan(etherscanV2/56):StakeHub Delegated-Undelegated+RewardDistributed replay; cross-checked vs live sum(totalPooledBNB) all validators,post-BC-fusion window only (2024-07+); earlier staking lived on the retired Beacon Chain = documented gap; replay drift ~0% vs on-chain state
1839,BNB,2022-01-31,,165116760.89,,bscscan(etherscanV2/56):StakeHub Delegated-Undelegated+RewardDistributed replay; cross-checked vs live sum(totalPooledBNB) all validators,post-BC-fusion window only (2024-07+); earlier staking lived on the retired Beacon Chain = documented gap; replay drift ~0% vs on-chain state
1839,BNB,2022-02-28,,165116760.89,,bscscan(etherscanV2/56):StakeHub Delegated-Undelegated+RewardDistributed replay; cross-checked vs live sum(totalPooledBNB) all validators,post-BC-fusion window only (2024-07+); earlier staking lived on the retired Beacon Chain = documented gap; replay drift ~0% vs on-chain state
1839,BNB,2022-03-31,,165116760.89,,bscscan(etherscanV2/56):StakeHub Delegated-Undelegated+RewardDistributed replay; cross-checked vs live sum(totalPooledBNB) all validators,post-BC-fusion window only (2024-07+); earlier staking lived on the retired Beacon Chain = documented gap; replay drift ~0% vs on-chain state
1839,BNB,2022-04-30,,163276974.63,,bscscan(etherscanV2/56):StakeHub Delegated-Undelegated+RewardDistributed replay; cross-checked vs live sum(totalPooledBNB) all validators,post-BC-fusion window only (2024-07+); earlier staking lived on the retired Beacon Chain = documented gap; replay drift ~0% vs on-chain state
1839,BNB,2022-05-31,,163276974.63,,bscscan(etherscanV2/56):StakeHub Delegated-Undelegated+RewardDistributed replay; cross-checked vs live sum(totalPooledBNB) all validators,post-BC-fusion window only (2024-07+); earlier staking lived on the retired Beacon Chain = documented gap; replay drift ~0% vs on-chain state
1839,BNB,2022-06-30,,163276974.63,,bscscan(etherscanV2/56):StakeHub Delegated-Undelegated+RewardDistributed replay; cross-checked vs live sum(totalPooledBNB) all validators,post-BC-fusion window only (2024-07+); earlier staking lived on the retired Beacon Chain = documented gap; replay drift ~0% vs on-chain state
1839,BNB,2022-07-31,,161337261.09,,bscscan(etherscanV2/56):StakeHub Delegated-Undelegated+RewardDistributed replay; cross-checked vs live sum(totalPooledBNB) all validators,post-BC-fusion window only (2024-07+); earlier staking lived on the retired Beacon Chain = documented gap; replay drift ~0% vs on-chain state
1839,BNB,2022-08-31,,161337261.09,,bscscan(etherscanV2/56):StakeHub Delegated-Undelegated+RewardDistributed replay; cross-checked vs live sum(totalPooledBNB) all validators,post-BC-fusion window only (2024-07+); earlier staking lived on the retired Beacon Chain = documented gap; replay drift ~0% vs on-chain state
1839,BNB,2022-09-30,,161337261.09,,bscscan(etherscanV2/56):StakeHub Delegated-Undelegated+RewardDistributed replay; cross-checked vs live sum(totalPooledBNB) all validators,post-BC-fusion window only (2024-07+); earlier staking lived on the retired Beacon Chain = documented gap; replay drift ~0% vs on-chain state
1839,BNB,2022-10-31,,159978332.75711054,,bscscan(etherscanV2/56):StakeHub Delegated-Undelegated+RewardDistributed replay; cross-checked vs live sum(totalPooledBNB) all validators,post-BC-fusion window only (2024-07+); earlier staking lived on the retired Beacon Chain = documented gap; replay drift ~0% vs on-chain state
1839,BNB,2022-11-30,,159970700.96827608,,bscscan(etherscanV2/56):StakeHub Delegated-Undelegated+RewardDistributed replay; cross-checked vs live sum(totalPooledBNB) all validators,post-BC-fusion window only (2024-07+); earlier staking lived on the retired Beacon Chain = documented gap; replay drift ~0% vs on-chain state
1839,BNB,2022-12-31,,159964697.20004138,,bscscan(etherscanV2/56):StakeHub Delegated-Undelegated+RewardDistributed replay; cross-checked vs live sum(totalPooledBNB) all validators,post-BC-fusion window only (2024-07+); earlier staking lived on the retired Beacon Chain = documented gap; replay drift ~0% vs on-chain state
1839,BNB,2023-01-31,,157901569.1915088,,bscscan(etherscanV2/56):StakeHub Delegated-Undelegated+RewardDistributed replay; cross-checked vs live sum(totalPooledBNB) all validators,post-BC-fusion window only (2024-07+); earlier staking lived on the retired Beacon Chain = documented gap; replay drift ~0% vs on-chain state
1839,BNB,2023-02-28,,157895260.6959786,,bscscan(etherscanV2/56):StakeHub Delegated-Undelegated+RewardDistributed replay; cross-checked vs live sum(totalPooledBNB) all validators,post-BC-fusion window only (2024-07+); earlier staking lived on the retired Beacon Chain = documented gap; replay drift ~0% vs on-chain state
1839,BNB,2023-03-31,,155861173.80757755,,bscscan(etherscanV2/56):StakeHub Delegated-Undelegated+RewardDistributed replay; cross-checked vs live sum(totalPooledBNB) all validators,post-BC-fusion window only (2024-07+); earlier staking lived on the retired Beacon Chain = documented gap; replay drift ~0% vs on-chain state
1839,BNB,2023-04-30,,155862702.64215165,,bscscan(etherscanV2/56):StakeHub Delegated-Undelegated+RewardDistributed replay; cross-checked vs live sum(totalPooledBNB) all validators,post-BC-fusion window only (2024-07+); earlier staking lived on the retired Beacon Chain = documented gap; replay drift ~0% vs on-chain state
1839,BNB,2023-05-31,,155856534.38354054,,bscscan(etherscanV2/56):StakeHub Delegated-Undelegated+RewardDistributed replay; cross-checked vs live sum(totalPooledBNB) all validators,post-BC-fusion window only (2024-07+); earlier staking lived on the retired Beacon Chain = documented gap; replay drift ~0% vs on-chain state
1839,BNB,2023-06-30,,155851280.95658422,,bscscan(etherscanV2/56):StakeHub Delegated-Undelegated+RewardDistributed replay; cross-checked vs live sum(totalPooledBNB) all validators,post-BC-fusion window only (2024-07+); earlier staking lived on the retired Beacon Chain = documented gap; replay drift ~0% vs on-chain state
1839,BNB,2023-07-31,,153855269.24085015,,bscscan(etherscanV2/56):StakeHub Delegated-Undelegated+RewardDistributed replay; cross-checked vs live sum(totalPooledBNB) all validators,post-BC-fusion window only (2024-07+); earlier staking lived on the retired Beacon Chain = documented gap; replay drift ~0% vs on-chain state
1839,BNB,2023-08-31,,153850397.2026276,,bscscan(etherscanV2/56):StakeHub Delegated-Undelegated+RewardDistributed replay; cross-checked vs live sum(totalPooledBNB) all validators,post-BC-fusion window only (2024-07+); earlier staking lived on the retired Beacon Chain = documented gap; replay drift ~0% vs on-chain state
1839,BNB,2023-09-30,,153846636.77312723,,bscscan(etherscanV2/56):StakeHub Delegated-Undelegated+RewardDistributed replay; cross-checked vs live sum(totalPooledBNB) all validators,post-BC-fusion window only (2024-07+); earlier staking lived on the retired Beacon Chain = documented gap; replay drift ~0% vs on-chain state
1839,BNB,2023-10-31,,151703646.09818706,,bscscan(etherscanV2/56):StakeHub Delegated-Undelegated+RewardDistributed replay; cross-checked vs live sum(totalPooledBNB) all validators,post-BC-fusion window only (2024-07+); earlier staking lived on the retired Beacon Chain = documented gap; replay drift ~0% vs on-chain state
1839,BNB,2023-11-30,,151698759.6756365,,bscscan(etherscanV2/56):StakeHub Delegated-Undelegated+RewardDistributed replay; cross-checked vs live sum(totalPooledBNB) all validators,post-BC-fusion window only (2024-07+); earlier staking lived on the retired Beacon Chain = documented gap; replay drift ~0% vs on-chain state
1839,BNB,2023-12-31,,151692195.91362536,,bscscan(etherscanV2/56):StakeHub Delegated-Undelegated+RewardDistributed replay; cross-checked vs live sum(totalPooledBNB) all validators,post-BC-fusion window only (2024-07+); earlier staking lived on the retired Beacon Chain = documented gap; replay drift ~0% vs on-chain state
1839,BNB,2024-01-31,,149546923.14860535,,bscscan(etherscanV2/56):StakeHub Delegated-Undelegated+RewardDistributed replay; cross-checked vs live sum(totalPooledBNB) all validators,post-BC-fusion window only (2024-07+); earlier staking lived on the retired Beacon Chain = documented gap; replay drift ~0% vs on-chain state
1839,BNB,2024-02-29,,149542337.66025212,,bscscan(etherscanV2/56):StakeHub Delegated-Undelegated+RewardDistributed replay; cross-checked vs live sum(totalPooledBNB) all validators,post-BC-fusion window only (2024-07+); earlier staking lived on the retired Beacon Chain = documented gap; replay drift ~0% vs on-chain state
1839,BNB,2024-03-31,,149535926.29038507,,bscscan(etherscanV2/56):StakeHub Delegated-Undelegated+RewardDistributed replay; cross-checked vs live sum(totalPooledBNB) all validators,post-BC-fusion window only (2024-07+); earlier staking lived on the retired Beacon Chain = documented gap; replay drift ~0% vs on-chain state
1839,BNB,2024-04-30,,147569879.43759844,,bscscan(etherscanV2/56):StakeHub Delegated-Undelegated+RewardDistributed replay; cross-checked vs live sum(totalPooledBNB) all validators,post-BC-fusion window only (2024-07+); earlier staking lived on the retired Beacon Chain = documented gap; replay drift ~0% vs on-chain state
1839,BNB,2024-05-31,,147585317.08746502,,bscscan(etherscanV2/56):StakeHub Delegated-Undelegated+RewardDistributed replay; cross-checked vs live sum(totalPooledBNB) all validators,post-BC-fusion window only (2024-07+); earlier staking lived on the retired Beacon Chain = documented gap; replay drift ~0% vs on-chain state
1839,BNB,2024-06-30,,147583190.29315105,,bscscan(etherscanV2/56):StakeHub Delegated-Undelegated+RewardDistributed replay; cross-checked vs live sum(totalPooledBNB) all validators,post-BC-fusion window only (2024-07+); earlier staking lived on the retired Beacon Chain = documented gap; replay drift ~0% vs on-chain state
1839,BNB,2024-07-31,30433174.713355243,145937386.71335733,0.20853583443378024,bscscan(etherscanV2/56):StakeHub Delegated-Undelegated+RewardDistributed replay; cross-checked vs live sum(totalPooledBNB) all validators,post-BC-fusion window only (2024-07+); earlier staking lived on the retired Beacon Chain = documented gap; replay drift ~0% vs on-chain state
1839,BNB,2024-08-31,30557611.645049963,145934969.54493147,0.20939197603108878,bscscan(etherscanV2/56):StakeHub Delegated-Undelegated+RewardDistributed replay; cross-checked vs live sum(totalPooledBNB) all validators,post-BC-fusion window only (2024-07+); earlier staking lived on the retired Beacon Chain = documented gap; replay drift ~0% vs on-chain state
1839,BNB,2024-09-30,32450574.149197504,145932802.50607657,0.222366552220816,bscscan(etherscanV2/56):StakeHub Delegated-Undelegated+RewardDistributed replay; cross-checked vs live sum(totalPooledBNB) all validators,post-BC-fusion window only (2024-07+); earlier staking lived on the retired Beacon Chain = documented gap; replay drift ~0% vs on-chain state
1839,BNB,2024-10-31,32660768.637603447,145930861.0108996,0.22380988100360766,bscscan(etherscanV2/56):StakeHub Delegated-Undelegated+RewardDistributed replay; cross-checked vs live sum(totalPooledBNB) all validators,post-BC-fusion window only (2024-07+); earlier staking lived on the retired Beacon Chain = documented gap; replay drift ~0% vs on-chain state
1839,BNB,2024-11-30,29400490.773716606,144009765.18,0.20415623021791948,bscscan(etherscanV2/56):StakeHub Delegated-Undelegated+RewardDistributed replay; cross-checked vs live sum(totalPooledBNB) all validators,post-BC-fusion window only (2024-07+); earlier staking lived on the retired Beacon Chain = documented gap; replay drift ~0% vs on-chain state
1839,BNB,2024-12-31,29708469.069236085,144007025.31,0.20629874830955972,bscscan(etherscanV2/56):StakeHub Delegated-Undelegated+RewardDistributed replay; cross-checked vs live sum(totalPooledBNB) all validators,post-BC-fusion window only (2024-07+); earlier staking lived on the retired Beacon Chain = documented gap; replay drift ~0% vs on-chain state
1839,BNB,2025-01-31,31312447.875128802,142480679.87,0.21976627219703343,bscscan(etherscanV2/56):StakeHub Delegated-Undelegated+RewardDistributed replay; cross-checked vs live sum(totalPooledBNB) all validators,post-BC-fusion window only (2024-07+); earlier staking lived on the retired Beacon Chain = documented gap; replay drift ~0% vs on-chain state
1839,BNB,2025-02-28,30330429.036749404,142476086.65,0.21288084021606865,bscscan(etherscanV2/56):StakeHub Delegated-Undelegated+RewardDistributed replay; cross-checked vs live sum(totalPooledBNB) all validators,post-BC-fusion window only (2024-07+); earlier staking lived on the retired Beacon Chain = documented gap; replay drift ~0% vs on-chain state
1839,BNB,2025-03-31,30473850.206557717,142471797.11,0.21389391321448262,bscscan(etherscanV2/56):StakeHub Delegated-Undelegated+RewardDistributed replay; cross-checked vs live sum(totalPooledBNB) all validators,post-BC-fusion window only (2024-07+); earlier staking lived on the retired Beacon Chain = documented gap; replay drift ~0% vs on-chain state
1839,BNB,2025-04-30,30529087.69710202,140890096.31,0.216687251245318,bscscan(etherscanV2/56):StakeHub Delegated-Undelegated+RewardDistributed replay; cross-checked vs live sum(totalPooledBNB) all validators,post-BC-fusion window only (2024-07+); earlier staking lived on the retired Beacon Chain = documented gap; replay drift ~0% vs on-chain state
1839,BNB,2025-05-31,30601302.816719364,140887643.32999998,0.21720359637957873,bscscan(etherscanV2/56):StakeHub Delegated-Undelegated+RewardDistributed replay; cross-checked vs live sum(totalPooledBNB) all validators,post-BC-fusion window only (2024-07+); earlier staking lived on the retired Beacon Chain = documented gap; replay drift ~0% vs on-chain state
1839,BNB,2025-06-30,30721068.563454468,140885443.98,0.2180570802461013,bscscan(etherscanV2/56):StakeHub Delegated-Undelegated+RewardDistributed replay; cross-checked vs live sum(totalPooledBNB) all validators,post-BC-fusion window only (2024-07+); earlier staking lived on the retired Beacon Chain = documented gap; replay drift ~0% vs on-chain state
1839,BNB,2025-07-31,29271724.738922007,139288399.43,0.21015192118445328,bscscan(etherscanV2/56):StakeHub Delegated-Undelegated+RewardDistributed replay; cross-checked vs live sum(totalPooledBNB) all validators,post-BC-fusion window only (2024-07+); earlier staking lived on the retired Beacon Chain = documented gap; replay drift ~0% vs on-chain state
1839,BNB,2025-08-31,26423960.012080584,139187802.02,0.18984393480316403,bscscan(etherscanV2/56):StakeHub Delegated-Undelegated+RewardDistributed replay; cross-checked vs live sum(totalPooledBNB) all validators,post-BC-fusion window only (2024-07+); earlier staking lived on the retired Beacon Chain = documented gap; replay drift ~0% vs on-chain state
1839,BNB,2025-09-30,26343996.454519443,139185436.31,0.18927265059431161,bscscan(etherscanV2/56):StakeHub Delegated-Undelegated+RewardDistributed replay; cross-checked vs live sum(totalPooledBNB) all validators,post-BC-fusion window only (2024-07+); earlier staking lived on the retired Beacon Chain = documented gap; replay drift ~0% vs on-chain state
1839,BNB,2025-10-31,26016436.07076069,137737932.29,0.18888359682926303,bscscan(etherscanV2/56):StakeHub Delegated-Undelegated+RewardDistributed replay; cross-checked vs live sum(totalPooledBNB) all validators,post-BC-fusion window only (2024-07+); earlier staking lived on the retired Beacon Chain = documented gap; replay drift ~0% vs on-chain state
1839,BNB,2025-11-30,25710222.809687436,137736289.62,0.18666266443374688,bscscan(etherscanV2/56):StakeHub Delegated-Undelegated+RewardDistributed replay; cross-checked vs live sum(totalPooledBNB) all validators,post-BC-fusion window only (2024-07+); earlier staking lived on the retired Beacon Chain = documented gap; replay drift ~0% vs on-chain state
1839,BNB,2025-12-31,25419136.389604073,137734572.12,0.18455160529672884,bscscan(etherscanV2/56):StakeHub Delegated-Undelegated+RewardDistributed replay; cross-checked vs live sum(totalPooledBNB) all validators,post-BC-fusion window only (2024-07+); earlier staking lived on the retired Beacon Chain = documented gap; replay drift ~0% vs on-chain state
1839,BNB,2026-01-31,25258979.601274867,136360055.32999998,0.18523738157883946,bscscan(etherscanV2/56):StakeHub Delegated-Undelegated+RewardDistributed replay; cross-checked vs live sum(totalPooledBNB) all validators,post-BC-fusion window only (2024-07+); earlier staking lived on the retired Beacon Chain = documented gap; replay drift ~0% vs on-chain state
1839,BNB,2026-02-28,25742401.711311974,136358750.62,0.1887843764647715,bscscan(etherscanV2/56):StakeHub Delegated-Undelegated+RewardDistributed replay; cross-checked vs live sum(totalPooledBNB) all validators,post-BC-fusion window only (2024-07+); earlier staking lived on the retired Beacon Chain = documented gap; replay drift ~0% vs on-chain state
1839,BNB,2026-03-31,25721485.208344247,136357089.02,0.18863328187192072,bscscan(etherscanV2/56):StakeHub Delegated-Undelegated+RewardDistributed replay; cross-checked vs live sum(totalPooledBNB) all validators,post-BC-fusion window only (2024-07+); earlier staking lived on the retired Beacon Chain = documented gap; replay drift ~0% vs on-chain state
1839,BNB,2026-04-30,25695995.284284096,134786130.35,0.1906427257579036,bscscan(etherscanV2/56):StakeHub Delegated-Undelegated+RewardDistributed replay; cross-checked vs live sum(totalPooledBNB) all validators,post-BC-fusion window only (2024-07+); earlier staking lived on the retired Beacon Chain = documented gap; replay drift ~0% vs on-chain state
1839,BNB,2026-05-31,25710622.330683377,134784555.82,0.1907534744931682,bscscan(etherscanV2/56):StakeHub Delegated-Undelegated+RewardDistributed replay; cross-checked vs live sum(totalPooledBNB) all validators,post-BC-fusion window only (2024-07+); earlier staking lived on the retired Beacon Chain = documented gap; replay drift ~0% vs on-chain state
32684,S,2025-01-31,1044735118.7982198,2880000000.0,0.3627552495827152,"sonicscan(etherscanV2/146):SFC Delegated-Undelegated replay (RestakedRewards double-emits Delegated, excluded); cross-checked vs live totalStake()","metric = SFC totalStake (includes stake on deactivated validators, still locked)"
32684,S,2025-02-28,1083255985.192567,2880000000.0,0.37613055041408583,"sonicscan(etherscanV2/146):SFC Delegated-Undelegated replay (RestakedRewards double-emits Delegated, excluded); cross-checked vs live totalStake()","metric = SFC totalStake (includes stake on deactivated validators, still locked)"
32684,S,2025-03-31,1224859896.9700427,2880000000.0,0.42529857533682036,"sonicscan(etherscanV2/146):SFC Delegated-Undelegated replay (RestakedRewards double-emits Delegated, excluded); cross-checked vs live totalStake()","metric = SFC totalStake (includes stake on deactivated validators, still locked)"
32684,S,2025-04-30,1237567242.6091394,2880000000.0,0.4297108481281734,"sonicscan(etherscanV2/146):SFC Delegated-Undelegated replay (RestakedRewards double-emits Delegated, excluded); cross-checked vs live totalStake()","metric = SFC totalStake (includes stake on deactivated validators, still locked)"
32684,S,2025-05-31,1294257508.7126853,2880000000.0,0.44939496830301573,"sonicscan(etherscanV2/146):SFC Delegated-Undelegated replay (RestakedRewards double-emits Delegated, excluded); cross-checked vs live totalStake()","metric = SFC totalStake (includes stake on deactivated validators, still locked)"
32684,S,2025-06-30,1264445162.965683,2880000000.0,0.43904345936308437,"sonicscan(etherscanV2/146):SFC Delegated-Undelegated replay (RestakedRewards double-emits Delegated, excluded); cross-checked vs live totalStake()","metric = SFC totalStake (includes stake on deactivated validators, still locked)"
32684,S,2025-07-31,1246136211.0972633,2880000000.0,0.432686184408772,"sonicscan(etherscanV2/146):SFC Delegated-Undelegated replay (RestakedRewards double-emits Delegated, excluded); cross-checked vs live totalStake()","metric = SFC totalStake (includes stake on deactivated validators, still locked)"
32684,S,2025-08-31,1280389751.0135252,2880000000.0,0.44457977465747406,"sonicscan(etherscanV2/146):SFC Delegated-Undelegated replay (RestakedRewards double-emits Delegated, excluded); cross-checked vs live totalStake()","metric = SFC totalStake (includes stake on deactivated validators, still locked)"
32684,S,2025-09-30,1412270335.495271,2880000000.0,0.49037164426919133,"sonicscan(etherscanV2/146):SFC Delegated-Undelegated replay (RestakedRewards double-emits Delegated, excluded); cross-checked vs live totalStake()","metric = SFC totalStake (includes stake on deactivated validators, still locked)"
32684,S,2025-10-31,1326444488.321077,2880000000.0,0.4605710028892629,"sonicscan(etherscanV2/146):SFC Delegated-Undelegated replay (RestakedRewards double-emits Delegated, excluded); cross-checked vs live totalStake()","metric = SFC totalStake (includes stake on deactivated validators, still locked)"
32684,S,2025-11-30,1267501995.504529,2880000000.0,0.4401048595501837,"sonicscan(etherscanV2/146):SFC Delegated-Undelegated replay (RestakedRewards double-emits Delegated, excluded); cross-checked vs live totalStake()","metric = SFC totalStake (includes stake on deactivated validators, still locked)"
32684,S,2025-12-31,1236670332.2298346,2880000000.0,0.429399420913137,"sonicscan(etherscanV2/146):SFC Delegated-Undelegated replay (RestakedRewards double-emits Delegated, excluded); cross-checked vs live totalStake()","metric = SFC totalStake (includes stake on deactivated validators, still locked)"
32684,S,2026-01-31,1222658108.0584948,2880000000.0,0.42453406529808846,"sonicscan(etherscanV2/146):SFC Delegated-Undelegated replay (RestakedRewards double-emits Delegated, excluded); cross-checked vs live totalStake()","metric = SFC totalStake (includes stake on deactivated validators, still locked)"
32684,S,2026-02-28,1244316735.550354,2880000000.0,0.4320544220660951,"sonicscan(etherscanV2/146):SFC Delegated-Undelegated replay (RestakedRewards double-emits Delegated, excluded); cross-checked vs live totalStake()","metric = SFC totalStake (includes stake on deactivated validators, still locked)"
32684,S,2026-03-31,1223505008.5677757,2880000000.0,0.42482812797492214,"sonicscan(etherscanV2/146):SFC Delegated-Undelegated replay (RestakedRewards double-emits Delegated, excluded); cross-checked vs live totalStake()","metric = SFC totalStake (includes stake on deactivated validators, still locked)"
32684,S,2026-04-30,1225066175.747806,2880000000.0,0.4253701999124327,"sonicscan(etherscanV2/146):SFC Delegated-Undelegated replay (RestakedRewards double-emits Delegated, excluded); cross-checked vs live totalStake()","metric = SFC totalStake (includes stake on deactivated validators, still locked)"
32684,S,2026-05-31,1220965238.9370236,2880000000.0,0.42394626351979986,"sonicscan(etherscanV2/146):SFC Delegated-Undelegated replay (RestakedRewards double-emits Delegated, excluded); cross-checked vs live totalStake()","metric = SFC totalStake (includes stake on deactivated validators, still locked)"
6836,GLMR,2022-01-31,26595150.295187246,80305818.0,0.3311733938777293,official archive RPC state_getStorage ParachainStaking.Total at month-end blocks (chain's own aggregate: bonds + all delegations),"state read, not a reconstruction; cross-checked vs eth_call sum(getCandidateTotalCounted) superset relation"
6836,GLMR,2022-02-28,86970742.91845419,183709540.0,0.47341440688629555,official archive RPC state_getStorage ParachainStaking.Total at month-end blocks (chain's own aggregate: bonds + all delegations),"state read, not a reconstruction; cross-checked vs eth_call sum(getCandidateTotalCounted) superset relation"
6836,GLMR,2022-03-31,113090940.14848992,200568382.0,0.5638522833000165,official archive RPC state_getStorage ParachainStaking.Total at month-end blocks (chain's own aggregate: bonds + all delegations),"state read, not a reconstruction; cross-checked vs eth_call sum(getCandidateTotalCounted) superset relation"
6836,GLMR,2022-04-30,118107191.34164943,230724969.0,0.5118960113140135,official archive RPC state_getStorage ParachainStaking.Total at month-end blocks (chain's own aggregate: bonds + all delegations),"state read, not a reconstruction; cross-checked vs eth_call sum(getCandidateTotalCounted) superset relation"
6836,GLMR,2022-05-31,133504147.66215114,275532228.0,0.4845318772007721,official archive RPC state_getStorage ParachainStaking.Total at month-end blocks (chain's own aggregate: bonds + all delegations),"state read, not a reconstruction; cross-checked vs eth_call sum(getCandidateTotalCounted) superset relation"
6836,GLMR,2022-06-30,137240919.87065637,308736033.0,0.444525112721962,official archive RPC state_getStorage ParachainStaking.Total at month-end blocks (chain's own aggregate: bonds + all delegations),"state read, not a reconstruction; cross-checked vs eth_call sum(getCandidateTotalCounted) superset relation"
6836,GLMR,2022-07-31,144245748.9117112,334768078.0,0.43088262708163944,official archive RPC state_getStorage ParachainStaking.Total at month-end blocks (chain's own aggregate: bonds + all delegations),"state read, not a reconstruction; cross-checked vs eth_call sum(getCandidateTotalCounted) superset relation"
6836,GLMR,2022-08-31,158273027.07106054,361822750.0,0.43743249165803016,official archive RPC state_getStorage ParachainStaking.Total at month-end blocks (chain's own aggregate: bonds + all delegations),"state read, not a reconstruction; cross-checked vs eth_call sum(getCandidateTotalCounted) superset relation"
6836,GLMR,2022-09-30,170602772.50162455,396852666.0,0.4298894454236186,official archive RPC state_getStorage ParachainStaking.Total at month-end blocks (chain's own aggregate: bonds + all delegations),"state read, not a reconstruction; cross-checked vs eth_call sum(getCandidateTotalCounted) superset relation"
6836,GLMR,2022-10-31,213741430.32406408,429553802.0,0.49758942728218264,official archive RPC state_getStorage ParachainStaking.Total at month-end blocks (chain's own aggregate: bonds + all delegations),"state read, not a reconstruction; cross-checked vs eth_call sum(getCandidateTotalCounted) superset relation"
6836,GLMR,2022-11-30,236515762.6005604,459425758.0,0.514807362195309,official archive RPC state_getStorage ParachainStaking.Total at month-end blocks (chain's own aggregate: bonds + all delegations),"state read, not a reconstruction; cross-checked vs eth_call sum(getCandidateTotalCounted) superset relation"
6836,GLMR,2022-12-31,259268753.9230983,491294017.0,0.5277262595345188,official archive RPC state_getStorage ParachainStaking.Total at month-end blocks (chain's own aggregate: bonds + all delegations),"state read, not a reconstruction; cross-checked vs eth_call sum(getCandidateTotalCounted) superset relation"
6836,GLMR,2023-01-31,298667482.27239054,556933200.0,0.5362716431205583,official archive RPC state_getStorage ParachainStaking.Total at month-end blocks (chain's own aggregate: bonds + all delegations),"state read, not a reconstruction; cross-checked vs eth_call sum(getCandidateTotalCounted) superset relation"
6836,GLMR,2023-02-28,275956326.87105316,584459566.0,0.4721564038376149,official archive RPC state_getStorage ParachainStaking.Total at month-end blocks (chain's own aggregate: bonds + all delegations),"state read, not a reconstruction; cross-checked vs eth_call sum(getCandidateTotalCounted) superset relation"
6836,GLMR,2023-03-31,297146183.25040257,628779490.0,0.47257613833810413,official archive RPC state_getStorage ParachainStaking.Total at month-end blocks (chain's own aggregate: bonds + all delegations),"state read, not a reconstruction; cross-checked vs eth_call sum(getCandidateTotalCounted) superset relation"
6836,GLMR,2023-04-30,306387227.04610133,627645087.0,0.4881536291641542,official archive RPC state_getStorage ParachainStaking.Total at month-end blocks (chain's own aggregate: bonds + all delegations),"state read, not a reconstruction; cross-checked vs eth_call sum(getCandidateTotalCounted) superset relation"
6836,GLMR,2023-05-31,319090892.0441322,646612753.0,0.4934806660767054,official archive RPC state_getStorage ParachainStaking.Total at month-end blocks (chain's own aggregate: bonds + all delegations),"state read, not a reconstruction; cross-checked vs eth_call sum(getCandidateTotalCounted) superset relation"
6836,GLMR,2023-06-30,349378916.16711915,669631726.0,0.5217478542334165,official archive RPC state_getStorage ParachainStaking.Total at month-end blocks (chain's own aggregate: bonds + all delegations),"state read, not a reconstruction; cross-checked vs eth_call sum(getCandidateTotalCounted) superset relation"
6836,GLMR,2023-07-31,376235506.4374853,692583240.0,0.5432350722744681,official archive RPC state_getStorage ParachainStaking.Total at month-end blocks (chain's own aggregate: bonds + all delegations),"state read, not a reconstruction; cross-checked vs eth_call sum(getCandidateTotalCounted) superset relation"
6836,GLMR,2023-08-31,399072705.055745,718753663.0,0.5552287600038917,official archive RPC state_getStorage ParachainStaking.Total at month-end blocks (chain's own aggregate: bonds + all delegations),"state read, not a reconstruction; cross-checked vs eth_call sum(getCandidateTotalCounted) superset relation"
6836,GLMR,2023-09-30,394884339.9523392,752072747.0,0.5250613607892631,official archive RPC state_getStorage ParachainStaking.Total at month-end blocks (chain's own aggregate: bonds + all delegations),"state read, not a reconstruction; cross-checked vs eth_call sum(getCandidateTotalCounted) superset relation"
6836,GLMR,2023-10-31,406591223.8886454,774393573.0,0.5250446776224025,official archive RPC state_getStorage ParachainStaking.Total at month-end blocks (chain's own aggregate: bonds + all delegations),"state read, not a reconstruction; cross-checked vs eth_call sum(getCandidateTotalCounted) superset relation"
6836,GLMR,2023-11-30,411318314.50627863,791305207.0,0.5197973056005414,official archive RPC state_getStorage ParachainStaking.Total at month-end blocks (chain's own aggregate: bonds + all delegations),"state read, not a reconstruction; cross-checked vs eth_call sum(getCandidateTotalCounted) superset relation"
6836,GLMR,2023-12-31,399093236.39725107,809109363.0,0.4932500532653595,official archive RPC state_getStorage ParachainStaking.Total at month-end blocks (chain's own aggregate: bonds + all delegations),"state read, not a reconstruction; cross-checked vs eth_call sum(getCandidateTotalCounted) superset relation"
6836,GLMR,2024-01-31,412207681.9578977,826334976.0,0.49883847825642286,official archive RPC state_getStorage ParachainStaking.Total at month-end blocks (chain's own aggregate: bonds + all delegations),"state read, not a reconstruction; cross-checked vs eth_call sum(getCandidateTotalCounted) superset relation"
6836,GLMR,2024-02-29,409496684.7711543,837363468.0,0.48903098883596663,official archive RPC state_getStorage ParachainStaking.Total at month-end blocks (chain's own aggregate: bonds + all delegations),"state read, not a reconstruction; cross-checked vs eth_call sum(getCandidateTotalCounted) superset relation"
6836,GLMR,2024-03-31,398416754.30737823,852108201.0,0.4675659192574515,official archive RPC state_getStorage ParachainStaking.Total at month-end blocks (chain's own aggregate: bonds + all delegations),"state read, not a reconstruction; cross-checked vs eth_call sum(getCandidateTotalCounted) superset relation"
6836,GLMR,2024-04-30,385543558.5441054,859067884.0,0.4487928902066899,official archive RPC state_getStorage ParachainStaking.Total at month-end blocks (chain's own aggregate: bonds + all delegations),"state read, not a reconstruction; cross-checked vs eth_call sum(getCandidateTotalCounted) superset relation"
6836,GLMR,2024-05-31,385539418.8675494,865497239.0,0.4454542446755852,official archive RPC state_getStorage ParachainStaking.Total at month-end blocks (chain's own aggregate: bonds + all delegations),"state read, not a reconstruction; cross-checked vs eth_call sum(getCandidateTotalCounted) superset relation"
6836,GLMR,2024-06-30,392900203.18143314,882810485.0,0.4450561132397891,official archive RPC state_getStorage ParachainStaking.Total at month-end blocks (chain's own aggregate: bonds + all delegations),"state read, not a reconstruction; cross-checked vs eth_call sum(getCandidateTotalCounted) superset relation"
6836,GLMR,2024-07-31,383599403.41343486,888984694.0,0.4315028211424244,official archive RPC state_getStorage ParachainStaking.Total at month-end blocks (chain's own aggregate: bonds + all delegations),"state read, not a reconstruction; cross-checked vs eth_call sum(getCandidateTotalCounted) superset relation"
6836,GLMR,2024-08-31,390140015.7048416,895859840.0,0.43549224810082077,official archive RPC state_getStorage ParachainStaking.Total at month-end blocks (chain's own aggregate: bonds + all delegations),"state read, not a reconstruction; cross-checked vs eth_call sum(getCandidateTotalCounted) superset relation"
6836,GLMR,2024-09-30,389498428.8714283,904003181.0,0.4308595777733533,official archive RPC state_getStorage ParachainStaking.Total at month-end blocks (chain's own aggregate: bonds + all delegations),"state read, not a reconstruction; cross-checked vs eth_call sum(getCandidateTotalCounted) superset relation"
6836,GLMR,2024-10-31,377971425.8090619,915247687.0,0.41297173560522954,official archive RPC state_getStorage ParachainStaking.Total at month-end blocks (chain's own aggregate: bonds + all delegations),"state read, not a reconstruction; cross-checked vs eth_call sum(getCandidateTotalCounted) superset relation"
6836,GLMR,2024-11-30,371995084.7400882,923609137.0,0.40276245636587743,official archive RPC state_getStorage ParachainStaking.Total at month-end blocks (chain's own aggregate: bonds + all delegations),"state read, not a reconstruction; cross-checked vs eth_call sum(getCandidateTotalCounted) superset relation"
6836,GLMR,2024-12-31,351449130.03157824,932433733.0,0.3769159325680233,official archive RPC state_getStorage ParachainStaking.Total at month-end blocks (chain's own aggregate: bonds + all delegations),"state read, not a reconstruction; cross-checked vs eth_call sum(getCandidateTotalCounted) superset relation"
6836,GLMR,2025-01-31,347590107.29229146,945105400.0,0.36777919932770614,official archive RPC state_getStorage ParachainStaking.Total at month-end blocks (chain's own aggregate: bonds + all delegations),"state read, not a reconstruction; cross-checked vs eth_call sum(getCandidateTotalCounted) superset relation"
6836,GLMR,2025-02-28,331020555.28687537,951343121.0,0.34795075297220274,official archive RPC state_getStorage ParachainStaking.Total at month-end blocks (chain's own aggregate: bonds + all delegations),"state read, not a reconstruction; cross-checked vs eth_call sum(getCandidateTotalCounted) superset relation"
6836,GLMR,2025-03-31,335200903.1969173,968018813.0,0.34627519496040754,official archive RPC state_getStorage ParachainStaking.Total at month-end blocks (chain's own aggregate: bonds + all delegations),"state read, not a reconstruction; cross-checked vs eth_call sum(getCandidateTotalCounted) superset relation"
6836,GLMR,2025-04-30,342740742.16389364,974274925.0,0.35179058125086576,official archive RPC state_getStorage ParachainStaking.Total at month-end blocks (chain's own aggregate: bonds + all delegations),"state read, not a reconstruction; cross-checked vs eth_call sum(getCandidateTotalCounted) superset relation"
6836,GLMR,2025-05-31,357044372.95597064,980697579.0,0.3640718409033318,official archive RPC state_getStorage ParachainStaking.Total at month-end blocks (chain's own aggregate: bonds + all delegations),"state read, not a reconstruction; cross-checked vs eth_call sum(getCandidateTotalCounted) superset relation"
6836,GLMR,2025-06-30,362697064.9881213,989475134.0,0.36655500732181234,official archive RPC state_getStorage ParachainStaking.Total at month-end blocks (chain's own aggregate: bonds + all delegations),"state read, not a reconstruction; cross-checked vs eth_call sum(getCandidateTotalCounted) superset relation"
6836,GLMR,2025-07-31,340787370.6792404,996165170.0,0.3420992631967251,official archive RPC state_getStorage ParachainStaking.Total at month-end blocks (chain's own aggregate: bonds + all delegations),"state read, not a reconstruction; cross-checked vs eth_call sum(getCandidateTotalCounted) superset relation"
6836,GLMR,2025-08-31,339610361.4906773,1004324286.0,0.338148112342548,official archive RPC state_getStorage ParachainStaking.Total at month-end blocks (chain's own aggregate: bonds + all delegations),"state read, not a reconstruction; cross-checked vs eth_call sum(getCandidateTotalCounted) superset relation"
6836,GLMR,2025-09-30,332968000.58956516,1015106753.0,0.32801279235462355,official archive RPC state_getStorage ParachainStaking.Total at month-end blocks (chain's own aggregate: bonds + all delegations),"state read, not a reconstruction; cross-checked vs eth_call sum(getCandidateTotalCounted) superset relation"
6836,GLMR,2025-10-31,326325523.31110185,1022156016.0,0.31925216718687477,official archive RPC state_getStorage ParachainStaking.Total at month-end blocks (chain's own aggregate: bonds + all delegations),"state read, not a reconstruction; cross-checked vs eth_call sum(getCandidateTotalCounted) superset relation"
6836,GLMR,2025-11-30,302429673.7208255,1029913496.0,0.29364570412506324,official archive RPC state_getStorage ParachainStaking.Total at month-end blocks (chain's own aggregate: bonds + all delegations),"state read, not a reconstruction; cross-checked vs eth_call sum(getCandidateTotalCounted) superset relation"
6836,GLMR,2025-12-31,299433121.86277705,1036242738.0,0.2889604055905838,official archive RPC state_getStorage ParachainStaking.Total at month-end blocks (chain's own aggregate: bonds + all delegations),"state read, not a reconstruction; cross-checked vs eth_call sum(getCandidateTotalCounted) superset relation"
6836,GLMR,2026-01-31,269008803.9965708,1042827977.0,0.2579608621265162,official archive RPC state_getStorage ParachainStaking.Total at month-end blocks (chain's own aggregate: bonds + all delegations),"state read, not a reconstruction; cross-checked vs eth_call sum(getCandidateTotalCounted) superset relation"
6836,GLMR,2026-02-28,252602804.6762513,1084634509.0,0.23289209644375355,official archive RPC state_getStorage ParachainStaking.Total at month-end blocks (chain's own aggregate: bonds + all delegations),"state read, not a reconstruction; cross-checked vs eth_call sum(getCandidateTotalCounted) superset relation"
6836,GLMR,2026-03-31,237752274.4311092,1091144485.0,0.21789256849069735,official archive RPC state_getStorage ParachainStaking.Total at month-end blocks (chain's own aggregate: bonds + all delegations),"state read, not a reconstruction; cross-checked vs eth_call sum(getCandidateTotalCounted) superset relation"
6836,GLMR,2026-04-30,245204978.08917904,1094700201.0,0.2239928136170855,official archive RPC state_getStorage ParachainStaking.Total at month-end blocks (chain's own aggregate: bonds + all delegations),"state read, not a reconstruction; cross-checked vs eth_call sum(getCandidateTotalCounted) superset relation"
9285,MOVR,2021-09-30,901791.031595958,1500000.0,0.601194021063972,official archive RPC state_getStorage ParachainStaking.Total at month-end blocks (chain's own aggregate: bonds + all delegations),"state read, not a reconstruction; cross-checked vs eth_call sum(getCandidateTotalCounted) superset relation"
9285,MOVR,2021-10-31,976175.5102836813,2159672.0,0.45200174391466913,official archive RPC state_getStorage ParachainStaking.Total at month-end blocks (chain's own aggregate: bonds + all delegations),"state read, not a reconstruction; cross-checked vs eth_call sum(getCandidateTotalCounted) superset relation"
9285,MOVR,2021-11-30,906205.127527403,2452741.0,0.3694662940471101,official archive RPC state_getStorage ParachainStaking.Total at month-end blocks (chain's own aggregate: bonds + all delegations),"state read, not a reconstruction; cross-checked vs eth_call sum(getCandidateTotalCounted) superset relation"
9285,MOVR,2021-12-31,1060362.277519124,2676255.0,0.3962112270763153,official archive RPC state_getStorage ParachainStaking.Total at month-end blocks (chain's own aggregate: bonds + all delegations),"state read, not a reconstruction; cross-checked vs eth_call sum(getCandidateTotalCounted) superset relation"
9285,MOVR,2022-01-31,1174824.186954613,2971562.0,0.39535577146114165,official archive RPC state_getStorage ParachainStaking.Total at month-end blocks (chain's own aggregate: bonds + all delegations),"state read, not a reconstruction; cross-checked vs eth_call sum(getCandidateTotalCounted) superset relation"
9285,MOVR,2022-02-28,1213884.5666728045,3242278.0,0.37439250017204095,official archive RPC state_getStorage ParachainStaking.Total at month-end blocks (chain's own aggregate: bonds + all delegations),"state read, not a reconstruction; cross-checked vs eth_call sum(getCandidateTotalCounted) superset relation"
9285,MOVR,2022-03-31,1430441.8543559636,3691991.0,0.3874445669981221,official archive RPC state_getStorage ParachainStaking.Total at month-end blocks (chain's own aggregate: bonds + all delegations),"state read, not a reconstruction; cross-checked vs eth_call sum(getCandidateTotalCounted) superset relation"
9285,MOVR,2022-04-30,1472017.8172373534,4002903.0,0.36773756876880437,official archive RPC state_getStorage ParachainStaking.Total at month-end blocks (chain's own aggregate: bonds + all delegations),"state read, not a reconstruction; cross-checked vs eth_call sum(getCandidateTotalCounted) superset relation"
9285,MOVR,2022-05-31,1486731.8209131819,4614408.0,0.32219340398880675,official archive RPC state_getStorage ParachainStaking.Total at month-end blocks (chain's own aggregate: bonds + all delegations),"state read, not a reconstruction; cross-checked vs eth_call sum(getCandidateTotalCounted) superset relation"
9285,MOVR,2022-06-30,1510416.834249784,4808535.0,0.31411164403498865,official archive RPC state_getStorage ParachainStaking.Total at month-end blocks (chain's own aggregate: bonds + all delegations),"state read, not a reconstruction; cross-checked vs eth_call sum(getCandidateTotalCounted) superset relation"
9285,MOVR,2022-07-31,1732883.5472229754,4924295.0,0.3519049015591014,official archive RPC state_getStorage ParachainStaking.Total at month-end blocks (chain's own aggregate: bonds + all delegations),"state read, not a reconstruction; cross-checked vs eth_call sum(getCandidateTotalCounted) superset relation"
9285,MOVR,2022-08-31,1907043.9715908964,5203811.0,0.36647064460851797,official archive RPC state_getStorage ParachainStaking.Total at month-end blocks (chain's own aggregate: bonds + all delegations),"state read, not a reconstruction; cross-checked vs eth_call sum(getCandidateTotalCounted) superset relation"
9285,MOVR,2022-09-30,1935487.960689844,5417775.0,0.3572477558942267,official archive RPC state_getStorage ParachainStaking.Total at month-end blocks (chain's own aggregate: bonds + all delegations),"state read, not a reconstruction; cross-checked vs eth_call sum(getCandidateTotalCounted) superset relation"
9285,MOVR,2022-10-31,1978248.9308209894,5666813.0,0.3490937376654196,official archive RPC state_getStorage ParachainStaking.Total at month-end blocks (chain's own aggregate: bonds + all delegations),"state read, not a reconstruction; cross-checked vs eth_call sum(getCandidateTotalCounted) superset relation"
9285,MOVR,2022-11-30,1969391.934771195,5802578.0,0.33939947636571105,official archive RPC state_getStorage ParachainStaking.Total at month-end blocks (chain's own aggregate: bonds + all delegations),"state read, not a reconstruction; cross-checked vs eth_call sum(getCandidateTotalCounted) superset relation"
9285,MOVR,2022-12-31,1967203.92167174,5970567.0,0.3294836020886693,official archive RPC state_getStorage ParachainStaking.Total at month-end blocks (chain's own aggregate: bonds + all delegations),"state read, not a reconstruction; cross-checked vs eth_call sum(getCandidateTotalCounted) superset relation"
9285,MOVR,2023-01-31,2060062.9619575266,6193408.0,0.3326218718284871,official archive RPC state_getStorage ParachainStaking.Total at month-end blocks (chain's own aggregate: bonds + all delegations),"state read, not a reconstruction; cross-checked vs eth_call sum(getCandidateTotalCounted) superset relation"
9285,MOVR,2023-02-28,2114948.0492801666,6427447.0,0.3290494731858803,official archive RPC state_getStorage ParachainStaking.Total at month-end blocks (chain's own aggregate: bonds + all delegations),"state read, not a reconstruction; cross-checked vs eth_call sum(getCandidateTotalCounted) superset relation"
9285,MOVR,2023-03-31,2168854.811061886,6944570.0,0.3123094462381236,official archive RPC state_getStorage ParachainStaking.Total at month-end blocks (chain's own aggregate: bonds + all delegations),"state read, not a reconstruction; cross-checked vs eth_call sum(getCandidateTotalCounted) superset relation"
9285,MOVR,2023-04-30,2154277.6574454294,6937769.0,0.31051446905272134,official archive RPC state_getStorage ParachainStaking.Total at month-end blocks (chain's own aggregate: bonds + all delegations),"state read, not a reconstruction; cross-checked vs eth_call sum(getCandidateTotalCounted) superset relation"
9285,MOVR,2023-05-31,2209406.896627597,6966234.0,0.3171594431980891,official archive RPC state_getStorage ParachainStaking.Total at month-end blocks (chain's own aggregate: bonds + all delegations),"state read, not a reconstruction; cross-checked vs eth_call sum(getCandidateTotalCounted) superset relation"
9285,MOVR,2023-06-30,2301622.7292437474,7059204.0,0.3260456461158719,official archive RPC state_getStorage ParachainStaking.Total at month-end blocks (chain's own aggregate: bonds + all delegations),"state read, not a reconstruction; cross-checked vs eth_call sum(getCandidateTotalCounted) superset relation"
9285,MOVR,2023-07-31,2297824.054511824,7369585.0,0.3117982972598626,official archive RPC state_getStorage ParachainStaking.Total at month-end blocks (chain's own aggregate: bonds + all delegations),"state read, not a reconstruction; cross-checked vs eth_call sum(getCandidateTotalCounted) superset relation"
9285,MOVR,2023-08-31,2341576.820870198,7798931.0,0.3002433052517323,official archive RPC state_getStorage ParachainStaking.Total at month-end blocks (chain's own aggregate: bonds + all delegations),"state read, not a reconstruction; cross-checked vs eth_call sum(getCandidateTotalCounted) superset relation"
9285,MOVR,2023-09-30,2366857.4408993567,8265636.0,0.2863491013757873,official archive RPC state_getStorage ParachainStaking.Total at month-end blocks (chain's own aggregate: bonds + all delegations),"state read, not a reconstruction; cross-checked vs eth_call sum(getCandidateTotalCounted) superset relation"
9285,MOVR,2023-10-31,2337588.922228277,8308872.0,0.2813364945600651,official archive RPC state_getStorage ParachainStaking.Total at month-end blocks (chain's own aggregate: bonds + all delegations),"state read, not a reconstruction; cross-checked vs eth_call sum(getCandidateTotalCounted) superset relation"
9285,MOVR,2023-11-30,2390570.8535380643,8585906.0,0.2784296559428981,official archive RPC state_getStorage ParachainStaking.Total at month-end blocks (chain's own aggregate: bonds + all delegations),"state read, not a reconstruction; cross-checked vs eth_call sum(getCandidateTotalCounted) superset relation"
9285,MOVR,2023-12-31,2242508.8207204584,8712767.0,0.2573819339734964,official archive RPC state_getStorage ParachainStaking.Total at month-end blocks (chain's own aggregate: bonds + all delegations),"state read, not a reconstruction; cross-checked vs eth_call sum(getCandidateTotalCounted) superset relation"
9285,MOVR,2024-01-31,2347279.059237869,8739992.0,0.26856764391064303,official archive RPC state_getStorage ParachainStaking.Total at month-end blocks (chain's own aggregate: bonds + all delegations),"state read, not a reconstruction; cross-checked vs eth_call sum(getCandidateTotalCounted) superset relation"
9285,MOVR,2024-02-29,2341203.65973668,8886201.0,0.26346508026733584,official archive RPC state_getStorage ParachainStaking.Total at month-end blocks (chain's own aggregate: bonds + all delegations),"state read, not a reconstruction; cross-checked vs eth_call sum(getCandidateTotalCounted) superset relation"
9285,MOVR,2024-03-31,2209425.9528413783,8914111.0,0.24785712819162542,official archive RPC state_getStorage ParachainStaking.Total at month-end blocks (chain's own aggregate: bonds + all delegations),"state read, not a reconstruction; cross-checked vs eth_call sum(getCandidateTotalCounted) superset relation"
9285,MOVR,2024-04-30,2226463.374647886,8942503.0,0.24897541266107331,official archive RPC state_getStorage ParachainStaking.Total at month-end blocks (chain's own aggregate: bonds + all delegations),"state read, not a reconstruction; cross-checked vs eth_call sum(getCandidateTotalCounted) superset relation"
9285,MOVR,2024-05-31,2264818.6127943946,8972056.0,0.2524302805058723,official archive RPC state_getStorage ParachainStaking.Total at month-end blocks (chain's own aggregate: bonds + all delegations),"state read, not a reconstruction; cross-checked vs eth_call sum(getCandidateTotalCounted) superset relation"
9285,MOVR,2024-06-30,2276312.306977868,9023888.0,0.2522540513554543,official archive RPC state_getStorage ParachainStaking.Total at month-end blocks (chain's own aggregate: bonds + all delegations),"state read, not a reconstruction; cross-checked vs eth_call sum(getCandidateTotalCounted) superset relation"
9285,MOVR,2024-07-31,2024083.6893925047,9064626.0,0.22329478231010355,official archive RPC state_getStorage ParachainStaking.Total at month-end blocks (chain's own aggregate: bonds + all delegations),"state read, not a reconstruction; cross-checked vs eth_call sum(getCandidateTotalCounted) superset relation"
9285,MOVR,2024-08-31,2023055.3762270734,9097259.0,0.22238076064747342,official archive RPC state_getStorage ParachainStaking.Total at month-end blocks (chain's own aggregate: bonds + all delegations),"state read, not a reconstruction; cross-checked vs eth_call sum(getCandidateTotalCounted) superset relation"
9285,MOVR,2024-09-30,2049628.9556593338,9128409.0,0.22453298878910158,official archive RPC state_getStorage ParachainStaking.Total at month-end blocks (chain's own aggregate: bonds + all delegations),"state read, not a reconstruction; cross-checked vs eth_call sum(getCandidateTotalCounted) superset relation"
9285,MOVR,2024-10-31,2042090.7429154573,9211877.0,0.2216802007794348,official archive RPC state_getStorage ParachainStaking.Total at month-end blocks (chain's own aggregate: bonds + all delegations),"state read, not a reconstruction; cross-checked vs eth_call sum(getCandidateTotalCounted) superset relation"
9285,MOVR,2024-11-30,1856358.8287905096,9316982.0,0.19924465119611798,official archive RPC state_getStorage ParachainStaking.Total at month-end blocks (chain's own aggregate: bonds + all delegations),"state read, not a reconstruction; cross-checked vs eth_call sum(getCandidateTotalCounted) superset relation"
9285,MOVR,2024-12-31,1860064.5378831427,9358406.0,0.19875869222634096,official archive RPC state_getStorage ParachainStaking.Total at month-end blocks (chain's own aggregate: bonds + all delegations),"state read, not a reconstruction; cross-checked vs eth_call sum(getCandidateTotalCounted) superset relation"
9285,MOVR,2025-01-31,1858078.1941152934,9390230.0,0.19787355518611296,official archive RPC state_getStorage ParachainStaking.Total at month-end blocks (chain's own aggregate: bonds + all delegations),"state read, not a reconstruction; cross-checked vs eth_call sum(getCandidateTotalCounted) superset relation"
9285,MOVR,2025-02-28,1877570.0136011492,9489583.0,0.19785590300449968,official archive RPC state_getStorage ParachainStaking.Total at month-end blocks (chain's own aggregate: bonds + all delegations),"state read, not a reconstruction; cross-checked vs eth_call sum(getCandidateTotalCounted) superset relation"
9285,MOVR,2025-03-31,1879735.1696931093,9522109.0,0.197407440903387,official archive RPC state_getStorage ParachainStaking.Total at month-end blocks (chain's own aggregate: bonds + all delegations),"state read, not a reconstruction; cross-checked vs eth_call sum(getCandidateTotalCounted) superset relation"
9285,MOVR,2025-04-30,1878941.150204257,9554157.0,0.19666215974933812,official archive RPC state_getStorage ParachainStaking.Total at month-end blocks (chain's own aggregate: bonds + all delegations),"state read, not a reconstruction; cross-checked vs eth_call sum(getCandidateTotalCounted) superset relation"
9285,MOVR,2025-05-31,1997311.2515537494,9717127.0,0.20554545099119825,official archive RPC state_getStorage ParachainStaking.Total at month-end blocks (chain's own aggregate: bonds + all delegations),"state read, not a reconstruction; cross-checked vs eth_call sum(getCandidateTotalCounted) superset relation"
9285,MOVR,2025-06-30,2098873.206511145,9754578.0,0.21516801716190542,official archive RPC state_getStorage ParachainStaking.Total at month-end blocks (chain's own aggregate: bonds + all delegations),"state read, not a reconstruction; cross-checked vs eth_call sum(getCandidateTotalCounted) superset relation"
9285,MOVR,2025-07-31,1989028.1426862457,9786327.0,0.20324562450102532,official archive RPC state_getStorage ParachainStaking.Total at month-end blocks (chain's own aggregate: bonds + all delegations),"state read, not a reconstruction; cross-checked vs eth_call sum(getCandidateTotalCounted) superset relation"
9285,MOVR,2025-08-31,1964571.8685281572,9820293.0,0.2000522661114243,official archive RPC state_getStorage ParachainStaking.Total at month-end blocks (chain's own aggregate: bonds + all delegations),"state read, not a reconstruction; cross-checked vs eth_call sum(getCandidateTotalCounted) superset relation"
9285,MOVR,2025-09-30,1967624.3927739877,10029914.0,0.19617559958878886,official archive RPC state_getStorage ParachainStaking.Total at month-end blocks (chain's own aggregate: bonds + all delegations),"state read, not a reconstruction; cross-checked vs eth_call sum(getCandidateTotalCounted) superset relation"
9285,MOVR,2025-10-31,1796389.8505554895,10149421.0,0.17699431825278403,official archive RPC state_getStorage ParachainStaking.Total at month-end blocks (chain's own aggregate: bonds + all delegations),"state read, not a reconstruction; cross-checked vs eth_call sum(getCandidateTotalCounted) superset relation"
9285,MOVR,2025-11-30,1910734.0594549556,10377774.0,0.1841179100118152,official archive RPC state_getStorage ParachainStaking.Total at month-end blocks (chain's own aggregate: bonds + all delegations),"state read, not a reconstruction; cross-checked vs eth_call sum(getCandidateTotalCounted) superset relation"
9285,MOVR,2025-12-31,1974111.233549124,10460145.0,0.1887269472410874,official archive RPC state_getStorage ParachainStaking.Total at month-end blocks (chain's own aggregate: bonds + all delegations),"state read, not a reconstruction; cross-checked vs eth_call sum(getCandidateTotalCounted) superset relation"
9285,MOVR,2026-01-31,1971126.6106019907,10665174.0,0.18481898285034926,official archive RPC state_getStorage ParachainStaking.Total at month-end blocks (chain's own aggregate: bonds + all delegations),"state read, not a reconstruction; cross-checked vs eth_call sum(getCandidateTotalCounted) superset relation"
9285,MOVR,2026-02-28,1979312.5513630453,11301755.0,0.17513320288424633,official archive RPC state_getStorage ParachainStaking.Total at month-end blocks (chain's own aggregate: bonds + all delegations),"state read, not a reconstruction; cross-checked vs eth_call sum(getCandidateTotalCounted) superset relation"
9285,MOVR,2026-03-31,1959273.7239016024,11385179.0,0.1720898480297589,official archive RPC state_getStorage ParachainStaking.Total at month-end blocks (chain's own aggregate: bonds + all delegations),"state read, not a reconstruction; cross-checked vs eth_call sum(getCandidateTotalCounted) superset relation"
9285,MOVR,2026-04-30,1796978.2809430142,11416806.0,0.15739763651436436,official archive RPC state_getStorage ParachainStaking.Total at month-end blocks (chain's own aggregate: bonds + all delegations),"state read, not a reconstruction; cross-checked vs eth_call sum(getCandidateTotalCounted) superset relation"
9285,MOVR,2026-05-31,1705787.833144304,11924057.0,0.1430543172633529,official archive RPC state_getStorage ParachainStaking.Total at month-end blocks (chain's own aggregate: bonds + all delegations),"state read, not a reconstruction; cross-checked vs eth_call sum(getCandidateTotalCounted) superset relation"
2634,XDC,2020-05-31,789999999.9999999,5787785720.33262,0.13649434138943886,xdcscan(etherscanV2/50) balancehistory of XDCValidator 0x...0088 at month-end blocks (native XDC held = masternode stake); event replay co-moves at constant genesis offset,balance includes resigned-but-unwithdrawn stake (still locked in withdraw delay) and 32.6M genesis stake that predates the event stream
2634,XDC,2020-06-30,1080000000.0,5788785820.33262,0.18656762117654993,xdcscan(etherscanV2/50) balancehistory of XDCValidator 0x...0088 at month-end blocks (native XDC held = masternode stake); event replay co-moves at constant genesis offset,balance includes resigned-but-unwithdrawn stake (still locked in withdraw delay) and 32.6M genesis stake that predates the event stream
2634,XDC,2020-07-31,1100000000.0,9638450575.33262,0.1141262271775502,xdcscan(etherscanV2/50) balancehistory of XDCValidator 0x...0088 at month-end blocks (native XDC held = masternode stake); event replay co-moves at constant genesis offset,balance includes resigned-but-unwithdrawn stake (still locked in withdraw delay) and 32.6M genesis stake that predates the event stream
2634,XDC,2020-08-31,1100000000.0,12197995617.1809,0.09017875022439324,xdcscan(etherscanV2/50) balancehistory of XDCValidator 0x...0088 at month-end blocks (native XDC held = masternode stake); event replay co-moves at constant genesis offset,balance includes resigned-but-unwithdrawn stake (still locked in withdraw delay) and 32.6M genesis stake that predates the event stream
2634,XDC,2020-09-30,1192800000.0,12198000000.0,0.09778652238071815,xdcscan(etherscanV2/50) balancehistory of XDCValidator 0x...0088 at month-end blocks (native XDC held = masternode stake); event replay co-moves at constant genesis offset,balance includes resigned-but-unwithdrawn stake (still locked in withdraw delay) and 32.6M genesis stake that predates the event stream
2634,XDC,2020-10-31,1282800000.0,12198000000.0,0.10516478111165765,xdcscan(etherscanV2/50) balancehistory of XDCValidator 0x...0088 at month-end blocks (native XDC held = masternode stake); event replay co-moves at constant genesis offset,balance includes resigned-but-unwithdrawn stake (still locked in withdraw delay) and 32.6M genesis stake that predates the event stream
2634,XDC,2020-11-30,1272800000.0,12198000000.0,0.1043449745859977,xdcscan(etherscanV2/50) balancehistory of XDCValidator 0x...0088 at month-end blocks (native XDC held = masternode stake); event replay co-moves at constant genesis offset,balance includes resigned-but-unwithdrawn stake (still locked in withdraw delay) and 32.6M genesis stake that predates the event stream
2634,XDC,2020-12-31,1282800000.0,12198000000.0,0.10516478111165765,xdcscan(etherscanV2/50) balancehistory of XDCValidator 0x...0088 at month-end blocks (native XDC held = masternode stake); event replay co-moves at constant genesis offset,balance includes resigned-but-unwithdrawn stake (still locked in withdraw delay) and 32.6M genesis stake that predates the event stream
2634,XDC,2021-01-31,1382800000.0,12198000000.0,0.1133628463682571,xdcscan(etherscanV2/50) balancehistory of XDCValidator 0x...0088 at month-end blocks (native XDC held = masternode stake); event replay co-moves at constant genesis offset,balance includes resigned-but-unwithdrawn stake (still locked in withdraw delay) and 32.6M genesis stake that predates the event stream
2634,XDC,2021-02-28,1412800000.0,12248308914.85,0.11534653557660551,xdcscan(etherscanV2/50) balancehistory of XDCValidator 0x...0088 at month-end blocks (native XDC held = masternode stake); event replay co-moves at constant genesis offset,balance includes resigned-but-unwithdrawn stake (still locked in withdraw delay) and 32.6M genesis stake that predates the event stream
2634,XDC,2021-03-31,1402800000.0,12255595737.4,0.1144620000575836,xdcscan(etherscanV2/50) balancehistory of XDCValidator 0x...0088 at month-end blocks (native XDC held = masternode stake); event replay co-moves at constant genesis offset,balance includes resigned-but-unwithdrawn stake (still locked in withdraw delay) and 32.6M genesis stake that predates the event stream
2634,XDC,2021-04-30,1473024999.9999998,12262626438.55,0.12012312430632752,xdcscan(etherscanV2/50) balancehistory of XDCValidator 0x...0088 at month-end blocks (native XDC held = masternode stake); event replay co-moves at constant genesis offset,balance includes resigned-but-unwithdrawn stake (still locked in withdraw delay) and 32.6M genesis stake that predates the event stream
2634,XDC,2021-05-31,1473024999.9999998,12269940250.75,0.12005152184094467,xdcscan(etherscanV2/50) balancehistory of XDCValidator 0x...0088 at month-end blocks (native XDC held = masternode stake); event replay co-moves at constant genesis offset,balance includes resigned-but-unwithdrawn stake (still locked in withdraw delay) and 32.6M genesis stake that predates the event stream
2634,XDC,2021-06-30,1573025000.0,12277050383.5,0.12812727413044586,xdcscan(etherscanV2/50) balancehistory of XDCValidator 0x...0088 at month-end blocks (native XDC held = masternode stake); event replay co-moves at constant genesis offset,balance includes resigned-but-unwithdrawn stake (still locked in withdraw delay) and 32.6M genesis stake that predates the event stream
2634,XDC,2021-07-31,1773025000.0,12284395891.75,0.1443314767469139,xdcscan(etherscanV2/50) balancehistory of XDCValidator 0x...0088 at month-end blocks (native XDC held = masternode stake); event replay co-moves at constant genesis offset,balance includes resigned-but-unwithdrawn stake (still locked in withdraw delay) and 32.6M genesis stake that predates the event stream
2634,XDC,2021-08-31,1843025000.0,12291688536.25,0.1499407501715202,xdcscan(etherscanV2/50) balancehistory of XDCValidator 0x...0088 at month-end blocks (native XDC held = masternode stake); event replay co-moves at constant genesis offset,balance includes resigned-but-unwithdrawn stake (still locked in withdraw delay) and 32.6M genesis stake that predates the event stream
2634,XDC,2021-09-30,1933025000.0,12298703963.8,0.15717306520180216,xdcscan(etherscanV2/50) balancehistory of XDCValidator 0x...0088 at month-end blocks (native XDC held = masternode stake); event replay co-moves at constant genesis offset,balance includes resigned-but-unwithdrawn stake (still locked in withdraw delay) and 32.6M genesis stake that predates the event stream
2634,XDC,2021-10-31,1933025000.0,12305012698.75,0.15709248314683702,xdcscan(etherscanV2/50) balancehistory of XDCValidator 0x...0088 at month-end blocks (native XDC held = masternode stake); event replay co-moves at constant genesis offset,balance includes resigned-but-unwithdrawn stake (still locked in withdraw delay) and 32.6M genesis stake that predates the event stream
2634,XDC,2021-11-30,1953025000.0,12305012698.75,0.15871783701599895,xdcscan(etherscanV2/50) balancehistory of XDCValidator 0x...0088 at month-end blocks (native XDC held = masternode stake); event replay co-moves at constant genesis offset,balance includes resigned-but-unwithdrawn stake (still locked in withdraw delay) and 32.6M genesis stake that predates the event stream
2634,XDC,2021-12-31,1973025000.0,12305012698.75,0.16034319088516089,xdcscan(etherscanV2/50) balancehistory of XDCValidator 0x...0088 at month-end blocks (native XDC held = masternode stake); event replay co-moves at constant genesis offset,balance includes resigned-but-unwithdrawn stake (still locked in withdraw delay) and 32.6M genesis stake that predates the event stream
2634,XDC,2022-01-31,2000801888.0,12305012698.75,0.16260055450436478,xdcscan(etherscanV2/50) balancehistory of XDCValidator 0x...0088 at month-end blocks (native XDC held = masternode stake); event replay co-moves at constant genesis offset,balance includes resigned-but-unwithdrawn stake (still locked in withdraw delay) and 32.6M genesis stake that predates the event stream
2634,XDC,2022-02-28,1990801888.0,12305012698.75,0.1617878775697838,xdcscan(etherscanV2/50) balancehistory of XDCValidator 0x...0088 at month-end blocks (native XDC held = masternode stake); event replay co-moves at constant genesis offset,balance includes resigned-but-unwithdrawn stake (still locked in withdraw delay) and 32.6M genesis stake that predates the event stream
2634,XDC,2022-03-31,2020801888.0,12305012698.75,0.1642259083735267,xdcscan(etherscanV2/50) balancehistory of XDCValidator 0x...0088 at month-end blocks (native XDC held = masternode stake); event replay co-moves at constant genesis offset,balance includes resigned-but-unwithdrawn stake (still locked in withdraw delay) and 32.6M genesis stake that predates the event stream
2634,XDC,2022-04-30,2030801887.9999998,12305012698.75,0.16503858530810764,xdcscan(etherscanV2/50) balancehistory of XDCValidator 0x...0088 at month-end blocks (native XDC held = masternode stake); event replay co-moves at constant genesis offset,balance includes resigned-but-unwithdrawn stake (still locked in withdraw delay) and 32.6M genesis stake that predates the event stream
2634,XDC,2022-05-31,2070801888.0,12305012698.75,0.16828929304643153,xdcscan(etherscanV2/50) balancehistory of XDCValidator 0x...0088 at month-end blocks (native XDC held = masternode stake); event replay co-moves at constant genesis offset,balance includes resigned-but-unwithdrawn stake (still locked in withdraw delay) and 32.6M genesis stake that predates the event stream
2634,XDC,2022-06-30,2070801888.0,12305012698.75,0.16828929304643153,xdcscan(etherscanV2/50) balancehistory of XDCValidator 0x...0088 at month-end blocks (native XDC held = masternode stake); event replay co-moves at constant genesis offset,balance includes resigned-but-unwithdrawn stake (still locked in withdraw delay) and 32.6M genesis stake that predates the event stream
2634,XDC,2022-07-31,2080801888.0,12305012698.75,0.16910196998101248,xdcscan(etherscanV2/50) balancehistory of XDCValidator 0x...0088 at month-end blocks (native XDC held = masternode stake); event replay co-moves at constant genesis offset,balance includes resigned-but-unwithdrawn stake (still locked in withdraw delay) and 32.6M genesis stake that predates the event stream
2634,XDC,2022-08-31,2080801888.0,12305012698.75,0.16910196998101248,xdcscan(etherscanV2/50) balancehistory of XDCValidator 0x...0088 at month-end blocks (native XDC held = masternode stake); event replay co-moves at constant genesis offset,balance includes resigned-but-unwithdrawn stake (still locked in withdraw delay) and 32.6M genesis stake that predates the event stream
2634,XDC,2022-09-30,2080801888.0,12305012698.75,0.16910196998101248,xdcscan(etherscanV2/50) balancehistory of XDCValidator 0x...0088 at month-end blocks (native XDC held = masternode stake); event replay co-moves at constant genesis offset,balance includes resigned-but-unwithdrawn stake (still locked in withdraw delay) and 32.6M genesis stake that predates the event stream
2634,XDC,2022-10-31,2120801888.0,12305012698.75,0.17235267771933635,xdcscan(etherscanV2/50) balancehistory of XDCValidator 0x...0088 at month-end blocks (native XDC held = masternode stake); event replay co-moves at constant genesis offset,balance includes resigned-but-unwithdrawn stake (still locked in withdraw delay) and 32.6M genesis stake that predates the event stream
2634,XDC,2022-11-30,2180801888.0,12305012698.75,0.17722873932682215,xdcscan(etherscanV2/50) balancehistory of XDCValidator 0x...0088 at month-end blocks (native XDC held = masternode stake); event replay co-moves at constant genesis offset,balance includes resigned-but-unwithdrawn stake (still locked in withdraw delay) and 32.6M genesis stake that predates the event stream
2634,XDC,2022-12-31,2320801888.0,12305012698.75,0.18860621641095565,xdcscan(etherscanV2/50) balancehistory of XDCValidator 0x...0088 at month-end blocks (native XDC held = masternode stake); event replay co-moves at constant genesis offset,balance includes resigned-but-unwithdrawn stake (still locked in withdraw delay) and 32.6M genesis stake that predates the event stream
2634,XDC,2023-01-31,2360801888.0,12305012698.75,0.19185692414927952,xdcscan(etherscanV2/50) balancehistory of XDCValidator 0x...0088 at month-end blocks (native XDC held = masternode stake); event replay co-moves at constant genesis offset,balance includes resigned-but-unwithdrawn stake (still locked in withdraw delay) and 32.6M genesis stake that predates the event stream
2634,XDC,2023-02-28,2560801888.0,13818447722.4,0.18531762318345535,xdcscan(etherscanV2/50) balancehistory of XDCValidator 0x...0088 at month-end blocks (native XDC held = masternode stake); event replay co-moves at constant genesis offset,balance includes resigned-but-unwithdrawn stake (still locked in withdraw delay) and 32.6M genesis stake that predates the event stream
2634,XDC,2023-03-31,2650801888.0,13834299776.7,0.19161084628688851,xdcscan(etherscanV2/50) balancehistory of XDCValidator 0x...0088 at month-end blocks (native XDC held = masternode stake); event replay co-moves at constant genesis offset,balance includes resigned-but-unwithdrawn stake (still locked in withdraw delay) and 32.6M genesis stake that predates the event stream
2634,XDC,2023-04-30,2670801888.0,13832515779.15,0.19308142717073548,xdcscan(etherscanV2/50) balancehistory of XDCValidator 0x...0088 at month-end blocks (native XDC held = masternode stake); event replay co-moves at constant genesis offset,balance includes resigned-but-unwithdrawn stake (still locked in withdraw delay) and 32.6M genesis stake that predates the event stream
2634,XDC,2023-05-31,2750801888.0,13839660549.45,0.1987622368461428,xdcscan(etherscanV2/50) balancehistory of XDCValidator 0x...0088 at month-end blocks (native XDC held = masternode stake); event replay co-moves at constant genesis offset,balance includes resigned-but-unwithdrawn stake (still locked in withdraw delay) and 32.6M genesis stake that predates the event stream
2634,XDC,2023-06-30,2730801888.0,13846617335.7,0.19721797907704997,xdcscan(etherscanV2/50) balancehistory of XDCValidator 0x...0088 at month-end blocks (native XDC held = masternode stake); event replay co-moves at constant genesis offset,balance includes resigned-but-unwithdrawn stake (still locked in withdraw delay) and 32.6M genesis stake that predates the event stream
2634,XDC,2023-07-31,3050826898.0000005,13853376458.7,0.22022262277324192,xdcscan(etherscanV2/50) balancehistory of XDCValidator 0x...0088 at month-end blocks (native XDC held = masternode stake); event replay co-moves at constant genesis offset,balance includes resigned-but-unwithdrawn stake (still locked in withdraw delay) and 32.6M genesis stake that predates the event stream
2634,XDC,2023-08-31,3200826898.0,13860082346.1,0.23093851956086395,xdcscan(etherscanV2/50) balancehistory of XDCValidator 0x...0088 at month-end blocks (native XDC held = masternode stake); event replay co-moves at constant genesis offset,balance includes resigned-but-unwithdrawn stake (still locked in withdraw delay) and 32.6M genesis stake that predates the event stream
2634,XDC,2023-09-30,3350801898.0,13866901586.7,0.2416402739321245,xdcscan(etherscanV2/50) balancehistory of XDCValidator 0x...0088 at month-end blocks (native XDC held = masternode stake); event replay co-moves at constant genesis offset,balance includes resigned-but-unwithdrawn stake (still locked in withdraw delay) and 32.6M genesis stake that predates the event stream
2634,XDC,2023-10-31,3360801898.0,13874023341.15,0.2422370076336795,xdcscan(etherscanV2/50) balancehistory of XDCValidator 0x...0088 at month-end blocks (native XDC held = masternode stake); event replay co-moves at constant genesis offset,balance includes resigned-but-unwithdrawn stake (still locked in withdraw delay) and 32.6M genesis stake that predates the event stream
2634,XDC,2023-11-30,3350801898.0,13880952444.0,0.2413956759464567,xdcscan(etherscanV2/50) balancehistory of XDCValidator 0x...0088 at month-end blocks (native XDC held = masternode stake); event replay co-moves at constant genesis offset,balance includes resigned-but-unwithdrawn stake (still locked in withdraw delay) and 32.6M genesis stake that predates the event stream
2634,XDC,2023-12-31,3360801898.0,13888084127.4,0.24199175834263748,xdcscan(etherscanV2/50) balancehistory of XDCValidator 0x...0088 at month-end blocks (native XDC held = masternode stake); event replay co-moves at constant genesis offset,balance includes resigned-but-unwithdrawn stake (still locked in withdraw delay) and 32.6M genesis stake that predates the event stream
2634,XDC,2024-01-31,3340826898.0,13895250570.45,0.24042941011115618,xdcscan(etherscanV2/50) balancehistory of XDCValidator 0x...0088 at month-end blocks (native XDC held = masternode stake); event replay co-moves at constant genesis offset,balance includes resigned-but-unwithdrawn stake (still locked in withdraw delay) and 32.6M genesis stake that predates the event stream
2634,XDC,2024-02-29,3330826898.0,13900733454.3,0.23961519073438925,xdcscan(etherscanV2/50) balancehistory of XDCValidator 0x...0088 at month-end blocks (native XDC held = masternode stake); event replay co-moves at constant genesis offset,balance includes resigned-but-unwithdrawn stake (still locked in withdraw delay) and 32.6M genesis stake that predates the event stream
2634,XDC,2024-03-31,3300826898.0,13906404505.35,0.23736019592484334,xdcscan(etherscanV2/50) balancehistory of XDCValidator 0x...0088 at month-end blocks (native XDC held = masternode stake); event replay co-moves at constant genesis offset,balance includes resigned-but-unwithdrawn stake (still locked in withdraw delay) and 32.6M genesis stake that predates the event stream
2634,XDC,2024-04-30,3210826898.0000005,13912045480.95,0.23079473844422374,xdcscan(etherscanV2/50) balancehistory of XDCValidator 0x...0088 at month-end blocks (native XDC held = masternode stake); event replay co-moves at constant genesis offset,balance includes resigned-but-unwithdrawn stake (still locked in withdraw delay) and 32.6M genesis stake that predates the event stream
2634,XDC,2024-05-31,3180826898.0,14900409591.05,0.21347244708699675,xdcscan(etherscanV2/50) balancehistory of XDCValidator 0x...0088 at month-end blocks (native XDC held = masternode stake); event replay co-moves at constant genesis offset,balance includes resigned-but-unwithdrawn stake (still locked in withdraw delay) and 32.6M genesis stake that predates the event stream
2634,XDC,2024-06-30,3150826898.0,14907024902.45,0.21136524012126356,xdcscan(etherscanV2/50) balancehistory of XDCValidator 0x...0088 at month-end blocks (native XDC held = masternode stake); event replay co-moves at constant genesis offset,balance includes resigned-but-unwithdrawn stake (still locked in withdraw delay) and 32.6M genesis stake that predates the event stream
2634,XDC,2024-07-31,3110826898.0,14914096457.15,0.20858299441322384,xdcscan(etherscanV2/50) balancehistory of XDCValidator 0x...0088 at month-end blocks (native XDC held = masternode stake); event replay co-moves at constant genesis offset,balance includes resigned-but-unwithdrawn stake (still locked in withdraw delay) and 32.6M genesis stake that predates the event stream
2634,XDC,2024-08-31,3060826898.0,14921098364.9,0.20513415454724224,xdcscan(etherscanV2/50) balancehistory of XDCValidator 0x...0088 at month-end blocks (native XDC held = masternode stake); event replay co-moves at constant genesis offset,balance includes resigned-but-unwithdrawn stake (still locked in withdraw delay) and 32.6M genesis stake that predates the event stream
2634,XDC,2024-09-30,,14927836908.5,,xdcscan(etherscanV2/50) balancehistory of XDCValidator 0x...0088 at month-end blocks (native XDC held = masternode stake); event replay co-moves at constant genesis offset,balance includes resigned-but-unwithdrawn stake (still locked in withdraw delay) and 32.6M genesis stake that predates the event stream
2634,XDC,2024-10-31,2990826898.0,14932681181.6,0.20028733364275444,xdcscan(etherscanV2/50) balancehistory of XDCValidator 0x...0088 at month-end blocks (native XDC held = masternode stake); event replay co-moves at constant genesis offset,balance includes resigned-but-unwithdrawn stake (still locked in withdraw delay) and 32.6M genesis stake that predates the event stream
2634,XDC,2024-11-30,2960826998.0,14932919359.85,0.19827516151736194,xdcscan(etherscanV2/50) balancehistory of XDCValidator 0x...0088 at month-end blocks (native XDC held = masternode stake); event replay co-moves at constant genesis offset,balance includes resigned-but-unwithdrawn stake (still locked in withdraw delay) and 32.6M genesis stake that predates the event stream
2634,XDC,2024-12-31,2890826998.0,14932919359.85,0.19358753156951608,xdcscan(etherscanV2/50) balancehistory of XDCValidator 0x...0088 at month-end blocks (native XDC held = masternode stake); event replay co-moves at constant genesis offset,balance includes resigned-but-unwithdrawn stake (still locked in withdraw delay) and 32.6M genesis stake that predates the event stream
2634,XDC,2025-01-31,2750826998.0,14932919359.85,0.1842122716738244,xdcscan(etherscanV2/50) balancehistory of XDCValidator 0x...0088 at month-end blocks (native XDC held = masternode stake); event replay co-moves at constant genesis offset,balance includes resigned-but-unwithdrawn stake (still locked in withdraw delay) and 32.6M genesis stake that predates the event stream
2634,XDC,2025-02-28,2610827298.0,15691801812.45,0.16638161309994043,xdcscan(etherscanV2/50) balancehistory of XDCValidator 0x...0088 at month-end blocks (native XDC held = masternode stake); event replay co-moves at constant genesis offset,balance includes resigned-but-unwithdrawn stake (still locked in withdraw delay) and 32.6M genesis stake that predates the event stream
2634,XDC,2025-03-31,2590802298.0,15698666091.3,0.16503327626261124,xdcscan(etherscanV2/50) balancehistory of XDCValidator 0x...0088 at month-end blocks (native XDC held = masternode stake); event replay co-moves at constant genesis offset,balance includes resigned-but-unwithdrawn stake (still locked in withdraw delay) and 32.6M genesis stake that predates the event stream
2634,XDC,2025-04-30,2600802298.0,15705359979.6,0.16559966160458806,xdcscan(etherscanV2/50) balancehistory of XDCValidator 0x...0088 at month-end blocks (native XDC held = masternode stake); event replay co-moves at constant genesis offset,balance includes resigned-but-unwithdrawn stake (still locked in withdraw delay) and 32.6M genesis stake that predates the event stream
2634,XDC,2025-05-31,2650802298.0,16215698470.6,0.16347136096579853,xdcscan(etherscanV2/50) balancehistory of XDCValidator 0x...0088 at month-end blocks (native XDC held = masternode stake); event replay co-moves at constant genesis offset,balance includes resigned-but-unwithdrawn stake (still locked in withdraw delay) and 32.6M genesis stake that predates the event stream
2634,XDC,2025-06-30,2660802298.0,16222289750.5,0.16402137669363162,xdcscan(etherscanV2/50) balancehistory of XDCValidator 0x...0088 at month-end blocks (native XDC held = masternode stake); event replay co-moves at constant genesis offset,balance includes resigned-but-unwithdrawn stake (still locked in withdraw delay) and 32.6M genesis stake that predates the event stream
2634,XDC,2025-07-31,2660802298.0,16229254190.2,0.16395099040390407,xdcscan(etherscanV2/50) balancehistory of XDCValidator 0x...0088 at month-end blocks (native XDC held = masternode stake); event replay co-moves at constant genesis offset,balance includes resigned-but-unwithdrawn stake (still locked in withdraw delay) and 32.6M genesis stake that predates the event stream
2634,XDC,2025-08-31,2700802298.0000005,17740871748.949997,0.15223616608128904,xdcscan(etherscanV2/50) balancehistory of XDCValidator 0x...0088 at month-end blocks (native XDC held = masternode stake); event replay co-moves at constant genesis offset,balance includes resigned-but-unwithdrawn stake (still locked in withdraw delay) and 32.6M genesis stake that predates the event stream
2634,XDC,2025-09-30,2650802298.0,17747591550.199997,0.1493612409606152,xdcscan(etherscanV2/50) balancehistory of XDCValidator 0x...0088 at month-end blocks (native XDC held = masternode stake); event replay co-moves at constant genesis offset,balance includes resigned-but-unwithdrawn stake (still locked in withdraw delay) and 32.6M genesis stake that predates the event stream
2634,XDC,2025-10-31,2680802698.0,17754285338.6,0.15099468364246718,xdcscan(etherscanV2/50) balancehistory of XDCValidator 0x...0088 at month-end blocks (native XDC held = masternode stake); event replay co-moves at constant genesis offset,balance includes resigned-but-unwithdrawn stake (still locked in withdraw delay) and 32.6M genesis stake that predates the event stream
2634,XDC,2025-11-30,2640827698.0,18520861350.75,0.14258665663479306,xdcscan(etherscanV2/50) balancehistory of XDCValidator 0x...0088 at month-end blocks (native XDC held = masternode stake); event replay co-moves at constant genesis offset,balance includes resigned-but-unwithdrawn stake (still locked in withdraw delay) and 32.6M genesis stake that predates the event stream
2634,XDC,2025-12-31,2620827698.0,18527314480.050003,0.14145750593385117,xdcscan(etherscanV2/50) balancehistory of XDCValidator 0x...0088 at month-end blocks (native XDC held = masternode stake); event replay co-moves at constant genesis offset,balance includes resigned-but-unwithdrawn stake (still locked in withdraw delay) and 32.6M genesis stake that predates the event stream
2634,XDC,2026-01-31,2550827698.0,19087346487.77,0.133639723029831,xdcscan(etherscanV2/50) balancehistory of XDCValidator 0x...0088 at month-end blocks (native XDC held = masternode stake); event replay co-moves at constant genesis offset,balance includes resigned-but-unwithdrawn stake (still locked in withdraw delay) and 32.6M genesis stake that predates the event stream
2634,XDC,2026-02-28,2560878498.0,19934885733.27,0.12846216087038131,xdcscan(etherscanV2/50) balancehistory of XDCValidator 0x...0088 at month-end blocks (native XDC held = masternode stake); event replay co-moves at constant genesis offset,balance includes resigned-but-unwithdrawn stake (still locked in withdraw delay) and 32.6M genesis stake that predates the event stream
2634,XDC,2026-03-31,2570878498.0,19941359347.62,0.1289219281987832,xdcscan(etherscanV2/50) balancehistory of XDCValidator 0x...0088 at month-end blocks (native XDC held = masternode stake); event replay co-moves at constant genesis offset,balance includes resigned-but-unwithdrawn stake (still locked in withdraw delay) and 32.6M genesis stake that predates the event stream
2634,XDC,2026-04-30,2560878498.0,19946685061.02,0.1283861699408135,xdcscan(etherscanV2/50) balancehistory of XDCValidator 0x...0088 at month-end blocks (native XDC held = masternode stake); event replay co-moves at constant genesis offset,balance includes resigned-but-unwithdrawn stake (still locked in withdraw delay) and 32.6M genesis stake that predates the event stream
2634,XDC,2026-05-31,2610878598.0,20553994677.42,0.12702536119989527,xdcscan(etherscanV2/50) balancehistory of XDCValidator 0x...0088 at month-end blocks (native XDC held = masternode stake); event replay co-moves at constant genesis offset,balance includes resigned-but-unwithdrawn stake (still locked in withdraw delay) and 32.6M genesis stake that predates the event stream
5567,CELO,2020-07-31,323425672.0342512,124447717.0,2.598887949340615,forno.celo.org archive eth_call LockedGold.getTotalLockedGold() at month-end blocks (chain's own aggregate incl. pre-L2-migration state; closes the Entry-46 gap),"state read of the chain's own getter (excludes pending withdrawals); Etherscan balancehistory on 42220 only covers post-migration blocks, Forno serves the full archive"
5567,CELO,2020-08-31,336836427.05297047,124447717.0,2.7066501111705445,forno.celo.org archive eth_call LockedGold.getTotalLockedGold() at month-end blocks (chain's own aggregate incl. pre-L2-migration state; closes the Entry-46 gap),"state read of the chain's own getter (excludes pending withdrawals); Etherscan balancehistory on 42220 only covers post-migration blocks, Forno serves the full archive"
5567,CELO,2020-09-30,338175862.0231474,124447717.0,2.7174131448562244,forno.celo.org archive eth_call LockedGold.getTotalLockedGold() at month-end blocks (chain's own aggregate incl. pre-L2-migration state; closes the Entry-46 gap),"state read of the chain's own getter (excludes pending withdrawals); Etherscan balancehistory on 42220 only covers post-migration blocks, Forno serves the full archive"
5567,CELO,2020-10-31,339134180.3341302,124447717.0,2.7251137144936957,forno.celo.org archive eth_call LockedGold.getTotalLockedGold() at month-end blocks (chain's own aggregate incl. pre-L2-migration state; closes the Entry-46 gap),"state read of the chain's own getter (excludes pending withdrawals); Etherscan balancehistory on 42220 only covers post-migration blocks, Forno serves the full archive"
5567,CELO,2020-12-31,337005684.68416864,124447717.0,2.7080101813693265,forno.celo.org archive eth_call LockedGold.getTotalLockedGold() at month-end blocks (chain's own aggregate incl. pre-L2-migration state; closes the Entry-46 gap),"state read of the chain's own getter (excludes pending withdrawals); Etherscan balancehistory on 42220 only covers post-migration blocks, Forno serves the full archive"
5567,CELO,2021-01-31,330087876.3358938,184447717.0,1.7896013119853027,forno.celo.org archive eth_call LockedGold.getTotalLockedGold() at month-end blocks (chain's own aggregate incl. pre-L2-migration state; closes the Entry-46 gap),"state read of the chain's own getter (excludes pending withdrawals); Etherscan balancehistory on 42220 only covers post-migration blocks, Forno serves the full archive"
5567,CELO,2021-02-28,328600728.79221356,184447717.0,1.7815386069116461,forno.celo.org archive eth_call LockedGold.getTotalLockedGold() at month-end blocks (chain's own aggregate incl. pre-L2-migration state; closes the Entry-46 gap),"state read of the chain's own getter (excludes pending withdrawals); Etherscan balancehistory on 42220 only covers post-migration blocks, Forno serves the full archive"
5567,CELO,2021-03-31,322675340.36595,184447717.0,1.749413576997269,forno.celo.org archive eth_call LockedGold.getTotalLockedGold() at month-end blocks (chain's own aggregate incl. pre-L2-migration state; closes the Entry-46 gap),"state read of the chain's own getter (excludes pending withdrawals); Etherscan balancehistory on 42220 only covers post-migration blocks, Forno serves the full archive"
5567,CELO,2021-04-30,322804048.5415189,204757368.0,1.5765198180390703,forno.celo.org archive eth_call LockedGold.getTotalLockedGold() at month-end blocks (chain's own aggregate incl. pre-L2-migration state; closes the Entry-46 gap),"state read of the chain's own getter (excludes pending withdrawals); Etherscan balancehistory on 42220 only covers post-migration blocks, Forno serves the full archive"
5567,CELO,2021-05-31,350164248.1095401,225479897.0,1.552973248473411,forno.celo.org archive eth_call LockedGold.getTotalLockedGold() at month-end blocks (chain's own aggregate incl. pre-L2-migration state; closes the Entry-46 gap),"state read of the chain's own getter (excludes pending withdrawals); Etherscan balancehistory on 42220 only covers post-migration blocks, Forno serves the full archive"
5567,CELO,2021-06-30,343882491.7010471,245729966.0,1.3994324636053834,forno.celo.org archive eth_call LockedGold.getTotalLockedGold() at month-end blocks (chain's own aggregate incl. pre-L2-migration state; closes the Entry-46 gap),"state read of the chain's own getter (excludes pending withdrawals); Etherscan balancehistory on 42220 only covers post-migration blocks, Forno serves the full archive"
5567,CELO,2021-07-31,334214627.48750776,265980036.0,1.256540274652447,forno.celo.org archive eth_call LockedGold.getTotalLockedGold() at month-end blocks (chain's own aggregate incl. pre-L2-migration state; closes the Entry-46 gap),"state read of the chain's own getter (excludes pending withdrawals); Etherscan balancehistory on 42220 only covers post-migration blocks, Forno serves the full archive"
5567,CELO,2021-08-31,332999862.3703339,286702568.0,1.1614819661131668,forno.celo.org archive eth_call LockedGold.getTotalLockedGold() at month-end blocks (chain's own aggregate incl. pre-L2-migration state; closes the Entry-46 gap),"state read of the chain's own getter (excludes pending withdrawals); Etherscan balancehistory on 42220 only covers post-migration blocks, Forno serves the full archive"
5567,CELO,2021-09-30,311395912.49681735,306819314.0,1.0149162659845377,forno.celo.org archive eth_call LockedGold.getTotalLockedGold() at month-end blocks (chain's own aggregate incl. pre-L2-migration state; closes the Entry-46 gap),"state read of the chain's own getter (excludes pending withdrawals); Etherscan balancehistory on 42220 only covers post-migration blocks, Forno serves the full archive"
5567,CELO,2021-10-31,314231871.83464605,326913145.0,0.961209044789698,forno.celo.org archive eth_call LockedGold.getTotalLockedGold() at month-end blocks (chain's own aggregate incl. pre-L2-migration state; closes the Entry-46 gap),"state read of the chain's own getter (excludes pending withdrawals); Etherscan balancehistory on 42220 only covers post-migration blocks, Forno serves the full archive"
5567,CELO,2021-11-30,303285301.0818199,347297758.0,0.8732716929368138,forno.celo.org archive eth_call LockedGold.getTotalLockedGold() at month-end blocks (chain's own aggregate incl. pre-L2-migration state; closes the Entry-46 gap),"state read of the chain's own getter (excludes pending withdrawals); Etherscan balancehistory on 42220 only covers post-migration blocks, Forno serves the full archive"
5567,CELO,2021-12-31,304955947.7277852,367204495.0,0.8304798875835799,forno.celo.org archive eth_call LockedGold.getTotalLockedGold() at month-end blocks (chain's own aggregate incl. pre-L2-migration state; closes the Entry-46 gap),"state read of the chain's own getter (excludes pending withdrawals); Etherscan balancehistory on 42220 only covers post-migration blocks, Forno serves the full archive"
5567,CELO,2022-01-31,305747773.05771965,387111233.0,0.7898189124822417,forno.celo.org archive eth_call LockedGold.getTotalLockedGold() at month-end blocks (chain's own aggregate incl. pre-L2-migration state; closes the Entry-46 gap),"state read of the chain's own getter (excludes pending withdrawals); Etherscan balancehistory on 42220 only covers post-migration blocks, Forno serves the full archive"
5567,CELO,2022-02-28,313974157.4835273,407486151.0,0.7705149161830712,forno.celo.org archive eth_call LockedGold.getTotalLockedGold() at month-end blocks (chain's own aggregate incl. pre-L2-migration state; closes the Entry-46 gap),"state read of the chain's own getter (excludes pending withdrawals); Etherscan balancehistory on 42220 only covers post-migration blocks, Forno serves the full archive"
5567,CELO,2022-03-31,313665989.7688172,427388610.0,0.7339128428546965,forno.celo.org archive eth_call LockedGold.getTotalLockedGold() at month-end blocks (chain's own aggregate incl. pre-L2-migration state; closes the Entry-46 gap),"state read of the chain's own getter (excludes pending withdrawals); Etherscan balancehistory on 42220 only covers post-migration blocks, Forno serves the full archive"
5567,CELO,2022-04-30,310530985.77015454,433213075.0,0.7168088954151592,forno.celo.org archive eth_call LockedGold.getTotalLockedGold() at month-end blocks (chain's own aggregate incl. pre-L2-migration state; closes the Entry-46 gap),"state read of the chain's own getter (excludes pending withdrawals); Etherscan balancehistory on 42220 only covers post-migration blocks, Forno serves the full archive"
5567,CELO,2022-05-31,312890645.8379758,439191694.0,0.7124238689222019,forno.celo.org archive eth_call LockedGold.getTotalLockedGold() at month-end blocks (chain's own aggregate incl. pre-L2-migration state; closes the Entry-46 gap),"state read of the chain's own getter (excludes pending withdrawals); Etherscan balancehistory on 42220 only covers post-migration blocks, Forno serves the full archive"
5567,CELO,2022-06-30,311907826.54083407,445012828.0,0.700896259423861,forno.celo.org archive eth_call LockedGold.getTotalLockedGold() at month-end blocks (chain's own aggregate incl. pre-L2-migration state; closes the Entry-46 gap),"state read of the chain's own getter (excludes pending withdrawals); Etherscan balancehistory on 42220 only covers post-migration blocks, Forno serves the full archive"
5567,CELO,2022-07-31,311608319.68497145,450833963.0,0.6911819988259656,forno.celo.org archive eth_call LockedGold.getTotalLockedGold() at month-end blocks (chain's own aggregate incl. pre-L2-migration state; closes the Entry-46 gap),"state read of the chain's own getter (excludes pending withdrawals); Etherscan balancehistory on 42220 only covers post-migration blocks, Forno serves the full archive"
5567,CELO,2022-08-31,312333788.9361994,456611349.0,0.6840254619606475,forno.celo.org archive eth_call LockedGold.getTotalLockedGold() at month-end blocks (chain's own aggregate incl. pre-L2-migration state; closes the Entry-46 gap),"state read of the chain's own getter (excludes pending withdrawals); Etherscan balancehistory on 42220 only covers post-migration blocks, Forno serves the full archive"
5567,CELO,2022-09-30,313648384.61435694,462324704.0,0.6784158014933958,forno.celo.org archive eth_call LockedGold.getTotalLockedGold() at month-end blocks (chain's own aggregate incl. pre-L2-migration state; closes the Entry-46 gap),"state read of the chain's own getter (excludes pending withdrawals); Etherscan balancehistory on 42220 only covers post-migration blocks, Forno serves the full archive"
5567,CELO,2022-10-31,312597316.1503678,467917103.0,0.6680613171567866,forno.celo.org archive eth_call LockedGold.getTotalLockedGold() at month-end blocks (chain's own aggregate incl. pre-L2-migration state; closes the Entry-46 gap),"state read of the chain's own getter (excludes pending withdrawals); Etherscan balancehistory on 42220 only covers post-migration blocks, Forno serves the full archive"
5567,CELO,2022-11-30,313149827.82601887,473376178.0,0.6615242641678071,forno.celo.org archive eth_call LockedGold.getTotalLockedGold() at month-end blocks (chain's own aggregate incl. pre-L2-migration state; closes the Entry-46 gap),"state read of the chain's own getter (excludes pending withdrawals); Etherscan balancehistory on 42220 only covers post-migration blocks, Forno serves the full archive"
5567,CELO,2022-12-31,303957756.25965476,478832129.0,0.6347898101458742,forno.celo.org archive eth_call LockedGold.getTotalLockedGold() at month-end blocks (chain's own aggregate incl. pre-L2-migration state; closes the Entry-46 gap),"state read of the chain's own getter (excludes pending withdrawals); Etherscan balancehistory on 42220 only covers post-migration blocks, Forno serves the full archive"
5567,CELO,2023-01-31,300069857.7129224,483246415.0,0.6209458537067934,forno.celo.org archive eth_call LockedGold.getTotalLockedGold() at month-end blocks (chain's own aggregate incl. pre-L2-migration state; closes the Entry-46 gap),"state read of the chain's own getter (excludes pending withdrawals); Etherscan balancehistory on 42220 only covers post-migration blocks, Forno serves the full archive"
5567,CELO,2023-02-28,301644692.80798185,487448202.0,0.618824095709726,forno.celo.org archive eth_call LockedGold.getTotalLockedGold() at month-end blocks (chain's own aggregate incl. pre-L2-migration state; closes the Entry-46 gap),"state read of the chain's own getter (excludes pending withdrawals); Etherscan balancehistory on 42220 only covers post-migration blocks, Forno serves the full archive"
5567,CELO,2023-03-31,279871858.07284,498369748.0,0.5615747328083004,forno.celo.org archive eth_call LockedGold.getTotalLockedGold() at month-end blocks (chain's own aggregate incl. pre-L2-migration state; closes the Entry-46 gap),"state read of the chain's own getter (excludes pending withdrawals); Etherscan balancehistory on 42220 only covers post-migration blocks, Forno serves the full archive"
5567,CELO,2023-04-30,287159043.02144855,494976084.0,0.5801473087363319,forno.celo.org archive eth_call LockedGold.getTotalLockedGold() at month-end blocks (chain's own aggregate incl. pre-L2-migration state; closes the Entry-46 gap),"state read of the chain's own getter (excludes pending withdrawals); Etherscan balancehistory on 42220 only covers post-migration blocks, Forno serves the full archive"
5567,CELO,2023-05-31,308750763.0539043,498369748.0,0.6195214783661072,forno.celo.org archive eth_call LockedGold.getTotalLockedGold() at month-end blocks (chain's own aggregate incl. pre-L2-migration state; closes the Entry-46 gap),"state read of the chain's own getter (excludes pending withdrawals); Etherscan balancehistory on 42220 only covers post-migration blocks, Forno serves the full archive"
5567,CELO,2023-06-30,307451993.85389346,501730705.0,0.612782894867663,forno.celo.org archive eth_call LockedGold.getTotalLockedGold() at month-end blocks (chain's own aggregate incl. pre-L2-migration state; closes the Entry-46 gap),"state read of the chain's own getter (excludes pending withdrawals); Etherscan balancehistory on 42220 only covers post-migration blocks, Forno serves the full archive"
5567,CELO,2023-07-31,287111804.0726819,505091663.0,0.5684350487342767,forno.celo.org archive eth_call LockedGold.getTotalLockedGold() at month-end blocks (chain's own aggregate incl. pre-L2-migration state; closes the Entry-46 gap),"state read of the chain's own getter (excludes pending withdrawals); Etherscan balancehistory on 42220 only covers post-migration blocks, Forno serves the full archive"
5567,CELO,2023-08-31,277918061.4588872,508448178.0,0.5466005651787137,forno.celo.org archive eth_call LockedGold.getTotalLockedGold() at month-end blocks (chain's own aggregate incl. pre-L2-migration state; closes the Entry-46 gap),"state read of the chain's own getter (excludes pending withdrawals); Etherscan balancehistory on 42220 only covers post-migration blocks, Forno serves the full archive"
5567,CELO,2023-09-30,278757187.2016626,511790944.0,0.5446700268335788,forno.celo.org archive eth_call LockedGold.getTotalLockedGold() at month-end blocks (chain's own aggregate incl. pre-L2-migration state; closes the Entry-46 gap),"state read of the chain's own getter (excludes pending withdrawals); Etherscan balancehistory on 42220 only covers post-migration blocks, Forno serves the full archive"
5567,CELO,2023-10-31,283752610.43562454,515094127.0,0.5508752586410766,forno.celo.org archive eth_call LockedGold.getTotalLockedGold() at month-end blocks (chain's own aggregate incl. pre-L2-migration state; closes the Entry-46 gap),"state read of the chain's own getter (excludes pending withdrawals); Etherscan balancehistory on 42220 only covers post-migration blocks, Forno serves the full archive"
5567,CELO,2023-11-30,277799860.24112433,518357311.0,0.5359234920506877,forno.celo.org archive eth_call LockedGold.getTotalLockedGold() at month-end blocks (chain's own aggregate incl. pre-L2-migration state; closes the Entry-46 gap),"state read of the chain's own getter (excludes pending withdrawals); Etherscan balancehistory on 42220 only covers post-migration blocks, Forno serves the full archive"
5567,CELO,2023-12-31,270111423.0703216,521561538.0,0.5178898430779642,forno.celo.org archive eth_call LockedGold.getTotalLockedGold() at month-end blocks (chain's own aggregate incl. pre-L2-migration state; closes the Entry-46 gap),"state read of the chain's own getter (excludes pending withdrawals); Etherscan balancehistory on 42220 only covers post-migration blocks, Forno serves the full archive"
5567,CELO,2024-01-31,267264617.2161969,527877912.0,0.5063000575333731,forno.celo.org archive eth_call LockedGold.getTotalLockedGold() at month-end blocks (chain's own aggregate incl. pre-L2-migration state; closes the Entry-46 gap),"state read of the chain's own getter (excludes pending withdrawals); Etherscan balancehistory on 42220 only covers post-migration blocks, Forno serves the full archive"
5567,CELO,2024-02-29,270580065.28094023,527877912.0,0.5125807675031878,forno.celo.org archive eth_call LockedGold.getTotalLockedGold() at month-end blocks (chain's own aggregate incl. pre-L2-migration state; closes the Entry-46 gap),"state read of the chain's own getter (excludes pending withdrawals); Etherscan balancehistory on 42220 only covers post-migration blocks, Forno serves the full archive"
5567,CELO,2024-03-31,208228293.1963917,530956100.0,0.3921761011812308,forno.celo.org archive eth_call LockedGold.getTotalLockedGold() at month-end blocks (chain's own aggregate incl. pre-L2-migration state; closes the Entry-46 gap),"state read of the chain's own getter (excludes pending withdrawals); Etherscan balancehistory on 42220 only covers post-migration blocks, Forno serves the full archive"
5567,CELO,2024-04-30,201323575.07136828,533817831.0,0.3771390976098142,forno.celo.org archive eth_call LockedGold.getTotalLockedGold() at month-end blocks (chain's own aggregate incl. pre-L2-migration state; closes the Entry-46 gap),"state read of the chain's own getter (excludes pending withdrawals); Etherscan balancehistory on 42220 only covers post-migration blocks, Forno serves the full archive"
5567,CELO,2024-05-31,204111485.73397422,536677480.0,0.38032429781472143,forno.celo.org archive eth_call LockedGold.getTotalLockedGold() at month-end blocks (chain's own aggregate incl. pre-L2-migration state; closes the Entry-46 gap),"state read of the chain's own getter (excludes pending withdrawals); Etherscan balancehistory on 42220 only covers post-migration blocks, Forno serves the full archive"
5567,CELO,2024-06-30,204535433.8452662,542396781.0,0.3770955894468448,forno.celo.org archive eth_call LockedGold.getTotalLockedGold() at month-end blocks (chain's own aggregate incl. pre-L2-migration state; closes the Entry-46 gap),"state read of the chain's own getter (excludes pending withdrawals); Etherscan balancehistory on 42220 only covers post-migration blocks, Forno serves the full archive"
5567,CELO,2024-07-31,197553735.66438872,545256433.0,0.36231344319488057,forno.celo.org archive eth_call LockedGold.getTotalLockedGold() at month-end blocks (chain's own aggregate incl. pre-L2-migration state; closes the Entry-46 gap),"state read of the chain's own getter (excludes pending withdrawals); Etherscan balancehistory on 42220 only covers post-migration blocks, Forno serves the full archive"
5567,CELO,2024-08-31,197285043.3052354,548116086.0,0.35993295643805534,forno.celo.org archive eth_call LockedGold.getTotalLockedGold() at month-end blocks (chain's own aggregate incl. pre-L2-migration state; closes the Entry-46 gap),"state read of the chain's own getter (excludes pending withdrawals); Etherscan balancehistory on 42220 only covers post-migration blocks, Forno serves the full archive"
5567,CELO,2024-09-30,195487084.29341,550974740.0,0.3548022624293266,forno.celo.org archive eth_call LockedGold.getTotalLockedGold() at month-end blocks (chain's own aggregate incl. pre-L2-migration state; closes the Entry-46 gap),"state read of the chain's own getter (excludes pending withdrawals); Etherscan balancehistory on 42220 only covers post-migration blocks, Forno serves the full archive"
5567,CELO,2024-10-31,187935591.94024286,553833395.0,0.33933596933107085,forno.celo.org archive eth_call LockedGold.getTotalLockedGold() at month-end blocks (chain's own aggregate incl. pre-L2-migration state; closes the Entry-46 gap),"state read of the chain's own getter (excludes pending withdrawals); Etherscan balancehistory on 42220 only covers post-migration blocks, Forno serves the full archive"
5567,CELO,2024-11-30,181606258.53163707,553833395.0,0.32790774296237063,forno.celo.org archive eth_call LockedGold.getTotalLockedGold() at month-end blocks (chain's own aggregate incl. pre-L2-migration state; closes the Entry-46 gap),"state read of the chain's own getter (excludes pending withdrawals); Etherscan balancehistory on 42220 only covers post-migration blocks, Forno serves the full archive"
5567,CELO,2024-12-31,170394926.67561755,559550708.0,0.30452097413058327,forno.celo.org archive eth_call LockedGold.getTotalLockedGold() at month-end blocks (chain's own aggregate incl. pre-L2-migration state; closes the Entry-46 gap),"state read of the chain's own getter (excludes pending withdrawals); Etherscan balancehistory on 42220 only covers post-migration blocks, Forno serves the full archive"
5567,CELO,2025-01-31,153573361.99656042,562409366.0,0.2730633081180949,forno.celo.org archive eth_call LockedGold.getTotalLockedGold() at month-end blocks (chain's own aggregate incl. pre-L2-migration state; closes the Entry-46 gap),"state read of the chain's own getter (excludes pending withdrawals); Etherscan balancehistory on 42220 only covers post-migration blocks, Forno serves the full archive"
5567,CELO,2025-02-28,148779805.90450847,562409366.0,0.26454005729433117,forno.celo.org archive eth_call LockedGold.getTotalLockedGold() at month-end blocks (chain's own aggregate incl. pre-L2-migration state; closes the Entry-46 gap),"state read of the chain's own getter (excludes pending withdrawals); Etherscan balancehistory on 42220 only covers post-migration blocks, Forno serves the full archive"
5567,CELO,2025-03-31,150970315.54506478,567958394.0,0.26581227980770855,forno.celo.org archive eth_call LockedGold.getTotalLockedGold() at month-end blocks (chain's own aggregate incl. pre-L2-migration state; closes the Entry-46 gap),"state read of the chain's own getter (excludes pending withdrawals); Etherscan balancehistory on 42220 only covers post-migration blocks, Forno serves the full archive"
5567,CELO,2025-04-30,154384943.27086285,570648764.0,0.2705428505420593,forno.celo.org archive eth_call LockedGold.getTotalLockedGold() at month-end blocks (chain's own aggregate incl. pre-L2-migration state; closes the Entry-46 gap),"state read of the chain's own getter (excludes pending withdrawals); Etherscan balancehistory on 42220 only covers post-migration blocks, Forno serves the full archive"
5567,CELO,2025-05-31,148920675.6932041,573339135.0,0.25974273619609817,forno.celo.org archive eth_call LockedGold.getTotalLockedGold() at month-end blocks (chain's own aggregate incl. pre-L2-migration state; closes the Entry-46 gap),"state read of the chain's own getter (excludes pending withdrawals); Etherscan balancehistory on 42220 only covers post-migration blocks, Forno serves the full archive"
5567,CELO,2025-06-30,146797806.54975337,573339135.0,0.25604009492523716,forno.celo.org archive eth_call LockedGold.getTotalLockedGold() at month-end blocks (chain's own aggregate incl. pre-L2-migration state; closes the Entry-46 gap),"state read of the chain's own getter (excludes pending withdrawals); Etherscan balancehistory on 42220 only covers post-migration blocks, Forno serves the full archive"
5567,CELO,2025-07-31,145473429.9701322,576029507.0,0.2525451009059718,forno.celo.org archive eth_call LockedGold.getTotalLockedGold() at month-end blocks (chain's own aggregate incl. pre-L2-migration state; closes the Entry-46 gap),"state read of the chain's own getter (excludes pending withdrawals); Etherscan balancehistory on 42220 only covers post-migration blocks, Forno serves the full archive"
5567,CELO,2025-08-31,131077149.58302431,578719880.0,0.2264949833467347,forno.celo.org archive eth_call LockedGold.getTotalLockedGold() at month-end blocks (chain's own aggregate incl. pre-L2-migration state; closes the Entry-46 gap),"state read of the chain's own getter (excludes pending withdrawals); Etherscan balancehistory on 42220 only covers post-migration blocks, Forno serves the full archive"
5567,CELO,2025-09-30,127125287.47209352,581410254.0,0.21864988895103582,forno.celo.org archive eth_call LockedGold.getTotalLockedGold() at month-end blocks (chain's own aggregate incl. pre-L2-migration state; closes the Entry-46 gap),"state read of the chain's own getter (excludes pending withdrawals); Etherscan balancehistory on 42220 only covers post-migration blocks, Forno serves the full archive"
5567,CELO,2025-10-31,124450866.25659087,586791005.0,0.21208720855663232,forno.celo.org archive eth_call LockedGold.getTotalLockedGold() at month-end blocks (chain's own aggregate incl. pre-L2-migration state; closes the Entry-46 gap),"state read of the chain's own getter (excludes pending withdrawals); Etherscan balancehistory on 42220 only covers post-migration blocks, Forno serves the full archive"
5567,CELO,2025-11-30,118344059.3166001,589481382.0,0.20075962181380666,forno.celo.org archive eth_call LockedGold.getTotalLockedGold() at month-end blocks (chain's own aggregate incl. pre-L2-migration state; closes the Entry-46 gap),"state read of the chain's own getter (excludes pending withdrawals); Etherscan balancehistory on 42220 only covers post-migration blocks, Forno serves the full archive"
5567,CELO,2025-12-31,101319021.70212245,592171760.0,0.17109735476430427,forno.celo.org archive eth_call LockedGold.getTotalLockedGold() at month-end blocks (chain's own aggregate incl. pre-L2-migration state; closes the Entry-46 gap),"state read of the chain's own getter (excludes pending withdrawals); Etherscan balancehistory on 42220 only covers post-migration blocks, Forno serves the full archive"
5567,CELO,2026-01-31,65159283.78931474,594862139.0,0.10953678090666776,forno.celo.org archive eth_call LockedGold.getTotalLockedGold() at month-end blocks (chain's own aggregate incl. pre-L2-migration state; closes the Entry-46 gap),"state read of the chain's own getter (excludes pending withdrawals); Etherscan balancehistory on 42220 only covers post-migration blocks, Forno serves the full archive"
5567,CELO,2026-02-28,82591084.72904724,597552519.0,0.13821560800590857,forno.celo.org archive eth_call LockedGold.getTotalLockedGold() at month-end blocks (chain's own aggregate incl. pre-L2-migration state; closes the Entry-46 gap),"state read of the chain's own getter (excludes pending withdrawals); Etherscan balancehistory on 42220 only covers post-migration blocks, Forno serves the full archive"
5567,CELO,2026-03-31,85106877.44907326,599105369.0,0.1420566094928007,forno.celo.org archive eth_call LockedGold.getTotalLockedGold() at month-end blocks (chain's own aggregate incl. pre-L2-migration state; closes the Entry-46 gap),"state read of the chain's own getter (excludes pending withdrawals); Etherscan balancehistory on 42220 only covers post-migration blocks, Forno serves the full archive"
5567,CELO,2026-04-30,81740972.68187328,600658220.0,0.1360856639602356,forno.celo.org archive eth_call LockedGold.getTotalLockedGold() at month-end blocks (chain's own aggregate incl. pre-L2-migration state; closes the Entry-46 gap),"state read of the chain's own getter (excludes pending withdrawals); Etherscan balancehistory on 42220 only covers post-migration blocks, Forno serves the full archive"
5567,CELO,2026-05-31,82907128.93050766,602211072.0,0.13767121327604495,forno.celo.org archive eth_call LockedGold.getTotalLockedGold() at month-end blocks (chain's own aggregate incl. pre-L2-migration state; closes the Entry-46 gap),"state read of the chain's own getter (excludes pending withdrawals); Etherscan balancehistory on 42220 only covers post-migration blocks, Forno serves the full archive"
5805,AVAX,2020-09-30,238611849.09605294,24500000.0,9.739259146777671,"metrics.avax.network (official, keyless) validatorWeight+delegatorWeight daily, month-end sample; live-verified vs P-Chain platform.getTotalStake","early months staking_ratio>1 vs CMC circulating (staked includes vesting-locked AVAX that CMC counts as non-circulating) -- kept un-capped and flagged, the SOL/AERO precedent"
5805,AVAX,2020-10-31,283385507.4285995,24500000.0,11.566755405248959,"metrics.avax.network (official, keyless) validatorWeight+delegatorWeight daily, month-end sample; live-verified vs P-Chain platform.getTotalStake","early months staking_ratio>1 vs CMC circulating (staked includes vesting-locked AVAX that CMC counts as non-circulating) -- kept un-capped and flagged, the SOL/AERO precedent"
5805,AVAX,2020-12-31,249015026.6857166,76937055.27646953,3.2366071952051367,"metrics.avax.network (official, keyless) validatorWeight+delegatorWeight daily, month-end sample; live-verified vs P-Chain platform.getTotalStake","early months staking_ratio>1 vs CMC circulating (staked includes vesting-locked AVAX that CMC counts as non-circulating) -- kept un-capped and flagged, the SOL/AERO precedent"
5805,AVAX,2021-01-31,254592854.75064307,76937055.27646953,3.3091057857072403,"metrics.avax.network (official, keyless) validatorWeight+delegatorWeight daily, month-end sample; live-verified vs P-Chain platform.getTotalStake","early months staking_ratio>1 vs CMC circulating (staked includes vesting-locked AVAX that CMC counts as non-circulating) -- kept un-capped and flagged, the SOL/AERO precedent"
5805,AVAX,2021-02-28,284923924.5508672,76937055.27646953,3.70333805377665,"metrics.avax.network (official, keyless) validatorWeight+delegatorWeight daily, month-end sample; live-verified vs P-Chain platform.getTotalStake","early months staking_ratio>1 vs CMC circulating (staked includes vesting-locked AVAX that CMC counts as non-circulating) -- kept un-capped and flagged, the SOL/AERO precedent"
5805,AVAX,2021-03-31,296675064.8228832,127969330.33156914,2.318329431389511,"metrics.avax.network (official, keyless) validatorWeight+delegatorWeight daily, month-end sample; live-verified vs P-Chain platform.getTotalStake","early months staking_ratio>1 vs CMC circulating (staked includes vesting-locked AVAX that CMC counts as non-circulating) -- kept un-capped and flagged, the SOL/AERO precedent"
5805,AVAX,2021-04-30,297973381.98245245,128754756.05533992,2.3142708752007644,"metrics.avax.network (official, keyless) validatorWeight+delegatorWeight daily, month-end sample; live-verified vs P-Chain platform.getTotalStake","early months staking_ratio>1 vs CMC circulating (staked includes vesting-locked AVAX that CMC counts as non-circulating) -- kept un-capped and flagged, the SOL/AERO precedent"
5805,AVAX,2021-05-31,227745994.46214128,130097947.85943449,1.7505733042631195,"metrics.avax.network (official, keyless) validatorWeight+delegatorWeight daily, month-end sample; live-verified vs P-Chain platform.getTotalStake","early months staking_ratio>1 vs CMC circulating (staked includes vesting-locked AVAX that CMC counts as non-circulating) -- kept un-capped and flagged, the SOL/AERO precedent"
5805,AVAX,2021-06-30,204989738.52504557,172418164.00045115,1.1889103431382624,"metrics.avax.network (official, keyless) validatorWeight+delegatorWeight daily, month-end sample; live-verified vs P-Chain platform.getTotalStake","early months staking_ratio>1 vs CMC circulating (staked includes vesting-locked AVAX that CMC counts as non-circulating) -- kept un-capped and flagged, the SOL/AERO precedent"
5805,AVAX,2021-07-31,214933751.7065913,173404610.9812026,1.2394927129699598,"metrics.avax.network (official, keyless) validatorWeight+delegatorWeight daily, month-end sample; live-verified vs P-Chain platform.getTotalStake","early months staking_ratio>1 vs CMC circulating (staked includes vesting-locked AVAX that CMC counts as non-circulating) -- kept un-capped and flagged, the SOL/AERO precedent"
5805,AVAX,2021-08-31,215618719.12498802,175111091.85236332,1.2313253080894315,"metrics.avax.network (official, keyless) validatorWeight+delegatorWeight daily, month-end sample; live-verified vs P-Chain platform.getTotalStake","early months staking_ratio>1 vs CMC circulating (staked includes vesting-locked AVAX that CMC counts as non-circulating) -- kept un-capped and flagged, the SOL/AERO precedent"
5805,AVAX,2021-09-30,246907469.92077643,220286577.20755112,1.120846640093479,"metrics.avax.network (official, keyless) validatorWeight+delegatorWeight daily, month-end sample; live-verified vs P-Chain platform.getTotalStake","early months staking_ratio>1 vs CMC circulating (staked includes vesting-locked AVAX that CMC counts as non-circulating) -- kept un-capped and flagged, the SOL/AERO precedent"
5805,AVAX,2021-10-31,225720167.42203015,220286577.20755112,1.0246660068142035,"metrics.avax.network (official, keyless) validatorWeight+delegatorWeight daily, month-end sample; live-verified vs P-Chain platform.getTotalStake","early months staking_ratio>1 vs CMC circulating (staked includes vesting-locked AVAX that CMC counts as non-circulating) -- kept un-capped and flagged, the SOL/AERO precedent"
5805,AVAX,2021-11-30,225512117.25250462,223845002.6340589,1.007447629381171,"metrics.avax.network (official, keyless) validatorWeight+delegatorWeight daily, month-end sample; live-verified vs P-Chain platform.getTotalStake","early months staking_ratio>1 vs CMC circulating (staked includes vesting-locked AVAX that CMC counts as non-circulating) -- kept un-capped and flagged, the SOL/AERO precedent"
5805,AVAX,2021-12-31,233802279.3758877,243380611.2791378,0.9606446386468126,"metrics.avax.network (official, keyless) validatorWeight+delegatorWeight daily, month-end sample; live-verified vs P-Chain platform.getTotalStake","early months staking_ratio>1 vs CMC circulating (staked includes vesting-locked AVAX that CMC counts as non-circulating) -- kept un-capped and flagged, the SOL/AERO precedent"
5805,AVAX,2022-01-31,239951302.12280846,244996088.06770447,0.979408708176998,"metrics.avax.network (official, keyless) validatorWeight+delegatorWeight daily, month-end sample; live-verified vs P-Chain platform.getTotalStake","early months staking_ratio>1 vs CMC circulating (staked includes vesting-locked AVAX that CMC counts as non-circulating) -- kept un-capped and flagged, the SOL/AERO precedent"
5805,AVAX,2022-02-28,217548122.18044075,246185700.20915657,0.8836748925531188,"metrics.avax.network (official, keyless) validatorWeight+delegatorWeight daily, month-end sample; live-verified vs P-Chain platform.getTotalStake","early months staking_ratio>1 vs CMC circulating (staked includes vesting-locked AVAX that CMC counts as non-circulating) -- kept un-capped and flagged, the SOL/AERO precedent"
5805,AVAX,2022-03-31,221410276.14049032,267333194.108034,0.8282184218807283,"metrics.avax.network (official, keyless) validatorWeight+delegatorWeight daily, month-end sample; live-verified vs P-Chain platform.getTotalStake","early months staking_ratio>1 vs CMC circulating (staked includes vesting-locked AVAX that CMC counts as non-circulating) -- kept un-capped and flagged, the SOL/AERO precedent"
5805,AVAX,2022-04-30,266235837.00129282,268613091.3896639,0.9911498937893445,"metrics.avax.network (official, keyless) validatorWeight+delegatorWeight daily, month-end sample; live-verified vs P-Chain platform.getTotalStake","early months staking_ratio>1 vs CMC circulating (staked includes vesting-locked AVAX that CMC counts as non-circulating) -- kept un-capped and flagged, the SOL/AERO precedent"
5805,AVAX,2022-05-31,264773621.65194017,271400029.7157999,0.9755843502640781,"metrics.avax.network (official, keyless) validatorWeight+delegatorWeight daily, month-end sample; live-verified vs P-Chain platform.getTotalStake","early months staking_ratio>1 vs CMC circulating (staked includes vesting-locked AVAX that CMC counts as non-circulating) -- kept un-capped and flagged, the SOL/AERO precedent"
5805,AVAX,2022-06-30,243007543.6287258,282366718.52304626,0.8606097237656284,"metrics.avax.network (official, keyless) validatorWeight+delegatorWeight daily, month-end sample; live-verified vs P-Chain platform.getTotalStake","early months staking_ratio>1 vs CMC circulating (staked includes vesting-locked AVAX that CMC counts as non-circulating) -- kept un-capped and flagged, the SOL/AERO precedent"
5805,AVAX,2022-07-31,243627239.04066682,284342940.7641313,0.8568077631396551,"metrics.avax.network (official, keyless) validatorWeight+delegatorWeight daily, month-end sample; live-verified vs P-Chain platform.getTotalStake","early months staking_ratio>1 vs CMC circulating (staked includes vesting-locked AVAX that CMC counts as non-circulating) -- kept un-capped and flagged, the SOL/AERO precedent"
5805,AVAX,2022-08-31,248307276.23685232,294433489.64963025,0.8433391070164363,"metrics.avax.network (official, keyless) validatorWeight+delegatorWeight daily, month-end sample; live-verified vs P-Chain platform.getTotalStake","early months staking_ratio>1 vs CMC circulating (staked includes vesting-locked AVAX that CMC counts as non-circulating) -- kept un-capped and flagged, the SOL/AERO precedent"
5805,AVAX,2022-09-30,262118722.0116309,295963244.2416503,0.885646198004284,"metrics.avax.network (official, keyless) validatorWeight+delegatorWeight daily, month-end sample; live-verified vs P-Chain platform.getTotalStake","early months staking_ratio>1 vs CMC circulating (staked includes vesting-locked AVAX that CMC counts as non-circulating) -- kept un-capped and flagged, the SOL/AERO precedent"
5805,AVAX,2022-10-31,260660708.80126396,298517107.1711575,0.8731851627243988,"metrics.avax.network (official, keyless) validatorWeight+delegatorWeight daily, month-end sample; live-verified vs P-Chain platform.getTotalStake","early months staking_ratio>1 vs CMC circulating (staked includes vesting-locked AVAX that CMC counts as non-circulating) -- kept un-capped and flagged, the SOL/AERO precedent"
5805,AVAX,2022-11-30,252800713.5593923,310083711.6655508,0.815266020267641,"metrics.avax.network (official, keyless) validatorWeight+delegatorWeight daily, month-end sample; live-verified vs P-Chain platform.getTotalStake","early months staking_ratio>1 vs CMC circulating (staked includes vesting-locked AVAX that CMC counts as non-circulating) -- kept un-capped and flagged, the SOL/AERO precedent"
5805,AVAX,2022-12-31,261806975.05838895,311582142.74122435,0.8402502555347828,"metrics.avax.network (official, keyless) validatorWeight+delegatorWeight daily, month-end sample; live-verified vs P-Chain platform.getTotalStake","early months staking_ratio>1 vs CMC circulating (staked includes vesting-locked AVAX that CMC counts as non-circulating) -- kept un-capped and flagged, the SOL/AERO precedent"
5805,AVAX,2023-01-31,261977641.15873596,314855298.87400734,0.8320572723267683,"metrics.avax.network (official, keyless) validatorWeight+delegatorWeight daily, month-end sample; live-verified vs P-Chain platform.getTotalStake","early months staking_ratio>1 vs CMC circulating (staked includes vesting-locked AVAX that CMC counts as non-circulating) -- kept un-capped and flagged, the SOL/AERO precedent"
5805,AVAX,2023-02-28,256193091.68789294,324761717.8222819,0.7888648126565475,"metrics.avax.network (official, keyless) validatorWeight+delegatorWeight daily, month-end sample; live-verified vs P-Chain platform.getTotalStake","early months staking_ratio>1 vs CMC circulating (staked includes vesting-locked AVAX that CMC counts as non-circulating) -- kept un-capped and flagged, the SOL/AERO precedent"
5805,AVAX,2023-03-31,258252609.22482502,330698678.08331573,0.7809302738118634,"metrics.avax.network (official, keyless) validatorWeight+delegatorWeight daily, month-end sample; live-verified vs P-Chain platform.getTotalStake","early months staking_ratio>1 vs CMC circulating (staked includes vesting-locked AVAX that CMC counts as non-circulating) -- kept un-capped and flagged, the SOL/AERO precedent"
5805,AVAX,2023-04-30,253834894.54549214,328210682.361288,0.7733901063770848,"metrics.avax.network (official, keyless) validatorWeight+delegatorWeight daily, month-end sample; live-verified vs P-Chain platform.getTotalStake","early months staking_ratio>1 vs CMC circulating (staked includes vesting-locked AVAX that CMC counts as non-circulating) -- kept un-capped and flagged, the SOL/AERO precedent"
5805,AVAX,2023-05-31,245825056.7727521,344006791.47461766,0.7145936151986992,"metrics.avax.network (official, keyless) validatorWeight+delegatorWeight daily, month-end sample; live-verified vs P-Chain platform.getTotalStake","early months staking_ratio>1 vs CMC circulating (staked includes vesting-locked AVAX that CMC counts as non-circulating) -- kept un-capped and flagged, the SOL/AERO precedent"
5805,AVAX,2023-06-30,266475153.58106756,345308582.98746467,0.771701506159032,"metrics.avax.network (official, keyless) validatorWeight+delegatorWeight daily, month-end sample; live-verified vs P-Chain platform.getTotalStake","early months staking_ratio>1 vs CMC circulating (staked includes vesting-locked AVAX that CMC counts as non-circulating) -- kept un-capped and flagged, the SOL/AERO precedent"
5805,AVAX,2023-07-31,263841516.2117776,346063749.3078463,0.762407263804662,"metrics.avax.network (official, keyless) validatorWeight+delegatorWeight daily, month-end sample; live-verified vs P-Chain platform.getTotalStake","early months staking_ratio>1 vs CMC circulating (staked includes vesting-locked AVAX that CMC counts as non-circulating) -- kept un-capped and flagged, the SOL/AERO precedent"
5805,AVAX,2023-08-31,263907706.5025839,353491291.53476936,0.7465748458944029,"metrics.avax.network (official, keyless) validatorWeight+delegatorWeight daily, month-end sample; live-verified vs P-Chain platform.getTotalStake","early months staking_ratio>1 vs CMC circulating (staked includes vesting-locked AVAX that CMC counts as non-circulating) -- kept un-capped and flagged, the SOL/AERO precedent"
5805,AVAX,2023-09-30,234915277.61299416,354178572.3751021,0.6632678991212404,"metrics.avax.network (official, keyless) validatorWeight+delegatorWeight daily, month-end sample; live-verified vs P-Chain platform.getTotalStake","early months staking_ratio>1 vs CMC circulating (staked includes vesting-locked AVAX that CMC counts as non-circulating) -- kept un-capped and flagged, the SOL/AERO precedent"
5805,AVAX,2023-10-31,226948997.49861515,355110181.04489386,0.6390945954600038,"metrics.avax.network (official, keyless) validatorWeight+delegatorWeight daily, month-end sample; live-verified vs P-Chain platform.getTotalStake","early months staking_ratio>1 vs CMC circulating (staked includes vesting-locked AVAX that CMC counts as non-circulating) -- kept un-capped and flagged, the SOL/AERO precedent"
5805,AVAX,2023-11-30,253263891.26481268,365131693.4331497,0.6936234126473647,"metrics.avax.network (official, keyless) validatorWeight+delegatorWeight daily, month-end sample; live-verified vs P-Chain platform.getTotalStake","early months staking_ratio>1 vs CMC circulating (staked includes vesting-locked AVAX that CMC counts as non-circulating) -- kept un-capped and flagged, the SOL/AERO precedent"
5805,AVAX,2023-12-31,261355168.48632511,365466308.7935767,0.7151279398341043,"metrics.avax.network (official, keyless) validatorWeight+delegatorWeight daily, month-end sample; live-verified vs P-Chain platform.getTotalStake","early months staking_ratio>1 vs CMC circulating (staked includes vesting-locked AVAX that CMC counts as non-circulating) -- kept un-capped and flagged, the SOL/AERO precedent"
5805,AVAX,2024-01-31,222667490.8180892,367090228.8767009,0.6065742787528111,"metrics.avax.network (official, keyless) validatorWeight+delegatorWeight daily, month-end sample; live-verified vs P-Chain platform.getTotalStake","early months staking_ratio>1 vs CMC circulating (staked includes vesting-locked AVAX that CMC counts as non-circulating) -- kept un-capped and flagged, the SOL/AERO precedent"
5805,AVAX,2024-02-29,261234007.62559223,377221574.8805676,0.6925213853642961,"metrics.avax.network (official, keyless) validatorWeight+delegatorWeight daily, month-end sample; live-verified vs P-Chain platform.getTotalStake","early months staking_ratio>1 vs CMC circulating (staked includes vesting-locked AVAX that CMC counts as non-circulating) -- kept un-capped and flagged, the SOL/AERO precedent"
5805,AVAX,2024-03-31,238833937.8095753,377416536.4228908,0.6328125949997185,"metrics.avax.network (official, keyless) validatorWeight+delegatorWeight daily, month-end sample; live-verified vs P-Chain platform.getTotalStake","early months staking_ratio>1 vs CMC circulating (staked includes vesting-locked AVAX that CMC counts as non-circulating) -- kept un-capped and flagged, the SOL/AERO precedent"
5805,AVAX,2024-04-30,216416002.08739185,379136389.0849902,0.5708130591465815,"metrics.avax.network (official, keyless) validatorWeight+delegatorWeight daily, month-end sample; live-verified vs P-Chain platform.getTotalStake","early months staking_ratio>1 vs CMC circulating (staked includes vesting-locked AVAX that CMC counts as non-circulating) -- kept un-capped and flagged, the SOL/AERO precedent"
5805,AVAX,2024-05-31,267379845.57293004,393076659.1445559,0.680223155846554,"metrics.avax.network (official, keyless) validatorWeight+delegatorWeight daily, month-end sample; live-verified vs P-Chain platform.getTotalStake","early months staking_ratio>1 vs CMC circulating (staked includes vesting-locked AVAX that CMC counts as non-circulating) -- kept un-capped and flagged, the SOL/AERO precedent"
5805,AVAX,2024-06-30,253683906.71161604,394115149.2753688,0.6436796636161954,"metrics.avax.network (official, keyless) validatorWeight+delegatorWeight daily, month-end sample; live-verified vs P-Chain platform.getTotalStake","early months staking_ratio>1 vs CMC circulating (staked includes vesting-locked AVAX that CMC counts as non-circulating) -- kept un-capped and flagged, the SOL/AERO precedent"
5805,AVAX,2024-07-31,248030307.56922996,394894454.7815479,0.6280926575847668,"metrics.avax.network (official, keyless) validatorWeight+delegatorWeight daily, month-end sample; live-verified vs P-Chain platform.getTotalStake","early months staking_ratio>1 vs CMC circulating (staked includes vesting-locked AVAX that CMC counts as non-circulating) -- kept un-capped and flagged, the SOL/AERO precedent"
5805,AVAX,2024-08-31,234047003.71011347,404929453.7496346,0.5779945161875611,"metrics.avax.network (official, keyless) validatorWeight+delegatorWeight daily, month-end sample; live-verified vs P-Chain platform.getTotalStake","early months staking_ratio>1 vs CMC circulating (staked includes vesting-locked AVAX that CMC counts as non-circulating) -- kept un-capped and flagged, the SOL/AERO precedent"
5805,AVAX,2024-09-30,247356477.71943176,406234930.3860614,0.6089000704207267,"metrics.avax.network (official, keyless) validatorWeight+delegatorWeight daily, month-end sample; live-verified vs P-Chain platform.getTotalStake","early months staking_ratio>1 vs CMC circulating (staked includes vesting-locked AVAX that CMC counts as non-circulating) -- kept un-capped and flagged, the SOL/AERO precedent"
5805,AVAX,2024-10-31,243250378.57435197,407108803.2366034,0.5975070463730056,"metrics.avax.network (official, keyless) validatorWeight+delegatorWeight daily, month-end sample; live-verified vs P-Chain platform.getTotalStake","early months staking_ratio>1 vs CMC circulating (staked includes vesting-locked AVAX that CMC counts as non-circulating) -- kept un-capped and flagged, the SOL/AERO precedent"
5805,AVAX,2024-11-30,234274608.95018938,409279561.552634,0.5724073004316422,"metrics.avax.network (official, keyless) validatorWeight+delegatorWeight daily, month-end sample; live-verified vs P-Chain platform.getTotalStake","early months staking_ratio>1 vs CMC circulating (staked includes vesting-locked AVAX that CMC counts as non-circulating) -- kept un-capped and flagged, the SOL/AERO precedent"
5805,AVAX,2024-12-31,203474378.51120895,409899539.4579947,0.496400602889822,"metrics.avax.network (official, keyless) validatorWeight+delegatorWeight daily, month-end sample; live-verified vs P-Chain platform.getTotalStake","early months staking_ratio>1 vs CMC circulating (staked includes vesting-locked AVAX that CMC counts as non-circulating) -- kept un-capped and flagged, the SOL/AERO precedent"
5805,AVAX,2025-01-31,230216583.7281059,411690818.7593149,0.5591977601586896,"metrics.avax.network (official, keyless) validatorWeight+delegatorWeight daily, month-end sample; live-verified vs P-Chain platform.getTotalStake","early months staking_ratio>1 vs CMC circulating (staked includes vesting-locked AVAX that CMC counts as non-circulating) -- kept un-capped and flagged, the SOL/AERO precedent"
5805,AVAX,2025-02-28,232573252.4173678,414075769.33487326,0.5616683458463373,"metrics.avax.network (official, keyless) validatorWeight+delegatorWeight daily, month-end sample; live-verified vs P-Chain platform.getTotalStake","early months staking_ratio>1 vs CMC circulating (staked includes vesting-locked AVAX that CMC counts as non-circulating) -- kept un-capped and flagged, the SOL/AERO precedent"
5805,AVAX,2025-03-31,211932231.6222842,414870355.8322325,0.5108396602527718,"metrics.avax.network (official, keyless) validatorWeight+delegatorWeight daily, month-end sample; live-verified vs P-Chain platform.getTotalStake","early months staking_ratio>1 vs CMC circulating (staked includes vesting-locked AVAX that CMC counts as non-circulating) -- kept un-capped and flagged, the SOL/AERO precedent"
5805,AVAX,2025-04-30,231142670.7149372,416962248.8953506,0.5543491558943254,"metrics.avax.network (official, keyless) validatorWeight+delegatorWeight daily, month-end sample; live-verified vs P-Chain platform.getTotalStake","early months staking_ratio>1 vs CMC circulating (staked includes vesting-locked AVAX that CMC counts as non-circulating) -- kept un-capped and flagged, the SOL/AERO precedent"
5805,AVAX,2025-05-31,238083631.0461989,421507962.9850513,0.5648378013077834,"metrics.avax.network (official, keyless) validatorWeight+delegatorWeight daily, month-end sample; live-verified vs P-Chain platform.getTotalStake","early months staking_ratio>1 vs CMC circulating (staked includes vesting-locked AVAX that CMC counts as non-circulating) -- kept un-capped and flagged, the SOL/AERO precedent"
5805,AVAX,2025-06-30,221595501.52460557,422105970.5185943,0.5249759941854317,"metrics.avax.network (official, keyless) validatorWeight+delegatorWeight daily, month-end sample; live-verified vs P-Chain platform.getTotalStake","early months staking_ratio>1 vs CMC circulating (staked includes vesting-locked AVAX that CMC counts as non-circulating) -- kept un-capped and flagged, the SOL/AERO precedent"
5805,AVAX,2025-07-31,226309774.84792447,422275285.4891608,0.5359294816076409,"metrics.avax.network (official, keyless) validatorWeight+delegatorWeight daily, month-end sample; live-verified vs P-Chain platform.getTotalStake","early months staking_ratio>1 vs CMC circulating (staked includes vesting-locked AVAX that CMC counts as non-circulating) -- kept un-capped and flagged, the SOL/AERO precedent"
5805,AVAX,2025-08-31,216822844.91889277,422275285.4891608,0.5134632605072463,"metrics.avax.network (official, keyless) validatorWeight+delegatorWeight daily, month-end sample; live-verified vs P-Chain platform.getTotalStake","early months staking_ratio>1 vs CMC circulating (staked includes vesting-locked AVAX that CMC counts as non-circulating) -- kept un-capped and flagged, the SOL/AERO precedent"
5805,AVAX,2025-09-30,185348096.16321772,422275285.4891608,0.43892717033750095,"metrics.avax.network (official, keyless) validatorWeight+delegatorWeight daily, month-end sample; live-verified vs P-Chain platform.getTotalStake","early months staking_ratio>1 vs CMC circulating (staked includes vesting-locked AVAX that CMC counts as non-circulating) -- kept un-capped and flagged, the SOL/AERO precedent"
5805,AVAX,2025-10-31,192305248.80244586,426729491.8498607,0.450649070371977,"metrics.avax.network (official, keyless) validatorWeight+delegatorWeight daily, month-end sample; live-verified vs P-Chain platform.getTotalStake","early months staking_ratio>1 vs CMC circulating (staked includes vesting-locked AVAX that CMC counts as non-circulating) -- kept un-capped and flagged, the SOL/AERO precedent"
5805,AVAX,2025-11-30,,429000658.8581965,,"metrics.avax.network (official, keyless) validatorWeight+delegatorWeight daily, month-end sample; live-verified vs P-Chain platform.getTotalStake","early months staking_ratio>1 vs CMC circulating (staked includes vesting-locked AVAX that CMC counts as non-circulating) -- kept un-capped and flagged, the SOL/AERO precedent"
5805,AVAX,2025-12-31,182727784.77733555,429687153.9196776,0.42525773253973814,"metrics.avax.network (official, keyless) validatorWeight+delegatorWeight daily, month-end sample; live-verified vs P-Chain platform.getTotalStake","early months staking_ratio>1 vs CMC circulating (staked includes vesting-locked AVAX that CMC counts as non-circulating) -- kept un-capped and flagged, the SOL/AERO precedent"
5805,AVAX,2026-01-31,226325471.15931636,431648358.7585608,0.5243283486823351,"metrics.avax.network (official, keyless) validatorWeight+delegatorWeight daily, month-end sample; live-verified vs P-Chain platform.getTotalStake","early months staking_ratio>1 vs CMC circulating (staked includes vesting-locked AVAX that CMC counts as non-circulating) -- kept un-capped and flagged, the SOL/AERO precedent"
5805,AVAX,2026-02-28,212455606.08213198,431771961.1772119,0.49205512442929095,"metrics.avax.network (official, keyless) validatorWeight+delegatorWeight daily, month-end sample; live-verified vs P-Chain platform.getTotalStake","early months staking_ratio>1 vs CMC circulating (staked includes vesting-locked AVAX that CMC counts as non-circulating) -- kept un-capped and flagged, the SOL/AERO precedent"
5805,AVAX,2026-03-31,199827790.9216161,431771961.1772119,0.4628086325401777,"metrics.avax.network (official, keyless) validatorWeight+delegatorWeight daily, month-end sample; live-verified vs P-Chain platform.getTotalStake","early months staking_ratio>1 vs CMC circulating (staked includes vesting-locked AVAX that CMC counts as non-circulating) -- kept un-capped and flagged, the SOL/AERO precedent"
5805,AVAX,2026-04-30,210134964.30106607,431771961.1772119,0.48668043132800953,"metrics.avax.network (official, keyless) validatorWeight+delegatorWeight daily, month-end sample; live-verified vs P-Chain platform.getTotalStake","early months staking_ratio>1 vs CMC circulating (staked includes vesting-locked AVAX that CMC counts as non-circulating) -- kept un-capped and flagged, the SOL/AERO precedent"
5805,AVAX,2026-05-31,221565888.7303296,431771961.1772119,0.5131548795485413,"metrics.avax.network (official, keyless) validatorWeight+delegatorWeight daily, month-end sample; live-verified vs P-Chain platform.getTotalStake","early months staking_ratio>1 vs CMC circulating (staked includes vesting-locked AVAX that CMC counts as non-circulating) -- kept un-capped and flagged, the SOL/AERO precedent"
3890,MATIC,2019-05-31,,2160114068.0,,eth.drpc.org archive eth_call StakeManager.currentValidatorSetTotalStake() at month-end blocks (chain's own aggregate; drpc==etherscan at head +0.00000%),"MATIC rows 2020-06..2024-08, POL rows 2024-09+ (the Polygon-2.0 listing handoff; no overlap month, one physical stake never enters lambda twice); token balance of StakeManager = 1.03-1.07x stake (unclaimed rewards) recorded as the superset cross-check"
3890,MATIC,2019-06-30,,2172614168.0,,eth.drpc.org archive eth_call StakeManager.currentValidatorSetTotalStake() at month-end blocks (chain's own aggregate; drpc==etherscan at head +0.00000%),"MATIC rows 2020-06..2024-08, POL rows 2024-09+ (the Polygon-2.0 listing handoff; no overlap month, one physical stake never enters lambda twice); token balance of StakeManager = 1.03-1.07x stake (unclaimed rewards) recorded as the superset cross-check"
3890,MATIC,2019-07-31,,2172614178.0,,eth.drpc.org archive eth_call StakeManager.currentValidatorSetTotalStake() at month-end blocks (chain's own aggregate; drpc==etherscan at head +0.00000%),"MATIC rows 2020-06..2024-08, POL rows 2024-09+ (the Polygon-2.0 listing handoff; no overlap month, one physical stake never enters lambda twice); token balance of StakeManager = 1.03-1.07x stake (unclaimed rewards) recorded as the superset cross-check"
3890,MATIC,2019-08-31,,2175190262.0,,eth.drpc.org archive eth_call StakeManager.currentValidatorSetTotalStake() at month-end blocks (chain's own aggregate; drpc==etherscan at head +0.00000%),"MATIC rows 2020-06..2024-08, POL rows 2024-09+ (the Polygon-2.0 listing handoff; no overlap month, one physical stake never enters lambda twice); token balance of StakeManager = 1.03-1.07x stake (unclaimed rewards) recorded as the superset cross-check"
3890,MATIC,2019-09-30,,2192190362.0,,eth.drpc.org archive eth_call StakeManager.currentValidatorSetTotalStake() at month-end blocks (chain's own aggregate; drpc==etherscan at head +0.00000%),"MATIC rows 2020-06..2024-08, POL rows 2024-09+ (the Polygon-2.0 listing handoff; no overlap month, one physical stake never enters lambda twice); token balance of StakeManager = 1.03-1.07x stake (unclaimed rewards) recorded as the superset cross-check"
3890,MATIC,2019-10-31,,2384224035.0,,eth.drpc.org archive eth_call StakeManager.currentValidatorSetTotalStake() at month-end blocks (chain's own aggregate; drpc==etherscan at head +0.00000%),"MATIC rows 2020-06..2024-08, POL rows 2024-09+ (the Polygon-2.0 listing handoff; no overlap month, one physical stake never enters lambda twice); token balance of StakeManager = 1.03-1.07x stake (unclaimed rewards) recorded as the superset cross-check"
3890,MATIC,2019-11-30,,2516576671.0,,eth.drpc.org archive eth_call StakeManager.currentValidatorSetTotalStake() at month-end blocks (chain's own aggregate; drpc==etherscan at head +0.00000%),"MATIC rows 2020-06..2024-08, POL rows 2024-09+ (the Polygon-2.0 listing handoff; no overlap month, one physical stake never enters lambda twice); token balance of StakeManager = 1.03-1.07x stake (unclaimed rewards) recorded as the superset cross-check"
3890,MATIC,2019-12-31,,2549094192.0,,eth.drpc.org archive eth_call StakeManager.currentValidatorSetTotalStake() at month-end blocks (chain's own aggregate; drpc==etherscan at head +0.00000%),"MATIC rows 2020-06..2024-08, POL rows 2024-09+ (the Polygon-2.0 listing handoff; no overlap month, one physical stake never enters lambda twice); token balance of StakeManager = 1.03-1.07x stake (unclaimed rewards) recorded as the superset cross-check"
3890,MATIC,2020-01-31,,2558503686.0,,eth.drpc.org archive eth_call StakeManager.currentValidatorSetTotalStake() at month-end blocks (chain's own aggregate; drpc==etherscan at head +0.00000%),"MATIC rows 2020-06..2024-08, POL rows 2024-09+ (the Polygon-2.0 listing handoff; no overlap month, one physical stake never enters lambda twice); token balance of StakeManager = 1.03-1.07x stake (unclaimed rewards) recorded as the superset cross-check"
3890,MATIC,2020-02-29,,2558503686.0,,eth.drpc.org archive eth_call StakeManager.currentValidatorSetTotalStake() at month-end blocks (chain's own aggregate; drpc==etherscan at head +0.00000%),"MATIC rows 2020-06..2024-08, POL rows 2024-09+ (the Polygon-2.0 listing handoff; no overlap month, one physical stake never enters lambda twice); token balance of StakeManager = 1.03-1.07x stake (unclaimed rewards) recorded as the superset cross-check"
3890,MATIC,2020-03-31,,2758503686.0,,eth.drpc.org archive eth_call StakeManager.currentValidatorSetTotalStake() at month-end blocks (chain's own aggregate; drpc==etherscan at head +0.00000%),"MATIC rows 2020-06..2024-08, POL rows 2024-09+ (the Polygon-2.0 listing handoff; no overlap month, one physical stake never enters lambda twice); token balance of StakeManager = 1.03-1.07x stake (unclaimed rewards) recorded as the superset cross-check"
3890,MATIC,2020-04-30,,3433504398.0,,eth.drpc.org archive eth_call StakeManager.currentValidatorSetTotalStake() at month-end blocks (chain's own aggregate; drpc==etherscan at head +0.00000%),"MATIC rows 2020-06..2024-08, POL rows 2024-09+ (the Polygon-2.0 listing handoff; no overlap month, one physical stake never enters lambda twice); token balance of StakeManager = 1.03-1.07x stake (unclaimed rewards) recorded as the superset cross-check"
3890,MATIC,2020-05-31,,3433504398.0,,eth.drpc.org archive eth_call StakeManager.currentValidatorSetTotalStake() at month-end blocks (chain's own aggregate; drpc==etherscan at head +0.00000%),"MATIC rows 2020-06..2024-08, POL rows 2024-09+ (the Polygon-2.0 listing handoff; no overlap month, one physical stake never enters lambda twice); token balance of StakeManager = 1.03-1.07x stake (unclaimed rewards) recorded as the superset cross-check"
3890,MATIC,2020-06-30,372270161.2728183,3487953714.0,0.10673024695786383,eth.drpc.org archive eth_call StakeManager.currentValidatorSetTotalStake() at month-end blocks (chain's own aggregate; drpc==etherscan at head +0.00000%),"MATIC rows 2020-06..2024-08, POL rows 2024-09+ (the Polygon-2.0 listing handoff; no overlap month, one physical stake never enters lambda twice); token balance of StakeManager = 1.03-1.07x stake (unclaimed rewards) recorded as the superset cross-check"
3890,MATIC,2020-07-31,758262051.6953405,3746869854.0,0.2023721349397423,eth.drpc.org archive eth_call StakeManager.currentValidatorSetTotalStake() at month-end blocks (chain's own aggregate; drpc==etherscan at head +0.00000%),"MATIC rows 2020-06..2024-08, POL rows 2024-09+ (the Polygon-2.0 listing handoff; no overlap month, one physical stake never enters lambda twice); token balance of StakeManager = 1.03-1.07x stake (unclaimed rewards) recorded as the superset cross-check"
3890,MATIC,2020-08-31,927276876.6426395,3783144256.0,0.2451074592706833,eth.drpc.org archive eth_call StakeManager.currentValidatorSetTotalStake() at month-end blocks (chain's own aggregate; drpc==etherscan at head +0.00000%),"MATIC rows 2020-06..2024-08, POL rows 2024-09+ (the Polygon-2.0 listing handoff; no overlap month, one physical stake never enters lambda twice); token balance of StakeManager = 1.03-1.07x stake (unclaimed rewards) recorded as the superset cross-check"
3890,MATIC,2020-09-30,951535409.0781,3844192768.0,0.24752541469796033,eth.drpc.org archive eth_call StakeManager.currentValidatorSetTotalStake() at month-end blocks (chain's own aggregate; drpc==etherscan at head +0.00000%),"MATIC rows 2020-06..2024-08, POL rows 2024-09+ (the Polygon-2.0 listing handoff; no overlap month, one physical stake never enters lambda twice); token balance of StakeManager = 1.03-1.07x stake (unclaimed rewards) recorded as the superset cross-check"
3890,MATIC,2020-10-31,1058977545.088464,4277526101.0,0.2475677576440495,eth.drpc.org archive eth_call StakeManager.currentValidatorSetTotalStake() at month-end blocks (chain's own aggregate; drpc==etherscan at head +0.00000%),"MATIC rows 2020-06..2024-08, POL rows 2024-09+ (the Polygon-2.0 listing handoff; no overlap month, one physical stake never enters lambda twice); token balance of StakeManager = 1.03-1.07x stake (unclaimed rewards) recorded as the superset cross-check"
3890,MATIC,2020-12-31,1148439520.2732472,4812024448.0,0.23866036689621725,eth.drpc.org archive eth_call StakeManager.currentValidatorSetTotalStake() at month-end blocks (chain's own aggregate; drpc==etherscan at head +0.00000%),"MATIC rows 2020-06..2024-08, POL rows 2024-09+ (the Polygon-2.0 listing handoff; no overlap month, one physical stake never enters lambda twice); token balance of StakeManager = 1.03-1.07x stake (unclaimed rewards) recorded as the superset cross-check"
3890,MATIC,2021-01-31,1098925756.0136003,4877830774.0,0.2252898484857524,eth.drpc.org archive eth_call StakeManager.currentValidatorSetTotalStake() at month-end blocks (chain's own aggregate; drpc==etherscan at head +0.00000%),"MATIC rows 2020-06..2024-08, POL rows 2024-09+ (the Polygon-2.0 listing handoff; no overlap month, one physical stake never enters lambda twice); token balance of StakeManager = 1.03-1.07x stake (unclaimed rewards) recorded as the superset cross-check"
3890,MATIC,2021-02-28,1360929661.75106,4966397110.0,0.2740275559138806,eth.drpc.org archive eth_call StakeManager.currentValidatorSetTotalStake() at month-end blocks (chain's own aggregate; drpc==etherscan at head +0.00000%),"MATIC rows 2020-06..2024-08, POL rows 2024-09+ (the Polygon-2.0 listing handoff; no overlap month, one physical stake never enters lambda twice); token balance of StakeManager = 1.03-1.07x stake (unclaimed rewards) recorded as the superset cross-check"
3890,MATIC,2021-03-31,1200916941.652479,5011255458.0,0.2396439278974149,eth.drpc.org archive eth_call StakeManager.currentValidatorSetTotalStake() at month-end blocks (chain's own aggregate; drpc==etherscan at head +0.00000%),"MATIC rows 2020-06..2024-08, POL rows 2024-09+ (the Polygon-2.0 listing handoff; no overlap month, one physical stake never enters lambda twice); token balance of StakeManager = 1.03-1.07x stake (unclaimed rewards) recorded as the superset cross-check"
3890,MATIC,2021-04-30,1371314548.2499318,5188388130.0,0.26430454196762876,eth.drpc.org archive eth_call StakeManager.currentValidatorSetTotalStake() at month-end blocks (chain's own aggregate; drpc==etherscan at head +0.00000%),"MATIC rows 2020-06..2024-08, POL rows 2024-09+ (the Polygon-2.0 listing handoff; no overlap month, one physical stake never enters lambda twice); token balance of StakeManager = 1.03-1.07x stake (unclaimed rewards) recorded as the superset cross-check"
3890,MATIC,2021-05-31,1597964054.1480732,6262089653.0,0.2551806413985995,eth.drpc.org archive eth_call StakeManager.currentValidatorSetTotalStake() at month-end blocks (chain's own aggregate; drpc==etherscan at head +0.00000%),"MATIC rows 2020-06..2024-08, POL rows 2024-09+ (the Polygon-2.0 listing handoff; no overlap month, one physical stake never enters lambda twice); token balance of StakeManager = 1.03-1.07x stake (unclaimed rewards) recorded as the superset cross-check"
3890,MATIC,2021-06-30,1664607412.205796,6303422325.0,0.26407994362107035,eth.drpc.org archive eth_call StakeManager.currentValidatorSetTotalStake() at month-end blocks (chain's own aggregate; drpc==etherscan at head +0.00000%),"MATIC rows 2020-06..2024-08, POL rows 2024-09+ (the Polygon-2.0 listing handoff; no overlap month, one physical stake never enters lambda twice); token balance of StakeManager = 1.03-1.07x stake (unclaimed rewards) recorded as the superset cross-check"
3890,MATIC,2021-07-31,1762558911.425564,6424735804.0,0.2743395160822342,eth.drpc.org archive eth_call StakeManager.currentValidatorSetTotalStake() at month-end blocks (chain's own aggregate; drpc==etherscan at head +0.00000%),"MATIC rows 2020-06..2024-08, POL rows 2024-09+ (the Polygon-2.0 listing handoff; no overlap month, one physical stake never enters lambda twice); token balance of StakeManager = 1.03-1.07x stake (unclaimed rewards) recorded as the superset cross-check"
3890,MATIC,2021-08-31,1809686706.7373166,6491576924.0,0.2787745917400634,eth.drpc.org archive eth_call StakeManager.currentValidatorSetTotalStake() at month-end blocks (chain's own aggregate; drpc==etherscan at head +0.00000%),"MATIC rows 2020-06..2024-08, POL rows 2024-09+ (the Polygon-2.0 listing handoff; no overlap month, one physical stake never enters lambda twice); token balance of StakeManager = 1.03-1.07x stake (unclaimed rewards) recorded as the superset cross-check"
3890,MATIC,2021-09-30,1833495626.1810055,6672300637.1,0.274792118326656,eth.drpc.org archive eth_call StakeManager.currentValidatorSetTotalStake() at month-end blocks (chain's own aggregate; drpc==etherscan at head +0.00000%),"MATIC rows 2020-06..2024-08, POL rows 2024-09+ (the Polygon-2.0 listing handoff; no overlap month, one physical stake never enters lambda twice); token balance of StakeManager = 1.03-1.07x stake (unclaimed rewards) recorded as the superset cross-check"
3890,MATIC,2021-10-31,1845256194.6923676,6783681381.27,0.27201398340835836,eth.drpc.org archive eth_call StakeManager.currentValidatorSetTotalStake() at month-end blocks (chain's own aggregate; drpc==etherscan at head +0.00000%),"MATIC rows 2020-06..2024-08, POL rows 2024-09+ (the Polygon-2.0 listing handoff; no overlap month, one physical stake never enters lambda twice); token balance of StakeManager = 1.03-1.07x stake (unclaimed rewards) recorded as the superset cross-check"
3890,MATIC,2021-11-30,1941268855.8499215,7021682963.27,0.2764677451267141,eth.drpc.org archive eth_call StakeManager.currentValidatorSetTotalStake() at month-end blocks (chain's own aggregate; drpc==etherscan at head +0.00000%),"MATIC rows 2020-06..2024-08, POL rows 2024-09+ (the Polygon-2.0 listing handoff; no overlap month, one physical stake never enters lambda twice); token balance of StakeManager = 1.03-1.07x stake (unclaimed rewards) recorded as the superset cross-check"
3890,MATIC,2021-12-31,2176551515.695599,7162892403.27,0.3038648904878092,eth.drpc.org archive eth_call StakeManager.currentValidatorSetTotalStake() at month-end blocks (chain's own aggregate; drpc==etherscan at head +0.00000%),"MATIC rows 2020-06..2024-08, POL rows 2024-09+ (the Polygon-2.0 listing handoff; no overlap month, one physical stake never enters lambda twice); token balance of StakeManager = 1.03-1.07x stake (unclaimed rewards) recorded as the superset cross-check"
3890,MATIC,2022-01-31,2348583421.8762875,7461070291.27,0.31477835353250894,eth.drpc.org archive eth_call StakeManager.currentValidatorSetTotalStake() at month-end blocks (chain's own aggregate; drpc==etherscan at head +0.00000%),"MATIC rows 2020-06..2024-08, POL rows 2024-09+ (the Polygon-2.0 listing handoff; no overlap month, one physical stake never enters lambda twice); token balance of StakeManager = 1.03-1.07x stake (unclaimed rewards) recorded as the superset cross-check"
3890,MATIC,2022-02-28,2615131755.9889894,7557850959.52,0.3460152588342489,eth.drpc.org archive eth_call StakeManager.currentValidatorSetTotalStake() at month-end blocks (chain's own aggregate; drpc==etherscan at head +0.00000%),"MATIC rows 2020-06..2024-08, POL rows 2024-09+ (the Polygon-2.0 listing handoff; no overlap month, one physical stake never enters lambda twice); token balance of StakeManager = 1.03-1.07x stake (unclaimed rewards) recorded as the superset cross-check"
3890,MATIC,2022-03-31,2693238111.6596594,7701069510.62,0.3497226077424188,eth.drpc.org archive eth_call StakeManager.currentValidatorSetTotalStake() at month-end blocks (chain's own aggregate; drpc==etherscan at head +0.00000%),"MATIC rows 2020-06..2024-08, POL rows 2024-09+ (the Polygon-2.0 listing handoff; no overlap month, one physical stake never enters lambda twice); token balance of StakeManager = 1.03-1.07x stake (unclaimed rewards) recorded as the superset cross-check"
3890,MATIC,2022-04-30,2782772648.478442,7848866566.62,0.3545445224299185,eth.drpc.org archive eth_call StakeManager.currentValidatorSetTotalStake() at month-end blocks (chain's own aggregate; drpc==etherscan at head +0.00000%),"MATIC rows 2020-06..2024-08, POL rows 2024-09+ (the Polygon-2.0 listing handoff; no overlap month, one physical stake never enters lambda twice); token balance of StakeManager = 1.03-1.07x stake (unclaimed rewards) recorded as the superset cross-check"
3890,MATIC,2022-05-31,2778003668.8735185,7956181044.62,0.34916295309192535,eth.drpc.org archive eth_call StakeManager.currentValidatorSetTotalStake() at month-end blocks (chain's own aggregate; drpc==etherscan at head +0.00000%),"MATIC rows 2020-06..2024-08, POL rows 2024-09+ (the Polygon-2.0 listing handoff; no overlap month, one physical stake never enters lambda twice); token balance of StakeManager = 1.03-1.07x stake (unclaimed rewards) recorded as the superset cross-check"
3890,MATIC,2022-06-30,2457240737.1291904,8006803852.62,0.3068940843761432,eth.drpc.org archive eth_call StakeManager.currentValidatorSetTotalStake() at month-end blocks (chain's own aggregate; drpc==etherscan at head +0.00000%),"MATIC rows 2020-06..2024-08, POL rows 2024-09+ (the Polygon-2.0 listing handoff; no overlap month, one physical stake never enters lambda twice); token balance of StakeManager = 1.03-1.07x stake (unclaimed rewards) recorded as the superset cross-check"
3890,MATIC,2022-07-31,2595405421.864826,8034803942.62,0.3230203798872674,eth.drpc.org archive eth_call StakeManager.currentValidatorSetTotalStake() at month-end blocks (chain's own aggregate; drpc==etherscan at head +0.00000%),"MATIC rows 2020-06..2024-08, POL rows 2024-09+ (the Polygon-2.0 listing handoff; no overlap month, one physical stake never enters lambda twice); token balance of StakeManager = 1.03-1.07x stake (unclaimed rewards) recorded as the superset cross-check"
3890,MATIC,2022-08-31,2999501527.2075543,8682124704.28493,0.34548012489698476,eth.drpc.org archive eth_call StakeManager.currentValidatorSetTotalStake() at month-end blocks (chain's own aggregate; drpc==etherscan at head +0.00000%),"MATIC rows 2020-06..2024-08, POL rows 2024-09+ (the Polygon-2.0 listing handoff; no overlap month, one physical stake never enters lambda twice); token balance of StakeManager = 1.03-1.07x stake (unclaimed rewards) recorded as the superset cross-check"
3890,MATIC,2022-09-30,3164328462.589871,8734317475.28493,0.3622868611707573,eth.drpc.org archive eth_call StakeManager.currentValidatorSetTotalStake() at month-end blocks (chain's own aggregate; drpc==etherscan at head +0.00000%),"MATIC rows 2020-06..2024-08, POL rows 2024-09+ (the Polygon-2.0 listing handoff; no overlap month, one physical stake never enters lambda twice); token balance of StakeManager = 1.03-1.07x stake (unclaimed rewards) recorded as the superset cross-check"
3890,MATIC,2022-10-31,3423783544.7983985,8734317475.28493,0.39199211094473163,eth.drpc.org archive eth_call StakeManager.currentValidatorSetTotalStake() at month-end blocks (chain's own aggregate; drpc==etherscan at head +0.00000%),"MATIC rows 2020-06..2024-08, POL rows 2024-09+ (the Polygon-2.0 listing handoff; no overlap month, one physical stake never enters lambda twice); token balance of StakeManager = 1.03-1.07x stake (unclaimed rewards) recorded as the superset cross-check"
3890,MATIC,2022-11-30,3303275193.504123,8734317475.28493,0.37819499953502256,eth.drpc.org archive eth_call StakeManager.currentValidatorSetTotalStake() at month-end blocks (chain's own aggregate; drpc==etherscan at head +0.00000%),"MATIC rows 2020-06..2024-08, POL rows 2024-09+ (the Polygon-2.0 listing handoff; no overlap month, one physical stake never enters lambda twice); token balance of StakeManager = 1.03-1.07x stake (unclaimed rewards) recorded as the superset cross-check"
3890,MATIC,2022-12-31,3389418262.4406505,8734317475.28493,0.38805759832196635,eth.drpc.org archive eth_call StakeManager.currentValidatorSetTotalStake() at month-end blocks (chain's own aggregate; drpc==etherscan at head +0.00000%),"MATIC rows 2020-06..2024-08, POL rows 2024-09+ (the Polygon-2.0 listing handoff; no overlap month, one physical stake never enters lambda twice); token balance of StakeManager = 1.03-1.07x stake (unclaimed rewards) recorded as the superset cross-check"
3890,MATIC,2023-01-31,3563587475.1892514,8734317475.28493,0.4079983908614452,eth.drpc.org archive eth_call StakeManager.currentValidatorSetTotalStake() at month-end blocks (chain's own aggregate; drpc==etherscan at head +0.00000%),"MATIC rows 2020-06..2024-08, POL rows 2024-09+ (the Polygon-2.0 listing handoff; no overlap month, one physical stake never enters lambda twice); token balance of StakeManager = 1.03-1.07x stake (unclaimed rewards) recorded as the superset cross-check"
3890,MATIC,2023-02-28,3603347162.4099307,8734317475.28493,0.4125505138330666,eth.drpc.org archive eth_call StakeManager.currentValidatorSetTotalStake() at month-end blocks (chain's own aggregate; drpc==etherscan at head +0.00000%),"MATIC rows 2020-06..2024-08, POL rows 2024-09+ (the Polygon-2.0 listing handoff; no overlap month, one physical stake never enters lambda twice); token balance of StakeManager = 1.03-1.07x stake (unclaimed rewards) recorded as the superset cross-check"
3890,MATIC,2023-03-31,3622860662.883288,9249469069.28493,0.3916830939965908,eth.drpc.org archive eth_call StakeManager.currentValidatorSetTotalStake() at month-end blocks (chain's own aggregate; drpc==etherscan at head +0.00000%),"MATIC rows 2020-06..2024-08, POL rows 2024-09+ (the Polygon-2.0 listing handoff; no overlap month, one physical stake never enters lambda twice); token balance of StakeManager = 1.03-1.07x stake (unclaimed rewards) recorded as the superset cross-check"
3890,MATIC,2023-04-30,3574040346.8196173,9249469069.28493,0.3864049190334688,eth.drpc.org archive eth_call StakeManager.currentValidatorSetTotalStake() at month-end blocks (chain's own aggregate; drpc==etherscan at head +0.00000%),"MATIC rows 2020-06..2024-08, POL rows 2024-09+ (the Polygon-2.0 listing handoff; no overlap month, one physical stake never enters lambda twice); token balance of StakeManager = 1.03-1.07x stake (unclaimed rewards) recorded as the superset cross-check"
3890,MATIC,2023-05-31,3547178411.9626684,9279469069.28493,0.38226092306335063,eth.drpc.org archive eth_call StakeManager.currentValidatorSetTotalStake() at month-end blocks (chain's own aggregate; drpc==etherscan at head +0.00000%),"MATIC rows 2020-06..2024-08, POL rows 2024-09+ (the Polygon-2.0 listing handoff; no overlap month, one physical stake never enters lambda twice); token balance of StakeManager = 1.03-1.07x stake (unclaimed rewards) recorded as the superset cross-check"
3890,MATIC,2023-06-30,3599255138.436066,9319469069.28493,0.38620817470154795,eth.drpc.org archive eth_call StakeManager.currentValidatorSetTotalStake() at month-end blocks (chain's own aggregate; drpc==etherscan at head +0.00000%),"MATIC rows 2020-06..2024-08, POL rows 2024-09+ (the Polygon-2.0 listing handoff; no overlap month, one physical stake never enters lambda twice); token balance of StakeManager = 1.03-1.07x stake (unclaimed rewards) recorded as the superset cross-check"
3890,MATIC,2023-07-31,3588619534.501696,9319469069.28493,0.3850669504692123,eth.drpc.org archive eth_call StakeManager.currentValidatorSetTotalStake() at month-end blocks (chain's own aggregate; drpc==etherscan at head +0.00000%),"MATIC rows 2020-06..2024-08, POL rows 2024-09+ (the Polygon-2.0 listing handoff; no overlap month, one physical stake never enters lambda twice); token balance of StakeManager = 1.03-1.07x stake (unclaimed rewards) recorded as the superset cross-check"
3890,MATIC,2023-08-31,3692773369.819464,9319469069.28493,0.39624289134561247,eth.drpc.org archive eth_call StakeManager.currentValidatorSetTotalStake() at month-end blocks (chain's own aggregate; drpc==etherscan at head +0.00000%),"MATIC rows 2020-06..2024-08, POL rows 2024-09+ (the Polygon-2.0 listing handoff; no overlap month, one physical stake never enters lambda twice); token balance of StakeManager = 1.03-1.07x stake (unclaimed rewards) recorded as the superset cross-check"
3890,MATIC,2023-09-30,3631194056.4814334,9299803030.71938,0.39045924354384365,eth.drpc.org archive eth_call StakeManager.currentValidatorSetTotalStake() at month-end blocks (chain's own aggregate; drpc==etherscan at head +0.00000%),"MATIC rows 2020-06..2024-08, POL rows 2024-09+ (the Polygon-2.0 listing handoff; no overlap month, one physical stake never enters lambda twice); token balance of StakeManager = 1.03-1.07x stake (unclaimed rewards) recorded as the superset cross-check"
3890,MATIC,2023-10-31,3558205150.043843,9244239657.670462,0.3849105261016682,eth.drpc.org archive eth_call StakeManager.currentValidatorSetTotalStake() at month-end blocks (chain's own aggregate; drpc==etherscan at head +0.00000%),"MATIC rows 2020-06..2024-08, POL rows 2024-09+ (the Polygon-2.0 listing handoff; no overlap month, one physical stake never enters lambda twice); token balance of StakeManager = 1.03-1.07x stake (unclaimed rewards) recorded as the superset cross-check"
3890,MATIC,2023-11-30,3503026468.2126827,9275286490.441471,0.3776731286761527,eth.drpc.org archive eth_call StakeManager.currentValidatorSetTotalStake() at month-end blocks (chain's own aggregate; drpc==etherscan at head +0.00000%),"MATIC rows 2020-06..2024-08, POL rows 2024-09+ (the Polygon-2.0 listing handoff; no overlap month, one physical stake never enters lambda twice); token balance of StakeManager = 1.03-1.07x stake (unclaimed rewards) recorded as the superset cross-check"
3890,MATIC,2023-12-31,3431311438.9494076,9555271694.27879,0.3591013995974497,eth.drpc.org archive eth_call StakeManager.currentValidatorSetTotalStake() at month-end blocks (chain's own aggregate; drpc==etherscan at head +0.00000%),"MATIC rows 2020-06..2024-08, POL rows 2024-09+ (the Polygon-2.0 listing handoff; no overlap month, one physical stake never enters lambda twice); token balance of StakeManager = 1.03-1.07x stake (unclaimed rewards) recorded as the superset cross-check"
3890,MATIC,2024-01-31,3603042090.8573475,9610774611.30639,0.3748961178028903,eth.drpc.org archive eth_call StakeManager.currentValidatorSetTotalStake() at month-end blocks (chain's own aggregate; drpc==etherscan at head +0.00000%),"MATIC rows 2020-06..2024-08, POL rows 2024-09+ (the Polygon-2.0 listing handoff; no overlap month, one physical stake never enters lambda twice); token balance of StakeManager = 1.03-1.07x stake (unclaimed rewards) recorded as the superset cross-check"
3890,MATIC,2024-02-29,3628667500.731715,9899153816.950092,0.36656340206760213,eth.drpc.org archive eth_call StakeManager.currentValidatorSetTotalStake() at month-end blocks (chain's own aggregate; drpc==etherscan at head +0.00000%),"MATIC rows 2020-06..2024-08, POL rows 2024-09+ (the Polygon-2.0 listing handoff; no overlap month, one physical stake never enters lambda twice); token balance of StakeManager = 1.03-1.07x stake (unclaimed rewards) recorded as the superset cross-check"
3890,MATIC,2024-03-31,3586977541.7846646,9906644845.551468,0.3620779383643071,eth.drpc.org archive eth_call StakeManager.currentValidatorSetTotalStake() at month-end blocks (chain's own aggregate; drpc==etherscan at head +0.00000%),"MATIC rows 2020-06..2024-08, POL rows 2024-09+ (the Polygon-2.0 listing handoff; no overlap month, one physical stake never enters lambda twice); token balance of StakeManager = 1.03-1.07x stake (unclaimed rewards) recorded as the superset cross-check"
3890,MATIC,2024-04-30,3648671244.2406664,9899022573.210548,0.36858904172165086,eth.drpc.org archive eth_call StakeManager.currentValidatorSetTotalStake() at month-end blocks (chain's own aggregate; drpc==etherscan at head +0.00000%),"MATIC rows 2020-06..2024-08, POL rows 2024-09+ (the Polygon-2.0 listing handoff; no overlap month, one physical stake never enters lambda twice); token balance of StakeManager = 1.03-1.07x stake (unclaimed rewards) recorded as the superset cross-check"
3890,MATIC,2024-05-31,3614663865.914782,9907381949.105284,0.364845514635803,eth.drpc.org archive eth_call StakeManager.currentValidatorSetTotalStake() at month-end blocks (chain's own aggregate; drpc==etherscan at head +0.00000%),"MATIC rows 2020-06..2024-08, POL rows 2024-09+ (the Polygon-2.0 listing handoff; no overlap month, one physical stake never enters lambda twice); token balance of StakeManager = 1.03-1.07x stake (unclaimed rewards) recorded as the superset cross-check"
3890,MATIC,2024-06-30,3678863174.5024943,9884442700.835203,0.3721872123545865,eth.drpc.org archive eth_call StakeManager.currentValidatorSetTotalStake() at month-end blocks (chain's own aggregate; drpc==etherscan at head +0.00000%),"MATIC rows 2020-06..2024-08, POL rows 2024-09+ (the Polygon-2.0 listing handoff; no overlap month, one physical stake never enters lambda twice); token balance of StakeManager = 1.03-1.07x stake (unclaimed rewards) recorded as the superset cross-check"
3890,MATIC,2024-07-31,3591480899.0613647,9905760224.652872,0.3625648933156184,eth.drpc.org archive eth_call StakeManager.currentValidatorSetTotalStake() at month-end blocks (chain's own aggregate; drpc==etherscan at head +0.00000%),"MATIC rows 2020-06..2024-08, POL rows 2024-09+ (the Polygon-2.0 listing handoff; no overlap month, one physical stake never enters lambda twice); token balance of StakeManager = 1.03-1.07x stake (unclaimed rewards) recorded as the superset cross-check"
3890,MATIC,2024-08-31,3465500979.278446,9985810328.347006,0.34704253989692047,eth.drpc.org archive eth_call StakeManager.currentValidatorSetTotalStake() at month-end blocks (chain's own aggregate; drpc==etherscan at head +0.00000%),"MATIC rows 2020-06..2024-08, POL rows 2024-09+ (the Polygon-2.0 listing handoff; no overlap month, one physical stake never enters lambda twice); token balance of StakeManager = 1.03-1.07x stake (unclaimed rewards) recorded as the superset cross-check"
3890,MATIC,2024-09-30,,2880723463.817472,,eth.drpc.org archive eth_call StakeManager.currentValidatorSetTotalStake() at month-end blocks (chain's own aggregate; drpc==etherscan at head +0.00000%),"MATIC rows 2020-06..2024-08, POL rows 2024-09+ (the Polygon-2.0 listing handoff; no overlap month, one physical stake never enters lambda twice); token balance of StakeManager = 1.03-1.07x stake (unclaimed rewards) recorded as the superset cross-check"
3890,MATIC,2024-10-31,,2621283943.443453,,eth.drpc.org archive eth_call StakeManager.currentValidatorSetTotalStake() at month-end blocks (chain's own aggregate; drpc==etherscan at head +0.00000%),"MATIC rows 2020-06..2024-08, POL rows 2024-09+ (the Polygon-2.0 listing handoff; no overlap month, one physical stake never enters lambda twice); token balance of StakeManager = 1.03-1.07x stake (unclaimed rewards) recorded as the superset cross-check"
3890,MATIC,2024-11-30,,2240190183.685776,,eth.drpc.org archive eth_call StakeManager.currentValidatorSetTotalStake() at month-end blocks (chain's own aggregate; drpc==etherscan at head +0.00000%),"MATIC rows 2020-06..2024-08, POL rows 2024-09+ (the Polygon-2.0 listing handoff; no overlap month, one physical stake never enters lambda twice); token balance of StakeManager = 1.03-1.07x stake (unclaimed rewards) recorded as the superset cross-check"
3890,MATIC,2024-12-31,,1913783718.0,,eth.drpc.org archive eth_call StakeManager.currentValidatorSetTotalStake() at month-end blocks (chain's own aggregate; drpc==etherscan at head +0.00000%),"MATIC rows 2020-06..2024-08, POL rows 2024-09+ (the Polygon-2.0 listing handoff; no overlap month, one physical stake never enters lambda twice); token balance of StakeManager = 1.03-1.07x stake (unclaimed rewards) recorded as the superset cross-check"
3890,MATIC,2025-01-31,,1913783718.0,,eth.drpc.org archive eth_call StakeManager.currentValidatorSetTotalStake() at month-end blocks (chain's own aggregate; drpc==etherscan at head +0.00000%),"MATIC rows 2020-06..2024-08, POL rows 2024-09+ (the Polygon-2.0 listing handoff; no overlap month, one physical stake never enters lambda twice); token balance of StakeManager = 1.03-1.07x stake (unclaimed rewards) recorded as the superset cross-check"
3890,MATIC,2025-02-28,,1913783718.0,,eth.drpc.org archive eth_call StakeManager.currentValidatorSetTotalStake() at month-end blocks (chain's own aggregate; drpc==etherscan at head +0.00000%),"MATIC rows 2020-06..2024-08, POL rows 2024-09+ (the Polygon-2.0 listing handoff; no overlap month, one physical stake never enters lambda twice); token balance of StakeManager = 1.03-1.07x stake (unclaimed rewards) recorded as the superset cross-check"
28321,POL,2024-09-30,3473999825.3727746,7383318859.34905,0.47052008609568025,eth.drpc.org archive eth_call StakeManager.currentValidatorSetTotalStake() at month-end blocks (chain's own aggregate; drpc==etherscan at head +0.00000%),"MATIC rows 2020-06..2024-08, POL rows 2024-09+ (the Polygon-2.0 listing handoff; no overlap month, one physical stake never enters lambda twice); token balance of StakeManager = 1.03-1.07x stake (unclaimed rewards) recorded as the superset cross-check"
28321,POL,2024-10-31,3315954539.9904146,7668481676.618186,0.4324134398209525,eth.drpc.org archive eth_call StakeManager.currentValidatorSetTotalStake() at month-end blocks (chain's own aggregate; drpc==etherscan at head +0.00000%),"MATIC rows 2020-06..2024-08, POL rows 2024-09+ (the Polygon-2.0 listing handoff; no overlap month, one physical stake never enters lambda twice); token balance of StakeManager = 1.03-1.07x stake (unclaimed rewards) recorded as the superset cross-check"
28321,POL,2024-11-30,3496085887.5991044,8065610096.110573,0.4334558509448652,eth.drpc.org archive eth_call StakeManager.currentValidatorSetTotalStake() at month-end blocks (chain's own aggregate; drpc==etherscan at head +0.00000%),"MATIC rows 2020-06..2024-08, POL rows 2024-09+ (the Polygon-2.0 listing handoff; no overlap month, one physical stake never enters lambda twice); token balance of StakeManager = 1.03-1.07x stake (unclaimed rewards) recorded as the superset cross-check"
28321,POL,2024-12-31,3398080646.0601244,8395474448.299688,0.40475147259227595,eth.drpc.org archive eth_call StakeManager.currentValidatorSetTotalStake() at month-end blocks (chain's own aggregate; drpc==etherscan at head +0.00000%),"MATIC rows 2020-06..2024-08, POL rows 2024-09+ (the Polygon-2.0 listing handoff; no overlap month, one physical stake never enters lambda twice); token balance of StakeManager = 1.03-1.07x stake (unclaimed rewards) recorded as the superset cross-check"
28321,POL,2025-01-31,3455924297.736139,8571777447.370594,0.40317475797230934,eth.drpc.org archive eth_call StakeManager.currentValidatorSetTotalStake() at month-end blocks (chain's own aggregate; drpc==etherscan at head +0.00000%),"MATIC rows 2020-06..2024-08, POL rows 2024-09+ (the Polygon-2.0 listing handoff; no overlap month, one physical stake never enters lambda twice); token balance of StakeManager = 1.03-1.07x stake (unclaimed rewards) recorded as the superset cross-check"
28321,POL,2025-02-28,3451037989.485622,8584831742.561356,0.40199250177219853,eth.drpc.org archive eth_call StakeManager.currentValidatorSetTotalStake() at month-end blocks (chain's own aggregate; drpc==etherscan at head +0.00000%),"MATIC rows 2020-06..2024-08, POL rows 2024-09+ (the Polygon-2.0 listing handoff; no overlap month, one physical stake never enters lambda twice); token balance of StakeManager = 1.03-1.07x stake (unclaimed rewards) recorded as the superset cross-check"
28321,POL,2025-03-31,3333586475.026779,10392099602.653427,0.32078084337987006,eth.drpc.org archive eth_call StakeManager.currentValidatorSetTotalStake() at month-end blocks (chain's own aggregate; drpc==etherscan at head +0.00000%),"MATIC rows 2020-06..2024-08, POL rows 2024-09+ (the Polygon-2.0 listing handoff; no overlap month, one physical stake never enters lambda twice); token balance of StakeManager = 1.03-1.07x stake (unclaimed rewards) recorded as the superset cross-check"
28321,POL,2025-04-30,3356970745.2775135,10412545028.432364,0.3223967566153147,eth.drpc.org archive eth_call StakeManager.currentValidatorSetTotalStake() at month-end blocks (chain's own aggregate; drpc==etherscan at head +0.00000%),"MATIC rows 2020-06..2024-08, POL rows 2024-09+ (the Polygon-2.0 listing handoff; no overlap month, one physical stake never enters lambda twice); token balance of StakeManager = 1.03-1.07x stake (unclaimed rewards) recorded as the superset cross-check"
28321,POL,2025-05-31,3446094783.9953675,10433733272.166595,0.3302839639564388,eth.drpc.org archive eth_call StakeManager.currentValidatorSetTotalStake() at month-end blocks (chain's own aggregate; drpc==etherscan at head +0.00000%),"MATIC rows 2020-06..2024-08, POL rows 2024-09+ (the Polygon-2.0 listing handoff; no overlap month, one physical stake never enters lambda twice); token balance of StakeManager = 1.03-1.07x stake (unclaimed rewards) recorded as the superset cross-check"
28321,POL,2025-06-30,3694604007.770367,10458909885.585976,0.353249434997247,eth.drpc.org archive eth_call StakeManager.currentValidatorSetTotalStake() at month-end blocks (chain's own aggregate; drpc==etherscan at head +0.00000%),"MATIC rows 2020-06..2024-08, POL rows 2024-09+ (the Polygon-2.0 listing handoff; no overlap month, one physical stake never enters lambda twice); token balance of StakeManager = 1.03-1.07x stake (unclaimed rewards) recorded as the superset cross-check"
28321,POL,2025-07-31,3415599008.096156,10474093471.368378,0.32609972571210294,eth.drpc.org archive eth_call StakeManager.currentValidatorSetTotalStake() at month-end blocks (chain's own aggregate; drpc==etherscan at head +0.00000%),"MATIC rows 2020-06..2024-08, POL rows 2024-09+ (the Polygon-2.0 listing handoff; no overlap month, one physical stake never enters lambda twice); token balance of StakeManager = 1.03-1.07x stake (unclaimed rewards) recorded as the superset cross-check"
28321,POL,2025-08-31,3419706988.9120126,10496230782.905376,0.3258033345152336,eth.drpc.org archive eth_call StakeManager.currentValidatorSetTotalStake() at month-end blocks (chain's own aggregate; drpc==etherscan at head +0.00000%),"MATIC rows 2020-06..2024-08, POL rows 2024-09+ (the Polygon-2.0 listing handoff; no overlap month, one physical stake never enters lambda twice); token balance of StakeManager = 1.03-1.07x stake (unclaimed rewards) recorded as the superset cross-check"
28321,POL,2025-09-30,3428381110.856554,10512420827.645971,0.3261266997455491,eth.drpc.org archive eth_call StakeManager.currentValidatorSetTotalStake() at month-end blocks (chain's own aggregate; drpc==etherscan at head +0.00000%),"MATIC rows 2020-06..2024-08, POL rows 2024-09+ (the Polygon-2.0 listing handoff; no overlap month, one physical stake never enters lambda twice); token balance of StakeManager = 1.03-1.07x stake (unclaimed rewards) recorded as the superset cross-check"
28321,POL,2025-10-31,3452493475.8847795,10529931003.232422,0.32787427332856706,eth.drpc.org archive eth_call StakeManager.currentValidatorSetTotalStake() at month-end blocks (chain's own aggregate; drpc==etherscan at head +0.00000%),"MATIC rows 2020-06..2024-08, POL rows 2024-09+ (the Polygon-2.0 listing handoff; no overlap month, one physical stake never enters lambda twice); token balance of StakeManager = 1.03-1.07x stake (unclaimed rewards) recorded as the superset cross-check"
28321,POL,2025-11-30,3397612243.7665076,10546973461.492031,0.3221409683234249,eth.drpc.org archive eth_call StakeManager.currentValidatorSetTotalStake() at month-end blocks (chain's own aggregate; drpc==etherscan at head +0.00000%),"MATIC rows 2020-06..2024-08, POL rows 2024-09+ (the Polygon-2.0 listing handoff; no overlap month, one physical stake never enters lambda twice); token balance of StakeManager = 1.03-1.07x stake (unclaimed rewards) recorded as the superset cross-check"
28321,POL,2025-12-31,3472443564.4173346,10564209316.252497,0.3286988605077294,eth.drpc.org archive eth_call StakeManager.currentValidatorSetTotalStake() at month-end blocks (chain's own aggregate; drpc==etherscan at head +0.00000%),"MATIC rows 2020-06..2024-08, POL rows 2024-09+ (the Polygon-2.0 listing handoff; no overlap month, one physical stake never enters lambda twice); token balance of StakeManager = 1.03-1.07x stake (unclaimed rewards) recorded as the superset cross-check"
28321,POL,2026-01-31,3515576081.5546017,10583877990.030664,0.3321633228260992,eth.drpc.org archive eth_call StakeManager.currentValidatorSetTotalStake() at month-end blocks (chain's own aggregate; drpc==etherscan at head +0.00000%),"MATIC rows 2020-06..2024-08, POL rows 2024-09+ (the Polygon-2.0 listing handoff; no overlap month, one physical stake never enters lambda twice); token balance of StakeManager = 1.03-1.07x stake (unclaimed rewards) recorded as the superset cross-check"
28321,POL,2026-02-28,3336667508.0206504,10600201629.818388,0.3147739660568907,eth.drpc.org archive eth_call StakeManager.currentValidatorSetTotalStake() at month-end blocks (chain's own aggregate; drpc==etherscan at head +0.00000%),"MATIC rows 2020-06..2024-08, POL rows 2024-09+ (the Polygon-2.0 listing handoff; no overlap month, one physical stake never enters lambda twice); token balance of StakeManager = 1.03-1.07x stake (unclaimed rewards) recorded as the superset cross-check"
28321,POL,2026-03-31,3552471137.5421085,10618044679.563364,0.3345692398883552,eth.drpc.org archive eth_call StakeManager.currentValidatorSetTotalStake() at month-end blocks (chain's own aggregate; drpc==etherscan at head +0.00000%),"MATIC rows 2020-06..2024-08, POL rows 2024-09+ (the Polygon-2.0 listing handoff; no overlap month, one physical stake never enters lambda twice); token balance of StakeManager = 1.03-1.07x stake (unclaimed rewards) recorded as the superset cross-check"
28321,POL,2026-04-30,3600492865.870592,10635340821.179964,0.33854043104103615,eth.drpc.org archive eth_call StakeManager.currentValidatorSetTotalStake() at month-end blocks (chain's own aggregate; drpc==etherscan at head +0.00000%),"MATIC rows 2020-06..2024-08, POL rows 2024-09+ (the Polygon-2.0 listing handoff; no overlap month, one physical stake never enters lambda twice); token balance of StakeManager = 1.03-1.07x stake (unclaimed rewards) recorded as the superset cross-check"
28321,POL,2026-05-31,3587255145.175193,10653243100.106607,0.336728929535016,eth.drpc.org archive eth_call StakeManager.currentValidatorSetTotalStake() at month-end blocks (chain's own aggregate; drpc==etherscan at head +0.00000%),"MATIC rows 2020-06..2024-08, POL rows 2024-09+ (the Polygon-2.0 listing handoff; no overlap month, one physical stake never enters lambda twice); token balance of StakeManager = 1.03-1.07x stake (unclaimed rewards) recorded as the superset cross-check"
